GPU_ID,Power_Usage_W,Timestamp
0,72.253,1742510664.8633485
1,70.49,1742510664.8633485
2,73.941,1742510664.8633485
3,70.709,1742510664.8633485
4,71.509,1742510664.8633485
5,71.831,1742510664.8633485
6,70.128,1742510664.8633485
7,74.69,1742510664.8633485
0,72.154,1742510664.9242022
1,70.49,1742510664.9242022
2,73.941,1742510664.9242022
3,70.709,1742510664.9242022
4,71.509,1742510664.9242022
5,71.831,1742510664.9242022
6,70.128,1742510664.9242022
7,74.69,1742510664.9242022
0,72.154,1742510664.9743237
1,70.504,1742510664.9743237
2,73.754,1742510664.9743237
3,70.668,1742510664.9743237
4,71.519,1742510664.9743237
5,71.68,1742510664.9743237
6,70.128,1742510664.9743237
7,74.536,1742510664.9743237
0,72.087,1742510665.0244577
1,70.504,1742510665.0244577
2,73.754,1742510665.0244577
3,70.668,1742510665.0244577
4,71.519,1742510665.0244577
5,71.68,1742510665.0244577
6,70.033,1742510665.0244577
7,74.536,1742510665.0244577
0,72.087,1742510665.0745807
1,70.282,1742510665.0745807
2,73.598,1742510665.0745807
3,70.654,1742510665.0745807
4,71.504,1742510665.0745807
5,71.523,1742510665.0745807
6,70.033,1742510665.0745807
7,74.337,1742510665.0745807
0,72.012,1742510665.1247146
1,70.282,1742510665.1247146
2,73.598,1742510665.1247146
3,70.654,1742510665.1247146
4,71.504,1742510665.1247146
5,71.523,1742510665.1247146
6,69.952,1742510665.1247146
7,74.337,1742510665.1247146
0,72.012,1742510665.1748512
1,70.302,1742510665.1748512
2,73.428,1742510665.1748512
3,70.648,1742510665.1748512
4,71.518,1742510665.1748512
5,71.428,1742510665.1748512
6,69.952,1742510665.1748512
7,74.159,1742510665.1748512
0,71.957,1742510665.2249863
1,70.302,1742510665.2249863
2,73.428,1742510665.2249863
3,70.648,1742510665.2249863
4,71.518,1742510665.2249863
5,71.428,1742510665.2249863
6,69.862,1742510665.2249863
7,74.159,1742510665.2249863
0,71.957,1742510665.275123
1,70.162,1742510665.275123
2,73.3,1742510665.275123
3,70.641,1742510665.275123
4,71.518,1742510665.275123
5,71.293,1742510665.275123
6,69.862,1742510665.275123
7,74.015,1742510665.275123
0,71.896,1742510665.325258
1,70.162,1742510665.325258
2,73.3,1742510665.325258
3,70.641,1742510665.325258
4,71.505,1742510665.325258
5,71.293,1742510665.325258
6,69.758,1742510665.325258
7,74.015,1742510665.325258
0,71.896,1742510665.3753922
1,70.162,1742510665.3753922
2,73.165,1742510665.3753922
3,70.628,1742510665.3753922
4,71.505,1742510665.3753922
5,71.216,1742510665.3753922
6,69.758,1742510665.3753922
7,73.893,1742510665.3753922
0,71.885,1742510665.4255278
1,70.127,1742510665.4255278
2,73.165,1742510665.4255278
3,70.628,1742510665.4255278
4,71.482,1742510665.4255278
5,71.216,1742510665.4255278
6,69.697,1742510665.4255278
7,73.893,1742510665.4255278
0,71.885,1742510665.4756627
1,70.127,1742510665.4756627
2,73.056,1742510665.4756627
3,70.636,1742510665.4756627
4,71.482,1742510665.4756627
5,71.114,1742510665.4756627
6,69.697,1742510665.4756627
7,73.778,1742510665.4756627
0,71.858,1742510665.5258133
1,70.077,1742510665.5258133
2,73.056,1742510665.5258133
3,70.636,1742510665.5258133
4,71.477,1742510665.5258133
5,71.114,1742510665.5258133
6,69.598,1742510665.5258133
7,73.778,1742510665.5258133
0,71.858,1742510665.5759704
1,70.077,1742510665.5759704
2,72.949,1742510665.5759704
3,70.617,1742510665.5759704
4,71.477,1742510665.5759704
5,71.052,1742510665.5759704
6,69.598,1742510665.5759704
7,73.62,1742510665.5759704
0,71.831,1742510665.6261022
1,69.981,1742510665.6261022
2,72.949,1742510665.6261022
3,70.617,1742510665.6261022
4,71.488,1742510665.6261022
5,71.052,1742510665.6261022
6,69.54,1742510665.6261022
7,73.62,1742510665.6261022
0,71.831,1742510665.6762407
1,69.981,1742510665.6762407
2,72.843,1742510665.6762407
3,70.603,1742510665.6762407
4,71.488,1742510665.6762407
5,71.002,1742510665.6762407
6,69.54,1742510665.6762407
7,73.525,1742510665.6762407
0,71.817,1742510665.726375
1,70.003,1742510665.726375
2,72.843,1742510665.726375
3,70.603,1742510665.726375
4,71.494,1742510665.726375
5,71.002,1742510665.726375
6,69.492,1742510665.726375
7,73.525,1742510665.726375
0,71.817,1742510665.7765098
1,70.003,1742510665.7765098
2,72.747,1742510665.7765098
3,70.588,1742510665.7765098
4,71.494,1742510665.7765098
5,70.962,1742510665.7765098
6,69.492,1742510665.7765098
7,73.454,1742510665.7765098
0,71.796,1742510665.826644
1,69.941,1742510665.826644
2,72.747,1742510665.826644
3,70.588,1742510665.826644
4,71.505,1742510665.826644
5,70.962,1742510665.826644
6,69.425,1742510665.826644
7,73.454,1742510665.826644
0,71.796,1742510665.8767793
1,69.941,1742510665.8767793
2,72.66,1742510665.8767793
3,70.586,1742510665.8767793
4,71.505,1742510665.8767793
5,70.941,1742510665.8767793
6,69.425,1742510665.8767793
7,73.4,1742510665.8767793
0,71.795,1742510665.9269018
1,70.022,1742510665.9269018
2,72.66,1742510665.9269018
3,70.586,1742510665.9269018
4,71.475,1742510665.9269018
5,70.941,1742510665.9269018
6,69.367,1742510665.9269018
7,73.4,1742510665.9269018
0,71.795,1742510665.9770281
1,70.022,1742510665.9770281
2,72.585,1742510665.9770281
3,70.586,1742510665.9770281
4,71.475,1742510665.9770281
5,70.907,1742510665.9770281
6,69.367,1742510665.9770281
7,73.341,1742510665.9770281
0,71.774,1742510666.0271642
1,69.903,1742510666.0271642
2,72.585,1742510666.0271642
3,70.586,1742510666.0271642
4,71.462,1742510666.0271642
5,70.907,1742510666.0271642
6,69.318,1742510666.0271642
7,73.341,1742510666.0271642
0,71.774,1742510666.077347
1,69.903,1742510666.077347
2,72.543,1742510666.077347
3,70.566,1742510666.077347
4,71.462,1742510666.077347
5,70.925,1742510666.077347
6,69.318,1742510666.077347
7,73.312,1742510666.077347
0,71.754,1742510666.1274855
1,70.022,1742510666.1274855
2,72.543,1742510666.1274855
3,70.566,1742510666.1274855
4,71.435,1742510666.1274855
5,70.925,1742510666.1274855
6,69.306,1742510666.1274855
7,73.312,1742510666.1274855
0,71.754,1742510666.1776235
1,70.022,1742510666.1776235
2,72.495,1742510666.1776235
3,70.552,1742510666.1776235
4,71.435,1742510666.1776235
5,70.899,1742510666.1776235
6,69.306,1742510666.1776235
7,73.277,1742510666.1776235
0,71.747,1742510666.227753
1,69.856,1742510666.227753
2,72.495,1742510666.227753
3,70.552,1742510666.227753
4,71.412,1742510666.227753
5,70.899,1742510666.227753
6,69.298,1742510666.227753
7,73.277,1742510666.227753
0,71.747,1742510666.2778885
1,69.856,1742510666.2778885
2,72.475,1742510666.2778885
3,70.539,1742510666.2778885
4,71.412,1742510666.2778885
5,70.926,1742510666.2778885
6,69.298,1742510666.2778885
7,73.252,1742510666.2778885
0,71.746,1742510666.3280256
1,69.985,1742510666.3280256
2,72.475,1742510666.3280256
3,70.539,1742510666.3280256
4,71.412,1742510666.3280256
5,70.926,1742510666.3280256
6,69.294,1742510666.3280256
7,73.252,1742510666.3280256
0,71.746,1742510666.3781633
1,69.985,1742510666.3781633
2,72.447,1742510666.3781633
3,70.532,1742510666.3781633
4,71.412,1742510666.3781633
5,70.886,1742510666.3781633
6,69.294,1742510666.3781633
7,73.266,1742510666.3781633
0,71.74,1742510666.4282982
1,69.868,1742510666.4282982
2,72.447,1742510666.4282982
3,70.532,1742510666.4282982
4,71.398,1742510666.4282982
5,70.886,1742510666.4282982
6,69.294,1742510666.4282982
7,73.266,1742510666.4282982
0,71.74,1742510666.4784338
1,69.868,1742510666.4784338
2,72.414,1742510666.4784338
3,70.508,1742510666.4784338
4,71.398,1742510666.4784338
5,70.897,1742510666.4784338
6,69.294,1742510666.4784338
7,73.283,1742510666.4784338
0,71.72,1742510666.5285683
1,69.943,1742510666.5285683
2,72.414,1742510666.5285683
3,70.508,1742510666.5285683
4,71.343,1742510666.5285683
5,70.897,1742510666.5285683
6,69.289,1742510666.5285683
7,73.283,1742510666.5285683
0,71.72,1742510666.5787024
1,69.943,1742510666.5787024
2,72.386,1742510666.5787024
3,70.528,1742510666.5787024
4,71.343,1742510666.5787024
5,70.866,1742510666.5787024
6,69.289,1742510666.5787024
7,73.301,1742510666.5787024
0,71.72,1742510666.6288362
1,69.931,1742510666.6288362
2,72.386,1742510666.6288362
3,70.528,1742510666.6288362
4,71.317,1742510666.6288362
5,70.866,1742510666.6288362
6,69.274,1742510666.6288362
7,73.301,1742510666.6288362
0,71.733,1742510666.6790714
1,69.931,1742510666.6790714
2,72.388,1742510666.6790714
3,70.52,1742510666.6790714
4,71.317,1742510666.6790714
5,70.871,1742510666.6790714
6,69.274,1742510666.6790714
7,73.301,1742510666.6790714
0,71.733,1742510666.7292047
1,69.877,1742510666.7292047
2,72.388,1742510666.7292047
3,70.52,1742510666.7292047
4,71.317,1742510666.7292047
5,70.871,1742510666.7292047
6,69.274,1742510666.7292047
7,73.336,1742510666.7292047
0,71.713,1742510666.7793398
1,69.877,1742510666.7793398
2,72.388,1742510666.7793398
3,70.515,1742510666.7793398
4,71.317,1742510666.7793398
5,70.817,1742510666.7793398
6,69.274,1742510666.7793398
7,73.336,1742510666.7793398
0,71.713,1742510666.82947
1,69.929,1742510666.82947
2,72.388,1742510666.82947
3,70.515,1742510666.82947
4,71.298,1742510666.82947
5,70.817,1742510666.82947
6,69.275,1742510666.82947
7,73.362,1742510666.82947
0,71.727,1742510666.8796108
1,69.929,1742510666.8796108
2,72.393,1742510666.8796108
3,70.529,1742510666.8796108
4,71.298,1742510666.8796108
5,70.819,1742510666.8796108
6,69.275,1742510666.8796108
7,73.362,1742510666.8796108
0,71.727,1742510666.9297454
1,69.804,1742510666.9297454
2,72.393,1742510666.9297454
3,70.529,1742510666.9297454
4,71.287,1742510666.9297454
5,70.819,1742510666.9297454
6,69.28,1742510666.9297454
7,73.375,1742510666.9297454
0,71.72,1742510666.9798818
1,69.804,1742510666.9798818
2,72.387,1742510666.9798818
3,70.522,1742510666.9798818
4,71.287,1742510666.9798818
5,70.809,1742510666.9798818
6,69.28,1742510666.9798818
7,73.375,1742510666.9798818
0,71.72,1742510667.0300157
1,69.927,1742510667.0300157
2,72.387,1742510667.0300157
3,70.522,1742510667.0300157
4,71.301,1742510667.0300157
5,70.809,1742510667.0300157
6,69.265,1742510667.0300157
7,73.399,1742510667.0300157
0,71.707,1742510667.0801525
1,69.927,1742510667.0801525
2,72.379,1742510667.0801525
3,70.522,1742510667.0801525
4,71.301,1742510667.0801525
5,70.826,1742510667.0801525
6,69.265,1742510667.0801525
7,73.399,1742510667.0801525
0,71.707,1742510667.1302872
1,69.792,1742510667.1302872
2,72.379,1742510667.1302872
3,70.522,1742510667.1302872
4,71.301,1742510667.1302872
5,70.826,1742510667.1302872
6,69.266,1742510667.1302872
7,73.397,1742510667.1302872
0,71.728,1742510667.180422
1,69.792,1742510667.180422
2,72.354,1742510667.180422
3,70.535,1742510667.180422
4,71.301,1742510667.180422
5,70.819,1742510667.180422
6,69.266,1742510667.180422
7,73.397,1742510667.180422
0,71.728,1742510667.2305572
1,69.93,1742510667.2305572
2,72.354,1742510667.2305572
3,70.535,1742510667.2305572
4,71.288,1742510667.2305572
5,70.819,1742510667.2305572
6,69.239,1742510667.2305572
7,73.385,1742510667.2305572
0,71.695,1742510667.280693
1,69.93,1742510667.280693
2,72.347,1742510667.280693
3,70.535,1742510667.280693
4,71.288,1742510667.280693
5,70.802,1742510667.280693
6,69.239,1742510667.280693
7,73.385,1742510667.280693
0,71.695,1742510667.3308275
1,69.774,1742510667.3308275
2,72.347,1742510667.3308275
3,70.535,1742510667.3308275
4,71.268,1742510667.3308275
5,70.802,1742510667.3308275
6,69.225,1742510667.3308275
7,73.378,1742510667.3308275
0,71.687,1742510667.3809986
1,69.774,1742510667.3809986
2,72.34,1742510667.3809986
3,70.535,1742510667.3809986
4,71.268,1742510667.3809986
5,70.816,1742510667.3809986
6,69.225,1742510667.3809986
7,73.378,1742510667.3809986
0,71.687,1742510667.4311337
1,69.913,1742510667.4311337
2,72.34,1742510667.4311337
3,70.522,1742510667.4311337
4,71.276,1742510667.4311337
5,70.816,1742510667.4311337
6,69.218,1742510667.4311337
7,73.378,1742510667.4311337
0,71.693,1742510667.4812593
1,69.913,1742510667.4812593
2,72.34,1742510667.4812593
3,70.522,1742510667.4812593
4,71.276,1742510667.4812593
5,70.794,1742510667.4812593
6,69.218,1742510667.4812593
7,73.378,1742510667.4812593
0,71.693,1742510667.5313945
1,69.762,1742510667.5313945
2,72.34,1742510667.5313945
3,70.521,1742510667.5313945
4,71.289,1742510667.5313945
5,70.794,1742510667.5313945
6,69.23,1742510667.5313945
7,73.369,1742510667.5313945
0,71.693,1742510667.581531
1,69.762,1742510667.581531
2,72.353,1742510667.581531
3,70.521,1742510667.581531
4,71.289,1742510667.581531
5,70.816,1742510667.581531
6,69.23,1742510667.581531
7,73.369,1742510667.581531
0,71.693,1742510667.6316526
1,69.844,1742510667.6316526
2,72.353,1742510667.6316526
3,70.514,1742510667.6316526
4,71.305,1742510667.6316526
5,70.816,1742510667.6316526
6,69.224,1742510667.6316526
7,73.376,1742510667.6316526
0,71.687,1742510667.681776
1,69.844,1742510667.681776
2,72.354,1742510667.681776
3,70.514,1742510667.681776
4,71.305,1742510667.681776
5,70.79,1742510667.681776
6,69.224,1742510667.681776
7,73.376,1742510667.681776
0,71.687,1742510667.7319117
1,69.79,1742510667.7319117
2,72.354,1742510667.7319117
3,70.501,1742510667.7319117
4,71.29,1742510667.7319117
5,70.79,1742510667.7319117
6,69.229,1742510667.7319117
7,73.362,1742510667.7319117
0,71.673,1742510667.7820475
1,69.79,1742510667.7820475
2,72.341,1742510667.7820475
3,70.501,1742510667.7820475
4,71.29,1742510667.7820475
5,70.814,1742510667.7820475
6,69.229,1742510667.7820475
7,73.362,1742510667.7820475
0,71.673,1742510667.8321831
1,69.81,1742510667.8321831
2,72.341,1742510667.8321831
3,70.499,1742510667.8321831
4,71.29,1742510667.8321831
5,70.814,1742510667.8321831
6,69.22,1742510667.8321831
7,73.351,1742510667.8321831
0,71.668,1742510667.8823183
1,69.81,1742510667.8823183
2,72.328,1742510667.8823183
3,70.499,1742510667.8823183
4,71.29,1742510667.8823183
5,70.794,1742510667.8823183
6,69.22,1742510667.8823183
7,73.351,1742510667.8823183
0,71.668,1742510667.9327564
1,69.837,1742510667.9327564
2,72.328,1742510667.9327564
3,70.501,1742510667.9327564
4,71.271,1742510667.9327564
5,70.794,1742510667.9327564
6,69.216,1742510667.9327564
7,73.343,1742510667.9327564
0,71.647,1742510667.9828882
1,69.837,1742510667.9828882
2,72.301,1742510667.9828882
3,70.494,1742510667.9828882
4,71.271,1742510667.9828882
5,70.803,1742510667.9828882
6,69.216,1742510667.9828882
7,73.343,1742510667.9828882
0,71.647,1742510668.0330145
1,69.768,1742510668.0330145
2,72.301,1742510668.0330145
3,70.494,1742510668.0330145
4,71.257,1742510668.0330145
5,70.803,1742510668.0330145
6,69.224,1742510668.0330145
7,73.324,1742510668.0330145
0,71.654,1742510668.0831556
1,69.768,1742510668.0831556
2,72.315,1742510668.0831556
3,70.492,1742510668.0831556
4,71.257,1742510668.0831556
5,70.741,1742510668.0831556
6,69.224,1742510668.0831556
7,73.324,1742510668.0831556
0,71.654,1742510668.1333053
1,69.871,1742510668.1333053
2,72.315,1742510668.1333053
3,70.492,1742510668.1333053
4,71.263,1742510668.1333053
5,70.741,1742510668.1333053
6,69.222,1742510668.1333053
7,73.331,1742510668.1333053
0,71.646,1742510668.1834414
1,69.871,1742510668.1834414
2,72.315,1742510668.1834414
3,70.492,1742510668.1834414
4,71.263,1742510668.1834414
5,70.748,1742510668.1834414
6,69.222,1742510668.1834414
7,73.331,1742510668.1834414
0,71.646,1742510668.2335813
1,69.726,1742510668.2335813
2,72.314,1742510668.2335813
3,70.494,1742510668.2335813
4,71.264,1742510668.2335813
5,70.748,1742510668.2335813
6,69.243,1742510668.2335813
7,73.337,1742510668.2335813
0,71.658,1742510668.2837188
1,69.726,1742510668.2837188
2,72.314,1742510668.2837188
3,70.494,1742510668.2837188
4,71.264,1742510668.2837188
5,70.748,1742510668.2837188
6,69.243,1742510668.2837188
7,73.337,1742510668.2837188
0,71.658,1742510668.333846
1,69.855,1742510668.333846
2,72.314,1742510668.333846
3,70.488,1742510668.333846
4,71.25,1742510668.333846
5,70.748,1742510668.333846
6,69.236,1742510668.333846
7,73.329,1742510668.333846
0,71.651,1742510668.3839836
1,69.855,1742510668.3839836
2,72.314,1742510668.3839836
3,70.488,1742510668.3839836
4,71.25,1742510668.3839836
5,70.755,1742510668.3839836
6,69.236,1742510668.3839836
7,73.329,1742510668.3839836
0,71.651,1742510668.4341233
1,69.734,1742510668.4341233
2,72.308,1742510668.4341233
3,70.494,1742510668.4341233
4,71.244,1742510668.4341233
5,70.755,1742510668.4341233
6,69.208,1742510668.4341233
7,73.336,1742510668.4341233
0,71.631,1742510668.484263
1,69.734,1742510668.484263
2,72.308,1742510668.484263
3,70.494,1742510668.484263
4,71.244,1742510668.484263
5,70.742,1742510668.484263
6,69.208,1742510668.484263
7,73.336,1742510668.484263
0,71.631,1742510668.5343893
1,69.858,1742510668.5343893
2,72.289,1742510668.5343893
3,70.481,1742510668.5343893
4,71.251,1742510668.5343893
5,70.742,1742510668.5343893
6,69.208,1742510668.5343893
7,73.322,1742510668.5343893
0,71.617,1742510668.5845263
1,69.858,1742510668.5845263
2,72.289,1742510668.5845263
3,70.481,1742510668.5845263
4,71.251,1742510668.5845263
5,70.736,1742510668.5845263
6,69.181,1742510668.5845263
7,73.322,1742510668.5845263
0,71.617,1742510668.6346667
1,69.801,1742510668.6346667
2,72.276,1742510668.6346667
3,70.487,1742510668.6346667
4,71.251,1742510668.6346667
5,70.736,1742510668.6346667
6,69.181,1742510668.6346667
7,73.315,1742510668.6346667
0,71.61,1742510668.6848047
1,69.801,1742510668.6848047
2,72.276,1742510668.6848047
3,70.487,1742510668.6848047
4,71.251,1742510668.6848047
5,70.757,1742510668.6848047
6,69.163,1742510668.6848047
7,73.315,1742510668.6848047
0,71.61,1742510668.7349312
1,69.831,1742510668.7349312
2,72.25,1742510668.7349312
3,70.487,1742510668.7349312
4,71.246,1742510668.7349312
5,70.757,1742510668.7349312
6,69.163,1742510668.7349312
7,73.328,1742510668.7349312
0,71.595,1742510668.7850573
1,69.831,1742510668.7850573
2,72.25,1742510668.7850573
3,70.487,1742510668.7850573
4,71.246,1742510668.7850573
5,70.729,1742510668.7850573
6,69.147,1742510668.7850573
7,73.328,1742510668.7850573
0,71.595,1742510668.835197
1,69.818,1742510668.835197
2,72.256,1742510668.835197
3,70.487,1742510668.835197
4,71.246,1742510668.835197
5,70.729,1742510668.835197
6,69.147,1742510668.835197
7,73.328,1742510668.835197
0,71.589,1742510668.8853245
1,69.818,1742510668.8853245
2,72.256,1742510668.8853245
3,70.487,1742510668.8853245
4,71.246,1742510668.8853245
5,70.751,1742510668.8853245
6,69.146,1742510668.8853245
7,73.328,1742510668.8853245
0,71.589,1742510668.9354627
1,69.755,1742510668.9354627
2,72.244,1742510668.9354627
3,70.467,1742510668.9354627
4,71.246,1742510668.9354627
5,70.751,1742510668.9354627
6,69.146,1742510668.9354627
7,73.309,1742510668.9354627
0,71.588,1742510668.9855907
1,69.755,1742510668.9855907
2,72.244,1742510668.9855907
3,70.467,1742510668.9855907
4,71.246,1742510668.9855907
5,70.731,1742510668.9855907
6,69.145,1742510668.9855907
7,73.309,1742510668.9855907
0,71.588,1742510669.0357323
1,69.818,1742510669.0357323
2,72.25,1742510669.0357323
3,70.441,1742510669.0357323
4,71.247,1742510669.0357323
5,70.731,1742510669.0357323
6,69.145,1742510669.0357323
7,73.296,1742510669.0357323
0,71.574,1742510669.085861
1,69.818,1742510669.085861
2,72.25,1742510669.085861
3,70.441,1742510669.085861
4,71.247,1742510669.085861
5,70.76,1742510669.085861
6,69.142,1742510669.085861
7,73.296,1742510669.085861
0,71.574,1742510669.136012
1,69.776,1742510669.136012
2,72.256,1742510669.136012
3,70.441,1742510669.136012
4,71.226,1742510669.136012
5,70.76,1742510669.136012
6,69.142,1742510669.136012
7,73.289,1742510669.136012
0,71.568,1742510669.1861506
1,69.776,1742510669.1861506
2,72.256,1742510669.1861506
3,70.441,1742510669.1861506
4,71.226,1742510669.1861506
5,70.737,1742510669.1861506
6,69.121,1742510669.1861506
7,73.289,1742510669.1861506
0,71.568,1742510669.2362902
1,69.867,1742510669.2362902
2,72.243,1742510669.2362902
3,70.441,1742510669.2362902
4,71.233,1742510669.2362902
5,70.737,1742510669.2362902
6,69.121,1742510669.2362902
7,73.282,1742510669.2362902
0,71.548,1742510669.286433
1,69.867,1742510669.286433
2,72.243,1742510669.286433
3,70.441,1742510669.286433
4,71.233,1742510669.286433
5,70.757,1742510669.286433
6,69.097,1742510669.286433
7,73.282,1742510669.286433
0,71.548,1742510669.3365746
1,69.789,1742510669.3365746
2,72.268,1742510669.3365746
3,70.428,1742510669.3365746
4,71.219,1742510669.3365746
5,70.757,1742510669.3365746
6,69.097,1742510669.3365746
7,73.274,1742510669.3365746
0,71.541,1742510669.3867176
1,69.789,1742510669.3867176
2,72.268,1742510669.3867176
3,70.428,1742510669.3867176
4,71.219,1742510669.3867176
5,70.711,1742510669.3867176
6,69.088,1742510669.3867176
7,73.274,1742510669.3867176
0,71.541,1742510669.4368818
1,69.968,1742510669.4368818
2,72.302,1742510669.4368818
3,70.434,1742510669.4368818
4,71.218,1742510669.4368818
5,70.711,1742510669.4368818
6,69.088,1742510669.4368818
7,73.266,1742510669.4368818
0,71.541,1742510669.487026
1,69.968,1742510669.487026
2,72.302,1742510669.487026
3,70.434,1742510669.487026
4,71.218,1742510669.487026
5,70.745,1742510669.487026
6,69.097,1742510669.487026
7,73.266,1742510669.487026
0,71.541,1742510669.5371506
1,69.851,1742510669.5371506
2,72.321,1742510669.5371506
3,70.427,1742510669.5371506
4,71.224,1742510669.5371506
5,70.745,1742510669.5371506
6,69.097,1742510669.5371506
7,73.252,1742510669.5371506
0,71.549,1742510669.587288
1,69.851,1742510669.587288
2,72.321,1742510669.587288
3,70.427,1742510669.587288
4,71.224,1742510669.587288
5,70.718,1742510669.587288
6,69.12,1742510669.587288
7,73.252,1742510669.587288
0,71.549,1742510669.6374283
1,70.021,1742510669.6374283
2,72.341,1742510669.6374283
3,70.415,1742510669.6374283
4,71.237,1742510669.6374283
5,70.718,1742510669.6374283
6,69.12,1742510669.6374283
7,73.22,1742510669.6374283
0,71.544,1742510669.6875658
1,70.021,1742510669.6875658
2,72.341,1742510669.6875658
3,70.415,1742510669.6875658
4,71.237,1742510669.6875658
5,70.745,1742510669.6875658
6,69.13,1742510669.6875658
7,73.22,1742510669.6875658
0,71.544,1742510669.7377322
1,69.918,1742510669.7377322
2,72.367,1742510669.7377322
3,70.408,1742510669.7377322
4,71.237,1742510669.7377322
5,70.745,1742510669.7377322
6,69.13,1742510669.7377322
7,73.207,1742510669.7377322
0,71.552,1742510669.78787
1,69.918,1742510669.78787
2,72.367,1742510669.78787
3,70.408,1742510669.78787
4,71.237,1742510669.78787
5,70.718,1742510669.78787
6,69.141,1742510669.78787
7,73.207,1742510669.78787
0,71.552,1742510669.837996
1,70.04,1742510669.837996
2,72.359,1742510669.837996
3,70.402,1742510669.837996
4,71.244,1742510669.837996
5,70.718,1742510669.837996
6,69.141,1742510669.837996
7,73.195,1742510669.837996
0,71.533,1742510669.888125
1,70.04,1742510669.888125
2,72.359,1742510669.888125
3,70.402,1742510669.888125
4,71.244,1742510669.888125
5,70.706,1742510669.888125
6,69.115,1742510669.888125
7,73.195,1742510669.888125
0,71.533,1742510669.9382617
1,70.033,1742510669.9382617
2,72.367,1742510669.9382617
3,70.402,1742510669.9382617
4,71.244,1742510669.9382617
5,70.706,1742510669.9382617
6,69.115,1742510669.9382617
7,73.209,1742510669.9382617
0,71.519,1742510669.988399
1,70.033,1742510669.988399
2,72.367,1742510669.988399
3,70.402,1742510669.988399
4,71.244,1742510669.988399
5,70.706,1742510669.988399
6,69.091,1742510669.988399
7,73.209,1742510669.988399
0,71.519,1742510670.0385354
1,70.06,1742510670.0385354
2,72.379,1742510670.0385354
3,70.428,1742510670.0385354
4,71.229,1742510670.0385354
5,70.706,1742510670.0385354
6,69.091,1742510670.0385354
7,73.2,1742510670.0385354
0,71.505,1742510670.0886648
1,70.06,1742510670.0886648
2,72.379,1742510670.0886648
3,70.428,1742510670.0886648
4,71.229,1742510670.0886648
5,70.691,1742510670.0886648
6,69.089,1742510670.0886648
7,73.2,1742510670.0886648
0,71.505,1742510670.1388044
1,70.145,1742510670.1388044
2,72.379,1742510670.1388044
3,70.434,1742510670.1388044
4,71.229,1742510670.1388044
5,70.691,1742510670.1388044
6,69.089,1742510670.1388044
7,73.221,1742510670.1388044
0,71.526,1742510670.1889408
1,70.145,1742510670.1889408
2,72.379,1742510670.1889408
3,70.434,1742510670.1889408
4,71.229,1742510670.1889408
5,70.684,1742510670.1889408
6,69.103,1742510670.1889408
7,73.221,1742510670.1889408
0,71.526,1742510670.2390776
1,70.082,1742510670.2390776
2,72.381,1742510670.2390776
3,70.414,1742510670.2390776
4,71.229,1742510670.2390776
5,70.684,1742510670.2390776
6,69.103,1742510670.2390776
7,73.228,1742510670.2390776
0,71.534,1742510670.2892156
1,70.082,1742510670.2892156
2,72.381,1742510670.2892156
3,70.414,1742510670.2892156
4,71.229,1742510670.2892156
5,70.671,1742510670.2892156
6,69.103,1742510670.2892156
7,73.228,1742510670.2892156
0,71.534,1742510670.3393412
1,70.196,1742510670.3393412
2,72.368,1742510670.3393412
3,70.427,1742510670.3393412
4,71.249,1742510670.3393412
5,70.671,1742510670.3393412
6,69.103,1742510670.3393412
7,73.213,1742510670.3393412
0,71.52,1742510670.3894823
1,70.196,1742510670.3894823
2,72.368,1742510670.3894823
3,70.427,1742510670.3894823
4,71.249,1742510670.3894823
5,70.706,1742510670.3894823
6,69.11,1742510670.3894823
7,73.213,1742510670.3894823
0,71.52,1742510670.4396205
1,70.042,1742510670.4396205
2,72.38,1742510670.4396205
3,70.421,1742510670.4396205
4,71.236,1742510670.4396205
5,70.706,1742510670.4396205
6,69.11,1742510670.4396205
7,73.198,1742510670.4396205
0,71.51,1742510670.4897568
1,70.042,1742510670.4897568
2,72.38,1742510670.4897568
3,70.421,1742510670.4897568
4,71.236,1742510670.4897568
5,70.706,1742510670.4897568
6,69.104,1742510670.4897568
7,73.198,1742510670.4897568
0,71.51,1742510670.5398839
1,70.18,1742510670.5398839
2,72.367,1742510670.5398839
3,70.421,1742510670.5398839
4,71.23,1742510670.5398839
5,70.684,1742510670.5398839
6,69.104,1742510670.5398839
7,73.179,1742510670.5398839
0,71.513,1742510670.5900235
1,70.18,1742510670.5900235
2,72.367,1742510670.5900235
3,70.421,1742510670.5900235
4,71.23,1742510670.5900235
5,70.684,1742510670.5900235
6,69.091,1742510670.5900235
7,73.179,1742510670.5900235
0,71.513,1742510670.6401608
1,70.03,1742510670.6401608
2,72.347,1742510670.6401608
3,70.427,1742510670.6401608
4,71.23,1742510670.6401608
5,70.698,1742510670.6401608
6,69.091,1742510670.6401608
7,73.178,1742510670.6401608
0,71.502,1742510670.6902885
1,70.03,1742510670.6902885
2,72.347,1742510670.6902885
3,70.427,1742510670.6902885
4,71.23,1742510670.6902885
5,70.698,1742510670.6902885
6,69.065,1742510670.6902885
7,73.178,1742510670.6902885
0,71.502,1742510670.7404263
1,70.142,1742510670.7404263
2,72.347,1742510670.7404263
3,70.414,1742510670.7404263
4,71.23,1742510670.7404263
5,70.657,1742510670.7404263
6,69.065,1742510670.7404263
7,73.171,1742510670.7404263
0,71.502,1742510670.7905636
1,70.142,1742510670.7905636
2,72.347,1742510670.7905636
3,70.414,1742510670.7905636
4,71.21,1742510670.7905636
5,70.657,1742510670.7905636
6,69.062,1742510670.7905636
7,73.171,1742510670.7905636
0,71.53,1742510670.8407025
1,70.029,1742510670.8407025
2,72.359,1742510670.8407025
3,70.401,1742510670.8407025
4,71.21,1742510670.8407025
5,70.657,1742510670.8407025
6,69.062,1742510670.8407025
7,73.171,1742510670.8407025
0,71.512,1742510670.8908415
1,70.029,1742510670.8908415
2,72.359,1742510670.8908415
3,70.401,1742510670.8908415
4,71.209,1742510670.8908415
5,70.657,1742510670.8908415
6,69.082,1742510670.8908415
7,73.171,1742510670.8908415
0,71.512,1742510670.9409685
1,70.173,1742510670.9409685
2,72.354,1742510670.9409685
3,70.414,1742510670.9409685
4,71.209,1742510670.9409685
5,70.636,1742510670.9409685
6,69.082,1742510670.9409685
7,73.183,1742510670.9409685
0,71.53,1742510670.9911094
1,70.173,1742510670.9911094
2,72.354,1742510670.9911094
3,70.414,1742510670.9911094
4,71.192,1742510670.9911094
5,70.636,1742510670.9911094
6,69.084,1742510670.9911094
7,73.183,1742510670.9911094
0,71.53,1742510671.0412457
1,70.173,1742510671.0412457
2,72.367,1742510671.0412457
3,70.414,1742510671.0412457
4,71.192,1742510671.0412457
5,70.67,1742510671.0412457
6,69.084,1742510671.0412457
7,73.175,1742510671.0412457
0,71.53,1742510671.091415
1,70.055,1742510671.091415
2,72.367,1742510671.091415
3,70.414,1742510671.091415
4,71.194,1742510671.091415
5,70.67,1742510671.091415
6,69.096,1742510671.091415
7,73.175,1742510671.091415
0,71.53,1742510671.1415527
1,70.055,1742510671.1415527
2,72.368,1742510671.1415527
3,70.408,1742510671.1415527
4,71.194,1742510671.1415527
5,70.65,1742510671.1415527
6,69.096,1742510671.1415527
7,73.161,1742510671.1415527
0,71.503,1742510671.1916912
1,70.124,1742510671.1916912
2,72.368,1742510671.1916912
3,70.408,1742510671.1916912
4,71.172,1742510671.1916912
5,70.65,1742510671.1916912
6,69.072,1742510671.1916912
7,73.161,1742510671.1916912
0,71.503,1742510671.241871
1,70.124,1742510671.241871
2,72.375,1742510671.241871
3,70.401,1742510671.241871
4,71.172,1742510671.241871
5,70.656,1742510671.241871
6,69.072,1742510671.241871
7,73.147,1742510671.241871
0,71.51,1742510671.2920156
1,70.115,1742510671.2920156
2,72.375,1742510671.2920156
3,70.401,1742510671.2920156
4,71.165,1742510671.2920156
5,70.656,1742510671.2920156
6,69.059,1742510671.2920156
7,73.147,1742510671.2920156
0,71.51,1742510671.3421412
1,70.115,1742510671.3421412
2,72.38,1742510671.3421412
3,70.382,1742510671.3421412
4,71.165,1742510671.3421412
5,70.643,1742510671.3421412
6,69.059,1742510671.3421412
7,73.117,1742510671.3421412
0,71.529,1742510671.392268
1,70.094,1742510671.392268
2,72.38,1742510671.392268
3,70.382,1742510671.392268
4,71.188,1742510671.392268
5,70.643,1742510671.392268
6,69.044,1742510671.392268
7,73.117,1742510671.392268
0,71.529,1742510671.4424071
1,70.094,1742510671.4424071
2,72.38,1742510671.4424071
3,70.368,1742510671.4424071
4,71.188,1742510671.4424071
5,70.656,1742510671.4424071
6,69.044,1742510671.4424071
7,73.12,1742510671.4424071
0,71.515,1742510671.4925368
1,70.162,1742510671.4925368
2,72.368,1742510671.4925368
3,70.368,1742510671.4925368
4,71.179,1742510671.4925368
5,70.656,1742510671.4925368
6,69.058,1742510671.4925368
7,73.12,1742510671.4925368
0,71.515,1742510671.5426626
1,70.162,1742510671.5426626
2,72.368,1742510671.5426626
3,70.376,1742510671.5426626
4,71.179,1742510671.5426626
5,70.629,1742510671.5426626
6,69.058,1742510671.5426626
7,73.136,1742510671.5426626
0,71.496,1742510671.592799
1,70.052,1742510671.592799
2,72.347,1742510671.592799
3,70.376,1742510671.592799
4,71.185,1742510671.592799
5,70.629,1742510671.592799
6,69.07,1742510671.592799
7,73.136,1742510671.592799
0,71.496,1742510671.6429358
1,70.052,1742510671.6429358
2,72.347,1742510671.6429358
3,70.382,1742510671.6429358
4,71.185,1742510671.6429358
5,70.608,1742510671.6429358
6,69.07,1742510671.6429358
7,73.136,1742510671.6429358
0,71.489,1742510671.693063
1,70.176,1742510671.693063
2,72.347,1742510671.693063
3,70.382,1742510671.693063
4,71.164,1742510671.693063
5,70.608,1742510671.693063
6,69.078,1742510671.693063
7,73.136,1742510671.693063
0,71.489,1742510671.7432
1,70.176,1742510671.7432
2,72.347,1742510671.7432
3,70.369,1742510671.7432
4,71.164,1742510671.7432
5,70.637,1742510671.7432
6,69.078,1742510671.7432
7,73.149,1742510671.7432
0,71.492,1742510671.7933369
1,70.034,1742510671.7933369
2,72.355,1742510671.7933369
3,70.369,1742510671.7933369
4,71.15,1742510671.7933369
5,70.637,1742510671.7933369
6,69.083,1742510671.7933369
7,73.149,1742510671.7933369
0,71.492,1742510671.8434741
1,70.034,1742510671.8434741
2,72.355,1742510671.8434741
3,70.369,1742510671.8434741
4,71.15,1742510671.8434741
5,70.637,1742510671.8434741
6,69.083,1742510671.8434741
7,73.135,1742510671.8434741
0,71.485,1742510671.893602
1,70.162,1742510671.893602
2,72.355,1742510671.893602
3,70.369,1742510671.893602
4,71.143,1742510671.893602
5,70.637,1742510671.893602
6,69.08,1742510671.893602
7,73.135,1742510671.893602
0,71.485,1742510671.9437382
1,70.162,1742510671.9437382
2,72.355,1742510671.9437382
3,70.362,1742510671.9437382
4,71.143,1742510671.9437382
5,70.651,1742510671.9437382
6,69.08,1742510671.9437382
7,73.114,1742510671.9437382
0,71.478,1742510671.9938755
1,70.055,1742510671.9938755
2,72.362,1742510671.9938755
3,70.362,1742510671.9938755
4,71.16,1742510671.9938755
5,70.651,1742510671.9938755
6,69.071,1742510671.9938755
7,73.114,1742510671.9938755
0,71.478,1742510672.0440116
1,70.055,1742510672.0440116
2,72.362,1742510672.0440116
3,70.349,1742510672.0440116
4,71.16,1742510672.0440116
5,70.603,1742510672.0440116
6,69.071,1742510672.0440116
7,73.13,1742510672.0440116
0,71.468,1742510672.094149
1,70.139,1742510672.094149
2,72.348,1742510672.094149
3,70.349,1742510672.094149
4,71.153,1742510672.094149
5,70.603,1742510672.094149
6,69.066,1742510672.094149
7,73.13,1742510672.094149
0,71.468,1742510672.1442912
1,70.139,1742510672.1442912
2,72.348,1742510672.1442912
3,70.342,1742510672.1442912
4,71.153,1742510672.1442912
5,70.618,1742510672.1442912
6,69.066,1742510672.1442912
7,73.128,1742510672.1442912
0,71.481,1742510672.194428
1,70.07,1742510672.194428
2,72.328,1742510672.194428
3,70.342,1742510672.194428
4,71.138,1742510672.194428
5,70.618,1742510672.194428
6,69.066,1742510672.194428
7,73.128,1742510672.194428
0,71.481,1742510672.2445648
1,70.07,1742510672.2445648
2,72.328,1742510672.2445648
3,70.349,1742510672.2445648
4,71.138,1742510672.2445648
5,70.598,1742510672.2445648
6,69.066,1742510672.2445648
7,73.109,1742510672.2445648
0,71.481,1742510672.2947009
1,70.113,1742510672.2947009
2,72.322,1742510672.2947009
3,70.349,1742510672.2947009
4,71.138,1742510672.2947009
5,70.598,1742510672.2947009
6,69.07,1742510672.2947009
7,73.109,1742510672.2947009
0,71.461,1742510672.3449664
1,70.113,1742510672.3449664
2,72.322,1742510672.3449664
3,70.355,1742510672.3449664
4,71.138,1742510672.3449664
5,70.605,1742510672.3449664
6,69.07,1742510672.3449664
7,73.095,1742510672.3449664
0,71.461,1742510672.3951023
1,70.151,1742510672.3951023
2,72.309,1742510672.3951023
3,70.355,1742510672.3951023
4,71.11,1742510672.3951023
5,70.605,1742510672.3951023
6,69.08,1742510672.3951023
7,73.095,1742510672.3951023
0,71.469,1742510672.445226
1,70.151,1742510672.445226
2,72.309,1742510672.445226
3,70.349,1742510672.445226
4,71.11,1742510672.445226
5,70.578,1742510672.445226
6,69.08,1742510672.445226
7,73.095,1742510672.445226
0,71.469,1742510672.4953618
1,70.085,1742510672.4953618
2,72.309,1742510672.4953618
3,70.349,1742510672.4953618
4,71.103,1742510672.4953618
5,70.578,1742510672.4953618
6,69.068,1742510672.4953618
7,73.11,1742510672.4953618
0,71.489,1742510672.5455046
1,70.085,1742510672.5455046
2,72.309,1742510672.5455046
3,70.329,1742510672.5455046
4,71.103,1742510672.5455046
5,70.615,1742510672.5455046
6,69.068,1742510672.5455046
7,73.11,1742510672.5455046
0,71.489,1742510672.5956287
1,70.166,1742510672.5956287
2,72.309,1742510672.5956287
3,70.329,1742510672.5956287
4,71.086,1742510672.5956287
5,70.615,1742510672.5956287
6,69.053,1742510672.5956287
7,73.101,1742510672.5956287
0,71.51,1742510672.6457543
1,70.166,1742510672.6457543
2,72.309,1742510672.6457543
3,70.316,1742510672.6457543
4,71.086,1742510672.6457543
5,70.609,1742510672.6457543
6,69.053,1742510672.6457543
7,73.101,1742510672.6457543
0,71.51,1742510672.695895
1,70.068,1742510672.695895
2,72.302,1742510672.695895
3,70.316,1742510672.695895
4,71.096,1742510672.695895
5,70.609,1742510672.695895
6,69.045,1742510672.695895
7,73.115,1742510672.695895
0,71.537,1742510672.7460327
1,70.068,1742510672.7460327
2,72.302,1742510672.7460327
3,70.329,1742510672.7460327
4,71.096,1742510672.7460327
5,70.628,1742510672.7460327
6,69.045,1742510672.7460327
7,73.115,1742510672.7460327
0,71.537,1742510672.79617
1,70.168,1742510672.79617
2,72.302,1742510672.79617
3,70.329,1742510672.79617
4,71.113,1742510672.79617
5,70.628,1742510672.79617
6,69.039,1742510672.79617
7,73.121,1742510672.79617
0,71.571,1742510672.846309
1,70.168,1742510672.846309
2,72.302,1742510672.846309
3,70.336,1742510672.846309
4,71.113,1742510672.846309
5,70.575,1742510672.846309
6,69.039,1742510672.846309
7,73.121,1742510672.846309
0,71.571,1742510672.8964498
1,70.038,1742510672.8964498
2,72.282,1742510672.8964498
3,70.336,1742510672.8964498
4,71.073,1742510672.8964498
5,70.575,1742510672.8964498
6,69.03,1742510672.8964498
7,73.1,1742510672.8964498
0,71.598,1742510672.9465897
1,70.038,1742510672.9465897
2,72.282,1742510672.9465897
3,70.337,1742510672.9465897
4,71.073,1742510672.9465897
5,70.573,1742510672.9465897
6,69.03,1742510672.9465897
7,73.1,1742510672.9465897
0,71.598,1742510672.9967268
1,70.177,1742510672.9967268
2,72.282,1742510672.9967268
3,70.337,1742510672.9967268
4,71.059,1742510672.9967268
5,70.573,1742510672.9967268
6,69.039,1742510672.9967268
7,73.107,1742510672.9967268
0,71.612,1742510673.0468528
1,70.177,1742510673.0468528
2,72.282,1742510673.0468528
3,70.324,1742510673.0468528
4,71.059,1742510673.0468528
5,70.575,1742510673.0468528
6,69.039,1742510673.0468528
7,73.107,1742510673.0468528
0,71.612,1742510673.0969942
1,70.044,1742510673.0969942
2,72.282,1742510673.0969942
3,70.324,1742510673.0969942
4,71.067,1742510673.0969942
5,70.575,1742510673.0969942
6,69.045,1742510673.0969942
7,73.072,1742510673.0969942
0,71.654,1742510673.1471224
1,70.044,1742510673.1471224
2,72.282,1742510673.1471224
3,70.315,1742510673.1471224
4,71.067,1742510673.1471224
5,70.572,1742510673.1471224
6,69.045,1742510673.1471224
7,73.072,1742510673.1471224
0,71.654,1742510673.197309
1,70.175,1742510673.197309
2,72.288,1742510673.197309
3,70.315,1742510673.197309
4,71.074,1742510673.197309
5,70.572,1742510673.197309
6,69.053,1742510673.197309
7,73.05,1742510673.197309
0,71.68,1742510673.2474499
1,70.175,1742510673.2474499
2,72.288,1742510673.2474499
3,70.328,1742510673.2474499
4,71.074,1742510673.2474499
5,70.572,1742510673.2474499
6,69.053,1742510673.2474499
7,73.05,1742510673.2474499
0,71.68,1742510673.2975867
1,70.054,1742510673.2975867
2,72.288,1742510673.2975867
3,70.328,1742510673.2975867
4,71.074,1742510673.2975867
5,70.572,1742510673.2975867
6,69.041,1742510673.2975867
7,73.046,1742510673.2975867
0,71.708,1742510673.3477275
1,70.054,1742510673.3477275
2,72.288,1742510673.3477275
3,70.304,1742510673.3477275
4,71.074,1742510673.3477275
5,70.564,1742510673.3477275
6,69.041,1742510673.3477275
7,73.046,1742510673.3477275
0,71.708,1742510673.3978648
1,70.106,1742510673.3978648
2,72.275,1742510673.3978648
3,70.304,1742510673.3978648
4,71.081,1742510673.3978648
5,70.564,1742510673.3978648
6,69.032,1742510673.3978648
7,73.054,1742510673.3978648
0,71.72,1742510673.4480126
1,70.106,1742510673.4480126
2,72.275,1742510673.4480126
3,70.304,1742510673.4480126
4,71.081,1742510673.4480126
5,70.585,1742510673.4480126
6,69.032,1742510673.4480126
7,73.054,1742510673.4480126
0,71.72,1742510673.498152
1,70.093,1742510673.498152
2,72.288,1742510673.498152
3,70.304,1742510673.498152
4,71.067,1742510673.498152
5,70.585,1742510673.498152
6,69.039,1742510673.498152
7,73.064,1742510673.498152
0,71.721,1742510673.5482697
1,70.093,1742510673.5482697
2,72.288,1742510673.5482697
3,70.315,1742510673.5482697
4,71.067,1742510673.5482697
5,70.55,1742510673.5482697
6,69.039,1742510673.5482697
7,73.064,1742510673.5482697
0,71.721,1742510673.5984125
1,70.08,1742510673.5984125
2,72.275,1742510673.5984125
3,70.315,1742510673.5984125
4,71.041,1742510673.5984125
5,70.55,1742510673.5984125
6,69.045,1742510673.5984125
7,73.077,1742510673.5984125
0,71.721,1742510673.6485484
1,70.08,1742510673.6485484
2,72.275,1742510673.6485484
3,70.324,1742510673.6485484
4,71.041,1742510673.6485484
5,70.549,1742510673.6485484
6,69.045,1742510673.6485484
7,73.077,1742510673.6485484
0,71.721,1742510673.698674
1,70.142,1742510673.698674
2,72.281,1742510673.698674
3,70.324,1742510673.698674
4,71.034,1742510673.698674
5,70.549,1742510673.698674
6,69.046,1742510673.698674
7,73.046,1742510673.698674
0,71.707,1742510673.7488084
1,70.142,1742510673.7488084
2,72.281,1742510673.7488084
3,70.309,1742510673.7488084
4,71.034,1742510673.7488084
5,70.536,1742510673.7488084
6,69.046,1742510673.7488084
7,73.046,1742510673.7488084
0,71.707,1742510673.798948
1,70.047,1742510673.798948
2,72.275,1742510673.798948
3,70.309,1742510673.798948
4,71.042,1742510673.798948
5,70.536,1742510673.798948
6,69.047,1742510673.798948
7,73.057,1742510673.798948
0,71.693,1742510673.8490841
1,70.047,1742510673.8490841
2,72.275,1742510673.8490841
3,70.309,1742510673.8490841
4,71.042,1742510673.8490841
5,70.556,1742510673.8490841
6,69.047,1742510673.8490841
7,73.057,1742510673.8490841
0,71.693,1742510673.899212
1,70.142,1742510673.899212
2,72.275,1742510673.899212
3,70.309,1742510673.899212
4,71.046,1742510673.899212
5,70.556,1742510673.899212
6,69.061,1742510673.899212
7,73.047,1742510673.899212
0,71.7,1742510673.9493477
1,70.142,1742510673.9493477
2,72.275,1742510673.9493477
3,70.309,1742510673.9493477
4,71.046,1742510673.9493477
5,70.543,1742510673.9493477
6,69.061,1742510673.9493477
7,73.047,1742510673.9493477
0,71.7,1742510673.9994876
1,70.003,1742510673.9994876
2,72.262,1742510673.9994876
3,70.289,1742510673.9994876
4,71.046,1742510673.9994876
5,70.543,1742510673.9994876
6,69.039,1742510673.9994876
7,73.042,1742510673.9994876
0,71.687,1742510674.049624
1,70.003,1742510674.049624
2,72.262,1742510674.049624
3,70.289,1742510674.049624
4,71.046,1742510674.049624
5,70.556,1742510674.049624
6,69.039,1742510674.049624
7,73.042,1742510674.049624
0,71.687,1742510674.0997496
1,70.137,1742510674.0997496
2,72.255,1742510674.0997496
3,70.302,1742510674.0997496
4,71.053,1742510674.0997496
5,70.556,1742510674.0997496
6,69.026,1742510674.0997496
7,73.042,1742510674.0997496
0,71.7,1742510674.149885
1,70.137,1742510674.149885
2,72.255,1742510674.149885
3,70.302,1742510674.149885
4,71.053,1742510674.149885
5,70.549,1742510674.149885
6,69.026,1742510674.149885
7,73.042,1742510674.149885
0,71.7,1742510674.2000103
1,70.013,1742510674.2000103
2,72.263,1742510674.2000103
3,70.309,1742510674.2000103
4,71.053,1742510674.2000103
5,70.549,1742510674.2000103
6,69.025,1742510674.2000103
7,73.048,1742510674.2000103
0,71.666,1742510674.2501452
1,70.013,1742510674.2501452
2,72.263,1742510674.2501452
3,70.309,1742510674.2501452
4,71.053,1742510674.2501452
5,70.536,1742510674.2501452
6,69.025,1742510674.2501452
7,73.048,1742510674.2501452
0,71.666,1742510674.3002856
1,70.14,1742510674.3002856
2,72.249,1742510674.3002856
3,70.303,1742510674.3002856
4,71.028,1742510674.3002856
5,70.536,1742510674.3002856
6,69.03,1742510674.3002856
7,73.054,1742510674.3002856
0,71.672,1742510674.3504446
1,70.14,1742510674.3504446
2,72.249,1742510674.3504446
3,70.303,1742510674.3504446
4,71.028,1742510674.3504446
5,70.536,1742510674.3504446
6,69.03,1742510674.3504446
7,73.054,1742510674.3504446
0,71.672,1742510674.400585
1,70.045,1742510674.400585
2,72.25,1742510674.400585
3,70.317,1742510674.400585
4,71.048,1742510674.400585
5,70.536,1742510674.400585
6,69.031,1742510674.400585
7,73.06,1742510674.400585
0,71.687,1742510674.4507215
1,70.045,1742510674.4507215
2,72.25,1742510674.4507215
3,70.317,1742510674.4507215
4,71.048,1742510674.4507215
5,70.532,1742510674.4507215
6,69.031,1742510674.4507215
7,73.06,1742510674.4507215
0,71.687,1742510674.500848
1,70.128,1742510674.500848
2,72.23,1742510674.500848
3,70.323,1742510674.500848
4,71.036,1742510674.500848
5,70.532,1742510674.500848
6,69.031,1742510674.500848
7,73.046,1742510674.500848
0,71.7,1742510674.5509882
1,70.128,1742510674.5509882
2,72.23,1742510674.5509882
3,70.323,1742510674.5509882
4,71.036,1742510674.5509882
5,70.526,1742510674.5509882
6,69.02,1742510674.5509882
7,73.046,1742510674.5509882
0,71.7,1742510674.6011233
1,70.011,1742510674.6011233
2,72.237,1742510674.6011233
3,70.316,1742510674.6011233
4,71.048,1742510674.6011233
5,70.526,1742510674.6011233
6,69.02,1742510674.6011233
7,73.039,1742510674.6011233
0,71.684,1742510674.6512597
1,70.011,1742510674.6512597
2,72.237,1742510674.6512597
3,70.316,1742510674.6512597
4,71.048,1742510674.6512597
5,70.522,1742510674.6512597
6,69.027,1742510674.6512597
7,73.039,1742510674.6512597
0,71.684,1742510674.7013967
1,70.079,1742510674.7013967
2,72.222,1742510674.7013967
3,70.303,1742510674.7013967
4,71.05,1742510674.7013967
5,70.522,1742510674.7013967
6,69.027,1742510674.7013967
7,73.012,1742510674.7013967
0,71.685,1742510674.7515218
1,70.079,1742510674.7515218
2,72.222,1742510674.7515218
3,70.303,1742510674.7515218
4,71.05,1742510674.7515218
5,70.535,1742510674.7515218
6,69.021,1742510674.7515218
7,73.012,1742510674.7515218
0,71.685,1742510674.8016567
1,70.036,1742510674.8016567
2,72.23,1742510674.8016567
3,70.316,1742510674.8016567
4,71.03,1742510674.8016567
5,70.535,1742510674.8016567
6,69.021,1742510674.8016567
7,73.003,1742510674.8016567
0,71.671,1742510674.8517973
1,70.036,1742510674.8517973
2,72.23,1742510674.8517973
3,70.316,1742510674.8517973
4,71.03,1742510674.8517973
5,70.519,1742510674.8517973
6,69.006,1742510674.8517973
7,73.003,1742510674.8517973
0,71.671,1742510674.9019248
1,70.037,1742510674.9019248
2,72.223,1742510674.9019248
3,70.296,1742510674.9019248
4,71.03,1742510674.9019248
5,70.519,1742510674.9019248
6,69.006,1742510674.9019248
7,73.002,1742510674.9019248
0,71.664,1742510674.9520607
1,70.037,1742510674.9520607
2,72.223,1742510674.9520607
3,70.296,1742510674.9520607
4,71.03,1742510674.9520607
5,70.539,1742510674.9520607
6,68.998,1742510674.9520607
7,73.002,1742510674.9520607
0,71.664,1742510675.0022006
1,70.071,1742510675.0022006
2,72.224,1742510675.0022006
3,70.302,1742510675.0022006
4,71.017,1742510675.0022006
5,70.539,1742510675.0022006
6,68.998,1742510675.0022006
7,73.002,1742510675.0022006
0,71.643,1742510675.0523381
1,70.071,1742510675.0523381
2,72.224,1742510675.0523381
3,70.302,1742510675.0523381
4,71.017,1742510675.0523381
5,70.518,1742510675.0523381
6,68.998,1742510675.0523381
7,73.002,1742510675.0523381
0,71.643,1742510675.1024778
1,69.982,1742510675.1024778
2,72.224,1742510675.1024778
3,70.305,1742510675.1024778
4,71.004,1742510675.1024778
5,70.518,1742510675.1024778
6,68.998,1742510675.1024778
7,73.022,1742510675.1024778
0,71.628,1742510675.1526153
1,69.982,1742510675.1526153
2,72.224,1742510675.1526153
3,70.305,1742510675.1526153
4,71.004,1742510675.1526153
5,70.529,1742510675.1526153
6,68.985,1742510675.1526153
7,73.022,1742510675.1526153
0,71.628,1742510675.2027512
1,70.071,1742510675.2027512
2,72.204,1742510675.2027512
3,70.283,1742510675.2027512
4,71.002,1742510675.2027512
5,70.529,1742510675.2027512
6,68.985,1742510675.2027512
7,73.008,1742510675.2027512
0,71.65,1742510675.2528844
1,70.071,1742510675.2528844
2,72.204,1742510675.2528844
3,70.283,1742510675.2528844
4,71.002,1742510675.2528844
5,70.505,1742510675.2528844
6,68.993,1742510675.2528844
7,73.008,1742510675.2528844
0,71.65,1742510675.3030336
1,69.914,1742510675.3030336
2,72.224,1742510675.3030336
3,70.279,1742510675.3030336
4,70.99,1742510675.3030336
5,70.505,1742510675.3030336
6,68.993,1742510675.3030336
7,73.003,1742510675.3030336
0,71.651,1742510675.353158
1,69.914,1742510675.353158
2,72.224,1742510675.353158
3,70.279,1742510675.353158
4,70.99,1742510675.353158
5,70.509,1742510675.353158
6,68.979,1742510675.353158
7,73.003,1742510675.353158
0,71.651,1742510675.4032989
1,70.049,1742510675.4032989
2,72.237,1742510675.4032989
3,70.259,1742510675.4032989
4,70.996,1742510675.4032989
5,70.509,1742510675.4032989
6,68.979,1742510675.4032989
7,72.999,1742510675.4032989
0,71.642,1742510675.4534495
1,70.049,1742510675.4534495
2,72.237,1742510675.4534495
3,70.259,1742510675.4534495
4,70.996,1742510675.4534495
5,70.5,1742510675.4534495
6,68.973,1742510675.4534495
7,72.999,1742510675.4534495
0,71.642,1742510675.5035906
1,69.949,1742510675.5035906
2,72.235,1742510675.5035906
3,70.247,1742510675.5035906
4,71.003,1742510675.5035906
5,70.5,1742510675.5035906
6,68.973,1742510675.5035906
7,72.98,1742510675.5035906
0,71.602,1742510675.5537367
1,69.949,1742510675.5537367
2,72.235,1742510675.5537367
3,70.247,1742510675.5537367
4,71.003,1742510675.5537367
5,70.493,1742510675.5537367
6,68.951,1742510675.5537367
7,72.98,1742510675.5537367
0,71.602,1742510675.603874
1,70.049,1742510675.603874
2,72.224,1742510675.603874
3,70.256,1742510675.603874
4,71.011,1742510675.603874
5,70.493,1742510675.603874
6,68.951,1742510675.603874
7,72.948,1742510675.603874
0,71.589,1742510675.654012
1,70.049,1742510675.654012
2,72.224,1742510675.654012
3,70.256,1742510675.654012
4,71.011,1742510675.654012
5,70.491,1742510675.654012
6,68.951,1742510675.654012
7,72.948,1742510675.654012
0,71.589,1742510675.7041485
1,69.982,1742510675.7041485
2,72.23,1742510675.7041485
3,70.256,1742510675.7041485
4,71.01,1742510675.7041485
5,70.491,1742510675.7041485
6,68.951,1742510675.7041485
7,72.957,1742510675.7041485
0,71.582,1742510675.7542853
1,69.982,1742510675.7542853
2,72.23,1742510675.7542853
3,70.256,1742510675.7542853
4,71.01,1742510675.7542853
5,70.498,1742510675.7542853
6,68.938,1742510675.7542853
7,72.957,1742510675.7542853
0,71.582,1742510675.8044236
1,70.052,1742510675.8044236
2,72.235,1742510675.8044236
3,70.23,1742510675.8044236
4,71.023,1742510675.8044236
5,70.498,1742510675.8044236
6,68.938,1742510675.8044236
7,72.958,1742510675.8044236
0,71.61,1742510675.8545477
1,70.052,1742510675.8545477
2,72.235,1742510675.8545477
3,70.23,1742510675.8545477
4,71.023,1742510675.8545477
5,70.509,1742510675.8545477
6,68.925,1742510675.8545477
7,72.958,1742510675.8545477
0,71.61,1742510675.9046738
1,69.996,1742510675.9046738
2,72.237,1742510675.9046738
3,70.237,1742510675.9046738
4,71.024,1742510675.9046738
5,70.509,1742510675.9046738
6,68.925,1742510675.9046738
7,72.943,1742510675.9046738
0,71.63,1742510675.9547994
1,69.996,1742510675.9547994
2,72.237,1742510675.9547994
3,70.237,1742510675.9547994
4,71.024,1742510675.9547994
5,70.489,1742510675.9547994
6,68.933,1742510675.9547994
7,72.943,1742510675.9547994
0,71.63,1742510676.0049365
1,69.975,1742510676.0049365
2,72.236,1742510676.0049365
3,70.25,1742510676.0049365
4,71.037,1742510676.0049365
5,70.489,1742510676.0049365
6,68.933,1742510676.0049365
7,72.955,1742510676.0049365
0,71.652,1742510676.0550752
1,69.975,1742510676.0550752
2,72.236,1742510676.0550752
3,70.25,1742510676.0550752
4,71.037,1742510676.0550752
5,70.505,1742510676.0550752
6,68.92,1742510676.0550752
7,72.955,1742510676.0550752
0,71.652,1742510676.1052122
1,69.987,1742510676.1052122
2,72.229,1742510676.1052122
3,70.243,1742510676.1052122
4,71.037,1742510676.1052122
5,70.505,1742510676.1052122
6,68.92,1742510676.1052122
7,72.948,1742510676.1052122
0,71.651,1742510676.1553495
1,69.987,1742510676.1553495
2,72.229,1742510676.1553495
3,70.243,1742510676.1553495
4,71.037,1742510676.1553495
5,70.482,1742510676.1553495
6,68.926,1742510676.1553495
7,72.948,1742510676.1553495
0,71.651,1742510676.2054873
1,69.98,1742510676.2054873
2,72.209,1742510676.2054873
3,70.23,1742510676.2054873
4,71.037,1742510676.2054873
5,70.482,1742510676.2054873
6,68.926,1742510676.2054873
7,72.927,1742510676.2054873
0,71.631,1742510676.2556245
1,69.98,1742510676.2556245
2,72.209,1742510676.2556245
3,70.23,1742510676.2556245
4,71.037,1742510676.2556245
5,70.508,1742510676.2556245
6,68.925,1742510676.2556245
7,72.927,1742510676.2556245
0,71.631,1742510676.3057642
1,70.027,1742510676.3057642
2,72.195,1742510676.3057642
3,70.25,1742510676.3057642
4,71.045,1742510676.3057642
5,70.508,1742510676.3057642
6,68.925,1742510676.3057642
7,72.908,1742510676.3057642
0,71.602,1742510676.3559
1,70.027,1742510676.3559
2,72.195,1742510676.3559
3,70.25,1742510676.3559
4,71.045,1742510676.3559
5,70.467,1742510676.3559
6,68.918,1742510676.3559
7,72.908,1742510676.3559
0,71.602,1742510676.406038
1,69.928,1742510676.406038
2,72.195,1742510676.406038
3,70.256,1742510676.406038
4,71.045,1742510676.406038
5,70.467,1742510676.406038
6,68.918,1742510676.406038
7,72.896,1742510676.406038
0,71.581,1742510676.4561648
1,69.928,1742510676.4561648
2,72.195,1742510676.4561648
3,70.256,1742510676.4561648
4,71.045,1742510676.4561648
5,70.483,1742510676.4561648
6,68.918,1742510676.4561648
7,72.896,1742510676.4561648
0,71.581,1742510676.5063066
1,70.011,1742510676.5063066
2,72.202,1742510676.5063066
3,70.256,1742510676.5063066
4,71.039,1742510676.5063066
5,70.483,1742510676.5063066
6,68.918,1742510676.5063066
7,72.896,1742510676.5063066
0,71.601,1742510676.5564437
1,70.011,1742510676.5564437
2,72.202,1742510676.5564437
3,70.256,1742510676.5564437
4,71.039,1742510676.5564437
5,70.47,1742510676.5564437
6,68.911,1742510676.5564437
7,72.896,1742510676.5564437
0,71.601,1742510676.6065805
1,69.867,1742510676.6065805
2,72.196,1742510676.6065805
3,70.253,1742510676.6065805
4,71.037,1742510676.6065805
5,70.47,1742510676.6065805
6,68.911,1742510676.6065805
7,72.909,1742510676.6065805
0,71.622,1742510676.656718
1,69.867,1742510676.656718
2,72.196,1742510676.656718
3,70.253,1742510676.656718
4,71.037,1742510676.656718
5,70.507,1742510676.656718
6,68.933,1742510676.656718
7,72.909,1742510676.656718
0,71.622,1742510676.7068586
1,69.997,1742510676.7068586
2,72.176,1742510676.7068586
3,70.24,1742510676.7068586
4,71.038,1742510676.7068586
5,70.507,1742510676.7068586
6,68.933,1742510676.7068586
7,72.908,1742510676.7068586
0,71.629,1742510676.756996
1,69.997,1742510676.756996
2,72.176,1742510676.756996
3,70.24,1742510676.756996
4,71.038,1742510676.756996
5,70.479,1742510676.756996
6,68.933,1742510676.756996
7,72.908,1742510676.756996
0,71.629,1742510676.8071551
1,69.873,1742510676.8071551
2,72.182,1742510676.8071551
3,70.237,1742510676.8071551
4,71.038,1742510676.8071551
5,70.479,1742510676.8071551
6,68.933,1742510676.8071551
7,72.9,1742510676.8071551
0,71.601,1742510676.8572962
1,69.873,1742510676.8572962
2,72.182,1742510676.8572962
3,70.237,1742510676.8572962
4,71.031,1742510676.8572962
5,70.479,1742510676.8572962
6,68.931,1742510676.8572962
7,72.9,1742510676.8572962
0,71.601,1742510676.9074278
1,70.006,1742510676.9074278
2,72.162,1742510676.9074278
3,70.237,1742510676.9074278
4,71.031,1742510676.9074278
5,70.481,1742510676.9074278
6,68.931,1742510676.9074278
7,72.9,1742510676.9074278
0,71.577,1742510676.9575682
1,70.006,1742510676.9575682
2,72.162,1742510676.9575682
3,70.237,1742510676.9575682
4,71.038,1742510676.9575682
5,70.481,1742510676.9575682
6,68.932,1742510676.9575682
7,72.9,1742510676.9575682
0,71.577,1742510677.0077076
1,70.006,1742510677.0077076
2,72.159,1742510677.0077076
3,70.243,1742510677.0077076
4,71.038,1742510677.0077076
5,70.475,1742510677.0077076
6,68.932,1742510677.0077076
7,72.887,1742510677.0077076
0,71.552,1742510677.057839
1,69.935,1742510677.057839
2,72.159,1742510677.057839
3,70.243,1742510677.057839
4,71.032,1742510677.057839
5,70.475,1742510677.057839
6,68.938,1742510677.057839
7,72.887,1742510677.057839
0,71.552,1742510677.108001
1,69.935,1742510677.108001
2,72.165,1742510677.108001
3,70.234,1742510677.108001
4,71.032,1742510677.108001
5,70.475,1742510677.108001
6,68.938,1742510677.108001
7,72.873,1742510677.108001
0,71.539,1742510677.1581345
1,69.972,1742510677.1581345
2,72.165,1742510677.1581345
3,70.234,1742510677.1581345
4,71.024,1742510677.1581345
5,70.475,1742510677.1581345
6,68.925,1742510677.1581345
7,72.873,1742510677.1581345
0,71.539,1742510677.2082617
1,69.972,1742510677.2082617
2,72.163,1742510677.2082617
3,70.273,1742510677.2082617
4,71.024,1742510677.2082617
5,70.488,1742510677.2082617
6,68.925,1742510677.2082617
7,72.88,1742510677.2082617
0,71.543,1742510677.2584016
1,69.959,1742510677.2584016
2,72.163,1742510677.2584016
3,70.273,1742510677.2584016
4,71.032,1742510677.2584016
5,70.488,1742510677.2584016
6,68.938,1742510677.2584016
7,72.88,1742510677.2584016
0,71.543,1742510677.3085284
1,69.959,1742510677.3085284
2,72.166,1742510677.3085284
3,70.263,1742510677.3085284
4,71.032,1742510677.3085284
5,70.469,1742510677.3085284
6,68.938,1742510677.3085284
7,72.874,1742510677.3085284
0,71.547,1742510677.3586664
1,69.939,1742510677.3586664
2,72.166,1742510677.3586664
3,70.263,1742510677.3586664
4,71.032,1742510677.3586664
5,70.469,1742510677.3586664
6,68.919,1742510677.3586664
7,72.874,1742510677.3586664
0,71.547,1742510677.4087925
1,69.939,1742510677.4087925
2,72.159,1742510677.4087925
3,70.23,1742510677.4087925
4,71.032,1742510677.4087925
5,70.495,1742510677.4087925
6,68.919,1742510677.4087925
7,72.86,1742510677.4087925
0,71.57,1742510677.4589322
1,70.002,1742510677.4589322
2,72.159,1742510677.4589322
3,70.23,1742510677.4589322
4,71.032,1742510677.4589322
5,70.495,1742510677.4589322
6,68.925,1742510677.4589322
7,72.86,1742510677.4589322
0,71.57,1742510677.5090709
1,70.002,1742510677.5090709
2,72.159,1742510677.5090709
3,70.223,1742510677.5090709
4,71.032,1742510677.5090709
5,70.475,1742510677.5090709
6,68.925,1742510677.5090709
7,72.867,1742510677.5090709
0,71.578,1742510677.5591967
1,69.927,1742510677.5591967
2,72.159,1742510677.5591967
3,70.223,1742510677.5591967
4,71.012,1742510677.5591967
5,70.475,1742510677.5591967
6,68.926,1742510677.5591967
7,72.867,1742510677.5591967
0,71.578,1742510677.6093338
1,69.927,1742510677.6093338
2,72.146,1742510677.6093338
3,70.236,1742510677.6093338
4,71.012,1742510677.6093338
5,70.488,1742510677.6093338
6,68.926,1742510677.6093338
7,72.852,1742510677.6093338
0,71.565,1742510677.6594748
1,70.006,1742510677.6594748
2,72.146,1742510677.6594748
3,70.236,1742510677.6594748
4,71.011,1742510677.6594748
5,70.488,1742510677.6594748
6,68.898,1742510677.6594748
7,72.852,1742510677.6594748
0,71.565,1742510677.7096126
1,70.006,1742510677.7096126
2,72.153,1742510677.7096126
3,70.23,1742510677.7096126
4,71.011,1742510677.7096126
5,70.441,1742510677.7096126
6,68.898,1742510677.7096126
7,72.851,1742510677.7096126
0,71.543,1742510677.7597485
1,69.925,1742510677.7597485
2,72.153,1742510677.7597485
3,70.23,1742510677.7597485
4,71.018,1742510677.7597485
5,70.441,1742510677.7597485
6,68.91,1742510677.7597485
7,72.851,1742510677.7597485
0,71.543,1742510677.8098855
1,69.925,1742510677.8098855
2,72.143,1742510677.8098855
3,70.24,1742510677.8098855
4,71.018,1742510677.8098855
5,70.447,1742510677.8098855
6,68.91,1742510677.8098855
7,72.858,1742510677.8098855
0,71.534,1742510677.8600113
1,70.042,1742510677.8600113
2,72.143,1742510677.8600113
3,70.24,1742510677.8600113
4,71.013,1742510677.8600113
5,70.447,1742510677.8600113
6,68.905,1742510677.8600113
7,72.858,1742510677.8600113
0,71.534,1742510677.9101386
1,70.042,1742510677.9101386
2,72.15,1742510677.9101386
3,70.237,1742510677.9101386
4,71.013,1742510677.9101386
5,70.419,1742510677.9101386
6,68.905,1742510677.9101386
7,72.845,1742510677.9101386
0,71.527,1742510677.960278
1,69.895,1742510677.960278
2,72.15,1742510677.960278
3,70.237,1742510677.960278
4,71.006,1742510677.960278
5,70.419,1742510677.960278
6,68.914,1742510677.960278
7,72.845,1742510677.960278
0,71.527,1742510678.0104153
1,69.895,1742510678.0104153
2,72.15,1742510678.0104153
3,70.237,1742510678.0104153
4,71.006,1742510678.0104153
5,70.445,1742510678.0104153
6,68.914,1742510678.0104153
7,72.851,1742510678.0104153
0,71.528,1742510678.0605526
1,70.038,1742510678.0605526
2,72.15,1742510678.0605526
3,70.237,1742510678.0605526
4,70.998,1742510678.0605526
5,70.445,1742510678.0605526
6,68.907,1742510678.0605526
7,72.851,1742510678.0605526
0,71.528,1742510678.1106904
1,70.038,1742510678.1106904
2,72.15,1742510678.1106904
3,70.223,1742510678.1106904
4,70.998,1742510678.1106904
5,70.419,1742510678.1106904
6,68.907,1742510678.1106904
7,72.838,1742510678.1106904
0,71.514,1742510678.16081
1,69.883,1742510678.16081
2,72.157,1742510678.16081
3,70.223,1742510678.16081
4,71.005,1742510678.16081
5,70.419,1742510678.16081
6,68.92,1742510678.16081
7,72.838,1742510678.16081
0,71.514,1742510678.2109475
1,69.883,1742510678.2109475
2,72.157,1742510678.2109475
3,70.204,1742510678.2109475
4,71.005,1742510678.2109475
5,70.44,1742510678.2109475
6,68.92,1742510678.2109475
7,72.833,1742510678.2109475
0,71.484,1742510678.2610846
1,70.001,1742510678.2610846
2,72.15,1742510678.2610846
3,70.204,1742510678.2610846
4,71.01,1742510678.2610846
5,70.44,1742510678.2610846
6,68.926,1742510678.2610846
7,72.833,1742510678.2610846
0,71.484,1742510678.3112214
1,70.001,1742510678.3112214
2,72.15,1742510678.3112214
3,70.197,1742510678.3112214
4,71.01,1742510678.3112214
5,70.414,1742510678.3112214
6,68.926,1742510678.3112214
7,72.839,1742510678.3112214
0,71.485,1742510678.3613508
1,69.894,1742510678.3613508
2,72.143,1742510678.3613508
3,70.197,1742510678.3613508
4,71.011,1742510678.3613508
5,70.414,1742510678.3613508
6,68.932,1742510678.3613508
7,72.839,1742510678.3613508
0,71.485,1742510678.4114866
1,69.894,1742510678.4114866
2,72.143,1742510678.4114866
3,70.208,1742510678.4114866
4,71.011,1742510678.4114866
5,70.402,1742510678.4114866
6,68.932,1742510678.4114866
7,72.824,1742510678.4114866
0,71.456,1742510678.4616241
1,69.968,1742510678.4616241
2,72.14,1742510678.4616241
3,70.208,1742510678.4616241
4,71.017,1742510678.4616241
5,70.402,1742510678.4616241
6,68.932,1742510678.4616241
7,72.824,1742510678.4616241
0,71.456,1742510678.51178
1,69.968,1742510678.51178
2,72.14,1742510678.51178
3,70.243,1742510678.51178
4,71.017,1742510678.51178
5,70.423,1742510678.51178
6,68.932,1742510678.51178
7,72.831,1742510678.51178
0,71.456,1742510678.5619178
1,69.929,1742510678.5619178
2,72.124,1742510678.5619178
3,70.243,1742510678.5619178
4,71.004,1742510678.5619178
5,70.423,1742510678.5619178
6,68.932,1742510678.5619178
7,72.831,1742510678.5619178
0,71.45,1742510678.6120553
1,69.929,1742510678.6120553
2,72.124,1742510678.6120553
3,70.23,1742510678.6120553
4,71.004,1742510678.6120553
5,70.39,1742510678.6120553
6,68.932,1742510678.6120553
7,72.832,1742510678.6120553
0,71.45,1742510678.6621928
1,69.891,1742510678.6621928
2,72.117,1742510678.6621928
3,70.23,1742510678.6621928
4,71.019,1742510678.6621928
5,70.39,1742510678.6621928
6,68.927,1742510678.6621928
7,72.832,1742510678.6621928
0,71.451,1742510678.7123325
1,69.891,1742510678.7123325
2,72.117,1742510678.7123325
3,70.224,1742510678.7123325
4,71.019,1742510678.7123325
5,70.417,1742510678.7123325
6,68.927,1742510678.7123325
7,72.832,1742510678.7123325
0,71.451,1742510678.7624612
1,69.95,1742510678.7624612
2,72.111,1742510678.7624612
3,70.224,1742510678.7624612
4,71.012,1742510678.7624612
5,70.417,1742510678.7624612
6,68.913,1742510678.7624612
7,72.81,1742510678.7624612
0,71.451,1742510678.8126006
1,69.95,1742510678.8126006
2,72.111,1742510678.8126006
3,70.211,1742510678.8126006
4,71.012,1742510678.8126006
5,70.391,1742510678.8126006
6,68.913,1742510678.8126006
7,72.81,1742510678.8126006
0,71.451,1742510678.8627381
1,69.848,1742510678.8627381
2,72.114,1742510678.8627381
3,70.211,1742510678.8627381
4,71.018,1742510678.8627381
5,70.391,1742510678.8627381
6,68.899,1742510678.8627381
7,72.84,1742510678.8627381
0,71.458,1742510678.9128776
1,69.848,1742510678.9128776
2,72.114,1742510678.9128776
3,70.196,1742510678.9128776
4,71.018,1742510678.9128776
5,70.412,1742510678.9128776
6,68.899,1742510678.9128776
7,72.84,1742510678.9128776
0,71.458,1742510678.963015
1,69.943,1742510678.963015
2,72.101,1742510678.963015
3,70.196,1742510678.963015
4,71.011,1742510678.963015
5,70.412,1742510678.963015
6,68.898,1742510678.963015
7,72.828,1742510678.963015
0,71.43,1742510679.013156
1,69.943,1742510679.013156
2,72.101,1742510679.013156
3,70.196,1742510679.013156
4,71.011,1742510679.013156
5,70.392,1742510679.013156
6,68.898,1742510679.013156
7,72.828,1742510679.013156
0,71.43,1742510679.0632923
1,69.813,1742510679.0632923
2,72.088,1742510679.0632923
3,70.198,1742510679.0632923
4,71.011,1742510679.0632923
5,70.392,1742510679.0632923
6,68.898,1742510679.0632923
7,72.829,1742510679.0632923
0,71.449,1742510679.1134303
1,69.813,1742510679.1134303
2,72.088,1742510679.1134303
3,70.198,1742510679.1134303
4,71.011,1742510679.1134303
5,70.404,1742510679.1134303
6,68.898,1742510679.1134303
7,72.829,1742510679.1134303
0,71.449,1742510679.163566
1,69.957,1742510679.163566
2,72.088,1742510679.163566
3,70.198,1742510679.163566
4,70.991,1742510679.163566
5,70.404,1742510679.163566
6,68.885,1742510679.163566
7,72.849,1742510679.163566
0,71.445,1742510679.2137206
1,69.957,1742510679.2137206
2,72.088,1742510679.2137206
3,70.198,1742510679.2137206
4,70.991,1742510679.2137206
5,70.351,1742510679.2137206
6,68.885,1742510679.2137206
7,72.849,1742510679.2137206
0,71.445,1742510679.2638474
1,69.811,1742510679.2638474
2,72.084,1742510679.2638474
3,70.209,1742510679.2638474
4,70.978,1742510679.2638474
5,70.351,1742510679.2638474
6,68.891,1742510679.2638474
7,72.852,1742510679.2638474
0,71.499,1742510679.3139918
1,69.811,1742510679.3139918
2,72.084,1742510679.3139918
3,70.209,1742510679.3139918
4,70.978,1742510679.3139918
5,70.371,1742510679.3139918
6,68.891,1742510679.3139918
7,72.852,1742510679.3139918
0,71.499,1742510679.364118
1,69.942,1742510679.364118
2,72.078,1742510679.364118
3,70.205,1742510679.364118
4,71.0,1742510679.364118
5,70.371,1742510679.364118
6,68.88,1742510679.364118
7,72.817,1742510679.364118
0,71.514,1742510679.4142604
1,69.942,1742510679.4142604
2,72.078,1742510679.4142604
3,70.205,1742510679.4142604
4,71.0,1742510679.4142604
5,70.37,1742510679.4142604
6,68.88,1742510679.4142604
7,72.817,1742510679.4142604
0,71.514,1742510679.4643993
1,69.792,1742510679.4643993
2,72.071,1742510679.4643993
3,70.198,1742510679.4643993
4,71.007,1742510679.4643993
5,70.37,1742510679.4643993
6,68.879,1742510679.4643993
7,72.798,1742510679.4643993
0,71.525,1742510679.5145373
1,69.792,1742510679.5145373
2,72.071,1742510679.5145373
3,70.198,1742510679.5145373
4,71.007,1742510679.5145373
5,70.396,1742510679.5145373
6,68.879,1742510679.5145373
7,72.798,1742510679.5145373
0,71.525,1742510679.5646827
1,69.923,1742510679.5646827
2,72.072,1742510679.5646827
3,70.189,1742510679.5646827
4,71.005,1742510679.5646827
5,70.396,1742510679.5646827
6,68.881,1742510679.5646827
7,72.8,1742510679.5646827
0,71.559,1742510679.6148217
1,69.923,1742510679.6148217
2,72.072,1742510679.6148217
3,70.189,1742510679.6148217
4,71.005,1742510679.6148217
5,70.39,1742510679.6148217
6,68.881,1742510679.6148217
7,72.8,1742510679.6148217
0,71.559,1742510679.6649597
1,69.821,1742510679.6649597
2,72.065,1742510679.6649597
3,70.183,1742510679.6649597
4,71.006,1742510679.6649597
5,70.39,1742510679.6649597
6,68.854,1742510679.6649597
7,72.8,1742510679.6649597
0,71.541,1742510679.715168
1,69.821,1742510679.715168
2,72.065,1742510679.715168
3,70.183,1742510679.715168
4,71.006,1742510679.715168
5,70.377,1742510679.715168
6,68.854,1742510679.715168
7,72.8,1742510679.715168
0,71.541,1742510679.7652931
1,69.921,1742510679.7652931
2,72.059,1742510679.7652931
3,70.189,1742510679.7652931
4,70.978,1742510679.7652931
5,70.377,1742510679.7652931
6,68.865,1742510679.7652931
7,72.794,1742510679.7652931
0,71.562,1742510679.8154385
1,69.921,1742510679.8154385
2,72.059,1742510679.8154385
3,70.189,1742510679.8154385
4,70.978,1742510679.8154385
5,70.389,1742510679.8154385
6,68.865,1742510679.8154385
7,72.794,1742510679.8154385
0,71.562,1742510679.8655832
1,69.864,1742510679.8655832
2,72.059,1742510679.8655832
3,70.189,1742510679.8655832
4,70.985,1742510679.8655832
5,70.389,1742510679.8655832
6,68.852,1742510679.8655832
7,72.794,1742510679.8655832
0,71.562,1742510679.9157093
1,69.864,1742510679.9157093
2,72.059,1742510679.9157093
3,70.189,1742510679.9157093
4,70.985,1742510679.9157093
5,70.376,1742510679.9157093
6,68.852,1742510679.9157093
7,72.794,1742510679.9157093
0,71.562,1742510679.9658332
1,69.869,1742510679.9658332
2,72.065,1742510679.9658332
3,70.176,1742510679.9658332
4,70.977,1742510679.9658332
5,70.376,1742510679.9658332
6,68.848,1742510679.9658332
7,72.786,1742510679.9658332
0,71.557,1742510680.0159633
1,69.869,1742510680.0159633
2,72.065,1742510680.0159633
3,70.176,1742510680.0159633
4,70.977,1742510680.0159633
5,70.382,1742510680.0159633
6,68.848,1742510680.0159633
7,72.786,1742510680.0159633
0,71.557,1742510680.0661
1,69.875,1742510680.0661
2,72.065,1742510680.0661
3,70.195,1742510680.0661
4,71.005,1742510680.0661
5,70.382,1742510680.0661
6,68.846,1742510680.0661
7,72.779,1742510680.0661
0,71.557,1742510680.1162298
1,69.875,1742510680.1162298
2,72.065,1742510680.1162298
3,70.195,1742510680.1162298
4,71.005,1742510680.1162298
5,70.376,1742510680.1162298
6,68.846,1742510680.1162298
7,72.779,1742510680.1162298
0,71.557,1742510680.166374
1,69.819,1742510680.166374
2,72.072,1742510680.166374
3,70.195,1742510680.166374
4,71.005,1742510680.166374
5,70.376,1742510680.166374
6,68.852,1742510680.166374
7,72.758,1742510680.166374
0,71.568,1742510680.2165112
1,69.819,1742510680.2165112
2,72.072,1742510680.2165112
3,70.195,1742510680.2165112
4,71.005,1742510680.2165112
5,70.409,1742510680.2165112
6,68.852,1742510680.2165112
7,72.758,1742510680.2165112
0,71.568,1742510680.2666523
1,69.898,1742510680.2666523
2,72.065,1742510680.2666523
3,70.19,1742510680.2666523
4,71.018,1742510680.2666523
5,70.409,1742510680.2666523
6,68.845,1742510680.2666523
7,72.741,1742510680.2666523
0,71.537,1742510680.3167908
1,69.898,1742510680.3167908
2,72.065,1742510680.3167908
3,70.19,1742510680.3167908
4,71.018,1742510680.3167908
5,70.376,1742510680.3167908
6,68.845,1742510680.3167908
7,72.741,1742510680.3167908
0,71.537,1742510680.3669138
1,69.784,1742510680.3669138
2,72.072,1742510680.3669138
3,70.19,1742510680.3669138
4,71.004,1742510680.3669138
5,70.376,1742510680.3669138
6,68.831,1742510680.3669138
7,72.735,1742510680.3669138
0,71.505,1742510680.4170392
1,69.784,1742510680.4170392
2,72.072,1742510680.4170392
3,70.19,1742510680.4170392
4,71.004,1742510680.4170392
5,70.375,1742510680.4170392
6,68.831,1742510680.4170392
7,72.735,1742510680.4170392
0,71.505,1742510680.4671772
1,69.92,1742510680.4671772
2,72.076,1742510680.4671772
3,70.188,1742510680.4671772
4,70.969,1742510680.4671772
5,70.375,1742510680.4671772
6,68.831,1742510680.4671772
7,72.756,1742510680.4671772
0,71.499,1742510680.5173175
1,69.92,1742510680.5173175
2,72.076,1742510680.5173175
3,70.188,1742510680.5173175
4,70.969,1742510680.5173175
5,70.349,1742510680.5173175
6,68.831,1742510680.5173175
7,72.756,1742510680.5173175
0,71.499,1742510680.5674553
1,69.797,1742510680.5674553
2,72.076,1742510680.5674553
3,70.17,1742510680.5674553
4,70.962,1742510680.5674553
5,70.349,1742510680.5674553
6,68.831,1742510680.5674553
7,72.763,1742510680.5674553
0,71.486,1742510680.6175911
1,69.797,1742510680.6175911
2,72.076,1742510680.6175911
3,70.17,1742510680.6175911
4,70.962,1742510680.6175911
5,70.369,1742510680.6175911
6,68.844,1742510680.6175911
7,72.763,1742510680.6175911
0,71.486,1742510680.6677892
1,69.946,1742510680.6677892
2,72.078,1742510680.6677892
3,70.203,1742510680.6677892
4,70.961,1742510680.6677892
5,70.369,1742510680.6677892
6,68.844,1742510680.6677892
7,72.775,1742510680.6677892
0,71.501,1742510680.717926
1,69.946,1742510680.717926
2,72.078,1742510680.717926
3,70.203,1742510680.717926
4,70.961,1742510680.717926
5,70.369,1742510680.717926
6,68.838,1742510680.717926
7,72.775,1742510680.717926
0,71.501,1742510680.7680726
1,69.844,1742510680.7680726
2,72.082,1742510680.7680726
3,70.183,1742510680.7680726
4,70.962,1742510680.7680726
5,70.369,1742510680.7680726
6,68.838,1742510680.7680726
7,72.789,1742510680.7680726
0,71.501,1742510680.818214
1,69.844,1742510680.818214
2,72.082,1742510680.818214
3,70.183,1742510680.818214
4,70.962,1742510680.818214
5,70.376,1742510680.818214
6,68.851,1742510680.818214
7,72.789,1742510680.818214
0,71.501,1742510680.8683503
1,69.914,1742510680.8683503
2,72.089,1742510680.8683503
3,70.17,1742510680.8683503
4,70.955,1742510680.8683503
5,70.376,1742510680.8683503
6,68.851,1742510680.8683503
7,72.757,1742510680.8683503
0,71.524,1742510680.9184966
1,69.914,1742510680.9184966
2,72.089,1742510680.9184966
3,70.17,1742510680.9184966
4,70.955,1742510680.9184966
5,70.389,1742510680.9184966
6,68.844,1742510680.9184966
7,72.757,1742510680.9184966
0,71.524,1742510680.9686341
1,69.865,1742510680.9686341
2,72.069,1742510680.9686341
3,70.164,1742510680.9686341
4,70.955,1742510680.9686341
5,70.389,1742510680.9686341
6,68.844,1742510680.9686341
7,72.734,1742510680.9686341
0,71.522,1742510681.0187757
1,69.865,1742510681.0187757
2,72.069,1742510681.0187757
3,70.164,1742510681.0187757
4,70.955,1742510681.0187757
5,70.376,1742510681.0187757
6,68.851,1742510681.0187757
7,72.734,1742510681.0187757
0,71.522,1742510681.0689142
1,69.887,1742510681.0689142
2,72.078,1742510681.0689142
3,70.164,1742510681.0689142
4,70.955,1742510681.0689142
5,70.376,1742510681.0689142
6,68.851,1742510681.0689142
7,72.738,1742510681.0689142
0,71.495,1742510681.1190574
1,69.887,1742510681.1190574
2,72.078,1742510681.1190574
3,70.164,1742510681.1190574
4,70.955,1742510681.1190574
5,70.389,1742510681.1190574
6,68.844,1742510681.1190574
7,72.738,1742510681.1190574
0,71.495,1742510681.169185
1,69.921,1742510681.169185
2,72.078,1742510681.169185
3,70.158,1742510681.169185
4,70.941,1742510681.169185
5,70.389,1742510681.169185
6,68.844,1742510681.169185
7,72.732,1742510681.169185
0,71.468,1742510681.2193248
1,69.921,1742510681.2193248
2,72.078,1742510681.2193248
3,70.158,1742510681.2193248
4,70.941,1742510681.2193248
5,70.362,1742510681.2193248
6,68.838,1742510681.2193248
7,72.732,1742510681.2193248
0,71.468,1742510681.2694633
1,69.882,1742510681.2694633
2,72.071,1742510681.2694633
3,70.164,1742510681.2694633
4,70.927,1742510681.2694633
5,70.362,1742510681.2694633
6,68.838,1742510681.2694633
7,72.74,1742510681.2694633
0,71.495,1742510681.319602
1,69.882,1742510681.319602
2,72.071,1742510681.319602
3,70.164,1742510681.319602
4,70.927,1742510681.319602
5,70.376,1742510681.319602
6,68.844,1742510681.319602
7,72.74,1742510681.319602
0,71.495,1742510681.3697462
1,69.921,1742510681.3697462
2,72.058,1742510681.3697462
3,70.184,1742510681.3697462
4,70.921,1742510681.3697462
5,70.376,1742510681.3697462
6,68.844,1742510681.3697462
7,72.755,1742510681.3697462
0,71.508,1742510681.419888
1,69.921,1742510681.419888
2,72.058,1742510681.419888
3,70.184,1742510681.419888
4,70.921,1742510681.419888
5,70.343,1742510681.419888
6,68.847,1742510681.419888
7,72.755,1742510681.419888
0,71.508,1742510681.4700272
1,69.859,1742510681.4700272
2,72.063,1742510681.4700272
3,70.19,1742510681.4700272
4,70.961,1742510681.4700272
5,70.343,1742510681.4700272
6,68.847,1742510681.4700272
7,72.747,1742510681.4700272
0,71.508,1742510681.52017
1,69.859,1742510681.52017
2,72.063,1742510681.52017
3,70.19,1742510681.52017
4,70.961,1742510681.52017
5,70.369,1742510681.52017
6,68.853,1742510681.52017
7,72.747,1742510681.52017
0,71.508,1742510681.5702958
1,69.912,1742510681.5702958
2,72.051,1742510681.5702958
3,70.182,1742510681.5702958
4,70.948,1742510681.5702958
5,70.369,1742510681.5702958
6,68.853,1742510681.5702958
7,72.725,1742510681.5702958
0,71.522,1742510681.6204343
1,69.912,1742510681.6204343
2,72.051,1742510681.6204343
3,70.182,1742510681.6204343
4,70.948,1742510681.6204343
5,70.336,1742510681.6204343
6,68.857,1742510681.6204343
7,72.725,1742510681.6204343
0,71.522,1742510681.6705604
1,69.798,1742510681.6705604
2,72.051,1742510681.6705604
3,70.176,1742510681.6705604
4,70.941,1742510681.6705604
5,70.336,1742510681.6705604
6,68.857,1742510681.6705604
7,72.704,1742510681.6705604
0,71.465,1742510681.7206976
1,69.798,1742510681.7206976
2,72.051,1742510681.7206976
3,70.176,1742510681.7206976
4,70.941,1742510681.7206976
5,70.356,1742510681.7206976
6,68.84,1742510681.7206976
7,72.704,1742510681.7206976
0,71.465,1742510681.7708478
1,69.903,1742510681.7708478
2,72.056,1742510681.7708478
3,70.169,1742510681.7708478
4,70.962,1742510681.7708478
5,70.356,1742510681.7708478
6,68.84,1742510681.7708478
7,72.677,1742510681.7708478
0,71.444,1742510681.8209841
1,69.903,1742510681.8209841
2,72.056,1742510681.8209841
3,70.169,1742510681.8209841
4,70.962,1742510681.8209841
5,70.329,1742510681.8209841
6,68.84,1742510681.8209841
7,72.677,1742510681.8209841
0,71.444,1742510681.8711603
1,69.791,1742510681.8711603
2,72.057,1742510681.8711603
3,70.176,1742510681.8711603
4,70.954,1742510681.8711603
5,70.329,1742510681.8711603
6,68.84,1742510681.8711603
7,72.684,1742510681.8711603
0,71.408,1742510681.9212954
1,69.791,1742510681.9212954
2,72.057,1742510681.9212954
3,70.176,1742510681.9212954
4,70.954,1742510681.9212954
5,70.329,1742510681.9212954
6,68.834,1742510681.9212954
7,72.684,1742510681.9212954
0,71.408,1742510681.9714324
1,69.895,1742510681.9714324
2,72.051,1742510681.9714324
3,70.184,1742510681.9714324
4,70.968,1742510681.9714324
5,70.329,1742510681.9714324
6,68.834,1742510681.9714324
7,72.685,1742510681.9714324
0,71.388,1742510682.0215726
1,69.895,1742510682.0215726
2,72.051,1742510682.0215726
3,70.184,1742510682.0215726
4,70.968,1742510682.0215726
5,70.309,1742510682.0215726
6,68.838,1742510682.0215726
7,72.685,1742510682.0215726
0,71.388,1742510682.0717103
1,69.79,1742510682.0717103
2,72.043,1742510682.0717103
3,70.165,1742510682.0717103
4,70.961,1742510682.0717103
5,70.309,1742510682.0717103
6,68.838,1742510682.0717103
7,72.677,1742510682.0717103
0,71.381,1742510682.1218352
1,69.79,1742510682.1218352
2,72.043,1742510682.1218352
3,70.165,1742510682.1218352
4,70.961,1742510682.1218352
5,70.322,1742510682.1218352
6,68.84,1742510682.1218352
7,72.677,1742510682.1218352
0,71.381,1742510682.171972
1,69.858,1742510682.171972
2,72.038,1742510682.171972
3,70.158,1742510682.171972
4,70.948,1742510682.171972
5,70.322,1742510682.171972
6,68.84,1742510682.171972
7,72.691,1742510682.171972
0,71.38,1742510682.2221105
1,69.858,1742510682.2221105
2,72.038,1742510682.2221105
3,70.158,1742510682.2221105
4,70.948,1742510682.2221105
5,70.329,1742510682.2221105
6,68.847,1742510682.2221105
7,72.691,1742510682.2221105
0,71.38,1742510682.2722478
1,69.779,1742510682.2722478
2,72.043,1742510682.2722478
3,70.144,1742510682.2722478
4,70.949,1742510682.2722478
5,70.329,1742510682.2722478
6,68.847,1742510682.2722478
7,72.683,1742510682.2722478
0,71.386,1742510682.3223834
1,69.779,1742510682.3223834
2,72.043,1742510682.3223834
3,70.144,1742510682.3223834
4,70.949,1742510682.3223834
5,70.329,1742510682.3223834
6,68.837,1742510682.3223834
7,72.683,1742510682.3223834
0,71.386,1742510682.3726556
1,69.822,1742510682.3726556
2,72.05,1742510682.3726556
3,70.125,1742510682.3726556
4,70.929,1742510682.3726556
5,70.322,1742510682.3726556
6,68.837,1742510682.3726556
7,72.673,1742510682.3726556
0,71.366,1742510682.4227955
1,69.822,1742510682.4227955
2,72.05,1742510682.4227955
3,70.125,1742510682.4227955
4,70.929,1742510682.4227955
5,70.322,1742510682.4227955
6,68.824,1742510682.4227955
7,72.673,1742510682.4227955
0,71.366,1742510682.4729335
1,69.792,1742510682.4729335
2,72.045,1742510682.4729335
3,70.118,1742510682.4729335
4,70.949,1742510682.4729335
5,70.342,1742510682.4729335
6,68.824,1742510682.4729335
7,72.655,1742510682.4729335
0,71.331,1742510682.52307
1,69.792,1742510682.52307
2,72.045,1742510682.52307
3,70.118,1742510682.52307
4,70.949,1742510682.52307
5,70.342,1742510682.52307
6,68.811,1742510682.52307
7,72.655,1742510682.52307
0,71.331,1742510682.573207
1,69.815,1742510682.573207
2,72.051,1742510682.573207
3,70.11,1742510682.573207
4,70.949,1742510682.573207
5,70.315,1742510682.573207
6,68.811,1742510682.573207
7,72.669,1742510682.573207
0,71.311,1742510682.6233382
1,69.815,1742510682.6233382
2,72.051,1742510682.6233382
3,70.11,1742510682.6233382
4,70.929,1742510682.6233382
5,70.315,1742510682.6233382
6,68.818,1742510682.6233382
7,72.669,1742510682.6233382
0,71.311,1742510682.673476
1,69.86,1742510682.673476
2,72.045,1742510682.673476
3,70.103,1742510682.673476
4,70.929,1742510682.673476
5,70.335,1742510682.673476
6,68.818,1742510682.673476
7,72.664,1742510682.673476
0,71.312,1742510682.7236032
1,69.86,1742510682.7236032
2,72.045,1742510682.7236032
3,70.103,1742510682.7236032
4,70.942,1742510682.7236032
5,70.335,1742510682.7236032
6,68.818,1742510682.7236032
7,72.664,1742510682.7236032
0,71.312,1742510682.7737327
1,69.77,1742510682.7737327
2,72.032,1742510682.7737327
3,70.116,1742510682.7737327
4,70.942,1742510682.7737327
5,70.302,1742510682.7737327
6,68.818,1742510682.7737327
7,72.692,1742510682.7737327
0,71.318,1742510682.823869
1,69.77,1742510682.823869
2,72.032,1742510682.823869
3,70.116,1742510682.823869
4,70.934,1742510682.823869
5,70.302,1742510682.823869
6,68.831,1742510682.823869
7,72.692,1742510682.823869
0,71.318,1742510682.874007
1,69.857,1742510682.874007
2,72.031,1742510682.874007
3,70.116,1742510682.874007
4,70.934,1742510682.874007
5,70.316,1742510682.874007
6,68.831,1742510682.874007
7,72.676,1742510682.874007
0,71.338,1742510682.9241464
1,69.857,1742510682.9241464
2,72.031,1742510682.9241464
3,70.116,1742510682.9241464
4,70.935,1742510682.9241464
5,70.316,1742510682.9241464
6,68.831,1742510682.9241464
7,72.676,1742510682.9241464
0,71.338,1742510682.9742858
1,69.857,1742510682.9742858
2,72.024,1742510682.9742858
3,70.115,1742510682.9742858
4,70.935,1742510682.9742858
5,70.289,1742510682.9742858
6,68.831,1742510682.9742858
7,72.678,1742510682.9742858
0,71.332,1742510683.0244238
1,69.742,1742510683.0244238
2,72.024,1742510683.0244238
3,70.115,1742510683.0244238
4,70.907,1742510683.0244238
5,70.289,1742510683.0244238
6,68.827,1742510683.0244238
7,72.678,1742510683.0244238
0,71.332,1742510683.0745618
1,69.742,1742510683.0745618
2,72.031,1742510683.0745618
3,70.114,1742510683.0745618
4,70.907,1742510683.0745618
5,70.323,1742510683.0745618
6,68.827,1742510683.0745618
7,72.684,1742510683.0745618
0,71.332,1742510683.1247025
1,69.88,1742510683.1247025
2,72.031,1742510683.1247025
3,70.114,1742510683.1247025
4,70.9,1742510683.1247025
5,70.323,1742510683.1247025
6,68.818,1742510683.1247025
7,72.684,1742510683.1247025
0,71.332,1742510683.1748412
1,69.88,1742510683.1748412
2,72.012,1742510683.1748412
3,70.127,1742510683.1748412
4,70.9,1742510683.1748412
5,70.297,1742510683.1748412
6,68.818,1742510683.1748412
7,72.676,1742510683.1748412
0,71.318,1742510683.2249787
1,69.786,1742510683.2249787
2,72.012,1742510683.2249787
3,70.127,1742510683.2249787
4,70.94,1742510683.2249787
5,70.297,1742510683.2249787
6,68.801,1742510683.2249787
7,72.676,1742510683.2249787
0,71.318,1742510683.2751055
1,69.786,1742510683.2751055
2,72.012,1742510683.2751055
3,70.14,1742510683.2751055
4,70.94,1742510683.2751055
5,70.31,1742510683.2751055
6,68.801,1742510683.2751055
7,72.654,1742510683.2751055
0,71.305,1742510683.3252432
1,69.899,1742510683.3252432
2,72.011,1742510683.3252432
3,70.14,1742510683.3252432
4,70.926,1742510683.3252432
5,70.31,1742510683.3252432
6,68.808,1742510683.3252432
7,72.654,1742510683.3252432
0,71.305,1742510683.3753796
1,69.899,1742510683.3753796
2,72.011,1742510683.3753796
3,70.159,1742510683.3753796
4,70.926,1742510683.3753796
5,70.278,1742510683.3753796
6,68.808,1742510683.3753796
7,72.668,1742510683.3753796
0,71.304,1742510683.4255168
1,69.757,1742510683.4255168
2,71.992,1742510683.4255168
3,70.159,1742510683.4255168
4,70.912,1742510683.4255168
5,70.278,1742510683.4255168
6,68.827,1742510683.4255168
7,72.668,1742510683.4255168
0,71.304,1742510683.4756444
1,69.757,1742510683.4756444
2,71.992,1742510683.4756444
3,70.154,1742510683.4756444
4,70.912,1742510683.4756444
5,70.29,1742510683.4756444
6,68.827,1742510683.4756444
7,72.671,1742510683.4756444
0,71.304,1742510683.5257864
1,69.86,1742510683.5257864
2,71.999,1742510683.5257864
3,70.154,1742510683.5257864
4,70.919,1742510683.5257864
5,70.29,1742510683.5257864
6,68.834,1742510683.5257864
7,72.671,1742510683.5257864
0,71.304,1742510683.5760164
1,69.86,1742510683.5760164
2,71.999,1742510683.5760164
3,70.167,1742510683.5760164
4,70.919,1742510683.5760164
5,70.317,1742510683.5760164
6,68.834,1742510683.5760164
7,72.665,1742510683.5760164
0,71.31,1742510683.6261628
1,69.733,1742510683.6261628
2,72.012,1742510683.6261628
3,70.167,1742510683.6261628
4,70.932,1742510683.6261628
5,70.317,1742510683.6261628
6,68.844,1742510683.6261628
7,72.665,1742510683.6261628
0,71.31,1742510683.6763034
1,69.733,1742510683.6763034
2,72.012,1742510683.6763034
3,70.17,1742510683.6763034
4,70.932,1742510683.6763034
5,70.304,1742510683.6763034
6,68.844,1742510683.6763034
7,72.665,1742510683.6763034
0,71.324,1742510683.7264407
1,69.836,1742510683.7264407
2,72.025,1742510683.7264407
3,70.17,1742510683.7264407
4,70.932,1742510683.7264407
5,70.304,1742510683.7264407
6,68.844,1742510683.7264407
7,72.665,1742510683.7264407
0,71.324,1742510683.7765682
1,69.836,1742510683.7765682
2,72.025,1742510683.7765682
3,70.168,1742510683.7765682
4,70.932,1742510683.7765682
5,70.305,1742510683.7765682
6,68.844,1742510683.7765682
7,72.635,1742510683.7765682
0,71.317,1742510683.8267074
1,69.769,1742510683.8267074
2,72.031,1742510683.8267074
3,70.168,1742510683.8267074
4,70.939,1742510683.8267074
5,70.305,1742510683.8267074
6,68.844,1742510683.8267074
7,72.635,1742510683.8267074
0,71.317,1742510683.8768446
1,69.769,1742510683.8768446
2,72.031,1742510683.8768446
3,70.161,1742510683.8768446
4,70.939,1742510683.8768446
5,70.298,1742510683.8768446
6,68.844,1742510683.8768446
7,72.635,1742510683.8768446
0,71.339,1742510683.9269836
1,69.836,1742510683.9269836
2,72.011,1742510683.9269836
3,70.161,1742510683.9269836
4,70.932,1742510683.9269836
5,70.298,1742510683.9269836
6,68.844,1742510683.9269836
7,72.635,1742510683.9269836
0,71.339,1742510683.977121
1,69.836,1742510683.977121
2,72.011,1742510683.977121
3,70.141,1742510683.977121
4,70.932,1742510683.977121
5,70.317,1742510683.977121
6,68.844,1742510683.977121
7,72.635,1742510683.977121
0,71.338,1742510684.02726
1,69.814,1742510684.02726
2,72.005,1742510684.02726
3,70.141,1742510684.02726
4,70.912,1742510684.02726
5,70.317,1742510684.02726
6,68.834,1742510684.02726
7,72.635,1742510684.02726
0,71.338,1742510684.077426
1,69.814,1742510684.077426
2,72.005,1742510684.077426
3,70.182,1742510684.077426
4,70.912,1742510684.077426
5,70.278,1742510684.077426
6,68.834,1742510684.077426
7,72.622,1742510684.077426
0,71.318,1742510684.1275623
1,69.761,1742510684.1275623
2,72.005,1742510684.1275623
3,70.182,1742510684.1275623
4,70.912,1742510684.1275623
5,70.278,1742510684.1275623
6,68.851,1742510684.1275623
7,72.622,1742510684.1275623
0,71.318,1742510684.1777189
1,69.761,1742510684.1777189
2,72.005,1742510684.1777189
3,70.169,1742510684.1777189
4,70.912,1742510684.1777189
5,70.298,1742510684.1777189
6,68.851,1742510684.1777189
7,72.642,1742510684.1777189
0,71.332,1742510684.2278526
1,69.832,1742510684.2278526
2,72.018,1742510684.2278526
3,70.169,1742510684.2278526
4,70.912,1742510684.2278526
5,70.298,1742510684.2278526
6,68.851,1742510684.2278526
7,72.642,1742510684.2278526
0,71.332,1742510684.2779918
1,69.832,1742510684.2779918
2,72.018,1742510684.2779918
3,70.156,1742510684.2779918
4,70.912,1742510684.2779918
5,70.271,1742510684.2779918
6,68.851,1742510684.2779918
7,72.623,1742510684.2779918
0,71.347,1742510684.3281178
1,69.727,1742510684.3281178
2,72.031,1742510684.3281178
3,70.156,1742510684.3281178
4,70.906,1742510684.3281178
5,70.271,1742510684.3281178
6,68.84,1742510684.3281178
7,72.623,1742510684.3281178
0,71.347,1742510684.3782425
1,69.727,1742510684.3782425
2,72.031,1742510684.3782425
3,70.135,1742510684.3782425
4,70.906,1742510684.3782425
5,70.292,1742510684.3782425
6,68.84,1742510684.3782425
7,72.617,1742510684.3782425
0,71.347,1742510684.4283834
1,69.832,1742510684.4283834
2,72.038,1742510684.4283834
3,70.135,1742510684.4283834
4,70.906,1742510684.4283834
5,70.292,1742510684.4283834
6,68.834,1742510684.4283834
7,72.617,1742510684.4283834
0,71.347,1742510684.4785342
1,69.832,1742510684.4785342
2,72.038,1742510684.4785342
3,70.141,1742510684.4785342
4,70.906,1742510684.4785342
5,70.278,1742510684.4785342
6,68.834,1742510684.4785342
7,72.616,1742510684.4785342
0,71.347,1742510684.528675
1,69.728,1742510684.528675
2,72.038,1742510684.528675
3,70.141,1742510684.528675
4,70.913,1742510684.528675
5,70.278,1742510684.528675
6,68.814,1742510684.528675
7,72.616,1742510684.528675
0,71.347,1742510684.5788124
1,69.728,1742510684.5788124
2,72.038,1742510684.5788124
3,70.135,1742510684.5788124
4,70.913,1742510684.5788124
5,70.259,1742510684.5788124
6,68.814,1742510684.5788124
7,72.616,1742510684.5788124
0,71.347,1742510684.6289494
1,69.863,1742510684.6289494
2,72.018,1742510684.6289494
3,70.135,1742510684.6289494
4,70.913,1742510684.6289494
5,70.259,1742510684.6289494
6,68.808,1742510684.6289494
7,72.601,1742510684.6289494
0,71.362,1742510684.679092
1,69.863,1742510684.679092
2,72.018,1742510684.679092
3,70.14,1742510684.679092
4,70.913,1742510684.679092
5,70.259,1742510684.679092
6,68.808,1742510684.679092
7,72.587,1742510684.679092
0,71.362,1742510684.72923
1,69.75,1742510684.72923
2,72.006,1742510684.72923
3,70.14,1742510684.72923
4,70.887,1742510684.72923
5,70.259,1742510684.72923
6,68.795,1742510684.72923
7,72.587,1742510684.72923
0,71.363,1742510684.7793877
1,69.75,1742510684.7793877
2,72.006,1742510684.7793877
3,70.12,1742510684.7793877
4,70.887,1742510684.7793877
5,70.252,1742510684.7793877
6,68.795,1742510684.7793877
7,72.587,1742510684.7793877
0,71.363,1742510684.8295217
1,69.88,1742510684.8295217
2,71.999,1742510684.8295217
3,70.12,1742510684.8295217
4,70.895,1742510684.8295217
5,70.252,1742510684.8295217
6,68.795,1742510684.8295217
7,72.588,1742510684.8295217
0,71.356,1742510684.879647
1,69.88,1742510684.879647
2,71.999,1742510684.879647
3,70.135,1742510684.879647
4,70.895,1742510684.879647
5,70.259,1742510684.879647
6,68.795,1742510684.879647
7,72.588,1742510684.879647
0,71.356,1742510684.9298255
1,69.733,1742510684.9298255
2,72.013,1742510684.9298255
3,70.135,1742510684.9298255
4,70.879,1742510684.9298255
5,70.259,1742510684.9298255
6,68.798,1742510684.9298255
7,72.596,1742510684.9298255
0,71.37,1742510684.9799948
1,69.733,1742510684.9799948
2,72.013,1742510684.9799948
3,70.128,1742510684.9799948
4,70.879,1742510684.9799948
5,70.243,1742510684.9799948
6,68.798,1742510684.9799948
7,72.596,1742510684.9799948
0,71.37,1742510685.0301325
1,69.865,1742510685.0301325
2,72.019,1742510685.0301325
3,70.128,1742510685.0301325
4,70.886,1742510685.0301325
5,70.243,1742510685.0301325
6,68.811,1742510685.0301325
7,72.597,1742510685.0301325
0,71.37,1742510685.0802703
1,69.865,1742510685.0802703
2,72.019,1742510685.0802703
3,70.116,1742510685.0802703
4,70.886,1742510685.0802703
5,70.27,1742510685.0802703
6,68.811,1742510685.0802703
7,72.597,1742510685.0802703
0,71.37,1742510685.130414
1,69.764,1742510685.130414
2,72.026,1742510685.130414
3,70.116,1742510685.130414
4,70.886,1742510685.130414
5,70.27,1742510685.130414
6,68.801,1742510685.130414
7,72.604,1742510685.130414
0,71.371,1742510685.1805418
1,69.764,1742510685.1805418
2,72.026,1742510685.1805418
3,70.102,1742510685.1805418
4,70.886,1742510685.1805418
5,70.243,1742510685.1805418
6,68.801,1742510685.1805418
7,72.604,1742510685.1805418
0,71.371,1742510685.2306821
1,69.848,1742510685.2306821
2,72.013,1742510685.2306821
3,70.102,1742510685.2306821
4,70.886,1742510685.2306821
5,70.243,1742510685.2306821
6,68.789,1742510685.2306821
7,72.611,1742510685.2306821
0,71.365,1742510685.2808096
1,69.848,1742510685.2808096
2,72.013,1742510685.2808096
3,70.089,1742510685.2808096
4,70.886,1742510685.2808096
5,70.252,1742510685.2808096
6,68.789,1742510685.2808096
7,72.611,1742510685.2808096
0,71.365,1742510685.330944
1,69.81,1742510685.330944
2,71.993,1742510685.330944
3,70.089,1742510685.330944
4,70.893,1742510685.330944
5,70.252,1742510685.330944
6,68.805,1742510685.330944
7,72.59,1742510685.330944
0,71.358,1742510685.381082
1,69.81,1742510685.381082
2,71.993,1742510685.381082
3,70.108,1742510685.381082
4,70.893,1742510685.381082
5,70.23,1742510685.381082
6,68.805,1742510685.381082
7,72.59,1742510685.381082
0,71.358,1742510685.4312198
1,69.822,1742510685.4312198
2,71.986,1742510685.4312198
3,70.108,1742510685.4312198
4,70.854,1742510685.4312198
5,70.23,1742510685.4312198
6,68.798,1742510685.4312198
7,72.588,1742510685.4312198
0,71.358,1742510685.4813592
1,69.822,1742510685.4813592
2,71.986,1742510685.4813592
3,70.095,1742510685.4813592
4,70.854,1742510685.4813592
5,70.252,1742510685.4813592
6,68.798,1742510685.4813592
7,72.588,1742510685.4813592
0,71.358,1742510685.5314965
1,69.809,1742510685.5314965
2,71.986,1742510685.5314965
3,70.095,1742510685.5314965
4,70.832,1742510685.5314965
5,70.252,1742510685.5314965
6,68.805,1742510685.5314965
7,72.581,1742510685.5314965
0,71.359,1742510685.5816228
1,69.809,1742510685.5816228
2,71.986,1742510685.5816228
3,70.094,1742510685.5816228
4,70.832,1742510685.5816228
5,70.228,1742510685.5816228
6,68.805,1742510685.5816228
7,72.581,1742510685.5816228
0,71.359,1742510685.6317747
1,69.769,1742510685.6317747
2,72.0,1742510685.6317747
3,70.094,1742510685.6317747
4,70.834,1742510685.6317747
5,70.228,1742510685.6317747
6,68.838,1742510685.6317747
7,72.569,1742510685.6317747
0,71.346,1742510685.6819117
1,69.769,1742510685.6819117
2,72.0,1742510685.6819117
3,70.102,1742510685.6819117
4,70.834,1742510685.6819117
5,70.222,1742510685.6819117
6,68.838,1742510685.6819117
7,72.569,1742510685.6819117
0,71.346,1742510685.7320604
1,69.834,1742510685.7320604
2,72.0,1742510685.7320604
3,70.102,1742510685.7320604
4,70.831,1742510685.7320604
5,70.222,1742510685.7320604
6,68.831,1742510685.7320604
7,72.583,1742510685.7320604
0,71.345,1742510685.7822025
1,69.834,1742510685.7822025
2,72.0,1742510685.7822025
3,70.102,1742510685.7822025
4,70.831,1742510685.7822025
5,70.242,1742510685.7822025
6,68.831,1742510685.7822025
7,72.583,1742510685.7822025
0,71.345,1742510685.8323393
1,69.723,1742510685.8323393
2,71.999,1742510685.8323393
3,70.102,1742510685.8323393
4,70.852,1742510685.8323393
5,70.242,1742510685.8323393
6,68.818,1742510685.8323393
7,72.583,1742510685.8323393
0,71.324,1742510685.8824756
1,69.723,1742510685.8824756
2,71.999,1742510685.8824756
3,70.102,1742510685.8824756
4,70.852,1742510685.8824756
5,70.25,1742510685.8824756
6,68.818,1742510685.8824756
7,72.583,1742510685.8824756
0,71.324,1742510685.932601
1,69.833,1742510685.932601
2,71.992,1742510685.932601
3,70.088,1742510685.932601
4,70.853,1742510685.932601
5,70.25,1742510685.932601
6,68.815,1742510685.932601
7,72.588,1742510685.932601
0,71.31,1742510685.9827425
1,69.833,1742510685.9827425
2,71.992,1742510685.9827425
3,70.088,1742510685.9827425
4,70.853,1742510685.9827425
5,70.262,1742510685.9827425
6,68.815,1742510685.9827425
7,72.588,1742510685.9827425
0,71.31,1742510686.0328786
1,69.701,1742510686.0328786
2,71.986,1742510686.0328786
3,70.082,1742510686.0328786
4,70.853,1742510686.0328786
5,70.262,1742510686.0328786
6,68.798,1742510686.0328786
7,72.587,1742510686.0328786
0,71.304,1742510686.0830154
1,69.701,1742510686.0830154
2,71.986,1742510686.0830154
3,70.082,1742510686.0830154
4,70.853,1742510686.0830154
5,70.235,1742510686.0830154
6,68.798,1742510686.0830154
7,72.587,1742510686.0830154
0,71.304,1742510686.1331553
1,69.804,1742510686.1331553
2,71.986,1742510686.1331553
3,70.073,1742510686.1331553
4,70.833,1742510686.1331553
5,70.235,1742510686.1331553
6,68.805,1742510686.1331553
7,72.594,1742510686.1331553
0,71.31,1742510686.1832929
1,69.804,1742510686.1832929
2,71.986,1742510686.1832929
3,70.073,1742510686.1832929
4,70.833,1742510686.1832929
5,70.255,1742510686.1832929
6,68.805,1742510686.1832929
7,72.594,1742510686.1832929
0,71.31,1742510686.233423
1,69.716,1742510686.233423
2,72.0,1742510686.233423
3,70.086,1742510686.233423
4,70.82,1742510686.233423
5,70.255,1742510686.233423
6,68.798,1742510686.233423
7,72.58,1742510686.233423
0,71.308,1742510686.283564
1,69.716,1742510686.283564
2,72.0,1742510686.283564
3,70.086,1742510686.283564
4,70.82,1742510686.283564
5,70.235,1742510686.283564
6,68.798,1742510686.283564
7,72.58,1742510686.283564
0,71.308,1742510686.3337166
1,69.793,1742510686.3337166
2,72.012,1742510686.3337166
3,70.081,1742510686.3337166
4,70.833,1742510686.3337166
5,70.235,1742510686.3337166
6,68.831,1742510686.3337166
7,72.594,1742510686.3337166
0,71.314,1742510686.3838544
1,69.793,1742510686.3838544
2,72.012,1742510686.3838544
3,70.081,1742510686.3838544
4,70.833,1742510686.3838544
5,70.261,1742510686.3838544
6,68.831,1742510686.3838544
7,72.594,1742510686.3838544
0,71.314,1742510686.4339826
1,69.719,1742510686.4339826
2,72.019,1742510686.4339826
3,70.087,1742510686.4339826
4,70.817,1742510686.4339826
5,70.261,1742510686.4339826
6,68.831,1742510686.4339826
7,72.576,1742510686.4339826
0,71.306,1742510686.48411
1,69.719,1742510686.48411
2,72.019,1742510686.48411
3,70.087,1742510686.48411
4,70.817,1742510686.48411
5,70.235,1742510686.48411
6,68.812,1742510686.48411
7,72.576,1742510686.48411
0,71.306,1742510686.5342474
1,69.804,1742510686.5342474
2,72.033,1742510686.5342474
3,70.102,1742510686.5342474
4,70.84,1742510686.5342474
5,70.235,1742510686.5342474
6,68.812,1742510686.5342474
7,72.589,1742510686.5342474
0,71.284,1742510686.5843868
1,69.804,1742510686.5843868
2,72.033,1742510686.5843868
3,70.102,1742510686.5843868
4,70.84,1742510686.5843868
5,70.256,1742510686.5843868
6,68.805,1742510686.5843868
7,72.589,1742510686.5843868
0,71.284,1742510686.6345232
1,69.711,1742510686.6345232
2,72.013,1742510686.6345232
3,70.081,1742510686.6345232
4,70.844,1742510686.6345232
5,70.256,1742510686.6345232
6,68.805,1742510686.6345232
7,72.589,1742510686.6345232
0,71.284,1742510686.6846604
1,69.711,1742510686.6846604
2,72.013,1742510686.6846604
3,70.081,1742510686.6846604
4,70.844,1742510686.6846604
5,70.239,1742510686.6846604
6,68.798,1742510686.6846604
7,72.589,1742510686.6846604
0,71.284,1742510686.7347975
1,69.79,1742510686.7347975
2,72.025,1742510686.7347975
3,70.088,1742510686.7347975
4,70.833,1742510686.7347975
5,70.239,1742510686.7347975
6,68.798,1742510686.7347975
7,72.561,1742510686.7347975
0,71.284,1742510686.7849386
1,69.79,1742510686.7849386
2,72.025,1742510686.7849386
3,70.088,1742510686.7849386
4,70.833,1742510686.7849386
5,70.258,1742510686.7849386
6,68.795,1742510686.7849386
7,72.561,1742510686.7849386
0,71.284,1742510686.8350668
1,69.734,1742510686.8350668
2,72.026,1742510686.8350668
3,70.101,1742510686.8350668
4,70.823,1742510686.8350668
5,70.258,1742510686.8350668
6,68.795,1742510686.8350668
7,72.548,1742510686.8350668
0,71.278,1742510686.885204
1,69.734,1742510686.885204
2,72.026,1742510686.885204
3,70.101,1742510686.885204
4,70.823,1742510686.885204
5,70.23,1742510686.885204
6,68.805,1742510686.885204
7,72.548,1742510686.885204
0,71.278,1742510686.9353364
1,69.755,1742510686.9353364
2,72.033,1742510686.9353364
3,70.1,1742510686.9353364
4,70.809,1742510686.9353364
5,70.23,1742510686.9353364
6,68.805,1742510686.9353364
7,72.555,1742510686.9353364
0,71.287,1742510686.9854627
1,69.755,1742510686.9854627
2,72.033,1742510686.9854627
3,70.1,1742510686.9854627
4,70.809,1742510686.9854627
5,70.237,1742510686.9854627
6,68.802,1742510686.9854627
7,72.555,1742510686.9854627
0,71.287,1742510687.0355988
1,69.774,1742510687.0355988
2,72.033,1742510687.0355988
3,70.086,1742510687.0355988
4,70.83,1742510687.0355988
5,70.237,1742510687.0355988
6,68.802,1742510687.0355988
7,72.556,1742510687.0355988
0,71.292,1742510687.085728
1,69.774,1742510687.085728
2,72.033,1742510687.085728
3,70.086,1742510687.085728
4,70.83,1742510687.085728
5,70.237,1742510687.085728
6,68.819,1742510687.085728
7,72.556,1742510687.085728
0,71.292,1742510687.135859
1,69.719,1742510687.135859
2,72.039,1742510687.135859
3,70.075,1742510687.135859
4,70.843,1742510687.135859
5,70.237,1742510687.135859
6,68.819,1742510687.135859
7,72.563,1742510687.135859
0,71.292,1742510687.185995
1,69.719,1742510687.185995
2,72.039,1742510687.185995
3,70.075,1742510687.185995
4,70.843,1742510687.185995
5,70.246,1742510687.185995
6,68.812,1742510687.185995
7,72.563,1742510687.185995
0,71.292,1742510687.2361352
1,69.804,1742510687.2361352
2,72.045,1742510687.2361352
3,70.095,1742510687.2361352
4,70.83,1742510687.2361352
5,70.246,1742510687.2361352
6,68.812,1742510687.2361352
7,72.569,1742510687.2361352
0,71.272,1742510687.286273
1,69.804,1742510687.286273
2,72.045,1742510687.286273
3,70.095,1742510687.286273
4,70.83,1742510687.286273
5,70.272,1742510687.286273
6,68.802,1742510687.286273
7,72.569,1742510687.286273
0,71.272,1742510687.33641
1,69.708,1742510687.33641
2,72.019,1742510687.33641
3,70.094,1742510687.33641
4,70.815,1742510687.33641
5,70.272,1742510687.33641
6,68.802,1742510687.33641
7,72.541,1742510687.33641
0,71.257,1742510687.3865294
1,69.708,1742510687.3865294
2,72.019,1742510687.3865294
3,70.094,1742510687.3865294
4,70.815,1742510687.3865294
5,70.239,1742510687.3865294
6,68.792,1742510687.3865294
7,72.541,1742510687.3865294
0,71.257,1742510687.4366667
1,69.812,1742510687.4366667
2,72.011,1742510687.4366667
3,70.073,1742510687.4366667
4,70.844,1742510687.4366667
5,70.239,1742510687.4366667
6,68.792,1742510687.4366667
7,72.539,1742510687.4366667
0,71.257,1742510687.4868033
1,69.812,1742510687.4868033
2,72.011,1742510687.4868033
3,70.073,1742510687.4868033
4,70.844,1742510687.4868033
5,70.239,1742510687.4868033
6,68.789,1742510687.4868033
7,72.539,1742510687.4868033
0,71.257,1742510687.536942
1,69.716,1742510687.536942
2,71.998,1742510687.536942
3,70.068,1742510687.536942
4,70.821,1742510687.536942
5,70.258,1742510687.536942
6,68.789,1742510687.536942
7,72.513,1742510687.536942
0,71.264,1742510687.5870745
1,69.716,1742510687.5870745
2,71.998,1742510687.5870745
3,70.068,1742510687.5870745
4,70.821,1742510687.5870745
5,70.225,1742510687.5870745
6,68.773,1742510687.5870745
7,72.513,1742510687.5870745
0,71.264,1742510687.6372116
1,69.808,1742510687.6372116
2,72.018,1742510687.6372116
3,70.075,1742510687.6372116
4,70.798,1742510687.6372116
5,70.225,1742510687.6372116
6,68.773,1742510687.6372116
7,72.514,1742510687.6372116
0,71.277,1742510687.6873517
1,69.808,1742510687.6873517
2,72.018,1742510687.6873517
3,70.075,1742510687.6873517
4,70.798,1742510687.6873517
5,70.238,1742510687.6873517
6,68.799,1742510687.6873517
7,72.514,1742510687.6873517
0,71.277,1742510687.737514
1,69.695,1742510687.737514
2,72.012,1742510687.737514
3,70.035,1742510687.737514
4,70.799,1742510687.737514
5,70.238,1742510687.737514
6,68.799,1742510687.737514
7,72.528,1742510687.737514
0,71.277,1742510687.7876525
1,69.695,1742510687.7876525
2,72.012,1742510687.7876525
3,70.035,1742510687.7876525
4,70.799,1742510687.7876525
5,70.212,1742510687.7876525
6,68.799,1742510687.7876525
7,72.528,1742510687.7876525
0,71.277,1742510687.83778
1,69.781,1742510687.83778
2,72.031,1742510687.83778
3,70.027,1742510687.83778
4,70.812,1742510687.83778
5,70.212,1742510687.83778
6,68.799,1742510687.83778
7,72.522,1742510687.83778
0,71.269,1742510687.8880618
1,69.781,1742510687.8880618
2,72.031,1742510687.8880618
3,70.027,1742510687.8880618
4,70.812,1742510687.8880618
5,70.231,1742510687.8880618
6,68.812,1742510687.8880618
7,72.522,1742510687.8880618
0,71.269,1742510687.9381962
1,69.735,1742510687.9381962
2,72.03,1742510687.9381962
3,70.035,1742510687.9381962
4,70.812,1742510687.9381962
5,70.231,1742510687.9381962
6,68.812,1742510687.9381962
7,72.55,1742510687.9381962
0,71.257,1742510687.988298
1,69.735,1742510687.988298
2,72.03,1742510687.988298
3,70.035,1742510687.988298
4,70.82,1742510687.988298
5,70.231,1742510687.988298
6,68.792,1742510687.988298
7,72.55,1742510687.988298
0,71.257,1742510688.0384328
1,69.795,1742510688.0384328
2,72.025,1742510688.0384328
3,70.041,1742510688.0384328
4,70.82,1742510688.0384328
5,70.205,1742510688.0384328
6,68.792,1742510688.0384328
7,72.542,1742510688.0384328
0,71.241,1742510688.0885677
1,69.795,1742510688.0885677
2,72.025,1742510688.0885677
3,70.041,1742510688.0885677
4,70.81,1742510688.0885677
5,70.205,1742510688.0885677
6,68.779,1742510688.0885677
7,72.542,1742510688.0885677
0,71.241,1742510688.1387503
1,69.769,1742510688.1387503
2,72.011,1742510688.1387503
3,70.054,1742510688.1387503
4,70.81,1742510688.1387503
5,70.205,1742510688.1387503
6,68.779,1742510688.1387503
7,72.52,1742510688.1387503
0,71.231,1742510688.1888738
1,69.769,1742510688.1888738
2,72.011,1742510688.1888738
3,70.054,1742510688.1888738
4,70.803,1742510688.1888738
5,70.205,1742510688.1888738
6,68.779,1742510688.1888738
7,72.52,1742510688.1888738
0,71.231,1742510688.2389982
1,69.767,1742510688.2389982
2,71.999,1742510688.2389982
3,70.034,1742510688.2389982
4,70.803,1742510688.2389982
5,70.212,1742510688.2389982
6,68.779,1742510688.2389982
7,72.521,1742510688.2389982
0,71.217,1742510688.2891326
1,69.767,1742510688.2891326
2,71.999,1742510688.2891326
3,70.034,1742510688.2891326
4,70.805,1742510688.2891326
5,70.212,1742510688.2891326
6,68.766,1742510688.2891326
7,72.521,1742510688.2891326
0,71.217,1742510688.3392565
1,69.768,1742510688.3392565
2,72.032,1742510688.3392565
3,70.027,1742510688.3392565
4,70.805,1742510688.3392565
5,70.194,1742510688.3392565
6,68.766,1742510688.3392565
7,72.528,1742510688.3392565
0,71.216,1742510688.389391
1,69.768,1742510688.389391
2,72.032,1742510688.389391
3,70.027,1742510688.389391
4,70.792,1742510688.389391
5,70.194,1742510688.389391
6,68.799,1742510688.389391
7,72.528,1742510688.389391
0,71.216,1742510688.4395258
1,69.754,1742510688.4395258
2,72.046,1742510688.4395258
3,70.027,1742510688.4395258
4,70.792,1742510688.4395258
5,70.2,1742510688.4395258
6,68.799,1742510688.4395258
7,72.528,1742510688.4395258
0,71.219,1742510688.4896479
1,69.754,1742510688.4896479
2,72.046,1742510688.4896479
3,70.027,1742510688.4896479
4,70.793,1742510688.4896479
5,70.2,1742510688.4896479
6,68.809,1742510688.4896479
7,72.528,1742510688.4896479
0,71.219,1742510688.5399175
1,69.766,1742510688.5399175
2,72.052,1742510688.5399175
3,70.033,1742510688.5399175
4,70.793,1742510688.5399175
5,70.2,1742510688.5399175
6,68.809,1742510688.5399175
7,72.535,1742510688.5399175
0,71.224,1742510688.590055
1,69.766,1742510688.590055
2,72.052,1742510688.590055
3,70.033,1742510688.590055
4,70.804,1742510688.590055
5,70.2,1742510688.590055
6,68.818,1742510688.590055
7,72.535,1742510688.590055
0,71.224,1742510688.6401937
1,69.766,1742510688.6401937
2,72.051,1742510688.6401937
3,70.024,1742510688.6401937
4,70.804,1742510688.6401937
5,70.23,1742510688.6401937
6,68.818,1742510688.6401937
7,72.534,1742510688.6401937
0,71.231,1742510688.6903274
1,69.719,1742510688.6903274
2,72.051,1742510688.6903274
3,70.024,1742510688.6903274
4,70.817,1742510688.6903274
5,70.23,1742510688.6903274
6,68.805,1742510688.6903274
7,72.534,1742510688.6903274
0,71.231,1742510688.740452
1,69.719,1742510688.740452
2,72.038,1742510688.740452
3,70.037,1742510688.740452
4,70.817,1742510688.740452
5,70.204,1742510688.740452
6,68.805,1742510688.740452
7,72.528,1742510688.740452
0,71.231,1742510688.7905777
1,69.801,1742510688.7905777
2,72.038,1742510688.7905777
3,70.037,1742510688.7905777
4,70.837,1742510688.7905777
5,70.204,1742510688.7905777
6,68.791,1742510688.7905777
7,72.528,1742510688.7905777
0,71.213,1742510688.8407009
1,69.801,1742510688.8407009
2,72.032,1742510688.8407009
3,70.045,1742510688.8407009
4,70.837,1742510688.8407009
5,70.219,1742510688.8407009
6,68.791,1742510688.8407009
7,72.506,1742510688.8407009
0,71.213,1742510688.8907974
1,69.704,1742510688.8907974
2,72.032,1742510688.8907974
3,70.045,1742510688.8907974
4,70.809,1742510688.8907974
5,70.219,1742510688.8907974
6,68.785,1742510688.8907974
7,72.506,1742510688.8907974
0,71.228,1742510688.940939
1,69.704,1742510688.940939
2,72.025,1742510688.940939
3,70.032,1742510688.940939
4,70.809,1742510688.940939
5,70.184,1742510688.940939
6,68.785,1742510688.940939
7,72.506,1742510688.940939
0,71.228,1742510688.991069
1,69.819,1742510688.991069
2,72.025,1742510688.991069
3,70.032,1742510688.991069
4,70.802,1742510688.991069
5,70.184,1742510688.991069
6,68.782,1742510688.991069
7,72.506,1742510688.991069
0,71.235,1742510689.0412066
1,69.819,1742510689.0412066
2,72.032,1742510689.0412066
3,70.025,1742510689.0412066
4,70.802,1742510689.0412066
5,70.204,1742510689.0412066
6,68.782,1742510689.0412066
7,72.514,1742510689.0412066
0,71.235,1742510689.091392
1,69.677,1742510689.091392
2,72.032,1742510689.091392
3,70.025,1742510689.091392
4,70.762,1742510689.091392
5,70.204,1742510689.091392
6,68.795,1742510689.091392
7,72.514,1742510689.091392
0,71.244,1742510689.1415315
1,69.677,1742510689.1415315
2,72.038,1742510689.1415315
3,70.011,1742510689.1415315
4,70.762,1742510689.1415315
5,70.184,1742510689.1415315
6,68.795,1742510689.1415315
7,72.529,1742510689.1415315
0,71.244,1742510689.1916604
1,69.796,1742510689.1916604
2,72.038,1742510689.1916604
3,70.011,1742510689.1916604
4,70.784,1742510689.1916604
5,70.184,1742510689.1916604
6,68.812,1742510689.1916604
7,72.529,1742510689.1916604
0,71.259,1742510689.2418003
1,69.796,1742510689.2418003
2,72.038,1742510689.2418003
3,69.991,1742510689.2418003
4,70.784,1742510689.2418003
5,70.19,1742510689.2418003
6,68.812,1742510689.2418003
7,72.503,1742510689.2418003
0,71.259,1742510689.2919312
1,69.655,1742510689.2919312
2,72.038,1742510689.2919312
3,69.991,1742510689.2919312
4,70.804,1742510689.2919312
5,70.19,1742510689.2919312
6,68.811,1742510689.2919312
7,72.503,1742510689.2919312
0,71.266,1742510689.3421073
1,69.655,1742510689.3421073
2,72.051,1742510689.3421073
3,70.005,1742510689.3421073
4,70.804,1742510689.3421073
5,70.197,1742510689.3421073
6,68.811,1742510689.3421073
7,72.489,1742510689.3421073
0,71.28,1742510689.392249
1,69.774,1742510689.392249
2,72.051,1742510689.392249
3,70.005,1742510689.392249
4,70.812,1742510689.392249
5,70.197,1742510689.392249
6,68.778,1742510689.392249
7,72.489,1742510689.392249
0,71.28,1742510689.4423885
1,69.774,1742510689.4423885
2,72.038,1742510689.4423885
3,69.985,1742510689.4423885
4,70.812,1742510689.4423885
5,70.197,1742510689.4423885
6,68.778,1742510689.4423885
7,72.487,1742510689.4423885
0,71.272,1742510689.4925282
1,69.706,1742510689.4925282
2,72.038,1742510689.4925282
3,69.985,1742510689.4925282
4,70.82,1742510689.4925282
5,70.197,1742510689.4925282
6,68.765,1742510689.4925282
7,72.487,1742510689.4925282
0,71.272,1742510689.542655
1,69.706,1742510689.542655
2,72.038,1742510689.542655
3,69.986,1742510689.542655
4,70.82,1742510689.542655
5,70.204,1742510689.542655
6,68.765,1742510689.542655
7,72.466,1742510689.542655
0,71.261,1742510689.592793
1,69.767,1742510689.592793
2,72.024,1742510689.592793
3,69.986,1742510689.592793
4,70.81,1742510689.592793
5,70.204,1742510689.592793
6,68.759,1742510689.592793
7,72.466,1742510689.592793
0,71.261,1742510689.6429179
1,69.767,1742510689.6429179
2,72.024,1742510689.6429179
3,69.993,1742510689.6429179
4,70.81,1742510689.6429179
5,70.177,1742510689.6429179
6,68.759,1742510689.6429179
7,72.486,1742510689.6429179
0,71.273,1742510689.693043
1,69.757,1742510689.693043
2,72.032,1742510689.693043
3,69.993,1742510689.693043
4,70.805,1742510689.693043
5,70.177,1742510689.693043
6,68.772,1742510689.693043
7,72.486,1742510689.693043
0,71.273,1742510689.7432187
1,69.757,1742510689.7432187
2,72.032,1742510689.7432187
3,70.008,1742510689.7432187
4,70.805,1742510689.7432187
5,70.204,1742510689.7432187
6,68.772,1742510689.7432187
7,72.495,1742510689.7432187
0,71.273,1742510689.7933595
1,69.743,1742510689.7933595
2,72.037,1742510689.7933595
3,70.008,1742510689.7933595
4,70.793,1742510689.7933595
5,70.204,1742510689.7933595
6,68.772,1742510689.7933595
7,72.495,1742510689.7933595
0,71.273,1742510689.8434837
1,69.743,1742510689.8434837
2,72.037,1742510689.8434837
3,70.008,1742510689.8434837
4,70.793,1742510689.8434837
5,70.171,1742510689.8434837
6,68.772,1742510689.8434837
7,72.502,1742510689.8434837
0,71.273,1742510689.8935764
1,69.763,1742510689.8935764
2,72.05,1742510689.8935764
3,70.008,1742510689.8935764
4,70.786,1742510689.8935764
5,70.171,1742510689.8935764
6,68.792,1742510689.8935764
7,72.502,1742510689.8935764
0,71.281,1742510689.943714
1,69.763,1742510689.943714
2,72.05,1742510689.943714
3,70.023,1742510689.943714
4,70.786,1742510689.943714
5,70.204,1742510689.943714
6,68.792,1742510689.943714
7,72.522,1742510689.943714
0,71.281,1742510689.9939566
1,69.714,1742510689.9939566
2,72.052,1742510689.9939566
3,70.023,1742510689.9939566
4,70.799,1742510689.9939566
5,70.204,1742510689.9939566
6,68.785,1742510689.9939566
7,72.522,1742510689.9939566
0,71.274,1742510690.0440974
1,69.714,1742510690.0440974
2,72.052,1742510690.0440974
3,70.022,1742510690.0440974
4,70.799,1742510690.0440974
5,70.178,1742510690.0440974
6,68.785,1742510690.0440974
7,72.522,1742510690.0440974
0,71.274,1742510690.0942338
1,69.777,1742510690.0942338
2,72.045,1742510690.0942338
3,70.022,1742510690.0942338
4,70.804,1742510690.0942338
5,70.178,1742510690.0942338
6,68.759,1742510690.0942338
7,72.522,1742510690.0942338
0,71.253,1742510690.1443825
1,69.777,1742510690.1443825
2,72.045,1742510690.1443825
3,70.022,1742510690.1443825
4,70.804,1742510690.1443825
5,70.201,1742510690.1443825
6,68.759,1742510690.1443825
7,72.485,1742510690.1443825
0,71.253,1742510690.1945066
1,69.673,1742510690.1945066
2,72.033,1742510690.1945066
3,70.022,1742510690.1945066
4,70.806,1742510690.1945066
5,70.201,1742510690.1945066
6,68.752,1742510690.1945066
7,72.485,1742510690.1945066
0,71.225,1742510690.2446437
1,69.673,1742510690.2446437
2,72.033,1742510690.2446437
3,70.043,1742510690.2446437
4,70.806,1742510690.2446437
5,70.175,1742510690.2446437
6,68.752,1742510690.2446437
7,72.485,1742510690.2446437
0,71.225,1742510690.294787
1,69.778,1742510690.294787
2,72.006,1742510690.294787
3,70.043,1742510690.294787
4,70.785,1742510690.294787
5,70.175,1742510690.294787
6,68.75,1742510690.294787
7,72.485,1742510690.294787
0,71.225,1742510690.3449123
1,69.778,1742510690.3449123
2,72.006,1742510690.3449123
3,70.069,1742510690.3449123
4,70.785,1742510690.3449123
5,70.188,1742510690.3449123
6,68.75,1742510690.3449123
7,72.493,1742510690.3449123
0,71.225,1742510690.3950481
1,69.668,1742510690.3950481
2,71.999,1742510690.3950481
3,70.069,1742510690.3950481
4,70.795,1742510690.3950481
5,70.188,1742510690.3950481
6,68.77,1742510690.3950481
7,72.493,1742510690.3950481
0,71.218,1742510690.4451838
1,69.668,1742510690.4451838
2,71.999,1742510690.4451838
3,70.069,1742510690.4451838
4,70.795,1742510690.4451838
5,70.158,1742510690.4451838
6,68.77,1742510690.4451838
7,72.492,1742510690.4451838
0,71.218,1742510690.4953086
1,69.793,1742510690.4953086
2,72.006,1742510690.4953086
3,70.069,1742510690.4953086
4,70.768,1742510690.4953086
5,70.158,1742510690.4953086
6,68.789,1742510690.4953086
7,72.492,1742510690.4953086
0,71.218,1742510690.5454447
1,69.793,1742510690.5454447
2,72.006,1742510690.5454447
3,70.055,1742510690.5454447
4,70.768,1742510690.5454447
5,70.171,1742510690.5454447
6,68.789,1742510690.5454447
7,72.5,1742510690.5454447
0,71.218,1742510690.5955799
1,69.655,1742510690.5955799
2,71.999,1742510690.5955799
3,70.055,1742510690.5955799
4,70.769,1742510690.5955799
5,70.171,1742510690.5955799
6,68.789,1742510690.5955799
7,72.5,1742510690.5955799
0,71.211,1742510690.6458569
1,69.655,1742510690.6458569
2,71.999,1742510690.6458569
3,70.056,1742510690.6458569
4,70.769,1742510690.6458569
5,70.188,1742510690.6458569
6,68.789,1742510690.6458569
7,72.486,1742510690.6458569
0,71.211,1742510690.695982
1,69.769,1742510690.695982
2,72.012,1742510690.695982
3,70.056,1742510690.695982
4,70.762,1742510690.695982
5,70.188,1742510690.695982
6,68.785,1742510690.695982
7,72.486,1742510690.695982
0,71.225,1742510690.746107
1,69.769,1742510690.746107
2,72.012,1742510690.746107
3,70.048,1742510690.746107
4,70.762,1742510690.746107
5,70.174,1742510690.746107
6,68.785,1742510690.746107
7,72.486,1742510690.746107
0,71.225,1742510690.796247
1,69.651,1742510690.796247
2,71.986,1742510690.796247
3,70.048,1742510690.796247
4,70.755,1742510690.796247
5,70.174,1742510690.796247
6,68.769,1742510690.796247
7,72.465,1742510690.796247
0,71.207,1742510690.8463829
1,69.651,1742510690.8463829
2,71.986,1742510690.8463829
3,70.041,1742510690.8463829
4,70.755,1742510690.8463829
5,70.181,1742510690.8463829
6,68.769,1742510690.8463829
7,72.465,1742510690.8463829
0,71.207,1742510690.8964758
1,69.757,1742510690.8964758
2,71.973,1742510690.8964758
3,70.041,1742510690.8964758
4,70.793,1742510690.8964758
5,70.181,1742510690.8964758
6,68.752,1742510690.8964758
7,72.458,1742510690.8964758
0,71.186,1742510690.9466128
1,69.757,1742510690.9466128
2,71.973,1742510690.9466128
3,70.04,1742510690.9466128
4,70.793,1742510690.9466128
5,70.157,1742510690.9466128
6,68.752,1742510690.9466128
7,72.458,1742510690.9466128
0,71.186,1742510690.9967492
1,69.695,1742510690.9967492
2,71.966,1742510690.9967492
3,70.04,1742510690.9967492
4,70.775,1742510690.9967492
5,70.157,1742510690.9967492
6,68.75,1742510690.9967492
7,72.447,1742510690.9967492
0,71.174,1742510691.046886
1,69.695,1742510691.046886
2,71.966,1742510691.046886
3,70.04,1742510691.046886
4,70.775,1742510691.046886
5,70.171,1742510691.046886
6,68.75,1742510691.046886
7,72.447,1742510691.046886
0,71.174,1742510691.097012
1,69.762,1742510691.097012
2,71.972,1742510691.097012
3,70.039,1742510691.097012
4,70.775,1742510691.097012
5,70.171,1742510691.097012
6,68.77,1742510691.097012
7,72.455,1742510691.097012
0,71.177,1742510691.1471493
1,69.762,1742510691.1471493
2,71.972,1742510691.1471493
3,70.039,1742510691.1471493
4,70.775,1742510691.1471493
5,70.132,1742510691.1471493
6,68.77,1742510691.1471493
7,72.455,1742510691.1471493
0,71.177,1742510691.1972892
1,69.766,1742510691.1972892
2,71.992,1742510691.1972892
3,70.066,1742510691.1972892
4,70.741,1742510691.1972892
5,70.132,1742510691.1972892
6,68.785,1742510691.1972892
7,72.474,1742510691.1972892
0,71.177,1742510691.2474267
1,69.766,1742510691.2474267
2,71.992,1742510691.2474267
3,70.066,1742510691.2474267
4,70.741,1742510691.2474267
5,70.164,1742510691.2474267
6,68.785,1742510691.2474267
7,72.474,1742510691.2474267
0,71.177,1742510691.2975736
1,69.758,1742510691.2975736
2,71.991,1742510691.2975736
3,70.072,1742510691.2975736
4,70.742,1742510691.2975736
5,70.164,1742510691.2975736
6,68.785,1742510691.2975736
7,72.47,1742510691.2975736
0,71.163,1742510691.3476996
1,69.758,1742510691.3476996
2,71.991,1742510691.3476996
3,70.072,1742510691.3476996
4,70.742,1742510691.3476996
5,70.145,1742510691.3476996
6,68.785,1742510691.3476996
7,72.47,1742510691.3476996
0,71.163,1742510691.3978245
1,69.768,1742510691.3978245
2,71.998,1742510691.3978245
3,70.053,1742510691.3978245
4,70.753,1742510691.3978245
5,70.145,1742510691.3978245
6,68.765,1742510691.3978245
7,72.45,1742510691.3978245
0,71.141,1742510691.447951
1,69.768,1742510691.447951
2,71.998,1742510691.447951
3,70.053,1742510691.447951
4,70.753,1742510691.447951
5,70.151,1742510691.447951
6,68.765,1742510691.447951
7,72.45,1742510691.447951
0,71.141,1742510691.4980824
1,69.705,1742510691.4980824
2,72.005,1742510691.4980824
3,70.053,1742510691.4980824
4,70.76,1742510691.4980824
5,70.151,1742510691.4980824
6,68.752,1742510691.4980824
7,72.455,1742510691.4980824
0,71.141,1742510691.5482204
1,69.705,1742510691.5482204
2,72.005,1742510691.5482204
3,70.053,1742510691.5482204
4,70.76,1742510691.5482204
5,70.145,1742510691.5482204
6,68.752,1742510691.5482204
7,72.455,1742510691.5482204
0,71.141,1742510691.598363
1,69.785,1742510691.598363
2,72.005,1742510691.598363
3,70.073,1742510691.598363
4,70.773,1742510691.598363
5,70.145,1742510691.598363
6,68.746,1742510691.598363
7,72.427,1742510691.598363
0,71.147,1742510691.6485019
1,69.785,1742510691.6485019
2,72.005,1742510691.6485019
3,70.073,1742510691.6485019
4,70.773,1742510691.6485019
5,70.138,1742510691.6485019
6,68.746,1742510691.6485019
7,72.427,1742510691.6485019
0,71.147,1742510691.698619
1,69.717,1742510691.698619
2,71.998,1742510691.698619
3,70.073,1742510691.698619
4,70.762,1742510691.698619
5,70.138,1742510691.698619
6,68.765,1742510691.698619
7,72.431,1742510691.698619
0,71.147,1742510691.7487574
1,69.717,1742510691.7487574
2,71.998,1742510691.7487574
3,70.073,1742510691.7487574
4,70.762,1742510691.7487574
5,70.136,1742510691.7487574
6,68.765,1742510691.7487574
7,72.431,1742510691.7487574
0,71.147,1742510691.7988973
1,69.811,1742510691.7988973
2,72.011,1742510691.7988973
3,70.086,1742510691.7988973
4,70.752,1742510691.7988973
5,70.136,1742510691.7988973
6,68.746,1742510691.7988973
7,72.441,1742510691.7988973
0,71.148,1742510691.849021
1,69.811,1742510691.849021
2,72.011,1742510691.849021
3,70.086,1742510691.849021
4,70.752,1742510691.849021
5,70.132,1742510691.849021
6,68.746,1742510691.849021
7,72.441,1742510691.849021
0,71.148,1742510691.8991294
1,69.699,1742510691.8991294
2,72.018,1742510691.8991294
3,70.107,1742510691.8991294
4,70.741,1742510691.8991294
5,70.132,1742510691.8991294
6,68.772,1742510691.8991294
7,72.446,1742510691.8991294
0,71.161,1742510691.949266
1,69.699,1742510691.949266
2,72.018,1742510691.949266
3,70.107,1742510691.949266
4,70.741,1742510691.949266
5,70.155,1742510691.949266
6,68.772,1742510691.949266
7,72.446,1742510691.949266
0,71.161,1742510691.9994018
1,69.789,1742510691.9994018
2,72.017,1742510691.9994018
3,70.094,1742510691.9994018
4,70.736,1742510691.9994018
5,70.155,1742510691.9994018
6,68.752,1742510691.9994018
7,72.456,1742510691.9994018
0,71.154,1742510692.0495384
1,69.789,1742510692.0495384
2,72.017,1742510692.0495384
3,70.094,1742510692.0495384
4,70.736,1742510692.0495384
5,70.136,1742510692.0495384
6,68.752,1742510692.0495384
7,72.456,1742510692.0495384
0,71.154,1742510692.099676
1,69.656,1742510692.099676
2,72.017,1742510692.099676
3,70.086,1742510692.099676
4,70.736,1742510692.099676
5,70.136,1742510692.099676
6,68.752,1742510692.099676
7,72.453,1742510692.099676
0,71.167,1742510692.149822
1,69.656,1742510692.149822
2,72.017,1742510692.149822
3,70.086,1742510692.149822
4,70.736,1742510692.149822
5,70.148,1742510692.149822
6,68.745,1742510692.149822
7,72.453,1742510692.149822
0,71.167,1742510692.1999578
1,69.782,1742510692.1999578
2,72.011,1742510692.1999578
3,70.052,1742510692.1999578
4,70.737,1742510692.1999578
5,70.148,1742510692.1999578
6,68.745,1742510692.1999578
7,72.439,1742510692.1999578
0,71.166,1742510692.250099
1,69.782,1742510692.250099
2,72.011,1742510692.250099
3,70.052,1742510692.250099
4,70.737,1742510692.250099
5,70.125,1742510692.250099
6,68.73,1742510692.250099
7,72.439,1742510692.250099
0,71.166,1742510692.3002374
1,69.666,1742510692.3002374
2,72.011,1742510692.3002374
3,70.034,1742510692.3002374
4,70.751,1742510692.3002374
5,70.125,1742510692.3002374
6,68.73,1742510692.3002374
7,72.427,1742510692.3002374
0,71.18,1742510692.3503368
1,69.666,1742510692.3503368
2,72.011,1742510692.3503368
3,70.034,1742510692.3503368
4,70.751,1742510692.3503368
5,70.145,1742510692.3503368
6,68.713,1742510692.3503368
7,72.427,1742510692.3503368
0,71.18,1742510692.400469
1,69.785,1742510692.400469
2,72.004,1742510692.400469
3,70.047,1742510692.400469
4,70.723,1742510692.400469
5,70.145,1742510692.400469
6,68.713,1742510692.400469
7,72.448,1742510692.400469
0,71.179,1742510692.450604
1,69.785,1742510692.450604
2,72.004,1742510692.450604
3,70.047,1742510692.450604
4,70.723,1742510692.450604
5,70.103,1742510692.450604
6,68.732,1742510692.450604
7,72.448,1742510692.450604
0,71.179,1742510692.5007396
1,69.695,1742510692.5007396
2,71.984,1742510692.5007396
3,70.047,1742510692.5007396
4,70.709,1742510692.5007396
5,70.103,1742510692.5007396
6,68.732,1742510692.5007396
7,72.442,1742510692.5007396
0,71.179,1742510692.5508869
1,69.695,1742510692.5508869
2,71.984,1742510692.5508869
3,70.047,1742510692.5508869
4,70.709,1742510692.5508869
5,70.098,1742510692.5508869
6,68.733,1742510692.5508869
7,72.442,1742510692.5508869
0,71.179,1742510692.6010256
1,69.794,1742510692.6010256
2,72.004,1742510692.6010256
3,70.026,1742510692.6010256
4,70.709,1742510692.6010256
5,70.098,1742510692.6010256
6,68.733,1742510692.6010256
7,72.454,1742510692.6010256
0,71.187,1742510692.6511629
1,69.794,1742510692.6511629
2,72.004,1742510692.6511629
3,70.026,1742510692.6511629
4,70.709,1742510692.6511629
5,70.098,1742510692.6511629
6,68.726,1742510692.6511629
7,72.454,1742510692.6511629
0,71.187,1742510692.7012994
1,69.722,1742510692.7012994
2,71.997,1742510692.7012994
3,69.998,1742510692.7012994
4,70.724,1742510692.7012994
5,70.098,1742510692.7012994
6,68.726,1742510692.7012994
7,72.455,1742510692.7012994
0,71.194,1742510692.751439
1,69.722,1742510692.751439
2,71.997,1742510692.751439
3,69.998,1742510692.751439
4,70.724,1742510692.751439
5,70.098,1742510692.751439
6,68.726,1742510692.751439
7,72.455,1742510692.751439
0,71.194,1742510692.8015718
1,69.765,1742510692.8015718
2,71.991,1742510692.8015718
3,69.998,1742510692.8015718
4,70.738,1742510692.8015718
5,70.098,1742510692.8015718
6,68.726,1742510692.8015718
7,72.444,1742510692.8015718
0,71.205,1742510692.8516915
1,69.765,1742510692.8516915
2,71.991,1742510692.8516915
3,69.998,1742510692.8516915
4,70.738,1742510692.8516915
5,70.112,1742510692.8516915
6,68.726,1742510692.8516915
7,72.444,1742510692.8516915
0,71.205,1742510692.9018042
1,69.752,1742510692.9018042
2,71.985,1742510692.9018042
3,69.971,1742510692.9018042
4,70.742,1742510692.9018042
5,70.112,1742510692.9018042
6,68.726,1742510692.9018042
7,72.449,1742510692.9018042
0,71.199,1742510692.951937
1,69.752,1742510692.951937
2,71.985,1742510692.951937
3,69.971,1742510692.951937
4,70.742,1742510692.951937
5,70.098,1742510692.951937
6,68.718,1742510692.951937
7,72.449,1742510692.951937
0,71.199,1742510693.0020776
1,69.764,1742510693.0020776
2,71.991,1742510693.0020776
3,69.95,1742510693.0020776
4,70.755,1742510693.0020776
5,70.098,1742510693.0020776
6,68.718,1742510693.0020776
7,72.436,1742510693.0020776
0,71.22,1742510693.0522578
1,69.764,1742510693.0522578
2,71.991,1742510693.0522578
3,69.95,1742510693.0522578
4,70.755,1742510693.0522578
5,70.098,1742510693.0522578
6,68.746,1742510693.0522578
7,72.436,1742510693.0522578
0,71.22,1742510693.1023989
1,69.839,1742510693.1023989
2,71.972,1742510693.1023989
3,69.977,1742510693.1023989
4,70.74,1742510693.1023989
5,70.125,1742510693.1023989
6,68.746,1742510693.1023989
7,72.436,1742510693.1023989
0,71.197,1742510693.1525285
1,69.839,1742510693.1525285
2,71.972,1742510693.1525285
3,69.977,1742510693.1525285
4,70.74,1742510693.1525285
5,70.125,1742510693.1525285
6,68.739,1742510693.1525285
7,72.436,1742510693.1525285
0,71.197,1742510693.2026694
1,69.758,1742510693.2026694
2,71.965,1742510693.2026694
3,69.985,1742510693.2026694
4,70.754,1742510693.2026694
5,70.11,1742510693.2026694
6,68.739,1742510693.2026694
7,72.443,1742510693.2026694
0,71.209,1742510693.2527997
1,69.758,1742510693.2527997
2,71.965,1742510693.2527997
3,69.985,1742510693.2527997
4,70.754,1742510693.2527997
5,70.11,1742510693.2527997
6,68.75,1742510693.2527997
7,72.443,1742510693.2527997
0,71.209,1742510693.3029404
1,69.862,1742510693.3029404
2,71.972,1742510693.3029404
3,69.998,1742510693.3029404
4,70.749,1742510693.3029404
5,70.145,1742510693.3029404
6,68.75,1742510693.3029404
7,72.448,1742510693.3029404
0,71.217,1742510693.3530693
1,69.862,1742510693.3530693
2,71.972,1742510693.3530693
3,69.998,1742510693.3530693
4,70.749,1742510693.3530693
5,70.145,1742510693.3530693
6,68.763,1742510693.3530693
7,72.448,1742510693.3530693
0,71.217,1742510693.4032106
1,69.757,1742510693.4032106
2,71.972,1742510693.4032106
3,69.976,1742510693.4032106
4,70.763,1742510693.4032106
5,70.125,1742510693.4032106
6,68.763,1742510693.4032106
7,72.428,1742510693.4032106
0,71.232,1742510693.4533393
1,69.757,1742510693.4533393
2,71.972,1742510693.4533393
3,69.976,1742510693.4533393
4,70.763,1742510693.4533393
5,70.125,1742510693.4533393
6,68.744,1742510693.4533393
7,72.428,1742510693.4533393
0,71.232,1742510693.5034707
1,69.866,1742510693.5034707
2,71.985,1742510693.5034707
3,69.976,1742510693.5034707
4,70.781,1742510693.5034707
5,70.168,1742510693.5034707
6,68.744,1742510693.5034707
7,72.427,1742510693.5034707
0,71.219,1742510693.5536091
1,69.866,1742510693.5536091
2,71.985,1742510693.5536091
3,69.976,1742510693.5536091
4,70.781,1742510693.5536091
5,70.168,1742510693.5536091
6,68.756,1742510693.5536091
7,72.427,1742510693.5536091
0,71.219,1742510693.6037538
1,69.77,1742510693.6037538
2,71.959,1742510693.6037538
3,69.969,1742510693.6037538
4,70.794,1742510693.6037538
5,70.155,1742510693.6037538
6,68.756,1742510693.6037538
7,72.419,1742510693.6037538
0,71.206,1742510693.653897
1,69.77,1742510693.653897
2,71.959,1742510693.653897
3,69.969,1742510693.653897
4,70.794,1742510693.653897
5,70.155,1742510693.653897
6,68.744,1742510693.653897
7,72.419,1742510693.653897
0,71.206,1742510693.70404
1,69.884,1742510693.70404
2,71.972,1742510693.70404
3,70.003,1742510693.70404
4,70.791,1742510693.70404
5,70.168,1742510693.70404
6,68.744,1742510693.70404
7,72.419,1742510693.70404
0,71.193,1742510693.754178
1,69.884,1742510693.754178
2,71.972,1742510693.754178
3,70.003,1742510693.754178
4,70.791,1742510693.754178
5,70.168,1742510693.754178
6,68.757,1742510693.754178
7,72.419,1742510693.754178
0,71.193,1742510693.8043113
1,69.758,1742510693.8043113
2,71.972,1742510693.8043113
3,70.01,1742510693.8043113
4,70.767,1742510693.8043113
5,70.142,1742510693.8043113
6,68.757,1742510693.8043113
7,72.426,1742510693.8043113
0,71.162,1742510693.854457
1,69.758,1742510693.854457
2,71.972,1742510693.854457
3,70.01,1742510693.854457
4,70.767,1742510693.854457
5,70.142,1742510693.854457
6,68.752,1742510693.854457
7,72.426,1742510693.854457
0,71.162,1742510693.9046578
1,69.758,1742510693.9046578
2,71.966,1742510693.9046578
3,70.004,1742510693.9046578
4,70.767,1742510693.9046578
5,70.161,1742510693.9046578
6,68.752,1742510693.9046578
7,72.432,1742510693.9046578
0,71.156,1742510693.9548116
1,69.907,1742510693.9548116
2,71.966,1742510693.9548116
3,70.004,1742510693.9548116
4,70.744,1742510693.9548116
5,70.161,1742510693.9548116
6,68.75,1742510693.9548116
7,72.432,1742510693.9548116
0,71.156,1742510694.0049815
1,69.784,1742510694.0049815
2,71.979,1742510694.0049815
3,70.039,1742510694.0049815
4,70.744,1742510694.0049815
5,70.161,1742510694.0049815
6,68.75,1742510694.0049815
7,72.425,1742510694.0049815
0,71.156,1742510694.0551376
1,69.784,1742510694.0551376
2,71.979,1742510694.0551376
3,70.039,1742510694.0551376
4,70.737,1742510694.0551376
5,70.161,1742510694.0551376
6,68.752,1742510694.0551376
7,72.425,1742510694.0551376
0,71.156,1742510694.1052902
1,69.887,1742510694.1052902
2,71.986,1742510694.1052902
3,70.04,1742510694.1052902
4,70.737,1742510694.1052902
5,70.161,1742510694.1052902
6,68.752,1742510694.1052902
7,72.418,1742510694.1052902
0,71.146,1742510694.155458
1,69.887,1742510694.155458
2,71.986,1742510694.155458
3,70.04,1742510694.155458
4,70.731,1742510694.155458
5,70.161,1742510694.155458
6,68.75,1742510694.155458
7,72.418,1742510694.155458
0,71.146,1742510694.2056098
1,69.791,1742510694.2056098
2,71.986,1742510694.2056098
3,70.027,1742510694.2056098
4,70.731,1742510694.2056098
5,70.171,1742510694.2056098
6,68.75,1742510694.2056098
7,72.39,1742510694.2056098
0,71.127,1742510694.2557957
1,69.791,1742510694.2557957
2,71.986,1742510694.2557957
3,70.027,1742510694.2557957
4,70.758,1742510694.2557957
5,70.171,1742510694.2557957
6,68.745,1742510694.2557957
7,72.39,1742510694.2557957
0,71.127,1742510694.3059633
1,69.791,1742510694.3059633
2,71.999,1742510694.3059633
3,70.034,1742510694.3059633
4,70.758,1742510694.3059633
5,70.148,1742510694.3059633
6,68.745,1742510694.3059633
7,72.388,1742510694.3059633
0,71.112,1742510694.356127
1,69.855,1742510694.356127
2,71.999,1742510694.356127
3,70.034,1742510694.356127
4,70.765,1742510694.356127
5,70.148,1742510694.356127
6,68.746,1742510694.356127
7,72.388,1742510694.356127
0,71.112,1742510694.4062839
1,69.855,1742510694.4062839
2,71.992,1742510694.4062839
3,70.06,1742510694.4062839
4,70.765,1742510694.4062839
5,70.177,1742510694.4062839
6,68.746,1742510694.4062839
7,72.395,1742510694.4062839
0,71.112,1742510694.4564407
1,69.805,1742510694.4564407
2,71.992,1742510694.4564407
3,70.06,1742510694.4564407
4,70.758,1742510694.4564407
5,70.177,1742510694.4564407
6,68.739,1742510694.4564407
7,72.395,1742510694.4564407
0,71.112,1742510694.5065744
1,69.805,1742510694.5065744
2,71.992,1742510694.5065744
3,70.073,1742510694.5065744
4,70.758,1742510694.5065744
5,70.141,1742510694.5065744
6,68.739,1742510694.5065744
7,72.391,1742510694.5065744
0,71.112,1742510694.5567112
1,69.816,1742510694.5567112
2,71.992,1742510694.5567112
3,70.073,1742510694.5567112
4,70.728,1742510694.5567112
5,70.141,1742510694.5567112
6,68.739,1742510694.5567112
7,72.391,1742510694.5567112
0,71.112,1742510694.6068654
1,69.816,1742510694.6068654
2,71.979,1742510694.6068654
3,70.108,1742510694.6068654
4,70.728,1742510694.6068654
5,70.151,1742510694.6068654
6,68.739,1742510694.6068654
7,72.412,1742510694.6068654
0,71.119,1742510694.6570377
1,69.84,1742510694.6570377
2,71.979,1742510694.6570377
3,70.108,1742510694.6570377
4,70.703,1742510694.6570377
5,70.151,1742510694.6570377
6,68.72,1742510694.6570377
7,72.412,1742510694.6570377
0,71.119,1742510694.7071965
1,69.84,1742510694.7071965
2,71.979,1742510694.7071965
3,70.095,1742510694.7071965
4,70.703,1742510694.7071965
5,70.124,1742510694.7071965
6,68.72,1742510694.7071965
7,72.412,1742510694.7071965
0,71.126,1742510694.7574072
1,69.761,1742510694.7574072
2,71.979,1742510694.7574072
3,70.095,1742510694.7574072
4,70.701,1742510694.7574072
5,70.124,1742510694.7574072
6,68.739,1742510694.7574072
7,72.412,1742510694.7574072
0,71.126,1742510694.807568
1,69.761,1742510694.807568
2,71.985,1742510694.807568
3,70.082,1742510694.807568
4,70.701,1742510694.807568
5,70.138,1742510694.807568
6,68.739,1742510694.807568
7,72.382,1742510694.807568
0,71.125,1742510694.8577468
1,69.822,1742510694.8577468
2,71.985,1742510694.8577468
3,70.082,1742510694.8577468
4,70.721,1742510694.8577468
5,70.138,1742510694.8577468
6,68.726,1742510694.8577468
7,72.382,1742510694.8577468
0,71.125,1742510694.9078982
1,69.822,1742510694.9078982
2,71.985,1742510694.9078982
3,70.09,1742510694.9078982
4,70.721,1742510694.9078982
5,70.138,1742510694.9078982
6,68.726,1742510694.9078982
7,72.38,1742510694.9078982
0,71.119,1742510694.958053
1,69.696,1742510694.958053
2,71.985,1742510694.958053
3,70.09,1742510694.958053
4,70.744,1742510694.958053
5,70.138,1742510694.958053
6,68.726,1742510694.958053
7,72.38,1742510694.958053
0,71.119,1742510695.0081973
1,69.696,1742510695.0081973
2,71.991,1742510695.0081973
3,70.056,1742510695.0081973
4,70.744,1742510695.0081973
5,70.131,1742510695.0081973
6,68.726,1742510695.0081973
7,72.362,1742510695.0081973
0,71.116,1742510695.0583549
1,69.787,1742510695.0583549
2,71.991,1742510695.0583549
3,70.056,1742510695.0583549
4,70.747,1742510695.0583549
5,70.131,1742510695.0583549
6,68.713,1742510695.0583549
7,72.362,1742510695.0583549
0,71.116,1742510695.108508
1,69.787,1742510695.108508
2,71.979,1742510695.108508
3,70.062,1742510695.108508
4,70.747,1742510695.108508
5,70.138,1742510695.108508
6,68.713,1742510695.108508
7,72.37,1742510695.108508
0,71.117,1742510695.158662
1,69.679,1742510695.158662
2,71.979,1742510695.158662
3,70.062,1742510695.158662
4,70.754,1742510695.158662
5,70.138,1742510695.158662
6,68.699,1742510695.158662
7,72.37,1742510695.158662
0,71.117,1742510695.2088182
1,69.679,1742510695.2088182
2,71.965,1742510695.2088182
3,70.055,1742510695.2088182
4,70.754,1742510695.2088182
5,70.118,1742510695.2088182
6,68.699,1742510695.2088182
7,72.392,1742510695.2088182
0,71.124,1742510695.2589824
1,69.781,1742510695.2589824
2,71.965,1742510695.2589824
3,70.055,1742510695.2589824
4,70.733,1742510695.2589824
5,70.118,1742510695.2589824
6,68.706,1742510695.2589824
7,72.392,1742510695.2589824
0,71.124,1742510695.3091514
1,69.781,1742510695.3091514
2,71.946,1742510695.3091514
3,70.055,1742510695.3091514
4,70.733,1742510695.3091514
5,70.132,1742510695.3091514
6,68.706,1742510695.3091514
7,72.406,1742510695.3091514
0,71.122,1742510695.359335
1,69.664,1742510695.359335
2,71.946,1742510695.359335
3,70.055,1742510695.359335
4,70.714,1742510695.359335
5,70.132,1742510695.359335
6,68.705,1742510695.359335
7,72.406,1742510695.359335
0,71.122,1742510695.4095008
1,69.664,1742510695.4095008
2,71.959,1742510695.4095008
3,70.035,1742510695.4095008
4,70.714,1742510695.4095008
5,70.099,1742510695.4095008
6,68.705,1742510695.4095008
7,72.38,1742510695.4095008
0,71.124,1742510695.4596932
1,69.773,1742510695.4596932
2,71.959,1742510695.4596932
3,70.035,1742510695.4596932
4,70.72,1742510695.4596932
5,70.099,1742510695.4596932
6,68.713,1742510695.4596932
7,72.38,1742510695.4596932
0,71.124,1742510695.5098495
1,69.773,1742510695.5098495
2,71.959,1742510695.5098495
3,70.014,1742510695.5098495
4,70.72,1742510695.5098495
5,70.119,1742510695.5098495
6,68.713,1742510695.5098495
7,72.373,1742510695.5098495
0,71.131,1742510695.5600054
1,69.624,1742510695.5600054
2,71.959,1742510695.5600054
3,70.014,1742510695.5600054
4,70.716,1742510695.5600054
5,70.119,1742510695.5600054
6,68.706,1742510695.5600054
7,72.373,1742510695.5600054
0,71.131,1742510695.6101403
1,69.624,1742510695.6101403
2,71.959,1742510695.6101403
3,69.994,1742510695.6101403
4,70.716,1742510695.6101403
5,70.084,1742510695.6101403
6,68.706,1742510695.6101403
7,72.373,1742510695.6101403
0,71.122,1742510695.6602857
1,69.74,1742510695.6602857
2,71.959,1742510695.6602857
3,69.994,1742510695.6602857
4,70.752,1742510695.6602857
5,70.084,1742510695.6602857
6,68.712,1742510695.6602857
7,72.373,1742510695.6602857
0,71.122,1742510695.7104604
1,69.74,1742510695.7104604
2,71.979,1742510695.7104604
3,69.975,1742510695.7104604
4,70.752,1742510695.7104604
5,70.11,1742510695.7104604
6,68.712,1742510695.7104604
7,72.363,1742510695.7104604
0,71.107,1742510695.7606559
1,69.635,1742510695.7606559
2,71.979,1742510695.7606559
3,69.975,1742510695.7606559
4,70.757,1742510695.7606559
5,70.11,1742510695.7606559
6,68.706,1742510695.7606559
7,72.363,1742510695.7606559
0,71.107,1742510695.8107972
1,69.635,1742510695.8107972
2,71.979,1742510695.8107972
3,69.982,1742510695.8107972
4,70.757,1742510695.8107972
5,70.079,1742510695.8107972
6,68.706,1742510695.8107972
7,72.39,1742510695.8107972
0,71.113,1742510695.8609262
1,69.738,1742510695.8609262
2,71.972,1742510695.8609262
3,69.982,1742510695.8609262
4,70.751,1742510695.8609262
5,70.079,1742510695.8609262
6,68.704,1742510695.8609262
7,72.39,1742510695.8609262
0,71.113,1742510695.9110515
1,69.738,1742510695.9110515
2,71.972,1742510695.9110515
3,69.988,1742510695.9110515
4,70.751,1742510695.9110515
5,70.11,1742510695.9110515
6,68.704,1742510695.9110515
7,72.427,1742510695.9110515
0,71.105,1742510695.9611871
1,69.669,1742510695.9611871
2,71.959,1742510695.9611871
3,69.988,1742510695.9611871
4,70.757,1742510695.9611871
5,70.11,1742510695.9611871
6,68.712,1742510695.9611871
7,72.427,1742510695.9611871
0,71.105,1742510696.0113132
1,69.669,1742510696.0113132
2,71.959,1742510696.0113132
3,70.002,1742510696.0113132
4,70.757,1742510696.0113132
5,70.099,1742510696.0113132
6,68.712,1742510696.0113132
7,72.42,1742510696.0113132
0,71.134,1742510696.0614998
1,69.71,1742510696.0614998
2,71.959,1742510696.0614998
3,70.002,1742510696.0614998
4,70.744,1742510696.0614998
5,70.099,1742510696.0614998
6,68.713,1742510696.0614998
7,72.42,1742510696.0614998
0,71.134,1742510696.1116395
1,69.71,1742510696.1116395
2,71.959,1742510696.1116395
3,70.021,1742510696.1116395
4,70.744,1742510696.1116395
5,70.085,1742510696.1116395
6,68.713,1742510696.1116395
7,72.419,1742510696.1116395
0,71.148,1742510696.161821
1,69.686,1742510696.161821
2,71.972,1742510696.161821
3,70.021,1742510696.161821
4,70.759,1742510696.161821
5,70.085,1742510696.161821
6,68.732,1742510696.161821
7,72.419,1742510696.161821
0,71.148,1742510696.2119763
1,69.686,1742510696.2119763
2,71.972,1742510696.2119763
3,70.021,1742510696.2119763
4,70.759,1742510696.2119763
5,70.105,1742510696.2119763
6,68.732,1742510696.2119763
7,72.391,1742510696.2119763
0,71.16,1742510696.2621522
1,69.646,1742510696.2621522
2,71.979,1742510696.2621522
3,70.02,1742510696.2621522
4,70.772,1742510696.2621522
5,70.105,1742510696.2621522
6,68.739,1742510696.2621522
7,72.391,1742510696.2621522
0,71.16,1742510696.31229
1,69.646,1742510696.31229
2,71.979,1742510696.31229
3,70.02,1742510696.31229
4,70.772,1742510696.31229
5,70.084,1742510696.31229
6,68.739,1742510696.31229
7,72.367,1742510696.31229
0,71.164,1742510696.3624296
1,69.69,1742510696.3624296
2,71.985,1742510696.3624296
3,70.008,1742510696.3624296
4,70.772,1742510696.3624296
5,70.084,1742510696.3624296
6,68.712,1742510696.3624296
7,72.367,1742510696.3624296
0,71.164,1742510696.412568
1,69.69,1742510696.412568
2,71.985,1742510696.412568
3,70.008,1742510696.412568
4,70.772,1742510696.412568
5,70.112,1742510696.412568
6,68.712,1742510696.412568
7,72.375,1742510696.412568
0,71.147,1742510696.462694
1,69.648,1742510696.462694
2,71.985,1742510696.462694
3,70.015,1742510696.462694
4,70.778,1742510696.462694
5,70.112,1742510696.462694
6,68.706,1742510696.462694
7,72.375,1742510696.462694
0,71.147,1742510696.5128322
1,69.648,1742510696.5128322
2,71.985,1742510696.5128322
3,70.015,1742510696.5128322
4,70.778,1742510696.5128322
5,70.072,1742510696.5128322
6,68.706,1742510696.5128322
7,72.391,1742510696.5128322
0,71.147,1742510696.5629704
1,69.744,1742510696.5629704
2,71.978,1742510696.5629704
3,70.015,1742510696.5629704
4,70.802,1742510696.5629704
5,70.072,1742510696.5629704
6,68.712,1742510696.5629704
7,72.391,1742510696.5629704
0,71.156,1742510696.6131074
1,69.744,1742510696.6131074
2,71.978,1742510696.6131074
3,70.015,1742510696.6131074
4,70.802,1742510696.6131074
5,70.092,1742510696.6131074
6,68.712,1742510696.6131074
7,72.402,1742510696.6131074
0,71.156,1742510696.6632526
1,69.643,1742510696.6632526
2,71.985,1742510696.6632526
3,70.006,1742510696.6632526
4,70.784,1742510696.6632526
5,70.092,1742510696.6632526
6,68.706,1742510696.6632526
7,72.402,1742510696.6632526
0,71.157,1742510696.7134266
1,69.643,1742510696.7134266
2,71.985,1742510696.7134266
3,70.006,1742510696.7134266
4,70.784,1742510696.7134266
5,70.059,1742510696.7134266
6,68.706,1742510696.7134266
7,72.426,1742510696.7134266
0,71.157,1742510696.7636044
1,69.721,1742510696.7636044
2,71.979,1742510696.7636044
3,70.033,1742510696.7636044
4,70.771,1742510696.7636044
5,70.059,1742510696.7636044
6,68.732,1742510696.7636044
7,72.426,1742510696.7636044
0,71.172,1742510696.8137963
1,69.721,1742510696.8137963
2,71.979,1742510696.8137963
3,70.033,1742510696.8137963
4,70.771,1742510696.8137963
5,70.084,1742510696.8137963
6,68.732,1742510696.8137963
7,72.396,1742510696.8137963
0,71.172,1742510696.8639734
1,69.599,1742510696.8639734
2,71.998,1742510696.8639734
3,70.028,1742510696.8639734
4,70.766,1742510696.8639734
5,70.084,1742510696.8639734
6,68.726,1742510696.8639734
7,72.396,1742510696.8639734
0,71.175,1742510696.9141548
1,69.599,1742510696.9141548
2,71.998,1742510696.9141548
3,70.028,1742510696.9141548
4,70.766,1742510696.9141548
5,70.052,1742510696.9141548
6,68.726,1742510696.9141548
7,72.386,1742510696.9141548
0,71.175,1742510696.964346
1,69.714,1742510696.964346
2,72.011,1742510696.964346
3,70.022,1742510696.964346
4,70.763,1742510696.964346
5,70.052,1742510696.964346
6,68.724,1742510696.964346
7,72.386,1742510696.964346
0,71.17,1742510697.014533
1,69.714,1742510697.014533
2,72.011,1742510697.014533
3,70.022,1742510697.014533
4,70.763,1742510697.014533
5,70.064,1742510697.014533
6,68.724,1742510697.014533
7,72.365,1742510697.014533
0,71.17,1742510697.064713
1,69.604,1742510697.064713
2,72.017,1742510697.064713
3,70.001,1742510697.064713
4,70.776,1742510697.064713
5,70.064,1742510697.064713
6,68.706,1742510697.064713
7,72.365,1742510697.064713
0,71.17,1742510697.1149058
1,69.604,1742510697.1149058
2,72.017,1742510697.1149058
3,70.001,1742510697.1149058
4,70.776,1742510697.1149058
5,70.045,1742510697.1149058
6,68.706,1742510697.1149058
7,72.375,1742510697.1149058
0,71.17,1742510697.165083
1,69.739,1742510697.165083
2,72.018,1742510697.165083
3,69.988,1742510697.165083
4,70.782,1742510697.165083
5,70.045,1742510697.165083
6,68.698,1742510697.165083
7,72.375,1742510697.165083
0,71.153,1742510697.215265
1,69.739,1742510697.215265
2,72.018,1742510697.215265
3,69.988,1742510697.215265
4,70.782,1742510697.215265
5,70.046,1742510697.215265
6,68.698,1742510697.215265
7,72.375,1742510697.215265
0,71.153,1742510697.2654612
1,69.609,1742510697.2654612
2,72.005,1742510697.2654612
3,70.001,1742510697.2654612
4,70.802,1742510697.2654612
5,70.046,1742510697.2654612
6,68.711,1742510697.2654612
7,72.376,1742510697.2654612
0,71.142,1742510697.3156588
1,69.609,1742510697.3156588
2,72.005,1742510697.3156588
3,70.001,1742510697.3156588
4,70.802,1742510697.3156588
5,70.058,1742510697.3156588
6,68.711,1742510697.3156588
7,72.376,1742510697.3156588
0,71.142,1742510697.3658426
1,69.736,1742510697.3658426
2,71.998,1742510697.3658426
3,70.014,1742510697.3658426
4,70.778,1742510697.3658426
5,70.058,1742510697.3658426
6,68.724,1742510697.3658426
7,72.412,1742510697.3658426
0,71.14,1742510697.4161122
1,69.736,1742510697.4161122
2,71.998,1742510697.4161122
3,70.014,1742510697.4161122
4,70.778,1742510697.4161122
5,70.052,1742510697.4161122
6,68.724,1742510697.4161122
7,72.412,1742510697.4161122
0,71.14,1742510697.4662926
1,69.634,1742510697.4662926
2,71.998,1742510697.4662926
3,70.014,1742510697.4662926
4,70.751,1742510697.4662926
5,70.052,1742510697.4662926
6,68.746,1742510697.4662926
7,72.384,1742510697.4662926
0,71.127,1742510697.5165017
1,69.634,1742510697.5165017
2,71.998,1742510697.5165017
3,70.014,1742510697.5165017
4,70.751,1742510697.5165017
5,70.072,1742510697.5165017
6,68.746,1742510697.5165017
7,72.384,1742510697.5165017
0,71.127,1742510697.56668
1,69.702,1742510697.56668
2,72.004,1742510697.56668
3,70.015,1742510697.56668
4,70.772,1742510697.56668
5,70.072,1742510697.56668
6,68.732,1742510697.56668
7,72.365,1742510697.56668
0,71.111,1742510697.6168573
1,69.702,1742510697.6168573
2,72.004,1742510697.6168573
3,70.015,1742510697.6168573
4,70.772,1742510697.6168573
5,70.059,1742510697.6168573
6,68.732,1742510697.6168573
7,72.365,1742510697.6168573
0,71.111,1742510697.6670454
1,69.641,1742510697.6670454
2,72.005,1742510697.6670454
3,70.002,1742510697.6670454
4,70.785,1742510697.6670454
5,70.059,1742510697.6670454
6,68.737,1742510697.6670454
7,72.343,1742510697.6670454
0,71.104,1742510697.7172425
1,69.641,1742510697.7172425
2,72.005,1742510697.7172425
3,70.002,1742510697.7172425
4,70.785,1742510697.7172425
5,70.079,1742510697.7172425
6,68.737,1742510697.7172425
7,72.343,1742510697.7172425
0,71.104,1742510697.7674427
1,69.675,1742510697.7674427
2,72.011,1742510697.7674427
3,69.996,1742510697.7674427
4,70.792,1742510697.7674427
5,70.079,1742510697.7674427
6,68.73,1742510697.7674427
7,72.34,1742510697.7674427
0,71.064,1742510697.8176334
1,69.675,1742510697.8176334
2,72.011,1742510697.8176334
3,69.996,1742510697.8176334
4,70.792,1742510697.8176334
5,70.058,1742510697.8176334
6,68.73,1742510697.8176334
7,72.34,1742510697.8176334
0,71.064,1742510697.8678157
1,69.667,1742510697.8678157
2,71.985,1742510697.8678157
3,69.997,1742510697.8678157
4,70.804,1742510697.8678157
5,70.058,1742510697.8678157
6,68.712,1742510697.8678157
7,72.357,1742510697.8678157
0,71.05,1742510697.9179971
1,69.667,1742510697.9179971
2,71.985,1742510697.9179971
3,69.997,1742510697.9179971
4,70.804,1742510697.9179971
5,70.065,1742510697.9179971
6,68.712,1742510697.9179971
7,72.357,1742510697.9179971
0,71.05,1742510697.9681973
1,69.641,1742510697.9681973
2,71.972,1742510697.9681973
3,70.015,1742510697.9681973
4,70.785,1742510697.9681973
5,70.065,1742510697.9681973
6,68.725,1742510697.9681973
7,72.378,1742510697.9681973
0,71.05,1742510698.0183885
1,69.641,1742510698.0183885
2,71.972,1742510698.0183885
3,70.015,1742510698.0183885
4,70.785,1742510698.0183885
5,70.052,1742510698.0183885
6,68.725,1742510698.0183885
7,72.378,1742510698.0183885
0,71.05,1742510698.06856
1,69.695,1742510698.06856
2,71.966,1742510698.06856
3,70.022,1742510698.06856
4,70.778,1742510698.06856
5,70.052,1742510698.06856
6,68.751,1742510698.06856
7,72.386,1742510698.06856
0,71.049,1742510698.1187835
1,69.695,1742510698.1187835
2,71.966,1742510698.1187835
3,70.022,1742510698.1187835
4,70.778,1742510698.1187835
5,70.065,1742510698.1187835
6,68.751,1742510698.1187835
7,72.386,1742510698.1187835
0,71.049,1742510698.168952
1,69.605,1742510698.168952
2,71.972,1742510698.168952
3,70.016,1742510698.168952
4,70.737,1742510698.168952
5,70.065,1742510698.168952
6,68.743,1742510698.168952
7,72.35,1742510698.168952
0,71.055,1742510698.2190986
1,69.605,1742510698.2190986
2,71.972,1742510698.2190986
3,70.016,1742510698.2190986
4,70.737,1742510698.2190986
5,70.057,1742510698.2190986
6,68.743,1742510698.2190986
7,72.35,1742510698.2190986
0,71.055,1742510698.26924
1,69.694,1742510698.26924
2,71.966,1742510698.26924
3,69.995,1742510698.26924
4,70.765,1742510698.26924
5,70.057,1742510698.26924
6,68.743,1742510698.26924
7,72.344,1742510698.26924
0,71.061,1742510698.3194585
1,69.694,1742510698.3194585
2,71.966,1742510698.3194585
3,69.995,1742510698.3194585
4,70.765,1742510698.3194585
5,70.064,1742510698.3194585
6,68.738,1742510698.3194585
7,72.344,1742510698.3194585
0,71.061,1742510698.369611
1,69.597,1742510698.369611
2,71.985,1742510698.369611
3,69.988,1742510698.369611
4,70.772,1742510698.369611
5,70.064,1742510698.369611
6,68.712,1742510698.369611
7,72.308,1742510698.369611
0,71.06,1742510698.4197507
1,69.597,1742510698.4197507
2,71.985,1742510698.4197507
3,69.988,1742510698.4197507
4,70.772,1742510698.4197507
5,70.077,1742510698.4197507
6,68.712,1742510698.4197507
7,72.308,1742510698.4197507
0,71.06,1742510698.4698808
1,69.708,1742510698.4698808
2,71.992,1742510698.4698808
3,70.002,1742510698.4698808
4,70.775,1742510698.4698808
5,70.077,1742510698.4698808
6,68.705,1742510698.4698808
7,72.316,1742510698.4698808
0,71.066,1742510698.520021
1,69.708,1742510698.520021
2,71.992,1742510698.520021
3,70.002,1742510698.520021
4,70.775,1742510698.520021
5,70.069,1742510698.520021
6,68.705,1742510698.520021
7,72.316,1742510698.520021
0,71.066,1742510698.5701509
1,69.583,1742510698.5701509
2,71.979,1742510698.5701509
3,70.009,1742510698.5701509
4,70.795,1742510698.5701509
5,70.069,1742510698.5701509
6,68.705,1742510698.5701509
7,72.337,1742510698.5701509
0,71.079,1742510698.6202912
1,69.583,1742510698.6202912
2,71.979,1742510698.6202912
3,70.009,1742510698.6202912
4,70.795,1742510698.6202912
5,70.082,1742510698.6202912
6,68.699,1742510698.6202912
7,72.337,1742510698.6202912
0,71.079,1742510698.670429
1,69.719,1742510698.670429
2,71.979,1742510698.670429
3,70.015,1742510698.670429
4,70.775,1742510698.670429
5,70.082,1742510698.670429
6,68.699,1742510698.670429
7,72.351,1742510698.670429
0,71.092,1742510698.7205572
1,69.719,1742510698.7205572
2,71.979,1742510698.7205572
3,70.015,1742510698.7205572
4,70.775,1742510698.7205572
5,70.056,1742510698.7205572
6,68.706,1742510698.7205572
7,72.351,1742510698.7205572
0,71.092,1742510698.7706957
1,69.611,1742510698.7706957
2,71.985,1742510698.7706957
3,70.015,1742510698.7706957
4,70.779,1742510698.7706957
5,70.056,1742510698.7706957
6,68.706,1742510698.7706957
7,72.369,1742510698.7706957
0,71.119,1742510698.8208263
1,69.611,1742510698.8208263
2,71.985,1742510698.8208263
3,70.015,1742510698.8208263
4,70.779,1742510698.8208263
5,70.084,1742510698.8208263
6,68.73,1742510698.8208263
7,72.369,1742510698.8208263
0,71.119,1742510698.8709512
1,69.697,1742510698.8709512
2,71.978,1742510698.8709512
3,70.01,1742510698.8709512
4,70.782,1742510698.8709512
5,70.084,1742510698.8709512
6,68.73,1742510698.8709512
7,72.377,1742510698.8709512
0,71.132,1742510698.9210765
1,69.697,1742510698.9210765
2,71.978,1742510698.9210765
3,70.01,1742510698.9210765
4,70.782,1742510698.9210765
5,70.058,1742510698.9210765
6,68.732,1742510698.9210765
7,72.377,1742510698.9210765
0,71.132,1742510698.971201
1,69.61,1742510698.971201
2,71.978,1742510698.971201
3,70.009,1742510698.971201
4,70.781,1742510698.971201
5,70.058,1742510698.971201
6,68.732,1742510698.971201
7,72.363,1742510698.971201
0,71.138,1742510699.0213795
1,69.61,1742510699.0213795
2,71.978,1742510699.0213795
3,70.009,1742510699.0213795
4,70.781,1742510699.0213795
5,70.089,1742510699.0213795
6,68.724,1742510699.0213795
7,72.363,1742510699.0213795
0,71.138,1742510699.0715184
1,69.696,1742510699.0715184
2,71.985,1742510699.0715184
3,70.002,1742510699.0715184
4,70.771,1742510699.0715184
5,70.089,1742510699.0715184
6,68.724,1742510699.0715184
7,72.362,1742510699.0715184
0,71.152,1742510699.1216557
1,69.696,1742510699.1216557
2,71.985,1742510699.1216557
3,70.002,1742510699.1216557
4,70.771,1742510699.1216557
5,70.058,1742510699.1216557
6,68.724,1742510699.1216557
7,72.362,1742510699.1216557
0,71.152,1742510699.171793
1,69.647,1742510699.171793
2,71.985,1742510699.171793
3,70.03,1742510699.171793
4,70.772,1742510699.171793
5,70.058,1742510699.171793
6,68.724,1742510699.171793
7,72.383,1742510699.171793
0,71.152,1742510699.2219338
1,69.647,1742510699.2219338
2,71.985,1742510699.2219338
3,70.03,1742510699.2219338
4,70.772,1742510699.2219338
5,70.097,1742510699.2219338
6,68.719,1742510699.2219338
7,72.383,1742510699.2219338
0,71.149,1742510699.2721074
1,69.706,1742510699.2721074
2,71.978,1742510699.2721074
3,70.056,1742510699.2721074
4,70.806,1742510699.2721074
5,70.097,1742510699.2721074
6,68.719,1742510699.2721074
7,72.384,1742510699.2721074
0,71.149,1742510699.3222444
1,69.706,1742510699.3222444
2,71.978,1742510699.3222444
3,70.056,1742510699.3222444
4,70.806,1742510699.3222444
5,70.065,1742510699.3222444
6,68.73,1742510699.3222444
7,72.384,1742510699.3222444
0,71.154,1742510699.3724074
1,69.687,1742510699.3724074
2,71.972,1742510699.3724074
3,70.051,1742510699.3724074
4,70.78,1742510699.3724074
5,70.065,1742510699.3724074
6,68.73,1742510699.3724074
7,72.399,1742510699.3724074
0,71.154,1742510699.4225495
1,69.687,1742510699.4225495
2,71.972,1742510699.4225495
3,70.051,1742510699.4225495
4,70.78,1742510699.4225495
5,70.071,1742510699.4225495
6,68.738,1742510699.4225495
7,72.399,1742510699.4225495
0,71.147,1742510699.4726772
1,69.713,1742510699.4726772
2,71.985,1742510699.4726772
3,70.043,1742510699.4726772
4,70.78,1742510699.4726772
5,70.071,1742510699.4726772
6,68.738,1742510699.4726772
7,72.405,1742510699.4726772
0,71.147,1742510699.5228038
1,69.713,1742510699.5228038
2,71.985,1742510699.5228038
3,70.043,1742510699.5228038
4,70.78,1742510699.5228038
5,70.071,1742510699.5228038
6,68.749,1742510699.5228038
7,72.405,1742510699.5228038
0,71.166,1742510699.572938
1,69.736,1742510699.572938
2,71.972,1742510699.572938
3,70.05,1742510699.572938
4,70.752,1742510699.572938
5,70.078,1742510699.572938
6,68.749,1742510699.572938
7,72.37,1742510699.572938
0,71.166,1742510699.6230762
1,69.736,1742510699.6230762
2,71.972,1742510699.6230762
3,70.05,1742510699.6230762
4,70.752,1742510699.6230762
5,70.078,1742510699.6230762
6,68.751,1742510699.6230762
7,72.37,1742510699.6230762
0,71.164,1742510699.6732392
1,69.69,1742510699.6732392
2,71.953,1742510699.6732392
3,70.042,1742510699.6732392
4,70.766,1742510699.6732392
5,70.065,1742510699.6732392
6,68.751,1742510699.6732392
7,72.369,1742510699.6732392
0,71.164,1742510699.7233655
1,69.69,1742510699.7233655
2,71.953,1742510699.7233655
3,70.042,1742510699.7233655
4,70.766,1742510699.7233655
5,70.065,1742510699.7233655
6,68.736,1742510699.7233655
7,72.369,1742510699.7233655
0,71.154,1742510699.7735052
1,69.734,1742510699.7735052
2,71.972,1742510699.7735052
3,70.056,1742510699.7735052
4,70.766,1742510699.7735052
5,70.098,1742510699.7735052
6,68.736,1742510699.7735052
7,72.372,1742510699.7735052
0,71.154,1742510699.8236418
1,69.734,1742510699.8236418
2,71.972,1742510699.8236418
3,70.056,1742510699.8236418
4,70.766,1742510699.8236418
5,70.098,1742510699.8236418
6,68.725,1742510699.8236418
7,72.372,1742510699.8236418
0,71.147,1742510699.8738225
1,69.676,1742510699.8738225
2,71.966,1742510699.8738225
3,70.048,1742510699.8738225
4,70.774,1742510699.8738225
5,70.072,1742510699.8738225
6,68.725,1742510699.8738225
7,72.36,1742510699.8738225
0,71.147,1742510699.9239473
1,69.676,1742510699.9239473
2,71.966,1742510699.9239473
3,70.048,1742510699.9239473
4,70.774,1742510699.9239473
5,70.072,1742510699.9239473
6,68.705,1742510699.9239473
7,72.36,1742510699.9239473
0,71.142,1742510699.9740727
1,69.676,1742510699.9740727
2,71.959,1742510699.9740727
3,70.027,1742510699.9740727
4,70.814,1742510699.9740727
5,70.072,1742510699.9740727
6,68.705,1742510699.9740727
7,72.368,1742510699.9740727
0,71.142,1742510700.0242496
1,69.676,1742510700.0242496
2,71.959,1742510700.0242496
3,70.027,1742510700.0242496
4,70.814,1742510700.0242496
5,70.072,1742510700.0242496
6,68.712,1742510700.0242496
7,72.368,1742510700.0242496
0,71.122,1742510700.0743897
1,69.68,1742510700.0743897
2,71.966,1742510700.0743897
3,70.013,1742510700.0743897
4,70.797,1742510700.0743897
5,70.032,1742510700.0743897
6,68.712,1742510700.0743897
7,72.368,1742510700.0743897
0,71.122,1742510700.1245263
1,69.68,1742510700.1245263
2,71.966,1742510700.1245263
3,70.013,1742510700.1245263
4,70.797,1742510700.1245263
5,70.032,1742510700.1245263
6,68.723,1742510700.1245263
7,72.368,1742510700.1245263
0,71.122,1742510700.1746638
1,69.766,1742510700.1746638
2,71.953,1742510700.1746638
3,70.013,1742510700.1746638
4,70.81,1742510700.1746638
5,70.046,1742510700.1746638
6,68.723,1742510700.1746638
7,72.34,1742510700.1746638
0,71.122,1742510700.2248003
1,69.766,1742510700.2248003
2,71.953,1742510700.2248003
3,70.013,1742510700.2248003
4,70.81,1742510700.2248003
5,70.046,1742510700.2248003
6,68.718,1742510700.2248003
7,72.34,1742510700.2248003
0,71.118,1742510700.2749252
1,69.699,1742510700.2749252
2,71.953,1742510700.2749252
3,69.985,1742510700.2749252
4,70.797,1742510700.2749252
5,70.025,1742510700.2749252
6,68.718,1742510700.2749252
7,72.356,1742510700.2749252
0,71.118,1742510700.3250506
1,69.699,1742510700.3250506
2,71.953,1742510700.3250506
3,69.985,1742510700.3250506
4,70.797,1742510700.3250506
5,70.025,1742510700.3250506
6,68.718,1742510700.3250506
7,72.356,1742510700.3250506
0,71.118,1742510700.375175
1,69.726,1742510700.375175
2,71.946,1742510700.375175
3,69.985,1742510700.375175
4,70.814,1742510700.375175
5,70.038,1742510700.375175
6,68.718,1742510700.375175
7,72.339,1742510700.375175
0,71.118,1742510700.4253
1,69.726,1742510700.4253
2,71.946,1742510700.4253
3,69.985,1742510700.4253
4,70.814,1742510700.4253
5,70.038,1742510700.4253
6,68.692,1742510700.4253
7,72.339,1742510700.4253
0,71.097,1742510700.4754665
1,69.72,1742510700.4754665
2,71.94,1742510700.4754665
3,69.972,1742510700.4754665
4,70.814,1742510700.4754665
5,70.051,1742510700.4754665
6,68.692,1742510700.4754665
7,72.332,1742510700.4754665
0,71.097,1742510700.5256047
1,69.72,1742510700.5256047
2,71.94,1742510700.5256047
3,69.972,1742510700.5256047
4,70.814,1742510700.5256047
5,70.051,1742510700.5256047
6,68.691,1742510700.5256047
7,72.332,1742510700.5256047
0,71.076,1742510700.5757427
1,69.695,1742510700.5757427
2,71.94,1742510700.5757427
3,69.958,1742510700.5757427
4,70.814,1742510700.5757427
5,70.05,1742510700.5757427
6,68.691,1742510700.5757427
7,72.356,1742510700.5757427
0,71.076,1742510700.6258929
1,69.695,1742510700.6258929
2,71.94,1742510700.6258929
3,69.958,1742510700.6258929
4,70.844,1742510700.6258929
5,70.05,1742510700.6258929
6,68.692,1742510700.6258929
7,72.356,1742510700.6258929
0,71.069,1742510700.676029
1,69.689,1742510700.676029
2,71.927,1742510700.676029
3,69.966,1742510700.676029
4,70.844,1742510700.676029
5,70.064,1742510700.676029
6,68.692,1742510700.676029
7,72.348,1742510700.676029
0,71.069,1742510700.72617
1,69.689,1742510700.72617
2,71.927,1742510700.72617
3,69.966,1742510700.72617
4,70.843,1742510700.72617
5,70.064,1742510700.72617
6,68.712,1742510700.72617
7,72.348,1742510700.72617
0,71.047,1742510700.776307
1,69.662,1742510700.776307
2,71.927,1742510700.776307
3,69.977,1742510700.776307
4,70.843,1742510700.776307
5,70.031,1742510700.776307
6,68.712,1742510700.776307
7,72.365,1742510700.776307
0,71.047,1742510700.8264437
1,69.662,1742510700.8264437
2,71.927,1742510700.8264437
3,69.977,1742510700.8264437
4,70.823,1742510700.8264437
5,70.031,1742510700.8264437
6,68.724,1742510700.8264437
7,72.365,1742510700.8264437
0,71.047,1742510700.8765702
1,69.71,1742510700.8765702
2,71.908,1742510700.8765702
3,69.978,1742510700.8765702
4,70.823,1742510700.8765702
5,70.038,1742510700.8765702
6,68.724,1742510700.8765702
7,72.368,1742510700.8765702
0,71.047,1742510700.9267116
1,69.71,1742510700.9267116
2,71.908,1742510700.9267116
3,69.978,1742510700.9267116
4,70.814,1742510700.9267116
5,70.038,1742510700.9267116
6,68.732,1742510700.9267116
7,72.368,1742510700.9267116
0,71.053,1742510700.9768484
1,69.649,1742510700.9768484
2,71.921,1742510700.9768484
3,69.984,1742510700.9768484
4,70.814,1742510700.9768484
5,70.031,1742510700.9768484
6,68.732,1742510700.9768484
7,72.37,1742510700.9768484
0,71.053,1742510701.0269873
1,69.649,1742510701.0269873
2,71.921,1742510701.0269873
3,69.984,1742510701.0269873
4,70.822,1742510701.0269873
5,70.031,1742510701.0269873
6,68.745,1742510701.0269873
7,72.37,1742510701.0269873
0,71.081,1742510701.0771267
1,69.721,1742510701.0771267
2,71.92,1742510701.0771267
3,69.992,1742510701.0771267
4,70.822,1742510701.0771267
5,70.065,1742510701.0771267
6,68.745,1742510701.0771267
7,72.348,1742510701.0771267
0,71.081,1742510701.1272578
1,69.721,1742510701.1272578
2,71.92,1742510701.1272578
3,69.992,1742510701.1272578
4,70.836,1742510701.1272578
5,70.065,1742510701.1272578
6,68.712,1742510701.1272578
7,72.348,1742510701.1272578
0,71.081,1742510701.1773968
1,69.653,1742510701.1773968
2,71.913,1742510701.1773968
3,69.98,1742510701.1773968
4,70.836,1742510701.1773968
5,70.031,1742510701.1773968
6,68.712,1742510701.1773968
7,72.369,1742510701.1773968
0,71.081,1742510701.2275496
1,69.653,1742510701.2275496
2,71.913,1742510701.2275496
3,69.98,1742510701.2275496
4,70.836,1742510701.2275496
5,70.031,1742510701.2275496
6,68.712,1742510701.2275496
7,72.369,1742510701.2275496
0,71.075,1742510701.2777123
1,69.773,1742510701.2777123
2,71.926,1742510701.2777123
3,69.98,1742510701.2777123
4,70.836,1742510701.2777123
5,70.051,1742510701.2777123
6,68.712,1742510701.2777123
7,72.369,1742510701.2777123
0,71.075,1742510701.3278208
1,69.773,1742510701.3278208
2,71.926,1742510701.3278208
3,70.011,1742510701.3278208
4,70.823,1742510701.3278208
5,70.051,1742510701.3278208
6,68.711,1742510701.3278208
7,72.369,1742510701.3278208
0,71.066,1742510701.3779597
1,69.669,1742510701.3779597
2,71.927,1742510701.3779597
3,70.011,1742510701.3779597
4,70.823,1742510701.3779597
5,70.045,1742510701.3779597
6,68.711,1742510701.3779597
7,72.38,1742510701.3779597
0,71.066,1742510701.428098
1,69.669,1742510701.428098
2,71.927,1742510701.428098
3,70.026,1742510701.428098
4,70.823,1742510701.428098
5,70.045,1742510701.428098
6,68.725,1742510701.428098
7,72.38,1742510701.428098
0,71.079,1742510701.478236
1,69.813,1742510701.478236
2,71.927,1742510701.478236
3,70.026,1742510701.478236
4,70.823,1742510701.478236
5,70.038,1742510701.478236
6,68.725,1742510701.478236
7,72.391,1742510701.478236
0,71.079,1742510701.52837
1,69.813,1742510701.52837
2,71.927,1742510701.52837
3,70.027,1742510701.52837
4,70.803,1742510701.52837
5,70.038,1742510701.52837
6,68.719,1742510701.52837
7,72.391,1742510701.52837
0,71.095,1742510701.5784938
1,69.719,1742510701.5784938
2,71.926,1742510701.5784938
3,70.027,1742510701.5784938
4,70.803,1742510701.5784938
5,70.038,1742510701.5784938
6,68.719,1742510701.5784938
7,72.365,1742510701.5784938
0,71.095,1742510701.6286314
1,69.719,1742510701.6286314
2,71.926,1742510701.6286314
3,70.041,1742510701.6286314
4,70.803,1742510701.6286314
5,70.038,1742510701.6286314
6,68.724,1742510701.6286314
7,72.365,1742510701.6286314
0,71.113,1742510701.6787632
1,69.835,1742510701.6787632
2,71.914,1742510701.6787632
3,70.041,1742510701.6787632
4,70.803,1742510701.6787632
5,70.024,1742510701.6787632
6,68.724,1742510701.6787632
7,72.391,1742510701.6787632
0,71.113,1742510701.7289007
1,69.835,1742510701.7289007
2,71.914,1742510701.7289007
3,70.041,1742510701.7289007
4,70.803,1742510701.7289007
5,70.024,1742510701.7289007
6,68.712,1742510701.7289007
7,72.391,1742510701.7289007
0,71.149,1742510701.7790375
1,69.741,1742510701.7790375
2,71.927,1742510701.7790375
3,70.023,1742510701.7790375
4,70.837,1742510701.7790375
5,70.051,1742510701.7790375
6,68.712,1742510701.7790375
7,72.364,1742510701.7790375
0,71.149,1742510701.8291783
1,69.741,1742510701.8291783
2,71.927,1742510701.8291783
3,70.023,1742510701.8291783
4,70.837,1742510701.8291783
5,70.051,1742510701.8291783
6,68.699,1742510701.8291783
7,72.364,1742510701.8291783
0,71.14,1742510701.879302
1,69.823,1742510701.879302
2,71.926,1742510701.879302
3,70.022,1742510701.879302
4,70.84,1742510701.879302
5,70.051,1742510701.879302
6,68.699,1742510701.879302
7,72.36,1742510701.879302
0,71.14,1742510701.9294426
1,69.823,1742510701.9294426
2,71.926,1742510701.9294426
3,70.022,1742510701.9294426
4,70.84,1742510701.9294426
5,70.051,1742510701.9294426
6,68.685,1742510701.9294426
7,72.36,1742510701.9294426
0,71.132,1742510701.979567
1,69.794,1742510701.979567
2,71.901,1742510701.979567
3,70.05,1742510701.979567
4,70.865,1742510701.979567
5,70.051,1742510701.979567
6,68.685,1742510701.979567
7,72.361,1742510701.979567
0,71.132,1742510702.0297158
1,69.794,1742510702.0297158
2,71.901,1742510702.0297158
3,70.038,1742510702.0297158
4,70.865,1742510702.0297158
5,70.071,1742510702.0297158
6,68.686,1742510702.0297158
7,72.361,1742510702.0297158
0,71.114,1742510702.0798538
1,69.843,1742510702.0798538
2,71.895,1742510702.0798538
3,70.038,1742510702.0798538
4,70.86,1742510702.0798538
5,70.071,1742510702.0798538
6,68.686,1742510702.0798538
7,72.352,1742510702.0798538
0,71.114,1742510702.1299841
1,69.843,1742510702.1299841
2,71.895,1742510702.1299841
3,70.038,1742510702.1299841
4,70.86,1742510702.1299841
5,70.096,1742510702.1299841
6,68.712,1742510702.1299841
7,72.352,1742510702.1299841
0,71.118,1742510702.1801257
1,69.834,1742510702.1801257
2,71.908,1742510702.1801257
3,70.052,1742510702.1801257
4,70.853,1742510702.1801257
5,70.096,1742510702.1801257
6,68.712,1742510702.1801257
7,72.346,1742510702.1801257
0,71.118,1742510702.2302656
1,69.834,1742510702.2302656
2,71.908,1742510702.2302656
3,70.052,1742510702.2302656
4,70.853,1742510702.2302656
5,70.084,1742510702.2302656
6,68.712,1742510702.2302656
7,72.346,1742510702.2302656
0,71.126,1742510702.280406
1,69.814,1742510702.280406
2,71.888,1742510702.280406
3,70.058,1742510702.280406
4,70.857,1742510702.280406
5,70.084,1742510702.280406
6,68.725,1742510702.280406
7,72.344,1742510702.280406
0,71.126,1742510702.3305345
1,69.814,1742510702.3305345
2,71.888,1742510702.3305345
3,70.058,1742510702.3305345
4,70.857,1742510702.3305345
5,70.11,1742510702.3305345
6,68.725,1742510702.3305345
7,72.344,1742510702.3305345
0,71.131,1742510702.3806677
1,69.85,1742510702.3806677
2,71.893,1742510702.3806677
3,70.066,1742510702.3806677
4,70.858,1742510702.3806677
5,70.11,1742510702.3806677
6,68.724,1742510702.3806677
7,72.325,1742510702.3806677
0,71.131,1742510702.4308043
1,69.85,1742510702.4308043
2,71.893,1742510702.4308043
3,70.066,1742510702.4308043
4,70.858,1742510702.4308043
5,70.09,1742510702.4308043
6,68.724,1742510702.4308043
7,72.325,1742510702.4308043
0,71.134,1742510702.4809468
1,69.784,1742510702.4809468
2,71.88,1742510702.4809468
3,70.059,1742510702.4809468
4,70.857,1742510702.4809468
5,70.09,1742510702.4809468
6,68.724,1742510702.4809468
7,72.34,1742510702.4809468
0,71.134,1742510702.5311089
1,69.784,1742510702.5311089
2,71.88,1742510702.5311089
3,70.059,1742510702.5311089
4,70.857,1742510702.5311089
5,70.138,1742510702.5311089
6,68.724,1742510702.5311089
7,72.34,1742510702.5311089
0,71.117,1742510702.5812492
1,69.858,1742510702.5812492
2,71.882,1742510702.5812492
3,70.038,1742510702.5812492
4,70.866,1742510702.5812492
5,70.138,1742510702.5812492
6,68.73,1742510702.5812492
7,72.34,1742510702.5812492
0,71.117,1742510702.631386
1,69.858,1742510702.631386
2,71.882,1742510702.631386
3,70.038,1742510702.631386
4,70.866,1742510702.631386
5,70.112,1742510702.631386
6,68.73,1742510702.631386
7,72.34,1742510702.631386
0,71.112,1742510702.6815238
1,69.782,1742510702.6815238
2,71.882,1742510702.6815238
3,70.043,1742510702.6815238
4,70.85,1742510702.6815238
5,70.112,1742510702.6815238
6,68.719,1742510702.6815238
7,72.338,1742510702.6815238
0,71.112,1742510702.7316551
1,69.782,1742510702.7316551
2,71.882,1742510702.7316551
3,70.043,1742510702.7316551
4,70.85,1742510702.7316551
5,70.142,1742510702.7316551
6,68.719,1742510702.7316551
7,72.338,1742510702.7316551
0,71.112,1742510702.7817864
1,69.887,1742510702.7817864
2,71.887,1742510702.7817864
3,70.043,1742510702.7817864
4,70.864,1742510702.7817864
5,70.142,1742510702.7817864
6,68.732,1742510702.7817864
7,72.364,1742510702.7817864
0,71.087,1742510702.8319263
1,69.887,1742510702.8319263
2,71.887,1742510702.8319263
3,70.043,1742510702.8319263
4,70.864,1742510702.8319263
5,70.111,1742510702.8319263
6,68.732,1742510702.8319263
7,72.364,1742510702.8319263
0,71.087,1742510702.8820958
1,69.785,1742510702.8820958
2,71.882,1742510702.8820958
3,70.042,1742510702.8820958
4,70.858,1742510702.8820958
5,70.111,1742510702.8820958
6,68.743,1742510702.8820958
7,72.366,1742510702.8820958
0,71.085,1742510702.932263
1,69.785,1742510702.932263
2,71.882,1742510702.932263
3,70.042,1742510702.932263
4,70.858,1742510702.932263
5,70.129,1742510702.932263
6,68.743,1742510702.932263
7,72.366,1742510702.932263
0,71.085,1742510702.9824033
1,69.89,1742510702.9824033
2,71.875,1742510702.9824033
3,70.062,1742510702.9824033
4,70.858,1742510702.9824033
5,70.129,1742510702.9824033
6,68.765,1742510702.9824033
7,72.36,1742510702.9824033
0,71.1,1742510703.0325289
1,69.89,1742510703.0325289
2,71.875,1742510703.0325289
3,70.062,1742510703.0325289
4,70.858,1742510703.0325289
5,70.097,1742510703.0325289
6,68.765,1742510703.0325289
7,72.36,1742510703.0325289
0,71.1,1742510703.0826647
1,69.768,1742510703.0826647
2,71.9,1742510703.0826647
3,70.055,1742510703.0826647
4,70.83,1742510703.0826647
5,70.097,1742510703.0826647
6,68.752,1742510703.0826647
7,72.381,1742510703.0826647
0,74.52,1742510703.132855
1,69.768,1742510703.132855
2,71.9,1742510703.132855
3,70.055,1742510703.132855
4,70.83,1742510703.132855
5,70.085,1742510703.132855
6,68.752,1742510703.132855
7,72.381,1742510703.132855
0,74.52,1742510703.1829717
1,69.879,1742510703.1829717
2,71.9,1742510703.1829717
3,70.042,1742510703.1829717
4,70.823,1742510703.1829717
5,70.085,1742510703.1829717
6,68.756,1742510703.1829717
7,72.381,1742510703.1829717
0,79.526,1742510703.233112
1,69.879,1742510703.233112
2,71.9,1742510703.233112
3,70.042,1742510703.233112
4,70.823,1742510703.233112
5,70.117,1742510703.233112
6,68.756,1742510703.233112
7,72.381,1742510703.233112
0,79.526,1742510703.2832391
1,69.765,1742510703.2832391
2,71.907,1742510703.2832391
3,70.034,1742510703.2832391
4,70.833,1742510703.2832391
5,70.117,1742510703.2832391
6,68.743,1742510703.2832391
7,72.368,1742510703.2832391
0,84.531,1742510703.3333666
1,69.765,1742510703.3333666
2,71.907,1742510703.3333666
3,70.034,1742510703.3333666
4,70.833,1742510703.3333666
5,70.097,1742510703.3333666
6,68.743,1742510703.3333666
7,72.368,1742510703.3333666
0,84.531,1742510703.3834693
1,69.851,1742510703.3834693
2,71.895,1742510703.3834693
3,70.006,1742510703.3834693
4,70.835,1742510703.3834693
5,70.097,1742510703.3834693
6,68.723,1742510703.3834693
7,72.374,1742510703.3834693
0,89.187,1742510703.4335947
1,69.851,1742510703.4335947
2,71.895,1742510703.4335947
3,70.006,1742510703.4335947
4,70.835,1742510703.4335947
5,70.096,1742510703.4335947
6,68.723,1742510703.4335947
7,72.374,1742510703.4335947
0,89.187,1742510703.4837205
1,69.792,1742510703.4837205
2,71.901,1742510703.4837205
3,70.019,1742510703.4837205
4,70.831,1742510703.4837205
5,70.096,1742510703.4837205
6,68.732,1742510703.4837205
7,72.349,1742510703.4837205
0,95.605,1742510703.533846
1,69.792,1742510703.533846
2,71.901,1742510703.533846
3,70.019,1742510703.533846
4,70.831,1742510703.533846
5,70.07,1742510703.533846
6,68.732,1742510703.533846
7,72.349,1742510703.533846
0,95.605,1742510703.5839803
1,69.847,1742510703.5839803
2,71.907,1742510703.5839803
3,70.027,1742510703.5839803
4,70.849,1742510703.5839803
5,70.07,1742510703.5839803
6,68.725,1742510703.5839803
7,72.356,1742510703.5839803
0,100.065,1742510703.6341465
1,69.847,1742510703.6341465
2,71.907,1742510703.6341465
3,70.027,1742510703.6341465
4,70.849,1742510703.6341465
5,70.082,1742510703.6341465
6,68.725,1742510703.6341465
7,72.356,1742510703.6341465
0,100.065,1742510703.6842813
1,69.776,1742510703.6842813
2,71.907,1742510703.6842813
3,70.041,1742510703.6842813
4,70.85,1742510703.6842813
5,70.082,1742510703.6842813
6,68.736,1742510703.6842813
7,72.372,1742510703.6842813
0,105.005,1742510703.7344074
1,69.776,1742510703.7344074
2,71.907,1742510703.7344074
3,70.041,1742510703.7344074
4,70.85,1742510703.7344074
5,70.064,1742510703.7344074
6,68.736,1742510703.7344074
7,72.372,1742510703.7344074
0,105.005,1742510703.7845435
1,69.831,1742510703.7845435
2,71.9,1742510703.7845435
3,70.034,1742510703.7845435
4,70.83,1742510703.7845435
5,70.064,1742510703.7845435
6,68.732,1742510703.7845435
7,72.352,1742510703.7845435
0,110.677,1742510703.8346777
1,69.831,1742510703.8346777
2,71.9,1742510703.8346777
3,70.034,1742510703.8346777
4,70.83,1742510703.8346777
5,70.09,1742510703.8346777
6,68.732,1742510703.8346777
7,72.352,1742510703.8346777
0,110.677,1742510703.8848197
1,69.775,1742510703.8848197
2,71.914,1742510703.8848197
3,70.042,1742510703.8848197
4,70.822,1742510703.8848197
5,70.09,1742510703.8848197
6,68.717,1742510703.8848197
7,72.364,1742510703.8848197
0,115.288,1742510703.9349694
1,69.775,1742510703.9349694
2,71.914,1742510703.9349694
3,70.042,1742510703.9349694
4,70.822,1742510703.9349694
5,70.07,1742510703.9349694
6,68.717,1742510703.9349694
7,72.364,1742510703.9349694
0,115.288,1742510703.985094
1,69.802,1742510703.985094
2,71.907,1742510703.985094
3,70.021,1742510703.985094
4,70.828,1742510703.985094
5,70.07,1742510703.985094
6,68.705,1742510703.985094
7,72.363,1742510703.985094
0,119.948,1742510704.0352166
1,69.802,1742510704.0352166
2,71.907,1742510704.0352166
3,70.021,1742510704.0352166
4,70.828,1742510704.0352166
5,70.101,1742510704.0352166
6,68.705,1742510704.0352166
7,72.363,1742510704.0352166
0,119.948,1742510704.0853457
1,69.818,1742510704.0853457
2,71.9,1742510704.0853457
3,70.02,1742510704.0853457
4,70.848,1742510704.0853457
5,70.101,1742510704.0853457
6,68.698,1742510704.0853457
7,72.348,1742510704.0853457
0,120.134,1742510704.1355329
1,69.818,1742510704.1355329
2,71.9,1742510704.1355329
3,70.02,1742510704.1355329
4,70.848,1742510704.1355329
5,70.082,1742510704.1355329
6,68.698,1742510704.1355329
7,72.348,1742510704.1355329
0,120.134,1742510704.185676
1,69.781,1742510704.185676
2,71.887,1742510704.185676
3,70.034,1742510704.185676
4,70.834,1742510704.185676
5,70.082,1742510704.185676
6,68.699,1742510704.185676
7,72.348,1742510704.185676
0,119.89,1742510704.2358108
1,69.781,1742510704.2358108
2,71.887,1742510704.2358108
3,70.034,1742510704.2358108
4,70.834,1742510704.2358108
5,70.071,1742510704.2358108
6,68.699,1742510704.2358108
7,72.348,1742510704.2358108
0,119.89,1742510704.285963
1,69.837,1742510704.285963
2,71.88,1742510704.285963
3,70.016,1742510704.285963
4,70.827,1742510704.285963
5,70.071,1742510704.285963
6,68.717,1742510704.285963
7,72.342,1742510704.285963
0,119.527,1742510704.336128
1,69.837,1742510704.336128
2,71.88,1742510704.336128
3,70.016,1742510704.336128
4,70.827,1742510704.336128
5,70.057,1742510704.336128
6,68.717,1742510704.336128
7,72.342,1742510704.336128
0,119.527,1742510704.3862727
1,69.754,1742510704.3862727
2,71.895,1742510704.3862727
3,70.035,1742510704.3862727
4,70.827,1742510704.3862727
5,70.057,1742510704.3862727
6,68.723,1742510704.3862727
7,72.329,1742510704.3862727
0,119.527,1742510704.4364183
1,69.754,1742510704.4364183
2,71.895,1742510704.4364183
3,70.035,1742510704.4364183
4,70.842,1742510704.4364183
5,70.051,1742510704.4364183
6,68.723,1742510704.4364183
7,72.329,1742510704.4364183
0,119.287,1742510704.486569
1,69.824,1742510704.486569
2,71.908,1742510704.486569
3,70.035,1742510704.486569
4,70.842,1742510704.486569
5,70.051,1742510704.486569
6,68.723,1742510704.486569
7,72.338,1742510704.486569
0,119.287,1742510704.5367327
1,69.824,1742510704.5367327
2,71.908,1742510704.5367327
3,70.035,1742510704.5367327
4,70.844,1742510704.5367327
5,70.079,1742510704.5367327
6,68.723,1742510704.5367327
7,72.338,1742510704.5367327
0,119.1,1742510704.5868864
1,69.745,1742510704.5868864
2,71.902,1742510704.5868864
3,70.02,1742510704.5868864
4,70.844,1742510704.5868864
5,70.079,1742510704.5868864
6,68.732,1742510704.5868864
7,72.324,1742510704.5868864
0,119.1,1742510704.6370785
1,69.745,1742510704.6370785
2,71.902,1742510704.6370785
3,70.02,1742510704.6370785
4,70.849,1742510704.6370785
5,70.046,1742510704.6370785
6,68.732,1742510704.6370785
7,72.324,1742510704.6370785
0,119.074,1742510704.6872463
1,69.837,1742510704.6872463
2,71.887,1742510704.6872463
3,70.013,1742510704.6872463
4,70.849,1742510704.6872463
5,70.046,1742510704.6872463
6,68.705,1742510704.6872463
7,72.302,1742510704.6872463
0,119.074,1742510704.7374187
1,69.837,1742510704.7374187
2,71.887,1742510704.7374187
3,70.013,1742510704.7374187
4,70.83,1742510704.7374187
5,70.066,1742510704.7374187
6,68.705,1742510704.7374187
7,72.302,1742510704.7374187
0,119.464,1742510704.787574
1,69.734,1742510704.787574
2,71.887,1742510704.787574
3,70.013,1742510704.787574
4,70.83,1742510704.787574
5,70.066,1742510704.787574
6,68.699,1742510704.787574
7,72.309,1742510704.787574
0,119.464,1742510704.8377612
1,69.734,1742510704.8377612
2,71.887,1742510704.8377612
3,70.013,1742510704.8377612
4,70.835,1742510704.8377612
5,70.046,1742510704.8377612
6,68.699,1742510704.8377612
7,72.309,1742510704.8377612
0,119.925,1742510704.887983
1,69.834,1742510704.887983
2,71.882,1742510704.887983
3,70.009,1742510704.887983
4,70.835,1742510704.887983
5,70.046,1742510704.887983
6,68.712,1742510704.887983
7,72.322,1742510704.887983
0,119.925,1742510704.9381533
1,69.834,1742510704.9381533
2,71.882,1742510704.9381533
3,70.009,1742510704.9381533
4,70.843,1742510704.9381533
5,70.046,1742510704.9381533
6,68.712,1742510704.9381533
7,72.322,1742510704.9381533
0,120.742,1742510704.9883358
1,69.733,1742510704.9883358
2,71.887,1742510704.9883358
3,70.001,1742510704.9883358
4,70.843,1742510704.9883358
5,70.046,1742510704.9883358
6,68.71,1742510704.9883358
7,72.327,1742510704.9883358
0,120.742,1742510705.038508
1,69.733,1742510705.038508
2,71.887,1742510705.038508
3,70.001,1742510705.038508
4,70.821,1742510705.038508
5,70.026,1742510705.038508
6,68.71,1742510705.038508
7,72.327,1742510705.038508
0,121.442,1742510705.0886734
1,69.787,1742510705.0886734
2,71.887,1742510705.0886734
3,70.007,1742510705.0886734
4,70.821,1742510705.0886734
5,70.026,1742510705.0886734
6,68.71,1742510705.0886734
7,72.336,1742510705.0886734
0,121.442,1742510705.1388435
1,69.787,1742510705.1388435
2,71.887,1742510705.1388435
3,70.007,1742510705.1388435
4,70.81,1742510705.1388435
5,70.013,1742510705.1388435
6,68.705,1742510705.1388435
7,72.336,1742510705.1388435
0,122.11,1742510705.1890078
1,69.727,1742510705.1890078
2,71.895,1742510705.1890078
3,70.001,1742510705.1890078
4,70.81,1742510705.1890078
5,70.013,1742510705.1890078
6,68.705,1742510705.1890078
7,72.323,1742510705.1890078
0,122.11,1742510705.239184
1,69.727,1742510705.239184
2,71.895,1742510705.239184
3,70.001,1742510705.239184
4,70.815,1742510705.239184
5,70.032,1742510705.239184
6,68.712,1742510705.239184
7,72.323,1742510705.239184
0,122.625,1742510705.2893543
1,69.751,1742510705.2893543
2,71.906,1742510705.2893543
3,70.001,1742510705.2893543
4,70.815,1742510705.2893543
5,70.032,1742510705.2893543
6,68.712,1742510705.2893543
7,72.331,1742510705.2893543
0,122.625,1742510705.3395126
1,69.751,1742510705.3395126
2,71.906,1742510705.3395126
3,70.001,1742510705.3395126
4,70.807,1742510705.3395126
5,70.025,1742510705.3395126
6,68.687,1742510705.3395126
7,72.331,1742510705.3395126
0,122.653,1742510705.3896618
1,69.647,1742510705.3896618
2,71.919,1742510705.3896618
3,69.988,1742510705.3896618
4,70.807,1742510705.3896618
5,70.025,1742510705.3896618
6,68.687,1742510705.3896618
7,72.337,1742510705.3896618
0,122.653,1742510705.4398098
1,69.647,1742510705.4398098
2,71.919,1742510705.4398098
3,69.988,1742510705.4398098
4,70.793,1742510705.4398098
5,70.045,1742510705.4398098
6,68.694,1742510705.4398098
7,72.337,1742510705.4398098
0,122.668,1742510705.4899578
1,69.726,1742510705.4899578
2,71.913,1742510705.4899578
3,69.981,1742510705.4899578
4,70.793,1742510705.4899578
5,70.045,1742510705.4899578
6,68.694,1742510705.4899578
7,72.322,1742510705.4899578
0,122.668,1742510705.5401027
1,69.726,1742510705.5401027
2,71.913,1742510705.5401027
3,69.981,1742510705.5401027
4,70.789,1742510705.5401027
5,70.012,1742510705.5401027
6,68.684,1742510705.5401027
7,72.322,1742510705.5401027
0,122.476,1742510705.5902503
1,69.646,1742510705.5902503
2,71.901,1742510705.5902503
3,69.989,1742510705.5902503
4,70.789,1742510705.5902503
5,70.012,1742510705.5902503
6,68.684,1742510705.5902503
7,72.326,1742510705.5902503
0,122.476,1742510705.6403966
1,69.646,1742510705.6403966
2,71.901,1742510705.6403966
3,69.989,1742510705.6403966
4,70.774,1742510705.6403966
5,70.032,1742510705.6403966
6,68.697,1742510705.6403966
7,72.326,1742510705.6403966
0,122.135,1742510705.690538
1,69.683,1742510705.690538
2,71.914,1742510705.690538
3,69.996,1742510705.690538
4,70.774,1742510705.690538
5,70.032,1742510705.690538
6,68.697,1742510705.690538
7,72.336,1742510705.690538
0,122.135,1742510705.7406785
1,69.683,1742510705.7406785
2,71.914,1742510705.7406785
3,69.996,1742510705.7406785
4,70.769,1742510705.7406785
5,70.001,1742510705.7406785
6,68.722,1742510705.7406785
7,72.336,1742510705.7406785
0,121.411,1742510705.7908087
1,69.637,1742510705.7908087
2,71.941,1742510705.7908087
3,69.99,1742510705.7908087
4,70.769,1742510705.7908087
5,70.001,1742510705.7908087
6,68.722,1742510705.7908087
7,72.321,1742510705.7908087
0,121.411,1742510705.840949
1,69.637,1742510705.840949
2,71.941,1742510705.840949
3,69.99,1742510705.840949
4,70.773,1742510705.840949
5,70.021,1742510705.840949
6,68.726,1742510705.840949
7,72.321,1742510705.840949
0,120.796,1742510705.8910873
1,69.615,1742510705.8910873
2,71.941,1742510705.8910873
3,69.984,1742510705.8910873
4,70.773,1742510705.8910873
5,70.021,1742510705.8910873
6,68.726,1742510705.8910873
7,72.315,1742510705.8910873
0,120.796,1742510705.9412143
1,69.615,1742510705.9412143
2,71.941,1742510705.9412143
3,69.984,1742510705.9412143
4,70.766,1742510705.9412143
5,70.017,1742510705.9412143
6,68.737,1742510705.9412143
7,72.315,1742510705.9412143
0,120.016,1742510705.9913545
1,69.628,1742510705.9913545
2,71.954,1742510705.9913545
3,69.97,1742510705.9913545
4,70.766,1742510705.9913545
5,70.017,1742510705.9913545
6,68.737,1742510705.9913545
7,72.302,1742510705.9913545
0,120.016,1742510706.0414913
1,69.628,1742510706.0414913
2,71.954,1742510706.0414913
3,69.97,1742510706.0414913
4,70.756,1742510706.0414913
5,70.043,1742510706.0414913
6,68.746,1742510706.0414913
7,72.302,1742510706.0414913
0,119.262,1742510706.0916188
1,69.568,1742510706.0916188
2,71.94,1742510706.0916188
3,69.973,1742510706.0916188
4,70.756,1742510706.0916188
5,70.043,1742510706.0916188
6,68.746,1742510706.0916188
7,72.294,1742510706.0916188
0,119.262,1742510706.141755
1,69.568,1742510706.141755
2,71.94,1742510706.141755
3,69.973,1742510706.141755
4,70.77,1742510706.141755
5,70.039,1742510706.141755
6,68.738,1742510706.141755
7,72.294,1742510706.141755
0,118.487,1742510706.1918907
1,69.628,1742510706.1918907
2,71.937,1742510706.1918907
3,69.976,1742510706.1918907
4,70.77,1742510706.1918907
5,70.039,1742510706.1918907
6,68.738,1742510706.1918907
7,72.307,1742510706.1918907
0,118.487,1742510706.2420156
1,69.628,1742510706.2420156
2,71.937,1742510706.2420156
3,69.976,1742510706.2420156
4,70.755,1742510706.2420156
5,70.047,1742510706.2420156
6,68.734,1742510706.2420156
7,72.307,1742510706.2420156
0,117.689,1742510706.2921607
1,69.567,1742510706.2921607
2,71.938,1742510706.2921607
3,69.978,1742510706.2921607
4,70.755,1742510706.2921607
5,70.047,1742510706.2921607
6,68.734,1742510706.2921607
7,72.326,1742510706.2921607
0,117.689,1742510706.3423026
1,69.567,1742510706.3423026
2,71.938,1742510706.3423026
3,69.978,1742510706.3423026
4,70.755,1742510706.3423026
5,70.047,1742510706.3423026
6,68.759,1742510706.3423026
7,72.326,1742510706.3423026
0,117.423,1742510706.3924403
1,69.65,1742510706.3924403
2,71.92,1742510706.3924403
3,69.988,1742510706.3924403
4,70.755,1742510706.3924403
5,70.047,1742510706.3924403
6,68.759,1742510706.3924403
7,72.34,1742510706.3924403
0,117.423,1742510706.4425778
1,69.65,1742510706.4425778
2,71.92,1742510706.4425778
3,69.988,1742510706.4425778
4,70.756,1742510706.4425778
5,70.048,1742510706.4425778
6,68.772,1742510706.4425778
7,72.34,1742510706.4425778
0,117.346,1742510706.4927168
1,69.539,1742510706.4927168
2,71.926,1742510706.4927168
3,70.001,1742510706.4927168
4,70.756,1742510706.4927168
5,70.048,1742510706.4927168
6,68.772,1742510706.4927168
7,72.354,1742510706.4927168
0,117.346,1742510706.5428555
1,69.539,1742510706.5428555
2,71.926,1742510706.5428555
3,70.001,1742510706.5428555
4,70.746,1742510706.5428555
5,70.048,1742510706.5428555
6,68.772,1742510706.5428555
7,72.354,1742510706.5428555
0,117.291,1742510706.5929916
1,69.641,1742510706.5929916
2,71.938,1742510706.5929916
3,70.004,1742510706.5929916
4,70.746,1742510706.5929916
5,70.077,1742510706.5929916
6,68.772,1742510706.5929916
7,72.331,1742510706.5929916
0,117.291,1742510706.6431189
1,69.641,1742510706.6431189
2,71.938,1742510706.6431189
3,70.004,1742510706.6431189
4,70.766,1742510706.6431189
5,70.077,1742510706.6431189
6,68.777,1742510706.6431189
7,72.331,1742510706.6431189
0,117.214,1742510706.693259
1,69.528,1742510706.693259
2,71.961,1742510706.693259
3,70.002,1742510706.693259
4,70.766,1742510706.693259
5,70.045,1742510706.693259
6,68.777,1742510706.693259
7,72.302,1742510706.693259
0,117.214,1742510706.7433963
1,69.528,1742510706.7433963
2,71.961,1742510706.7433963
3,70.002,1742510706.7433963
4,70.766,1742510706.7433963
5,70.045,1742510706.7433963
6,68.773,1742510706.7433963
7,72.302,1742510706.7433963
0,117.097,1742510706.793532
1,69.608,1742510706.793532
2,71.948,1742510706.793532
3,70.003,1742510706.793532
4,70.766,1742510706.793532
5,70.065,1742510706.793532
6,68.773,1742510706.793532
7,72.308,1742510706.793532
0,117.097,1742510706.8436704
1,69.608,1742510706.8436704
2,71.948,1742510706.8436704
3,70.003,1742510706.8436704
4,70.758,1742510706.8436704
5,70.065,1742510706.8436704
6,68.752,1742510706.8436704
7,72.308,1742510706.8436704
0,117.031,1742510706.893795
1,69.524,1742510706.893795
2,71.943,1742510706.893795
3,70.023,1742510706.893795
4,70.758,1742510706.893795
5,70.049,1742510706.893795
6,68.752,1742510706.893795
7,72.323,1742510706.893795
0,117.031,1742510706.9439209
1,69.524,1742510706.9439209
2,71.943,1742510706.9439209
3,70.023,1742510706.9439209
4,70.757,1742510706.9439209
5,70.049,1742510706.9439209
6,68.755,1742510706.9439209
7,72.323,1742510706.9439209
0,117.043,1742510706.994044
1,69.641,1742510706.994044
2,71.935,1742510706.994044
3,70.052,1742510706.994044
4,70.757,1742510706.994044
5,70.06,1742510706.994044
6,68.755,1742510706.994044
7,72.314,1742510706.994044
0,117.043,1742510707.04417
1,69.641,1742510707.04417
2,71.935,1742510707.04417
3,70.052,1742510707.04417
4,70.753,1742510707.04417
5,70.06,1742510707.04417
6,68.741,1742510707.04417
7,72.314,1742510707.04417
0,117.037,1742510707.0943367
1,69.588,1742510707.0943367
2,71.964,1742510707.0943367
3,70.05,1742510707.0943367
4,70.753,1742510707.0943367
5,70.034,1742510707.0943367
6,68.741,1742510707.0943367
7,72.33,1742510707.0943367
0,117.037,1742510707.1444929
1,69.588,1742510707.1444929
2,71.964,1742510707.1444929
3,70.05,1742510707.1444929
4,70.753,1742510707.1444929
5,70.034,1742510707.1444929
6,68.745,1742510707.1444929
7,72.33,1742510707.1444929
0,117.062,1742510707.1946173
1,69.588,1742510707.1946173
2,71.964,1742510707.1946173
3,70.063,1742510707.1946173
4,70.753,1742510707.1946173
5,70.031,1742510707.1946173
6,68.745,1742510707.1946173
7,72.344,1742510707.1946173
0,117.062,1742510707.2447436
1,69.613,1742510707.2447436
2,71.965,1742510707.2447436
3,70.063,1742510707.2447436
4,70.758,1742510707.2447436
5,70.031,1742510707.2447436
6,68.755,1742510707.2447436
7,72.344,1742510707.2447436
0,117.068,1742510707.2948816
1,69.613,1742510707.2948816
2,71.974,1742510707.2948816
3,70.055,1742510707.2948816
4,70.758,1742510707.2948816
5,70.04,1742510707.2948816
6,68.755,1742510707.2948816
7,72.323,1742510707.2948816
0,117.068,1742510707.3450453
1,69.538,1742510707.3450453
2,71.974,1742510707.3450453
3,70.055,1742510707.3450453
4,70.745,1742510707.3450453
5,70.04,1742510707.3450453
6,68.754,1742510707.3450453
7,72.323,1742510707.3450453
0,117.076,1742510707.3951693
1,69.538,1742510707.3951693
2,71.974,1742510707.3951693
3,70.058,1742510707.3951693
4,70.745,1742510707.3951693
5,70.039,1742510707.3951693
6,68.754,1742510707.3951693
7,72.316,1742510707.3951693
0,117.076,1742510707.4453404
1,69.613,1742510707.4453404
2,71.966,1742510707.4453404
3,70.058,1742510707.4453404
4,70.745,1742510707.4453404
5,70.039,1742510707.4453404
6,68.747,1742510707.4453404
7,72.316,1742510707.4453404
0,117.076,1742510707.4954772
1,69.613,1742510707.4954772
2,71.966,1742510707.4954772
3,70.051,1742510707.4954772
4,70.745,1742510707.4954772
5,70.06,1742510707.4954772
6,68.747,1742510707.4954772
7,72.316,1742510707.4954772
0,117.076,1742510707.5456064
1,69.545,1742510707.5456064
2,71.961,1742510707.5456064
3,70.051,1742510707.5456064
4,70.753,1742510707.5456064
5,70.06,1742510707.5456064
6,68.734,1742510707.5456064
7,72.316,1742510707.5456064
0,117.103,1742510707.5957398
1,69.545,1742510707.5957398
2,71.961,1742510707.5957398
3,70.04,1742510707.5957398
4,70.753,1742510707.5957398
5,70.047,1742510707.5957398
6,68.734,1742510707.5957398
7,72.323,1742510707.5957398
0,117.103,1742510707.6458774
1,69.599,1742510707.6458774
2,71.955,1742510707.6458774
3,70.04,1742510707.6458774
4,70.749,1742510707.6458774
5,70.047,1742510707.6458774
6,68.715,1742510707.6458774
7,72.323,1742510707.6458774
0,117.09,1742510707.696002
1,69.599,1742510707.696002
2,71.955,1742510707.696002
3,70.04,1742510707.696002
4,70.749,1742510707.696002
5,70.06,1742510707.696002
6,68.715,1742510707.696002
7,72.324,1742510707.696002
0,117.09,1742510707.746128
1,69.593,1742510707.746128
2,71.938,1742510707.746128
3,70.053,1742510707.746128
4,70.741,1742510707.746128
5,70.06,1742510707.746128
6,68.722,1742510707.746128
7,72.324,1742510707.746128
0,117.093,1742510707.7962682
1,69.593,1742510707.7962682
2,71.938,1742510707.7962682
3,70.053,1742510707.7962682
4,70.741,1742510707.7962682
5,70.02,1742510707.7962682
6,68.722,1742510707.7962682
7,72.317,1742510707.7962682
0,117.093,1742510707.8464048
1,69.573,1742510707.8464048
2,71.932,1742510707.8464048
3,70.051,1742510707.8464048
4,70.732,1742510707.8464048
5,70.02,1742510707.8464048
6,68.743,1742510707.8464048
7,72.317,1742510707.8464048
0,117.111,1742510707.8965406
1,69.573,1742510707.8965406
2,71.932,1742510707.8965406
3,70.051,1742510707.8965406
4,70.732,1742510707.8965406
5,70.035,1742510707.8965406
6,68.743,1742510707.8965406
7,72.29,1742510707.8965406
0,117.111,1742510707.9467103
1,69.593,1742510707.9467103
2,71.933,1742510707.9467103
3,70.041,1742510707.9467103
4,70.721,1742510707.9467103
5,70.035,1742510707.9467103
6,68.743,1742510707.9467103
7,72.29,1742510707.9467103
0,117.132,1742510707.9968462
1,69.593,1742510707.9968462
2,71.933,1742510707.9968462
3,70.041,1742510707.9968462
4,70.721,1742510707.9968462
5,70.02,1742510707.9968462
6,68.743,1742510707.9968462
7,72.282,1742510707.9968462
0,117.132,1742510708.0469873
1,69.546,1742510708.0469873
2,71.925,1742510708.0469873
3,70.034,1742510708.0469873
4,70.714,1742510708.0469873
5,70.02,1742510708.0469873
6,68.763,1742510708.0469873
7,72.282,1742510708.0469873
0,117.12,1742510708.097124
1,69.546,1742510708.097124
2,71.925,1742510708.097124
3,70.034,1742510708.097124
4,70.714,1742510708.097124
5,70.035,1742510708.097124
6,68.763,1742510708.097124
7,72.268,1742510708.097124
0,117.12,1742510708.147261
1,69.608,1742510708.147261
2,71.922,1742510708.147261
3,70.028,1742510708.147261
4,70.703,1742510708.147261
5,70.035,1742510708.147261
6,68.757,1742510708.147261
7,72.268,1742510708.147261
0,117.113,1742510708.1973863
1,69.608,1742510708.1973863
2,71.922,1742510708.1973863
3,70.028,1742510708.1973863
4,70.703,1742510708.1973863
5,70.014,1742510708.1973863
6,68.757,1742510708.1973863
7,72.268,1742510708.1973863
0,117.113,1742510708.2475123
1,69.525,1742510708.2475123
2,71.916,1742510708.2475123
3,70.008,1742510708.2475123
4,70.718,1742510708.2475123
5,70.014,1742510708.2475123
6,68.743,1742510708.2475123
7,72.268,1742510708.2475123
0,117.087,1742510708.2976396
1,69.525,1742510708.2976396
2,71.916,1742510708.2976396
3,70.008,1742510708.2976396
4,70.718,1742510708.2976396
5,70.027,1742510708.2976396
6,68.743,1742510708.2976396
7,72.283,1742510708.2976396
0,117.087,1742510708.3478239
1,69.615,1742510708.3478239
2,71.907,1742510708.3478239
3,70.016,1742510708.3478239
4,70.719,1742510708.3478239
5,70.027,1742510708.3478239
6,68.72,1742510708.3478239
7,72.283,1742510708.3478239
0,117.085,1742510708.3979642
1,69.615,1742510708.3979642
2,71.907,1742510708.3979642
3,70.016,1742510708.3979642
4,70.719,1742510708.3979642
5,70.04,1742510708.3979642
6,68.72,1742510708.3979642
7,72.296,1742510708.3979642
0,117.085,1742510708.4481022
1,69.541,1742510708.4481022
2,71.934,1742510708.4481022
3,70.007,1742510708.4481022
4,70.708,1742510708.4481022
5,70.04,1742510708.4481022
6,68.716,1742510708.4481022
7,72.296,1742510708.4481022
0,117.083,1742510708.4982393
1,69.541,1742510708.4982393
2,71.934,1742510708.4982393
3,70.007,1742510708.4982393
4,70.708,1742510708.4982393
5,70.004,1742510708.4982393
6,68.716,1742510708.4982393
7,72.282,1742510708.4982393
0,117.083,1742510708.5483656
1,69.63,1742510708.5483656
2,71.925,1742510708.5483656
3,69.998,1742510708.5483656
4,70.675,1742510708.5483656
5,70.004,1742510708.5483656
6,68.709,1742510708.5483656
7,72.282,1742510708.5483656
0,117.07,1742510708.5984862
1,69.63,1742510708.5984862
2,71.925,1742510708.5984862
3,69.998,1742510708.5984862
4,70.675,1742510708.5984862
5,70.023,1742510708.5984862
6,68.709,1742510708.5984862
7,72.288,1742510708.5984862
0,117.07,1742510708.6486225
1,69.534,1742510708.6486225
2,71.925,1742510708.6486225
3,69.989,1742510708.6486225
4,70.687,1742510708.6486225
5,70.023,1742510708.6486225
6,68.723,1742510708.6486225
7,72.288,1742510708.6486225
0,117.077,1742510708.6987803
1,69.534,1742510708.6987803
2,71.925,1742510708.6987803
3,69.989,1742510708.6987803
4,70.687,1742510708.6987803
5,70.006,1742510708.6987803
6,68.723,1742510708.6987803
7,72.295,1742510708.6987803
0,117.077,1742510708.748907
1,69.636,1742510708.748907
2,71.937,1742510708.748907
3,69.979,1742510708.748907
4,70.697,1742510708.748907
5,70.006,1742510708.748907
6,68.737,1742510708.748907
7,72.295,1742510708.748907
0,117.077,1742510708.7990441
1,69.636,1742510708.7990441
2,71.937,1742510708.7990441
3,69.979,1742510708.7990441
4,70.697,1742510708.7990441
5,70.04,1742510708.7990441
6,68.737,1742510708.7990441
7,72.295,1742510708.7990441
0,117.077,1742510708.8491838
1,69.527,1742510708.8491838
2,71.949,1742510708.8491838
3,69.967,1742510708.8491838
4,70.71,1742510708.8491838
5,70.04,1742510708.8491838
6,68.717,1742510708.8491838
7,72.289,1742510708.8491838
0,117.066,1742510708.8993204
1,69.527,1742510708.8993204
2,71.949,1742510708.8993204
3,69.967,1742510708.8993204
4,70.71,1742510708.8993204
5,70.013,1742510708.8993204
6,68.717,1742510708.8993204
7,72.289,1742510708.8993204
0,117.066,1742510708.9494588
1,69.642,1742510708.9494588
2,71.962,1742510708.9494588
3,69.958,1742510708.9494588
4,70.709,1742510708.9494588
5,70.013,1742510708.9494588
6,68.704,1742510708.9494588
7,72.324,1742510708.9494588
0,117.051,1742510708.9996006
1,69.642,1742510708.9996006
2,71.962,1742510708.9996006
3,69.958,1742510708.9996006
4,70.709,1742510708.9996006
5,70.02,1742510708.9996006
6,68.704,1742510708.9996006
7,72.324,1742510708.9996006
0,117.051,1742510709.049729
1,69.526,1742510709.049729
2,71.959,1742510709.049729
3,69.968,1742510709.049729
4,70.706,1742510709.049729
5,70.02,1742510709.049729
6,68.677,1742510709.049729
7,72.339,1742510709.049729
0,117.037,1742510709.100018
1,69.526,1742510709.100018
2,71.959,1742510709.100018
3,69.968,1742510709.100018
4,70.706,1742510709.100018
5,70.007,1742510709.100018
6,68.677,1742510709.100018
7,72.339,1742510709.100018
0,117.037,1742510709.1501446
1,69.64,1742510709.1501446
2,71.966,1742510709.1501446
3,69.967,1742510709.1501446
4,70.72,1742510709.1501446
5,70.007,1742510709.1501446
6,68.673,1742510709.1501446
7,72.325,1742510709.1501446
0,117.057,1742510709.2002833
1,69.64,1742510709.2002833
2,71.966,1742510709.2002833
3,69.967,1742510709.2002833
4,70.72,1742510709.2002833
5,70.019,1742510709.2002833
6,68.673,1742510709.2002833
7,72.325,1742510709.2002833
0,117.057,1742510709.250421
1,69.54,1742510709.250421
2,71.966,1742510709.250421
3,69.985,1742510709.250421
4,70.713,1742510709.250421
5,70.019,1742510709.250421
6,68.668,1742510709.250421
7,72.324,1742510709.250421
0,117.057,1742510709.3005593
1,69.54,1742510709.3005593
2,71.966,1742510709.3005593
3,69.985,1742510709.3005593
4,70.713,1742510709.3005593
5,70.032,1742510709.3005593
6,68.668,1742510709.3005593
7,72.324,1742510709.3005593
0,117.057,1742510709.3506851
1,69.611,1742510709.3506851
2,71.966,1742510709.3506851
3,69.999,1742510709.3506851
4,70.728,1742510709.3506851
5,70.032,1742510709.3506851
6,70.499,1742510709.3506851
7,72.33,1742510709.3506851
0,117.071,1742510709.4008255
1,69.611,1742510709.4008255
2,71.966,1742510709.4008255
3,69.999,1742510709.4008255
4,70.728,1742510709.4008255
5,70.013,1742510709.4008255
6,70.499,1742510709.4008255
7,72.33,1742510709.4008255
0,117.071,1742510709.4509552
1,69.572,1742510709.4509552
2,72.578,1742510709.4509552
3,69.984,1742510709.4509552
4,70.741,1742510709.4509552
5,70.013,1742510709.4509552
6,70.499,1742510709.4509552
7,72.316,1742510709.4509552
0,117.07,1742510709.501087
1,69.572,1742510709.501087
2,72.578,1742510709.501087
3,69.984,1742510709.501087
4,70.741,1742510709.501087
5,70.033,1742510709.501087
6,75.464,1742510709.501087
7,72.316,1742510709.501087
0,117.07,1742510709.5512173
1,69.557,1742510709.5512173
2,77.42,1742510709.5512173
3,69.993,1742510709.5512173
4,70.741,1742510709.5512173
5,70.033,1742510709.5512173
6,75.464,1742510709.5512173
7,72.332,1742510709.5512173
0,117.083,1742510709.6013598
1,69.557,1742510709.6013598
2,77.42,1742510709.6013598
3,69.993,1742510709.6013598
4,70.741,1742510709.6013598
5,70.026,1742510709.6013598
6,80.114,1742510709.6013598
7,72.332,1742510709.6013598
0,117.083,1742510709.6515179
1,69.583,1742510709.6515179
2,82.082,1742510709.6515179
3,69.999,1742510709.6515179
4,70.721,1742510709.6515179
5,70.026,1742510709.6515179
6,80.114,1742510709.6515179
7,72.332,1742510709.6515179
0,117.062,1742510709.7016423
1,69.583,1742510709.7016423
2,82.082,1742510709.7016423
3,69.999,1742510709.7016423
4,70.721,1742510709.7016423
5,70.053,1742510709.7016423
6,84.914,1742510709.7016423
7,72.332,1742510709.7016423
0,117.062,1742510709.751768
1,69.592,1742510709.751768
2,86.84,1742510709.751768
3,70.0,1742510709.751768
4,70.708,1742510709.751768
5,70.053,1742510709.751768
6,84.914,1742510709.751768
7,72.298,1742510709.751768
0,117.072,1742510709.8019333
1,69.592,1742510709.8019333
2,86.84,1742510709.8019333
3,70.0,1742510709.8019333
4,70.708,1742510709.8019333
5,70.012,1742510709.8019333
6,89.065,1742510709.8019333
7,72.298,1742510709.8019333
0,117.072,1742510709.8521204
1,69.64,1742510709.8521204
2,91.006,1742510709.8521204
3,70.012,1742510709.8521204
4,70.722,1742510709.8521204
5,70.012,1742510709.8521204
6,89.065,1742510709.8521204
7,72.303,1742510709.8521204
0,117.698,1742510709.9022467
1,69.64,1742510709.9022467
2,91.006,1742510709.9022467
3,70.012,1742510709.9022467
4,70.722,1742510709.9022467
5,70.038,1742510709.9022467
6,94.045,1742510709.9022467
7,72.303,1742510709.9022467
0,117.698,1742510709.9523861
1,69.589,1742510709.9523861
2,97.52,1742510709.9523861
3,70.013,1742510709.9523861
4,70.722,1742510709.9523861
5,70.038,1742510709.9523861
6,94.045,1742510709.9523861
7,72.275,1742510709.9523861
0,120.782,1742510710.0025222
1,69.589,1742510710.0025222
2,97.52,1742510710.0025222
3,70.013,1742510710.0025222
4,70.706,1742510710.0025222
5,70.032,1742510710.0025222
6,101.21,1742510710.0025222
7,72.275,1742510710.0025222
0,120.782,1742510710.0526767
1,72.593,1742510710.0526767
2,103.409,1742510710.0526767
3,70.007,1742510710.0526767
4,70.706,1742510710.0526767
5,70.032,1742510710.0526767
6,101.21,1742510710.0526767
7,72.262,1742510710.0526767
0,120.81,1742510710.1028109
1,72.593,1742510710.1028109
2,103.409,1742510710.1028109
3,70.007,1742510710.1028109
4,70.699,1742510710.1028109
5,70.044,1742510710.1028109
6,106.021,1742510710.1028109
7,72.262,1742510710.1028109
0,120.81,1742510710.1529636
1,77.414,1742510710.1529636
2,107.973,1742510710.1529636
3,69.995,1742510710.1529636
4,70.699,1742510710.1529636
5,70.044,1742510710.1529636
6,106.021,1742510710.1529636
7,72.281,1742510710.1529636
0,120.893,1742510710.2032158
1,77.414,1742510710.2032158
2,107.973,1742510710.2032158
3,69.995,1742510710.2032158
4,70.708,1742510710.2032158
5,70.045,1742510710.2032158
6,110.612,1742510710.2032158
7,72.281,1742510710.2032158
0,120.893,1742510710.2533631
1,81.992,1742510710.2533631
2,112.535,1742510710.2533631
3,69.99,1742510710.2533631
4,70.708,1742510710.2533631
5,70.045,1742510710.2533631
6,110.612,1742510710.2533631
7,72.275,1742510710.2533631
0,120.893,1742510710.3035047
1,81.992,1742510710.3035047
2,112.535,1742510710.3035047
3,69.99,1742510710.3035047
4,70.702,1742510710.3035047
5,70.038,1742510710.3035047
6,115.182,1742510710.3035047
7,72.275,1742510710.3035047
0,120.893,1742510710.3536618
1,86.466,1742510710.3536618
2,116.237,1742510710.3536618
3,69.987,1742510710.3536618
4,70.702,1742510710.3536618
5,70.038,1742510710.3536618
6,115.182,1742510710.3536618
7,72.277,1742510710.3536618
0,121.653,1742510710.4038553
1,86.466,1742510710.4038553
2,116.237,1742510710.4038553
3,69.987,1742510710.4038553
4,70.701,1742510710.4038553
5,70.044,1742510710.4038553
6,117.962,1742510710.4038553
7,72.277,1742510710.4038553
0,121.653,1742510710.4539967
1,93.478,1742510710.4539967
2,121.047,1742510710.4539967
3,70.0,1742510710.4539967
4,70.701,1742510710.4539967
5,70.044,1742510710.4539967
6,117.962,1742510710.4539967
7,72.282,1742510710.4539967
0,123.601,1742510710.5041368
1,93.478,1742510710.5041368
2,121.047,1742510710.5041368
3,70.0,1742510710.5041368
4,70.719,1742510710.5041368
5,70.018,1742510710.5041368
6,117.589,1742510710.5041368
7,72.282,1742510710.5041368
0,123.601,1742510710.5542827
1,98.03,1742510710.5542827
2,120.7,1742510710.5542827
3,69.989,1742510710.5542827
4,70.719,1742510710.5542827
5,70.018,1742510710.5542827
6,117.589,1742510710.5542827
7,77.894,1742510710.5542827
0,123.621,1742510710.6044385
1,98.03,1742510710.6044385
2,120.7,1742510710.6044385
3,69.989,1742510710.6044385
4,70.708,1742510710.6044385
5,73.57,1742510710.6044385
6,117.271,1742510710.6044385
7,77.894,1742510710.6044385
0,123.621,1742510710.6546006
1,102.652,1742510710.6546006
2,120.483,1742510710.6546006
3,69.989,1742510710.6546006
4,70.708,1742510710.6546006
5,73.57,1742510710.6546006
6,117.271,1742510710.6546006
7,82.9,1742510710.6546006
0,123.524,1742510710.7047462
1,102.652,1742510710.7047462
2,120.483,1742510710.7047462
3,69.989,1742510710.7047462
4,70.713,1742510710.7047462
5,78.526,1742510710.7047462
6,117.274,1742510710.7047462
7,82.9,1742510710.7047462
0,123.524,1742510710.754991
1,107.039,1742510710.754991
2,120.508,1742510710.754991
3,69.995,1742510710.754991
4,70.713,1742510710.754991
5,78.526,1742510710.754991
6,117.274,1742510710.754991
7,87.692,1742510710.754991
0,123.53,1742510710.805135
1,107.039,1742510710.805135
2,120.508,1742510710.805135
3,69.995,1742510710.805135
4,70.742,1742510710.805135
5,82.908,1742510710.805135
6,117.245,1742510710.805135
7,87.692,1742510710.805135
0,123.53,1742510710.8552907
1,111.668,1742510710.8552907
2,120.52,1742510710.8552907
3,69.982,1742510710.8552907
4,70.742,1742510710.8552907
5,82.908,1742510710.8552907
6,117.245,1742510710.8552907
7,92.42,1742510710.8552907
0,123.008,1742510710.9055252
1,111.668,1742510710.9055252
2,120.52,1742510710.9055252
3,69.982,1742510710.9055252
4,70.759,1742510710.9055252
5,87.354,1742510710.9055252
6,117.269,1742510710.9055252
7,92.42,1742510710.9055252
0,123.008,1742510710.9556823
1,116.094,1742510710.9556823
2,118.944,1742510710.9556823
3,69.984,1742510710.9556823
4,70.759,1742510710.9556823
5,87.354,1742510710.9556823
6,117.269,1742510710.9556823
7,97.189,1742510710.9556823
0,122.246,1742510711.0058343
1,116.094,1742510711.0058343
2,118.944,1742510711.0058343
3,69.984,1742510711.0058343
4,70.799,1742510711.0058343
5,93.906,1742510711.0058343
6,115.327,1742510711.0058343
7,97.189,1742510711.0058343
0,122.246,1742510711.0560212
1,117.777,1742510711.0560212
2,117.681,1742510711.0560212
3,69.982,1742510711.0560212
4,70.799,1742510711.0560212
5,93.906,1742510711.0560212
6,115.327,1742510711.0560212
7,104.85,1742510711.0560212
0,123.665,1742510711.1061816
1,117.777,1742510711.1061816
2,117.681,1742510711.1061816
3,69.982,1742510711.1061816
4,70.833,1742510711.1061816
5,99.24,1742510711.1061816
6,114.551,1742510711.1061816
7,104.85,1742510711.1061816
0,123.665,1742510711.1563385
1,117.334,1742510711.1563385
2,117.693,1742510711.1563385
3,70.01,1742510711.1563385
4,70.833,1742510711.1563385
5,99.24,1742510711.1563385
6,114.551,1742510711.1563385
7,109.762,1742510711.1563385
0,123.697,1742510711.2065077
1,117.334,1742510711.2065077
2,117.693,1742510711.2065077
3,70.01,1742510711.2065077
4,70.799,1742510711.2065077
5,104.394,1742510711.2065077
6,114.569,1742510711.2065077
7,109.762,1742510711.2065077
0,123.697,1742510711.2566602
1,117.387,1742510711.2566602
2,117.691,1742510711.2566602
3,70.01,1742510711.2566602
4,70.799,1742510711.2566602
5,104.394,1742510711.2566602
6,114.569,1742510711.2566602
7,114.544,1742510711.2566602
0,123.83,1742510711.3068564
1,117.387,1742510711.3068564
2,117.691,1742510711.3068564
3,70.01,1742510711.3068564
4,70.807,1742510711.3068564
5,108.208,1742510711.3068564
6,114.574,1742510711.3068564
7,114.544,1742510711.3068564
0,123.83,1742510711.3570108
1,117.371,1742510711.3570108
2,117.692,1742510711.3570108
3,69.997,1742510711.3570108
4,70.807,1742510711.3570108
5,108.208,1742510711.3570108
6,114.574,1742510711.3570108
7,118.415,1742510711.3570108
0,124.24,1742510711.4071841
1,117.371,1742510711.4071841
2,117.692,1742510711.4071841
3,69.997,1742510711.4071841
4,70.78,1742510711.4071841
5,112.692,1742510711.4071841
6,114.579,1742510711.4071841
7,118.415,1742510711.4071841
0,124.24,1742510711.4573405
1,115.455,1742510711.4573405
2,117.701,1742510711.4573405
3,70.01,1742510711.4573405
4,70.78,1742510711.4573405
5,112.692,1742510711.4573405
6,114.579,1742510711.4573405
7,123.084,1742510711.4573405
0,121.692,1742510711.5074766
1,115.455,1742510711.5074766
2,117.701,1742510711.5074766
3,70.01,1742510711.5074766
4,70.822,1742510711.5074766
5,118.14,1742510711.5074766
6,114.61,1742510711.5074766
7,123.084,1742510711.5074766
0,121.692,1742510711.5576167
1,114.932,1742510711.5576167
2,117.726,1742510711.5576167
3,70.005,1742510711.5576167
4,70.822,1742510711.5576167
5,118.14,1742510711.5576167
6,114.61,1742510711.5576167
7,123.275,1742510711.5576167
0,121.67,1742510711.6077578
1,114.932,1742510711.6077578
2,117.726,1742510711.6077578
3,70.005,1742510711.6077578
4,70.842,1742510711.6077578
5,119.187,1742510711.6077578
6,114.643,1742510711.6077578
7,123.275,1742510711.6077578
0,121.67,1742510711.6579144
1,114.952,1742510711.6579144
2,117.751,1742510711.6579144
3,70.013,1742510711.6579144
4,70.842,1742510711.6579144
5,119.187,1742510711.6579144
6,114.643,1742510711.6579144
7,122.941,1742510711.6579144
0,121.73,1742510711.7080653
1,114.952,1742510711.7080653
2,117.751,1742510711.7080653
3,70.013,1742510711.7080653
4,70.857,1742510711.7080653
5,118.879,1742510711.7080653
6,114.657,1742510711.7080653
7,122.941,1742510711.7080653
0,121.73,1742510711.75821
1,114.983,1742510711.75821
2,117.756,1742510711.75821
3,70.034,1742510711.75821
4,70.857,1742510711.75821
5,118.879,1742510711.75821
6,114.657,1742510711.75821
7,122.926,1742510711.75821
0,121.735,1742510711.808351
1,114.983,1742510711.808351
2,117.756,1742510711.808351
3,70.034,1742510711.808351
4,70.85,1742510711.808351
5,118.895,1742510711.808351
6,114.659,1742510711.808351
7,122.926,1742510711.808351
0,121.735,1742510711.8584971
1,114.958,1742510711.8584971
2,117.744,1742510711.8584971
3,70.025,1742510711.8584971
4,70.85,1742510711.8584971
5,118.895,1742510711.8584971
6,114.659,1742510711.8584971
7,123.034,1742510711.8584971
0,122.013,1742510711.908641
1,114.958,1742510711.908641
2,117.744,1742510711.908641
3,70.025,1742510711.908641
4,70.814,1742510711.908641
5,118.978,1742510711.908641
6,114.659,1742510711.908641
7,123.034,1742510711.908641
0,122.013,1742510711.9587793
1,115.028,1742510711.9587793
2,117.745,1742510711.9587793
3,70.039,1742510711.9587793
4,70.814,1742510711.9587793
5,118.978,1742510711.9587793
6,114.659,1742510711.9587793
7,122.986,1742510711.9587793
0,120.701,1742510712.0089216
1,115.028,1742510712.0089216
2,117.745,1742510712.0089216
3,70.039,1742510712.0089216
4,70.827,1742510712.0089216
5,116.79,1742510712.0089216
6,114.659,1742510712.0089216
7,122.986,1742510712.0089216
0,120.701,1742510712.0590465
1,114.971,1742510712.0590465
2,117.745,1742510712.0590465
3,70.052,1742510712.0590465
4,70.827,1742510712.0590465
5,116.79,1742510712.0590465
6,114.659,1742510712.0590465
7,120.163,1742510712.0590465
0,118.046,1742510712.1091833
1,114.971,1742510712.1091833
2,117.745,1742510712.1091833
3,70.052,1742510712.1091833
4,70.79,1742510712.1091833
5,116.082,1742510712.1091833
6,114.659,1742510712.1091833
7,120.163,1742510712.1091833
0,118.046,1742510712.159321
1,115.057,1742510712.159321
2,117.728,1742510712.159321
3,70.033,1742510712.159321
4,70.79,1742510712.159321
5,116.082,1742510712.159321
6,114.659,1742510712.159321
7,120.005,1742510712.159321
0,118.04,1742510712.2094617
1,115.057,1742510712.2094617
2,117.728,1742510712.2094617
3,70.033,1742510712.2094617
4,70.824,1742510712.2094617
5,116.151,1742510712.2094617
6,114.646,1742510712.2094617
7,120.005,1742510712.2094617
0,118.04,1742510712.2596056
1,114.951,1742510712.2596056
2,117.749,1742510712.2596056
3,70.017,1742510712.2596056
4,70.824,1742510712.2596056
5,116.151,1742510712.2596056
6,114.646,1742510712.2596056
7,119.979,1742510712.2596056
0,118.027,1742510712.309761
1,114.951,1742510712.309761
2,117.749,1742510712.309761
3,70.017,1742510712.309761
4,70.838,1742510712.309761
5,116.199,1742510712.309761
6,114.659,1742510712.309761
7,119.979,1742510712.309761
0,118.027,1742510712.3599052
1,115.067,1742510712.3599052
2,117.759,1742510712.3599052
3,70.01,1742510712.3599052
4,70.838,1742510712.3599052
5,116.199,1742510712.3599052
6,114.659,1742510712.3599052
7,119.989,1742510712.3599052
0,117.79,1742510712.4100444
1,115.067,1742510712.4100444
2,117.759,1742510712.4100444
3,70.01,1742510712.4100444
4,70.849,1742510712.4100444
5,116.262,1742510712.4100444
6,114.685,1742510712.4100444
7,119.989,1742510712.4100444
0,117.79,1742510712.4601686
1,114.973,1742510712.4601686
2,117.75,1742510712.4601686
3,70.003,1742510712.4601686
4,70.849,1742510712.4601686
5,116.262,1742510712.4601686
6,114.685,1742510712.4601686
7,120.002,1742510712.4601686
0,117.968,1742510712.5103083
1,114.973,1742510712.5103083
2,117.75,1742510712.5103083
3,70.003,1742510712.5103083
4,70.849,1742510712.5103083
5,116.24,1742510712.5103083
6,114.692,1742510712.5103083
7,120.002,1742510712.5103083
0,117.968,1742510712.5604346
1,115.092,1742510712.5604346
2,117.747,1742510712.5604346
3,70.002,1742510712.5604346
4,70.849,1742510712.5604346
5,116.24,1742510712.5604346
6,114.692,1742510712.5604346
7,120.018,1742510712.5604346
0,117.956,1742510712.610559
1,115.092,1742510712.610559
2,117.747,1742510712.610559
3,70.002,1742510712.610559
4,70.827,1742510712.610559
5,116.278,1742510712.610559
6,114.679,1742510712.610559
7,120.018,1742510712.610559
0,117.956,1742510712.6607256
1,115.007,1742510712.6607256
2,117.753,1742510712.6607256
3,70.008,1742510712.6607256
4,70.827,1742510712.6607256
5,116.278,1742510712.6607256
6,114.679,1742510712.6607256
7,120.051,1742510712.6607256
0,117.995,1742510712.7108524
1,115.007,1742510712.7108524
2,117.753,1742510712.7108524
3,70.008,1742510712.7108524
4,70.837,1742510712.7108524
5,116.265,1742510712.7108524
6,114.673,1742510712.7108524
7,120.051,1742510712.7108524
0,117.995,1742510712.760979
1,115.077,1742510712.760979
2,117.762,1742510712.760979
3,70.011,1742510712.760979
4,70.837,1742510712.760979
5,116.265,1742510712.760979
6,114.673,1742510712.760979
7,120.076,1742510712.760979
0,118.002,1742510712.8111043
1,115.077,1742510712.8111043
2,117.762,1742510712.8111043
3,70.011,1742510712.8111043
4,70.832,1742510712.8111043
5,116.245,1742510712.8111043
6,114.659,1742510712.8111043
7,120.076,1742510712.8111043
0,118.002,1742510712.861242
1,115.02,1742510712.861242
2,117.768,1742510712.861242
3,69.991,1742510712.861242
4,70.832,1742510712.861242
5,116.245,1742510712.861242
6,114.659,1742510712.861242
7,120.078,1742510712.861242
0,117.714,1742510712.9113784
1,115.02,1742510712.9113784
2,117.768,1742510712.9113784
3,69.991,1742510712.9113784
4,70.832,1742510712.9113784
5,116.231,1742510712.9113784
6,114.666,1742510712.9113784
7,120.078,1742510712.9113784
0,117.714,1742510712.9615161
1,115.045,1742510712.9615161
2,117.777,1742510712.9615161
3,69.987,1742510712.9615161
4,70.832,1742510712.9615161
5,116.231,1742510712.9615161
6,114.666,1742510712.9615161
7,120.062,1742510712.9615161
0,117.735,1742510713.0116417
1,115.045,1742510713.0116417
2,117.777,1742510713.0116417
3,69.987,1742510713.0116417
4,70.825,1742510713.0116417
5,116.29,1742510713.0116417
6,114.659,1742510713.0116417
7,120.062,1742510713.0116417
0,117.735,1742510713.0618186
1,115.036,1742510713.0618186
2,117.761,1742510713.0618186
3,69.957,1742510713.0618186
4,70.825,1742510713.0618186
5,116.29,1742510713.0618186
6,114.659,1742510713.0618186
7,120.077,1742510713.0618186
0,117.73,1742510713.1119745
1,115.036,1742510713.1119745
2,117.761,1742510713.1119745
3,69.957,1742510713.1119745
4,70.846,1742510713.1119745
5,116.284,1742510713.1119745
6,114.686,1742510713.1119745
7,120.077,1742510713.1119745
0,117.73,1742510713.1621003
1,115.073,1742510713.1621003
2,117.781,1742510713.1621003
3,69.956,1742510713.1621003
4,70.846,1742510713.1621003
5,116.284,1742510713.1621003
6,114.686,1742510713.1621003
7,120.107,1742510713.1621003
0,117.725,1742510713.212241
1,115.073,1742510713.212241
2,117.781,1742510713.212241
3,69.956,1742510713.212241
4,70.887,1742510713.212241
5,116.303,1742510713.212241
6,114.699,1742510713.212241
7,120.107,1742510713.212241
0,117.725,1742510713.2624528
1,115.063,1742510713.2624528
2,117.768,1742510713.2624528
3,69.956,1742510713.2624528
4,70.887,1742510713.2624528
5,116.303,1742510713.2624528
6,114.699,1742510713.2624528
7,120.134,1742510713.2624528
0,117.717,1742510713.3125944
1,115.063,1742510713.3125944
2,117.768,1742510713.3125944
3,69.97,1742510713.3125944
4,70.867,1742510713.3125944
5,116.324,1742510713.3125944
6,114.686,1742510713.3125944
7,120.134,1742510713.3125944
0,117.717,1742510713.362723
1,115.081,1742510713.362723
2,117.772,1742510713.362723
3,69.97,1742510713.362723
4,70.867,1742510713.362723
5,116.324,1742510713.362723
6,114.686,1742510713.362723
7,120.143,1742510713.362723
0,117.226,1742510713.4128485
1,115.081,1742510713.4128485
2,117.772,1742510713.4128485
3,69.971,1742510713.4128485
4,70.863,1742510713.4128485
5,116.317,1742510713.4128485
6,114.672,1742510713.4128485
7,120.143,1742510713.4128485
0,117.226,1742510713.4629846
1,115.066,1742510713.4629846
2,117.788,1742510713.4629846
3,69.971,1742510713.4629846
4,70.863,1742510713.4629846
5,116.317,1742510713.4629846
6,114.672,1742510713.4629846
7,120.13,1742510713.4629846
0,117.148,1742510713.5131211
1,115.066,1742510713.5131211
2,117.788,1742510713.5131211
3,69.964,1742510713.5131211
4,70.853,1742510713.5131211
5,116.35,1742510713.5131211
6,114.659,1742510713.5131211
7,120.13,1742510713.5131211
0,117.148,1742510713.5632546
1,115.072,1742510713.5632546
2,117.774,1742510713.5632546
3,69.964,1742510713.5632546
4,70.853,1742510713.5632546
5,116.35,1742510713.5632546
6,114.659,1742510713.5632546
7,120.135,1742510713.5632546
0,117.134,1742510713.6133897
1,115.072,1742510713.6133897
2,117.774,1742510713.6133897
3,69.967,1742510713.6133897
4,70.866,1742510713.6133897
5,116.331,1742510713.6133897
6,114.652,1742510713.6133897
7,120.135,1742510713.6133897
0,117.134,1742510713.663528
1,115.092,1742510713.663528
2,117.759,1742510713.663528
3,69.967,1742510713.663528
4,70.866,1742510713.663528
5,116.331,1742510713.663528
6,114.652,1742510713.663528
7,120.114,1742510713.663528
0,117.114,1742510713.7136648
1,115.092,1742510713.7136648
2,117.759,1742510713.7136648
3,69.959,1742510713.7136648
4,70.845,1742510713.7136648
5,116.364,1742510713.7136648
6,114.672,1742510713.7136648
7,120.114,1742510713.7136648
0,117.114,1742510713.7638035
1,115.063,1742510713.7638035
2,117.764,1742510713.7638035
3,69.959,1742510713.7638035
4,70.845,1742510713.7638035
5,116.364,1742510713.7638035
6,114.672,1742510713.7638035
7,120.12,1742510713.7638035
0,117.101,1742510713.8139415
1,115.063,1742510713.8139415
2,117.764,1742510713.8139415
3,69.946,1742510713.8139415
4,70.87,1742510713.8139415
5,116.385,1742510713.8139415
6,114.699,1742510713.8139415
7,120.12,1742510713.8139415
0,117.101,1742510713.8640678
1,115.103,1742510713.8640678
2,117.767,1742510713.8640678
3,69.946,1742510713.8640678
4,70.87,1742510713.8640678
5,116.385,1742510713.8640678
6,114.699,1742510713.8640678
7,120.141,1742510713.8640678
0,117.095,1742510713.9142063
1,115.103,1742510713.9142063
2,117.767,1742510713.9142063
3,69.972,1742510713.9142063
4,70.864,1742510713.9142063
5,116.44,1742510713.9142063
6,114.711,1742510713.9142063
7,120.141,1742510713.9142063
0,117.095,1742510713.9643686
1,115.061,1742510713.9643686
2,117.758,1742510713.9643686
3,69.972,1742510713.9643686
4,70.864,1742510713.9643686
5,116.44,1742510713.9643686
6,114.711,1742510713.9643686
7,120.163,1742510713.9643686
0,117.073,1742510714.014506
1,115.061,1742510714.014506
2,117.758,1742510714.014506
3,69.979,1742510714.014506
4,70.843,1742510714.014506
5,116.413,1742510714.014506
6,114.719,1742510714.014506
7,120.163,1742510714.014506
0,117.073,1742510714.064742
1,115.135,1742510714.064742
2,117.772,1742510714.064742
3,69.979,1742510714.064742
4,70.843,1742510714.064742
5,116.413,1742510714.064742
6,114.719,1742510714.064742
7,120.171,1742510714.064742
0,117.086,1742510714.114882
1,115.135,1742510714.114882
2,117.772,1742510714.114882
3,70.005,1742510714.114882
4,70.847,1742510714.114882
5,116.433,1742510714.114882
6,114.718,1742510714.114882
7,120.171,1742510714.114882
0,117.086,1742510714.1650183
1,115.135,1742510714.1650183
2,117.758,1742510714.1650183
3,70.005,1742510714.1650183
4,70.847,1742510714.1650183
5,116.433,1742510714.1650183
6,114.718,1742510714.1650183
7,120.171,1742510714.1650183
0,117.098,1742510714.2152
1,115.046,1742510714.2152
2,117.758,1742510714.2152
3,70.005,1742510714.2152
4,70.824,1742510714.2152
5,116.414,1742510714.2152
6,114.698,1742510714.2152
7,120.171,1742510714.2152
0,117.098,1742510714.2653413
1,115.046,1742510714.2653413
2,117.786,1742510714.2653413
3,70.005,1742510714.2653413
4,70.824,1742510714.2653413
5,116.414,1742510714.2653413
6,114.698,1742510714.2653413
7,120.169,1742510714.2653413
0,117.091,1742510714.3154771
1,115.137,1742510714.3154771
2,117.786,1742510714.3154771
3,69.999,1742510714.3154771
4,74.569,1742510714.3154771
5,116.439,1742510714.3154771
6,114.699,1742510714.3154771
7,120.169,1742510714.3154771
0,117.091,1742510714.3656342
1,115.137,1742510714.3656342
2,117.787,1742510714.3656342
3,69.999,1742510714.3656342
4,74.569,1742510714.3656342
5,116.439,1742510714.3656342
6,114.699,1742510714.3656342
7,120.16,1742510714.3656342
0,117.092,1742510714.4157786
1,115.062,1742510714.4157786
2,117.787,1742510714.4157786
3,70.019,1742510714.4157786
4,79.2,1742510714.4157786
5,116.433,1742510714.4157786
6,114.699,1742510714.4157786
7,120.16,1742510714.4157786
0,117.092,1742510714.465907
1,115.062,1742510714.465907
2,117.8,1742510714.465907
3,70.019,1742510714.465907
4,79.2,1742510714.465907
5,116.433,1742510714.465907
6,114.699,1742510714.465907
7,120.181,1742510714.465907
0,117.091,1742510714.5160487
1,115.135,1742510714.5160487
2,117.8,1742510714.5160487
3,70.027,1742510714.5160487
4,83.425,1742510714.5160487
5,116.439,1742510714.5160487
6,114.724,1742510714.5160487
7,120.181,1742510714.5160487
0,117.091,1742510714.566219
1,115.135,1742510714.566219
2,117.793,1742510714.566219
3,70.027,1742510714.566219
4,83.425,1742510714.566219
5,116.439,1742510714.566219
6,114.724,1742510714.566219
7,120.195,1742510714.566219
0,117.118,1742510714.6163552
1,115.088,1742510714.6163552
2,117.793,1742510714.6163552
3,70.031,1742510714.6163552
4,88.167,1742510714.6163552
5,116.446,1742510714.6163552
6,114.752,1742510714.6163552
7,120.195,1742510714.6163552
0,117.118,1742510714.6664803
1,115.088,1742510714.6664803
2,117.813,1742510714.6664803
3,70.031,1742510714.6664803
4,88.167,1742510714.6664803
5,116.446,1742510714.6664803
6,114.752,1742510714.6664803
7,120.196,1742510714.6664803
0,119.176,1742510714.7166235
1,115.165,1742510714.7166235
2,117.813,1742510714.7166235
3,70.039,1742510714.7166235
4,94.123,1742510714.7166235
5,116.426,1742510714.7166235
6,114.75,1742510714.7166235
7,120.196,1742510714.7166235
0,119.176,1742510714.7667544
1,115.165,1742510714.7667544
2,117.811,1742510714.7667544
3,70.039,1742510714.7667544
4,94.123,1742510714.7667544
5,116.426,1742510714.7667544
6,114.75,1742510714.7667544
7,120.22,1742510714.7667544
0,120.077,1742510714.8169024
1,115.115,1742510714.8169024
2,117.811,1742510714.8169024
3,70.078,1742510714.8169024
4,99.22,1742510714.8169024
5,116.426,1742510714.8169024
6,114.763,1742510714.8169024
7,120.22,1742510714.8169024
0,120.077,1742510714.867061
1,115.115,1742510714.867061
2,117.802,1742510714.867061
3,70.078,1742510714.867061
4,99.22,1742510714.867061
5,116.461,1742510714.867061
6,114.763,1742510714.867061
7,120.227,1742510714.867061
0,120.083,1742510714.9171646
1,115.168,1742510714.9171646
2,117.802,1742510714.9171646
3,70.064,1742510714.9171646
4,104.274,1742510714.9171646
5,116.461,1742510714.9171646
6,114.738,1742510714.9171646
7,120.227,1742510714.9171646
0,120.083,1742510714.9672973
1,115.168,1742510714.9672973
2,117.821,1742510714.9672973
3,70.064,1742510714.9672973
4,104.274,1742510714.9672973
5,116.427,1742510714.9672973
6,114.738,1742510714.9672973
7,120.225,1742510714.9672973
0,120.144,1742510715.017431
1,115.135,1742510715.017431
2,117.821,1742510715.017431
3,70.033,1742510715.017431
4,108.023,1742510715.017431
5,116.427,1742510715.017431
6,114.724,1742510715.017431
7,120.225,1742510715.017431
0,120.144,1742510715.0675855
1,115.135,1742510715.0675855
2,117.817,1742510715.0675855
3,70.033,1742510715.0675855
4,108.023,1742510715.0675855
5,116.455,1742510715.0675855
6,114.724,1742510715.0675855
7,120.244,1742510715.0675855
0,120.103,1742510715.1177897
1,115.143,1742510715.1177897
2,117.817,1742510715.1177897
3,70.031,1742510715.1177897
4,112.431,1742510715.1177897
5,116.455,1742510715.1177897
6,114.725,1742510715.1177897
7,120.244,1742510715.1177897
0,120.103,1742510715.1679482
1,115.143,1742510715.1679482
2,117.821,1742510715.1679482
3,70.031,1742510715.1679482
4,112.431,1742510715.1679482
5,116.435,1742510715.1679482
6,114.725,1742510715.1679482
7,120.233,1742510715.1679482
0,120.159,1742510715.2180939
1,115.156,1742510715.2180939
2,117.821,1742510715.2180939
3,70.032,1742510715.2180939
4,117.762,1742510715.2180939
5,116.435,1742510715.2180939
6,114.752,1742510715.2180939
7,120.233,1742510715.2180939
0,120.159,1742510715.2682538
1,115.156,1742510715.2682538
2,117.799,1742510715.2682538
3,70.032,1742510715.2682538
4,117.762,1742510715.2682538
5,116.455,1742510715.2682538
6,114.752,1742510715.2682538
7,120.226,1742510715.2682538
0,120.159,1742510715.3184228
1,115.156,1742510715.3184228
2,117.799,1742510715.3184228
3,73.014,1742510715.3184228
4,118.565,1742510715.3184228
5,116.455,1742510715.3184228
6,114.771,1742510715.3184228
7,120.226,1742510715.3184228
0,120.159,1742510715.368581
1,115.185,1742510715.368581
2,117.786,1742510715.368581
3,73.014,1742510715.368581
4,118.565,1742510715.368581
5,116.441,1742510715.368581
6,114.771,1742510715.368581
7,120.222,1742510715.368581
0,120.111,1742510715.4187279
1,115.185,1742510715.4187279
2,117.786,1742510715.4187279
3,77.892,1742510715.4187279
4,118.351,1742510715.4187279
5,116.428,1742510715.4187279
6,114.778,1742510715.4187279
7,120.222,1742510715.4187279
0,120.111,1742510715.4688728
1,115.176,1742510715.4688728
2,117.788,1742510715.4688728
3,77.892,1742510715.4688728
4,118.351,1742510715.4688728
5,116.428,1742510715.4688728
6,114.778,1742510715.4688728
7,120.215,1742510715.4688728
0,120.181,1742510715.5190194
1,115.176,1742510715.5190194
2,117.788,1742510715.5190194
3,82.478,1742510715.5190194
4,118.366,1742510715.5190194
5,116.428,1742510715.5190194
6,114.765,1742510715.5190194
7,120.215,1742510715.5190194
0,120.181,1742510715.5691662
1,115.214,1742510715.5691662
2,117.789,1742510715.5691662
3,82.478,1742510715.5691662
4,118.366,1742510715.5691662
5,116.446,1742510715.5691662
6,114.765,1742510715.5691662
7,120.201,1742510715.5691662
0,121.541,1742510715.61936
1,115.214,1742510715.61936
2,117.789,1742510715.61936
3,87.736,1742510715.61936
4,118.372,1742510715.61936
5,116.446,1742510715.61936
6,114.764,1742510715.61936
7,120.201,1742510715.61936
0,121.541,1742510715.669508
1,115.131,1742510715.669508
2,117.797,1742510715.669508
3,87.736,1742510715.669508
4,118.372,1742510715.669508
5,116.441,1742510715.669508
6,114.764,1742510715.669508
7,120.222,1742510715.669508
0,121.54,1742510715.7196622
1,115.131,1742510715.7196622
2,117.797,1742510715.7196622
3,94.251,1742510715.7196622
4,116.534,1742510715.7196622
5,116.441,1742510715.7196622
6,114.758,1742510715.7196622
7,120.222,1742510715.7196622
0,121.54,1742510715.7698596
1,115.206,1742510715.7698596
2,117.803,1742510715.7698596
3,94.251,1742510715.7698596
4,116.534,1742510715.7698596
5,116.474,1742510715.7698596
6,114.758,1742510715.7698596
7,120.212,1742510715.7698596
0,120.076,1742510715.8200293
1,115.206,1742510715.8200293
2,117.803,1742510715.8200293
3,98.86,1742510715.8200293
4,115.817,1742510715.8200293
5,116.474,1742510715.8200293
6,114.731,1742510715.8200293
7,120.212,1742510715.8200293
0,120.076,1742510715.87017
1,115.136,1742510715.87017
2,117.781,1742510715.87017
3,98.86,1742510715.87017
4,115.817,1742510715.87017
5,116.427,1742510715.87017
6,114.731,1742510715.87017
7,120.185,1742510715.87017
0,120.103,1742510715.9202716
1,115.136,1742510715.9202716
2,117.781,1742510715.9202716
3,103.467,1742510715.9202716
4,115.816,1742510715.9202716
5,116.427,1742510715.9202716
6,114.756,1742510715.9202716
7,120.185,1742510715.9202716
0,120.103,1742510715.9704196
1,115.238,1742510715.9704196
2,117.778,1742510715.9704196
3,103.467,1742510715.9704196
4,115.816,1742510715.9704196
5,116.44,1742510715.9704196
6,114.756,1742510715.9704196
7,120.193,1742510715.9704196
0,120.102,1742510716.0205696
1,115.238,1742510716.0205696
2,117.778,1742510716.0205696
3,108.105,1742510716.0205696
4,115.837,1742510716.0205696
5,116.44,1742510716.0205696
6,114.778,1742510716.0205696
7,120.193,1742510716.0205696
0,120.102,1742510716.0707264
1,115.133,1742510716.0707264
2,117.775,1742510716.0707264
3,108.105,1742510716.0707264
4,115.837,1742510716.0707264
5,116.407,1742510716.0707264
6,114.778,1742510716.0707264
7,120.179,1742510716.0707264
0,120.23,1742510716.1209176
1,115.133,1742510716.1209176
2,117.775,1742510716.1209176
3,112.717,1742510716.1209176
4,115.851,1742510716.1209176
5,116.407,1742510716.1209176
6,114.798,1742510716.1209176
7,120.179,1742510716.1209176
0,120.23,1742510716.1710806
1,115.244,1742510716.1710806
2,117.779,1742510716.1710806
3,112.717,1742510716.1710806
4,115.851,1742510716.1710806
5,116.434,1742510716.1710806
6,114.798,1742510716.1710806
7,120.178,1742510716.1710806
0,120.345,1742510716.221221
1,115.244,1742510716.221221
2,117.779,1742510716.221221
3,117.335,1742510716.221221
4,115.871,1742510716.221221
5,116.434,1742510716.221221
6,114.821,1742510716.221221
7,120.178,1742510716.221221
0,120.345,1742510716.2713656
1,115.15,1742510716.2713656
2,117.833,1742510716.2713656
3,117.335,1742510716.2713656
4,115.871,1742510716.2713656
5,116.471,1742510716.2713656
6,114.821,1742510716.2713656
7,120.231,1742510716.2713656
0,120.337,1742510716.3215082
1,115.15,1742510716.3215082
2,117.833,1742510716.3215082
3,118.961,1742510716.3215082
4,115.905,1742510716.3215082
5,116.471,1742510716.3215082
6,114.837,1742510716.3215082
7,120.231,1742510716.3215082
0,120.337,1742510716.3716564
1,115.237,1742510716.3716564
2,117.846,1742510716.3716564
3,118.961,1742510716.3716564
4,115.905,1742510716.3716564
5,116.497,1742510716.3716564
6,114.837,1742510716.3716564
7,120.232,1742510716.3716564
0,120.425,1742510716.4217882
1,115.237,1742510716.4217882
2,117.846,1742510716.4217882
3,118.702,1742510716.4217882
4,115.92,1742510716.4217882
5,116.497,1742510716.4217882
6,114.814,1742510716.4217882
7,120.232,1742510716.4217882
0,120.425,1742510716.4719687
1,115.171,1742510716.4719687
2,117.857,1742510716.4719687
3,118.702,1742510716.4719687
4,115.92,1742510716.4719687
5,116.497,1742510716.4719687
6,114.814,1742510716.4719687
7,120.245,1742510716.4719687
0,120.357,1742510716.5221078
1,115.171,1742510716.5221078
2,117.857,1742510716.5221078
3,118.716,1742510716.5221078
4,115.912,1742510716.5221078
5,116.497,1742510716.5221078
6,114.797,1742510716.5221078
7,120.245,1742510716.5221078
0,120.357,1742510716.572261
1,115.211,1742510716.572261
2,117.843,1742510716.572261
3,118.716,1742510716.572261
4,115.912,1742510716.572261
5,116.491,1742510716.572261
6,114.797,1742510716.572261
7,120.253,1742510716.572261
0,119.043,1742510716.6223934
1,115.211,1742510716.6223934
2,117.843,1742510716.6223934
3,118.068,1742510716.6223934
4,115.906,1742510716.6223934
5,116.491,1742510716.6223934
6,114.788,1742510716.6223934
7,120.253,1742510716.6223934
0,119.043,1742510716.6725202
1,115.205,1742510716.6725202
2,117.85,1742510716.6725202
3,118.068,1742510716.6725202
4,115.906,1742510716.6725202
5,116.493,1742510716.6725202
6,114.788,1742510716.6725202
7,120.238,1742510716.6725202
0,117.483,1742510716.722687
1,115.205,1742510716.722687
2,117.85,1742510716.722687
3,116.154,1742510716.722687
4,115.926,1742510716.722687
5,116.493,1742510716.722687
6,114.808,1742510716.722687
7,120.238,1742510716.722687
0,117.483,1742510716.7728279
1,115.226,1742510716.7728279
2,117.856,1742510716.7728279
3,116.154,1742510716.7728279
4,115.926,1742510716.7728279
5,116.459,1742510716.7728279
6,114.808,1742510716.7728279
7,120.264,1742510716.7728279
0,117.503,1742510716.822958
1,115.226,1742510716.822958
2,117.856,1742510716.822958
3,116.181,1742510716.822958
4,115.947,1742510716.822958
5,116.459,1742510716.822958
6,114.814,1742510716.822958
7,120.264,1742510716.822958
0,117.503,1742510716.873094
1,115.205,1742510716.873094
2,117.891,1742510716.873094
3,116.181,1742510716.873094
4,115.947,1742510716.873094
5,116.478,1742510716.873094
6,114.814,1742510716.873094
7,120.277,1742510716.873094
0,117.497,1742510716.9231973
1,115.205,1742510716.9231973
2,117.891,1742510716.9231973
3,116.217,1742510716.9231973
4,115.97,1742510716.9231973
5,116.478,1742510716.9231973
6,114.818,1742510716.9231973
7,120.277,1742510716.9231973
0,117.497,1742510716.973339
1,115.2,1742510716.973339
2,117.904,1742510716.973339
3,116.217,1742510716.973339
4,115.97,1742510716.973339
5,116.488,1742510716.973339
6,114.818,1742510716.973339
7,120.278,1742510716.973339
0,117.487,1742510717.0234685
1,115.2,1742510717.0234685
2,117.904,1742510717.0234685
3,116.217,1742510717.0234685
4,115.969,1742510717.0234685
5,116.488,1742510717.0234685
6,114.817,1742510717.0234685
7,120.278,1742510717.0234685
0,117.487,1742510717.0735967
1,115.191,1742510717.0735967
2,117.924,1742510717.0735967
3,116.217,1742510717.0735967
4,115.969,1742510717.0735967
5,116.521,1742510717.0735967
6,114.817,1742510717.0735967
7,120.277,1742510717.0735967
0,117.232,1742510717.1237724
1,115.191,1742510717.1237724
2,117.924,1742510717.1237724
3,116.217,1742510717.1237724
4,115.991,1742510717.1237724
5,116.521,1742510717.1237724
6,114.808,1742510717.1237724
7,120.277,1742510717.1237724
0,117.232,1742510717.1739058
1,115.145,1742510717.1739058
2,117.931,1742510717.1739058
3,116.217,1742510717.1739058
4,115.991,1742510717.1739058
5,116.518,1742510717.1739058
6,114.808,1742510717.1739058
7,120.283,1742510717.1739058
0,117.169,1742510717.2240329
1,115.145,1742510717.2240329
2,117.931,1742510717.2240329
3,116.231,1742510717.2240329
4,115.976,1742510717.2240329
5,116.518,1742510717.2240329
6,114.784,1742510717.2240329
7,120.283,1742510717.2240329
0,117.169,1742510717.2741704
1,115.145,1742510717.2741704
2,117.904,1742510717.2741704
3,116.231,1742510717.2741704
4,115.976,1742510717.2741704
5,116.507,1742510717.2741704
6,114.784,1742510717.2741704
7,120.241,1742510717.2741704
0,117.176,1742510717.3242946
1,115.143,1742510717.3242946
2,117.904,1742510717.3242946
3,116.231,1742510717.3242946
4,115.935,1742510717.3242946
5,116.507,1742510717.3242946
6,114.778,1742510717.3242946
7,120.241,1742510717.3242946
0,117.176,1742510717.374478
1,115.143,1742510717.374478
2,117.898,1742510717.374478
3,116.231,1742510717.374478
4,115.935,1742510717.374478
5,116.494,1742510717.374478
6,114.778,1742510717.374478
7,120.254,1742510717.374478
0,117.371,1742510717.424636
1,115.135,1742510717.424636
2,117.898,1742510717.424636
3,116.238,1742510717.424636
4,115.94,1742510717.424636
5,116.494,1742510717.424636
6,114.797,1742510717.424636
7,120.254,1742510717.424636
0,117.371,1742510717.474788
1,115.135,1742510717.474788
2,117.899,1742510717.474788
3,116.238,1742510717.474788
4,115.94,1742510717.474788
5,116.511,1742510717.474788
6,114.797,1742510717.474788
7,120.278,1742510717.474788
0,117.384,1742510717.5249422
1,115.162,1742510717.5249422
2,117.899,1742510717.5249422
3,116.26,1742510717.5249422
4,115.941,1742510717.5249422
5,116.511,1742510717.5249422
6,114.824,1742510717.5249422
7,120.278,1742510717.5249422
0,117.384,1742510717.5750914
1,115.162,1742510717.5750914
2,117.926,1742510717.5750914
3,116.26,1742510717.5750914
4,115.941,1742510717.5750914
5,116.501,1742510717.5750914
6,114.824,1742510717.5750914
7,120.291,1742510717.5750914
0,117.391,1742510717.6252303
1,115.087,1742510717.6252303
2,117.926,1742510717.6252303
3,116.303,1742510717.6252303
4,115.94,1742510717.6252303
5,116.501,1742510717.6252303
6,114.857,1742510717.6252303
7,120.291,1742510717.6252303
0,117.391,1742510717.6753688
1,115.087,1742510717.6753688
2,117.925,1742510717.6753688
3,116.303,1742510717.6753688
4,115.94,1742510717.6753688
5,116.505,1742510717.6753688
6,114.857,1742510717.6753688
7,120.296,1742510717.6753688
0,117.39,1742510717.7255049
1,115.129,1742510717.7255049
2,117.925,1742510717.7255049
3,116.298,1742510717.7255049
4,115.942,1742510717.7255049
5,116.505,1742510717.7255049
6,114.863,1742510717.7255049
7,120.296,1742510717.7255049
0,117.39,1742510717.7756429
1,115.129,1742510717.7756429
2,117.917,1742510717.7756429
3,116.298,1742510717.7756429
4,115.942,1742510717.7756429
5,116.518,1742510717.7756429
6,114.863,1742510717.7756429
7,120.296,1742510717.7756429
0,117.419,1742510717.825779
1,115.065,1742510717.825779
2,117.917,1742510717.825779
3,116.268,1742510717.825779
4,115.948,1742510717.825779
5,116.518,1742510717.825779
6,114.843,1742510717.825779
7,120.296,1742510717.825779
0,117.419,1742510717.8759258
1,115.065,1742510717.8759258
2,117.917,1742510717.8759258
3,116.268,1742510717.8759258
4,115.948,1742510717.8759258
5,116.527,1742510717.8759258
6,114.843,1742510717.8759258
7,120.276,1742510717.8759258
0,117.432,1742510717.926035
1,115.147,1742510717.926035
2,117.917,1742510717.926035
3,116.232,1742510717.926035
4,115.968,1742510717.926035
5,116.527,1742510717.926035
6,114.837,1742510717.926035
7,120.276,1742510717.926035
0,117.432,1742510717.9761631
1,115.147,1742510717.9761631
2,117.924,1742510717.9761631
3,116.232,1742510717.9761631
4,115.968,1742510717.9761631
5,116.543,1742510717.9761631
6,114.837,1742510717.9761631
7,120.289,1742510717.9761631
0,117.472,1742510718.0263035
1,115.056,1742510718.0263035
2,117.924,1742510718.0263035
3,116.22,1742510718.0263035
4,115.954,1742510718.0263035
5,116.543,1742510718.0263035
6,114.83,1742510718.0263035
7,120.289,1742510718.0263035
0,117.472,1742510718.0764282
1,115.056,1742510718.0764282
2,117.918,1742510718.0764282
3,116.22,1742510718.0764282
4,115.954,1742510718.0764282
5,116.52,1742510718.0764282
6,114.83,1742510718.0764282
7,120.295,1742510718.0764282
0,117.532,1742510718.1265583
1,115.177,1742510718.1265583
2,117.918,1742510718.1265583
3,116.24,1742510718.1265583
4,115.926,1742510718.1265583
5,116.52,1742510718.1265583
6,114.837,1742510718.1265583
7,120.295,1742510718.1265583
0,117.532,1742510718.1766837
1,115.177,1742510718.1766837
2,117.917,1742510718.1766837
3,116.24,1742510718.1766837
4,115.926,1742510718.1766837
5,116.534,1742510718.1766837
6,114.837,1742510718.1766837
7,120.309,1742510718.1766837
0,117.548,1742510718.226825
1,115.106,1742510718.226825
2,117.917,1742510718.226825
3,116.233,1742510718.226825
4,115.933,1742510718.226825
5,116.534,1742510718.226825
6,114.824,1742510718.226825
7,120.309,1742510718.226825
0,117.548,1742510718.2769554
1,115.106,1742510718.2769554
2,117.93,1742510718.2769554
3,116.233,1742510718.2769554
4,115.933,1742510718.2769554
5,116.492,1742510718.2769554
6,114.824,1742510718.2769554
7,120.316,1742510718.2769554
0,117.531,1742510718.327099
1,115.215,1742510718.327099
2,117.93,1742510718.327099
3,116.272,1742510718.327099
4,115.937,1742510718.327099
5,116.492,1742510718.327099
6,114.834,1742510718.327099
7,120.316,1742510718.327099
0,117.531,1742510718.3772275
1,115.215,1742510718.3772275
2,117.924,1742510718.3772275
3,116.272,1742510718.3772275
4,115.937,1742510718.3772275
5,116.517,1742510718.3772275
6,114.834,1742510718.3772275
7,120.303,1742510718.3772275
0,117.366,1742510718.427354
1,115.171,1742510718.427354
2,117.924,1742510718.427354
3,116.292,1742510718.427354
4,115.953,1742510718.427354
5,116.517,1742510718.427354
6,114.821,1742510718.427354
7,120.303,1742510718.427354
0,117.366,1742510718.4774919
1,115.171,1742510718.4774919
2,117.937,1742510718.4774919
3,116.292,1742510718.4774919
4,115.953,1742510718.4774919
5,116.507,1742510718.4774919
6,114.821,1742510718.4774919
7,120.3,1742510718.4774919
0,117.299,1742510718.527653
1,115.27,1742510718.527653
2,117.937,1742510718.527653
3,116.267,1742510718.527653
4,115.973,1742510718.527653
5,116.507,1742510718.527653
6,114.804,1742510718.527653
7,120.3,1742510718.527653
0,117.299,1742510718.5778294
1,115.27,1742510718.5778294
2,117.963,1742510718.5778294
3,116.267,1742510718.5778294
4,115.973,1742510718.5778294
5,116.534,1742510718.5778294
6,114.804,1742510718.5778294
7,120.286,1742510718.5778294
0,117.307,1742510718.6279633
1,115.215,1742510718.6279633
2,117.963,1742510718.6279633
3,116.234,1742510718.6279633
4,115.98,1742510718.6279633
5,116.534,1742510718.6279633
6,114.794,1742510718.6279633
7,120.286,1742510718.6279633
0,117.307,1742510718.6780894
1,115.215,1742510718.6780894
2,118.003,1742510718.6780894
3,116.234,1742510718.6780894
4,115.98,1742510718.6780894
5,116.534,1742510718.6780894
6,114.794,1742510718.6780894
7,120.288,1742510718.6780894
0,117.286,1742510718.7282212
1,115.281,1742510718.7282212
2,118.003,1742510718.7282212
3,116.248,1742510718.7282212
4,115.98,1742510718.7282212
5,116.534,1742510718.7282212
6,114.757,1742510718.7282212
7,120.288,1742510718.7282212
0,117.286,1742510718.7783504
1,115.281,1742510718.7783504
2,118.016,1742510718.7783504
3,116.248,1742510718.7783504
4,115.98,1742510718.7783504
5,116.534,1742510718.7783504
6,114.757,1742510718.7783504
7,120.314,1742510718.7783504
0,117.272,1742510718.8284967
1,115.257,1742510718.8284967
2,118.016,1742510718.8284967
3,116.296,1742510718.8284967
4,115.957,1742510718.8284967
5,116.534,1742510718.8284967
6,114.764,1742510718.8284967
7,120.314,1742510718.8284967
0,117.272,1742510718.8786364
1,115.257,1742510718.8786364
2,118.009,1742510718.8786364
3,116.296,1742510718.8786364
4,115.957,1742510718.8786364
5,116.534,1742510718.8786364
6,114.764,1742510718.8786364
7,120.341,1742510718.8786364
0,117.232,1742510718.9287314
1,115.261,1742510718.9287314
2,118.009,1742510718.9287314
3,116.342,1742510718.9287314
4,115.963,1742510718.9287314
5,116.534,1742510718.9287314
6,114.777,1742510718.9287314
7,120.341,1742510718.9287314
0,117.232,1742510718.9788604
1,115.261,1742510718.9788604
2,117.995,1742510718.9788604
3,116.342,1742510718.9788604
4,115.963,1742510718.9788604
5,116.501,1742510718.9788604
6,114.777,1742510718.9788604
7,120.362,1742510718.9788604
0,117.231,1742510719.0289948
1,115.26,1742510719.0289948
2,117.995,1742510719.0289948
3,116.403,1742510719.0289948
4,115.971,1742510719.0289948
5,116.501,1742510719.0289948
6,114.807,1742510719.0289948
7,120.362,1742510719.0289948
0,117.231,1742510719.0791204
1,115.26,1742510719.0791204
2,118.002,1742510719.0791204
3,116.403,1742510719.0791204
4,115.971,1742510719.0791204
5,116.507,1742510719.0791204
6,114.807,1742510719.0791204
7,120.344,1742510719.0791204
0,117.231,1742510719.1292655
1,115.241,1742510719.1292655
2,118.002,1742510719.1292655
3,116.41,1742510719.1292655
4,116.012,1742510719.1292655
5,116.507,1742510719.1292655
6,114.803,1742510719.1292655
7,120.344,1742510719.1292655
0,117.184,1742510719.179403
1,115.241,1742510719.179403
2,117.995,1742510719.179403
3,116.41,1742510719.179403
4,116.012,1742510719.179403
5,116.5,1742510719.179403
6,114.803,1742510719.179403
7,120.338,1742510719.179403
0,117.184,1742510719.2295368
1,115.266,1742510719.2295368
2,117.995,1742510719.2295368
3,116.415,1742510719.2295368
4,116.012,1742510719.2295368
5,116.5,1742510719.2295368
6,114.801,1742510719.2295368
7,120.338,1742510719.2295368
0,117.168,1742510719.2796638
1,115.266,1742510719.2796638
2,118.002,1742510719.2796638
3,116.415,1742510719.2796638
4,116.045,1742510719.2796638
5,116.52,1742510719.2796638
6,114.801,1742510719.2796638
7,120.331,1742510719.2796638
0,117.168,1742510719.3298202
1,115.174,1742510719.3298202
2,118.002,1742510719.3298202
3,116.4,1742510719.3298202
4,116.045,1742510719.3298202
5,116.52,1742510719.3298202
6,114.787,1742510719.3298202
7,120.331,1742510719.3298202
0,117.155,1742510719.3799238
1,115.174,1742510719.3799238
2,118.0,1742510719.3799238
3,116.4,1742510719.3799238
4,116.091,1742510719.3799238
5,116.536,1742510719.3799238
6,114.787,1742510719.3799238
7,120.336,1742510719.3799238
0,117.155,1742510719.4300518
1,115.199,1742510719.4300518
2,118.0,1742510719.4300518
3,116.389,1742510719.4300518
4,116.091,1742510719.4300518
5,116.536,1742510719.4300518
6,114.777,1742510719.4300518
7,120.336,1742510719.4300518
0,117.154,1742510719.48018
1,115.199,1742510719.48018
2,117.975,1742510719.48018
3,116.389,1742510719.48018
4,116.072,1742510719.48018
5,116.575,1742510719.48018
6,114.777,1742510719.48018
7,120.372,1742510719.48018
0,117.154,1742510719.5303125
1,115.124,1742510719.5303125
2,117.975,1742510719.5303125
3,116.394,1742510719.5303125
4,116.072,1742510719.5303125
5,116.575,1742510719.5303125
6,114.781,1742510719.5303125
7,120.372,1742510719.5303125
0,117.154,1742510719.5804584
1,115.124,1742510719.5804584
2,117.949,1742510719.5804584
3,116.394,1742510719.5804584
4,116.056,1742510719.5804584
5,116.589,1742510719.5804584
6,114.781,1742510719.5804584
7,120.383,1742510719.5804584
0,117.154,1742510719.6305847
1,115.212,1742510719.6305847
2,117.949,1742510719.6305847
3,116.415,1742510719.6305847
4,116.056,1742510719.6305847
5,116.589,1742510719.6305847
6,114.79,1742510719.6305847
7,120.383,1742510719.6305847
0,117.161,1742510719.680711
1,115.212,1742510719.680711
2,117.917,1742510719.680711
3,116.415,1742510719.680711
4,116.054,1742510719.680711
5,116.602,1742510719.680711
6,114.79,1742510719.680711
7,120.376,1742510719.680711
0,117.161,1742510719.7308402
1,115.11,1742510719.7308402
2,117.917,1742510719.7308402
3,116.401,1742510719.7308402
4,116.054,1742510719.7308402
5,116.602,1742510719.7308402
6,114.865,1742510719.7308402
7,120.376,1742510719.7308402
0,117.161,1742510719.7809725
1,115.11,1742510719.7809725
2,117.904,1742510719.7809725
3,116.401,1742510719.7809725
4,116.057,1742510719.7809725
5,116.608,1742510719.7809725
6,114.865,1742510719.7809725
7,120.364,1742510719.7809725
0,117.161,1742510719.8311076
1,115.17,1742510719.8311076
2,117.904,1742510719.8311076
3,116.356,1742510719.8311076
4,116.057,1742510719.8311076
5,116.608,1742510719.8311076
6,114.911,1742510719.8311076
7,120.364,1742510719.8311076
0,117.17,1742510719.8812344
1,115.17,1742510719.8812344
2,117.924,1742510719.8812344
3,116.356,1742510719.8812344
4,116.067,1742510719.8812344
5,116.608,1742510719.8812344
6,114.911,1742510719.8812344
7,120.336,1742510719.8812344
0,117.17,1742510719.9313464
1,115.081,1742510719.9313464
2,117.924,1742510719.9313464
3,116.311,1742510719.9313464
4,116.067,1742510719.9313464
5,116.608,1742510719.9313464
6,114.924,1742510719.9313464
7,120.336,1742510719.9313464
0,117.176,1742510719.9814842
1,115.081,1742510719.9814842
2,117.945,1742510719.9814842
3,116.311,1742510719.9814842
4,116.083,1742510719.9814842
5,116.634,1742510719.9814842
6,114.924,1742510719.9814842
7,120.35,1742510719.9814842
0,117.176,1742510720.0316217
1,115.173,1742510720.0316217
2,117.945,1742510720.0316217
3,116.264,1742510720.0316217
4,116.083,1742510720.0316217
5,116.634,1742510720.0316217
6,114.909,1742510720.0316217
7,120.35,1742510720.0316217
0,117.162,1742510720.0817487
1,115.173,1742510720.0817487
2,117.938,1742510720.0817487
3,116.264,1742510720.0817487
4,116.093,1742510720.0817487
5,116.615,1742510720.0817487
6,114.909,1742510720.0817487
7,120.393,1742510720.0817487
0,117.162,1742510720.1319182
1,115.109,1742510720.1319182
2,117.938,1742510720.1319182
3,116.25,1742510720.1319182
4,116.093,1742510720.1319182
5,116.615,1742510720.1319182
6,114.909,1742510720.1319182
7,120.393,1742510720.1319182
0,117.168,1742510720.182062
1,115.109,1742510720.182062
2,117.926,1742510720.182062
3,116.25,1742510720.182062
4,116.061,1742510720.182062
5,116.633,1742510720.182062
6,114.909,1742510720.182062
7,120.421,1742510720.182062
0,117.168,1742510720.2321913
1,115.186,1742510720.2321913
2,117.926,1742510720.2321913
3,116.267,1742510720.2321913
4,116.061,1742510720.2321913
5,116.633,1742510720.2321913
6,114.922,1742510720.2321913
7,120.421,1742510720.2321913
0,117.182,1742510720.2823243
1,115.186,1742510720.2823243
2,117.938,1742510720.2823243
3,116.267,1742510720.2823243
4,116.02,1742510720.2823243
5,116.614,1742510720.2823243
6,114.922,1742510720.2823243
7,120.442,1742510720.2823243
0,117.182,1742510720.3324893
1,115.14,1742510720.3324893
2,117.938,1742510720.3324893
3,116.278,1742510720.3324893
4,116.02,1742510720.3324893
5,116.614,1742510720.3324893
6,114.955,1742510720.3324893
7,120.442,1742510720.3324893
0,117.188,1742510720.3826663
1,115.14,1742510720.3826663
2,117.951,1742510720.3826663
3,116.278,1742510720.3826663
4,115.988,1742510720.3826663
5,116.628,1742510720.3826663
6,114.955,1742510720.3826663
7,120.446,1742510720.3826663
0,117.188,1742510720.4328022
1,115.193,1742510720.4328022
2,117.951,1742510720.4328022
3,116.285,1742510720.4328022
4,115.988,1742510720.4328022
5,116.628,1742510720.4328022
6,114.968,1742510720.4328022
7,120.446,1742510720.4328022
0,117.212,1742510720.4829283
1,115.193,1742510720.4829283
2,117.964,1742510720.4829283
3,116.285,1742510720.4829283
4,116.03,1742510720.4829283
5,116.574,1742510720.4829283
6,114.968,1742510720.4829283
7,120.441,1742510720.4829283
0,117.212,1742510720.5330646
1,115.108,1742510720.5330646
2,117.964,1742510720.5330646
3,116.302,1742510720.5330646
4,116.03,1742510720.5330646
5,116.574,1742510720.5330646
6,114.956,1742510720.5330646
7,120.441,1742510720.5330646
0,117.218,1742510720.583221
1,115.108,1742510720.583221
2,117.982,1742510720.583221
3,116.302,1742510720.583221
4,116.033,1742510720.583221
5,116.563,1742510720.583221
6,114.956,1742510720.583221
7,120.426,1742510720.583221
0,117.218,1742510720.6333866
1,115.202,1742510720.6333866
2,117.982,1742510720.6333866
3,116.278,1742510720.6333866
4,116.033,1742510720.6333866
5,116.563,1742510720.6333866
6,114.956,1742510720.6333866
7,120.426,1742510720.6333866
0,117.22,1742510720.6835294
1,115.202,1742510720.6835294
2,117.989,1742510720.6835294
3,116.278,1742510720.6835294
4,116.054,1742510720.6835294
5,116.56,1742510720.6835294
6,114.956,1742510720.6835294
7,120.441,1742510720.6835294
0,117.22,1742510720.7336688
1,115.134,1742510720.7336688
2,117.989,1742510720.7336688
3,116.284,1742510720.7336688
4,116.054,1742510720.7336688
5,116.56,1742510720.7336688
6,114.876,1742510720.7336688
7,120.441,1742510720.7336688
0,117.213,1742510720.7839282
1,115.134,1742510720.7839282
2,117.983,1742510720.7839282
3,116.284,1742510720.7839282
4,116.092,1742510720.7839282
5,116.547,1742510720.7839282
6,114.876,1742510720.7839282
7,120.447,1742510720.7839282
0,117.213,1742510720.834116
1,115.206,1742510720.834116
2,117.983,1742510720.834116
3,116.298,1742510720.834116
4,116.092,1742510720.834116
5,116.547,1742510720.834116
6,114.866,1742510720.834116
7,120.447,1742510720.834116
0,117.201,1742510720.884243
1,115.206,1742510720.884243
2,117.982,1742510720.884243
3,116.298,1742510720.884243
4,116.092,1742510720.884243
5,116.543,1742510720.884243
6,114.866,1742510720.884243
7,120.455,1742510720.884243
0,117.201,1742510720.9343777
1,115.175,1742510720.9343777
2,117.982,1742510720.9343777
3,116.309,1742510720.9343777
4,116.092,1742510720.9343777
5,116.543,1742510720.9343777
6,114.846,1742510720.9343777
7,120.455,1742510720.9343777
0,117.191,1742510720.984512
1,115.175,1742510720.984512
2,117.982,1742510720.984512
3,116.309,1742510720.984512
4,116.093,1742510720.984512
5,116.517,1742510720.984512
6,114.846,1742510720.984512
7,120.415,1742510720.984512
0,117.191,1742510721.0346396
1,115.224,1742510721.0346396
2,117.982,1742510721.0346396
3,116.315,1742510721.0346396
4,116.093,1742510721.0346396
5,116.517,1742510721.0346396
6,114.859,1742510721.0346396
7,120.415,1742510721.0346396
0,117.209,1742510721.084769
1,115.224,1742510721.084769
2,117.982,1742510721.084769
3,116.315,1742510721.084769
4,116.057,1742510721.084769
5,116.55,1742510721.084769
6,114.859,1742510721.084769
7,120.38,1742510721.084769
0,117.209,1742510721.1349018
1,115.227,1742510721.1349018
2,117.982,1742510721.1349018
3,116.334,1742510721.1349018
4,116.057,1742510721.1349018
5,116.55,1742510721.1349018
6,114.872,1742510721.1349018
7,120.38,1742510721.1349018
0,117.209,1742510721.1850882
1,115.227,1742510721.1850882
2,117.981,1742510721.1850882
3,116.334,1742510721.1850882
4,116.064,1742510721.1850882
5,116.537,1742510721.1850882
6,114.872,1742510721.1850882
7,120.367,1742510721.1850882
0,117.209,1742510721.2352343
1,115.215,1742510721.2352343
2,117.981,1742510721.2352343
3,116.347,1742510721.2352343
4,116.064,1742510721.2352343
5,116.537,1742510721.2352343
6,114.885,1742510721.2352343
7,120.367,1742510721.2352343
0,117.213,1742510721.2853703
1,115.215,1742510721.2853703
2,117.981,1742510721.2853703
3,116.347,1742510721.2853703
4,116.058,1742510721.2853703
5,116.575,1742510721.2853703
6,114.885,1742510721.2853703
7,120.374,1742510721.2853703
0,117.213,1742510721.3355076
1,115.244,1742510721.3355076
2,117.981,1742510721.3355076
3,116.334,1742510721.3355076
4,116.058,1742510721.3355076
5,116.575,1742510721.3355076
6,114.885,1742510721.3355076
7,120.374,1742510721.3355076
0,117.339,1742510721.3856509
1,115.244,1742510721.3856509
2,118.001,1742510721.3856509
3,116.334,1742510721.3856509
4,116.091,1742510721.3856509
5,116.56,1742510721.3856509
6,114.885,1742510721.3856509
7,120.367,1742510721.3856509
0,117.339,1742510721.4357789
1,115.581,1742510721.4357789
2,118.001,1742510721.4357789
3,116.42,1742510721.4357789
4,116.091,1742510721.4357789
5,116.56,1742510721.4357789
6,115.019,1742510721.4357789
7,120.367,1742510721.4357789
0,117.29,1742510721.4859097
1,115.581,1742510721.4859097
2,118.307,1742510721.4859097
3,116.42,1742510721.4859097
4,116.417,1742510721.4859097
5,117.124,1742510721.4859097
6,115.019,1742510721.4859097
7,120.759,1742510721.4859097
0,117.29,1742510721.5360377
1,115.642,1742510721.5360377
2,118.307,1742510721.5360377
3,116.44,1742510721.5360377
4,116.417,1742510721.5360377
5,117.124,1742510721.5360377
6,115.134,1742510721.5360377
7,120.759,1742510721.5360377
0,117.397,1742510721.5862901
1,115.642,1742510721.5862901
2,118.382,1742510721.5862901
3,116.44,1742510721.5862901
4,116.525,1742510721.5862901
5,117.316,1742510721.5862901
6,115.134,1742510721.5862901
7,120.942,1742510721.5862901
0,117.397,1742510721.6364176
1,115.702,1742510721.6364176
2,118.382,1742510721.6364176
3,116.568,1742510721.6364176
4,116.525,1742510721.6364176
5,117.316,1742510721.6364176
6,115.35,1742510721.6364176
7,120.942,1742510721.6364176
0,117.594,1742510721.6865487
1,115.702,1742510721.6865487
2,121.567,1742510721.6865487
3,116.568,1742510721.6865487
4,116.83,1742510721.6865487
5,121.218,1742510721.6865487
6,115.35,1742510721.6865487
7,125.149,1742510721.6865487
0,117.594,1742510721.7366354
1,121.165,1742510721.7366354
2,121.567,1742510721.7366354
3,122.351,1742510721.7366354
4,116.83,1742510721.7366354
5,121.218,1742510721.7366354
6,120.537,1742510721.7366354
7,125.149,1742510721.7366354
0,122.519,1742510721.7867038
1,121.165,1742510721.7867038
2,123.362,1742510721.7867038
3,122.351,1742510721.7867038
4,122.505,1742510721.7867038
5,123.803,1742510721.7867038
6,120.537,1742510721.7867038
7,126.4,1742510721.7867038
0,122.519,1742510721.8367696
1,121.694,1742510721.8367696
2,123.362,1742510721.8367696
3,122.394,1742510721.8367696
4,122.505,1742510721.8367696
5,123.803,1742510721.8367696
6,120.711,1742510721.8367696
7,126.4,1742510721.8367696
0,122.533,1742510721.8868346
1,121.694,1742510721.8868346
2,123.449,1742510721.8868346
3,122.394,1742510721.8868346
4,122.532,1742510721.8868346
5,123.74,1742510721.8868346
6,120.711,1742510721.8868346
7,126.516,1742510721.8868346
0,122.533,1742510721.9369295
1,121.786,1742510721.9369295
2,123.449,1742510721.9369295
3,122.372,1742510721.9369295
4,122.532,1742510721.9369295
5,123.74,1742510721.9369295
6,120.726,1742510721.9369295
7,126.516,1742510721.9369295
0,122.629,1742510721.9870303
1,121.786,1742510721.9870303
2,123.46,1742510721.9870303
3,122.372,1742510721.9870303
4,122.438,1742510721.9870303
5,123.711,1742510721.9870303
6,120.726,1742510721.9870303
7,126.557,1742510721.9870303
0,122.629,1742510722.037147
1,121.743,1742510722.037147
2,123.46,1742510722.037147
3,122.416,1742510722.037147
4,122.438,1742510722.037147
5,123.711,1742510722.037147
6,120.835,1742510722.037147
7,126.557,1742510722.037147
0,123.448,1742510722.087296
1,121.743,1742510722.087296
2,123.774,1742510722.087296
3,122.416,1742510722.087296
4,122.609,1742510722.087296
5,123.638,1742510722.087296
6,120.835,1742510722.087296
7,126.659,1742510722.087296
0,123.448,1742510722.1374087
1,123.912,1742510722.1374087
2,123.774,1742510722.1374087
3,123.819,1742510722.1374087
4,122.609,1742510722.1374087
5,123.638,1742510722.1374087
6,121.637,1742510722.1374087
7,126.659,1742510722.1374087
0,123.944,1742510722.1875389
1,123.912,1742510722.1875389
2,125.039,1742510722.1875389
3,123.819,1742510722.1875389
4,124.162,1742510722.1875389
5,125.018,1742510722.1875389
6,121.637,1742510722.1875389
7,127.838,1742510722.1875389
0,123.944,1742510722.2376394
1,124.182,1742510722.2376394
2,125.039,1742510722.2376394
3,123.898,1742510722.2376394
4,124.162,1742510722.2376394
5,125.018,1742510722.2376394
6,122.208,1742510722.2376394
7,127.838,1742510722.2376394
0,123.915,1742510722.2877877
1,124.182,1742510722.2877877
2,125.043,1742510722.2877877
3,123.898,1742510722.2877877
4,124.062,1742510722.2877877
5,124.966,1742510722.2877877
6,122.208,1742510722.2877877
7,127.707,1742510722.2877877
0,123.915,1742510722.3379192
1,124.109,1742510722.3379192
2,125.043,1742510722.3379192
3,123.911,1742510722.3379192
4,124.062,1742510722.3379192
5,124.966,1742510722.3379192
6,122.348,1742510722.3379192
7,127.707,1742510722.3379192
0,123.727,1742510722.3880794
1,124.109,1742510722.3880794
2,124.796,1742510722.3880794
3,123.911,1742510722.3880794
4,124.215,1742510722.3880794
5,124.914,1742510722.3880794
6,122.348,1742510722.3880794
7,127.858,1742510722.3880794
0,123.727,1742510722.4382224
1,123.676,1742510722.4382224
2,124.796,1742510722.4382224
3,123.703,1742510722.4382224
4,124.215,1742510722.4382224
5,124.914,1742510722.4382224
6,122.224,1742510722.4382224
7,127.858,1742510722.4382224
0,123.701,1742510722.4884157
1,123.676,1742510722.4884157
2,124.796,1742510722.4884157
3,123.703,1742510722.4884157
4,123.739,1742510722.4884157
5,124.257,1742510722.4884157
6,122.224,1742510722.4884157
7,127.446,1742510722.4884157
0,123.701,1742510722.5385442
1,123.874,1742510722.5385442
2,124.739,1742510722.5385442
3,123.683,1742510722.5385442
4,123.739,1742510722.5385442
5,124.257,1742510722.5385442
6,122.059,1742510722.5385442
7,127.446,1742510722.5385442
0,125.421,1742510722.588702
1,123.874,1742510722.588702
2,124.739,1742510722.588702
3,123.683,1742510722.588702
4,123.669,1742510722.588702
5,124.015,1742510722.588702
6,122.059,1742510722.588702
7,127.178,1742510722.588702
0,125.421,1742510722.6388133
1,123.622,1742510722.6388133
2,124.698,1742510722.6388133
3,124.104,1742510722.6388133
4,123.669,1742510722.6388133
5,124.015,1742510722.6388133
6,121.837,1742510722.6388133
7,127.178,1742510722.6388133
0,125.658,1742510722.688952
1,123.622,1742510722.688952
2,124.698,1742510722.688952
3,124.104,1742510722.688952
4,124.206,1742510722.688952
5,119.029,1742510722.688952
6,121.837,1742510722.688952
7,123.974,1742510722.688952
0,125.658,1742510722.739051
1,119.899,1742510722.739051
2,121.22,1742510722.739051
3,119.457,1742510722.739051
4,124.206,1742510722.739051
5,119.029,1742510722.739051
6,117.505,1742510722.739051
7,123.974,1742510722.739051
0,120.876,1742510722.7891912
1,119.899,1742510722.7891912
2,121.22,1742510722.7891912
3,119.457,1742510722.7891912
4,118.89,1742510722.7891912
5,118.413,1742510722.7891912
6,117.505,1742510722.7891912
7,123.387,1742510722.7891912
0,120.876,1742510722.8394413
1,119.157,1742510722.8394413
2,121.062,1742510722.8394413
3,120.038,1742510722.8394413
4,118.89,1742510722.8394413
5,118.413,1742510722.8394413
6,118.028,1742510722.8394413
7,123.387,1742510722.8394413
0,120.748,1742510722.8895757
1,119.157,1742510722.8895757
2,121.062,1742510722.8895757
3,120.038,1742510722.8895757
4,119.589,1742510722.8895757
5,119.266,1742510722.8895757
6,118.028,1742510722.8895757
7,123.909,1742510722.8895757
0,120.748,1742510722.93993
1,121.09,1742510722.93993
2,122.661,1742510722.93993
3,123.513,1742510722.93993
4,119.589,1742510722.93993
5,119.266,1742510722.93993
6,120.51,1742510722.93993
7,123.909,1742510722.93993
0,126.696,1742510722.9900682
1,121.09,1742510722.9900682
2,122.661,1742510722.9900682
3,123.513,1742510722.9900682
4,124.476,1742510722.9900682
5,126.971,1742510722.9900682
6,120.51,1742510722.9900682
7,131.873,1742510722.9900682
0,126.696,1742510723.0402167
1,129.537,1742510723.0402167
2,129.876,1742510723.0402167
3,130.893,1742510723.0402167
4,124.476,1742510723.0402167
5,126.971,1742510723.0402167
6,127.866,1742510723.0402167
7,131.873,1742510723.0402167
0,132.735,1742510723.0903316
1,129.537,1742510723.0903316
2,129.876,1742510723.0903316
3,130.893,1742510723.0903316
4,131.412,1742510723.0903316
5,131.41,1742510723.0903316
6,127.866,1742510723.0903316
7,136.768,1742510723.0903316
0,132.735,1742510723.140448
1,130.913,1742510723.140448
2,133.447,1742510723.140448
3,132.665,1742510723.140448
4,131.412,1742510723.140448
5,131.41,1742510723.140448
6,131.595,1742510723.140448
7,136.768,1742510723.140448
0,136.491,1742510723.1905582
1,130.913,1742510723.1905582
2,133.447,1742510723.1905582
3,132.665,1742510723.1905582
4,133.525,1742510723.1905582
5,137.081,1742510723.1905582
6,131.595,1742510723.1905582
7,141.646,1742510723.1905582
0,136.491,1742510723.240669
1,143.323,1742510723.240669
2,140.674,1742510723.240669
3,145.146,1742510723.240669
4,133.525,1742510723.240669
5,137.081,1742510723.240669
6,141.344,1742510723.240669
7,141.646,1742510723.240669
0,151.072,1742510723.2907808
1,143.323,1742510723.2907808
2,140.674,1742510723.2907808
3,145.146,1742510723.2907808
4,147.366,1742510723.2907808
5,156.246,1742510723.2907808
6,141.344,1742510723.2907808
7,141.646,1742510723.2907808
0,151.072,1742510723.340887
1,161.384,1742510723.340887
2,158.111,1742510723.340887
3,145.146,1742510723.340887
4,147.366,1742510723.340887
5,156.246,1742510723.340887
6,157.943,1742510723.340887
7,160.966,1742510723.340887
0,165.237,1742510723.3909924
1,161.384,1742510723.3909924
2,158.111,1742510723.3909924
3,163.705,1742510723.3909924
4,163.431,1742510723.3909924
5,171.122,1742510723.3909924
6,157.943,1742510723.3909924
7,160.966,1742510723.3909924
0,165.237,1742510723.441114
1,176.385,1742510723.441114
2,172.06,1742510723.441114
3,163.705,1742510723.441114
4,163.431,1742510723.441114
5,171.122,1742510723.441114
6,172.443,1742510723.441114
7,176.04,1742510723.441114
0,185.462,1742510723.491239
1,176.385,1742510723.491239
2,172.06,1742510723.491239
3,182.512,1742510723.491239
4,181.937,1742510723.491239
5,191.72,1742510723.491239
6,172.443,1742510723.491239
7,176.04,1742510723.491239
0,185.462,1742510723.5413706
1,195.216,1742510723.5413706
2,193.006,1742510723.5413706
3,182.512,1742510723.5413706
4,181.937,1742510723.5413706
5,191.72,1742510723.5413706
6,196.381,1742510723.5413706
7,196.435,1742510723.5413706
0,201.414,1742510723.591493
1,195.216,1742510723.591493
2,193.006,1742510723.591493
3,203.198,1742510723.591493
4,202.701,1742510723.591493
5,210.517,1742510723.591493
6,196.381,1742510723.591493
7,196.435,1742510723.591493
0,201.414,1742510723.6416495
1,215.735,1742510723.6416495
2,211.546,1742510723.6416495
3,203.198,1742510723.6416495
4,202.701,1742510723.6416495
5,210.517,1742510723.6416495
6,214.845,1742510723.6416495
7,217.652,1742510723.6416495
0,218.132,1742510723.6917772
1,215.735,1742510723.6917772
2,211.546,1742510723.6917772
3,218.481,1742510723.6917772
4,218.128,1742510723.6917772
5,220.207,1742510723.6917772
6,214.845,1742510723.6917772
7,217.652,1742510723.6917772
0,218.132,1742510723.7419107
1,217.327,1742510723.7419107
2,219.478,1742510723.7419107
3,218.481,1742510723.7419107
4,218.128,1742510723.7419107
5,220.207,1742510723.7419107
6,215.836,1742510723.7419107
7,225.734,1742510723.7419107
0,220.278,1742510723.7920399
1,217.327,1742510723.7920399
2,219.478,1742510723.7920399
3,217.961,1742510723.7920399
4,216.658,1742510723.7920399
5,220.207,1742510723.7920399
6,215.836,1742510723.7920399
7,225.734,1742510723.7920399
0,220.278,1742510723.8421707
1,221.801,1742510723.8421707
2,219.392,1742510723.8421707
3,217.961,1742510723.8421707
4,216.658,1742510723.8421707
5,222.045,1742510723.8421707
6,215.836,1742510723.8421707
7,228.451,1742510723.8421707
0,226.239,1742510723.8923023
1,221.801,1742510723.8923023
2,219.392,1742510723.8923023
3,220.588,1742510723.8923023
4,221.226,1742510723.8923023
5,225.894,1742510723.8923023
6,216.543,1742510723.8923023
7,228.451,1742510723.8923023
0,226.239,1742510723.942439
1,220.147,1742510723.942439
2,219.343,1742510723.942439
3,220.588,1742510723.942439
4,221.226,1742510723.942439
5,225.894,1742510723.942439
6,214.1,1742510723.942439
7,230.777,1742510723.942439
0,226.014,1742510723.9925773
1,220.147,1742510723.9925773
2,219.343,1742510723.9925773
3,215.681,1742510723.9925773
4,215.857,1742510723.9925773
5,225.894,1742510723.9925773
6,214.1,1742510723.9925773
7,230.777,1742510723.9925773
0,226.014,1742510724.0427089
1,219.82,1742510724.0427089
2,219.519,1742510724.0427089
3,215.681,1742510724.0427089
4,215.857,1742510724.0427089
5,221.792,1742510724.0427089
6,214.1,1742510724.0427089
7,228.04,1742510724.0427089
0,226.149,1742510724.0927994
1,219.82,1742510724.0927994
2,219.519,1742510724.0927994
3,221.362,1742510724.0927994
4,222.337,1742510724.0927994
5,221.792,1742510724.0927994
6,218.187,1742510724.0927994
7,228.04,1742510724.0927994
0,226.149,1742510724.1429045
1,238.097,1742510724.1429045
2,232.608,1742510724.1429045
3,221.362,1742510724.1429045
4,222.337,1742510724.1429045
5,234.029,1742510724.1429045
6,218.187,1742510724.1429045
7,243.646,1742510724.1429045
0,245.253,1742510724.1930466
1,238.097,1742510724.1930466
2,232.608,1742510724.1930466
3,240.576,1742510724.1930466
4,246.309,1742510724.1930466
5,234.029,1742510724.1930466
6,238.679,1742510724.1930466
7,243.646,1742510724.1930466
0,245.253,1742510724.2431836
1,250.165,1742510724.2431836
2,249.247,1742510724.2431836
3,240.576,1742510724.2431836
4,246.309,1742510724.2431836
5,254.11,1742510724.2431836
6,238.679,1742510724.2431836
7,258.696,1742510724.2431836
0,254.091,1742510724.293331
1,250.165,1742510724.293331
2,249.247,1742510724.293331
3,251.638,1742510724.293331
4,253.914,1742510724.293331
5,254.11,1742510724.293331
6,248.991,1742510724.293331
7,258.696,1742510724.293331
0,254.091,1742510724.3434386
1,256.915,1742510724.3434386
2,255.85,1742510724.3434386
3,251.638,1742510724.3434386
4,253.914,1742510724.3434386
5,260.887,1742510724.3434386
6,248.991,1742510724.3434386
7,264.461,1742510724.3434386
0,263.45,1742510724.3935826
1,256.915,1742510724.3935826
2,255.85,1742510724.3935826
3,260.026,1742510724.3935826
4,261.171,1742510724.3935826
5,260.887,1742510724.3935826
6,257.368,1742510724.3935826
7,264.461,1742510724.3935826
0,263.45,1742510724.4436927
1,266.296,1742510724.4436927
2,265.244,1742510724.4436927
3,260.026,1742510724.4436927
4,261.171,1742510724.4436927
5,269.09,1742510724.4436927
6,257.368,1742510724.4436927
7,272.933,1742510724.4436927
0,265.908,1742510724.4937878
1,266.296,1742510724.4937878
2,265.244,1742510724.4937878
3,266.613,1742510724.4937878
4,263.548,1742510724.4937878
5,269.09,1742510724.4937878
6,262.566,1742510724.4937878
7,272.933,1742510724.4937878
0,265.908,1742510724.5438683
1,270.941,1742510724.5438683
2,270.206,1742510724.5438683
3,266.613,1742510724.5438683
4,263.548,1742510724.5438683
5,272.994,1742510724.5438683
6,262.566,1742510724.5438683
7,278.592,1742510724.5438683
0,270.734,1742510724.5939658
1,270.941,1742510724.5939658
2,270.206,1742510724.5939658
3,270.871,1742510724.5939658
4,266.291,1742510724.5939658
5,272.994,1742510724.5939658
6,266.587,1742510724.5939658
7,278.592,1742510724.5939658
0,270.734,1742510724.6440911
1,273.862,1742510724.6440911
2,274.262,1742510724.6440911
3,270.871,1742510724.6440911
4,266.291,1742510724.6440911
5,276.637,1742510724.6440911
6,266.587,1742510724.6440911
7,282.163,1742510724.6440911
0,277.559,1742510724.6941957
1,273.862,1742510724.6941957
2,274.262,1742510724.6941957
3,275.383,1742510724.6941957
4,275.722,1742510724.6941957
5,276.637,1742510724.6941957
6,274.616,1742510724.6941957
7,282.163,1742510724.6941957
0,277.559,1742510724.7443175
1,295.609,1742510724.7443175
2,295.137,1742510724.7443175
3,275.383,1742510724.7443175
4,275.722,1742510724.7443175
5,295.324,1742510724.7443175
6,274.616,1742510724.7443175
7,300.229,1742510724.7443175
0,306.648,1742510724.7944276
1,295.609,1742510724.7944276
2,295.137,1742510724.7944276
3,301.507,1742510724.7944276
4,299.694,1742510724.7944276
5,295.324,1742510724.7944276
6,298.006,1742510724.7944276
7,300.229,1742510724.7944276
0,306.648,1742510724.8445573
1,313.635,1742510724.8445573
2,317.679,1742510724.8445573
3,301.507,1742510724.8445573
4,299.694,1742510724.8445573
5,318.19,1742510724.8445573
6,298.006,1742510724.8445573
7,323.803,1742510724.8445573
