GPU_ID,Power_Usage_W,Timestamp
0,70.768,1742887875.7113955
1,69.504,1742887875.7113955
2,71.952,1742887875.7113955
3,69.842,1742887875.7113955
4,70.581,1742887875.7113955
5,69.836,1742887875.7113955
6,68.575,1742887875.7113955
7,72.015,1742887875.7113955
0,70.768,1742887875.8114789
1,69.478,1742887875.8114789
2,71.952,1742887875.8114789
3,69.829,1742887875.8114789
4,70.581,1742887875.8114789
5,69.836,1742887875.8114789
6,68.582,1742887875.8114789
7,72.015,1742887875.8114789
0,70.754,1742887875.911587
1,69.498,1742887875.911587
2,71.965,1742887875.911587
3,69.838,1742887875.911587
4,70.592,1742887875.911587
5,69.806,1742887875.911587
6,68.581,1742887875.911587
7,72.016,1742887875.911587
0,70.748,1742887876.0117254
1,69.473,1742887876.0117254
2,71.979,1742887876.0117254
3,69.845,1742887876.0117254
4,70.592,1742887876.0117254
5,69.842,1742887876.0117254
6,68.595,1742887876.0117254
7,72.009,1742887876.0117254
0,70.741,1742887876.1118586
1,69.506,1742887876.1118586
2,71.965,1742887876.1118586
3,69.825,1742887876.1118586
4,70.581,1742887876.1118586
5,69.824,1742887876.1118586
6,68.607,1742887876.1118586
7,71.996,1742887876.1118586
0,70.748,1742887876.2119894
1,69.499,1742887876.2119894
2,71.965,1742887876.2119894
3,69.831,1742887876.2119894
4,70.569,1742887876.2119894
5,69.853,1742887876.2119894
6,68.627,1742887876.2119894
7,71.993,1742887876.2119894
0,70.748,1742887876.312126
1,69.525,1742887876.312126
2,71.965,1742887876.312126
3,69.831,1742887876.312126
4,70.591,1742887876.312126
5,69.84,1742887876.312126
6,68.627,1742887876.312126
7,71.972,1742887876.312126
0,70.739,1742887876.412263
1,69.499,1742887876.412263
2,71.972,1742887876.412263
3,69.823,1742887876.412263
4,70.602,1742887876.412263
5,69.832,1742887876.412263
6,68.633,1742887876.412263
7,71.966,1742887876.412263
0,70.74,1742887876.512395
1,69.561,1742887876.512395
2,71.985,1742887876.512395
3,69.838,1742887876.512395
4,70.628,1742887876.512395
5,69.81,1742887876.512395
6,68.614,1742887876.512395
7,71.973,1742887876.512395
0,70.745,1742887876.6125312
1,69.527,1742887876.6125312
2,71.997,1742887876.6125312
3,69.832,1742887876.6125312
4,70.611,1742887876.6125312
5,69.777,1742887876.6125312
6,68.614,1742887876.6125312
7,71.972,1742887876.6125312
0,70.745,1742887876.712775
1,69.561,1742887876.712775
2,72.003,1742887876.712775
3,69.826,1742887876.712775
4,70.62,1742887876.712775
5,69.812,1742887876.712775
6,68.6,1742887876.712775
7,71.979,1742887876.712775
0,70.739,1742887876.812907
1,69.534,1742887876.812907
2,71.991,1742887876.812907
3,69.812,1742887876.812907
4,70.621,1742887876.812907
5,69.798,1742887876.812907
6,68.593,1742887876.812907
7,71.972,1742887876.812907
0,70.754,1742887876.9130392
1,69.568,1742887876.9130392
2,71.991,1742887876.9130392
3,69.803,1742887876.9130392
4,70.629,1742887876.9130392
5,69.803,1742887876.9130392
6,68.593,1742887876.9130392
7,71.993,1742887876.9130392
0,70.759,1742887877.0131745
1,69.526,1742887877.0131745
2,71.977,1742887877.0131745
3,69.783,1742887877.0131745
4,70.634,1742887877.0131745
5,69.783,1742887877.0131745
6,68.594,1742887877.0131745
7,71.987,1742887877.0131745
0,70.759,1742887877.1133132
1,69.554,1742887877.1133132
2,71.984,1742887877.1133132
3,69.811,1742887877.1133132
4,70.653,1742887877.1133132
5,69.771,1742887877.1133132
6,68.579,1742887877.1133132
7,71.996,1742887877.1133132
0,70.752,1742887877.213443
1,69.523,1742887877.213443
2,71.984,1742887877.213443
3,69.789,1742887877.213443
4,70.657,1742887877.213443
5,69.765,1742887877.213443
6,68.574,1742887877.213443
7,72.002,1742887877.213443
0,70.747,1742887877.313578
1,69.526,1742887877.313578
2,71.991,1742887877.313578
3,69.784,1742887877.313578
4,70.651,1742887877.313578
5,69.757,1742887877.313578
6,68.58,1742887877.313578
7,71.996,1742887877.313578
0,70.747,1742887877.4137313
1,69.503,1742887877.4137313
2,71.978,1742887877.4137313
3,69.804,1742887877.4137313
4,70.652,1742887877.4137313
5,69.788,1742887877.4137313
6,68.56,1742887877.4137313
7,72.005,1742887877.4137313
0,70.747,1742887877.5138657
1,69.532,1742887877.5138657
2,71.978,1742887877.5138657
3,69.785,1742887877.5138657
4,70.625,1742887877.5138657
5,69.793,1742887877.5138657
6,68.56,1742887877.5138657
7,72.003,1742887877.5138657
0,70.74,1742887877.6140933
1,69.492,1742887877.6140933
2,71.985,1742887877.6140933
3,69.791,1742887877.6140933
4,70.63,1742887877.6140933
5,69.811,1742887877.6140933
6,68.568,1742887877.6140933
7,72.016,1742887877.6140933
0,70.741,1742887877.7142222
1,69.524,1742887877.7142222
2,71.965,1742887877.7142222
3,69.79,1742887877.7142222
4,70.635,1742887877.7142222
5,69.797,1742887877.7142222
6,68.587,1742887877.7142222
7,72.005,1742887877.7142222
0,70.752,1742887877.8143528
1,69.497,1742887877.8143528
2,71.972,1742887877.8143528
3,69.791,1742887877.8143528
4,70.633,1742887877.8143528
5,69.811,1742887877.8143528
6,68.606,1742887877.8143528
7,72.017,1742887877.8143528
0,70.741,1742887877.9144886
1,69.51,1742887877.9144886
2,71.966,1742887877.9144886
3,69.789,1742887877.9144886
4,70.626,1742887877.9144886
5,69.818,1742887877.9144886
6,68.606,1742887877.9144886
7,72.011,1742887877.9144886
0,70.739,1742887878.0146196
1,69.479,1742887878.0146196
2,71.952,1742887878.0146196
3,69.805,1742887878.0146196
4,70.62,1742887878.0146196
5,69.815,1742887878.0146196
6,68.62,1742887878.0146196
7,72.012,1742887878.0146196
0,70.734,1742887878.1147547
1,69.521,1742887878.1147547
2,71.959,1742887878.1147547
3,69.805,1742887878.1147547
4,70.608,1742887878.1147547
5,69.832,1742887878.1147547
6,68.62,1742887878.1147547
7,72.016,1742887878.1147547
0,70.747,1742887878.2149155
1,69.504,1742887878.2149155
2,71.952,1742887878.2149155
3,69.797,1742887878.2149155
4,70.582,1742887878.2149155
5,69.81,1742887878.2149155
6,68.613,1742887878.2149155
7,71.998,1742887878.2149155
0,70.753,1742887878.3150513
1,69.518,1742887878.3150513
2,71.945,1742887878.3150513
3,69.805,1742887878.3150513
4,70.573,1742887878.3150513
5,69.823,1742887878.3150513
6,68.6,1742887878.3150513
7,72.011,1742887878.3150513
0,70.734,1742887878.4152234
1,69.518,1742887878.4152234
2,71.939,1742887878.4152234
3,69.815,1742887878.4152234
4,70.572,1742887878.4152234
5,69.813,1742887878.4152234
6,68.594,1742887878.4152234
7,72.011,1742887878.4152234
0,70.734,1742887878.5153542
1,69.479,1742887878.5153542
2,71.932,1742887878.5153542
3,69.802,1742887878.5153542
4,70.572,1742887878.5153542
5,69.833,1742887878.5153542
6,68.606,1742887878.5153542
7,71.997,1742887878.5153542
0,70.733,1742887878.615521
1,69.497,1742887878.615521
2,71.919,1742887878.615521
3,69.815,1742887878.615521
4,70.553,1742887878.615521
5,69.826,1742887878.615521
6,68.626,1742887878.615521
7,72.01,1742887878.615521
0,70.726,1742887878.7156546
1,69.472,1742887878.7156546
2,71.913,1742887878.7156546
3,69.822,1742887878.7156546
4,70.528,1742887878.7156546
5,69.806,1742887878.7156546
6,68.613,1742887878.7156546
7,72.004,1742887878.7156546
0,70.72,1742887878.8157947
1,69.5,1742887878.8157947
2,71.921,1742887878.8157947
3,69.822,1742887878.8157947
4,70.534,1742887878.8157947
5,69.828,1742887878.8157947
6,68.606,1742887878.8157947
7,72.015,1742887878.8157947
0,70.726,1742887878.9159317
1,69.492,1742887878.9159317
2,71.921,1742887878.9159317
3,69.822,1742887878.9159317
4,70.526,1742887878.9159317
5,69.795,1742887878.9159317
6,68.619,1742887878.9159317
7,72.011,1742887878.9159317
0,70.727,1742887879.0160692
1,69.52,1742887879.0160692
2,71.915,1742887879.0160692
3,69.829,1742887879.0160692
4,70.514,1742887879.0160692
5,69.814,1742887879.0160692
6,68.6,1742887879.0160692
7,72.016,1742887879.0160692
0,70.727,1742887879.1162007
1,69.51,1742887879.1162007
2,71.908,1742887879.1162007
3,69.822,1742887879.1162007
4,70.512,1742887879.1162007
5,69.806,1742887879.1162007
6,68.6,1742887879.1162007
7,72.009,1742887879.1162007
0,70.727,1742887879.216333
1,69.526,1742887879.216333
2,71.9,1742887879.216333
3,69.835,1742887879.216333
4,70.528,1742887879.216333
5,69.821,1742887879.216333
6,68.593,1742887879.216333
7,72.004,1742887879.216333
0,70.739,1742887879.3164759
1,69.51,1742887879.3164759
2,71.901,1742887879.3164759
3,69.837,1742887879.3164759
4,70.537,1742887879.3164759
5,69.813,1742887879.3164759
6,68.619,1742887879.3164759
7,72.012,1742887879.3164759
0,70.754,1742887879.4166102
1,69.52,1742887879.4166102
2,71.895,1742887879.4166102
3,69.85,1742887879.4166102
4,70.538,1742887879.4166102
5,69.801,1742887879.4166102
6,68.639,1742887879.4166102
7,72.018,1742887879.4166102
0,70.747,1742887879.5167425
1,69.492,1742887879.5167425
2,71.908,1742887879.5167425
3,69.846,1742887879.5167425
4,70.544,1742887879.5167425
5,69.797,1742887879.5167425
6,68.633,1742887879.5167425
7,72.023,1742887879.5167425
0,70.753,1742887879.6168785
1,69.513,1742887879.6168785
2,71.907,1742887879.6168785
3,69.833,1742887879.6168785
4,70.543,1742887879.6168785
5,69.777,1742887879.6168785
6,68.633,1742887879.6168785
7,72.018,1742887879.6168785
0,70.753,1742887879.7170153
1,69.486,1742887879.7170153
2,71.921,1742887879.7170153
3,69.818,1742887879.7170153
4,70.556,1742887879.7170153
5,69.803,1742887879.7170153
6,68.62,1742887879.7170153
7,72.005,1742887879.7170153
0,70.753,1742887879.817155
1,69.52,1742887879.817155
2,71.9,1742887879.817155
3,69.826,1742887879.817155
4,70.564,1742887879.817155
5,69.798,1742887879.817155
6,68.614,1742887879.817155
7,71.998,1742887879.817155
0,70.753,1742887879.9172988
1,69.499,1742887879.9172988
2,71.9,1742887879.9172988
3,69.837,1742887879.9172988
4,70.58,1742887879.9172988
5,69.817,1742887879.9172988
6,68.607,1742887879.9172988
7,71.984,1742887879.9172988
0,70.747,1742887880.0174549
1,69.487,1742887880.0174549
2,71.895,1742887880.0174549
3,69.83,1742887880.0174549
4,70.596,1742887880.0174549
5,69.816,1742887880.0174549
6,68.601,1742887880.0174549
7,71.985,1742887880.0174549
0,70.734,1742887880.1175914
1,69.478,1742887880.1175914
2,71.907,1742887880.1175914
3,69.836,1742887880.1175914
4,70.603,1742887880.1175914
5,69.817,1742887880.1175914
6,68.62,1742887880.1175914
7,71.991,1742887880.1175914
0,70.721,1742887880.2177255
1,69.492,1742887880.2177255
2,71.914,1742887880.2177255
3,69.829,1742887880.2177255
4,70.607,1742887880.2177255
5,69.795,1742887880.2177255
6,68.633,1742887880.2177255
7,72.011,1742887880.2177255
0,70.721,1742887880.3178563
1,69.472,1742887880.3178563
2,71.926,1742887880.3178563
3,69.828,1742887880.3178563
4,70.599,1742887880.3178563
5,69.782,1742887880.3178563
6,68.62,1742887880.3178563
7,72.016,1742887880.3178563
0,70.72,1742887880.4179828
1,69.514,1742887880.4179828
2,71.926,1742887880.4179828
3,69.843,1742887880.4179828
4,70.608,1742887880.4179828
5,69.818,1742887880.4179828
6,68.607,1742887880.4179828
7,72.007,1742887880.4179828
0,70.72,1742887880.5181193
1,69.493,1742887880.5181193
2,71.915,1742887880.5181193
3,69.832,1742887880.5181193
4,70.617,1742887880.5181193
5,69.804,1742887880.5181193
6,68.601,1742887880.5181193
7,72.006,1742887880.5181193
0,70.727,1742887880.618256
1,69.501,1742887880.618256
2,71.921,1742887880.618256
3,69.848,1742887880.618256
4,70.639,1742887880.618256
5,69.806,1742887880.618256
6,68.594,1742887880.618256
7,71.986,1742887880.618256
0,70.727,1742887880.7183943
1,69.481,1742887880.7183943
2,71.921,1742887880.7183943
3,69.847,1742887880.7183943
4,70.658,1742887880.7183943
5,69.784,1742887880.7183943
6,68.594,1742887880.7183943
7,71.984,1742887880.7183943
0,70.733,1742887880.818566
1,69.494,1742887880.818566
2,71.926,1742887880.818566
3,69.834,1742887880.818566
4,70.656,1742887880.818566
5,69.778,1742887880.818566
6,68.594,1742887880.818566
7,71.979,1742887880.818566
0,70.734,1742887880.918663
1,69.493,1742887880.918663
2,71.94,1742887880.918663
3,69.819,1742887880.918663
4,70.653,1742887880.918663
5,69.784,1742887880.918663
6,68.607,1742887880.918663
7,71.984,1742887880.918663
0,70.739,1742887881.0188007
1,69.513,1742887881.0188007
2,71.959,1742887881.0188007
3,69.818,1742887881.0188007
4,70.646,1742887881.0188007
5,69.763,1742887881.0188007
6,68.626,1742887881.0188007
7,71.978,1742887881.0188007
0,70.753,1742887881.1189394
1,69.513,1742887881.1189394
2,71.953,1742887881.1189394
3,69.819,1742887881.1189394
4,70.645,1742887881.1189394
5,69.79,1742887881.1189394
6,68.607,1742887881.1189394
7,71.985,1742887881.1189394
0,70.752,1742887881.2190802
1,69.525,1742887881.2190802
2,71.94,1742887881.2190802
3,69.812,1742887881.2190802
4,70.628,1742887881.2190802
5,69.779,1742887881.2190802
6,68.58,1742887881.2190802
7,71.965,1742887881.2190802
0,70.754,1742887881.319209
1,69.539,1742887881.319209
2,71.953,1742887881.319209
3,69.815,1742887881.319209
4,70.633,1742887881.319209
5,69.79,1742887881.319209
6,68.58,1742887881.319209
7,71.96,1742887881.319209
0,70.74,1742887881.419345
1,69.513,1742887881.419345
2,71.973,1742887881.419345
3,69.799,1742887881.419345
4,70.63,1742887881.419345
5,69.783,1742887881.419345
6,68.574,1742887881.419345
7,71.955,1742887881.419345
0,70.74,1742887881.5194864
1,69.529,1742887881.5194864
2,71.979,1742887881.5194864
3,69.795,1742887881.5194864
4,70.62,1742887881.5194864
5,69.785,1742887881.5194864
6,68.576,1742887881.5194864
7,71.966,1742887881.5194864
0,70.74,1742887881.6196146
1,69.542,1742887881.6196146
2,71.993,1742887881.6196146
3,69.779,1742887881.6196146
4,70.618,1742887881.6196146
5,69.796,1742887881.6196146
6,68.582,1742887881.6196146
7,71.984,1742887881.6196146
0,70.747,1742887881.7197526
1,69.542,1742887881.7197526
2,71.999,1742887881.7197526
3,69.78,1742887881.7197526
4,70.612,1742887881.7197526
5,69.801,1742887881.7197526
6,68.601,1742887881.7197526
7,71.991,1742887881.7197526
0,70.753,1742887881.8199804
1,69.549,1742887881.8199804
2,72.005,1742887881.8199804
3,69.78,1742887881.8199804
4,70.607,1742887881.8199804
5,69.811,1742887881.8199804
6,68.601,1742887881.8199804
7,71.996,1742887881.8199804
0,70.753,1742887881.920119
1,69.543,1742887881.920119
2,72.012,1742887881.920119
3,69.821,1742887881.920119
4,70.608,1742887881.920119
5,69.811,1742887881.920119
6,68.588,1742887881.920119
7,71.997,1742887881.920119
0,70.754,1742887882.020261
1,69.53,1742887882.020261
2,71.999,1742887882.020261
3,69.822,1742887882.020261
4,70.613,1742887882.020261
5,69.793,1742887882.020261
6,68.556,1742887882.020261
7,71.995,1742887882.020261
0,70.754,1742887882.1204238
1,69.539,1742887882.1204238
2,71.999,1742887882.1204238
3,69.815,1742887882.1204238
4,70.592,1742887882.1204238
5,69.797,1742887882.1204238
6,68.562,1742887882.1204238
7,72.003,1742887882.1204238
0,70.772,1742887882.2205534
1,69.505,1742887882.2205534
2,72.005,1742887882.2205534
3,69.82,1742887882.2205534
4,70.604,1742887882.2205534
5,69.797,1742887882.2205534
6,68.563,1742887882.2205534
7,72.007,1742887882.2205534
0,70.771,1742887882.3206918
1,69.52,1742887882.3206918
2,72.005,1742887882.3206918
3,69.82,1742887882.3206918
4,70.585,1742887882.3206918
5,69.826,1742887882.3206918
6,68.567,1742887882.3206918
7,72.023,1742887882.3206918
0,70.78,1742887882.4208288
1,69.526,1742887882.4208288
2,71.985,1742887882.4208288
3,69.828,1742887882.4208288
4,70.58,1742887882.4208288
5,69.846,1742887882.4208288
6,68.567,1742887882.4208288
7,72.031,1742887882.4208288
0,70.771,1742887882.5209625
1,69.527,1742887882.5209625
2,71.978,1742887882.5209625
3,69.85,1742887882.5209625
4,70.611,1742887882.5209625
5,69.826,1742887882.5209625
6,68.573,1742887882.5209625
7,72.027,1742887882.5209625
0,70.765,1742887882.6211
1,69.513,1742887882.6211
2,71.965,1742887882.6211
3,69.842,1742887882.6211
4,70.59,1742887882.6211
5,69.84,1742887882.6211
6,68.573,1742887882.6211
7,72.033,1742887882.6211
0,70.759,1742887882.7212367
1,69.527,1742887882.7212367
2,71.959,1742887882.7212367
3,69.844,1742887882.7212367
4,70.569,1742887882.7212367
5,69.808,1742887882.7212367
6,68.561,1742887882.7212367
7,72.038,1742887882.7212367
0,70.747,1742887882.8213704
1,69.506,1742887882.8213704
2,71.953,1742887882.8213704
3,69.862,1742887882.8213704
4,70.561,1742887882.8213704
5,69.827,1742887882.8213704
6,68.56,1742887882.8213704
7,72.035,1742887882.8213704
0,70.747,1742887882.9215047
1,69.528,1742887882.9215047
2,71.946,1742887882.9215047
3,69.838,1742887882.9215047
4,70.562,1742887882.9215047
5,69.825,1742887882.9215047
6,68.574,1742887882.9215047
7,72.038,1742887882.9215047
0,70.754,1742887883.0216367
1,69.498,1742887883.0216367
2,71.966,1742887883.0216367
3,69.843,1742887883.0216367
4,70.565,1742887883.0216367
5,69.835,1742887883.0216367
6,68.6,1742887883.0216367
7,72.035,1742887883.0216367
0,70.741,1742887883.1217716
1,69.529,1742887883.1217716
2,71.959,1742887883.1217716
3,69.853,1742887883.1217716
4,70.574,1742887883.1217716
5,69.835,1742887883.1217716
6,68.594,1742887883.1217716
7,72.023,1742887883.1217716
0,70.728,1742887883.2219076
1,69.523,1742887883.2219076
2,71.966,1742887883.2219076
3,69.839,1742887883.2219076
4,70.597,1742887883.2219076
5,69.809,1742887883.2219076
6,68.614,1742887883.2219076
7,72.017,1742887883.2219076
0,70.721,1742887883.3220522
1,69.532,1742887883.3220522
2,71.952,1742887883.3220522
3,69.843,1742887883.3220522
4,70.596,1742887883.3220522
5,69.781,1742887883.3220522
6,68.614,1742887883.3220522
7,72.003,1742887883.3220522
0,70.727,1742887883.4221845
1,69.516,1742887883.4221845
2,71.966,1742887883.4221845
3,69.85,1742887883.4221845
4,70.621,1742887883.4221845
5,69.755,1742887883.4221845
6,68.608,1742887883.4221845
7,71.99,1742887883.4221845
0,70.727,1742887883.522318
1,69.51,1742887883.522318
2,71.972,1742887883.522318
3,69.828,1742887883.522318
4,70.612,1742887883.522318
5,69.766,1742887883.522318
6,68.614,1742887883.522318
7,71.991,1742887883.522318
0,70.741,1742887883.62245
1,69.497,1742887883.62245
2,71.985,1742887883.62245
3,69.822,1742887883.62245
4,70.634,1742887883.62245
5,69.782,1742887883.62245
6,68.621,1742887883.62245
7,71.986,1742887883.62245
0,70.727,1742887883.722577
1,69.504,1742887883.722577
2,71.972,1742887883.722577
3,69.816,1742887883.722577
4,70.636,1742887883.722577
5,69.81,1742887883.722577
6,68.607,1742887883.722577
7,71.983,1742887883.722577
0,70.713,1742887883.8227098
1,69.503,1742887883.8227098
2,71.978,1742887883.8227098
3,69.817,1742887883.8227098
4,70.639,1742887883.8227098
5,69.793,1742887883.8227098
6,68.608,1742887883.8227098
7,71.978,1742887883.8227098
0,70.713,1742887883.9228432
1,69.523,1742887883.9228432
2,71.965,1742887883.9228432
3,69.814,1742887883.9228432
4,70.65,1742887883.9228432
5,69.777,1742887883.9228432
6,68.595,1742887883.9228432
7,71.972,1742887883.9228432
0,70.714,1742887884.022983
1,69.505,1742887884.022983
2,71.965,1742887884.022983
3,69.824,1742887884.022983
4,70.668,1742887884.022983
5,69.788,1742887884.022983
6,68.581,1742887884.022983
7,71.971,1742887884.022983
0,70.72,1742887884.1231153
1,69.517,1742887884.1231153
2,71.979,1742887884.1231153
3,69.801,1742887884.1231153
4,70.665,1742887884.1231153
5,69.762,1742887884.1231153
6,68.581,1742887884.1231153
7,71.989,1742887884.1231153
0,70.733,1742887884.2232528
1,69.486,1742887884.2232528
2,71.978,1742887884.2232528
3,69.815,1742887884.2232528
4,70.643,1742887884.2232528
5,69.81,1742887884.2232528
6,68.581,1742887884.2232528
7,71.988,1742887884.2232528
0,70.733,1742887884.3233848
1,69.505,1742887884.3233848
2,71.979,1742887884.3233848
3,69.809,1742887884.3233848
4,70.651,1742887884.3233848
5,69.797,1742887884.3233848
6,68.588,1742887884.3233848
7,71.973,1742887884.3233848
0,70.733,1742887884.4235182
1,69.506,1742887884.4235182
2,71.972,1742887884.4235182
3,69.789,1742887884.4235182
4,70.613,1742887884.4235182
5,69.812,1742887884.4235182
6,68.581,1742887884.4235182
7,71.967,1742887884.4235182
0,70.739,1742887884.5236518
1,69.535,1742887884.5236518
2,71.972,1742887884.5236518
3,69.802,1742887884.5236518
4,70.618,1742887884.5236518
5,69.805,1742887884.5236518
6,68.563,1742887884.5236518
7,71.965,1742887884.5236518
0,70.734,1742887884.6237915
1,69.493,1742887884.6237915
2,71.972,1742887884.6237915
3,69.801,1742887884.6237915
4,70.609,1742887884.6237915
5,69.792,1742887884.6237915
6,68.554,1742887884.6237915
7,71.986,1742887884.6237915
0,70.76,1742887884.7239637
1,69.54,1742887884.7239637
2,71.965,1742887884.7239637
3,69.814,1742887884.7239637
4,70.607,1742887884.7239637
5,69.79,1742887884.7239637
6,68.55,1742887884.7239637
7,71.965,1742887884.7239637
0,70.76,1742887884.8240962
1,69.473,1742887884.8240962
2,71.959,1742887884.8240962
3,69.813,1742887884.8240962
4,70.606,1742887884.8240962
5,69.77,1742887884.8240962
6,68.563,1742887884.8240962
7,71.972,1742887884.8240962
0,70.76,1742887884.9242284
1,69.494,1742887884.9242284
2,71.959,1742887884.9242284
3,69.816,1742887884.9242284
4,70.593,1742887884.9242284
5,69.812,1742887884.9242284
6,68.563,1742887884.9242284
7,71.983,1742887884.9242284
0,70.752,1742887885.0243638
1,69.46,1742887885.0243638
2,71.952,1742887885.0243638
3,69.801,1742887885.0243638
4,70.581,1742887885.0243638
5,69.785,1742887885.0243638
6,68.587,1742887885.0243638
7,71.977,1742887885.0243638
0,70.753,1742887885.124497
1,69.5,1742887885.124497
2,71.939,1742887885.124497
3,69.802,1742887885.124497
4,70.569,1742887885.124497
5,69.806,1742887885.124497
6,68.588,1742887885.124497
7,71.977,1742887885.124497
0,70.753,1742887885.2246234
1,69.486,1742887885.2246234
2,71.933,1742887885.2246234
3,69.78,1742887885.2246234
4,70.569,1742887885.2246234
5,69.788,1742887885.2246234
6,68.582,1742887885.2246234
7,71.973,1742887885.2246234
0,70.739,1742887885.3247476
1,69.511,1742887885.3247476
2,71.927,1742887885.3247476
3,69.78,1742887885.3247476
4,70.561,1742887885.3247476
5,69.788,1742887885.3247476
6,68.569,1742887885.3247476
7,71.99,1742887885.3247476
0,70.739,1742887885.42488
1,69.467,1742887885.42488
2,71.933,1742887885.42488
3,69.793,1742887885.42488
4,70.566,1742887885.42488
5,69.781,1742887885.42488
6,68.561,1742887885.42488
7,71.981,1742887885.42488
0,70.732,1742887885.525015
1,69.498,1742887885.525015
2,71.933,1742887885.525015
3,69.794,1742887885.525015
4,70.577,1742887885.525015
5,69.763,1742887885.525015
6,68.574,1742887885.525015
7,71.986,1742887885.525015
0,70.739,1742887885.6251605
1,69.465,1742887885.6251605
2,71.92,1742887885.6251605
3,69.808,1742887885.6251605
4,70.573,1742887885.6251605
5,69.782,1742887885.6251605
6,68.582,1742887885.6251605
7,71.964,1742887885.6251605
0,70.739,1742887885.7253084
1,69.501,1742887885.7253084
2,71.933,1742887885.7253084
3,69.824,1742887885.7253084
4,70.589,1742887885.7253084
5,69.778,1742887885.7253084
6,68.58,1742887885.7253084
7,71.976,1742887885.7253084
0,70.732,1742887885.825471
1,69.48,1742887885.825471
2,71.933,1742887885.825471
3,69.808,1742887885.825471
4,70.577,1742887885.825471
5,69.786,1742887885.825471
6,68.58,1742887885.825471
7,71.984,1742887885.825471
0,70.745,1742887885.9256043
1,69.514,1742887885.9256043
2,71.926,1742887885.9256043
3,69.816,1742887885.9256043
4,70.563,1742887885.9256043
5,69.776,1742887885.9256043
6,68.574,1742887885.9256043
7,71.968,1742887885.9256043
0,70.758,1742887886.0257587
1,69.473,1742887886.0257587
2,71.914,1742887886.0257587
3,69.821,1742887886.0257587
4,70.568,1742887886.0257587
5,69.779,1742887886.0257587
6,68.574,1742887886.0257587
7,71.975,1742887886.0257587
0,70.765,1742887886.1259115
1,69.493,1742887886.1259115
2,71.913,1742887886.1259115
3,69.824,1742887886.1259115
4,70.575,1742887886.1259115
5,69.786,1742887886.1259115
6,68.555,1742887886.1259115
7,71.966,1742887886.1259115
0,70.76,1742887886.226055
1,69.46,1742887886.226055
2,71.921,1742887886.226055
3,69.837,1742887886.226055
4,70.582,1742887886.226055
5,69.772,1742887886.226055
6,68.548,1742887886.226055
7,71.966,1742887886.226055
0,70.76,1742887886.326191
1,69.481,1742887886.326191
2,71.926,1742887886.326191
3,69.845,1742887886.326191
4,70.592,1742887886.326191
5,69.788,1742887886.326191
6,68.535,1742887886.326191
7,71.973,1742887886.326191
0,70.766,1742887886.4263277
1,69.472,1742887886.4263277
2,71.927,1742887886.4263277
3,69.846,1742887886.4263277
4,70.568,1742887886.4263277
5,69.774,1742887886.4263277
6,68.549,1742887886.4263277
7,71.971,1742887886.4263277
0,70.773,1742887886.5264685
1,69.487,1742887886.5264685
2,71.928,1742887886.5264685
3,69.848,1742887886.5264685
4,70.561,1742887886.5264685
5,69.798,1742887886.5264685
6,68.554,1742887886.5264685
7,71.967,1742887886.5264685
0,70.76,1742887886.6266084
1,69.472,1742887886.6266084
2,71.921,1742887886.6266084
3,69.847,1742887886.6266084
4,70.558,1742887886.6266084
5,69.79,1742887886.6266084
6,68.554,1742887886.6266084
7,71.963,1742887886.6266084
0,70.76,1742887886.7267175
1,69.479,1742887886.7267175
2,71.921,1742887886.7267175
3,69.82,1742887886.7267175
4,70.557,1742887886.7267175
5,69.804,1742887886.7267175
6,68.568,1742887886.7267175
7,71.958,1742887886.7267175
0,70.747,1742887886.8269072
1,69.465,1742887886.8269072
2,71.921,1742887886.8269072
3,69.836,1742887886.8269072
4,70.571,1742887886.8269072
5,69.8,1742887886.8269072
6,68.554,1742887886.8269072
7,71.943,1742887886.8269072
0,70.747,1742887886.9270644
1,69.465,1742887886.9270644
2,71.914,1742887886.9270644
3,69.828,1742887886.9270644
4,70.608,1742887886.9270644
5,69.78,1742887886.9270644
6,68.549,1742887886.9270644
7,71.957,1742887886.9270644
0,70.747,1742887887.0272346
1,69.472,1742887887.0272346
2,71.94,1742887887.0272346
3,69.84,1742887887.0272346
4,70.597,1742887887.0272346
5,69.784,1742887887.0272346
6,68.55,1742887887.0272346
7,71.964,1742887887.0272346
0,70.74,1742887887.1273732
1,69.484,1742887887.1273732
2,71.947,1742887887.1273732
3,69.838,1742887887.1273732
4,70.605,1742887887.1273732
5,69.771,1742887887.1273732
6,68.543,1742887887.1273732
7,71.971,1742887887.1273732
0,70.754,1742887887.2275002
1,69.485,1742887887.2275002
2,71.953,1742887887.2275002
3,69.845,1742887887.2275002
4,70.604,1742887887.2275002
5,69.811,1742887887.2275002
6,68.56,1742887887.2275002
7,71.96,1742887887.2275002
0,70.754,1742887887.3276408
1,69.485,1742887887.3276408
2,71.953,1742887887.3276408
3,69.836,1742887887.3276408
4,70.616,1742887887.3276408
5,69.807,1742887887.3276408
6,68.568,1742887887.3276408
7,71.964,1742887887.3276408
0,70.747,1742887887.4277809
1,69.499,1742887887.4277809
2,71.953,1742887887.4277809
3,69.844,1742887887.4277809
4,70.637,1742887887.4277809
5,69.812,1742887887.4277809
6,68.562,1742887887.4277809
7,71.977,1742887887.4277809
0,70.745,1742887887.5279124
1,69.473,1742887887.5279124
2,71.953,1742887887.5279124
3,69.857,1742887887.5279124
4,70.64,1742887887.5279124
5,69.792,1742887887.5279124
6,68.548,1742887887.5279124
7,71.977,1742887887.5279124
0,70.745,1742887887.6280468
1,69.5,1742887887.6280468
2,71.959,1742887887.6280468
3,69.866,1742887887.6280468
4,70.663,1742887887.6280468
5,69.766,1742887887.6280468
6,68.534,1742887887.6280468
7,71.984,1742887887.6280468
0,70.745,1742887887.7281866
1,69.479,1742887887.7281866
2,71.978,1742887887.7281866
3,69.87,1742887887.7281866
4,70.684,1742887887.7281866
5,69.799,1742887887.7281866
6,68.528,1742887887.7281866
7,71.977,1742887887.7281866
0,70.745,1742887887.8283215
1,69.501,1742887887.8283215
2,71.985,1742887887.8283215
3,69.862,1742887887.8283215
4,70.688,1742887887.8283215
5,69.778,1742887887.8283215
6,68.534,1742887887.8283215
7,71.98,1742887887.8283215
0,70.732,1742887887.928471
1,69.48,1742887887.928471
2,71.985,1742887887.928471
3,69.848,1742887887.928471
4,70.678,1742887887.928471
5,69.826,1742887887.928471
6,68.535,1742887887.928471
7,71.96,1742887887.928471
0,70.732,1742887888.028627
1,69.509,1742887888.028627
2,71.998,1742887888.028627
3,69.855,1742887888.028627
4,70.676,1742887888.028627
5,69.82,1742887888.028627
6,68.535,1742887888.028627
7,71.948,1742887888.028627
0,70.72,1742887888.128778
1,69.494,1742887888.128778
2,71.978,1742887888.128778
3,69.855,1742887888.128778
4,70.682,1742887888.128778
5,69.822,1742887888.128778
6,68.54,1742887888.128778
7,71.947,1742887888.128778
0,70.714,1742887888.228943
1,69.528,1742887888.228943
2,71.979,1742887888.228943
3,69.861,1742887888.228943
4,70.689,1742887888.228943
5,69.808,1742887888.228943
6,68.562,1742887888.228943
7,71.941,1742887888.228943
0,70.714,1742887888.3291063
1,69.493,1742887888.3291063
2,71.972,1742887888.3291063
3,69.841,1742887888.3291063
4,70.681,1742887888.3291063
5,69.794,1742887888.3291063
6,68.568,1742887888.3291063
7,71.948,1742887888.3291063
0,70.721,1742887888.4292665
1,69.514,1742887888.4292665
2,71.992,1742887888.4292665
3,69.864,1742887888.4292665
4,70.68,1742887888.4292665
5,69.809,1742887888.4292665
6,68.568,1742887888.4292665
7,71.956,1742887888.4292665
0,70.707,1742887888.5294526
1,69.493,1742887888.5294526
2,71.999,1742887888.5294526
3,69.855,1742887888.5294526
4,70.669,1742887888.5294526
5,69.789,1742887888.5294526
6,68.554,1742887888.5294526
7,71.955,1742887888.5294526
0,70.708,1742887888.6296172
1,69.507,1742887888.6296172
2,71.992,1742887888.6296172
3,69.841,1742887888.6296172
4,70.66,1742887888.6296172
5,69.816,1742887888.6296172
6,68.548,1742887888.6296172
7,71.962,1742887888.6296172
0,70.701,1742887888.7297814
1,69.493,1742887888.7297814
2,71.999,1742887888.7297814
3,69.848,1742887888.7297814
4,70.639,1742887888.7297814
5,69.789,1742887888.7297814
6,68.547,1742887888.7297814
7,71.955,1742887888.7297814
0,70.701,1742887888.8299367
1,69.521,1742887888.8299367
2,72.005,1742887888.8299367
3,69.847,1742887888.8299367
4,70.647,1742887888.8299367
5,69.809,1742887888.8299367
6,68.555,1742887888.8299367
7,71.948,1742887888.8299367
0,70.701,1742887888.9300437
1,69.52,1742887888.9300437
2,71.998,1742887888.9300437
3,69.855,1742887888.9300437
4,70.629,1742887888.9300437
5,69.794,1742887888.9300437
6,68.548,1742887888.9300437
7,71.948,1742887888.9300437
0,70.701,1742887889.030146
1,69.514,1742887889.030146
2,71.991,1742887889.030146
3,69.877,1742887889.030146
4,70.62,1742887889.030146
5,69.794,1742887889.030146
6,68.58,1742887889.030146
7,71.937,1742887889.030146
0,70.707,1742887889.130331
1,69.505,1742887889.130331
2,71.997,1742887889.130331
3,69.869,1742887889.130331
4,70.605,1742887889.130331
5,69.789,1742887889.130331
6,68.572,1742887889.130331
7,71.956,1742887889.130331
0,70.701,1742887889.230516
1,69.478,1742887889.230516
2,72.004,1742887889.230516
3,69.871,1742887889.230516
4,70.606,1742887889.230516
5,69.781,1742887889.230516
6,68.566,1742887889.230516
7,71.95,1742887889.230516
0,70.707,1742887889.3306596
1,69.491,1742887889.3306596
2,72.016,1742887889.3306596
3,69.864,1742887889.3306596
4,70.606,1742887889.3306596
5,69.812,1742887889.3306596
6,68.567,1742887889.3306596
7,71.951,1742887889.3306596
0,70.707,1742887889.430793
1,69.491,1742887889.430793
2,71.998,1742887889.430793
3,69.857,1742887889.430793
4,70.588,1742887889.430793
5,69.799,1742887889.430793
6,68.567,1742887889.430793
7,71.945,1742887889.430793
0,70.713,1742887889.5309277
1,69.514,1742887889.5309277
2,71.984,1742887889.5309277
3,69.842,1742887889.5309277
4,70.598,1742887889.5309277
5,69.812,1742887889.5309277
6,68.573,1742887889.5309277
7,71.951,1742887889.5309277
0,70.726,1742887889.6310616
1,69.518,1742887889.6310616
2,71.997,1742887889.6310616
3,69.856,1742887889.6310616
4,70.606,1742887889.6310616
5,69.817,1742887889.6310616
6,68.587,1742887889.6310616
7,71.945,1742887889.6310616
0,70.739,1742887889.7312002
1,69.526,1742887889.7312002
2,71.997,1742887889.7312002
3,69.843,1742887889.7312002
4,70.611,1742887889.7312002
5,69.812,1742887889.7312002
6,68.606,1742887889.7312002
7,71.958,1742887889.7312002
0,70.746,1742887889.8313613
1,69.524,1742887889.8313613
2,71.971,1742887889.8313613
3,69.842,1742887889.8313613
4,70.589,1742887889.8313613
5,69.826,1742887889.8313613
6,68.613,1742887889.8313613
7,71.964,1742887889.8313613
0,70.759,1742887889.9315255
1,69.526,1742887889.9315255
2,71.984,1742887889.9315255
3,69.843,1742887889.9315255
4,70.59,1742887889.9315255
5,69.806,1742887889.9315255
6,68.607,1742887889.9315255
7,71.971,1742887889.9315255
0,70.767,1742887890.0316935
1,69.516,1742887890.0316935
2,71.991,1742887890.0316935
3,69.83,1742887890.0316935
4,70.592,1742887890.0316935
5,69.834,1742887890.0316935
6,68.607,1742887890.0316935
7,71.996,1742887890.0316935
0,70.779,1742887890.1318662
1,69.528,1742887890.1318662
2,71.985,1742887890.1318662
3,69.83,1742887890.1318662
4,70.595,1742887890.1318662
5,69.818,1742887890.1318662
6,68.607,1742887890.1318662
7,71.977,1742887890.1318662
0,70.768,1742887890.2320714
1,69.531,1742887890.2320714
2,71.978,1742887890.2320714
3,69.836,1742887890.2320714
4,70.603,1742887890.2320714
5,69.835,1742887890.2320714
6,68.594,1742887890.2320714
7,71.977,1742887890.2320714
0,70.761,1742887890.3322508
1,69.533,1742887890.3322508
2,71.978,1742887890.3322508
3,69.835,1742887890.3322508
4,70.623,1742887890.3322508
5,69.81,1742887890.3322508
6,68.587,1742887890.3322508
7,71.969,1742887890.3322508
0,70.748,1742887890.432436
1,69.517,1742887890.432436
2,71.985,1742887890.432436
3,69.835,1742887890.432436
4,70.643,1742887890.432436
5,69.814,1742887890.432436
6,68.6,1742887890.432436
7,71.955,1742887890.432436
0,70.728,1742887890.5326118
1,69.538,1742887890.5326118
2,71.985,1742887890.5326118
3,69.854,1742887890.5326118
4,70.634,1742887890.5326118
5,69.819,1742887890.5326118
6,68.626,1742887890.5326118
7,71.963,1742887890.5326118
0,70.715,1742887890.6327887
1,69.504,1742887890.6327887
2,71.985,1742887890.6327887
3,69.821,1742887890.6327887
4,70.628,1742887890.6327887
5,69.791,1742887890.6327887
6,68.619,1742887890.6327887
7,71.975,1742887890.6327887
0,70.715,1742887890.7329583
1,69.505,1742887890.7329583
2,71.978,1742887890.7329583
3,69.828,1742887890.7329583
4,70.623,1742887890.7329583
5,69.79,1742887890.7329583
6,68.626,1742887890.7329583
7,71.968,1742887890.7329583
0,70.708,1742887890.8331366
1,69.49,1742887890.8331366
2,71.978,1742887890.8331366
3,69.835,1742887890.8331366
4,70.639,1742887890.8331366
5,69.77,1742887890.8331366
6,68.626,1742887890.8331366
7,71.957,1742887890.8331366
0,70.702,1742887890.933265
1,69.5,1742887890.933265
2,71.979,1742887890.933265
3,69.83,1742887890.933265
4,70.653,1742887890.933265
5,69.807,1742887890.933265
6,68.619,1742887890.933265
7,71.95,1742887890.933265
0,70.695,1742887891.0333536
1,69.466,1742887891.0333536
2,71.965,1742887891.0333536
3,69.826,1742887891.0333536
4,70.645,1742887891.0333536
5,69.793,1742887891.0333536
6,68.619,1742887891.0333536
7,71.957,1742887891.0333536
0,70.681,1742887891.1335258
1,69.5,1742887891.1335258
2,71.972,1742887891.1335258
3,69.833,1742887891.1335258
4,70.649,1742887891.1335258
5,69.761,1742887891.1335258
6,68.619,1742887891.1335258
7,71.971,1742887891.1335258
0,70.694,1742887891.2337186
1,69.473,1742887891.2337186
2,71.959,1742887891.2337186
3,69.819,1742887891.2337186
4,70.641,1742887891.2337186
5,69.789,1742887891.2337186
6,68.632,1742887891.2337186
7,71.977,1742887891.2337186
0,70.701,1742887891.3338897
1,69.485,1742887891.3338897
2,71.953,1742887891.3338897
3,69.822,1742887891.3338897
4,70.643,1742887891.3338897
5,69.776,1742887891.3338897
6,68.645,1742887891.3338897
7,71.985,1742887891.3338897
0,70.714,1742887891.4341066
1,69.479,1742887891.4341066
2,71.94,1742887891.4341066
3,69.809,1742887891.4341066
4,70.625,1742887891.4341066
5,69.795,1742887891.4341066
6,68.646,1742887891.4341066
7,71.984,1742887891.4341066
0,70.714,1742887891.5342803
1,69.497,1742887891.5342803
2,71.946,1742887891.5342803
3,69.809,1742887891.5342803
4,70.638,1742887891.5342803
5,69.78,1742887891.5342803
6,68.633,1742887891.5342803
7,71.984,1742887891.5342803
0,70.726,1742887891.634448
1,69.497,1742887891.634448
2,71.94,1742887891.634448
3,69.815,1742887891.634448
4,70.635,1742887891.634448
5,69.815,1742887891.634448
6,68.614,1742887891.634448
7,72.0,1742887891.634448
0,70.727,1742887891.7345955
1,69.532,1742887891.7345955
2,71.94,1742887891.7345955
3,69.808,1742887891.7345955
4,70.64,1742887891.7345955
5,69.801,1742887891.7345955
6,68.607,1742887891.7345955
7,71.978,1742887891.7345955
0,70.727,1742887891.8347337
1,69.518,1742887891.8347337
2,71.933,1742887891.8347337
3,69.794,1742887891.8347337
4,70.63,1742887891.8347337
5,69.789,1742887891.8347337
6,68.594,1742887891.8347337
7,71.985,1742887891.8347337
0,70.727,1742887891.934859
1,69.537,1742887891.934859
2,71.926,1742887891.934859
3,69.807,1742887891.934859
4,70.63,1742887891.934859
5,69.799,1742887891.934859
6,68.601,1742887891.934859
7,71.986,1742887891.934859
0,70.741,1742887892.0349836
1,69.543,1742887892.0349836
2,71.927,1742887892.0349836
3,69.802,1742887892.0349836
4,70.623,1742887892.0349836
5,69.785,1742887892.0349836
6,68.62,1742887892.0349836
7,71.978,1742887892.0349836
0,70.741,1742887892.1351092
1,69.557,1742887892.1351092
2,71.94,1742887892.1351092
3,69.797,1742887892.1351092
4,70.625,1742887892.1351092
5,69.814,1742887892.1351092
6,68.626,1742887892.1351092
7,71.965,1742887892.1351092
0,70.741,1742887892.2352405
1,69.553,1742887892.2352405
2,71.94,1742887892.2352405
3,69.816,1742887892.2352405
4,70.609,1742887892.2352405
5,69.797,1742887892.2352405
6,68.633,1742887892.2352405
7,71.966,1742887892.2352405
0,70.754,1742887892.3353736
1,69.581,1742887892.3353736
2,71.933,1742887892.3353736
3,69.823,1742887892.3353736
4,70.613,1742887892.3353736
5,69.821,1742887892.3353736
6,68.62,1742887892.3353736
7,71.97,1742887892.3353736
0,70.754,1742887892.435511
1,69.534,1742887892.435511
2,71.927,1742887892.435511
3,69.823,1742887892.435511
4,70.638,1742887892.435511
5,69.821,1742887892.435511
6,68.608,1742887892.435511
7,71.989,1742887892.435511
0,70.76,1742887892.5356505
1,69.555,1742887892.5356505
2,71.934,1742887892.5356505
3,69.841,1742887892.5356505
4,70.632,1742887892.5356505
5,69.784,1742887892.5356505
6,68.614,1742887892.5356505
7,71.977,1742887892.5356505
0,70.754,1742887892.6357942
1,69.5,1742887892.6357942
2,71.927,1742887892.6357942
3,69.843,1742887892.6357942
4,70.621,1742887892.6357942
5,69.798,1742887892.6357942
6,68.6,1742887892.6357942
7,71.99,1742887892.6357942
0,70.759,1742887892.7359362
1,69.527,1742887892.7359362
2,71.921,1742887892.7359362
3,69.835,1742887892.7359362
4,70.622,1742887892.7359362
5,69.786,1742887892.7359362
6,68.615,1742887892.7359362
7,72.003,1742887892.7359362
0,70.754,1742887892.836075
1,69.493,1742887892.836075
2,71.934,1742887892.836075
3,69.836,1742887892.836075
4,70.616,1742887892.836075
5,69.786,1742887892.836075
6,68.633,1742887892.836075
7,72.003,1742887892.836075
0,70.754,1742887892.9362102
1,69.527,1742887892.9362102
2,71.934,1742887892.9362102
3,69.822,1742887892.9362102
4,70.622,1742887892.9362102
5,69.798,1742887892.9362102
6,68.64,1742887892.9362102
7,71.983,1742887892.9362102
0,70.752,1742887893.036342
1,69.479,1742887893.036342
2,71.927,1742887893.036342
3,69.829,1742887893.036342
4,70.615,1742887893.036342
5,69.779,1742887893.036342
6,68.633,1742887893.036342
7,71.983,1742887893.036342
0,70.765,1742887893.1364777
1,69.513,1742887893.1364777
2,71.908,1742887893.1364777
3,69.835,1742887893.1364777
4,70.615,1742887893.1364777
5,69.8,1742887893.1364777
6,68.601,1742887893.1364777
7,71.983,1742887893.1364777
0,70.76,1742887893.2366402
1,69.466,1742887893.2366402
2,71.921,1742887893.2366402
3,69.835,1742887893.2366402
4,70.604,1742887893.2366402
5,69.78,1742887893.2366402
6,68.582,1742887893.2366402
7,71.99,1742887893.2366402
0,70.765,1742887893.3367674
1,69.5,1742887893.3367674
2,71.928,1742887893.3367674
3,69.83,1742887893.3367674
4,70.627,1742887893.3367674
5,69.78,1742887893.3367674
6,68.588,1742887893.3367674
7,72.001,1742887893.3367674
0,70.767,1742887893.4369018
1,69.497,1742887893.4369018
2,71.959,1742887893.4369018
3,69.836,1742887893.4369018
4,70.619,1742887893.4369018
5,69.798,1742887893.4369018
6,68.594,1742887893.4369018
7,72.005,1742887893.4369018
0,70.772,1742887893.5370474
1,69.517,1742887893.5370474
2,71.96,1742887893.5370474
3,69.822,1742887893.5370474
4,70.618,1742887893.5370474
5,69.81,1742887893.5370474
6,68.587,1742887893.5370474
7,72.003,1742887893.5370474
0,70.767,1742887893.6371868
1,69.517,1742887893.6371868
2,71.966,1742887893.6371868
3,69.844,1742887893.6371868
4,70.61,1742887893.6371868
5,69.82,1742887893.6371868
6,68.607,1742887893.6371868
7,71.984,1742887893.6371868
0,70.765,1742887893.7373269
1,69.548,1742887893.7373269
2,71.966,1742887893.7373269
3,69.857,1742887893.7373269
4,70.618,1742887893.7373269
5,69.785,1742887893.7373269
6,68.587,1742887893.7373269
7,71.977,1742887893.7373269
0,70.793,1742887893.837466
1,69.54,1742887893.837466
2,71.966,1742887893.837466
3,69.851,1742887893.837466
4,70.641,1742887893.837466
5,69.8,1742887893.837466
6,68.574,1742887893.837466
7,71.984,1742887893.837466
0,70.785,1742887893.937602
1,69.531,1742887893.937602
2,71.979,1742887893.937602
3,69.879,1742887893.937602
4,70.644,1742887893.937602
5,69.776,1742887893.937602
6,68.554,1742887893.937602
7,72.004,1742887893.937602
0,70.793,1742887894.0377455
1,69.538,1742887894.0377455
2,71.999,1742887894.0377455
3,69.871,1742887894.0377455
4,70.644,1742887894.0377455
5,69.812,1742887894.0377455
6,68.562,1742887894.0377455
7,72.01,1742887894.0377455
0,70.78,1742887894.13788
1,69.535,1742887894.13788
2,72.026,1742887894.13788
3,69.872,1742887894.13788
4,70.657,1742887894.13788
5,69.811,1742887894.13788
6,68.576,1742887894.13788
7,72.032,1742887894.13788
0,70.787,1742887894.2380252
1,69.534,1742887894.2380252
2,72.019,1742887894.2380252
3,69.878,1742887894.2380252
4,70.662,1742887894.2380252
5,69.816,1742887894.2380252
6,68.575,1742887894.2380252
7,72.009,1742887894.2380252
0,70.767,1742887894.3381643
1,69.544,1742887894.3381643
2,72.006,1742887894.3381643
3,69.872,1742887894.3381643
4,70.69,1742887894.3381643
5,69.809,1742887894.3381643
6,68.588,1742887894.3381643
7,72.021,1742887894.3381643
0,70.771,1742887894.438264
1,69.544,1742887894.438264
2,71.993,1742887894.438264
3,69.879,1742887894.438264
4,70.697,1742887894.438264
5,69.779,1742887894.438264
6,68.58,1742887894.438264
7,71.99,1742887894.438264
0,70.765,1742887894.5383933
1,69.538,1742887894.5383933
2,71.993,1742887894.5383933
3,69.884,1742887894.5383933
4,70.705,1742887894.5383933
5,69.784,1742887894.5383933
6,68.582,1742887894.5383933
7,71.994,1742887894.5383933
0,70.759,1742887894.6384914
1,69.54,1742887894.6384914
2,72.006,1742887894.6384914
3,69.885,1742887894.6384914
4,70.699,1742887894.6384914
5,69.769,1742887894.6384914
6,68.568,1742887894.6384914
7,72.007,1742887894.6384914
0,70.765,1742887894.7385683
1,69.524,1742887894.7385683
2,72.025,1742887894.7385683
3,69.885,1742887894.7385683
4,70.711,1742887894.7385683
5,69.804,1742887894.7385683
6,68.574,1742887894.7385683
7,72.019,1742887894.7385683
0,70.752,1742887894.8386624
1,69.542,1742887894.8386624
2,72.031,1742887894.8386624
3,69.884,1742887894.8386624
4,70.695,1742887894.8386624
5,69.807,1742887894.8386624
6,68.569,1742887894.8386624
7,72.006,1742887894.8386624
0,70.752,1742887894.938738
1,69.538,1742887894.938738
2,72.025,1742887894.938738
3,69.884,1742887894.938738
4,70.695,1742887894.938738
5,69.778,1742887894.938738
6,68.573,1742887894.938738
7,72.015,1742887894.938738
0,70.76,1742887895.0388272
1,69.538,1742887895.0388272
2,72.025,1742887895.0388272
3,69.884,1742887895.0388272
4,70.713,1742887895.0388272
5,69.774,1742887895.0388272
6,68.574,1742887895.0388272
7,71.993,1742887895.0388272
0,70.765,1742887895.1389213
1,69.555,1742887895.1389213
2,72.011,1742887895.1389213
3,69.877,1742887895.1389213
4,70.72,1742887895.1389213
5,69.748,1742887895.1389213
6,68.56,1742887895.1389213
7,71.987,1742887895.1389213
0,70.777,1742887895.238999
1,69.549,1742887895.238999
2,72.011,1742887895.238999
3,69.894,1742887895.238999
4,70.708,1742887895.238999
5,69.775,1742887895.238999
6,68.561,1742887895.238999
7,71.988,1742887895.238999
0,70.78,1742887895.3391285
1,69.545,1742887895.3391285
2,72.005,1742887895.3391285
3,69.906,1742887895.3391285
4,70.681,1742887895.3391285
5,69.774,1742887895.3391285
6,68.554,1742887895.3391285
7,71.997,1742887895.3391285
0,70.78,1742887895.4392312
1,69.555,1742887895.4392312
2,71.998,1742887895.4392312
3,69.9,1742887895.4392312
4,70.677,1742887895.4392312
5,69.786,1742887895.4392312
6,68.562,1742887895.4392312
7,72.018,1742887895.4392312
0,70.79,1742887895.5393083
1,69.545,1742887895.5393083
2,71.999,1742887895.5393083
3,69.899,1742887895.5393083
4,70.676,1742887895.5393083
5,69.821,1742887895.5393083
6,68.567,1742887895.5393083
7,72.025,1742887895.5393083
0,70.784,1742887895.6393776
1,69.552,1742887895.6393776
2,72.005,1742887895.6393776
3,69.891,1742887895.6393776
4,70.682,1742887895.6393776
5,69.815,1742887895.6393776
6,68.567,1742887895.6393776
7,72.005,1742887895.6393776
0,70.78,1742887895.7395077
1,69.54,1742887895.7395077
2,71.985,1742887895.7395077
3,69.877,1742887895.7395077
4,70.669,1742887895.7395077
5,69.856,1742887895.7395077
6,68.595,1742887895.7395077
7,71.992,1742887895.7395077
0,70.779,1742887895.839592
1,69.548,1742887895.839592
2,71.992,1742887895.839592
3,69.884,1742887895.839592
4,70.685,1742887895.839592
5,69.848,1742887895.839592
6,68.601,1742887895.839592
7,72.004,1742887895.839592
0,70.771,1742887895.939672
1,69.526,1742887895.939672
2,71.992,1742887895.939672
3,69.87,1742887895.939672
4,70.686,1742887895.939672
5,69.86,1742887895.939672
6,68.595,1742887895.939672
7,72.012,1742887895.939672
0,70.778,1742887896.0397425
1,69.53,1742887896.0397425
2,71.978,1742887896.0397425
3,69.876,1742887896.0397425
4,70.683,1742887896.0397425
5,69.881,1742887896.0397425
6,68.601,1742887896.0397425
7,72.012,1742887896.0397425
0,70.773,1742887896.1398752
1,69.504,1742887896.1398752
2,71.978,1742887896.1398752
3,69.889,1742887896.1398752
4,70.654,1742887896.1398752
5,69.87,1742887896.1398752
6,68.601,1742887896.1398752
7,72.019,1742887896.1398752
0,70.778,1742887896.2399757
1,69.527,1742887896.2399757
2,71.998,1742887896.2399757
3,69.866,1742887896.2399757
4,70.632,1742887896.2399757
5,69.898,1742887896.2399757
6,68.62,1742887896.2399757
7,72.038,1742887896.2399757
0,70.771,1742887896.3400562
1,69.517,1742887896.3400562
2,72.017,1742887896.3400562
3,69.852,1742887896.3400562
4,70.633,1742887896.3400562
5,69.87,1742887896.3400562
6,68.619,1742887896.3400562
7,72.023,1742887896.3400562
0,70.76,1742887896.4403317
1,69.524,1742887896.4403317
2,72.01,1742887896.4403317
3,69.85,1742887896.4403317
4,70.63,1742887896.4403317
5,69.886,1742887896.4403317
6,68.64,1742887896.4403317
7,72.032,1742887896.4403317
0,70.753,1742887896.5404773
1,69.506,1742887896.5404773
2,72.016,1742887896.5404773
3,69.844,1742887896.5404773
4,70.655,1742887896.5404773
5,69.868,1742887896.5404773
6,68.612,1742887896.5404773
7,72.015,1742887896.5404773
0,74.195,1742887896.6406715
1,69.523,1742887896.6406715
2,72.004,1742887896.6406715
3,69.841,1742887896.6406715
4,70.641,1742887896.6406715
5,69.869,1742887896.6406715
6,68.62,1742887896.6406715
7,72.024,1742887896.6406715
0,78.962,1742887896.7408001
1,69.506,1742887896.7408001
2,72.01,1742887896.7408001
3,69.865,1742887896.7408001
4,70.659,1742887896.7408001
5,69.859,1742887896.7408001
6,68.613,1742887896.7408001
7,72.024,1742887896.7408001
0,85.165,1742887896.8409336
1,69.524,1742887896.8409336
2,72.017,1742887896.8409336
3,69.863,1742887896.8409336
4,70.664,1742887896.8409336
5,69.845,1742887896.8409336
6,68.613,1742887896.8409336
7,72.03,1742887896.8409336
0,90.166,1742887896.9410727
1,69.5,1742887896.9410727
2,72.023,1742887896.9410727
3,69.888,1742887896.9410727
4,70.665,1742887896.9410727
5,69.864,1742887896.9410727
6,68.613,1742887896.9410727
7,72.027,1742887896.9410727
0,95.171,1742887897.0412767
1,69.555,1742887897.0412767
2,72.023,1742887897.0412767
3,69.896,1742887897.0412767
4,70.654,1742887897.0412767
5,69.834,1742887897.0412767
6,68.612,1742887897.0412767
7,72.034,1742887897.0412767
0,100.156,1742887897.141411
1,69.551,1742887897.141411
2,72.03,1742887897.141411
3,69.897,1742887897.141411
4,70.687,1742887897.141411
5,69.863,1742887897.141411
6,68.606,1742887897.141411
7,72.03,1742887897.141411
0,105.184,1742887897.2415528
1,69.561,1742887897.2415528
2,72.029,1742887897.2415528
3,69.899,1742887897.2415528
4,70.686,1742887897.2415528
5,69.849,1742887897.2415528
6,68.593,1742887897.2415528
7,72.015,1742887897.2415528
0,110.161,1742887897.3416736
1,69.527,1742887897.3416736
2,72.003,1742887897.3416736
3,69.921,1742887897.3416736
4,70.696,1742887897.3416736
5,69.847,1742887897.3416736
6,68.574,1742887897.3416736
7,72.022,1742887897.3416736
0,114.787,1742887897.441862
1,69.555,1742887897.441862
2,72.023,1742887897.441862
3,69.922,1742887897.441862
4,70.707,1742887897.441862
5,69.83,1742887897.441862
6,68.56,1742887897.441862
7,72.021,1742887897.441862
0,119.41,1742887897.5419993
1,69.527,1742887897.5419993
2,72.018,1742887897.5419993
3,69.914,1742887897.5419993
4,70.672,1742887897.5419993
5,69.828,1742887897.5419993
6,68.575,1742887897.5419993
7,72.021,1742887897.5419993
0,119.644,1742887897.6421416
1,69.541,1742887897.6421416
2,72.011,1742887897.6421416
3,69.914,1742887897.6421416
4,70.698,1742887897.6421416
5,69.837,1742887897.6421416
6,68.582,1742887897.6421416
7,72.03,1742887897.6421416
0,119.35,1742887897.742259
1,69.531,1742887897.742259
2,72.011,1742887897.742259
3,69.908,1742887897.742259
4,70.672,1742887897.742259
5,69.823,1742887897.742259
6,68.574,1742887897.742259
7,72.028,1742887897.742259
0,119.066,1742887897.8424392
1,69.545,1742887897.8424392
2,72.004,1742887897.8424392
3,69.893,1742887897.8424392
4,70.668,1742887897.8424392
5,69.852,1742887897.8424392
6,68.587,1742887897.8424392
7,72.015,1742887897.8424392
0,119.066,1742887897.9425695
1,69.514,1742887897.9425695
2,71.998,1742887897.9425695
3,69.878,1742887897.9425695
4,70.673,1742887897.9425695
5,69.852,1742887897.9425695
6,68.588,1742887897.9425695
7,72.009,1742887897.9425695
0,118.828,1742887898.0427005
1,69.519,1742887898.0427005
2,71.979,1742887898.0427005
3,69.87,1742887898.0427005
4,70.683,1742887898.0427005
5,69.843,1742887898.0427005
6,68.576,1742887898.0427005
7,72.016,1742887898.0427005
0,118.737,1742887898.1428435
1,69.487,1742887898.1428435
2,71.972,1742887898.1428435
3,69.87,1742887898.1428435
4,70.687,1742887898.1428435
5,69.838,1742887898.1428435
6,68.58,1742887898.1428435
7,72.003,1742887898.1428435
0,119.037,1742887898.2429838
1,69.504,1742887898.2429838
2,71.959,1742887898.2429838
3,69.871,1742887898.2429838
4,70.66,1742887898.2429838
5,69.85,1742887898.2429838
6,68.581,1742887898.2429838
7,71.992,1742887898.2429838
0,119.442,1742887898.3431187
1,69.497,1742887898.3431187
2,71.959,1742887898.3431187
3,69.864,1742887898.3431187
4,70.66,1742887898.3431187
5,69.836,1742887898.3431187
6,68.6,1742887898.3431187
7,71.992,1742887898.3431187
0,119.902,1742887898.443258
1,69.519,1742887898.443258
2,71.959,1742887898.443258
3,69.856,1742887898.443258
4,70.677,1742887898.443258
5,69.875,1742887898.443258
6,68.626,1742887898.443258
7,71.978,1742887898.443258
0,120.702,1742887898.5434637
1,69.497,1742887898.5434637
2,71.946,1742887898.5434637
3,69.857,1742887898.5434637
4,70.665,1742887898.5434637
5,69.874,1742887898.5434637
6,68.619,1742887898.5434637
7,71.978,1742887898.5434637
0,121.366,1742887898.6436079
1,69.511,1742887898.6436079
2,71.939,1742887898.6436079
3,69.858,1742887898.6436079
4,70.677,1742887898.6436079
5,69.896,1742887898.6436079
6,68.608,1742887898.6436079
7,71.978,1742887898.6436079
0,121.909,1742887898.7437453
1,69.497,1742887898.7437453
2,71.933,1742887898.7437453
3,69.866,1742887898.7437453
4,70.686,1742887898.7437453
5,69.848,1742887898.7437453
6,68.606,1742887898.7437453
7,71.969,1742887898.7437453
0,122.264,1742887898.8438857
1,69.505,1742887898.8438857
2,71.919,1742887898.8438857
3,69.892,1742887898.8438857
4,70.665,1742887898.8438857
5,69.849,1742887898.8438857
6,68.587,1742887898.8438857
7,71.977,1742887898.8438857
0,122.31,1742887898.944038
1,69.496,1742887898.944038
2,71.914,1742887898.944038
3,69.887,1742887898.944038
4,70.651,1742887898.944038
5,69.838,1742887898.944038
6,68.582,1742887898.944038
7,71.983,1742887898.944038
0,122.224,1742887899.044171
1,69.515,1742887899.044171
2,71.92,1742887899.044171
3,69.888,1742887899.044171
4,70.651,1742887899.044171
5,69.837,1742887899.044171
6,68.575,1742887899.044171
7,71.975,1742887899.044171
0,121.976,1742887899.1443257
1,69.509,1742887899.1443257
2,71.934,1742887899.1443257
3,69.881,1742887899.1443257
4,70.646,1742887899.1443257
5,69.823,1742887899.1443257
6,68.588,1742887899.1443257
7,71.976,1742887899.1443257
0,121.284,1742887899.244489
1,69.533,1742887899.244489
2,71.947,1742887899.244489
3,69.888,1742887899.244489
4,70.645,1742887899.244489
5,69.818,1742887899.244489
6,68.601,1742887899.244489
7,71.97,1742887899.244489
0,120.412,1742887899.3446507
1,69.499,1742887899.3446507
2,71.947,1742887899.3446507
3,69.881,1742887899.3446507
4,70.629,1742887899.3446507
5,69.818,1742887899.3446507
6,68.589,1742887899.3446507
7,71.963,1742887899.3446507
0,119.725,1742887899.4447927
1,69.526,1742887899.4447927
2,71.94,1742887899.4447927
3,69.886,1742887899.4447927
4,70.608,1742887899.4447927
5,69.792,1742887899.4447927
6,68.596,1742887899.4447927
7,71.975,1742887899.4447927
0,118.879,1742887899.5449514
1,69.479,1742887899.5449514
2,71.947,1742887899.5449514
3,69.888,1742887899.5449514
4,70.6,1742887899.5449514
5,69.794,1742887899.5449514
6,68.588,1742887899.5449514
7,71.983,1742887899.5449514
0,117.973,1742887899.6451087
1,69.508,1742887899.6451087
2,71.954,1742887899.6451087
3,69.905,1742887899.6451087
4,70.595,1742887899.6451087
5,69.802,1742887899.6451087
6,68.607,1742887899.6451087
7,71.989,1742887899.6451087
0,117.341,1742887899.7452493
1,69.479,1742887899.7452493
2,71.96,1742887899.7452493
3,69.911,1742887899.7452493
4,70.582,1742887899.7452493
5,69.833,1742887899.7452493
6,68.596,1742887899.7452493
7,71.996,1742887899.7452493
0,116.907,1742887899.8453832
1,69.521,1742887899.8453832
2,71.974,1742887899.8453832
3,69.904,1742887899.8453832
4,70.576,1742887899.8453832
5,69.826,1742887899.8453832
6,68.604,1742887899.8453832
7,71.997,1742887899.8453832
0,116.573,1742887899.945521
1,69.493,1742887899.945521
2,71.98,1742887899.945521
3,69.909,1742887899.945521
4,70.58,1742887899.945521
5,69.798,1742887899.945521
6,68.62,1742887899.945521
7,71.985,1742887899.945521
0,116.532,1742887900.0456626
1,69.518,1742887900.0456626
2,71.973,1742887900.0456626
3,69.905,1742887900.0456626
4,70.568,1742887900.0456626
5,69.813,1742887900.0456626
6,68.627,1742887900.0456626
7,71.992,1742887900.0456626
0,116.526,1742887900.1457727
1,69.507,1742887900.1457727
2,71.966,1742887900.1457727
3,69.916,1742887900.1457727
4,70.568,1742887900.1457727
5,69.805,1742887900.1457727
6,68.633,1742887900.1457727
7,71.999,1742887900.1457727
0,116.526,1742887900.2459106
1,69.512,1742887900.2459106
2,71.96,1742887900.2459106
3,69.921,1742887900.2459106
4,70.583,1742887900.2459106
5,69.822,1742887900.2459106
6,68.626,1742887900.2459106
7,72.012,1742887900.2459106
0,116.526,1742887900.3460526
1,69.507,1742887900.3460526
2,71.986,1742887900.3460526
3,69.914,1742887900.3460526
4,70.592,1742887900.3460526
5,69.831,1742887900.3460526
6,68.633,1742887900.3460526
7,72.012,1742887900.3460526
0,116.532,1742887900.446185
1,69.518,1742887900.446185
2,71.986,1742887900.446185
3,69.913,1742887900.446185
4,70.605,1742887900.446185
5,69.835,1742887900.446185
6,68.64,1742887900.446185
7,72.019,1742887900.446185
0,116.532,1742887900.546326
1,69.514,1742887900.546326
2,71.992,1742887900.546326
3,69.921,1742887900.546326
4,70.624,1742887900.546326
5,69.818,1742887900.546326
6,68.634,1742887900.546326
7,72.032,1742887900.546326
0,116.526,1742887900.6464705
1,69.547,1742887900.6464705
2,72.012,1742887900.6464705
3,69.904,1742887900.6464705
4,70.624,1742887900.6464705
5,69.797,1742887900.6464705
6,68.62,1742887900.6464705
7,72.016,1742887900.6464705
0,116.519,1742887900.746608
1,69.541,1742887900.746608
2,72.012,1742887900.746608
3,69.908,1742887900.746608
4,70.652,1742887900.746608
5,69.79,1742887900.746608
6,68.64,1742887900.746608
7,72.03,1742887900.746608
0,116.513,1742887900.8467553
1,69.525,1742887900.8467553
2,72.018,1742887900.8467553
3,69.893,1742887900.8467553
4,70.653,1742887900.8467553
5,69.782,1742887900.8467553
6,68.64,1742887900.8467553
7,72.029,1742887900.8467553
0,116.501,1742887900.9468644
1,69.507,1742887900.9468644
2,72.038,1742887900.9468644
3,69.9,1742887900.9468644
4,70.655,1742887900.9468644
5,69.809,1742887900.9468644
6,68.646,1742887900.9468644
7,72.036,1742887900.9468644
0,116.505,1742887901.0470326
1,69.514,1742887901.0470326
2,72.051,1742887901.0470326
3,69.875,1742887901.0470326
4,70.665,1742887901.0470326
5,69.818,1742887901.0470326
6,68.653,1742887901.0470326
7,72.035,1742887901.0470326
0,116.492,1742887901.1471734
1,69.494,1742887901.1471734
2,72.051,1742887901.1471734
3,69.87,1742887901.1471734
4,70.657,1742887901.1471734
5,69.83,1742887901.1471734
6,68.646,1742887901.1471734
7,72.019,1742887901.1471734
0,116.499,1742887901.247322
1,69.535,1742887901.247322
2,72.051,1742887901.247322
3,69.856,1742887901.247322
4,70.675,1742887901.247322
5,69.803,1742887901.247322
6,68.653,1742887901.247322
7,72.006,1742887901.247322
0,116.473,1742887901.347477
1,69.5,1742887901.347477
2,72.043,1742887901.347477
3,69.874,1742887901.347477
4,70.674,1742887901.347477
5,69.777,1742887901.347477
6,68.64,1742887901.347477
7,71.995,1742887901.347477
0,116.484,1742887901.447619
1,69.5,1742887901.447619
2,72.043,1742887901.447619
3,69.877,1742887901.447619
4,70.676,1742887901.447619
5,69.79,1742887901.447619
6,68.627,1742887901.447619
7,71.989,1742887901.447619
0,116.48,1742887901.5477588
1,69.501,1742887901.5477588
2,72.057,1742887901.5477588
3,69.875,1742887901.5477588
4,70.666,1742887901.5477588
5,69.8,1742887901.5477588
6,68.62,1742887901.5477588
7,71.981,1742887901.5477588
0,116.505,1742887901.6479065
1,69.493,1742887901.6479065
2,72.057,1742887901.6479065
3,69.889,1742887901.6479065
4,70.66,1742887901.6479065
5,69.834,1742887901.6479065
6,68.639,1742887901.6479065
7,71.981,1742887901.6479065
0,116.504,1742887901.748055
1,69.487,1742887901.748055
2,72.05,1742887901.748055
3,69.875,1742887901.748055
4,70.659,1742887901.748055
5,69.834,1742887901.748055
6,68.652,1742887901.748055
7,71.989,1742887901.748055
0,116.51,1742887901.8482094
1,69.488,1742887901.8482094
2,72.043,1742887901.8482094
3,69.878,1742887901.8482094
4,70.657,1742887901.8482094
5,69.816,1742887901.8482094
6,68.658,1742887901.8482094
7,71.97,1742887901.8482094
0,116.517,1742887901.9483514
1,69.501,1742887901.9483514
2,72.044,1742887901.9483514
3,69.878,1742887901.9483514
4,70.654,1742887901.9483514
5,69.828,1742887901.9483514
6,68.659,1742887901.9483514
7,71.977,1742887901.9483514
0,116.525,1742887902.0485754
1,69.487,1742887902.0485754
2,72.018,1742887902.0485754
3,69.886,1742887902.0485754
4,70.631,1742887902.0485754
5,69.801,1742887902.0485754
6,68.646,1742887902.0485754
7,71.971,1742887902.0485754
0,116.519,1742887902.1487122
1,69.505,1742887902.1487122
2,72.018,1742887902.1487122
3,69.883,1742887902.1487122
4,70.639,1742887902.1487122
5,69.827,1742887902.1487122
6,68.646,1742887902.1487122
7,71.972,1742887902.1487122
0,116.514,1742887902.2488532
1,69.498,1742887902.2488532
2,72.012,1742887902.2488532
3,69.891,1742887902.2488532
4,70.634,1742887902.2488532
5,69.82,1742887902.2488532
6,68.633,1742887902.2488532
7,71.985,1742887902.2488532
0,116.519,1742887902.3490033
1,69.472,1742887902.3490033
2,72.025,1742887902.3490033
3,69.891,1742887902.3490033
4,70.639,1742887902.3490033
5,69.84,1742887902.3490033
6,68.633,1742887902.3490033
7,71.999,1742887902.3490033
0,116.519,1742887902.4491546
1,69.473,1742887902.4491546
2,72.025,1742887902.4491546
3,69.887,1742887902.4491546
4,70.623,1742887902.4491546
5,69.814,1742887902.4491546
6,68.646,1742887902.4491546
7,72.012,1742887902.4491546
0,116.519,1742887902.5492997
1,69.48,1742887902.5492997
2,72.011,1742887902.5492997
3,69.886,1742887902.5492997
4,70.607,1742887902.5492997
5,69.815,1742887902.5492997
6,68.646,1742887902.5492997
7,72.011,1742887902.5492997
0,116.526,1742887902.649441
1,69.446,1742887902.649441
2,71.991,1742887902.649441
3,69.887,1742887902.649441
4,70.606,1742887902.649441
5,69.819,1742887902.649441
6,68.646,1742887902.649441
7,72.005,1742887902.649441
0,116.521,1742887902.7496796
1,69.46,1742887902.7496796
2,71.991,1742887902.7496796
3,69.873,1742887902.7496796
4,70.613,1742887902.7496796
5,69.81,1742887902.7496796
6,68.64,1742887902.7496796
7,72.005,1742887902.7496796
0,116.533,1742887902.849878
1,69.44,1742887902.849878
2,71.998,1742887902.849878
3,69.885,1742887902.849878
4,70.637,1742887902.849878
5,69.823,1742887902.849878
6,68.607,1742887902.849878
7,72.009,1742887902.849878
0,116.546,1742887902.9500446
1,69.42,1742887902.9500446
2,72.004,1742887902.9500446
3,69.873,1742887902.9500446
4,70.631,1742887902.9500446
5,69.813,1742887902.9500446
6,68.613,1742887902.9500446
7,71.997,1742887902.9500446
0,116.572,1742887903.050202
1,69.412,1742887903.050202
2,71.998,1742887903.050202
3,69.865,1742887903.050202
4,70.617,1742887903.050202
5,69.825,1742887903.050202
6,68.6,1742887903.050202
7,72.002,1742887903.050202
0,116.566,1742887903.150354
1,69.385,1742887903.150354
2,72.011,1742887903.150354
3,69.871,1742887903.150354
4,70.609,1742887903.150354
5,69.808,1742887903.150354
6,68.607,1742887903.150354
7,71.995,1742887903.150354
0,116.578,1742887903.2505136
1,69.378,1742887903.2505136
2,72.005,1742887903.2505136
3,69.838,1742887903.2505136
4,70.609,1742887903.2505136
5,69.809,1742887903.2505136
6,68.62,1742887903.2505136
7,72.001,1742887903.2505136
0,116.578,1742887903.3507671
1,69.378,1742887903.3507671
2,72.004,1742887903.3507671
3,69.844,1742887903.3507671
4,70.61,1742887903.3507671
5,69.815,1742887903.3507671
6,68.627,1742887903.3507671
7,71.994,1742887903.3507671
0,116.591,1742887903.4509337
1,69.365,1742887903.4509337
2,71.991,1742887903.4509337
3,69.85,1742887903.4509337
4,70.607,1742887903.4509337
5,69.794,1742887903.4509337
6,68.627,1742887903.4509337
7,71.968,1742887903.4509337
0,116.591,1742887903.5511143
1,69.373,1742887903.5511143
2,71.991,1742887903.5511143
3,69.845,1742887903.5511143
4,70.631,1742887903.5511143
5,69.822,1742887903.5511143
6,68.628,1742887903.5511143
7,71.968,1742887903.5511143
0,116.61,1742887903.6512184
1,69.387,1742887903.6512184
2,71.998,1742887903.6512184
3,69.851,1742887903.6512184
4,70.617,1742887903.6512184
5,69.796,1742887903.6512184
6,68.607,1742887903.6512184
7,71.961,1742887903.6512184
0,116.598,1742887903.7513683
1,69.379,1742887903.7513683
2,71.998,1742887903.7513683
3,69.86,1742887903.7513683
4,70.622,1742887903.7513683
5,69.824,1742887903.7513683
6,68.607,1742887903.7513683
7,71.968,1742887903.7513683
0,116.598,1742887903.8515217
1,69.372,1742887903.8515217
2,71.992,1742887903.8515217
3,69.859,1742887903.8515217
4,70.62,1742887903.8515217
5,69.809,1742887903.8515217
6,68.594,1742887903.8515217
7,71.976,1742887903.8515217
0,116.591,1742887903.9517336
1,69.372,1742887903.9517336
2,71.985,1742887903.9517336
3,69.859,1742887903.9517336
4,70.642,1742887903.9517336
5,69.824,1742887903.9517336
6,68.614,1742887903.9517336
7,71.975,1742887903.9517336
0,116.591,1742887904.0518503
1,69.379,1742887904.0518503
2,71.985,1742887904.0518503
3,69.868,1742887904.0518503
4,70.629,1742887904.0518503
5,69.835,1742887904.0518503
6,68.627,1742887904.0518503
7,71.984,1742887904.0518503
0,116.559,1742887904.1519659
1,69.393,1742887904.1519659
2,71.972,1742887904.1519659
3,69.881,1742887904.1519659
4,70.647,1742887904.1519659
5,69.825,1742887904.1519659
6,68.633,1742887904.1519659
7,71.982,1742887904.1519659
0,116.585,1742887904.2520757
1,69.421,1742887904.2520757
2,71.985,1742887904.2520757
3,69.879,1742887904.2520757
4,70.681,1742887904.2520757
5,69.839,1742887904.2520757
6,68.633,1742887904.2520757
7,71.99,1742887904.2520757
0,116.578,1742887904.3522112
1,69.42,1742887904.3522112
2,71.986,1742887904.3522112
3,69.914,1742887904.3522112
4,70.684,1742887904.3522112
5,69.806,1742887904.3522112
6,68.62,1742887904.3522112
7,71.998,1742887904.3522112
0,116.604,1742887904.4522958
1,69.446,1742887904.4522958
2,71.979,1742887904.4522958
3,69.907,1742887904.4522958
4,70.71,1742887904.4522958
5,69.842,1742887904.4522958
6,68.62,1742887904.4522958
7,72.005,1742887904.4522958
0,116.591,1742887904.5523934
1,69.432,1742887904.5523934
2,71.986,1742887904.5523934
3,69.9,1742887904.5523934
4,70.673,1742887904.5523934
5,69.818,1742887904.5523934
6,68.6,1742887904.5523934
7,71.999,1742887904.5523934
0,116.591,1742887904.6525176
1,69.459,1742887904.6525176
2,71.986,1742887904.6525176
3,69.893,1742887904.6525176
4,70.694,1742887904.6525176
5,69.843,1742887904.6525176
6,68.607,1742887904.6525176
7,72.006,1742887904.6525176
0,116.585,1742887904.7526689
1,69.472,1742887904.7526689
2,71.986,1742887904.7526689
3,69.886,1742887904.7526689
4,70.69,1742887904.7526689
5,69.832,1742887904.7526689
6,68.613,1742887904.7526689
7,71.985,1742887904.7526689
0,116.591,1742887904.8529134
1,69.506,1742887904.8529134
2,71.986,1742887904.8529134
3,69.882,1742887904.8529134
4,70.704,1742887904.8529134
5,69.824,1742887904.8529134
6,68.633,1742887904.8529134
7,71.979,1742887904.8529134
0,116.578,1742887904.9530654
1,69.5,1742887904.9530654
2,71.986,1742887904.9530654
3,69.874,1742887904.9530654
4,70.701,1742887904.9530654
5,69.814,1742887904.9530654
6,68.626,1742887904.9530654
7,71.977,1742887904.9530654
0,116.585,1742887905.0532305
1,69.535,1742887905.0532305
2,71.979,1742887905.0532305
3,69.884,1742887905.0532305
4,70.736,1742887905.0532305
5,69.781,1742887905.0532305
6,68.613,1742887905.0532305
7,71.983,1742887905.0532305
0,116.598,1742887905.153513
1,69.519,1742887905.153513
2,71.973,1742887905.153513
3,69.874,1742887905.153513
4,70.719,1742887905.153513
5,69.821,1742887905.153513
6,68.587,1742887905.153513
7,71.996,1742887905.153513
0,116.604,1742887905.2537954
1,69.519,1742887905.2537954
2,71.973,1742887905.2537954
3,69.89,1742887905.2537954
4,70.684,1742887905.2537954
5,69.82,1742887905.2537954
6,68.588,1742887905.2537954
7,71.996,1742887905.2537954
0,116.598,1742887905.3540864
1,69.518,1742887905.3540864
2,71.96,1742887905.3540864
3,69.877,1742887905.3540864
4,70.674,1742887905.3540864
5,69.848,1742887905.3540864
6,68.587,1742887905.3540864
7,71.982,1742887905.3540864
0,116.598,1742887905.454273
1,69.541,1742887905.454273
2,71.973,1742887905.454273
3,69.862,1742887905.454273
4,70.661,1742887905.454273
5,69.84,1742887905.454273
6,68.593,1742887905.454273
7,71.995,1742887905.454273
0,116.598,1742887905.5544438
1,69.532,1742887905.5544438
2,71.954,1742887905.5544438
3,69.872,1742887905.5544438
4,70.68,1742887905.5544438
5,69.8,1742887905.5544438
6,68.587,1742887905.5544438
7,71.996,1742887905.5544438
0,116.605,1742887905.6546156
1,69.525,1742887905.6546156
2,71.954,1742887905.6546156
3,69.877,1742887905.6546156
4,70.654,1742887905.6546156
5,69.805,1742887905.6546156
6,68.58,1742887905.6546156
7,72.001,1742887905.6546156
0,116.598,1742887905.754782
1,69.531,1742887905.754782
2,71.948,1742887905.754782
3,69.868,1742887905.754782
4,70.661,1742887905.754782
5,69.792,1742887905.754782
6,68.574,1742887905.754782
7,72.008,1742887905.754782
0,116.605,1742887905.8550632
1,69.519,1742887905.8550632
2,71.948,1742887905.8550632
3,69.877,1742887905.8550632
4,70.647,1742887905.8550632
5,69.824,1742887905.8550632
6,68.561,1742887905.8550632
7,72.028,1742887905.8550632
0,116.611,1742887905.955181
1,69.519,1742887905.955181
2,71.954,1742887905.955181
3,69.89,1742887905.955181
4,70.622,1742887905.955181
5,69.827,1742887905.955181
6,68.574,1742887905.955181
7,72.009,1742887905.955181
0,116.604,1742887906.0553727
1,69.518,1742887906.0553727
2,71.947,1742887906.0553727
3,69.866,1742887906.0553727
4,70.601,1742887906.0553727
5,69.861,1742887906.0553727
6,68.561,1742887906.0553727
7,71.991,1742887906.0553727
0,116.597,1742887906.1556034
1,69.518,1742887906.1556034
2,71.954,1742887906.1556034
3,69.87,1742887906.1556034
4,70.601,1742887906.1556034
5,69.84,1742887906.1556034
6,68.575,1742887906.1556034
7,71.99,1742887906.1556034
0,116.598,1742887906.2557595
1,69.547,1742887906.2557595
2,71.948,1742887906.2557595
3,69.866,1742887906.2557595
4,70.626,1742887906.2557595
5,69.828,1742887906.2557595
6,68.567,1742887906.2557595
7,71.985,1742887906.2557595
0,116.591,1742887906.3558748
1,69.524,1742887906.3558748
2,71.967,1742887906.3558748
3,69.874,1742887906.3558748
4,70.626,1742887906.3558748
5,69.79,1742887906.3558748
6,68.562,1742887906.3558748
7,71.985,1742887906.3558748
0,116.585,1742887906.4559824
1,69.527,1742887906.4559824
2,71.974,1742887906.4559824
3,69.881,1742887906.4559824
4,70.639,1742887906.4559824
5,69.769,1742887906.4559824
6,68.567,1742887906.4559824
7,71.965,1742887906.4559824
0,116.585,1742887906.5560687
1,69.505,1742887906.5560687
2,71.986,1742887906.5560687
3,69.882,1742887906.5560687
4,70.635,1742887906.5560687
5,69.807,1742887906.5560687
6,68.568,1742887906.5560687
7,71.959,1742887906.5560687
0,116.591,1742887906.6561527
1,69.528,1742887906.6561527
2,71.993,1742887906.6561527
3,69.868,1742887906.6561527
4,70.632,1742887906.6561527
5,69.825,1742887906.6561527
6,68.6,1742887906.6561527
7,71.959,1742887906.6561527
0,116.604,1742887906.756243
1,69.513,1742887906.756243
2,71.999,1742887906.756243
3,69.868,1742887906.756243
4,70.618,1742887906.756243
5,69.852,1742887906.756243
6,68.601,1742887906.756243
7,71.966,1742887906.756243
0,116.598,1742887906.856343
1,69.527,1742887906.856343
2,72.006,1742887906.856343
3,69.879,1742887906.856343
4,70.624,1742887906.856343
5,69.826,1742887906.856343
6,68.612,1742887906.856343
7,71.963,1742887906.856343
0,116.598,1742887906.9564643
1,69.493,1742887906.9564643
2,71.98,1742887906.9564643
3,69.878,1742887906.9564643
4,70.629,1742887906.9564643
5,69.792,1742887906.9564643
6,68.6,1742887906.9564643
7,71.977,1742887906.9564643
0,116.61,1742887907.0565817
1,69.532,1742887907.0565817
2,72.012,1742887907.0565817
3,69.899,1742887907.0565817
4,70.624,1742887907.0565817
5,69.796,1742887907.0565817
6,68.58,1742887907.0565817
7,71.995,1742887907.0565817
0,116.61,1742887907.1566925
1,69.508,1742887907.1566925
2,72.012,1742887907.1566925
3,69.886,1742887907.1566925
4,70.648,1742887907.1566925
5,69.776,1742887907.1566925
6,68.587,1742887907.1566925
7,71.997,1742887907.1566925
0,116.61,1742887907.256805
1,69.519,1742887907.256805
2,72.011,1742887907.256805
3,69.871,1742887907.256805
4,70.637,1742887907.256805
5,69.817,1742887907.256805
6,68.593,1742887907.256805
7,71.989,1742887907.256805
0,116.623,1742887907.356916
1,69.52,1742887907.356916
2,72.012,1742887907.356916
3,69.876,1742887907.356916
4,70.638,1742887907.356916
5,69.804,1742887907.356916
6,68.593,1742887907.356916
7,71.993,1742887907.356916
0,116.63,1742887907.4570777
1,69.525,1742887907.4570777
2,72.012,1742887907.4570777
3,69.862,1742887907.4570777
4,70.636,1742887907.4570777
5,69.819,1742887907.4570777
6,68.599,1742887907.4570777
7,72.009,1742887907.4570777
0,116.636,1742887907.5572417
1,69.525,1742887907.5572417
2,71.999,1742887907.5572417
3,69.855,1742887907.5572417
4,70.628,1742887907.5572417
5,69.798,1742887907.5572417
6,68.586,1742887907.5572417
7,72.022,1742887907.5572417
0,116.63,1742887907.6574075
1,69.525,1742887907.6574075
2,72.011,1742887907.6574075
3,69.872,1742887907.6574075
4,70.635,1742887907.6574075
5,69.793,1742887907.6574075
6,68.586,1742887907.6574075
7,72.02,1742887907.6574075
0,116.63,1742887907.7575634
1,69.507,1742887907.7575634
2,72.012,1742887907.7575634
3,69.858,1742887907.7575634
4,70.637,1742887907.7575634
5,69.805,1742887907.7575634
6,68.56,1742887907.7575634
7,72.026,1742887907.7575634
0,116.642,1742887907.8577318
1,69.555,1742887907.8577318
2,72.004,1742887907.8577318
3,69.859,1742887907.8577318
4,70.659,1742887907.8577318
5,69.805,1742887907.8577318
6,68.562,1742887907.8577318
7,72.026,1742887907.8577318
0,116.644,1742887907.957845
1,69.513,1742887907.957845
2,72.03,1742887907.957845
3,69.866,1742887907.957845
4,70.68,1742887907.957845
5,69.782,1742887907.957845
6,68.568,1742887907.957845
7,72.023,1742887907.957845
0,116.649,1742887908.0580053
1,69.527,1742887908.0580053
2,72.03,1742887908.0580053
3,69.874,1742887908.0580053
4,70.691,1742887908.0580053
5,69.819,1742887908.0580053
6,68.575,1742887908.0580053
7,72.027,1742887908.0580053
0,116.644,1742887908.1581633
1,69.498,1742887908.1581633
2,72.038,1742887908.1581633
3,69.861,1742887908.1581633
4,70.659,1742887908.1581633
5,69.793,1742887908.1581633
6,68.586,1742887908.1581633
7,72.02,1742887908.1581633
0,116.644,1742887908.2583294
1,69.52,1742887908.2583294
2,72.037,1742887908.2583294
3,69.875,1742887908.2583294
4,70.658,1742887908.2583294
5,69.825,1742887908.2583294
6,68.586,1742887908.2583294
7,72.016,1742887908.2583294
0,116.637,1742887908.358554
1,69.517,1742887908.358554
2,72.036,1742887908.358554
3,69.861,1742887908.358554
4,70.678,1742887908.358554
5,69.817,1742887908.358554
6,68.607,1742887908.358554
7,72.018,1742887908.358554
0,116.63,1742887908.458845
1,69.511,1742887908.458845
2,72.024,1742887908.458845
3,69.861,1742887908.458845
4,70.693,1742887908.458845
5,69.819,1742887908.458845
6,68.588,1742887908.458845
7,71.997,1742887908.458845
0,116.624,1742887908.5590053
1,69.503,1742887908.5590053
2,72.018,1742887908.5590053
3,69.876,1742887908.5590053
4,70.693,1742887908.5590053
5,69.822,1742887908.5590053
6,68.601,1742887908.5590053
7,71.983,1742887908.5590053
0,116.63,1742887908.6591175
1,69.512,1742887908.6591175
2,72.023,1742887908.6591175
3,69.88,1742887908.6591175
4,70.707,1742887908.6591175
5,69.816,1742887908.6591175
6,68.6,1742887908.6591175
7,71.998,1742887908.6591175
0,116.624,1742887908.7592192
1,69.492,1742887908.7592192
2,72.017,1742887908.7592192
3,69.889,1742887908.7592192
4,70.707,1742887908.7592192
5,69.812,1742887908.7592192
6,68.62,1742887908.7592192
7,71.985,1742887908.7592192
0,116.611,1742887908.8593867
1,69.503,1742887908.8593867
2,72.016,1742887908.8593867
3,69.886,1742887908.8593867
4,70.713,1742887908.8593867
5,69.791,1742887908.8593867
6,68.633,1742887908.8593867
7,71.977,1742887908.8593867
0,116.604,1742887908.959552
1,69.485,1742887908.959552
2,72.018,1742887908.959552
3,69.882,1742887908.959552
4,70.69,1742887908.959552
5,69.809,1742887908.959552
6,68.646,1742887908.959552
7,71.978,1742887908.959552
0,116.611,1742887909.0596998
1,69.525,1742887909.0596998
2,72.017,1742887909.0596998
3,69.872,1742887909.0596998
4,70.676,1742887909.0596998
5,69.811,1742887909.0596998
6,68.64,1742887909.0596998
7,71.971,1742887909.0596998
0,116.611,1742887909.1598508
1,69.506,1742887909.1598508
2,71.998,1742887909.1598508
3,69.882,1742887909.1598508
4,70.686,1742887909.1598508
5,69.819,1742887909.1598508
6,68.633,1742887909.1598508
7,71.989,1742887909.1598508
0,116.624,1742887909.2600014
1,69.54,1742887909.2600014
2,71.984,1742887909.2600014
3,69.871,1742887909.2600014
4,70.681,1742887909.2600014
5,69.818,1742887909.2600014
6,68.627,1742887909.2600014
7,71.989,1742887909.2600014
0,116.624,1742887909.3601077
1,69.506,1742887909.3601077
2,72.004,1742887909.3601077
3,69.873,1742887909.3601077
4,70.672,1742887909.3601077
5,69.811,1742887909.3601077
6,68.607,1742887909.3601077
7,71.991,1742887909.3601077
0,116.637,1742887909.4602113
1,69.527,1742887909.4602113
2,72.011,1742887909.4602113
3,69.896,1742887909.4602113
4,70.669,1742887909.4602113
5,69.818,1742887909.4602113
6,68.614,1742887909.4602113
7,72.004,1742887909.4602113
0,116.65,1742887909.560321
1,69.506,1742887909.560321
2,72.024,1742887909.560321
3,69.883,1742887909.560321
4,70.669,1742887909.560321
5,69.807,1742887909.560321
6,68.613,1742887909.560321
7,72.01,1742887909.560321
0,116.657,1742887909.6604254
1,69.548,1742887909.6604254
2,72.017,1742887909.6604254
3,69.888,1742887909.6604254
4,70.648,1742887909.6604254
5,69.831,1742887909.6604254
6,68.626,1742887909.6604254
7,72.003,1742887909.6604254
0,116.663,1742887909.7605371
1,69.514,1742887909.7605371
2,72.011,1742887909.7605371
3,69.872,1742887909.7605371
4,70.628,1742887909.7605371
5,69.835,1742887909.7605371
6,68.613,1742887909.7605371
7,71.988,1742887909.7605371
0,116.655,1742887909.8606534
1,69.541,1742887909.8606534
2,72.011,1742887909.8606534
3,69.874,1742887909.8606534
4,70.638,1742887909.8606534
5,69.847,1742887909.8606534
6,68.613,1742887909.8606534
7,72.003,1742887909.8606534
0,116.67,1742887909.960862
1,69.52,1742887909.960862
2,72.011,1742887909.960862
3,69.878,1742887909.960862
4,70.646,1742887909.960862
5,69.853,1742887909.960862
6,68.605,1742887909.960862
7,72.008,1742887909.960862
0,116.662,1742887910.0609918
1,69.52,1742887910.0609918
2,72.018,1742887910.0609918
3,69.88,1742887910.0609918
4,70.664,1742887910.0609918
5,69.825,1742887910.0609918
6,68.612,1742887910.0609918
7,72.004,1742887910.0609918
0,116.668,1742887910.1611307
1,69.523,1742887910.1611307
2,72.023,1742887910.1611307
3,69.878,1742887910.1611307
4,70.655,1742887910.1611307
5,69.832,1742887910.1611307
6,68.605,1742887910.1611307
7,71.989,1742887910.1611307
0,116.642,1742887910.2612934
1,69.505,1742887910.2612934
2,72.038,1742887910.2612934
3,69.884,1742887910.2612934
4,70.669,1742887910.2612934
5,69.81,1742887910.2612934
6,68.605,1742887910.2612934
7,71.991,1742887910.2612934
0,116.668,1742887910.361445
1,69.539,1742887910.361445
2,72.037,1742887910.361445
3,69.876,1742887910.361445
4,70.651,1742887910.361445
5,69.832,1742887910.361445
6,68.625,1742887910.361445
7,72.004,1742887910.361445
0,116.657,1742887910.461578
1,69.53,1742887910.461578
2,72.024,1742887910.461578
3,69.876,1742887910.461578
4,70.653,1742887910.461578
5,69.816,1742887910.461578
6,68.625,1742887910.461578
7,72.016,1742887910.461578
0,116.655,1742887910.5617168
1,69.555,1742887910.5617168
2,72.025,1742887910.5617168
3,69.888,1742887910.5617168
4,70.663,1742887910.5617168
5,69.82,1742887910.5617168
6,68.632,1742887910.5617168
7,72.016,1742887910.5617168
0,116.649,1742887910.6618426
1,69.527,1742887910.6618426
2,72.018,1742887910.6618426
3,69.889,1742887910.6618426
4,70.695,1742887910.6618426
5,69.808,1742887910.6618426
6,68.644,1742887910.6618426
7,72.016,1742887910.6618426
0,116.663,1742887910.761983
1,69.533,1742887910.761983
2,72.012,1742887910.761983
3,69.883,1742887910.761983
4,70.702,1742887910.761983
5,69.777,1742887910.761983
6,68.638,1742887910.761983
7,72.023,1742887910.761983
0,116.668,1742887910.8621354
1,69.505,1742887910.8621354
2,72.012,1742887910.8621354
3,69.884,1742887910.8621354
4,70.694,1742887910.8621354
5,69.803,1742887910.8621354
6,68.626,1742887910.8621354
7,72.021,1742887910.8621354
0,116.681,1742887910.9622676
1,69.526,1742887910.9622676
2,72.004,1742887910.9622676
3,69.883,1742887910.9622676
4,70.688,1742887910.9622676
5,69.788,1742887910.9622676
6,68.632,1742887910.9622676
7,72.006,1742887910.9622676
0,116.668,1742887911.0623763
1,69.499,1742887911.0623763
2,71.986,1742887911.0623763
3,69.869,1742887911.0623763
4,70.672,1742887911.0623763
5,69.835,1742887911.0623763
6,68.619,1742887911.0623763
7,72.018,1742887911.0623763
0,116.674,1742887911.1625319
1,69.53,1742887911.1625319
2,71.973,1742887911.1625319
3,69.875,1742887911.1625319
4,70.695,1742887911.1625319
5,69.829,1742887911.1625319
6,68.625,1742887911.1625319
7,72.018,1742887911.1625319
0,116.668,1742887911.2626443
1,69.529,1742887911.2626443
2,71.973,1742887911.2626443
3,69.878,1742887911.2626443
4,70.708,1742887911.2626443
5,69.816,1742887911.2626443
6,68.626,1742887911.2626443
7,72.035,1742887911.2626443
0,116.657,1742887911.362787
1,69.523,1742887911.362787
2,71.959,1742887911.362787
3,69.899,1742887911.362787
4,70.713,1742887911.362787
5,69.821,1742887911.362787
6,68.652,1742887911.362787
7,72.035,1742887911.362787
0,116.655,1742887911.4629183
1,69.512,1742887911.4629183
2,71.946,1742887911.4629183
3,69.896,1742887911.4629183
4,70.722,1742887911.4629183
5,69.801,1742887911.4629183
6,68.659,1742887911.4629183
7,72.024,1742887911.4629183
0,116.662,1742887911.5630448
1,69.525,1742887911.5630448
2,71.953,1742887911.5630448
3,69.876,1742887911.5630448
4,70.694,1742887911.5630448
5,69.831,1742887911.5630448
6,68.652,1742887911.5630448
7,72.008,1742887911.5630448
0,116.646,1742887911.6631846
1,69.516,1742887911.6631846
2,71.96,1742887911.6631846
3,69.862,1742887911.6631846
4,70.675,1742887911.6631846
5,69.83,1742887911.6631846
6,68.652,1742887911.6631846
7,71.99,1742887911.6631846
0,116.653,1742887911.7633142
1,69.539,1742887911.7633142
2,71.96,1742887911.7633142
3,69.875,1742887911.7633142
4,70.671,1742887911.7633142
5,69.849,1742887911.7633142
6,68.633,1742887911.7633142
7,72.008,1742887911.7633142
0,116.647,1742887911.8634574
1,69.532,1742887911.8634574
2,71.953,1742887911.8634574
3,69.881,1742887911.8634574
4,70.671,1742887911.8634574
5,69.837,1742887911.8634574
6,68.633,1742887911.8634574
7,72.007,1742887911.8634574
0,116.654,1742887911.963595
1,69.543,1742887911.963595
2,71.953,1742887911.963595
3,69.892,1742887911.963595
4,70.688,1742887911.963595
5,69.851,1742887911.963595
6,68.627,1742887911.963595
7,72.012,1742887911.963595
0,116.672,1742887912.0637348
1,69.532,1742887912.0637348
2,71.959,1742887912.0637348
3,69.884,1742887912.0637348
4,70.691,1742887912.0637348
5,69.82,1742887912.0637348
6,68.639,1742887912.0637348
7,72.018,1742887912.0637348
0,116.685,1742887912.1638746
1,69.527,1742887912.1638746
2,71.959,1742887912.1638746
3,69.885,1742887912.1638746
4,70.703,1742887912.1638746
5,69.806,1742887912.1638746
6,68.646,1742887912.1638746
7,72.009,1742887912.1638746
0,116.698,1742887912.2640045
1,69.506,1742887912.2640045
2,71.953,1742887912.2640045
3,69.888,1742887912.2640045
4,70.677,1742887912.2640045
5,69.832,1742887912.2640045
6,68.646,1742887912.2640045
7,71.995,1742887912.2640045
0,116.708,1742887912.3641303
1,69.527,1742887912.3641303
2,71.947,1742887912.3641303
3,69.879,1742887912.3641303
4,70.67,1742887912.3641303
5,69.833,1742887912.3641303
6,68.645,1742887912.3641303
7,71.988,1742887912.3641303
0,116.711,1742887912.4642706
1,69.506,1742887912.4642706
2,71.966,1742887912.4642706
3,69.865,1742887912.4642706
4,70.665,1742887912.4642706
5,69.854,1742887912.4642706
6,68.626,1742887912.4642706
7,71.989,1742887912.4642706
0,116.708,1742887912.564398
1,69.527,1742887912.564398
2,71.96,1742887912.564398
3,69.881,1742887912.564398
4,70.663,1742887912.564398
5,69.819,1742887912.564398
6,68.619,1742887912.564398
7,71.996,1742887912.564398
0,116.72,1742887912.6645296
1,69.506,1742887912.6645296
2,71.946,1742887912.6645296
3,69.887,1742887912.6645296
4,70.655,1742887912.6645296
5,69.799,1742887912.6645296
6,68.627,1742887912.6645296
7,71.996,1742887912.6645296
0,116.727,1742887912.7646742
1,69.514,1742887912.7646742
2,71.973,1742887912.7646742
3,69.888,1742887912.7646742
4,70.654,1742887912.7646742
5,69.81,1742887912.7646742
6,68.625,1742887912.7646742
7,71.996,1742887912.7646742
0,116.717,1742887912.8648195
1,69.514,1742887912.8648195
2,71.973,1742887912.8648195
3,69.867,1742887912.8648195
4,70.648,1742887912.8648195
5,69.791,1742887912.8648195
6,68.639,1742887912.8648195
7,71.984,1742887912.8648195
0,116.714,1742887912.9649658
1,69.515,1742887912.9649658
2,71.979,1742887912.9649658
3,69.86,1742887912.9649658
4,70.63,1742887912.9649658
5,69.818,1742887912.9649658
6,68.658,1742887912.9649658
7,71.984,1742887912.9649658
0,116.69,1742887913.0650997
1,69.501,1742887913.0650997
2,71.985,1742887913.0650997
3,69.853,1742887913.0650997
4,70.637,1742887913.0650997
5,69.798,1742887913.0650997
6,68.665,1742887913.0650997
7,71.977,1742887913.0650997
0,116.681,1742887913.1652265
1,69.525,1742887913.1652265
2,71.992,1742887913.1652265
3,69.861,1742887913.1652265
4,70.622,1742887913.1652265
5,69.803,1742887913.1652265
6,68.652,1742887913.1652265
7,71.985,1742887913.1652265
0,116.679,1742887913.2653666
1,69.519,1742887913.2653666
2,71.999,1742887913.2653666
3,69.868,1742887913.2653666
4,70.622,1742887913.2653666
5,69.79,1742887913.2653666
6,68.646,1742887913.2653666
7,71.999,1742887913.2653666
0,116.685,1742887913.3655043
1,69.528,1742887913.3655043
2,71.999,1742887913.3655043
3,69.879,1742887913.3655043
4,70.601,1742887913.3655043
5,69.806,1742887913.3655043
6,68.633,1742887913.3655043
7,72.003,1742887913.3655043
0,116.685,1742887913.4656458
1,69.533,1742887913.4656458
2,72.012,1742887913.4656458
3,69.888,1742887913.4656458
4,70.609,1742887913.4656458
5,69.818,1742887913.4656458
6,68.626,1742887913.4656458
7,72.025,1742887913.4656458
0,116.711,1742887913.5657747
1,69.519,1742887913.5657747
2,72.011,1742887913.5657747
3,69.885,1742887913.5657747
4,70.62,1742887913.5657747
5,69.827,1742887913.5657747
6,68.633,1742887913.5657747
7,72.016,1742887913.5657747
0,116.693,1742887913.6659179
1,69.52,1742887913.6659179
2,72.017,1742887913.6659179
3,69.871,1742887913.6659179
4,70.642,1742887913.6659179
5,69.858,1742887913.6659179
6,68.652,1742887913.6659179
7,72.029,1742887913.6659179
0,116.699,1742887913.7660854
1,69.526,1742887913.7660854
2,72.037,1742887913.7660854
3,69.866,1742887913.7660854
4,70.641,1742887913.7660854
5,69.842,1742887913.7660854
6,68.659,1742887913.7660854
7,72.009,1742887913.7660854
0,116.689,1742887913.8662233
1,69.536,1742887913.8662233
2,72.031,1742887913.8662233
3,69.884,1742887913.8662233
4,70.647,1742887913.8662233
5,69.87,1742887913.8662233
6,68.646,1742887913.8662233
7,72.016,1742887913.8662233
0,116.706,1742887913.9663742
1,69.539,1742887913.9663742
2,72.031,1742887913.9663742
3,69.878,1742887913.9663742
4,70.653,1742887913.9663742
5,69.861,1742887913.9663742
6,68.659,1742887913.9663742
7,72.015,1742887913.9663742
0,116.712,1742887914.0665107
1,69.543,1742887914.0665107
2,72.025,1742887914.0665107
3,69.904,1742887914.0665107
4,70.653,1742887914.0665107
5,69.875,1742887914.0665107
6,68.634,1742887914.0665107
7,72.028,1742887914.0665107
0,116.724,1742887914.1666386
1,69.514,1742887914.1666386
2,72.026,1742887914.1666386
3,69.896,1742887914.1666386
4,70.657,1742887914.1666386
5,69.882,1742887914.1666386
6,68.64,1742887914.1666386
7,72.028,1742887914.1666386
0,116.727,1742887914.266774
1,69.548,1742887914.266774
2,72.012,1742887914.266774
3,69.884,1742887914.266774
4,70.678,1742887914.266774
5,69.862,1742887914.266774
6,68.628,1742887914.266774
7,72.015,1742887914.266774
0,116.73,1742887914.366907
1,69.539,1742887914.366907
2,72.019,1742887914.366907
3,69.871,1742887914.366907
4,70.706,1742887914.366907
5,69.875,1742887914.366907
6,68.627,1742887914.366907
7,72.014,1742887914.366907
0,116.73,1742887914.4670374
1,69.555,1742887914.4670374
2,72.012,1742887914.4670374
3,69.864,1742887914.4670374
4,70.701,1742887914.4670374
5,69.842,1742887914.4670374
6,68.647,1742887914.4670374
7,71.997,1742887914.4670374
0,116.737,1742887914.567192
1,69.545,1742887914.567192
2,72.012,1742887914.567192
3,69.864,1742887914.567192
4,70.702,1742887914.567192
5,69.856,1742887914.567192
6,68.64,1742887914.567192
7,72.002,1742887914.567192
0,116.74,1742887914.6673186
1,69.552,1742887914.6673186
2,72.006,1742887914.6673186
3,69.848,1742887914.6673186
4,70.703,1742887914.6673186
5,69.827,1742887914.6673186
6,68.653,1742887914.6673186
7,72.003,1742887914.6673186
0,116.747,1742887914.7674954
1,69.544,1742887914.7674954
2,71.999,1742887914.7674954
3,69.86,1742887914.7674954
4,70.713,1742887914.7674954
5,69.841,1742887914.7674954
6,68.628,1742887914.7674954
7,72.001,1742887914.7674954
0,116.75,1742887914.867795
1,69.543,1742887914.867795
2,71.992,1742887914.867795
3,69.862,1742887914.867795
4,70.71,1742887914.867795
5,69.834,1742887914.867795
6,68.633,1742887914.867795
7,72.003,1742887914.867795
0,116.74,1742887914.9679234
1,69.53,1742887914.9679234
2,71.985,1742887914.9679234
3,69.863,1742887914.9679234
4,70.691,1742887914.9679234
5,69.832,1742887914.9679234
6,68.601,1742887914.9679234
7,72.008,1742887914.9679234
0,116.727,1742887915.0680544
1,69.549,1742887915.0680544
2,71.991,1742887915.0680544
3,69.877,1742887915.0680544
4,70.69,1742887915.0680544
5,69.818,1742887915.0680544
6,68.614,1742887915.0680544
7,71.997,1742887915.0680544
0,116.711,1742887915.1681972
1,69.546,1742887915.1681972
2,71.997,1742887915.1681972
3,69.852,1742887915.1681972
4,70.693,1742887915.1681972
5,69.791,1742887915.1681972
6,68.614,1742887915.1681972
7,71.989,1742887915.1681972
0,116.701,1742887915.2682948
1,69.533,1742887915.2682948
2,72.024,1742887915.2682948
3,69.837,1742887915.2682948
4,70.683,1742887915.2682948
5,69.813,1742887915.2682948
6,68.614,1742887915.2682948
7,71.984,1742887915.2682948
0,116.701,1742887915.3683903
1,69.532,1742887915.3683903
2,72.023,1742887915.3683903
3,69.849,1742887915.3683903
4,70.676,1742887915.3683903
5,69.799,1742887915.3683903
6,68.627,1742887915.3683903
7,71.983,1742887915.3683903
0,116.682,1742887915.4684806
1,69.54,1742887915.4684806
2,72.023,1742887915.4684806
3,69.864,1742887915.4684806
4,70.676,1742887915.4684806
5,69.819,1742887915.4684806
6,68.615,1742887915.4684806
7,71.972,1742887915.4684806
0,116.676,1742887915.5686152
1,69.51,1742887915.5686152
2,72.024,1742887915.5686152
3,69.867,1742887915.5686152
4,70.657,1742887915.5686152
5,69.812,1742887915.5686152
6,68.614,1742887915.5686152
7,71.983,1742887915.5686152
0,116.657,1742887915.6687343
1,69.513,1742887915.6687343
2,72.036,1742887915.6687343
3,69.869,1742887915.6687343
4,70.648,1742887915.6687343
5,69.801,1742887915.6687343
6,68.607,1742887915.6687343
7,71.996,1742887915.6687343
0,116.664,1742887915.7688758
1,69.52,1742887915.7688758
2,72.031,1742887915.7688758
3,69.854,1742887915.7688758
4,70.646,1742887915.7688758
5,69.806,1742887915.7688758
6,68.6,1742887915.7688758
7,71.978,1742887915.7688758
0,116.677,1742887915.8690062
1,69.513,1742887915.8690062
2,72.042,1742887915.8690062
3,69.858,1742887915.8690062
4,70.632,1742887915.8690062
5,69.785,1742887915.8690062
6,68.601,1742887915.8690062
7,71.976,1742887915.8690062
0,116.703,1742887915.9691336
1,69.492,1742887915.9691336
2,72.051,1742887915.9691336
3,69.863,1742887915.9691336
4,70.645,1742887915.9691336
5,69.827,1742887915.9691336
6,68.587,1742887915.9691336
7,71.971,1742887915.9691336
0,116.71,1742887916.0692677
1,69.507,1742887916.0692677
2,72.055,1742887916.0692677
3,69.85,1742887916.0692677
4,70.629,1742887916.0692677
5,69.805,1742887916.0692677
6,68.594,1742887916.0692677
7,71.975,1742887916.0692677
0,116.729,1742887916.1693923
1,69.498,1742887916.1693923
2,72.037,1742887916.1693923
3,69.866,1742887916.1693923
4,70.615,1742887916.1693923
5,69.814,1742887916.1693923
6,68.594,1742887916.1693923
7,71.997,1742887916.1693923
0,116.723,1742887916.2695243
1,69.504,1742887916.2695243
2,72.024,1742887916.2695243
3,69.865,1742887916.2695243
4,70.602,1742887916.2695243
5,69.818,1742887916.2695243
6,68.607,1742887916.2695243
7,71.988,1742887916.2695243
0,116.736,1742887916.3696227
1,69.498,1742887916.3696227
2,72.024,1742887916.3696227
3,69.867,1742887916.3696227
4,70.586,1742887916.3696227
5,69.795,1742887916.3696227
6,68.614,1742887916.3696227
7,71.988,1742887916.3696227
0,116.726,1742887916.4697587
1,69.506,1742887916.4697587
2,72.018,1742887916.4697587
3,69.86,1742887916.4697587
4,70.56,1742887916.4697587
5,69.799,1742887916.4697587
6,68.601,1742887916.4697587
7,72.001,1742887916.4697587
0,116.736,1742887916.569862
1,69.504,1742887916.569862
2,72.011,1742887916.569862
3,69.86,1742887916.569862
4,70.561,1742887916.569862
5,69.78,1742887916.569862
6,68.601,1742887916.569862
7,71.988,1742887916.569862
0,116.726,1742887916.669966
1,69.525,1742887916.669966
2,71.998,1742887916.669966
3,69.852,1742887916.669966
4,70.584,1742887916.669966
5,69.813,1742887916.669966
6,68.581,1742887916.669966
7,71.988,1742887916.669966
0,116.726,1742887916.770062
1,69.491,1742887916.770062
2,71.998,1742887916.770062
3,69.879,1742887916.770062
4,70.592,1742887916.770062
5,69.784,1742887916.770062
6,68.582,1742887916.770062
7,72.008,1742887916.770062
0,116.713,1742887916.8701828
1,69.51,1742887916.8701828
2,71.972,1742887916.8701828
3,69.886,1742887916.8701828
4,70.6,1742887916.8701828
5,69.812,1742887916.8701828
6,68.588,1742887916.8701828
7,72.013,1742887916.8701828
0,116.703,1742887916.970301
1,69.504,1742887916.970301
2,71.972,1742887916.970301
3,69.887,1742887916.970301
4,70.593,1742887916.970301
5,69.801,1742887916.970301
6,68.594,1742887916.970301
7,72.013,1742887916.970301
0,116.703,1742887917.0704224
1,69.513,1742887917.0704224
2,71.965,1742887917.0704224
3,69.9,1742887917.0704224
4,70.597,1742887917.0704224
5,69.8,1742887917.0704224
6,68.589,1742887917.0704224
7,72.013,1742887917.0704224
0,116.7,1742887917.1705437
1,69.51,1742887917.1705437
2,71.952,1742887917.1705437
3,69.894,1742887917.1705437
4,70.591,1742887917.1705437
5,69.808,1742887917.1705437
6,68.594,1742887917.1705437
7,71.994,1742887917.1705437
0,116.694,1742887917.270661
1,69.51,1742887917.270661
2,71.952,1742887917.270661
3,69.891,1742887917.270661
4,70.628,1742887917.270661
5,69.798,1742887917.270661
6,68.589,1742887917.270661
7,71.989,1742887917.270661
0,116.709,1742887917.370831
1,69.51,1742887917.370831
2,71.952,1742887917.370831
3,69.901,1742887917.370831
4,70.657,1742887917.370831
5,69.815,1742887917.370831
6,68.587,1742887917.370831
7,71.989,1742887917.370831
0,116.713,1742887917.47095
1,69.51,1742887917.47095
2,71.945,1742887917.47095
3,69.886,1742887917.47095
4,70.685,1742887917.47095
5,69.794,1742887917.47095
6,68.575,1742887917.47095
7,71.998,1742887917.47095
0,116.703,1742887917.571055
1,69.504,1742887917.571055
2,71.932,1742887917.571055
3,69.894,1742887917.571055
4,70.698,1742887917.571055
5,69.814,1742887917.571055
6,68.575,1742887917.571055
7,71.996,1742887917.571055
0,116.709,1742887917.671181
1,69.506,1742887917.671181
2,71.939,1742887917.671181
3,69.904,1742887917.671181
4,70.707,1742887917.671181
5,69.809,1742887917.671181
6,68.588,1742887917.671181
7,72.019,1742887917.671181
0,116.722,1742887917.7713144
1,69.505,1742887917.7713144
2,71.939,1742887917.7713144
3,69.888,1742887917.7713144
4,70.708,1742887917.7713144
5,69.803,1742887917.7713144
6,68.587,1742887917.7713144
7,72.004,1742887917.7713144
0,116.716,1742887917.8714187
1,69.526,1742887917.8714187
2,71.932,1742887917.8714187
3,69.886,1742887917.8714187
4,70.696,1742887917.8714187
5,69.803,1742887917.8714187
6,68.587,1742887917.8714187
7,72.013,1742887917.8714187
0,116.719,1742887917.9715211
1,69.505,1742887917.9715211
2,71.919,1742887917.9715211
3,69.887,1742887917.9715211
4,70.69,1742887917.9715211
5,69.805,1742887917.9715211
6,68.607,1742887917.9715211
7,72.0,1742887917.9715211
0,116.709,1742887918.0716255
1,69.539,1742887918.0716255
2,71.926,1742887918.0716255
3,69.871,1742887918.0716255
4,70.691,1742887918.0716255
5,69.805,1742887918.0716255
6,68.619,1742887918.0716255
7,72.0,1742887918.0716255
0,116.716,1742887918.1717303
1,69.512,1742887918.1717303
2,71.913,1742887918.1717303
3,69.887,1742887918.1717303
4,70.704,1742887918.1717303
5,69.786,1742887918.1717303
6,68.607,1742887918.1717303
7,71.997,1742887918.1717303
0,116.716,1742887918.2718344
1,69.54,1742887918.2718344
2,71.92,1742887918.2718344
3,69.886,1742887918.2718344
4,70.714,1742887918.2718344
5,69.786,1742887918.2718344
6,68.613,1742887918.2718344
7,72.005,1742887918.2718344
0,116.716,1742887918.3719757
1,69.526,1742887918.3719757
2,71.92,1742887918.3719757
3,69.877,1742887918.3719757
4,70.726,1742887918.3719757
5,69.78,1742887918.3719757
6,68.607,1742887918.3719757
7,72.005,1742887918.3719757
0,116.729,1742887918.4721165
1,69.541,1742887918.4721165
2,71.933,1742887918.4721165
3,69.891,1742887918.4721165
4,70.931,1742887918.4721165
5,69.783,1742887918.4721165
6,68.626,1742887918.4721165
7,71.991,1742887918.4721165
0,116.729,1742887918.5722215
1,69.531,1742887918.5722215
2,71.933,1742887918.5722215
3,69.876,1742887918.5722215
4,70.719,1742887918.5722215
5,69.789,1742887918.5722215
6,68.626,1742887918.5722215
7,71.991,1742887918.5722215
0,116.742,1742887918.6723554
1,69.548,1742887918.6723554
2,71.926,1742887918.6723554
3,69.879,1742887918.6723554
4,70.685,1742887918.6723554
5,69.789,1742887918.6723554
6,68.639,1742887918.6723554
7,71.962,1742887918.6723554
0,116.74,1742887918.7724788
1,69.534,1742887918.7724788
2,71.94,1742887918.7724788
3,69.883,1742887918.7724788
4,70.674,1742887918.7724788
5,69.769,1742887918.7724788
6,68.659,1742887918.7724788
7,71.963,1742887918.7724788
0,116.733,1742887918.8726225
1,69.555,1742887918.8726225
2,71.954,1742887918.8726225
3,69.883,1742887918.8726225
4,70.678,1742887918.8726225
5,69.755,1742887918.8726225
6,68.646,1742887918.8726225
7,71.963,1742887918.8726225
0,116.733,1742887918.972752
1,69.52,1742887918.972752
2,71.967,1742887918.972752
3,69.891,1742887918.972752
4,70.696,1742887918.972752
5,69.738,1742887918.972752
6,68.632,1742887918.972752
7,71.968,1742887918.972752
0,116.74,1742887919.072882
1,69.524,1742887919.072882
2,71.96,1742887919.072882
3,69.905,1742887919.072882
4,70.675,1742887919.072882
5,69.744,1742887919.072882
6,68.612,1742887919.072882
7,71.962,1742887919.072882
0,116.733,1742887919.1730173
1,69.524,1742887919.1730173
2,71.992,1742887919.1730173
3,69.897,1742887919.1730173
4,70.676,1742887919.1730173
5,69.754,1742887919.1730173
6,68.638,1742887919.1730173
7,71.957,1742887919.1730173
0,116.72,1742887919.273134
1,69.541,1742887919.273134
2,71.986,1742887919.273134
3,69.897,1742887919.273134
4,70.671,1742887919.273134
5,69.803,1742887919.273134
6,68.645,1742887919.273134
7,71.964,1742887919.273134
0,116.714,1742887919.3732593
1,69.518,1742887919.3732593
2,71.979,1742887919.3732593
3,69.896,1742887919.3732593
4,70.651,1742887919.3732593
5,69.816,1742887919.3732593
6,68.651,1742887919.3732593
7,71.976,1742887919.3732593
0,116.7,1742887919.4733808
1,69.532,1742887919.4733808
2,71.986,1742887919.4733808
3,69.887,1742887919.4733808
4,70.63,1742887919.4733808
5,69.807,1742887919.4733808
6,68.638,1742887919.4733808
7,71.965,1742887919.4733808
0,116.707,1742887919.573485
1,69.506,1742887919.573485
2,71.986,1742887919.573485
3,69.881,1742887919.573485
4,70.616,1742887919.573485
5,69.82,1742887919.573485
6,68.638,1742887919.573485
7,71.964,1742887919.573485
0,116.698,1742887919.6736
1,69.531,1742887919.6736
2,71.992,1742887919.6736
3,69.894,1742887919.6736
4,70.621,1742887919.6736
5,69.82,1742887919.6736
6,68.632,1742887919.6736
7,71.972,1742887919.6736
0,116.7,1742887919.7737372
1,69.506,1742887919.7737372
2,71.986,1742887919.7737372
3,69.886,1742887919.7737372
4,70.63,1742887919.7737372
5,69.847,1742887919.7737372
6,68.631,1742887919.7737372
7,71.999,1742887919.7737372
0,116.687,1742887919.8738744
1,69.524,1742887919.8738744
2,71.999,1742887919.8738744
3,69.879,1742887919.8738744
4,70.624,1742887919.8738744
5,69.867,1742887919.8738744
6,68.619,1742887919.8738744
7,72.001,1742887919.8738744
0,116.707,1742887919.9740155
1,69.524,1742887919.9740155
2,71.999,1742887919.9740155
3,69.849,1742887919.9740155
4,70.635,1742887919.9740155
5,69.861,1742887919.9740155
6,68.625,1742887919.9740155
7,71.988,1742887919.9740155
0,116.703,1742887920.0741458
1,69.506,1742887920.0741458
2,72.013,1742887920.0741458
3,69.844,1742887920.0741458
4,70.628,1742887920.0741458
5,69.861,1742887920.0741458
6,68.639,1742887920.0741458
7,71.994,1742887920.0741458
0,116.707,1742887920.1742492
1,69.553,1742887920.1742492
2,72.02,1742887920.1742492
3,69.844,1742887920.1742492
4,70.613,1742887920.1742492
5,69.83,1742887920.1742492
6,68.639,1742887920.1742492
7,71.999,1742887920.1742492
0,116.709,1742887920.274393
1,69.512,1742887920.274393
2,72.019,1742887920.274393
3,69.848,1742887920.274393
4,70.603,1742887920.274393
5,69.829,1742887920.274393
6,68.639,1742887920.274393
7,71.986,1742887920.274393
0,116.703,1742887920.3746443
1,69.539,1742887920.3746443
2,72.019,1742887920.3746443
3,69.858,1742887920.3746443
4,70.625,1742887920.3746443
5,69.807,1742887920.3746443
6,68.633,1742887920.3746443
7,71.979,1742887920.3746443
0,116.722,1742887920.4747732
1,69.499,1742887920.4747732
2,72.026,1742887920.4747732
3,69.842,1742887920.4747732
4,70.647,1742887920.4747732
5,69.819,1742887920.4747732
6,68.633,1742887920.4747732
7,71.985,1742887920.4747732
0,116.709,1742887920.5748808
1,69.526,1742887920.5748808
2,72.032,1742887920.5748808
3,69.852,1742887920.5748808
4,70.649,1742887920.5748808
5,69.81,1742887920.5748808
6,68.633,1742887920.5748808
7,71.973,1742887920.5748808
0,116.713,1742887920.6750236
1,69.499,1742887920.6750236
2,72.039,1742887920.6750236
3,69.832,1742887920.6750236
4,70.658,1742887920.6750236
5,69.824,1742887920.6750236
6,68.626,1742887920.6750236
7,71.984,1742887920.6750236
0,116.716,1742887920.775157
1,69.533,1742887920.775157
2,72.037,1742887920.775157
3,69.824,1742887920.775157
4,70.651,1742887920.775157
5,69.804,1742887920.775157
6,68.632,1742887920.775157
7,71.962,1742887920.775157
0,116.716,1742887920.8753026
1,69.499,1742887920.8753026
2,72.044,1742887920.8753026
3,69.837,1742887920.8753026
4,70.663,1742887920.8753026
5,69.765,1742887920.8753026
6,68.633,1742887920.8753026
7,71.949,1742887920.8753026
0,116.726,1742887920.9754412
1,69.52,1742887920.9754412
2,72.031,1742887920.9754412
3,69.86,1742887920.9754412
4,70.667,1742887920.9754412
5,69.785,1742887920.9754412
6,68.646,1742887920.9754412
7,71.955,1742887920.9754412
0,116.707,1742887921.075568
1,69.492,1742887921.075568
2,72.037,1742887921.075568
3,69.858,1742887921.075568
4,70.69,1742887921.075568
5,69.779,1742887921.075568
6,68.659,1742887921.075568
7,71.963,1742887921.075568
0,116.726,1742887921.1757076
1,69.504,1742887921.1757076
2,72.03,1742887921.1757076
3,69.853,1742887921.1757076
4,70.705,1742887921.1757076
5,69.819,1742887921.1757076
6,68.652,1742887921.1757076
7,71.956,1742887921.1757076
0,116.719,1742887921.275808
1,69.503,1742887921.275808
2,72.037,1742887921.275808
3,69.85,1742887921.275808
4,70.714,1742887921.275808
5,69.806,1742887921.275808
6,68.639,1742887921.275808
7,71.962,1742887921.275808
0,116.739,1742887921.3759396
1,69.509,1742887921.3759396
2,72.05,1742887921.3759396
3,69.84,1742887921.3759396
4,70.705,1742887921.3759396
5,69.788,1742887921.3759396
6,68.639,1742887921.3759396
7,71.983,1742887921.3759396
0,116.726,1742887921.4761164
1,69.522,1742887921.4761164
2,72.044,1742887921.4761164
3,69.846,1742887921.4761164
4,70.73,1742887921.4761164
5,69.8,1742887921.4761164
6,68.639,1742887921.4761164
7,71.969,1742887921.4761164
0,116.739,1742887921.5762353
1,69.535,1742887921.5762353
2,72.051,1742887921.5762353
3,69.846,1742887921.5762353
4,70.726,1742887921.5762353
5,69.787,1742887921.5762353
6,68.639,1742887921.5762353
7,71.984,1742887921.5762353
0,116.722,1742887921.676357
1,69.528,1742887921.676357
2,72.044,1742887921.676357
3,69.853,1742887921.676357
4,70.69,1742887921.676357
5,69.814,1742887921.676357
6,68.639,1742887921.676357
7,71.984,1742887921.676357
0,116.739,1742887921.7764893
1,69.525,1742887921.7764893
2,72.037,1742887921.7764893
3,69.88,1742887921.7764893
4,70.698,1742887921.7764893
5,69.828,1742887921.7764893
6,68.659,1742887921.7764893
7,71.991,1742887921.7764893
0,116.729,1742887921.8765955
1,69.522,1742887921.8765955
2,72.022,1742887921.8765955
3,69.873,1742887921.8765955
4,70.692,1742887921.8765955
5,69.849,1742887921.8765955
6,68.665,1742887921.8765955
7,72.012,1742887921.8765955
0,116.735,1742887921.9767308
1,69.518,1742887921.9767308
2,72.029,1742887921.9767308
3,69.846,1742887921.9767308
4,70.691,1742887921.9767308
5,69.828,1742887921.9767308
6,68.652,1742887921.9767308
7,72.025,1742887921.9767308
0,116.735,1742887922.0768585
1,69.516,1742887922.0768585
2,72.03,1742887922.0768585
3,69.861,1742887922.0768585
4,70.676,1742887922.0768585
5,69.815,1742887922.0768585
6,68.659,1742887922.0768585
7,72.026,1742887922.0768585
0,116.729,1742887922.1769972
1,69.54,1742887922.1769972
2,72.03,1742887922.1769972
3,69.874,1742887922.1769972
4,70.66,1742887922.1769972
5,69.807,1742887922.1769972
6,68.645,1742887922.1769972
7,72.026,1742887922.1769972
0,116.726,1742887922.277129
1,69.534,1742887922.277129
2,72.016,1742887922.277129
3,69.875,1742887922.277129
4,70.652,1742887922.277129
5,69.806,1742887922.277129
6,68.646,1742887922.277129
7,72.039,1742887922.277129
0,116.742,1742887922.3772275
1,69.555,1742887922.3772275
2,72.017,1742887922.3772275
3,69.882,1742887922.3772275
4,70.64,1742887922.3772275
5,69.839,1742887922.3772275
6,68.626,1742887922.3772275
7,72.026,1742887922.3772275
0,116.755,1742887922.4773712
1,69.514,1742887922.4773712
2,72.023,1742887922.4773712
3,69.873,1742887922.4773712
4,70.629,1742887922.4773712
5,69.824,1742887922.4773712
6,68.639,1742887922.4773712
7,72.039,1742887922.4773712
0,116.768,1742887922.5774927
1,69.528,1742887922.5774927
2,72.009,1742887922.5774927
3,69.883,1742887922.5774927
4,70.617,1742887922.5774927
5,69.831,1742887922.5774927
6,68.652,1742887922.5774927
7,72.023,1742887922.5774927
0,116.768,1742887922.6777234
1,69.519,1742887922.6777234
2,72.023,1742887922.6777234
3,69.879,1742887922.6777234
4,70.621,1742887922.6777234
5,69.821,1742887922.6777234
6,68.652,1742887922.6777234
7,72.029,1742887922.6777234
0,116.766,1742887922.7778635
1,69.535,1742887922.7778635
2,72.024,1742887922.7778635
3,69.861,1742887922.7778635
4,70.593,1742887922.7778635
5,69.831,1742887922.7778635
6,68.659,1742887922.7778635
7,72.016,1742887922.7778635
0,116.766,1742887922.8780344
1,69.521,1742887922.8780344
2,72.024,1742887922.8780344
3,69.88,1742887922.8780344
4,70.599,1742887922.8780344
5,69.819,1742887922.8780344
6,68.646,1742887922.8780344
7,71.991,1742887922.8780344
0,116.753,1742887922.9781713
1,69.548,1742887922.9781713
2,72.017,1742887922.9781713
3,69.899,1742887922.9781713
4,70.587,1742887922.9781713
5,69.792,1742887922.9781713
6,68.633,1742887922.9781713
7,71.995,1742887922.9781713
0,116.76,1742887923.0783048
1,69.534,1742887923.0783048
2,72.017,1742887923.0783048
3,69.885,1742887923.0783048
4,70.59,1742887923.0783048
5,69.84,1742887923.0783048
6,68.633,1742887923.0783048
7,71.99,1742887923.0783048
0,116.753,1742887923.178454
1,69.535,1742887923.178454
2,72.011,1742887923.178454
3,69.892,1742887923.178454
4,70.621,1742887923.178454
5,69.82,1742887923.178454
6,68.627,1742887923.178454
7,71.994,1742887923.178454
0,116.74,1742887923.2785833
1,69.511,1742887923.2785833
2,71.998,1742887923.2785833
3,69.894,1742887923.2785833
4,70.613,1742887923.2785833
5,69.828,1742887923.2785833
6,68.639,1742887923.2785833
7,71.988,1742887923.2785833
0,116.73,1742887923.3787057
1,69.521,1742887923.3787057
2,71.998,1742887923.3787057
3,69.884,1742887923.3787057
4,70.633,1742887923.3787057
5,69.806,1742887923.3787057
6,68.646,1742887923.3787057
7,71.981,1742887923.3787057
0,116.73,1742887923.4788458
1,69.525,1742887923.4788458
2,71.985,1742887923.4788458
3,69.884,1742887923.4788458
4,70.626,1742887923.4788458
5,69.82,1742887923.4788458
6,68.653,1742887923.4788458
7,71.968,1742887923.4788458
0,116.711,1742887923.5790186
1,69.525,1742887923.5790186
2,71.985,1742887923.5790186
3,69.868,1742887923.5790186
4,70.642,1742887923.5790186
5,69.833,1742887923.5790186
6,68.646,1742887923.5790186
7,71.975,1742887923.5790186
0,116.698,1742887923.6791344
1,69.528,1742887923.6791344
2,71.985,1742887923.6791344
3,69.871,1742887923.6791344
4,70.637,1742887923.6791344
5,69.813,1742887923.6791344
6,68.627,1742887923.6791344
7,71.978,1742887923.6791344
0,116.705,1742887923.7792764
1,69.569,1742887923.7792764
2,71.979,1742887923.7792764
3,69.892,1742887923.7792764
4,70.674,1742887923.7792764
5,69.84,1742887923.7792764
6,68.62,1742887923.7792764
7,71.985,1742887923.7792764
0,116.703,1742887923.879419
1,69.541,1742887923.879419
2,71.959,1742887923.879419
3,69.892,1742887923.879419
4,70.672,1742887923.879419
5,69.822,1742887923.879419
6,68.614,1742887923.879419
7,71.992,1742887923.879419
0,116.722,1742887923.9795663
1,69.548,1742887923.9795663
2,71.959,1742887923.9795663
3,69.885,1742887923.9795663
4,70.69,1742887923.9795663
5,69.849,1742887923.9795663
6,68.613,1742887923.9795663
7,71.979,1742887923.9795663
0,116.726,1742887924.0797355
1,69.532,1742887924.0797355
2,71.966,1742887924.0797355
3,69.878,1742887924.0797355
4,70.696,1742887924.0797355
5,69.835,1742887924.0797355
6,68.633,1742887924.0797355
7,71.978,1742887924.0797355
0,116.745,1742887924.1798723
1,69.538,1742887924.1798723
2,71.966,1742887924.1798723
3,69.851,1742887924.1798723
4,70.674,1742887924.1798723
5,69.865,1742887924.1798723
6,68.652,1742887924.1798723
7,71.967,1742887924.1798723
0,116.758,1742887924.2800066
1,69.538,1742887924.2800066
2,71.946,1742887924.2800066
3,69.851,1742887924.2800066
4,70.691,1742887924.2800066
5,69.874,1742887924.2800066
6,68.646,1742887924.2800066
7,71.972,1742887924.2800066
0,116.755,1742887924.3801372
1,69.563,1742887924.3801372
2,71.946,1742887924.3801372
3,69.837,1742887924.3801372
4,70.685,1742887924.3801372
5,69.855,1742887924.3801372
6,68.64,1742887924.3801372
7,71.966,1742887924.3801372
0,116.752,1742887924.4802685
1,69.521,1742887924.4802685
2,71.953,1742887924.4802685
3,69.865,1742887924.4802685
4,70.705,1742887924.4802685
5,69.856,1742887924.4802685
6,68.62,1742887924.4802685
7,71.985,1742887924.4802685
0,116.762,1742887924.580398
1,69.555,1742887924.580398
2,71.941,1742887924.580398
3,69.866,1742887924.580398
4,70.71,1742887924.580398
5,69.821,1742887924.580398
6,68.621,1742887924.580398
7,71.985,1742887924.580398
0,116.765,1742887924.6805322
1,69.521,1742887924.6805322
2,71.947,1742887924.6805322
3,69.88,1742887924.6805322
4,70.714,1742887924.6805322
5,69.848,1742887924.6805322
6,68.614,1742887924.6805322
7,71.984,1742887924.6805322
0,116.771,1742887924.7806604
1,69.527,1742887924.7806604
2,71.96,1742887924.7806604
3,69.871,1742887924.7806604
4,70.702,1742887924.7806604
5,69.853,1742887924.7806604
6,68.621,1742887924.7806604
7,71.99,1742887924.7806604
0,116.768,1742887924.8807948
1,69.52,1742887924.8807948
2,71.966,1742887924.8807948
3,69.858,1742887924.8807948
4,70.694,1742887924.8807948
5,69.839,1742887924.8807948
6,68.627,1742887924.8807948
7,71.97,1742887924.8807948
0,116.764,1742887924.9809227
1,69.534,1742887924.9809227
2,71.966,1742887924.9809227
3,69.851,1742887924.9809227
4,70.709,1742887924.9809227
5,69.839,1742887924.9809227
6,68.641,1742887924.9809227
7,71.982,1742887924.9809227
0,116.745,1742887925.0810513
1,69.523,1742887925.0810513
2,71.973,1742887925.0810513
3,69.853,1742887925.0810513
4,70.693,1742887925.0810513
5,69.81,1742887925.0810513
6,68.621,1742887925.0810513
7,71.982,1742887925.0810513
0,116.752,1742887925.181221
1,69.524,1742887925.181221
2,71.987,1742887925.181221
3,69.854,1742887925.181221
4,70.692,1742887925.181221
5,69.798,1742887925.181221
6,68.615,1742887925.181221
7,71.983,1742887925.181221
0,116.752,1742887925.281386
1,69.53,1742887925.281386
2,72.006,1742887925.281386
3,69.866,1742887925.281386
4,70.662,1742887925.281386
5,69.771,1742887925.281386
6,68.621,1742887925.281386
7,71.983,1742887925.281386
0,116.758,1742887925.3815157
1,69.527,1742887925.3815157
2,72.02,1742887925.3815157
3,69.87,1742887925.3815157
4,70.641,1742887925.3815157
5,69.804,1742887925.3815157
6,68.608,1742887925.3815157
7,71.989,1742887925.3815157
0,116.776,1742887925.4816597
1,69.524,1742887925.4816597
2,72.013,1742887925.4816597
3,69.877,1742887925.4816597
4,70.648,1742887925.4816597
5,69.824,1742887925.4816597
6,68.608,1742887925.4816597
7,72.009,1742887925.4816597
0,116.769,1742887925.5818396
1,69.533,1742887925.5818396
2,72.026,1742887925.5818396
3,69.863,1742887925.5818396
4,70.649,1742887925.5818396
5,69.832,1742887925.5818396
6,68.613,1742887925.5818396
7,72.007,1742887925.5818396
0,116.756,1742887925.6819894
1,69.506,1742887925.6819894
2,72.019,1742887925.6819894
3,69.858,1742887925.6819894
4,70.629,1742887925.6819894
5,69.823,1742887925.6819894
6,68.615,1742887925.6819894
7,71.99,1742887925.6819894
0,116.763,1742887925.782146
1,69.54,1742887925.782146
2,72.02,1742887925.782146
3,69.872,1742887925.782146
4,70.608,1742887925.782146
5,69.804,1742887925.782146
6,68.627,1742887925.782146
7,71.995,1742887925.782146
0,116.759,1742887925.88228
1,69.519,1742887925.88228
2,72.033,1742887925.88228
3,69.871,1742887925.88228
4,70.628,1742887925.88228
5,69.783,1742887925.88228
6,68.628,1742887925.88228
7,72.018,1742887925.88228
0,116.769,1742887925.982412
1,69.554,1742887925.982412
2,72.045,1742887925.982412
3,69.872,1742887925.982412
4,70.614,1742887925.982412
5,69.779,1742887925.982412
6,68.628,1742887925.982412
7,72.005,1742887925.982412
0,116.769,1742887926.0825481
1,69.554,1742887926.0825481
2,72.039,1742887926.0825481
3,69.857,1742887926.0825481
4,70.602,1742887926.0825481
5,69.812,1742887926.0825481
6,68.634,1742887926.0825481
7,72.003,1742887926.0825481
0,116.743,1742887926.1827312
1,69.544,1742887926.1827312
2,72.044,1742887926.1827312
3,69.865,1742887926.1827312
4,70.612,1742887926.1827312
5,69.82,1742887926.1827312
6,68.628,1742887926.1827312
7,72.01,1742887926.1827312
0,116.743,1742887926.2828715
1,69.553,1742887926.2828715
2,72.032,1742887926.2828715
3,69.857,1742887926.2828715
4,70.613,1742887926.2828715
5,69.834,1742887926.2828715
6,68.621,1742887926.2828715
7,72.012,1742887926.2828715
0,116.736,1742887926.3829844
1,69.512,1742887926.3829844
2,72.025,1742887926.3829844
3,69.858,1742887926.3829844
4,70.619,1742887926.3829844
5,69.818,1742887926.3829844
6,68.615,1742887926.3829844
7,72.006,1742887926.3829844
0,116.729,1742887926.4831595
1,69.553,1742887926.4831595
2,72.025,1742887926.4831595
3,69.849,1742887926.4831595
4,70.596,1742887926.4831595
5,69.799,1742887926.4831595
6,68.615,1742887926.4831595
7,72.006,1742887926.4831595
0,116.729,1742887926.583289
1,69.526,1742887926.583289
2,72.039,1742887926.583289
3,69.86,1742887926.583289
4,70.609,1742887926.583289
5,69.779,1742887926.583289
6,68.621,1742887926.583289
7,72.006,1742887926.583289
0,116.755,1742887926.6834586
1,69.533,1742887926.6834586
2,72.044,1742887926.6834586
3,69.872,1742887926.6834586
4,70.638,1742887926.6834586
5,69.77,1742887926.6834586
6,68.614,1742887926.6834586
7,72.019,1742887926.6834586
0,116.749,1742887926.7835786
1,69.506,1742887926.7835786
2,72.039,1742887926.7835786
3,69.855,1742887926.7835786
4,70.626,1742887926.7835786
5,69.815,1742887926.7835786
6,68.614,1742887926.7835786
7,72.025,1742887926.7835786
0,116.748,1742887926.8837068
1,69.533,1742887926.8837068
2,72.039,1742887926.8837068
3,69.854,1742887926.8837068
4,70.627,1742887926.8837068
5,69.802,1742887926.8837068
6,68.607,1742887926.8837068
7,72.011,1742887926.8837068
0,116.758,1742887926.9838123
1,69.506,1742887926.9838123
2,72.045,1742887926.9838123
3,69.849,1742887926.9838123
4,70.647,1742887926.9838123
5,69.816,1742887926.9838123
6,68.595,1742887926.9838123
7,72.017,1742887926.9838123
0,116.762,1742887927.0839162
1,69.527,1742887927.0839162
2,72.052,1742887927.0839162
3,69.838,1742887927.0839162
4,70.672,1742887927.0839162
5,69.797,1742887927.0839162
6,68.595,1742887927.0839162
7,72.016,1742887927.0839162
0,116.771,1742887927.1840215
1,69.527,1742887927.1840215
2,72.046,1742887927.1840215
3,69.838,1742887927.1840215
4,70.671,1742887927.1840215
5,69.781,1742887927.1840215
6,68.588,1742887927.1840215
7,72.009,1742887927.1840215
0,116.762,1742887927.2841804
1,69.544,1742887927.2841804
2,72.045,1742887927.2841804
3,69.847,1742887927.2841804
4,70.684,1742887927.2841804
5,69.793,1742887927.2841804
6,68.595,1742887927.2841804
7,71.996,1742887927.2841804
0,116.771,1742887927.3842826
1,69.558,1742887927.3842826
2,72.045,1742887927.3842826
3,69.861,1742887927.3842826
4,70.7,1742887927.3842826
5,69.787,1742887927.3842826
6,68.607,1742887927.3842826
7,72.002,1742887927.3842826
0,116.771,1742887927.484414
1,69.551,1742887927.484414
2,72.038,1742887927.484414
3,69.87,1742887927.484414
4,70.709,1742887927.484414
5,69.82,1742887927.484414
6,68.614,1742887927.484414
7,72.0,1742887927.484414
0,116.781,1742887927.58452
1,69.551,1742887927.58452
2,72.058,1742887927.58452
3,69.869,1742887927.58452
4,70.716,1742887927.58452
5,69.801,1742887927.58452
6,68.593,1742887927.58452
7,72.009,1742887927.58452
0,116.777,1742887927.6846483
1,69.564,1742887927.6846483
2,72.058,1742887927.6846483
3,69.868,1742887927.6846483
4,70.734,1742887927.6846483
5,69.822,1742887927.6846483
6,68.6,1742887927.6846483
7,72.0,1742887927.6846483
0,116.777,1742887927.7847846
1,69.558,1742887927.7847846
2,72.056,1742887927.7847846
3,69.878,1742887927.7847846
4,70.742,1742887927.7847846
5,69.797,1742887927.7847846
6,68.586,1742887927.7847846
7,72.003,1742887927.7847846
0,116.781,1742887927.884919
1,69.561,1742887927.884919
2,72.056,1742887927.884919
3,69.871,1742887927.884919
4,70.726,1742887927.884919
5,69.809,1742887927.884919
6,68.586,1742887927.884919
7,72.001,1742887927.884919
0,116.79,1742887927.9850562
1,69.561,1742887927.9850562
2,72.037,1742887927.9850562
3,69.885,1742887927.9850562
4,70.723,1742887927.9850562
5,69.811,1742887927.9850562
6,68.58,1742887927.9850562
7,72.003,1742887927.9850562
0,116.784,1742887928.0851948
1,69.547,1742887928.0851948
2,72.037,1742887928.0851948
3,69.899,1742887928.0851948
4,70.702,1742887928.0851948
5,69.791,1742887928.0851948
6,68.587,1742887928.0851948
7,72.016,1742887928.0851948
0,116.794,1742887928.1853325
1,69.526,1742887928.1853325
2,72.043,1742887928.1853325
3,69.899,1742887928.1853325
4,70.702,1742887928.1853325
5,69.826,1742887928.1853325
6,68.587,1742887928.1853325
7,72.01,1742887928.1853325
0,116.809,1742887928.285468
1,69.535,1742887928.285468
2,72.058,1742887928.285468
3,69.906,1742887928.285468
4,70.718,1742887928.285468
5,69.786,1742887928.285468
6,68.588,1742887928.285468
7,72.023,1742887928.285468
0,116.809,1742887928.3856163
1,69.527,1742887928.3856163
2,72.056,1742887928.3856163
3,69.898,1742887928.3856163
4,70.716,1742887928.3856163
5,69.786,1742887928.3856163
6,68.587,1742887928.3856163
7,72.017,1742887928.3856163
0,116.796,1742887928.4857998
1,69.535,1742887928.4857998
2,72.063,1742887928.4857998
3,69.892,1742887928.4857998
4,70.693,1742887928.4857998
5,69.784,1742887928.4857998
6,68.593,1742887928.4857998
7,72.007,1742887928.4857998
0,116.798,1742887928.5859275
1,69.541,1742887928.5859275
2,72.052,1742887928.5859275
3,69.893,1742887928.5859275
4,70.69,1742887928.5859275
5,69.784,1742887928.5859275
6,68.588,1742887928.5859275
7,72.033,1742887928.5859275
0,116.789,1742887928.6860652
1,69.546,1742887928.6860652
2,72.052,1742887928.6860652
3,69.882,1742887928.6860652
4,70.695,1742887928.6860652
5,69.779,1742887928.6860652
6,68.575,1742887928.6860652
7,72.033,1742887928.6860652
0,116.791,1742887928.7862003
1,69.548,1742887928.7862003
2,72.056,1742887928.7862003
3,69.876,1742887928.7862003
4,70.691,1742887928.7862003
5,69.799,1742887928.7862003
6,68.575,1742887928.7862003
7,72.046,1742887928.7862003
0,116.785,1742887928.8863335
1,69.541,1742887928.8863335
2,72.045,1742887928.8863335
3,69.889,1742887928.8863335
4,70.68,1742887928.8863335
5,69.786,1742887928.8863335
6,68.587,1742887928.8863335
7,72.046,1742887928.8863335
0,116.776,1742887928.9864757
1,69.535,1742887928.9864757
2,72.043,1742887928.9864757
3,69.876,1742887928.9864757
4,70.664,1742887928.9864757
5,69.814,1742887928.9864757
6,68.601,1742887928.9864757
7,72.052,1742887928.9864757
0,116.772,1742887929.0866158
1,69.527,1742887929.0866158
2,72.049,1742887929.0866158
3,69.88,1742887929.0866158
4,70.649,1742887929.0866158
5,69.793,1742887929.0866158
6,68.601,1742887929.0866158
7,72.038,1742887929.0866158
0,116.772,1742887929.1867185
1,69.525,1742887929.1867185
2,72.043,1742887929.1867185
3,69.897,1742887929.1867185
4,70.647,1742887929.1867185
5,69.808,1742887929.1867185
6,68.607,1742887929.1867185
7,72.045,1742887929.1867185
0,116.758,1742887929.2868207
1,69.538,1742887929.2868207
2,72.038,1742887929.2868207
3,69.889,1742887929.2868207
4,70.641,1742887929.2868207
5,69.82,1742887929.2868207
6,68.607,1742887929.2868207
7,72.044,1742887929.2868207
0,116.755,1742887929.3869274
1,69.532,1742887929.3869274
2,72.025,1742887929.3869274
3,69.897,1742887929.3869274
4,70.63,1742887929.3869274
5,69.829,1742887929.3869274
6,68.607,1742887929.3869274
7,72.05,1742887929.3869274
0,116.766,1742887929.487037
1,69.53,1742887929.487037
2,72.025,1742887929.487037
3,69.903,1742887929.487037
4,70.66,1742887929.487037
5,69.832,1742887929.487037
6,68.6,1742887929.487037
7,72.062,1742887929.487037
0,116.785,1742887929.5871377
1,69.524,1742887929.5871377
2,72.01,1742887929.5871377
3,69.896,1742887929.5871377
4,70.646,1742887929.5871377
5,69.813,1742887929.5871377
6,68.6,1742887929.5871377
7,72.028,1742887929.5871377
0,116.779,1742887929.687226
1,69.517,1742887929.687226
2,72.004,1742887929.687226
3,69.896,1742887929.687226
4,70.632,1742887929.687226
5,69.837,1742887929.687226
6,68.613,1742887929.687226
7,72.024,1742887929.687226
0,116.796,1742887929.7873547
1,69.524,1742887929.7873547
2,71.991,1742887929.7873547
3,69.902,1742887929.7873547
4,70.624,1742887929.7873547
5,69.82,1742887929.7873547
6,68.626,1742887929.7873547
7,72.021,1742887929.7873547
0,116.796,1742887929.8874886
1,69.526,1742887929.8874886
2,71.985,1742887929.8874886
3,69.88,1742887929.8874886
4,70.659,1742887929.8874886
5,69.839,1742887929.8874886
6,68.626,1742887929.8874886
7,72.017,1742887929.8874886
0,116.796,1742887929.9876177
1,69.544,1742887929.9876177
2,71.979,1742887929.9876177
3,69.88,1742887929.9876177
4,70.667,1742887929.9876177
5,69.848,1742887929.9876177
6,68.627,1742887929.9876177
7,72.002,1742887929.9876177
0,116.796,1742887930.0877597
1,69.538,1742887930.0877597
2,71.966,1742887930.0877597
3,69.89,1742887930.0877597
4,70.676,1742887930.0877597
5,69.822,1742887930.0877597
6,68.626,1742887930.0877597
7,72.017,1742887930.0877597
0,116.805,1742887930.1878974
1,69.547,1742887930.1878974
2,71.965,1742887930.1878974
3,69.872,1742887930.1878974
4,70.712,1742887930.1878974
5,69.835,1742887930.1878974
6,68.633,1742887930.1878974
7,72.011,1742887930.1878974
0,116.798,1742887930.288009
1,69.533,1742887930.288009
2,71.959,1742887930.288009
3,69.877,1742887930.288009
4,70.724,1742887930.288009
5,69.795,1742887930.288009
6,68.619,1742887930.288009
7,72.011,1742887930.288009
0,116.795,1742887930.3881364
1,69.54,1742887930.3881364
2,71.959,1742887930.3881364
3,69.863,1742887930.3881364
4,70.728,1742887930.3881364
5,69.815,1742887930.3881364
6,68.619,1742887930.3881364
7,72.011,1742887930.3881364
0,116.791,1742887930.488277
1,69.539,1742887930.488277
2,71.947,1742887930.488277
3,69.859,1742887930.488277
4,70.685,1742887930.488277
5,69.807,1742887930.488277
6,68.626,1742887930.488277
7,71.989,1742887930.488277
0,116.797,1742887930.588396
1,69.547,1742887930.588396
2,71.94,1742887930.588396
3,69.858,1742887930.588396
4,70.687,1742887930.588396
5,69.835,1742887930.588396
6,68.626,1742887930.588396
7,71.985,1742887930.588396
0,116.778,1742887930.6885264
1,69.533,1742887930.6885264
2,71.947,1742887930.6885264
3,69.858,1742887930.6885264
4,70.682,1742887930.6885264
5,69.826,1742887930.6885264
6,68.646,1742887930.6885264
7,71.983,1742887930.6885264
0,116.797,1742887930.7886677
1,69.56,1742887930.7886677
2,71.939,1742887930.7886677
3,69.842,1742887930.7886677
4,70.708,1742887930.7886677
5,69.793,1742887930.7886677
6,68.652,1742887930.7886677
7,71.992,1742887930.7886677
0,116.777,1742887930.888798
1,69.539,1742887930.888798
2,71.966,1742887930.888798
3,69.872,1742887930.888798
4,70.693,1742887930.888798
5,69.807,1742887930.888798
6,68.646,1742887930.888798
7,71.984,1742887930.888798
0,116.803,1742887930.988944
1,69.547,1742887930.988944
2,71.972,1742887930.988944
3,69.873,1742887930.988944
4,70.705,1742887930.988944
5,69.779,1742887930.988944
6,68.639,1742887930.988944
7,71.999,1742887930.988944
0,116.811,1742887931.0890806
1,69.543,1742887931.0890806
2,71.973,1742887931.0890806
3,69.861,1742887931.0890806
4,70.711,1742887931.0890806
5,69.797,1742887931.0890806
6,68.632,1742887931.0890806
7,71.984,1742887931.0890806
0,116.815,1742887931.1892214
1,69.537,1742887931.1892214
2,71.952,1742887931.1892214
3,69.859,1742887931.1892214
4,70.684,1742887931.1892214
5,69.798,1742887931.1892214
6,68.633,1742887931.1892214
7,71.983,1742887931.1892214
0,116.804,1742887931.2893574
1,69.539,1742887931.2893574
2,71.96,1742887931.2893574
3,69.865,1742887931.2893574
4,70.679,1742887931.2893574
5,69.815,1742887931.2893574
6,68.626,1742887931.2893574
7,71.977,1742887931.2893574
0,116.83,1742887931.3895006
1,69.55,1742887931.3895006
2,71.96,1742887931.3895006
3,69.86,1742887931.3895006
4,70.667,1742887931.3895006
5,69.817,1742887931.3895006
6,68.646,1742887931.3895006
7,71.983,1742887931.3895006
0,116.83,1742887931.4896452
1,69.534,1742887931.4896452
2,71.966,1742887931.4896452
3,69.875,1742887931.4896452
4,70.68,1742887931.4896452
5,69.8,1742887931.4896452
6,68.652,1742887931.4896452
7,71.99,1742887931.4896452
0,116.831,1742887931.5897849
1,69.551,1742887931.5897849
2,71.985,1742887931.5897849
3,69.859,1742887931.5897849
4,70.683,1742887931.5897849
5,69.797,1742887931.5897849
6,68.666,1742887931.5897849
7,71.996,1742887931.5897849
0,116.836,1742887931.6899233
1,69.527,1742887931.6899233
2,71.998,1742887931.6899233
3,69.86,1742887931.6899233
4,70.688,1742887931.6899233
5,69.771,1742887931.6899233
6,68.652,1742887931.6899233
7,71.995,1742887931.6899233
0,116.83,1742887931.7900739
1,69.535,1742887931.7900739
2,72.004,1742887931.7900739
3,69.866,1742887931.7900739
4,70.681,1742887931.7900739
5,69.797,1742887931.7900739
6,68.652,1742887931.7900739
7,71.997,1742887931.7900739
0,116.849,1742887931.8902164
1,69.527,1742887931.8902164
2,71.985,1742887931.8902164
3,69.846,1742887931.8902164
4,70.672,1742887931.8902164
5,69.806,1742887931.8902164
6,68.646,1742887931.8902164
7,71.988,1742887931.8902164
0,116.844,1742887931.9903584
1,69.535,1742887931.9903584
2,71.992,1742887931.9903584
3,69.859,1742887931.9903584
4,70.673,1742887931.9903584
5,69.814,1742887931.9903584
6,68.652,1742887931.9903584
7,71.995,1742887931.9903584
0,116.835,1742887932.0904858
1,69.524,1742887932.0904858
2,71.993,1742887932.0904858
3,69.871,1742887932.0904858
4,70.657,1742887932.0904858
5,69.815,1742887932.0904858
6,68.633,1742887932.0904858
7,72.003,1742887932.0904858
0,116.849,1742887932.1906428
1,69.53,1742887932.1906428
2,72.025,1742887932.1906428
3,69.872,1742887932.1906428
4,70.662,1742887932.1906428
5,69.79,1742887932.1906428
6,68.652,1742887932.1906428
7,72.003,1742887932.1906428
0,116.856,1742887932.2907732
1,69.511,1742887932.2907732
2,72.025,1742887932.2907732
3,69.861,1742887932.2907732
4,70.655,1742887932.2907732
5,69.801,1742887932.2907732
6,68.659,1742887932.2907732
7,72.014,1742887932.2907732
0,116.863,1742887932.3909504
1,69.504,1742887932.3909504
2,72.019,1742887932.3909504
3,69.875,1742887932.3909504
4,70.675,1742887932.3909504
5,69.787,1742887932.3909504
6,68.659,1742887932.3909504
7,72.024,1742887932.3909504
0,116.849,1742887932.4910748
1,69.51,1742887932.4910748
2,72.006,1742887932.4910748
3,69.871,1742887932.4910748
4,70.671,1742887932.4910748
5,69.826,1742887932.4910748
6,68.671,1742887932.4910748
7,72.018,1742887932.4910748
0,116.848,1742887932.5912063
1,69.504,1742887932.5912063
2,71.999,1742887932.5912063
3,69.884,1742887932.5912063
4,70.675,1742887932.5912063
5,69.827,1742887932.5912063
6,68.665,1742887932.5912063
7,72.005,1742887932.5912063
0,116.83,1742887932.6913118
1,69.516,1742887932.6913118
2,72.006,1742887932.6913118
3,69.902,1742887932.6913118
4,70.66,1742887932.6913118
5,69.841,1742887932.6913118
6,68.658,1742887932.6913118
7,72.011,1742887932.6913118
0,116.824,1742887932.7914577
1,69.53,1742887932.7914577
2,72.0,1742887932.7914577
3,69.907,1742887932.7914577
4,70.659,1742887932.7914577
5,69.818,1742887932.7914577
6,68.646,1742887932.7914577
7,72.012,1742887932.7914577
0,116.802,1742887932.891565
1,69.513,1742887932.891565
2,72.018,1742887932.891565
3,69.909,1742887932.891565
4,70.669,1742887932.891565
5,69.805,1742887932.891565
6,68.659,1742887932.891565
7,72.023,1742887932.891565
0,116.796,1742887932.9917107
1,69.53,1742887932.9917107
2,72.005,1742887932.9917107
3,69.904,1742887932.9917107
4,70.662,1742887932.9917107
5,69.804,1742887932.9917107
6,68.666,1742887932.9917107
7,72.023,1742887932.9917107
0,116.789,1742887933.0918696
1,69.519,1742887933.0918696
2,72.005,1742887933.0918696
3,69.882,1742887933.0918696
4,70.673,1742887933.0918696
5,69.778,1742887933.0918696
6,68.678,1742887933.0918696
7,72.037,1742887933.0918696
0,116.775,1742887933.1920035
1,69.54,1742887933.1920035
2,72.005,1742887933.1920035
3,69.866,1742887933.1920035
4,70.675,1742887933.1920035
5,69.818,1742887933.1920035
6,68.685,1742887933.1920035
7,72.044,1742887933.1920035
0,116.775,1742887933.2921367
1,69.533,1742887933.2921367
2,72.017,1742887933.2921367
3,69.879,1742887933.2921367
4,70.669,1742887933.2921367
5,69.782,1742887933.2921367
6,68.678,1742887933.2921367
7,72.044,1742887933.2921367
0,116.775,1742887933.3922782
1,69.567,1742887933.3922782
2,72.005,1742887933.3922782
3,69.868,1742887933.3922782
4,70.679,1742887933.3922782
5,69.796,1742887933.3922782
6,68.659,1742887933.3922782
7,72.05,1742887933.3922782
0,116.768,1742887933.492422
1,69.547,1742887933.492422
2,72.025,1742887933.492422
3,69.886,1742887933.492422
4,70.652,1742887933.492422
5,69.779,1742887933.492422
6,68.646,1742887933.492422
7,72.056,1742887933.492422
0,116.781,1742887933.5925655
1,69.568,1742887933.5925655
2,72.038,1742887933.5925655
3,69.887,1742887933.5925655
4,70.652,1742887933.5925655
5,69.785,1742887933.5925655
6,68.627,1742887933.5925655
7,72.056,1742887933.5925655
0,116.788,1742887933.6926956
1,69.527,1742887933.6926956
2,72.037,1742887933.6926956
3,69.892,1742887933.6926956
4,70.654,1742887933.6926956
5,69.79,1742887933.6926956
6,68.634,1742887933.6926956
7,72.053,1742887933.6926956
0,116.803,1742887933.7928023
1,69.554,1742887933.7928023
2,72.038,1742887933.7928023
3,69.894,1742887933.7928023
4,70.677,1742887933.7928023
5,69.777,1742887933.7928023
6,68.626,1742887933.7928023
7,72.059,1742887933.7928023
0,116.794,1742887933.892936
1,69.533,1742887933.892936
2,72.051,1742887933.892936
3,69.9,1742887933.892936
4,70.671,1742887933.892936
5,69.819,1742887933.892936
6,68.64,1742887933.892936
7,72.038,1742887933.892936
0,116.797,1742887933.9930465
1,69.56,1742887933.9930465
2,72.056,1742887933.9930465
3,69.899,1742887933.9930465
4,70.683,1742887933.9930465
5,69.784,1742887933.9930465
6,68.646,1742887933.9930465
7,72.038,1742887933.9930465
0,116.801,1742887934.0931525
1,69.533,1742887934.0931525
2,72.064,1742887934.0931525
3,69.917,1742887934.0931525
4,70.681,1742887934.0931525
5,69.785,1742887934.0931525
6,68.633,1742887934.0931525
7,72.011,1742887934.0931525
0,116.809,1742887934.1932561
1,69.562,1742887934.1932561
2,72.058,1742887934.1932561
3,69.93,1742887934.1932561
4,70.68,1742887934.1932561
5,69.775,1742887934.1932561
6,68.614,1742887934.1932561
7,72.021,1742887934.1932561
0,116.803,1742887934.2933836
1,69.539,1742887934.2933836
2,72.063,1742887934.2933836
3,69.929,1742887934.2933836
4,70.701,1742887934.2933836
5,69.763,1742887934.2933836
6,68.6,1742887934.2933836
7,72.015,1742887934.2933836
0,116.809,1742887934.3935328
1,69.525,1742887934.3935328
2,72.071,1742887934.3935328
3,69.932,1742887934.3935328
4,70.708,1742887934.3935328
5,69.789,1742887934.3935328
6,68.607,1742887934.3935328
7,72.011,1742887934.3935328
0,116.801,1742887934.4936726
1,69.52,1742887934.4936726
2,72.044,1742887934.4936726
3,69.932,1742887934.4936726
4,70.724,1742887934.4936726
5,69.776,1742887934.4936726
6,68.601,1742887934.4936726
7,72.003,1742887934.4936726
0,116.79,1742887934.5938225
1,69.541,1742887934.5938225
2,72.043,1742887934.5938225
3,69.923,1742887934.5938225
4,70.716,1742887934.5938225
5,69.818,1742887934.5938225
6,68.607,1742887934.5938225
7,72.016,1742887934.5938225
0,116.794,1742887934.6940424
1,69.507,1742887934.6940424
2,72.05,1742887934.6940424
3,69.9,1742887934.6940424
4,70.705,1742887934.6940424
5,69.775,1742887934.6940424
6,68.613,1742887934.6940424
7,72.01,1742887934.6940424
0,116.803,1742887934.7941854
1,69.534,1742887934.7941854
2,72.05,1742887934.7941854
3,69.887,1742887934.7941854
4,70.697,1742887934.7941854
5,69.788,1742887934.7941854
6,68.607,1742887934.7941854
7,72.008,1742887934.7941854
0,116.798,1742887934.8943095
1,69.493,1742887934.8943095
2,72.05,1742887934.8943095
3,69.879,1742887934.8943095
4,70.691,1742887934.8943095
5,69.786,1742887934.8943095
6,68.608,1742887934.8943095
7,72.002,1742887934.8943095
0,116.804,1742887934.9944568
1,69.521,1742887934.9944568
2,72.038,1742887934.9944568
3,69.894,1742887934.9944568
4,70.671,1742887934.9944568
5,69.801,1742887934.9944568
6,68.602,1742887934.9944568
7,72.018,1742887934.9944568
0,116.791,1742887935.0945923
1,69.512,1742887935.0945923
2,72.024,1742887935.0945923
3,69.893,1742887935.0945923
4,70.679,1742887935.0945923
5,69.807,1742887935.0945923
6,68.596,1742887935.0945923
7,72.009,1742887935.0945923
0,116.796,1742887935.1947024
1,69.498,1742887935.1947024
2,72.031,1742887935.1947024
3,69.886,1742887935.1947024
4,70.684,1742887935.1947024
5,69.79,1742887935.1947024
6,68.595,1742887935.1947024
7,72.019,1742887935.1947024
0,116.796,1742887935.2948184
1,69.498,1742887935.2948184
2,72.025,1742887935.2948184
3,69.88,1742887935.2948184
4,70.664,1742887935.2948184
5,69.808,1742887935.2948184
6,68.601,1742887935.2948184
7,72.026,1742887935.2948184
0,116.783,1742887935.3949292
1,69.511,1742887935.3949292
2,72.032,1742887935.3949292
3,69.873,1742887935.3949292
4,70.669,1742887935.3949292
5,69.792,1742887935.3949292
6,68.62,1742887935.3949292
7,72.012,1742887935.3949292
0,116.772,1742887935.495061
1,69.524,1742887935.495061
2,72.038,1742887935.495061
3,69.87,1742887935.495061
4,70.64,1742887935.495061
5,69.823,1742887935.495061
6,68.614,1742887935.495061
7,72.019,1742887935.495061
0,116.783,1742887935.5951924
1,69.54,1742887935.5951924
2,72.038,1742887935.5951924
3,69.869,1742887935.5951924
4,70.636,1742887935.5951924
5,69.812,1742887935.5951924
6,68.601,1742887935.5951924
7,72.019,1742887935.5951924
0,116.77,1742887935.6953356
1,69.524,1742887935.6953356
2,72.032,1742887935.6953356
3,69.898,1742887935.6953356
4,70.637,1742887935.6953356
5,69.823,1742887935.6953356
6,68.602,1742887935.6953356
7,72.01,1742887935.6953356
