GPU_ID,Power_Usage_W,Timestamp
0,137.23,1742510964.9134073
1,119.501,1742510964.9134073
2,123.574,1742510964.9134073
3,120.13,1742510964.9134073
4,130.364,1742510964.9134073
5,126.877,1742510964.9134073
6,128.953,1742510964.9134073
7,126.533,1742510964.9134073
0,121.484,1742510964.9635324
1,119.501,1742510964.9635324
2,123.574,1742510964.9635324
3,119.092,1742510964.9635324
4,118.891,1742510964.9635324
5,126.877,1742510964.9635324
6,118.464,1742510964.9635324
7,126.533,1742510964.9635324
0,121.484,1742510965.013658
1,117.777,1742510965.013658
2,122.809,1742510965.013658
3,119.092,1742510965.013658
4,118.891,1742510965.013658
5,120.972,1742510965.013658
6,118.464,1742510965.013658
7,126.123,1742510965.013658
0,121.443,1742510965.063795
1,117.777,1742510965.063795
2,122.809,1742510965.063795
3,119.092,1742510965.063795
4,118.759,1742510965.063795
5,120.972,1742510965.063795
6,118.347,1742510965.063795
7,126.123,1742510965.063795
0,121.443,1742510965.1139328
1,117.742,1742510965.1139328
2,122.637,1742510965.1139328
3,119.029,1742510965.1139328
4,118.759,1742510965.1139328
5,120.928,1742510965.1139328
6,118.347,1742510965.1139328
7,126.015,1742510965.1139328
0,121.335,1742510965.1640675
1,117.742,1742510965.1640675
2,122.637,1742510965.1640675
3,119.029,1742510965.1640675
4,118.672,1742510965.1640675
5,120.928,1742510965.1640675
6,118.258,1742510965.1640675
7,126.015,1742510965.1640675
0,121.335,1742510965.2142072
1,117.594,1742510965.2142072
2,122.555,1742510965.2142072
3,118.993,1742510965.2142072
4,118.672,1742510965.2142072
5,120.854,1742510965.2142072
6,118.258,1742510965.2142072
7,125.992,1742510965.2142072
0,121.254,1742510965.2643335
1,117.594,1742510965.2643335
2,122.555,1742510965.2643335
3,118.993,1742510965.2643335
4,118.577,1742510965.2643335
5,120.854,1742510965.2643335
6,118.199,1742510965.2643335
7,125.992,1742510965.2643335
0,121.254,1742510965.3144577
1,117.546,1742510965.3144577
2,122.493,1742510965.3144577
3,118.979,1742510965.3144577
4,118.577,1742510965.3144577
5,120.846,1742510965.3144577
6,118.199,1742510965.3144577
7,125.983,1742510965.3144577
0,121.213,1742510965.364583
1,117.546,1742510965.364583
2,122.493,1742510965.364583
3,118.979,1742510965.364583
4,118.517,1742510965.364583
5,120.846,1742510965.364583
6,118.166,1742510965.364583
7,125.983,1742510965.364583
0,121.213,1742510965.4147081
1,117.485,1742510965.4147081
2,122.417,1742510965.4147081
3,118.979,1742510965.4147081
4,118.517,1742510965.4147081
5,120.853,1742510965.4147081
6,118.166,1742510965.4147081
7,125.99,1742510965.4147081
0,121.163,1742510965.464844
1,117.485,1742510965.464844
2,122.417,1742510965.464844
3,118.979,1742510965.464844
4,118.464,1742510965.464844
5,120.853,1742510965.464844
6,118.111,1742510965.464844
7,125.99,1742510965.464844
0,121.163,1742510965.5149693
1,117.395,1742510965.5149693
2,122.325,1742510965.5149693
3,118.992,1742510965.5149693
4,118.464,1742510965.5149693
5,120.853,1742510965.5149693
6,118.111,1742510965.5149693
7,125.99,1742510965.5149693
0,121.119,1742510965.5651054
1,117.395,1742510965.5651054
2,122.325,1742510965.5651054
3,118.992,1742510965.5651054
4,118.417,1742510965.5651054
5,120.853,1742510965.5651054
6,118.111,1742510965.5651054
7,125.99,1742510965.5651054
0,121.119,1742510965.6152291
1,117.47,1742510965.6152291
2,122.244,1742510965.6152291
3,119.034,1742510965.6152291
4,118.417,1742510965.6152291
5,120.88,1742510965.6152291
6,118.057,1742510965.6152291
7,125.996,1742510965.6152291
0,121.072,1742510965.665365
1,117.47,1742510965.665365
2,122.244,1742510965.665365
3,119.034,1742510965.665365
4,118.349,1742510965.665365
5,120.88,1742510965.665365
6,118.057,1742510965.665365
7,125.996,1742510965.665365
0,121.072,1742510965.7154899
1,117.32,1742510965.7154899
2,122.139,1742510965.7154899
3,119.053,1742510965.7154899
4,118.349,1742510965.7154899
5,120.886,1742510965.7154899
6,118.001,1742510965.7154899
7,125.96,1742510965.7154899
0,121.03,1742510965.7656155
1,117.32,1742510965.7656155
2,122.139,1742510965.7656155
3,119.053,1742510965.7656155
4,118.303,1742510965.7656155
5,120.886,1742510965.7656155
6,118.001,1742510965.7656155
7,125.96,1742510965.7656155
0,121.03,1742510965.8158011
1,117.443,1742510965.8158011
2,122.067,1742510965.8158011
3,119.1,1742510965.8158011
4,118.303,1742510965.8158011
5,120.87,1742510965.8158011
6,117.973,1742510965.8158011
7,125.912,1742510965.8158011
0,121.011,1742510965.8659275
1,117.443,1742510965.8659275
2,122.067,1742510965.8659275
3,119.1,1742510965.8659275
4,118.268,1742510965.8659275
5,120.87,1742510965.8659275
6,117.973,1742510965.8659275
7,125.912,1742510965.8659275
0,121.011,1742510965.9160516
1,117.268,1742510965.9160516
2,121.994,1742510965.9160516
3,119.136,1742510965.9160516
4,118.268,1742510965.9160516
5,120.815,1742510965.9160516
6,117.939,1742510965.9160516
7,125.892,1742510965.9160516
0,120.968,1742510965.9661825
1,117.268,1742510965.9661825
2,121.994,1742510965.9661825
3,119.136,1742510965.9661825
4,118.245,1742510965.9661825
5,120.815,1742510965.9661825
6,117.939,1742510965.9661825
7,125.892,1742510965.9661825
0,120.968,1742510966.016322
1,117.341,1742510966.016322
2,121.935,1742510966.016322
3,119.166,1742510966.016322
4,118.245,1742510966.016322
5,120.822,1742510966.016322
6,117.918,1742510966.016322
7,125.859,1742510966.016322
0,120.954,1742510966.0664487
1,117.341,1742510966.0664487
2,121.935,1742510966.0664487
3,119.166,1742510966.0664487
4,118.214,1742510966.0664487
5,120.822,1742510966.0664487
6,117.918,1742510966.0664487
7,125.859,1742510966.0664487
0,120.954,1742510966.1165886
1,117.223,1742510966.1165886
2,121.875,1742510966.1165886
3,119.13,1742510966.1165886
4,118.214,1742510966.1165886
5,120.767,1742510966.1165886
6,117.897,1742510966.1165886
7,125.85,1742510966.1165886
0,120.932,1742510966.166712
1,117.223,1742510966.166712
2,121.875,1742510966.166712
3,119.13,1742510966.166712
4,118.2,1742510966.166712
5,120.767,1742510966.166712
6,117.897,1742510966.166712
7,125.85,1742510966.166712
0,120.932,1742510966.2168627
1,117.271,1742510966.2168627
2,121.81,1742510966.2168627
3,119.124,1742510966.2168627
4,118.2,1742510966.2168627
5,120.756,1742510966.2168627
6,117.867,1742510966.2168627
7,125.81,1742510966.2168627
0,120.909,1742510966.2669885
1,117.271,1742510966.2669885
2,121.81,1742510966.2669885
3,119.124,1742510966.2669885
4,118.172,1742510966.2669885
5,120.756,1742510966.2669885
6,117.853,1742510966.2669885
7,125.81,1742510966.2669885
0,120.909,1742510966.3171256
1,117.275,1742510966.3171256
2,121.725,1742510966.3171256
3,119.114,1742510966.3171256
4,118.172,1742510966.3171256
5,120.691,1742510966.3171256
6,117.853,1742510966.3171256
7,125.769,1742510966.3171256
0,120.887,1742510966.3672645
1,117.275,1742510966.3672645
2,121.725,1742510966.3672645
3,119.114,1742510966.3672645
4,118.139,1742510966.3672645
5,120.691,1742510966.3672645
6,117.804,1742510966.3672645
7,125.769,1742510966.3672645
0,120.887,1742510966.417568
1,117.23,1742510966.417568
2,121.654,1742510966.417568
3,119.102,1742510966.417568
4,118.139,1742510966.417568
5,120.689,1742510966.417568
6,117.804,1742510966.417568
7,125.708,1742510966.417568
0,120.864,1742510966.4676938
1,117.23,1742510966.4676938
2,121.654,1742510966.4676938
3,119.102,1742510966.4676938
4,118.112,1742510966.4676938
5,120.689,1742510966.4676938
6,117.796,1742510966.4676938
7,125.708,1742510966.4676938
0,120.864,1742510966.5178187
1,117.292,1742510966.5178187
2,121.578,1742510966.5178187
3,119.112,1742510966.5178187
4,118.112,1742510966.5178187
5,120.649,1742510966.5178187
6,117.796,1742510966.5178187
7,125.682,1742510966.5178187
0,120.841,1742510966.5716684
1,117.292,1742510966.5716684
2,121.578,1742510966.5716684
3,119.104,1742510966.5716684
4,118.064,1742510966.5716684
5,120.649,1742510966.5716684
6,117.796,1742510966.5716684
7,125.682,1742510966.5716684
0,120.841,1742510966.621826
1,119.123,1742510966.621826
2,126.804,1742510966.621826
3,119.104,1742510966.621826
4,118.064,1742510966.621826
5,121.4,1742510966.621826
6,117.796,1742510966.621826
7,125.743,1742510966.621826
0,126.637,1742510966.6719952
1,119.123,1742510966.6719952
2,126.804,1742510966.6719952
3,119.104,1742510966.6719952
4,136.481,1742510966.6719952
5,121.4,1742510966.6719952
6,117.796,1742510966.6719952
7,125.743,1742510966.6719952
0,126.637,1742510966.7221525
1,144.227,1742510966.7221525
2,150.109,1742510966.7221525
3,140.26,1742510966.7221525
4,136.481,1742510966.7221525
5,144.603,1742510966.7221525
6,138.224,1742510966.7221525
7,149.479,1742510966.7221525
0,155.963,1742510966.7722876
1,144.227,1742510966.7722876
2,150.109,1742510966.7722876
3,140.26,1742510966.7722876
4,158.276,1742510966.7722876
5,144.603,1742510966.7722876
6,138.224,1742510966.7722876
7,149.479,1742510966.7722876
0,155.963,1742510966.8224337
1,168.132,1742510966.8224337
2,174.243,1742510966.8224337
3,164.258,1742510966.8224337
4,158.276,1742510966.8224337
5,170.552,1742510966.8224337
6,162.385,1742510966.8224337
7,175.92,1742510966.8224337
0,180.041,1742510966.8725722
1,168.132,1742510966.8725722
2,174.243,1742510966.8725722
3,164.258,1742510966.8725722
4,181.754,1742510966.8725722
5,170.552,1742510966.8725722
6,162.385,1742510966.8725722
7,175.92,1742510966.8725722
0,180.041,1742510966.9227111
1,193.688,1742510966.9227111
2,196.088,1742510966.9227111
3,187.246,1742510966.9227111
4,181.754,1742510966.9227111
5,195.466,1742510966.9227111
6,186.099,1742510966.9227111
7,204.247,1742510966.9227111
0,205.176,1742510966.9728384
1,193.688,1742510966.9728384
2,196.088,1742510966.9728384
3,187.246,1742510966.9728384
4,206.484,1742510966.9728384
5,195.466,1742510966.9728384
6,186.099,1742510966.9728384
7,204.247,1742510966.9728384
0,205.176,1742510967.0229652
1,219.493,1742510967.0229652
2,220.604,1742510967.0229652
3,212.305,1742510967.0229652
4,206.484,1742510967.0229652
5,219.964,1742510967.0229652
6,211.672,1742510967.0229652
7,225.155,1742510967.0229652
0,223.135,1742510967.0731044
1,219.493,1742510967.0731044
2,220.604,1742510967.0731044
3,212.305,1742510967.0731044
4,216.13,1742510967.0731044
5,219.964,1742510967.0731044
6,211.672,1742510967.0731044
7,225.155,1742510967.0731044
0,223.135,1742510967.1232913
1,219.493,1742510967.1232913
2,221.077,1742510967.1232913
3,220.149,1742510967.1232913
4,216.13,1742510967.1232913
5,221.965,1742510967.1232913
6,221.381,1742510967.1232913
7,225.339,1742510967.1232913
0,223.223,1742510967.1734269
1,219.648,1742510967.1734269
2,221.077,1742510967.1734269
3,220.149,1742510967.1734269
4,216.18,1742510967.1734269
5,221.965,1742510967.1734269
6,221.381,1742510967.1734269
7,225.339,1742510967.1734269
0,223.223,1742510967.2235582
1,219.648,1742510967.2235582
2,221.192,1742510967.2235582
3,222.108,1742510967.2235582
4,216.18,1742510967.2235582
5,221.975,1742510967.2235582
6,221.366,1742510967.2235582
7,223.449,1742510967.2235582
0,223.304,1742510967.2736814
1,219.823,1742510967.2736814
2,221.192,1742510967.2736814
3,222.108,1742510967.2736814
4,216.289,1742510967.2736814
5,221.975,1742510967.2736814
6,221.366,1742510967.2736814
7,223.449,1742510967.2736814
0,223.304,1742510967.3238082
1,219.823,1742510967.3238082
2,221.29,1742510967.3238082
3,222.108,1742510967.3238082
4,216.289,1742510967.3238082
5,221.992,1742510967.3238082
6,219.381,1742510967.3238082
7,223.447,1742510967.3238082
0,223.34,1742510967.3739457
1,217.94,1742510967.3739457
2,221.29,1742510967.3739457
3,222.108,1742510967.3739457
4,216.39,1742510967.3739457
5,221.992,1742510967.3739457
6,219.381,1742510967.3739457
7,223.447,1742510967.3739457
0,223.34,1742510967.4241095
1,217.94,1742510967.4241095
2,221.351,1742510967.4241095
3,222.118,1742510967.4241095
4,216.39,1742510967.4241095
5,224.06,1742510967.4241095
6,221.453,1742510967.4241095
7,223.447,1742510967.4241095
0,221.372,1742510967.4742405
1,219.918,1742510967.4742405
2,221.351,1742510967.4742405
3,222.118,1742510967.4742405
4,214.506,1742510967.4742405
5,224.06,1742510967.4742405
6,221.453,1742510967.4742405
7,223.447,1742510967.4742405
0,221.372,1742510967.5243773
1,219.918,1742510967.5243773
2,221.367,1742510967.5243773
3,222.138,1742510967.5243773
4,214.506,1742510967.5243773
5,222.09,1742510967.5243773
6,221.451,1742510967.5243773
7,225.376,1742510967.5243773
0,223.414,1742510967.5745726
1,217.927,1742510967.5745726
2,221.367,1742510967.5745726
3,222.138,1742510967.5745726
4,216.471,1742510967.5745726
5,222.09,1742510967.5745726
6,221.451,1742510967.5745726
7,225.376,1742510967.5745726
0,223.414,1742510967.6247096
1,217.927,1742510967.6247096
2,216.138,1742510967.6247096
3,220.47,1742510967.6247096
4,216.471,1742510967.6247096
5,220.639,1742510967.6247096
6,221.442,1742510967.6247096
7,219.721,1742510967.6247096
0,215.73,1742510967.6748452
1,214.445,1742510967.6748452
2,216.138,1742510967.6748452
3,220.47,1742510967.6748452
4,202.73,1742510967.6748452
5,220.639,1742510967.6748452
6,221.442,1742510967.6748452
7,219.721,1742510967.6748452
0,215.73,1742510967.7249827
1,214.445,1742510967.7249827
2,192.848,1742510967.7249827
3,196.386,1742510967.7249827
4,202.73,1742510967.7249827
5,195.762,1742510967.7249827
6,205.921,1742510967.7249827
7,219.721,1742510967.7249827
0,191.059,1742510967.7751167
1,189.129,1742510967.7751167
2,192.848,1742510967.7751167
3,196.386,1742510967.7751167
4,176.283,1742510967.7751167
5,195.762,1742510967.7751167
6,205.921,1742510967.7751167
7,194.15,1742510967.7751167
0,191.059,1742510967.8252537
1,189.129,1742510967.8252537
2,170.814,1742510967.8252537
3,175.872,1742510967.8252537
4,176.283,1742510967.8252537
5,170.37,1742510967.8252537
6,182.124,1742510967.8252537
7,194.15,1742510967.8252537
0,167.06,1742510967.8753922
1,164.179,1742510967.8753922
2,170.814,1742510967.8753922
3,175.872,1742510967.8753922
4,157.992,1742510967.8753922
5,170.37,1742510967.8753922
6,182.124,1742510967.8753922
7,174.166,1742510967.8753922
0,167.06,1742510967.9255278
1,164.179,1742510967.9255278
2,145.385,1742510967.9255278
3,146.768,1742510967.9255278
4,157.992,1742510967.9255278
5,145.109,1742510967.9255278
6,158.452,1742510967.9255278
7,174.166,1742510967.9255278
0,139.056,1742510967.9756572
1,139.784,1742510967.9756572
2,145.385,1742510967.9756572
3,146.768,1742510967.9756572
4,133.411,1742510967.9756572
5,145.109,1742510967.9756572
6,158.452,1742510967.9756572
7,150.305,1742510967.9756572
0,139.056,1742510968.0257828
1,139.784,1742510968.0257828
2,122.332,1742510968.0257828
3,121.993,1742510968.0257828
4,133.411,1742510968.0257828
5,121.571,1742510968.0257828
6,132.496,1742510968.0257828
7,150.305,1742510968.0257828
0,121.318,1742510968.0759072
1,117.74,1742510968.0759072
2,122.332,1742510968.0759072
3,121.993,1742510968.0759072
4,118.45,1742510968.0759072
5,121.571,1742510968.0759072
6,132.496,1742510968.0759072
7,126.65,1742510968.0759072
0,121.318,1742510968.1260338
1,117.74,1742510968.1260338
2,121.849,1742510968.1260338
3,119.092,1742510968.1260338
4,118.45,1742510968.1260338
5,120.751,1742510968.1260338
6,117.834,1742510968.1260338
7,126.65,1742510968.1260338
0,120.957,1742510968.1761723
1,117.368,1742510968.1761723
2,121.849,1742510968.1761723
3,119.092,1742510968.1761723
4,118.369,1742510968.1761723
5,120.751,1742510968.1761723
6,117.834,1742510968.1761723
7,125.656,1742510968.1761723
0,120.957,1742510968.2263093
1,117.368,1742510968.2263093
2,121.73,1742510968.2263093
3,119.143,1742510968.2263093
4,118.369,1742510968.2263093
5,120.729,1742510968.2263093
6,117.829,1742510968.2263093
7,125.656,1742510968.2263093
0,120.879,1742510968.2764473
1,117.393,1742510968.2764473
2,121.73,1742510968.2764473
3,119.143,1742510968.2764473
4,118.265,1742510968.2764473
5,120.729,1742510968.2764473
6,117.829,1742510968.2764473
7,125.621,1742510968.2764473
0,120.879,1742510968.326574
1,117.393,1742510968.326574
2,121.617,1742510968.326574
3,119.133,1742510968.326574
4,118.265,1742510968.326574
5,120.728,1742510968.326574
6,117.766,1742510968.326574
7,125.621,1742510968.326574
0,120.834,1742510968.3767104
1,117.271,1742510968.3767104
2,121.617,1742510968.3767104
3,119.133,1742510968.3767104
4,118.174,1742510968.3767104
5,120.728,1742510968.3767104
6,117.766,1742510968.3767104
7,125.629,1742510968.3767104
0,120.834,1742510968.4268343
1,117.271,1742510968.4268343
2,121.549,1742510968.4268343
3,119.103,1742510968.4268343
4,118.174,1742510968.4268343
5,120.674,1742510968.4268343
6,117.716,1742510968.4268343
7,125.629,1742510968.4268343
0,120.801,1742510968.4769604
1,117.271,1742510968.4769604
2,121.549,1742510968.4769604
3,119.103,1742510968.4769604
4,118.142,1742510968.4769604
5,120.674,1742510968.4769604
6,117.716,1742510968.4769604
7,125.628,1742510968.4769604
0,120.801,1742510968.5270853
1,117.271,1742510968.5270853
2,121.522,1742510968.5270853
3,119.066,1742510968.5270853
4,118.142,1742510968.5270853
5,120.625,1742510968.5270853
6,117.711,1742510968.5270853
7,125.628,1742510968.5270853
0,120.754,1742510968.577215
1,117.263,1742510968.577215
2,121.522,1742510968.577215
3,119.066,1742510968.577215
4,118.121,1742510968.577215
5,120.625,1742510968.577215
6,117.711,1742510968.577215
7,125.637,1742510968.577215
0,120.754,1742510968.6273518
1,117.263,1742510968.6273518
2,121.496,1742510968.6273518
3,119.047,1742510968.6273518
4,118.121,1742510968.6273518
5,120.598,1742510968.6273518
6,117.709,1742510968.6273518
7,125.637,1742510968.6273518
0,120.719,1742510968.6774871
1,117.195,1742510968.6774871
2,121.496,1742510968.6774871
3,119.047,1742510968.6774871
4,118.092,1742510968.6774871
5,120.598,1742510968.6774871
6,117.709,1742510968.6774871
7,125.619,1742510968.6774871
0,120.719,1742510968.727624
1,117.195,1742510968.727624
2,121.456,1742510968.727624
3,119.026,1742510968.727624
4,118.092,1742510968.727624
5,120.59,1742510968.727624
6,117.688,1742510968.727624
7,125.619,1742510968.727624
0,120.69,1742510968.7777593
1,117.301,1742510968.7777593
2,121.456,1742510968.7777593
3,119.026,1742510968.7777593
4,118.07,1742510968.7777593
5,120.59,1742510968.7777593
6,117.688,1742510968.7777593
7,125.569,1742510968.7777593
0,120.69,1742510968.827885
1,117.301,1742510968.827885
2,121.436,1742510968.827885
3,119.005,1742510968.827885
4,118.07,1742510968.827885
5,120.583,1742510968.827885
6,117.664,1742510968.827885
7,125.569,1742510968.827885
0,120.683,1742510968.8780186
1,117.141,1742510968.8780186
2,121.436,1742510968.8780186
3,119.005,1742510968.8780186
4,118.049,1742510968.8780186
5,120.583,1742510968.8780186
6,117.664,1742510968.8780186
7,125.541,1742510968.8780186
0,120.683,1742510968.9281547
1,117.141,1742510968.9281547
2,121.397,1742510968.9281547
3,119.005,1742510968.9281547
4,118.049,1742510968.9281547
5,120.562,1742510968.9281547
6,117.614,1742510968.9281547
7,125.541,1742510968.9281547
0,120.686,1742510968.9782786
1,117.257,1742510968.9782786
2,121.397,1742510968.9782786
3,119.005,1742510968.9782786
4,118.041,1742510968.9782786
5,120.562,1742510968.9782786
6,117.614,1742510968.9782786
7,125.534,1742510968.9782786
0,120.686,1742510969.0284064
1,117.257,1742510969.0284064
2,121.382,1742510969.0284064
3,118.986,1742510969.0284064
4,118.041,1742510969.0284064
5,120.576,1742510969.0284064
6,117.597,1742510969.0284064
7,125.534,1742510969.0284064
0,120.662,1742510969.0785306
1,117.102,1742510969.0785306
2,121.382,1742510969.0785306
3,118.986,1742510969.0785306
4,118.014,1742510969.0785306
5,120.576,1742510969.0785306
6,117.597,1742510969.0785306
7,125.525,1742510969.0785306
0,120.662,1742510969.128668
1,117.102,1742510969.128668
2,121.353,1742510969.128668
3,118.98,1742510969.128668
4,118.014,1742510969.128668
5,120.562,1742510969.128668
6,117.591,1742510969.128668
7,125.525,1742510969.128668
0,120.649,1742510969.1788054
1,117.212,1742510969.1788054
2,121.353,1742510969.1788054
3,118.98,1742510969.1788054
4,117.999,1742510969.1788054
5,120.562,1742510969.1788054
6,117.591,1742510969.1788054
7,125.481,1742510969.1788054
0,120.649,1742510969.228998
1,117.212,1742510969.228998
2,121.341,1742510969.228998
3,118.966,1742510969.228998
4,117.999,1742510969.228998
5,120.562,1742510969.228998
6,117.592,1742510969.228998
7,125.481,1742510969.228998
0,120.633,1742510969.2791922
1,117.118,1742510969.2791922
2,121.341,1742510969.2791922
3,118.966,1742510969.2791922
4,117.974,1742510969.2791922
5,120.562,1742510969.2791922
6,117.592,1742510969.2791922
7,125.483,1742510969.2791922
0,120.633,1742510969.3293304
1,117.118,1742510969.3293304
2,121.328,1742510969.3293304
3,118.947,1742510969.3293304
4,117.974,1742510969.3293304
5,120.507,1742510969.3293304
6,117.607,1742510969.3293304
7,125.483,1742510969.3293304
0,120.618,1742510969.3794644
1,117.159,1742510969.3794644
2,121.328,1742510969.3794644
3,118.947,1742510969.3794644
4,117.937,1742510969.3794644
5,120.507,1742510969.3794644
6,117.607,1742510969.3794644
7,125.477,1742510969.3794644
0,120.618,1742510969.429604
1,117.159,1742510969.429604
2,121.325,1742510969.429604
3,118.92,1742510969.429604
4,117.937,1742510969.429604
5,120.508,1742510969.429604
6,117.594,1742510969.429604
7,125.477,1742510969.429604
0,120.584,1742510969.4797642
1,117.071,1742510969.4797642
2,121.325,1742510969.4797642
3,118.92,1742510969.4797642
4,117.916,1742510969.4797642
5,120.508,1742510969.4797642
6,117.594,1742510969.4797642
7,125.449,1742510969.4797642
0,120.584,1742510969.5299017
1,117.071,1742510969.5299017
2,121.29,1742510969.5299017
3,118.913,1742510969.5299017
4,117.916,1742510969.5299017
5,120.481,1742510969.5299017
6,117.574,1742510969.5299017
7,125.449,1742510969.5299017
0,120.584,1742510969.580035
1,117.127,1742510969.580035
2,121.29,1742510969.580035
3,118.913,1742510969.580035
4,117.904,1742510969.580035
5,120.481,1742510969.580035
6,117.574,1742510969.580035
7,125.415,1742510969.580035
0,120.584,1742510969.630172
1,117.127,1742510969.630172
2,121.269,1742510969.630172
3,118.926,1742510969.630172
4,117.904,1742510969.630172
5,120.503,1742510969.630172
6,117.544,1742510969.630172
7,125.415,1742510969.630172
0,120.579,1742510969.680479
1,117.087,1742510969.680479
2,121.269,1742510969.680479
3,118.926,1742510969.680479
4,117.9,1742510969.680479
5,120.503,1742510969.680479
6,117.544,1742510969.680479
7,125.301,1742510969.680479
0,120.579,1742510969.730604
1,117.087,1742510969.730604
2,121.255,1742510969.730604
3,118.932,1742510969.730604
4,117.9,1742510969.730604
5,120.47,1742510969.730604
6,117.536,1742510969.730604
7,125.301,1742510969.730604
0,120.562,1742510969.7807384
1,117.04,1742510969.7807384
2,121.255,1742510969.7807384
3,118.932,1742510969.7807384
4,117.874,1742510969.7807384
5,120.47,1742510969.7807384
6,117.536,1742510969.7807384
7,125.2,1742510969.7807384
0,120.562,1742510969.8309193
1,117.04,1742510969.8309193
2,121.49,1742510969.8309193
3,118.918,1742510969.8309193
4,117.874,1742510969.8309193
5,120.455,1742510969.8309193
6,117.535,1742510969.8309193
7,125.2,1742510969.8309193
0,123.949,1742510969.8810596
1,119.148,1742510969.8810596
2,121.49,1742510969.8810596
3,118.918,1742510969.8810596
4,122.441,1742510969.8810596
5,120.455,1742510969.8810596
6,117.535,1742510969.8810596
7,126.445,1742510969.8810596
0,123.949,1742510969.9312172
1,119.148,1742510969.9312172
2,142.933,1742510969.9312172
3,127.644,1742510969.9312172
4,122.441,1742510969.9312172
5,134.415,1742510969.9312172
6,126.468,1742510969.9312172
7,126.445,1742510969.9312172
0,148.682,1742510969.9813418
1,142.001,1742510969.9813418
2,142.933,1742510969.9813418
3,127.644,1742510969.9813418
4,147.385,1742510969.9813418
5,134.415,1742510969.9813418
6,126.468,1742510969.9813418
7,148.668,1742510969.9813418
0,148.682,1742510970.0314786
1,142.001,1742510970.0314786
2,164.771,1742510970.0314786
3,150.117,1742510970.0314786
4,147.385,1742510970.0314786
5,155.774,1742510970.0314786
6,148.023,1742510970.0314786
7,148.668,1742510970.0314786
0,172.868,1742510970.0816078
1,164.547,1742510970.0816078
2,164.771,1742510970.0816078
3,150.117,1742510970.0816078
4,170.588,1742510970.0816078
5,155.774,1742510970.0816078
6,148.023,1742510970.0816078
7,175.942,1742510970.0816078
0,172.868,1742510970.1317387
1,164.547,1742510970.1317387
2,185.223,1742510970.1317387
3,175.614,1742510970.1317387
4,170.588,1742510970.1317387
5,179.325,1742510970.1317387
6,172.594,1742510970.1317387
7,175.942,1742510970.1317387
0,197.654,1742510970.1818638
1,185.596,1742510970.1818638
2,185.223,1742510970.1818638
3,175.614,1742510970.1818638
4,193.825,1742510970.1818638
5,179.325,1742510970.1818638
6,172.594,1742510970.1818638
7,198.549,1742510970.1818638
0,197.654,1742510970.2319884
1,185.596,1742510970.2319884
2,208.216,1742510970.2319884
3,200.053,1742510970.2319884
4,193.825,1742510970.2319884
5,204.026,1742510970.2319884
6,195.931,1742510970.2319884
7,198.549,1742510970.2319884
0,220.89,1742510970.282194
1,208.609,1742510970.282194
2,208.216,1742510970.282194
3,200.053,1742510970.282194
4,215.068,1742510970.282194
5,204.026,1742510970.282194
6,195.931,1742510970.282194
7,222.856,1742510970.282194
0,220.89,1742510970.332319
1,208.609,1742510970.332319
2,219.991,1742510970.332319
3,220.122,1742510970.332319
4,215.068,1742510970.332319
5,223.298,1742510970.332319
6,216.816,1742510970.332319
7,222.856,1742510970.332319
0,224.456,1742510970.3824446
1,217.961,1742510970.3824446
2,219.991,1742510970.3824446
3,220.122,1742510970.3824446
4,215.068,1742510970.3824446
5,223.298,1742510970.3824446
6,216.816,1742510970.3824446
7,225.312,1742510970.3824446
0,224.456,1742510970.4325695
1,217.961,1742510970.4325695
2,220.097,1742510970.4325695
3,222.519,1742510970.4325695
4,215.52,1742510970.4325695
5,223.414,1742510970.4325695
6,215.171,1742510970.4325695
7,225.312,1742510970.4325695
0,224.484,1742510970.4827042
1,216.118,1742510970.4827042
2,220.097,1742510970.4827042
3,222.519,1742510970.4827042
4,215.52,1742510970.4827042
5,223.414,1742510970.4827042
6,215.171,1742510970.4827042
7,225.256,1742510970.4827042
0,224.484,1742510970.5328386
1,216.118,1742510970.5328386
2,218.276,1742510970.5328386
3,222.542,1742510970.5328386
4,215.555,1742510970.5328386
5,223.431,1742510970.5328386
6,217.18,1742510970.5328386
7,225.256,1742510970.5328386
0,224.499,1742510970.5829647
1,216.145,1742510970.5829647
2,218.276,1742510970.5829647
3,222.542,1742510970.5829647
4,215.555,1742510970.5829647
5,223.431,1742510970.5829647
6,217.18,1742510970.5829647
7,227.196,1742510970.5829647
0,224.499,1742510970.6330898
1,216.145,1742510970.6330898
2,220.24,1742510970.6330898
3,222.523,1742510970.6330898
4,215.594,1742510970.6330898
5,223.375,1742510970.6330898
6,217.232,1742510970.6330898
7,227.196,1742510970.6330898
0,224.513,1742510970.6832247
1,216.164,1742510970.6832247
2,220.24,1742510970.6832247
3,222.523,1742510970.6832247
4,215.594,1742510970.6832247
5,223.375,1742510970.6832247
6,217.232,1742510970.6832247
7,227.206,1742510970.6832247
0,224.513,1742510970.7333498
1,216.164,1742510970.7333498
2,218.373,1742510970.7333498
3,222.552,1742510970.7333498
4,215.637,1742510970.7333498
5,223.375,1742510970.7333498
6,217.276,1742510970.7333498
7,227.206,1742510970.7333498
0,224.506,1742510970.7834861
1,216.262,1742510970.7834861
2,218.373,1742510970.7834861
3,222.552,1742510970.7834861
4,215.637,1742510970.7834861
5,223.375,1742510970.7834861
6,217.276,1742510970.7834861
7,227.193,1742510970.7834861
0,224.506,1742510970.8336108
1,216.262,1742510970.8336108
2,218.413,1742510970.8336108
3,222.582,1742510970.8336108
4,215.673,1742510970.8336108
5,223.387,1742510970.8336108
6,215.356,1742510970.8336108
7,227.193,1742510970.8336108
0,221.56,1742510970.883755
1,216.149,1742510970.883755
2,218.413,1742510970.883755
3,222.582,1742510970.883755
4,215.673,1742510970.883755
5,223.387,1742510970.883755
6,215.356,1742510970.883755
7,223.263,1742510970.883755
0,221.56,1742510970.9339821
1,216.149,1742510970.9339821
2,203.717,1742510970.9339821
3,208.557,1742510970.9339821
4,207.85,1742510970.9339821
5,202.807,1742510970.9339821
6,210.32,1742510970.9339821
7,223.263,1742510970.9339821
0,198.349,1742510970.984108
1,193.277,1742510970.984108
2,203.717,1742510970.984108
3,208.557,1742510970.984108
4,207.85,1742510970.984108
5,202.807,1742510970.984108
6,210.32,1742510970.984108
7,201.937,1742510970.984108
0,198.349,1742510971.0342326
1,193.277,1742510971.0342326
2,181.934,1742510971.0342326
3,189.382,1742510971.0342326
4,187.785,1742510971.0342326
5,182.307,1742510971.0342326
6,186.281,1742510971.0342326
7,201.937,1742510971.0342326
0,176.024,1742510971.084339
1,176.174,1742510971.084339
2,181.934,1742510971.084339
3,189.382,1742510971.084339
4,187.785,1742510971.084339
5,182.307,1742510971.084339
6,186.281,1742510971.084339
7,178.865,1742510971.084339
0,176.024,1742510971.1344624
1,176.174,1742510971.1344624
2,161.163,1742510971.1344624
3,162.34,1742510971.1344624
4,165.12,1742510971.1344624
5,159.626,1742510971.1344624
6,165.029,1742510971.1344624
7,178.865,1742510971.1344624
0,154.086,1742510971.184648
1,149.681,1742510971.184648
2,161.163,1742510971.184648
3,162.34,1742510971.184648
4,165.12,1742510971.184648
5,159.626,1742510971.184648
6,165.029,1742510971.184648
7,151.829,1742510971.184648
0,154.086,1742510971.234783
1,149.681,1742510971.234783
2,133.34,1742510971.234783
3,137.608,1742510971.234783
4,139.716,1742510971.234783
5,135.851,1742510971.234783
6,139.01,1742510971.234783
7,151.829,1742510971.234783
0,130.928,1742510971.2849085
1,132.248,1742510971.2849085
2,133.34,1742510971.2849085
3,137.608,1742510971.2849085
4,139.716,1742510971.2849085
5,135.851,1742510971.2849085
6,139.01,1742510971.2849085
7,126.869,1742510971.2849085
0,130.928,1742510971.3350437
1,132.248,1742510971.3350437
2,121.683,1742510971.3350437
3,119.083,1742510971.3350437
4,119.792,1742510971.3350437
5,120.563,1742510971.3350437
6,117.897,1742510971.3350437
7,126.869,1742510971.3350437
0,120.712,1742510971.3851452
1,117.324,1742510971.3851452
2,121.683,1742510971.3851452
3,119.083,1742510971.3851452
4,119.792,1742510971.3851452
5,120.563,1742510971.3851452
6,117.897,1742510971.3851452
7,124.216,1742510971.3851452
0,120.712,1742510971.435281
1,117.324,1742510971.435281
2,121.598,1742510971.435281
3,119.021,1742510971.435281
4,118.041,1742510971.435281
5,120.446,1742510971.435281
6,117.807,1742510971.435281
7,124.216,1742510971.435281
0,120.658,1742510971.4854028
1,117.178,1742510971.4854028
2,121.598,1742510971.4854028
3,119.021,1742510971.4854028
4,118.041,1742510971.4854028
5,120.446,1742510971.4854028
6,117.807,1742510971.4854028
7,124.138,1742510971.4854028
0,120.658,1742510971.5355394
1,117.178,1742510971.5355394
2,121.598,1742510971.5355394
3,118.98,1742510971.5355394
4,117.981,1742510971.5355394
5,120.46,1742510971.5355394
6,117.765,1742510971.5355394
7,124.138,1742510971.5355394
0,120.659,1742510971.5856757
1,117.185,1742510971.5856757
2,121.594,1742510971.5856757
3,118.98,1742510971.5856757
4,117.981,1742510971.5856757
5,120.46,1742510971.5856757
6,117.765,1742510971.5856757
7,124.087,1742510971.5856757
0,120.659,1742510971.6358106
1,117.185,1742510971.6358106
2,121.594,1742510971.6358106
3,118.973,1742510971.6358106
4,117.942,1742510971.6358106
5,120.46,1742510971.6358106
6,117.724,1742510971.6358106
7,124.087,1742510971.6358106
0,120.658,1742510971.6859455
1,117.124,1742510971.6859455
2,121.618,1742510971.6859455
3,118.973,1742510971.6859455
4,117.942,1742510971.6859455
5,120.46,1742510971.6859455
6,117.724,1742510971.6859455
7,124.04,1742510971.6859455
0,120.658,1742510971.7360814
1,117.124,1742510971.7360814
2,121.618,1742510971.7360814
3,118.953,1742510971.7360814
4,117.915,1742510971.7360814
5,120.499,1742510971.7360814
6,117.691,1742510971.7360814
7,124.04,1742510971.7360814
0,120.68,1742510971.7863333
1,117.039,1742510971.7863333
2,121.653,1742510971.7863333
3,118.953,1742510971.7863333
4,117.915,1742510971.7863333
5,120.499,1742510971.7863333
6,117.691,1742510971.7863333
7,124.014,1742510971.7863333
0,120.68,1742510971.836469
1,117.039,1742510971.836469
2,121.653,1742510971.836469
3,118.919,1742510971.836469
4,117.889,1742510971.836469
5,120.452,1742510971.836469
6,117.672,1742510971.836469
7,124.014,1742510971.836469
0,120.697,1742510971.8866043
1,117.097,1742510971.8866043
2,121.682,1742510971.8866043
3,118.919,1742510971.8866043
4,117.889,1742510971.8866043
5,120.452,1742510971.8866043
6,117.672,1742510971.8866043
7,123.968,1742510971.8866043
0,120.697,1742510971.9367287
1,117.097,1742510971.9367287
2,121.682,1742510971.9367287
3,118.92,1742510971.9367287
4,117.845,1742510971.9367287
5,120.423,1742510971.9367287
6,117.639,1742510971.9367287
7,123.968,1742510971.9367287
0,120.638,1742510971.986864
1,116.992,1742510971.986864
2,121.739,1742510971.986864
3,118.92,1742510971.986864
4,117.845,1742510971.986864
5,120.423,1742510971.986864
6,117.639,1742510971.986864
7,123.919,1742510971.986864
0,120.638,1742510972.0370011
1,116.992,1742510972.0370011
2,121.739,1742510972.0370011
3,118.912,1742510972.0370011
4,117.792,1742510972.0370011
5,120.406,1742510972.0370011
6,117.611,1742510972.0370011
7,123.919,1742510972.0370011
0,120.607,1742510972.0871408
1,117.124,1742510972.0871408
2,121.779,1742510972.0871408
3,118.912,1742510972.0871408
4,117.792,1742510972.0871408
5,120.406,1742510972.0871408
6,117.611,1742510972.0871408
7,123.905,1742510972.0871408
0,120.607,1742510972.137277
1,117.124,1742510972.137277
2,121.779,1742510972.137277
3,118.891,1742510972.137277
4,117.786,1742510972.137277
5,120.379,1742510972.137277
6,117.589,1742510972.137277
7,123.905,1742510972.137277
0,120.603,1742510972.1874118
1,116.961,1742510972.1874118
2,121.819,1742510972.1874118
3,118.891,1742510972.1874118
4,117.786,1742510972.1874118
5,120.379,1742510972.1874118
6,117.589,1742510972.1874118
7,123.889,1742510972.1874118
0,120.603,1742510972.2375484
1,116.961,1742510972.2375484
2,121.819,1742510972.2375484
3,118.873,1742510972.2375484
4,117.791,1742510972.2375484
5,120.372,1742510972.2375484
6,117.575,1742510972.2375484
7,123.889,1742510972.2375484
0,120.59,1742510972.2876828
1,117.103,1742510972.2876828
2,121.939,1742510972.2876828
3,118.873,1742510972.2876828
4,117.791,1742510972.2876828
5,120.372,1742510972.2876828
6,117.575,1742510972.2876828
7,123.889,1742510972.2876828
0,120.59,1742510972.3378186
1,117.103,1742510972.3378186
2,121.939,1742510972.3378186
3,118.841,1742510972.3378186
4,117.79,1742510972.3378186
5,120.358,1742510972.3378186
6,117.56,1742510972.3378186
7,123.889,1742510972.3378186
0,120.581,1742510972.387946
1,116.956,1742510972.387946
2,121.933,1742510972.387946
3,118.841,1742510972.387946
4,117.79,1742510972.387946
5,120.358,1742510972.387946
6,117.56,1742510972.387946
7,123.874,1742510972.387946
0,120.581,1742510972.4380822
1,116.956,1742510972.4380822
2,121.933,1742510972.4380822
3,118.825,1742510972.4380822
4,117.791,1742510972.4380822
5,120.361,1742510972.4380822
6,117.546,1742510972.4380822
7,123.874,1742510972.4380822
0,120.592,1742510972.4882064
1,117.027,1742510972.4882064
2,121.929,1742510972.4882064
3,118.825,1742510972.4882064
4,117.791,1742510972.4882064
5,120.361,1742510972.4882064
6,117.546,1742510972.4882064
7,123.834,1742510972.4882064
0,120.592,1742510972.538342
1,117.027,1742510972.538342
2,121.929,1742510972.538342
3,118.822,1742510972.538342
4,117.784,1742510972.538342
5,120.341,1742510972.538342
6,117.54,1742510972.538342
7,123.834,1742510972.538342
0,120.578,1742510972.5884764
1,116.982,1742510972.5884764
2,121.902,1742510972.5884764
3,118.822,1742510972.5884764
4,117.784,1742510972.5884764
5,120.341,1742510972.5884764
6,117.54,1742510972.5884764
7,123.793,1742510972.5884764
0,120.578,1742510972.638602
1,116.982,1742510972.638602
2,121.902,1742510972.638602
3,118.822,1742510972.638602
4,117.769,1742510972.638602
5,120.354,1742510972.638602
6,117.529,1742510972.638602
7,123.793,1742510972.638602
0,120.566,1742510972.6887379
1,116.994,1742510972.6887379
2,121.889,1742510972.6887379
3,118.822,1742510972.6887379
4,117.769,1742510972.6887379
5,120.354,1742510972.6887379
6,117.529,1742510972.6887379
7,123.746,1742510972.6887379
0,120.566,1742510972.7388728
1,116.994,1742510972.7388728
2,121.889,1742510972.7388728
3,118.809,1742510972.7388728
4,117.748,1742510972.7388728
5,120.313,1742510972.7388728
6,117.515,1742510972.7388728
7,123.746,1742510972.7388728
0,120.54,1742510972.7890074
1,117.023,1742510972.7890074
2,121.869,1742510972.7890074
3,118.809,1742510972.7890074
4,117.748,1742510972.7890074
5,120.313,1742510972.7890074
6,117.515,1742510972.7890074
7,123.711,1742510972.7890074
0,120.54,1742510972.8391428
1,117.023,1742510972.8391428
2,121.869,1742510972.8391428
3,118.802,1742510972.8391428
4,117.748,1742510972.8391428
5,120.327,1742510972.8391428
6,117.489,1742510972.8391428
7,123.711,1742510972.8391428
0,120.514,1742510972.8892787
1,116.926,1742510972.8892787
2,121.856,1742510972.8892787
3,118.802,1742510972.8892787
4,117.748,1742510972.8892787
5,120.327,1742510972.8892787
6,117.489,1742510972.8892787
7,123.717,1742510972.8892787
0,120.514,1742510972.9394138
1,116.926,1742510972.9394138
2,121.856,1742510972.9394138
3,118.791,1742510972.9394138
4,117.754,1742510972.9394138
5,120.292,1742510972.9394138
6,117.487,1742510972.9394138
7,123.717,1742510972.9394138
0,120.513,1742510972.9895492
1,117.043,1742510972.9895492
2,121.849,1742510972.9895492
3,118.791,1742510972.9895492
4,117.754,1742510972.9895492
5,120.292,1742510972.9895492
6,117.487,1742510972.9895492
7,123.704,1742510972.9895492
0,120.513,1742510973.039686
1,117.043,1742510973.039686
2,121.849,1742510973.039686
3,118.782,1742510973.039686
4,117.761,1742510973.039686
5,120.301,1742510973.039686
6,117.472,1742510973.039686
7,123.704,1742510973.039686
0,120.51,1742510973.0898144
1,116.893,1742510973.0898144
2,121.83,1742510973.0898144
3,118.782,1742510973.0898144
4,117.761,1742510973.0898144
5,120.301,1742510973.0898144
6,117.472,1742510973.0898144
7,123.711,1742510973.0898144
0,120.51,1742510973.1399565
1,116.893,1742510973.1399565
2,121.83,1742510973.1399565
3,118.769,1742510973.1399565
4,117.767,1742510973.1399565
5,120.384,1742510973.1399565
6,117.445,1742510973.1399565
7,123.711,1742510973.1399565
0,125.886,1742510973.1900976
1,118.959,1742510973.1900976
2,123.067,1742510973.1900976
3,118.769,1742510973.1900976
4,117.767,1742510973.1900976
5,120.384,1742510973.1900976
6,117.445,1742510973.1900976
7,129.315,1742510973.1900976
0,125.886,1742510973.240233
1,118.959,1742510973.240233
2,123.067,1742510973.240233
3,136.834,1742510973.240233
4,128.611,1742510973.240233
5,143.902,1742510973.240233
6,136.669,1742510973.240233
7,129.315,1742510973.240233
0,155.145,1742510973.2903683
1,142.953,1742510973.2903683
2,146.877,1742510973.2903683
3,136.834,1742510973.2903683
4,128.611,1742510973.2903683
5,143.902,1742510973.2903683
6,136.669,1742510973.2903683
7,156.342,1742510973.2903683
0,155.145,1742510973.3405063
1,142.953,1742510973.3405063
2,146.877,1742510973.3405063
3,161.911,1742510973.3405063
4,152.91,1742510973.3405063
5,169.961,1742510973.3405063
6,161.067,1742510973.3405063
7,156.342,1742510973.3405063
0,180.701,1742510973.3906305
1,173.341,1742510973.3906305
2,171.837,1742510973.3906305
3,161.911,1742510973.3906305
4,152.91,1742510973.3906305
5,169.961,1742510973.3906305
6,161.067,1742510973.3906305
7,183.708,1742510973.3906305
0,180.701,1742510973.4407666
1,173.341,1742510973.4407666
2,171.837,1742510973.4407666
3,186.019,1742510973.4407666
4,183.478,1742510973.4407666
5,194.187,1742510973.4407666
6,186.818,1742510973.4407666
7,183.708,1742510973.4407666
0,205.675,1742510973.4909036
1,197.24,1742510973.4909036
2,196.46,1742510973.4909036
3,186.019,1742510973.4909036
4,183.478,1742510973.4909036
5,194.187,1742510973.4909036
6,186.818,1742510973.4909036
7,210.814,1742510973.4909036
0,205.675,1742510973.541043
1,197.24,1742510973.541043
2,196.46,1742510973.541043
3,211.777,1742510973.541043
4,209.02,1742510973.541043
5,220.287,1742510973.541043
6,212.648,1742510973.541043
7,210.814,1742510973.541043
0,231.158,1742510973.5911777
1,229.545,1742510973.5911777
2,224.239,1742510973.5911777
3,211.777,1742510973.5911777
4,209.02,1742510973.5911777
5,220.287,1742510973.5911777
6,212.648,1742510973.5911777
7,234.413,1742510973.5911777
0,231.158,1742510973.6413136
1,229.545,1742510973.6413136
2,224.239,1742510973.6413136
3,239.644,1742510973.6413136
4,235.473,1742510973.6413136
5,248.133,1742510973.6413136
6,236.601,1742510973.6413136
7,234.413,1742510973.6413136
0,255.929,1742510973.6914494
1,253.323,1742510973.6914494
2,251.411,1742510973.6914494
3,239.644,1742510973.6914494
4,235.473,1742510973.6914494
5,248.133,1742510973.6914494
6,236.601,1742510973.6914494
7,261.623,1742510973.6914494
0,255.929,1742510973.7415855
1,253.323,1742510973.7415855
2,251.411,1742510973.7415855
3,264.567,1742510973.7415855
4,259.983,1742510973.7415855
5,277.877,1742510973.7415855
6,261.341,1742510973.7415855
7,261.623,1742510973.7415855
0,281.208,1742510973.7917206
1,277.375,1742510973.7917206
2,276.518,1742510973.7917206
3,264.567,1742510973.7917206
4,259.983,1742510973.7917206
5,277.877,1742510973.7917206
6,261.341,1742510973.7917206
7,283.161,1742510973.7917206
0,281.208,1742510973.8418808
1,277.375,1742510973.8418808
2,276.518,1742510973.8418808
3,286.328,1742510973.8418808
4,284.753,1742510973.8418808
5,303.581,1742510973.8418808
6,285.488,1742510973.8418808
7,283.161,1742510973.8418808
0,307.367,1742510973.8920562
1,301.098,1742510973.8920562
2,301.865,1742510973.8920562
3,286.328,1742510973.8920562
4,284.753,1742510973.8920562
5,303.581,1742510973.8920562
6,285.488,1742510973.8920562
7,307.665,1742510973.8920562
0,307.367,1742510973.9421818
1,301.098,1742510973.9421818
2,301.865,1742510973.9421818
3,314.248,1742510973.9421818
4,308.751,1742510973.9421818
5,328.597,1742510973.9421818
6,308.736,1742510973.9421818
7,307.665,1742510973.9421818
0,333.535,1742510973.9923074
1,320.895,1742510973.9923074
2,326.929,1742510973.9923074
3,314.248,1742510973.9923074
4,308.751,1742510973.9923074
5,328.597,1742510973.9923074
6,308.736,1742510973.9923074
7,332.416,1742510973.9923074
0,333.535,1742510974.0424309
1,320.895,1742510974.0424309
2,326.929,1742510974.0424309
3,343.669,1742510974.0424309
4,328.703,1742510974.0424309
5,328.597,1742510974.0424309
6,337.543,1742510974.0424309
7,332.416,1742510974.0424309
0,358.469,1742510974.092559
1,344.905,1742510974.092559
2,351.607,1742510974.092559
3,343.669,1742510974.092559
4,328.703,1742510974.092559
5,349.457,1742510974.092559
6,337.543,1742510974.092559
7,366.86,1742510974.092559
0,358.469,1742510974.1428654
1,344.905,1742510974.1428654
2,351.607,1742510974.1428654
3,367.609,1742510974.1428654
4,351.687,1742510974.1428654
5,349.457,1742510974.1428654
6,361.484,1742510974.1428654
7,366.86,1742510974.1428654
0,378.09,1742510974.1930032
1,364.859,1742510974.1930032
2,372.706,1742510974.1930032
3,367.609,1742510974.1930032
4,351.687,1742510974.1930032
5,374.055,1742510974.1930032
6,361.484,1742510974.1930032
7,382.352,1742510974.1930032
0,378.09,1742510974.2431543
1,364.859,1742510974.2431543
2,372.706,1742510974.2431543
3,369.791,1742510974.2431543
4,363.472,1742510974.2431543
5,374.055,1742510974.2431543
6,366.38,1742510974.2431543
7,382.352,1742510974.2431543
0,378.237,1742510974.293293
1,364.265,1742510974.293293
2,372.752,1742510974.293293
3,369.791,1742510974.293293
4,363.472,1742510974.293293
5,375.948,1742510974.293293
6,366.38,1742510974.293293
7,380.498,1742510974.293293
0,378.237,1742510974.3434181
1,364.265,1742510974.3434181
2,372.752,1742510974.3434181
3,369.952,1742510974.3434181
4,362.704,1742510974.3434181
5,375.948,1742510974.3434181
6,366.063,1742510974.3434181
7,380.498,1742510974.3434181
0,369.731,1742510974.3935418
1,354.289,1742510974.3935418
2,368.42,1742510974.3935418
3,369.952,1742510974.3935418
4,362.704,1742510974.3935418
5,373.979,1742510974.3935418
6,366.063,1742510974.3935418
7,369.294,1742510974.3935418
0,369.731,1742510974.4436786
1,354.289,1742510974.4436786
2,368.42,1742510974.4436786
3,346.79,1742510974.4436786
4,347.999,1742510974.4436786
5,373.979,1742510974.4436786
6,342.76,1742510974.4436786
7,369.294,1742510974.4436786
0,344.036,1742510974.493802
1,329.247,1742510974.493802
2,344.6,1742510974.493802
3,346.79,1742510974.493802
4,347.999,1742510974.493802
5,349.396,1742510974.493802
6,342.76,1742510974.493802
7,342.722,1742510974.493802
0,344.036,1742510974.543937
1,329.247,1742510974.543937
2,344.6,1742510974.543937
3,320.182,1742510974.543937
4,314.846,1742510974.543937
5,349.396,1742510974.543937
6,317.215,1742510974.543937
7,342.722,1742510974.543937
0,317.671,1742510974.5940633
1,304.825,1742510974.5940633
2,319.364,1742510974.5940633
3,320.182,1742510974.5940633
4,314.846,1742510974.5940633
5,323.056,1742510974.5940633
6,317.215,1742510974.5940633
7,317.864,1742510974.5940633
0,317.671,1742510974.64423
1,304.825,1742510974.64423
2,319.364,1742510974.64423
3,292.878,1742510974.64423
4,290.118,1742510974.64423
5,323.056,1742510974.64423
6,291.275,1742510974.64423
7,317.864,1742510974.64423
0,293.249,1742510974.694354
1,281.171,1742510974.694354
2,294.694,1742510974.694354
3,292.878,1742510974.694354
4,290.118,1742510974.694354
5,298.053,1742510974.694354
6,291.275,1742510974.694354
7,293.47,1742510974.694354
0,293.249,1742510974.744489
1,281.171,1742510974.744489
2,294.694,1742510974.744489
3,269.922,1742510974.744489
4,267.13,1742510974.744489
5,298.053,1742510974.744489
6,266.342,1742510974.744489
7,293.47,1742510974.744489
0,260.409,1742510974.7946255
1,257.433,1742510974.7946255
2,270.273,1742510974.7946255
3,269.922,1742510974.7946255
4,267.13,1742510974.7946255
5,272.914,1742510974.7946255
6,266.342,1742510974.7946255
7,267.322,1742510974.7946255
0,260.409,1742510974.844762
1,257.433,1742510974.844762
2,270.273,1742510974.844762
3,244.995,1742510974.844762
4,242.906,1742510974.844762
5,272.914,1742510974.844762
6,242.102,1742510974.844762
7,267.322,1742510974.844762
0,237.667,1742510974.8949018
1,234.071,1742510974.8949018
2,244.152,1742510974.8949018
3,244.995,1742510974.8949018
4,242.906,1742510974.8949018
5,247.675,1742510974.8949018
6,242.102,1742510974.8949018
7,242.658,1742510974.8949018
0,237.667,1742510974.9450374
1,234.071,1742510974.9450374
2,244.152,1742510974.9450374
3,222.668,1742510974.9450374
4,219.417,1742510974.9450374
5,247.675,1742510974.9450374
6,217.697,1742510974.9450374
7,242.658,1742510974.9450374
0,207.114,1742510974.9951766
1,210.334,1742510974.9951766
2,220.898,1742510974.9951766
3,222.668,1742510974.9951766
4,219.417,1742510974.9951766
5,222.929,1742510974.9951766
6,217.697,1742510974.9951766
7,217.592,1742510974.9951766
0,207.114,1742510975.0453026
1,210.334,1742510975.0453026
2,220.898,1742510975.0453026
3,193.873,1742510975.0453026
4,192.234,1742510975.0453026
5,222.929,1742510975.0453026
6,195.693,1742510975.0453026
7,217.592,1742510975.0453026
0,181.842,1742510975.0954268
1,183.379,1742510975.0954268
2,194.57,1742510975.0954268
3,193.873,1742510975.0954268
4,192.234,1742510975.0954268
5,198.131,1742510975.0954268
6,195.693,1742510975.0954268
7,195.22,1742510975.0954268
0,181.842,1742510975.145563
1,183.379,1742510975.145563
2,194.57,1742510975.145563
3,167.457,1742510975.145563
4,168.726,1742510975.145563
5,198.131,1742510975.145563
6,172.252,1742510975.145563
7,195.22,1742510975.145563
0,156.502,1742510975.1956878
1,161.188,1742510975.1956878
2,172.001,1742510975.1956878
3,167.457,1742510975.1956878
4,168.726,1742510975.1956878
5,170.828,1742510975.1956878
6,172.252,1742510975.1956878
7,169.628,1742510975.1956878
0,156.502,1742510975.2458224
1,161.188,1742510975.2458224
2,172.001,1742510975.2458224
3,142.304,1742510975.2458224
4,150.481,1742510975.2458224
5,170.828,1742510975.2458224
6,148.512,1742510975.2458224
7,169.628,1742510975.2458224
0,132.187,1742510975.295969
1,136.683,1742510975.295969
2,144.565,1742510975.295969
3,142.304,1742510975.295969
4,150.481,1742510975.295969
5,144.92,1742510975.295969
6,148.512,1742510975.295969
7,140.494,1742510975.295969
0,132.187,1742510975.346094
1,136.683,1742510975.346094
2,144.565,1742510975.346094
3,119.443,1742510975.346094
4,120.573,1742510975.346094
5,144.92,1742510975.346094
6,119.596,1742510975.346094
7,140.494,1742510975.346094
0,120.673,1742510975.3962197
1,117.602,1742510975.3962197
2,122.954,1742510975.3962197
3,119.443,1742510975.3962197
4,120.573,1742510975.3962197
5,121.349,1742510975.3962197
6,119.596,1742510975.3962197
7,124.578,1742510975.3962197
0,120.673,1742510975.4463615
1,117.602,1742510975.4463615
2,122.954,1742510975.4463615
3,119.073,1742510975.4463615
4,118.293,1742510975.4463615
5,121.349,1742510975.4463615
6,117.91,1742510975.4463615
7,124.578,1742510975.4463615
0,120.611,1742510975.4964983
1,117.236,1742510975.4964983
2,122.641,1742510975.4964983
3,119.073,1742510975.4964983
4,118.293,1742510975.4964983
5,120.77,1742510975.4964983
6,117.91,1742510975.4964983
7,124.315,1742510975.4964983
0,120.611,1742510975.546667
1,117.236,1742510975.546667
2,122.641,1742510975.546667
3,119.053,1742510975.546667
4,118.222,1742510975.546667
5,120.77,1742510975.546667
6,117.856,1742510975.546667
7,124.315,1742510975.546667
0,120.582,1742510975.5968034
1,117.322,1742510975.5968034
2,122.498,1742510975.5968034
3,119.053,1742510975.5968034
4,118.222,1742510975.5968034
5,120.705,1742510975.5968034
6,117.856,1742510975.5968034
7,124.193,1742510975.5968034
0,120.582,1742510975.6469586
1,117.322,1742510975.6469586
2,122.498,1742510975.6469586
3,119.044,1742510975.6469586
4,118.115,1742510975.6469586
5,120.705,1742510975.6469586
6,117.805,1742510975.6469586
7,124.193,1742510975.6469586
0,120.578,1742510975.6970832
1,117.137,1742510975.6970832
2,122.376,1742510975.6970832
3,119.044,1742510975.6970832
4,118.115,1742510975.6970832
5,120.707,1742510975.6970832
6,117.805,1742510975.6970832
7,124.111,1742510975.6970832
0,120.578,1742510975.7472203
1,117.137,1742510975.7472203
2,122.376,1742510975.7472203
3,118.995,1742510975.7472203
4,118.053,1742510975.7472203
5,120.707,1742510975.7472203
6,117.765,1742510975.7472203
7,124.111,1742510975.7472203
0,120.575,1742510975.79736
1,117.225,1742510975.79736
2,122.294,1742510975.79736
3,118.995,1742510975.79736
4,118.053,1742510975.79736
5,120.651,1742510975.79736
6,117.765,1742510975.79736
7,124.023,1742510975.79736
0,120.575,1742510975.8475218
1,117.225,1742510975.8475218
2,122.294,1742510975.8475218
3,118.948,1742510975.8475218
4,118.003,1742510975.8475218
5,120.651,1742510975.8475218
6,117.707,1742510975.8475218
7,124.023,1742510975.8475218
0,120.584,1742510975.8976614
1,117.132,1742510975.8976614
2,122.211,1742510975.8976614
3,118.948,1742510975.8976614
4,118.003,1742510975.8976614
5,120.619,1742510975.8976614
6,117.707,1742510975.8976614
7,123.977,1742510975.8976614
0,120.584,1742510975.9478426
1,117.132,1742510975.9478426
2,122.211,1742510975.9478426
3,118.916,1742510975.9478426
4,117.963,1742510975.9478426
5,120.619,1742510975.9478426
6,117.671,1742510975.9478426
7,123.977,1742510975.9478426
0,120.583,1742510975.9979832
1,117.132,1742510975.9979832
2,122.126,1742510975.9979832
3,118.916,1742510975.9979832
4,117.963,1742510975.9979832
5,120.563,1742510975.9979832
6,117.671,1742510975.9979832
7,123.942,1742510975.9979832
0,120.583,1742510976.048122
1,117.132,1742510976.048122
2,122.126,1742510976.048122
3,118.903,1742510976.048122
4,117.896,1742510976.048122
5,120.563,1742510976.048122
6,117.643,1742510976.048122
7,123.942,1742510976.048122
0,120.582,1742510976.0982482
1,117.098,1742510976.0982482
2,122.074,1742510976.0982482
3,118.903,1742510976.0982482
4,117.896,1742510976.0982482
5,120.551,1742510976.0982482
6,117.643,1742510976.0982482
7,123.907,1742510976.0982482
0,120.582,1742510976.1483717
1,117.098,1742510976.1483717
2,122.074,1742510976.1483717
3,118.868,1742510976.1483717
4,117.857,1742510976.1483717
5,120.551,1742510976.1483717
6,117.635,1742510976.1483717
7,123.907,1742510976.1483717
0,120.588,1742510976.1984966
1,117.051,1742510976.1984966
2,122.049,1742510976.1984966
3,118.868,1742510976.1984966
4,117.857,1742510976.1984966
5,120.505,1742510976.1984966
6,117.635,1742510976.1984966
7,123.91,1742510976.1984966
0,120.588,1742510976.2486331
1,117.051,1742510976.2486331
2,122.049,1742510976.2486331
3,118.86,1742510976.2486331
4,117.836,1742510976.2486331
5,120.505,1742510976.2486331
6,117.631,1742510976.2486331
7,123.91,1742510976.2486331
0,120.607,1742510976.2987561
1,117.119,1742510976.2987561
2,122.014,1742510976.2987561
3,118.86,1742510976.2987561
4,117.836,1742510976.2987561
5,120.499,1742510976.2987561
6,117.631,1742510976.2987561
7,123.852,1742510976.2987561
0,120.607,1742510976.348892
1,117.119,1742510976.348892
2,122.014,1742510976.348892
3,118.84,1742510976.348892
4,117.787,1742510976.348892
5,120.499,1742510976.348892
6,117.623,1742510976.348892
7,123.852,1742510976.348892
0,120.563,1742510976.3990278
1,116.979,1742510976.3990278
2,121.981,1742510976.3990278
3,118.84,1742510976.3990278
4,117.787,1742510976.3990278
5,120.453,1742510976.3990278
6,117.623,1742510976.3990278
7,123.825,1742510976.3990278
0,120.563,1742510976.449132
1,116.979,1742510976.449132
2,121.981,1742510976.449132
3,118.823,1742510976.449132
4,117.792,1742510976.449132
5,120.453,1742510976.449132
6,117.597,1742510976.449132
7,123.825,1742510976.449132
0,120.543,1742510976.4993093
1,117.092,1742510976.4993093
2,121.974,1742510976.4993093
3,118.823,1742510976.4993093
4,117.792,1742510976.4993093
5,120.447,1742510976.4993093
6,117.597,1742510976.4993093
7,123.831,1742510976.4993093
0,120.543,1742510976.5494354
1,117.092,1742510976.5494354
2,121.974,1742510976.5494354
3,118.813,1742510976.5494354
4,117.776,1742510976.5494354
5,120.447,1742510976.5494354
6,117.568,1742510976.5494354
7,123.831,1742510976.5494354
0,120.53,1742510976.5996
1,116.928,1742510976.5996
2,121.958,1742510976.5996
3,118.813,1742510976.5996
4,117.776,1742510976.5996
5,120.389,1742510976.5996
6,117.568,1742510976.5996
7,123.791,1742510976.5996
0,120.53,1742510976.649739
1,116.928,1742510976.649739
2,121.958,1742510976.649739
3,118.813,1742510976.649739
4,117.754,1742510976.649739
5,120.389,1742510976.649739
6,117.555,1742510976.649739
7,123.791,1742510976.649739
0,120.53,1742510976.699922
1,117.036,1742510976.699922
2,121.945,1742510976.699922
3,118.813,1742510976.699922
4,117.754,1742510976.699922
5,120.383,1742510976.699922
6,117.555,1742510976.699922
7,123.764,1742510976.699922
0,120.531,1742510976.750047
1,117.036,1742510976.750047
2,121.945,1742510976.750047
3,118.813,1742510976.750047
4,117.744,1742510976.750047
5,120.383,1742510976.750047
6,117.521,1742510976.750047
7,123.764,1742510976.750047
0,120.531,1742510976.8001819
1,116.896,1742510976.8001819
2,121.913,1742510976.8001819
3,118.799,1742510976.8001819
4,117.744,1742510976.8001819
5,120.37,1742510976.8001819
6,117.521,1742510976.8001819
7,123.758,1742510976.8001819
0,120.513,1742510976.8503187
1,116.896,1742510976.8503187
2,121.913,1742510976.8503187
3,118.799,1742510976.8503187
4,117.723,1742510976.8503187
5,120.37,1742510976.8503187
6,117.499,1742510976.8503187
7,123.758,1742510976.8503187
0,120.513,1742510976.9004436
1,117.031,1742510976.9004436
2,121.887,1742510976.9004436
3,118.799,1742510976.9004436
4,117.723,1742510976.9004436
5,120.353,1742510976.9004436
6,117.499,1742510976.9004436
7,123.738,1742510976.9004436
0,120.512,1742510976.9505684
1,117.031,1742510976.9505684
2,121.887,1742510976.9505684
3,118.799,1742510976.9505684
4,117.71,1742510976.9505684
5,120.353,1742510976.9505684
6,117.534,1742510976.9505684
7,123.738,1742510976.9505684
0,120.512,1742510977.0006933
1,116.91,1742510977.0006933
2,121.887,1742510977.0006933
3,118.799,1742510977.0006933
4,117.71,1742510977.0006933
5,120.342,1742510977.0006933
6,117.534,1742510977.0006933
7,123.718,1742510977.0006933
0,120.512,1742510977.0508199
1,116.91,1742510977.0508199
2,121.887,1742510977.0508199
3,118.799,1742510977.0508199
4,117.718,1742510977.0508199
5,120.342,1742510977.0508199
6,117.505,1742510977.0508199
7,123.718,1742510977.0508199
0,120.512,1742510977.1009603
1,117.006,1742510977.1009603
2,121.887,1742510977.1009603
3,118.785,1742510977.1009603
4,117.718,1742510977.1009603
5,120.308,1742510977.1009603
6,117.505,1742510977.1009603
7,123.719,1742510977.1009603
0,120.518,1742510977.1510954
1,117.006,1742510977.1510954
2,121.887,1742510977.1510954
3,118.785,1742510977.1510954
4,117.711,1742510977.1510954
5,120.308,1742510977.1510954
6,117.479,1742510977.1510954
7,123.719,1742510977.1510954
0,120.518,1742510977.2012305
1,116.938,1742510977.2012305
2,121.874,1742510977.2012305
3,118.785,1742510977.2012305
4,117.711,1742510977.2012305
5,120.295,1742510977.2012305
6,117.479,1742510977.2012305
7,123.692,1742510977.2012305
0,120.508,1742510977.2514727
1,116.938,1742510977.2514727
2,121.874,1742510977.2514727
3,118.785,1742510977.2514727
4,117.69,1742510977.2514727
5,120.295,1742510977.2514727
6,117.459,1742510977.2514727
7,123.692,1742510977.2514727
0,120.508,1742510977.3016174
1,116.952,1742510977.3016174
2,121.875,1742510977.3016174
3,118.748,1742510977.3016174
4,117.69,1742510977.3016174
5,120.281,1742510977.3016174
6,117.459,1742510977.3016174
7,123.707,1742510977.3016174
0,120.482,1742510977.3517432
1,116.952,1742510977.3517432
2,121.875,1742510977.3517432
3,118.748,1742510977.3517432
4,117.684,1742510977.3517432
5,120.281,1742510977.3517432
6,117.446,1742510977.3517432
7,123.707,1742510977.3517432
0,120.482,1742510977.401868
1,116.952,1742510977.401868
2,121.856,1742510977.401868
3,118.755,1742510977.401868
4,117.684,1742510977.401868
5,120.296,1742510977.401868
6,117.446,1742510977.401868
7,123.687,1742510977.401868
0,120.498,1742510977.4520633
1,116.964,1742510977.4520633
2,121.856,1742510977.4520633
3,118.755,1742510977.4520633
4,119.824,1742510977.4520633
5,120.296,1742510977.4520633
6,120.806,1742510977.4520633
7,123.687,1742510977.4520633
0,120.498,1742510977.5022025
1,116.964,1742510977.5022025
2,129.433,1742510977.5022025
3,121.335,1742510977.5022025
4,119.824,1742510977.5022025
5,127.096,1742510977.5022025
6,120.806,1742510977.5022025
7,138.679,1742510977.5022025
0,141.56,1742510977.552378
1,132.871,1742510977.552378
2,129.433,1742510977.552378
3,121.335,1742510977.552378
4,144.116,1742510977.552378
5,127.096,1742510977.552378
6,144.677,1742510977.552378
7,138.679,1742510977.552378
0,141.56,1742510977.6025186
1,132.871,1742510977.6025186
2,158.203,1742510977.6025186
3,145.511,1742510977.6025186
4,144.116,1742510977.6025186
5,153.214,1742510977.6025186
6,144.677,1742510977.6025186
7,163.702,1742510977.6025186
0,165.982,1742510977.652653
1,155.965,1742510977.652653
2,158.203,1742510977.652653
3,145.511,1742510977.652653
4,169.108,1742510977.652653
5,153.214,1742510977.652653
6,144.677,1742510977.652653
7,163.702,1742510977.652653
0,165.982,1742510977.7027886
1,155.965,1742510977.7027886
2,181.355,1742510977.7027886
3,171.247,1742510977.7027886
4,169.108,1742510977.7027886
5,179.062,1742510977.7027886
6,169.583,1742510977.7027886
7,163.702,1742510977.7027886
0,189.498,1742510977.7529182
1,179.026,1742510977.7529182
2,181.355,1742510977.7529182
3,171.247,1742510977.7529182
4,193.381,1742510977.7529182
5,179.062,1742510977.7529182
6,169.583,1742510977.7529182
7,188.166,1742510977.7529182
0,189.498,1742510977.8030434
1,179.026,1742510977.8030434
2,207.5,1742510977.8030434
3,200.993,1742510977.8030434
4,193.381,1742510977.8030434
5,203.752,1742510977.8030434
6,192.392,1742510977.8030434
7,188.166,1742510977.8030434
0,213.654,1742510977.853169
1,210.831,1742510977.853169
2,207.5,1742510977.853169
3,200.993,1742510977.853169
4,216.166,1742510977.853169
5,203.752,1742510977.853169
6,192.392,1742510977.853169
7,212.58,1742510977.853169
0,213.654,1742510977.903299
1,210.831,1742510977.903299
2,222.822,1742510977.903299
3,221.05,1742510977.903299
4,216.166,1742510977.903299
5,224.48,1742510977.903299
6,215.494,1742510977.903299
7,212.58,1742510977.903299
0,221.081,1742510977.9534357
1,214.204,1742510977.9534357
2,222.822,1742510977.9534357
3,221.05,1742510977.9534357
4,216.821,1742510977.9534357
5,224.48,1742510977.9534357
6,215.494,1742510977.9534357
7,225.356,1742510977.9534357
0,221.081,1742510978.0035717
1,214.204,1742510978.0035717
2,222.92,1742510978.0035717
3,221.08,1742510978.0035717
4,216.821,1742510978.0035717
5,224.774,1742510978.0035717
6,218.021,1742510978.0035717
7,225.356,1742510978.0035717
0,221.118,1742510978.0537407
1,216.351,1742510978.0537407
2,222.92,1742510978.0537407
3,221.08,1742510978.0537407
4,215.269,1742510978.0537407
5,224.774,1742510978.0537407
6,218.021,1742510978.0537407
7,225.323,1742510978.0537407
0,221.118,1742510978.1038656
1,216.351,1742510978.1038656
2,223.033,1742510978.1038656
3,221.163,1742510978.1038656
4,215.269,1742510978.1038656
5,224.889,1742510978.1038656
6,218.079,1742510978.1038656
7,225.323,1742510978.1038656
0,221.106,1742510978.1539922
1,216.242,1742510978.1539922
2,223.033,1742510978.1539922
3,221.163,1742510978.1539922
4,215.329,1742510978.1539922
5,224.889,1742510978.1539922
6,218.079,1742510978.1539922
7,225.532,1742510978.1539922
0,221.106,1742510978.2041314
1,216.242,1742510978.2041314
2,221.099,1742510978.2041314
3,221.153,1742510978.2041314
4,215.329,1742510978.2041314
5,222.945,1742510978.2041314
6,218.157,1742510978.2041314
7,225.532,1742510978.2041314
0,221.172,1742510978.254261
1,216.378,1742510978.254261
2,221.099,1742510978.254261
3,221.153,1742510978.254261
4,215.379,1742510978.254261
5,222.945,1742510978.254261
6,218.157,1742510978.254261
7,223.581,1742510978.254261
0,221.172,1742510978.3043833
1,216.378,1742510978.3043833
2,223.13,1742510978.3043833
3,221.157,1742510978.3043833
4,215.379,1742510978.3043833
5,223.039,1742510978.3043833
6,218.21,1742510978.3043833
7,223.581,1742510978.3043833
0,221.203,1742510978.3545067
1,216.302,1742510978.3545067
2,223.13,1742510978.3545067
3,221.157,1742510978.3545067
4,215.388,1742510978.3545067
5,223.039,1742510978.3545067
6,218.21,1742510978.3545067
7,225.626,1742510978.3545067
0,221.203,1742510978.4046423
1,216.302,1742510978.4046423
2,223.173,1742510978.4046423
3,221.176,1742510978.4046423
4,215.388,1742510978.4046423
5,223.132,1742510978.4046423
6,218.266,1742510978.4046423
7,225.626,1742510978.4046423
0,221.209,1742510978.4547787
1,216.413,1742510978.4547787
2,223.173,1742510978.4547787
3,221.176,1742510978.4547787
4,215.173,1742510978.4547787
5,223.132,1742510978.4547787
6,218.266,1742510978.4547787
7,223.669,1742510978.4547787
0,221.209,1742510978.504915
1,216.413,1742510978.504915
2,210.546,1742510978.504915
3,214.909,1742510978.504915
4,215.173,1742510978.504915
5,220.325,1742510978.504915
6,214.935,1742510978.504915
7,223.669,1742510978.504915
0,205.392,1742510978.5551035
1,193.719,1742510978.5551035
2,210.546,1742510978.5551035
3,214.909,1742510978.5551035
4,193.174,1742510978.5551035
5,220.325,1742510978.5551035
6,214.935,1742510978.5551035
7,203.7,1742510978.5551035
0,205.392,1742510978.6052349
1,193.719,1742510978.6052349
2,189.615,1742510978.6052349
3,190.456,1742510978.6052349
4,193.174,1742510978.6052349
5,192.373,1742510978.6052349
6,187.088,1742510978.6052349
7,203.7,1742510978.6052349
0,175.686,1742510978.655371
1,169.916,1742510978.655371
2,189.615,1742510978.655371
3,190.456,1742510978.655371
4,168.621,1742510978.655371
5,192.373,1742510978.655371
6,187.088,1742510978.655371
7,184.461,1742510978.655371
0,175.686,1742510978.7055054
1,169.916,1742510978.7055054
2,163.701,1742510978.7055054
3,167.738,1742510978.7055054
4,168.621,1742510978.7055054
5,169.324,1742510978.7055054
6,162.794,1742510978.7055054
7,184.461,1742510978.7055054
0,152.149,1742510978.7556405
1,152.378,1742510978.7556405
2,163.701,1742510978.7556405
3,167.738,1742510978.7556405
4,145.468,1742510978.7556405
5,169.324,1742510978.7556405
6,162.794,1742510978.7556405
7,155.206,1742510978.7556405
0,152.149,1742510978.8057764
1,152.378,1742510978.8057764
2,141.827,1742510978.8057764
3,142.451,1742510978.8057764
4,145.468,1742510978.8057764
5,145.234,1742510978.8057764
6,137.858,1742510978.8057764
7,155.206,1742510978.8057764
0,134.283,1742510978.8559005
1,128.91,1742510978.8559005
2,141.827,1742510978.8559005
3,142.451,1742510978.8559005
4,118.902,1742510978.8559005
5,145.234,1742510978.8559005
6,137.858,1742510978.8559005
7,136.541,1742510978.8559005
0,134.283,1742510978.906037
1,128.91,1742510978.906037
2,122.285,1742510978.906037
3,119.409,1742510978.906037
4,118.902,1742510978.906037
5,121.978,1742510978.906037
6,117.815,1742510978.906037
7,136.541,1742510978.906037
0,120.551,1742510978.9561741
1,117.218,1742510978.9561741
2,122.285,1742510978.9561741
3,119.409,1742510978.9561741
4,118.049,1742510978.9561741
5,121.978,1742510978.9561741
6,117.815,1742510978.9561741
7,124.008,1742510978.9561741
0,120.551,1742510979.006311
1,117.218,1742510979.006311
2,122.157,1742510979.006311
3,118.768,1742510979.006311
4,118.049,1742510979.006311
5,121.028,1742510979.006311
6,117.734,1742510979.006311
7,124.008,1742510979.006311
0,120.504,1742510979.056458
1,117.018,1742510979.056458
2,122.157,1742510979.056458
3,118.768,1742510979.056458
4,117.901,1742510979.056458
5,121.028,1742510979.056458
6,117.734,1742510979.056458
7,123.887,1742510979.056458
0,120.504,1742510979.106634
1,117.018,1742510979.106634
2,122.044,1742510979.106634
3,118.768,1742510979.106634
4,117.901,1742510979.106634
5,120.992,1742510979.106634
6,117.657,1742510979.106634
7,123.887,1742510979.106634
0,120.5,1742510979.1567686
1,117.112,1742510979.1567686
2,122.044,1742510979.1567686
3,118.768,1742510979.1567686
4,117.844,1742510979.1567686
5,120.992,1742510979.1567686
6,117.657,1742510979.1567686
7,123.809,1742510979.1567686
0,120.5,1742510979.2069051
1,117.112,1742510979.2069051
2,121.982,1742510979.2069051
3,118.777,1742510979.2069051
4,117.844,1742510979.2069051
5,120.898,1742510979.2069051
6,117.593,1742510979.2069051
7,123.809,1742510979.2069051
0,120.422,1742510979.2570405
1,116.98,1742510979.2570405
2,121.982,1742510979.2570405
3,118.777,1742510979.2570405
4,117.801,1742510979.2570405
5,120.898,1742510979.2570405
6,117.593,1742510979.2570405
7,123.764,1742510979.2570405
0,120.422,1742510979.3071654
1,116.98,1742510979.3071654
2,121.946,1742510979.3071654
3,118.781,1742510979.3071654
4,117.801,1742510979.3071654
5,120.892,1742510979.3071654
6,117.537,1742510979.3071654
7,123.764,1742510979.3071654
0,120.381,1742510979.3573108
1,117.014,1742510979.3573108
2,121.946,1742510979.3573108
3,118.781,1742510979.3573108
4,117.783,1742510979.3573108
5,120.892,1742510979.3573108
6,117.537,1742510979.3573108
7,123.731,1742510979.3573108
0,120.381,1742510979.407436
1,117.014,1742510979.407436
2,121.894,1742510979.407436
3,118.737,1742510979.407436
4,117.783,1742510979.407436
5,120.81,1742510979.407436
6,117.487,1742510979.407436
7,123.731,1742510979.407436
0,120.345,1742510979.4576015
1,116.922,1742510979.4576015
2,121.894,1742510979.4576015
3,118.737,1742510979.4576015
4,117.775,1742510979.4576015
5,120.81,1742510979.4576015
6,117.487,1742510979.4576015
7,123.692,1742510979.4576015
0,120.345,1742510979.5077336
1,116.922,1742510979.5077336
2,121.875,1742510979.5077336
3,118.715,1742510979.5077336
4,117.775,1742510979.5077336
5,120.813,1742510979.5077336
6,117.499,1742510979.5077336
7,123.692,1742510979.5077336
0,120.356,1742510979.5578628
1,116.92,1742510979.5578628
2,121.875,1742510979.5578628
3,118.715,1742510979.5578628
4,117.739,1742510979.5578628
5,120.813,1742510979.5578628
6,117.499,1742510979.5578628
7,123.68,1742510979.5578628
0,120.356,1742510979.6079879
1,116.92,1742510979.6079879
2,121.829,1742510979.6079879
3,118.716,1742510979.6079879
4,117.739,1742510979.6079879
5,120.753,1742510979.6079879
6,117.519,1742510979.6079879
7,123.68,1742510979.6079879
0,120.319,1742510979.65811
1,116.935,1742510979.65811
2,121.829,1742510979.65811
3,118.716,1742510979.65811
4,117.705,1742510979.65811
5,120.753,1742510979.65811
6,117.519,1742510979.65811
7,123.641,1742510979.65811
0,120.319,1742510979.708245
1,116.935,1742510979.708245
2,121.81,1742510979.708245
3,118.696,1742510979.708245
4,117.705,1742510979.708245
5,120.73,1742510979.708245
6,117.498,1742510979.708245
7,123.641,1742510979.708245
0,120.29,1742510979.7583814
1,116.888,1742510979.7583814
2,121.81,1742510979.7583814
3,118.696,1742510979.7583814
4,117.685,1742510979.7583814
5,120.73,1742510979.7583814
6,117.498,1742510979.7583814
7,123.612,1742510979.7583814
0,120.29,1742510979.8085082
1,116.888,1742510979.8085082
2,121.777,1742510979.8085082
3,118.704,1742510979.8085082
4,117.685,1742510979.8085082
5,120.676,1742510979.8085082
6,117.498,1742510979.8085082
7,123.612,1742510979.8085082
0,120.29,1742510979.8586335
1,116.969,1742510979.8586335
2,121.777,1742510979.8586335
3,118.704,1742510979.8586335
4,117.691,1742510979.8586335
5,120.676,1742510979.8586335
6,117.498,1742510979.8586335
7,123.627,1742510979.8586335
0,120.29,1742510979.9087586
1,116.969,1742510979.9087586
2,121.777,1742510979.9087586
3,118.69,1742510979.9087586
4,117.691,1742510979.9087586
5,120.669,1742510979.9087586
6,117.465,1742510979.9087586
7,123.627,1742510979.9087586
0,120.274,1742510979.958914
1,116.82,1742510979.958914
2,121.777,1742510979.958914
3,118.69,1742510979.958914
4,117.677,1742510979.958914
5,120.669,1742510979.958914
6,117.465,1742510979.958914
7,123.6,1742510979.958914
0,120.274,1742510980.0090501
1,116.82,1742510980.0090501
2,121.75,1742510980.0090501
3,118.664,1742510980.0090501
4,117.677,1742510980.0090501
5,120.653,1742510980.0090501
6,117.444,1742510980.0090501
7,123.6,1742510980.0090501
0,120.281,1742510980.0592165
1,116.926,1742510980.0592165
2,121.75,1742510980.0592165
3,118.664,1742510980.0592165
4,119.504,1742510980.0592165
5,120.653,1742510980.0592165
6,117.444,1742510980.0592165
7,123.594,1742510980.0592165
0,120.281,1742510980.1093574
1,116.926,1742510980.1093574
2,131.351,1742510980.1093574
3,124.087,1742510980.1093574
4,119.504,1742510980.1093574
5,125.053,1742510980.1093574
6,122.648,1742510980.1093574
7,123.594,1742510980.1093574
0,137.851,1742510980.159494
1,136.577,1742510980.159494
2,131.351,1742510980.159494
3,124.087,1742510980.159494
4,141.429,1742510980.159494
5,125.053,1742510980.159494
6,122.648,1742510980.159494
7,143.637,1742510980.159494
0,137.851,1742510980.2096736
1,136.577,1742510980.2096736
2,155.727,1742510980.2096736
3,148.065,1742510980.2096736
4,141.429,1742510980.2096736
5,148.978,1742510980.2096736
6,146.316,1742510980.2096736
7,143.637,1742510980.2096736
0,163.011,1742510980.2598119
1,159.961,1742510980.2598119
2,155.727,1742510980.2598119
3,148.065,1742510980.2598119
4,165.784,1742510980.2598119
5,148.978,1742510980.2598119
6,146.316,1742510980.2598119
7,173.859,1742510980.2598119
0,163.011,1742510980.3099496
1,159.961,1742510980.3099496
2,179.861,1742510980.3099496
3,171.948,1742510980.3099496
4,165.784,1742510980.3099496
5,173.748,1742510980.3099496
6,169.957,1742510980.3099496
7,173.859,1742510980.3099496
0,186.936,1742510980.3600867
1,185.114,1742510980.3600867
2,179.861,1742510980.3600867
3,171.948,1742510980.3600867
4,188.015,1742510980.3600867
5,173.748,1742510980.3600867
6,169.957,1742510980.3600867
7,200.253,1742510980.3600867
0,186.936,1742510980.4102232
1,185.114,1742510980.4102232
2,195.838,1742510980.4102232
3,194.611,1742510980.4102232
4,188.015,1742510980.4102232
5,195.057,1742510980.4102232
6,190.787,1742510980.4102232
7,200.253,1742510980.4102232
0,196.749,1742510980.4603803
1,194.458,1742510980.4603803
2,195.838,1742510980.4603803
3,194.611,1742510980.4603803
4,189.419,1742510980.4603803
5,195.057,1742510980.4603803
6,190.787,1742510980.4603803
7,202.608,1742510980.4603803
0,196.749,1742510980.5105054
1,194.458,1742510980.5105054
2,196.015,1742510980.5105054
3,194.981,1742510980.5105054
4,189.419,1742510980.5105054
5,196.948,1742510980.5105054
6,192.457,1742510980.5105054
7,202.608,1742510980.5105054
0,196.81,1742510980.5606298
1,194.48,1742510980.5606298
2,196.015,1742510980.5606298
3,194.981,1742510980.5606298
4,189.551,1742510980.5606298
5,196.948,1742510980.5606298
6,192.457,1742510980.5606298
7,202.656,1742510980.5606298
0,196.81,1742510980.610755
1,194.48,1742510980.610755
2,196.128,1742510980.610755
3,194.971,1742510980.610755
4,189.551,1742510980.610755
5,197.007,1742510980.610755
6,192.48,1742510980.610755
7,202.656,1742510980.610755
0,196.862,1742510980.6608806
1,194.501,1742510980.6608806
2,196.128,1742510980.6608806
3,194.971,1742510980.6608806
4,191.114,1742510980.6608806
5,197.007,1742510980.6608806
6,192.48,1742510980.6608806
7,202.71,1742510980.6608806
0,196.862,1742510980.7110145
1,194.501,1742510980.7110145
2,196.196,1742510980.7110145
3,193.512,1742510980.7110145
4,191.114,1742510980.7110145
5,197.036,1742510980.7110145
6,192.527,1742510980.7110145
7,202.71,1742510980.7110145
0,198.431,1742510980.7611508
1,194.555,1742510980.7611508
2,196.196,1742510980.7611508
3,193.512,1742510980.7611508
4,191.203,1742510980.7611508
5,197.036,1742510980.7611508
6,192.527,1742510980.7611508
7,202.762,1742510980.7611508
0,198.431,1742510980.8112762
1,194.555,1742510980.8112762
2,196.236,1742510980.8112762
3,195.016,1742510980.8112762
4,191.203,1742510980.8112762
5,197.103,1742510980.8112762
6,191.066,1742510980.8112762
7,202.762,1742510980.8112762
0,198.456,1742510980.8614113
1,192.969,1742510980.8614113
2,196.236,1742510980.8614113
3,195.016,1742510980.8614113
4,189.842,1742510980.8614113
5,197.103,1742510980.8614113
6,191.066,1742510980.8614113
7,202.801,1742510980.8614113
0,198.456,1742510980.9115477
1,192.969,1742510980.9115477
2,196.254,1742510980.9115477
3,195.038,1742510980.9115477
4,189.842,1742510980.9115477
5,197.119,1742510980.9115477
6,192.581,1742510980.9115477
7,202.801,1742510980.9115477
0,198.473,1742510980.9616728
1,194.631,1742510980.9616728
2,196.254,1742510980.9616728
3,195.038,1742510980.9616728
4,191.357,1742510980.9616728
5,197.119,1742510980.9616728
6,192.581,1742510980.9616728
7,202.816,1742510980.9616728
0,198.473,1742510981.0118384
1,194.631,1742510981.0118384
2,196.251,1742510981.0118384
3,193.545,1742510981.0118384
4,191.357,1742510981.0118384
5,197.131,1742510981.0118384
6,191.13,1742510981.0118384
7,202.816,1742510981.0118384
0,198.0,1742510981.0619745
1,193.009,1742510981.0619745
2,196.251,1742510981.0619745
3,193.545,1742510981.0619745
4,186.83,1742510981.0619745
5,197.131,1742510981.0619745
6,191.13,1742510981.0619745
7,201.041,1742510981.0619745
0,198.0,1742510981.1121402
1,193.009,1742510981.1121402
2,180.879,1742510981.1121402
3,189.641,1742510981.1121402
4,186.83,1742510981.1121402
5,188.728,1742510981.1121402
6,189.142,1742510981.1121402
7,201.041,1742510981.1121402
0,173.952,1742510981.1622653
1,180.125,1742510981.1622653
2,180.879,1742510981.1622653
3,189.641,1742510981.1622653
4,163.423,1742510981.1622653
5,188.728,1742510981.1622653
6,189.142,1742510981.1622653
7,181.633,1742510981.1622653
0,173.952,1742510981.2123907
1,180.125,1742510981.2123907
2,161.482,1742510981.2123907
3,160.99,1742510981.2123907
4,163.423,1742510981.2123907
5,164.104,1742510981.2123907
6,166.507,1742510981.2123907
7,181.633,1742510981.2123907
0,148.633,1742510981.2625155
1,145.08,1742510981.2625155
2,161.482,1742510981.2625155
3,160.99,1742510981.2625155
4,139.424,1742510981.2625155
5,164.104,1742510981.2625155
6,166.507,1742510981.2625155
7,157.992,1742510981.2625155
0,148.633,1742510981.3126924
1,145.08,1742510981.3126924
2,137.798,1742510981.3126924
3,136.555,1742510981.3126924
4,139.424,1742510981.3126924
5,143.596,1742510981.3126924
6,139.047,1742510981.3126924
7,157.992,1742510981.3126924
0,123.466,1742510981.3628166
1,119.179,1742510981.3628166
2,137.798,1742510981.3628166
3,136.555,1742510981.3628166
4,118.724,1742510981.3628166
5,143.596,1742510981.3628166
6,139.047,1742510981.3628166
7,133.293,1742510981.3628166
0,123.466,1742510981.4129517
1,119.179,1742510981.4129517
2,122.148,1742510981.4129517
3,118.792,1742510981.4129517
4,118.724,1742510981.4129517
5,120.987,1742510981.4129517
6,118.654,1742510981.4129517
7,133.293,1742510981.4129517
0,120.531,1742510981.463077
1,116.918,1742510981.463077
2,122.148,1742510981.463077
3,118.792,1742510981.463077
4,118.379,1742510981.463077
5,120.987,1742510981.463077
6,118.654,1742510981.463077
7,123.798,1742510981.463077
0,120.531,1742510981.513304
1,116.918,1742510981.513304
2,122.148,1742510981.513304
3,118.764,1742510981.513304
4,118.379,1742510981.513304
5,120.877,1742510981.513304
6,117.6,1742510981.513304
7,123.798,1742510981.513304
0,120.485,1742510981.5634022
1,116.979,1742510981.5634022
2,121.984,1742510981.5634022
3,118.764,1742510981.5634022
4,118.288,1742510981.5634022
5,120.877,1742510981.5634022
6,117.6,1742510981.5634022
7,123.745,1742510981.5634022
0,120.485,1742510981.613541
1,116.979,1742510981.613541
2,121.984,1742510981.613541
3,118.763,1742510981.613541
4,118.288,1742510981.613541
5,120.829,1742510981.613541
6,117.543,1742510981.613541
7,123.745,1742510981.613541
0,120.418,1742510981.6636758
1,116.882,1742510981.6636758
2,121.863,1742510981.6636758
3,118.763,1742510981.6636758
4,118.165,1742510981.6636758
5,120.829,1742510981.6636758
6,117.543,1742510981.6636758
7,123.713,1742510981.6636758
0,120.418,1742510981.7138119
1,116.882,1742510981.7138119
2,121.863,1742510981.7138119
3,118.736,1742510981.7138119
4,118.165,1742510981.7138119
5,120.802,1742510981.7138119
6,117.511,1742510981.7138119
7,123.713,1742510981.7138119
0,120.397,1742510981.7639484
1,116.897,1742510981.7639484
2,121.803,1742510981.7639484
3,118.736,1742510981.7639484
4,118.075,1742510981.7639484
5,120.802,1742510981.7639484
6,117.511,1742510981.7639484
7,123.652,1742510981.7639484
0,120.397,1742510981.8140829
1,116.897,1742510981.8140829
2,121.803,1742510981.8140829
3,118.749,1742510981.8140829
4,118.075,1742510981.8140829
5,120.735,1742510981.8140829
6,117.484,1742510981.8140829
7,123.652,1742510981.8140829
0,120.382,1742510981.8642204
1,116.87,1742510981.8642204
2,121.771,1742510981.8642204
3,118.749,1742510981.8642204
4,117.958,1742510981.8642204
5,120.735,1742510981.8642204
6,117.484,1742510981.8642204
7,123.628,1742510981.8642204
0,120.382,1742510981.914356
1,116.87,1742510981.914356
2,121.771,1742510981.914356
3,118.729,1742510981.914356
4,117.958,1742510981.914356
5,120.725,1742510981.914356
6,117.444,1742510981.914356
7,123.628,1742510981.914356
0,120.33,1742510981.9644783
1,116.814,1742510981.9644783
2,121.745,1742510981.9644783
3,118.729,1742510981.9644783
4,117.873,1742510981.9644783
5,120.725,1742510981.9644783
6,117.444,1742510981.9644783
7,123.628,1742510981.9644783
0,120.33,1742510982.0146143
1,116.814,1742510982.0146143
2,121.745,1742510982.0146143
3,118.709,1742510982.0146143
4,117.873,1742510982.0146143
5,120.675,1742510982.0146143
6,117.415,1742510982.0146143
7,123.616,1742510982.0146143
0,120.325,1742510982.0647433
1,116.862,1742510982.0647433
2,121.726,1742510982.0647433
3,118.709,1742510982.0647433
4,117.806,1742510982.0647433
5,120.675,1742510982.0647433
6,117.415,1742510982.0647433
7,123.583,1742510982.0647433
0,120.325,1742510982.1148791
1,116.862,1742510982.1148791
2,121.726,1742510982.1148791
3,118.688,1742510982.1148791
4,117.806,1742510982.1148791
5,120.711,1742510982.1148791
6,117.409,1742510982.1148791
7,123.583,1742510982.1148791
0,120.31,1742510982.1650183
1,116.748,1742510982.1650183
2,121.718,1742510982.1650183
3,118.688,1742510982.1650183
4,117.731,1742510982.1650183
5,120.711,1742510982.1650183
6,117.409,1742510982.1650183
7,123.577,1742510982.1650183
0,120.31,1742510982.215154
1,116.748,1742510982.215154
2,121.718,1742510982.215154
3,118.688,1742510982.215154
4,117.731,1742510982.215154
5,120.678,1742510982.215154
6,117.414,1742510982.215154
7,123.577,1742510982.215154
0,120.3,1742510982.2652898
1,116.86,1742510982.2652898
2,121.718,1742510982.2652898
3,118.688,1742510982.2652898
4,117.65,1742510982.2652898
5,120.678,1742510982.2652898
6,117.414,1742510982.2652898
7,123.549,1742510982.2652898
0,120.3,1742510982.315449
1,116.86,1742510982.315449
2,121.718,1742510982.315449
3,118.683,1742510982.315449
4,117.65,1742510982.315449
5,120.684,1742510982.315449
6,117.4,1742510982.315449
7,123.549,1742510982.315449
0,120.284,1742510982.3655853
1,116.726,1742510982.3655853
2,121.71,1742510982.3655853
3,118.683,1742510982.3655853
4,117.59,1742510982.3655853
5,120.684,1742510982.3655853
6,117.4,1742510982.3655853
7,123.522,1742510982.3655853
0,120.284,1742510982.415711
1,116.726,1742510982.415711
2,121.71,1742510982.415711
3,118.683,1742510982.415711
4,117.59,1742510982.415711
5,120.631,1742510982.415711
6,117.385,1742510982.415711
7,123.522,1742510982.415711
0,122.341,1742510982.4658546
1,118.893,1742510982.4658546
2,121.677,1742510982.4658546
3,118.683,1742510982.4658546
4,125.086,1742510982.4658546
5,120.631,1742510982.4658546
6,117.385,1742510982.4658546
7,129.074,1742510982.4658546
0,122.341,1742510982.5160427
1,118.893,1742510982.5160427
2,121.677,1742510982.5160427
3,133.061,1742510982.5160427
4,125.086,1742510982.5160427
5,132.717,1742510982.5160427
6,131.335,1742510982.5160427
7,129.074,1742510982.5160427
0,146.917,1742510982.56621
1,143.42,1742510982.56621
2,142.387,1742510982.56621
3,133.061,1742510982.56621
4,148.146,1742510982.56621
5,132.717,1742510982.56621
6,131.335,1742510982.56621
7,154.04,1742510982.56621
0,146.917,1742510982.6163738
1,143.42,1742510982.6163738
2,142.387,1742510982.6163738
3,157.124,1742510982.6163738
4,148.146,1742510982.6163738
5,165.037,1742510982.6163738
6,155.412,1742510982.6163738
7,154.04,1742510982.6163738
0,171.348,1742510982.6665099
1,169.477,1742510982.6665099
2,166.003,1742510982.6665099
3,157.124,1742510982.6665099
4,172.326,1742510982.6665099
5,165.037,1742510982.6665099
6,155.412,1742510982.6665099
7,179.23,1742510982.6665099
0,171.348,1742510982.7166352
1,169.477,1742510982.7166352
2,166.003,1742510982.7166352
3,180.102,1742510982.7166352
4,172.326,1742510982.7166352
5,189.336,1742510982.7166352
6,178.189,1742510982.7166352
7,179.23,1742510982.7166352
0,194.583,1742510982.7667599
1,192.36,1742510982.7667599
2,187.695,1742510982.7667599
3,180.102,1742510982.7667599
4,190.404,1742510982.7667599
5,189.336,1742510982.7667599
6,178.189,1742510982.7667599
7,198.651,1742510982.7667599
0,194.583,1742510982.8168855
1,192.36,1742510982.8168855
2,187.695,1742510982.8168855
3,197.253,1742510982.8168855
4,190.404,1742510982.8168855
5,199.4,1742510982.8168855
6,193.527,1742510982.8168855
7,198.651,1742510982.8168855
0,194.285,1742510982.867021
1,191.692,1742510982.867021
2,196.13,1742510982.867021
3,197.253,1742510982.867021
4,192.048,1742510982.867021
5,199.4,1742510982.867021
6,193.527,1742510982.867021
7,198.651,1742510982.867021
0,194.285,1742510982.9171448
1,191.692,1742510982.9171448
2,196.13,1742510982.9171448
3,197.142,1742510982.9171448
4,192.048,1742510982.9171448
5,199.472,1742510982.9171448
6,193.536,1742510982.9171448
7,200.279,1742510982.9171448
0,195.796,1742510982.9672704
1,193.27,1742510982.9672704
2,196.236,1742510982.9672704
3,197.142,1742510982.9672704
4,192.048,1742510982.9672704
5,199.472,1742510982.9672704
6,193.536,1742510982.9672704
7,200.463,1742510982.9672704
0,195.796,1742510983.0173962
1,193.27,1742510983.0173962
2,196.236,1742510983.0173962
3,197.353,1742510983.0173962
4,192.175,1742510983.0173962
5,199.536,1742510983.0173962
6,192.178,1742510983.0173962
7,200.463,1742510983.0173962
0,195.874,1742510983.0675218
1,193.254,1742510983.0675218
2,196.344,1742510983.0675218
3,197.353,1742510983.0675218
4,192.175,1742510983.0675218
5,199.536,1742510983.0675218
6,192.178,1742510983.0675218
7,200.51,1742510983.0675218
0,195.874,1742510983.1176457
1,193.254,1742510983.1176457
2,196.344,1742510983.1176457
3,197.369,1742510983.1176457
4,192.269,1742510983.1176457
5,199.562,1742510983.1176457
6,193.69,1742510983.1176457
7,200.51,1742510983.1176457
0,195.889,1742510983.1677713
1,191.878,1742510983.1677713
2,196.36,1742510983.1677713
3,197.369,1742510983.1677713
4,192.269,1742510983.1677713
5,199.562,1742510983.1677713
6,193.69,1742510983.1677713
7,200.545,1742510983.1677713
0,195.889,1742510983.2178957
1,191.878,1742510983.2178957
2,196.36,1742510983.2178957
3,195.846,1742510983.2178957
4,192.365,1742510983.2178957
5,199.601,1742510983.2178957
6,192.228,1742510983.2178957
7,200.545,1742510983.2178957
0,195.915,1742510983.2680302
1,193.282,1742510983.2680302
2,194.915,1742510983.2680302
3,195.846,1742510983.2680302
4,192.365,1742510983.2680302
5,199.601,1742510983.2680302
6,192.228,1742510983.2680302
7,199.081,1742510983.2680302
0,195.915,1742510983.3181868
1,193.282,1742510983.3181868
2,194.915,1742510983.3181868
3,195.882,1742510983.3181868
4,190.987,1742510983.3181868
5,199.593,1742510983.3181868
6,192.233,1742510983.3181868
7,199.081,1742510983.3181868
0,194.453,1742510983.3683124
1,193.455,1742510983.3683124
2,196.399,1742510983.3683124
3,195.882,1742510983.3683124
4,192.541,1742510983.3683124
5,199.593,1742510983.3683124
6,192.233,1742510983.3683124
7,199.122,1742510983.3683124
0,194.453,1742510983.4185114
1,193.455,1742510983.4185114
2,196.399,1742510983.4185114
3,197.422,1742510983.4185114
4,192.541,1742510983.4185114
5,199.644,1742510983.4185114
6,193.741,1742510983.4185114
7,199.122,1742510983.4185114
0,194.504,1742510983.4686513
1,191.742,1742510983.4686513
2,194.954,1742510983.4686513
3,197.422,1742510983.4686513
4,192.541,1742510983.4686513
5,199.644,1742510983.4686513
6,193.741,1742510983.4686513
7,197.249,1742510983.4686513
0,194.504,1742510983.518788
1,191.742,1742510983.518788
2,194.954,1742510983.518788
3,186.961,1742510983.518788
4,187.322,1742510983.518788
5,181.02,1742510983.518788
6,173.075,1742510983.518788
7,197.249,1742510983.518788
0,172.608,1742510983.568925
1,169.079,1742510983.568925
2,174.668,1742510983.568925
3,186.961,1742510983.568925
4,187.322,1742510983.568925
5,181.02,1742510983.568925
6,173.075,1742510983.568925
7,172.408,1742510983.568925
0,172.608,1742510983.6190612
1,169.079,1742510983.6190612
2,174.668,1742510983.6190612
3,163.012,1742510983.6190612
4,164.533,1742510983.6190612
5,161.386,1742510983.6190612
6,154.963,1742510983.6190612
7,172.408,1742510983.6190612
0,148.72,1742510983.6691859
1,140.727,1742510983.6691859
2,151.523,1742510983.6691859
3,163.012,1742510983.6691859
4,164.533,1742510983.6691859
5,161.386,1742510983.6691859
6,154.963,1742510983.6691859
7,143.798,1742510983.6691859
0,148.72,1742510983.7193222
1,140.727,1742510983.7193222
2,151.523,1742510983.7193222
3,139.027,1742510983.7193222
4,141.293,1742510983.7193222
5,136.503,1742510983.7193222
6,132.617,1742510983.7193222
7,143.798,1742510983.7193222
0,125.923,1742510983.7694468
1,120.897,1742510983.7694468
2,128.944,1742510983.7694468
3,139.027,1742510983.7694468
4,141.293,1742510983.7694468
5,136.503,1742510983.7694468
6,132.617,1742510983.7694468
7,124.599,1742510983.7694468
0,125.923,1742510983.819572
1,120.897,1742510983.819572
2,128.944,1742510983.819572
3,118.888,1742510983.819572
4,118.901,1742510983.819572
5,120.854,1742510983.819572
6,117.571,1742510983.819572
7,124.599,1742510983.819572
0,120.484,1742510983.8697104
1,117.006,1742510983.8697104
2,121.975,1742510983.8697104
3,118.888,1742510983.8697104
4,118.901,1742510983.8697104
5,120.854,1742510983.8697104
6,117.571,1742510983.8697104
7,123.713,1742510983.8697104
0,120.484,1742510983.9198928
1,117.006,1742510983.9198928
2,121.975,1742510983.9198928
3,118.815,1742510983.9198928
4,118.362,1742510983.9198928
5,120.791,1742510983.9198928
6,117.52,1742510983.9198928
7,123.713,1742510983.9198928
0,120.487,1742510983.970121
1,116.948,1742510983.970121
2,121.856,1742510983.970121
3,118.815,1742510983.970121
4,118.362,1742510983.970121
5,120.791,1742510983.970121
6,117.52,1742510983.970121
7,123.633,1742510983.970121
0,120.487,1742510984.0202463
1,116.948,1742510984.0202463
2,121.856,1742510984.0202463
3,118.77,1742510984.0202463
4,118.317,1742510984.0202463
5,120.757,1742510984.0202463
6,117.465,1742510984.0202463
7,123.633,1742510984.0202463
0,120.419,1742510984.0703871
1,116.966,1742510984.0703871
2,121.752,1742510984.0703871
3,118.77,1742510984.0703871
4,118.317,1742510984.0703871
5,120.757,1742510984.0703871
6,117.465,1742510984.0703871
7,123.577,1742510984.0703871
0,120.419,1742510984.1205373
1,116.966,1742510984.1205373
2,121.752,1742510984.1205373
3,118.719,1742510984.1205373
4,118.289,1742510984.1205373
5,120.702,1742510984.1205373
6,117.442,1742510984.1205373
7,123.577,1742510984.1205373
0,120.404,1742510984.1706614
1,116.833,1742510984.1706614
2,121.719,1742510984.1706614
3,118.719,1742510984.1706614
4,118.289,1742510984.1706614
5,120.702,1742510984.1706614
6,117.442,1742510984.1706614
7,123.527,1742510984.1706614
0,120.404,1742510984.220786
1,116.833,1742510984.220786
2,121.719,1742510984.220786
3,118.686,1742510984.220786
4,118.269,1742510984.220786
5,120.702,1742510984.220786
6,117.408,1742510984.220786
7,123.527,1742510984.220786
0,120.386,1742510984.2709227
1,116.92,1742510984.2709227
2,121.706,1742510984.2709227
3,118.686,1742510984.2709227
4,118.269,1742510984.2709227
5,120.667,1742510984.2709227
6,117.408,1742510984.2709227
7,123.504,1742510984.2709227
0,120.386,1742510984.3210638
1,116.92,1742510984.3210638
2,121.706,1742510984.3210638
3,118.664,1742510984.3210638
4,118.23,1742510984.3210638
5,120.667,1742510984.3210638
6,117.392,1742510984.3210638
7,123.504,1742510984.3210638
0,120.368,1742510984.3712
1,116.762,1742510984.3712
2,121.687,1742510984.3712
3,118.664,1742510984.3712
4,118.23,1742510984.3712
5,120.66,1742510984.3712
6,117.392,1742510984.3712
7,123.463,1742510984.3712
0,120.368,1742510984.4213376
1,116.762,1742510984.4213376
2,121.687,1742510984.4213376
3,118.631,1742510984.4213376
4,118.196,1742510984.4213376
5,120.66,1742510984.4213376
6,117.354,1742510984.4213376
7,123.463,1742510984.4213376
0,120.326,1742510984.4714742
1,116.86,1742510984.4714742
2,121.661,1742510984.4714742
3,118.631,1742510984.4714742
4,118.196,1742510984.4714742
5,120.625,1742510984.4714742
6,117.354,1742510984.4714742
7,123.443,1742510984.4714742
0,120.326,1742510984.5216138
1,116.86,1742510984.5216138
2,121.661,1742510984.5216138
3,118.625,1742510984.5216138
4,118.126,1742510984.5216138
5,120.625,1742510984.5216138
6,117.342,1742510984.5216138
7,123.443,1742510984.5216138
0,120.31,1742510984.5717516
1,116.707,1742510984.5717516
2,121.631,1742510984.5717516
3,118.625,1742510984.5717516
4,118.126,1742510984.5717516
5,120.609,1742510984.5717516
6,117.342,1742510984.5717516
7,123.428,1742510984.5717516
0,120.31,1742510984.6218882
1,116.707,1742510984.6218882
2,121.631,1742510984.6218882
3,118.604,1742510984.6218882
4,118.044,1742510984.6218882
5,120.609,1742510984.6218882
6,117.329,1742510984.6218882
7,123.428,1742510984.6218882
0,120.28,1742510984.672016
1,116.832,1742510984.672016
2,121.615,1742510984.672016
3,118.604,1742510984.672016
4,118.044,1742510984.672016
5,120.555,1742510984.672016
6,117.329,1742510984.672016
7,123.415,1742510984.672016
0,120.28,1742510984.722155
1,116.832,1742510984.722155
2,121.615,1742510984.722155
3,118.59,1742510984.722155
4,117.989,1742510984.722155
5,120.555,1742510984.722155
6,117.318,1742510984.722155
7,123.415,1742510984.722155
0,120.285,1742510984.7722845
1,116.704,1742510984.7722845
2,121.596,1742510984.7722845
3,118.59,1742510984.7722845
4,117.989,1742510984.7722845
5,120.562,1742510984.7722845
6,117.318,1742510984.7722845
7,123.408,1742510984.7722845
0,120.285,1742510984.8224113
1,116.704,1742510984.8224113
2,121.596,1742510984.8224113
3,118.572,1742510984.8224113
4,117.92,1742510984.8224113
5,120.562,1742510984.8224113
6,117.297,1742510984.8224113
7,123.408,1742510984.8224113
0,125.674,1742510984.872558
1,122.399,1742510984.872558
2,123.357,1742510984.872558
3,118.572,1742510984.872558
4,117.92,1742510984.872558
5,120.793,1742510984.872558
6,117.297,1742510984.872558
7,123.408,1742510984.872558
0,125.674,1742510984.922696
1,122.399,1742510984.922696
2,123.357,1742510984.922696
3,137.213,1742510984.922696
4,125.054,1742510984.922696
5,120.793,1742510984.922696
6,136.367,1742510984.922696
7,133.801,1742510984.922696
0,150.058,1742510984.972834
1,147.649,1742510984.972834
2,145.907,1742510984.972834
3,137.213,1742510984.972834
4,125.054,1742510984.972834
5,144.12,1742510984.972834
6,136.367,1742510984.972834
7,133.801,1742510984.972834
0,150.058,1742510985.0229607
1,147.649,1742510985.0229607
2,145.907,1742510985.0229607
3,160.738,1742510985.0229607
4,152.489,1742510985.0229607
5,144.12,1742510985.0229607
6,159.189,1742510985.0229607
7,159.113,1742510985.0229607
0,174.417,1742510985.0731587
1,171.405,1742510985.0731587
2,170.551,1742510985.0731587
3,160.738,1742510985.0731587
4,152.489,1742510985.0731587
5,171.637,1742510985.0731587
6,159.189,1742510985.0731587
7,159.113,1742510985.0731587
0,174.417,1742510985.1232986
1,171.405,1742510985.1232986
2,170.551,1742510985.1232986
3,185.596,1742510985.1232986
4,177.201,1742510985.1232986
5,171.637,1742510985.1232986
6,185.102,1742510985.1232986
7,183.876,1742510985.1232986
0,195.865,1742510985.1734293
1,190.888,1742510985.1734293
2,194.826,1742510985.1734293
3,185.596,1742510985.1734293
4,177.201,1742510985.1734293
5,197.051,1742510985.1734293
6,185.102,1742510985.1734293
7,183.876,1742510985.1734293
0,195.865,1742510985.2235682
1,190.888,1742510985.2235682
2,194.826,1742510985.2235682
3,195.029,1742510985.2235682
4,192.306,1742510985.2235682
5,197.051,1742510985.2235682
6,192.814,1742510985.2235682
7,200.531,1742510985.2235682
0,196.125,1742510985.2737076
1,191.048,1742510985.2737076
2,194.948,1742510985.2737076
3,195.029,1742510985.2737076
4,192.306,1742510985.2737076
5,198.503,1742510985.2737076
6,192.814,1742510985.2737076
7,200.531,1742510985.2737076
0,196.125,1742510985.3238332
1,191.048,1742510985.3238332
2,194.948,1742510985.3238332
3,195.029,1742510985.3238332
4,192.348,1742510985.3238332
5,198.503,1742510985.3238332
6,194.369,1742510985.3238332
7,200.467,1742510985.3238332
0,196.164,1742510985.373958
1,191.205,1742510985.373958
2,195.056,1742510985.373958
3,196.549,1742510985.373958
4,192.348,1742510985.373958
5,198.542,1742510985.373958
6,194.369,1742510985.373958
7,200.467,1742510985.373958
0,196.164,1742510985.424083
1,191.205,1742510985.424083
2,195.056,1742510985.424083
3,196.549,1742510985.424083
4,192.418,1742510985.424083
5,198.542,1742510985.424083
6,194.43,1742510985.424083
7,200.733,1742510985.424083
0,194.729,1742510985.4742093
1,191.119,1742510985.4742093
2,196.606,1742510985.4742093
3,196.577,1742510985.4742093
4,192.418,1742510985.4742093
5,200.157,1742510985.4742093
6,194.43,1742510985.4742093
7,200.733,1742510985.4742093
0,194.729,1742510985.524349
1,191.119,1742510985.524349
2,196.606,1742510985.524349
3,196.577,1742510985.524349
4,192.507,1742510985.524349
5,200.157,1742510985.524349
6,194.459,1742510985.524349
7,200.795,1742510985.524349
0,194.754,1742510985.5744874
1,192.722,1742510985.5744874
2,195.18,1742510985.5744874
3,196.595,1742510985.5744874
4,192.507,1742510985.5744874
5,200.175,1742510985.5744874
6,194.459,1742510985.5744874
7,200.795,1742510985.5744874
0,194.754,1742510985.624616
1,192.722,1742510985.624616
2,195.18,1742510985.624616
3,196.595,1742510985.624616
4,192.59,1742510985.624616
5,200.175,1742510985.624616
6,194.48,1742510985.624616
7,200.847,1742510985.624616
0,194.784,1742510985.6747549
1,191.121,1742510985.6747549
2,196.686,1742510985.6747549
3,195.083,1742510985.6747549
4,192.59,1742510985.6747549
5,198.675,1742510985.6747549
6,194.48,1742510985.6747549
7,200.847,1742510985.6747549
0,194.784,1742510985.724891
1,191.121,1742510985.724891
2,196.686,1742510985.724891
3,195.083,1742510985.724891
4,191.213,1742510985.724891
5,198.675,1742510985.724891
6,194.501,1742510985.724891
7,199.341,1742510985.724891
0,194.785,1742510985.7750278
1,192.75,1742510985.7750278
2,196.705,1742510985.7750278
3,196.628,1742510985.7750278
4,191.213,1742510985.7750278
5,200.239,1742510985.7750278
6,194.501,1742510985.7750278
7,199.341,1742510985.7750278
0,194.785,1742510985.825164
1,192.75,1742510985.825164
2,196.705,1742510985.825164
3,196.628,1742510985.825164
4,192.752,1742510985.825164
5,200.239,1742510985.825164
6,193.008,1742510985.825164
7,200.878,1742510985.825164
0,192.712,1742510985.8752897
1,186.917,1742510985.8752897
2,194.923,1742510985.8752897
3,195.652,1742510985.8752897
4,192.752,1742510985.8752897
5,200.041,1742510985.8752897
6,193.008,1742510985.8752897
7,200.878,1742510985.8752897
0,192.712,1742510985.925427
1,186.917,1742510985.925427
2,194.923,1742510985.925427
3,195.652,1742510985.925427
4,184.306,1742510985.925427
5,200.041,1742510985.925427
6,180.198,1742510985.925427
7,193.584,1742510985.925427
0,169.174,1742510985.975532
1,164.424,1742510985.975532
2,175.841,1742510985.975532
3,172.129,1742510985.975532
4,184.306,1742510985.975532
5,176.234,1742510985.975532
6,180.198,1742510985.975532
7,193.584,1742510985.975532
0,169.174,1742510986.025636
1,164.424,1742510986.025636
2,175.841,1742510986.025636
3,172.129,1742510986.025636
4,161.623,1742510986.025636
5,176.234,1742510986.025636
6,151.792,1742510986.025636
7,168.522,1742510986.025636
0,145.213,1742510986.07577
1,140.197,1742510986.07577
2,152.438,1742510986.07577
3,146.683,1742510986.07577
4,161.623,1742510986.07577
5,155.69,1742510986.07577
6,151.792,1742510986.07577
7,168.522,1742510986.07577
0,145.213,1742510986.1258762
1,140.197,1742510986.1258762
2,152.438,1742510986.1258762
3,146.683,1742510986.1258762
4,137.322,1742510986.1258762
5,155.69,1742510986.1258762
6,132.545,1742510986.1258762
7,143.872,1742510986.1258762
0,120.582,1742510986.176029
1,117.122,1742510986.176029
2,123.487,1742510986.176029
3,120.954,1742510986.176029
4,137.322,1742510986.176029
5,123.781,1742510986.176029
6,132.545,1742510986.176029
7,143.872,1742510986.176029
0,120.582,1742510986.2261534
1,117.122,1742510986.2261534
2,123.487,1742510986.2261534
3,118.685,1742510986.2261534
4,118.449,1742510986.2261534
5,123.781,1742510986.2261534
6,117.505,1742510986.2261534
7,123.871,1742510986.2261534
0,120.322,1742510986.2762883
1,116.91,1742510986.2762883
2,121.92,1742510986.2762883
3,118.685,1742510986.2762883
4,118.449,1742510986.2762883
5,120.819,1742510986.2762883
6,117.505,1742510986.2762883
7,123.871,1742510986.2762883
0,120.322,1742510986.3264246
1,116.91,1742510986.3264246
2,121.92,1742510986.3264246
3,118.685,1742510986.3264246
4,118.311,1742510986.3264246
5,120.819,1742510986.3264246
6,117.429,1742510986.3264246
7,123.668,1742510986.3264246
0,120.291,1742510986.3765485
1,116.781,1742510986.3765485
2,121.796,1742510986.3765485
3,118.663,1742510986.3765485
4,118.311,1742510986.3765485
5,120.754,1742510986.3765485
6,117.429,1742510986.3765485
7,123.668,1742510986.3765485
0,120.291,1742510986.4266844
1,116.781,1742510986.4266844
2,121.796,1742510986.4266844
3,118.663,1742510986.4266844
4,118.268,1742510986.4266844
5,120.754,1742510986.4266844
6,117.373,1742510986.4266844
7,123.586,1742510986.4266844
0,120.229,1742510986.4768097
1,116.821,1742510986.4768097
2,121.732,1742510986.4768097
3,118.65,1742510986.4768097
4,118.268,1742510986.4768097
5,120.712,1742510986.4768097
6,117.373,1742510986.4768097
7,123.586,1742510986.4768097
0,120.229,1742510986.5269346
1,116.821,1742510986.5269346
2,121.732,1742510986.5269346
3,118.65,1742510986.5269346
4,118.228,1742510986.5269346
5,120.712,1742510986.5269346
6,117.351,1742510986.5269346
7,123.52,1742510986.5269346
0,120.207,1742510986.577071
1,116.713,1742510986.577071
2,121.671,1742510986.577071
3,118.63,1742510986.577071
4,118.228,1742510986.577071
5,120.661,1742510986.577071
6,117.351,1742510986.577071
7,123.52,1742510986.577071
0,120.207,1742510986.627195
1,116.713,1742510986.627195
2,121.671,1742510986.627195
3,118.63,1742510986.627195
4,118.201,1742510986.627195
5,120.661,1742510986.627195
6,117.316,1742510986.627195
7,123.46,1742510986.627195
0,120.199,1742510986.67732
1,116.811,1742510986.67732
2,121.631,1742510986.67732
3,118.591,1742510986.67732
4,118.201,1742510986.67732
5,120.645,1742510986.67732
6,117.316,1742510986.67732
7,123.46,1742510986.67732
0,120.199,1742510986.7274444
1,116.811,1742510986.7274444
2,121.631,1742510986.7274444
3,118.591,1742510986.7274444
4,118.098,1742510986.7274444
5,120.645,1742510986.7274444
6,117.295,1742510986.7274444
7,123.415,1742510986.7274444
0,120.189,1742510986.777641
1,116.658,1742510986.777641
2,121.611,1742510986.777641
3,118.572,1742510986.777641
4,118.098,1742510986.777641
5,120.59,1742510986.777641
6,117.295,1742510986.777641
7,123.415,1742510986.777641
0,120.189,1742510986.8277678
1,116.658,1742510986.8277678
2,121.611,1742510986.8277678
3,118.572,1742510986.8277678
4,118.021,1742510986.8277678
5,120.59,1742510986.8277678
6,117.294,1742510986.8277678
7,123.388,1742510986.8277678
0,120.204,1742510986.8779078
1,116.764,1742510986.8779078
2,121.591,1742510986.8779078
3,118.564,1742510986.8779078
4,118.021,1742510986.8779078
5,120.551,1742510986.8779078
6,117.294,1742510986.8779078
7,123.388,1742510986.8779078
0,120.204,1742510986.9280431
1,116.764,1742510986.9280431
2,121.591,1742510986.9280431
3,118.564,1742510986.9280431
4,117.952,1742510986.9280431
5,120.551,1742510986.9280431
6,117.266,1742510986.9280431
7,123.355,1742510986.9280431
0,120.208,1742510986.9781811
1,116.625,1742510986.9781811
2,121.592,1742510986.9781811
3,118.544,1742510986.9781811
4,117.952,1742510986.9781811
5,120.531,1742510986.9781811
6,117.266,1742510986.9781811
7,123.355,1742510986.9781811
0,120.208,1742510987.0283282
1,116.625,1742510987.0283282
2,121.592,1742510987.0283282
3,118.544,1742510987.0283282
4,117.867,1742510987.0283282
5,120.531,1742510987.0283282
6,117.244,1742510987.0283282
7,123.348,1742510987.0283282
0,120.187,1742510987.0784543
1,116.702,1742510987.0784543
2,121.592,1742510987.0784543
3,118.544,1742510987.0784543
4,117.867,1742510987.0784543
5,120.525,1742510987.0784543
6,117.244,1742510987.0784543
7,123.348,1742510987.0784543
0,120.187,1742510987.1285934
1,116.702,1742510987.1285934
2,121.592,1742510987.1285934
3,118.531,1742510987.1285934
4,117.83,1742510987.1285934
5,120.525,1742510987.1285934
6,117.218,1742510987.1285934
7,123.326,1742510987.1285934
0,120.175,1742510987.1787238
1,116.668,1742510987.1787238
2,121.572,1742510987.1787238
3,118.531,1742510987.1787238
4,117.83,1742510987.1787238
5,120.518,1742510987.1787238
6,117.218,1742510987.1787238
7,123.326,1742510987.1787238
0,120.175,1742510987.2288816
1,116.668,1742510987.2288816
2,121.572,1742510987.2288816
3,118.531,1742510987.2288816
4,117.739,1742510987.2288816
5,120.518,1742510987.2288816
6,117.218,1742510987.2288816
7,123.31,1742510987.2288816
0,126.553,1742510987.2790124
1,126.76,1742510987.2790124
2,126.601,1742510987.2790124
3,119.427,1742510987.2790124
4,117.739,1742510987.2790124
5,123.394,1742510987.2790124
6,118.147,1742510987.2790124
7,123.31,1742510987.2790124
0,126.553,1742510987.3291397
1,126.76,1742510987.3291397
2,126.601,1742510987.3291397
3,119.427,1742510987.3291397
4,128.967,1742510987.3291397
5,123.394,1742510987.3291397
6,118.147,1742510987.3291397
7,140.149,1742510987.3291397
0,151.119,1742510987.3792648
1,126.76,1742510987.3792648
2,150.168,1742510987.3792648
3,143.501,1742510987.3792648
4,128.967,1742510987.3792648
5,147.949,1742510987.3792648
6,141.618,1742510987.3792648
7,140.149,1742510987.3792648
0,151.119,1742510987.4294002
1,151.396,1742510987.4294002
2,150.168,1742510987.4294002
3,143.501,1742510987.4294002
4,151.897,1742510987.4294002
5,147.949,1742510987.4294002
6,141.618,1742510987.4294002
7,166.125,1742510987.4294002
0,175.935,1742510987.479541
1,151.396,1742510987.479541
2,174.559,1742510987.479541
3,173.036,1742510987.479541
4,151.897,1742510987.479541
5,174.77,1742510987.479541
6,166.866,1742510987.479541
7,166.125,1742510987.479541
0,175.935,1742510987.529724
1,176.875,1742510987.529724
2,174.559,1742510987.529724
3,173.036,1742510987.529724
4,178.307,1742510987.529724
5,174.77,1742510987.529724
6,166.866,1742510987.529724
7,191.572,1742510987.529724
0,197.933,1742510987.5798633
1,192.63,1742510987.5798633
2,194.233,1742510987.5798633
3,195.611,1742510987.5798633
4,178.307,1742510987.5798633
5,196.911,1742510987.5798633
6,191.062,1742510987.5798633
7,191.572,1742510987.5798633
0,197.933,1742510987.630094
1,192.63,1742510987.630094
2,194.233,1742510987.630094
3,195.611,1742510987.630094
4,193.787,1742510987.630094
5,196.911,1742510987.630094
6,191.062,1742510987.630094
7,201.808,1742510987.630094
0,196.599,1742510987.6802185
1,191.137,1742510987.6802185
2,194.465,1742510987.6802185
3,195.904,1742510987.6802185
4,193.787,1742510987.6802185
5,198.652,1742510987.6802185
6,192.61,1742510987.6802185
7,201.808,1742510987.6802185
0,196.599,1742510987.7303524
1,191.137,1742510987.7303524
2,194.465,1742510987.7303524
3,195.904,1742510987.7303524
4,193.835,1742510987.7303524
5,198.652,1742510987.7303524
6,192.61,1742510987.7303524
7,201.852,1742510987.7303524
0,196.645,1742510987.7804883
1,192.764,1742510987.7804883
2,196.042,1742510987.7804883
3,195.892,1742510987.7804883
4,193.835,1742510987.7804883
5,197.446,1742510987.7804883
6,192.631,1742510987.7804883
7,201.852,1742510987.7804883
0,196.645,1742510987.8306224
1,192.764,1742510987.8306224
2,196.042,1742510987.8306224
3,195.892,1742510987.8306224
4,193.864,1742510987.8306224
5,197.446,1742510987.8306224
6,192.631,1742510987.8306224
7,202.004,1742510987.8306224
0,198.198,1742510987.8807492
1,192.677,1742510987.8807492
2,194.635,1742510987.8807492
3,195.93,1742510987.8807492
4,193.864,1742510987.8807492
5,199.009,1742510987.8807492
6,192.631,1742510987.8807492
7,202.004,1742510987.8807492
0,198.198,1742510987.9308853
1,192.677,1742510987.9308853
2,194.635,1742510987.9308853
3,195.93,1742510987.9308853
4,192.377,1742510987.9308853
5,199.009,1742510987.9308853
6,192.631,1742510987.9308853
7,200.53,1742510987.9308853
0,198.171,1742510987.9810612
1,192.827,1742510987.9810612
2,194.669,1742510987.9810612
3,195.952,1742510987.9810612
4,192.377,1742510987.9810612
5,199.048,1742510987.9810612
6,192.666,1742510987.9810612
7,200.53,1742510987.9810612
0,198.171,1742510988.0311866
1,192.827,1742510988.0311866
2,194.669,1742510988.0311866
3,195.952,1742510988.0311866
4,192.411,1742510988.0311866
5,199.048,1742510988.0311866
6,192.666,1742510988.0311866
7,202.08,1742510988.0311866
0,198.185,1742510988.0813212
1,192.705,1742510988.0813212
2,194.672,1742510988.0813212
3,196.002,1742510988.0813212
4,192.411,1742510988.0813212
5,199.034,1742510988.0813212
6,192.693,1742510988.0813212
7,202.08,1742510988.0813212
0,198.185,1742510988.1314566
1,192.705,1742510988.1314566
2,194.672,1742510988.1314566
3,196.002,1742510988.1314566
4,192.404,1742510988.1314566
5,199.034,1742510988.1314566
6,192.693,1742510988.1314566
7,200.592,1742510988.1314566
0,198.172,1742510988.1815941
1,191.343,1742510988.1815941
2,194.697,1742510988.1815941
3,196.021,1742510988.1815941
4,192.404,1742510988.1815941
5,199.074,1742510988.1815941
6,192.724,1742510988.1815941
7,200.592,1742510988.1815941
0,198.172,1742510988.2317333
1,191.343,1742510988.2317333
2,194.697,1742510988.2317333
3,196.021,1742510988.2317333
4,192.422,1742510988.2317333
5,199.074,1742510988.2317333
6,192.724,1742510988.2317333
7,202.119,1742510988.2317333
0,187.846,1742510988.2818832
1,185.575,1742510988.2818832
2,192.973,1742510988.2818832
3,190.942,1742510988.2818832
4,192.422,1742510988.2818832
5,192.216,1742510988.2818832
6,191.793,1742510988.2818832
7,202.119,1742510988.2818832
0,187.846,1742510988.3320081
1,185.575,1742510988.3320081
2,192.973,1742510988.3320081
3,190.942,1742510988.3320081
4,181.145,1742510988.3320081
5,192.216,1742510988.3320081
6,191.793,1742510988.3320081
7,190.012,1742510988.3320081
0,165.698,1742510988.3821325
1,185.575,1742510988.3821325
2,170.142,1742510988.3821325
3,163.189,1742510988.3821325
4,181.145,1742510988.3821325
5,167.2,1742510988.3821325
6,171.863,1742510988.3821325
7,190.012,1742510988.3821325
0,165.698,1742510988.4322672
1,161.469,1742510988.4322672
2,170.142,1742510988.4322672
3,163.189,1742510988.4322672
4,158.143,1742510988.4322672
5,167.2,1742510988.4322672
6,171.863,1742510988.4322672
7,164.508,1742510988.4322672
0,140.881,1742510988.4824028
1,161.469,1742510988.4824028
2,146.262,1742510988.4824028
3,137.503,1742510988.4824028
4,158.143,1742510988.4824028
5,140.984,1742510988.4824028
6,148.357,1742510988.4824028
7,164.508,1742510988.4824028
0,140.881,1742510988.5325496
1,132.563,1742510988.5325496
2,146.262,1742510988.5325496
3,137.503,1742510988.5325496
4,132.864,1742510988.5325496
5,140.984,1742510988.5325496
6,148.357,1742510988.5325496
7,139.419,1742510988.5325496
0,120.41,1742510988.5826852
1,132.563,1742510988.5826852
2,122.051,1742510988.5826852
3,118.684,1742510988.5826852
4,132.864,1742510988.5826852
5,120.807,1742510988.5826852
6,124.585,1742510988.5826852
7,139.419,1742510988.5826852
0,120.41,1742510988.6328106
1,116.846,1742510988.6328106
2,122.051,1742510988.6328106
3,118.684,1742510988.6328106
4,117.65,1742510988.6328106
5,120.807,1742510988.6328106
6,124.585,1742510988.6328106
7,123.639,1742510988.6328106
0,120.221,1742510988.6829464
1,116.846,1742510988.6829464
2,121.835,1742510988.6829464
3,118.711,1742510988.6829464
4,117.65,1742510988.6829464
5,120.674,1742510988.6829464
6,117.322,1742510988.6829464
7,123.639,1742510988.6829464
0,120.221,1742510988.7331014
1,116.791,1742510988.7331014
2,121.835,1742510988.7331014
3,118.711,1742510988.7331014
4,117.581,1742510988.7331014
5,120.674,1742510988.7331014
6,117.322,1742510988.7331014
7,123.54,1742510988.7331014
0,120.161,1742510988.7832263
1,116.791,1742510988.7832263
2,121.706,1742510988.7832263
3,118.698,1742510988.7832263
4,117.581,1742510988.7832263
5,120.605,1742510988.7832263
6,117.311,1742510988.7832263
7,123.54,1742510988.7832263
0,120.161,1742510988.8333616
1,116.681,1742510988.8333616
2,121.706,1742510988.8333616
3,118.698,1742510988.8333616
4,117.551,1742510988.8333616
5,120.605,1742510988.8333616
6,117.311,1742510988.8333616
7,123.422,1742510988.8333616
0,120.135,1742510988.8834965
1,116.681,1742510988.8834965
2,121.624,1742510988.8834965
3,118.658,1742510988.8834965
4,117.551,1742510988.8834965
5,120.585,1742510988.8834965
6,117.296,1742510988.8834965
7,123.422,1742510988.8834965
0,120.135,1742510988.9336247
1,116.757,1742510988.9336247
2,121.624,1742510988.9336247
3,118.658,1742510988.9336247
4,117.54,1742510988.9336247
5,120.585,1742510988.9336247
6,117.296,1742510988.9336247
7,123.386,1742510988.9336247
0,120.135,1742510988.9837744
1,116.757,1742510988.9837744
2,121.578,1742510988.9837744
3,118.624,1742510988.9837744
4,117.54,1742510988.9837744
5,120.53,1742510988.9837744
6,117.277,1742510988.9837744
7,123.386,1742510988.9837744
0,120.135,1742510989.0339103
1,116.597,1742510989.0339103
2,121.578,1742510989.0339103
3,118.624,1742510989.0339103
4,117.513,1742510989.0339103
5,120.53,1742510989.0339103
6,117.277,1742510989.0339103
7,123.357,1742510989.0339103
0,120.118,1742510989.0840392
1,116.597,1742510989.0840392
2,121.572,1742510989.0840392
3,118.584,1742510989.0840392
4,117.513,1742510989.0840392
5,120.53,1742510989.0840392
6,117.235,1742510989.0840392
7,123.357,1742510989.0840392
0,120.118,1742510989.1341636
1,116.705,1742510989.1341636
2,121.572,1742510989.1341636
3,118.584,1742510989.1341636
4,117.506,1742510989.1341636
5,120.53,1742510989.1341636
6,117.235,1742510989.1341636
7,123.322,1742510989.1341636
0,120.109,1742510989.1842976
1,116.705,1742510989.1842976
2,121.559,1742510989.1842976
3,118.551,1742510989.1842976
4,117.506,1742510989.1842976
5,120.488,1742510989.1842976
6,117.188,1742510989.1842976
7,123.322,1742510989.1842976
0,120.109,1742510989.2344337
1,116.559,1742510989.2344337
2,121.559,1742510989.2344337
3,118.551,1742510989.2344337
4,117.482,1742510989.2344337
5,120.488,1742510989.2344337
6,117.188,1742510989.2344337
7,123.308,1742510989.2344337
0,120.102,1742510989.284559
1,116.559,1742510989.284559
2,121.532,1742510989.284559
3,118.54,1742510989.284559
4,117.482,1742510989.284559
5,120.476,1742510989.284559
6,117.173,1742510989.284559
7,123.308,1742510989.284559
0,120.102,1742510989.3346848
1,116.673,1742510989.3346848
2,121.532,1742510989.3346848
3,118.54,1742510989.3346848
4,117.464,1742510989.3346848
5,120.476,1742510989.3346848
6,117.173,1742510989.3346848
7,123.294,1742510989.3346848
0,120.093,1742510989.3848097
1,116.673,1742510989.3848097
2,121.524,1742510989.3848097
3,118.534,1742510989.3848097
4,117.464,1742510989.3848097
5,120.441,1742510989.3848097
6,117.147,1742510989.3848097
7,123.294,1742510989.3848097
0,120.093,1742510989.4349349
1,116.557,1742510989.4349349
2,121.524,1742510989.4349349
3,118.534,1742510989.4349349
4,117.457,1742510989.4349349
5,120.441,1742510989.4349349
6,117.147,1742510989.4349349
7,123.259,1742510989.4349349
0,120.051,1742510989.4850698
1,116.557,1742510989.4850698
2,121.499,1742510989.4850698
3,118.521,1742510989.4850698
4,117.457,1742510989.4850698
5,120.446,1742510989.4850698
6,117.154,1742510989.4850698
7,123.259,1742510989.4850698
0,120.051,1742510989.5351956
1,116.635,1742510989.5351956
2,121.499,1742510989.5351956
3,118.521,1742510989.5351956
4,117.43,1742510989.5351956
5,120.446,1742510989.5351956
6,117.154,1742510989.5351956
7,123.252,1742510989.5351956
0,120.057,1742510989.58532
1,116.635,1742510989.58532
2,121.479,1742510989.58532
3,118.512,1742510989.58532
4,117.43,1742510989.58532
5,120.41,1742510989.58532
6,117.16,1742510989.58532
7,123.252,1742510989.58532
0,120.057,1742510989.6354494
1,116.621,1742510989.6354494
2,121.479,1742510989.6354494
3,118.512,1742510989.6354494
4,117.445,1742510989.6354494
5,120.41,1742510989.6354494
6,117.16,1742510989.6354494
7,123.225,1742510989.6354494
0,129.464,1742510989.6855848
1,116.621,1742510989.6855848
2,126.073,1742510989.6855848
3,125.322,1742510989.6855848
4,117.445,1742510989.6855848
5,126.481,1742510989.6855848
6,121.575,1742510989.6855848
7,123.225,1742510989.6855848
0,129.464,1742510989.7357233
1,126.993,1742510989.7357233
2,126.073,1742510989.7357233
3,125.322,1742510989.7357233
4,133.821,1742510989.7357233
5,126.481,1742510989.7357233
6,121.575,1742510989.7357233
7,146.0,1742510989.7357233
0,153.86,1742510989.7858608
1,126.993,1742510989.7858608
2,149.18,1742510989.7858608
3,150.199,1742510989.7858608
4,133.821,1742510989.7858608
5,152.973,1742510989.7858608
6,144.712,1742510989.7858608
7,146.0,1742510989.7858608
0,153.86,1742510989.8359861
1,152.198,1742510989.8359861
2,149.18,1742510989.8359861
3,150.199,1742510989.8359861
4,159.347,1742510989.8359861
5,152.973,1742510989.8359861
6,144.712,1742510989.8359861
7,171.912,1742510989.8359861
0,153.86,1742510989.8861113
1,152.198,1742510989.8861113
2,171.545,1742510989.8861113
3,175.502,1742510989.8861113
4,159.347,1742510989.8861113
5,177.993,1742510989.8861113
6,169.218,1742510989.8861113
7,171.912,1742510989.8861113
0,178.656,1742510989.9362333
1,176.938,1742510989.9362333
2,171.545,1742510989.9362333
3,175.502,1742510989.9362333
4,185.492,1742510989.9362333
5,177.993,1742510989.9362333
6,169.218,1742510989.9362333
7,197.379,1742510989.9362333
0,194.525,1742510989.9863625
1,176.938,1742510989.9863625
2,194.372,1742510989.9863625
3,193.469,1742510989.9863625
4,185.492,1742510989.9863625
5,198.024,1742510989.9863625
6,193.355,1742510989.9863625
7,197.379,1742510989.9863625
0,194.525,1742510990.0364878
1,193.295,1742510990.0364878
2,194.372,1742510990.0364878
3,193.469,1742510990.0364878
4,193.314,1742510990.0364878
5,198.024,1742510990.0364878
6,193.355,1742510990.0364878
7,199.686,1742510990.0364878
0,196.07,1742510990.086627
1,193.295,1742510990.086627
2,193.315,1742510990.086627
3,194.98,1742510990.086627
4,193.314,1742510990.086627
5,199.75,1742510990.086627
6,192.281,1742510990.086627
7,199.686,1742510990.086627
0,196.07,1742510990.1367629
1,193.273,1742510990.1367629
2,193.315,1742510990.1367629
3,194.98,1742510990.1367629
4,193.428,1742510990.1367629
5,199.75,1742510990.1367629
6,192.281,1742510990.1367629
7,201.289,1742510990.1367629
0,196.097,1742510990.1868985
1,193.273,1742510990.1868985
2,193.402,1742510990.1868985
3,194.997,1742510990.1868985
4,193.428,1742510990.1868985
5,198.241,1742510990.1868985
6,192.364,1742510990.1868985
7,201.289,1742510990.1868985
0,196.097,1742510990.2370346
1,191.924,1742510990.2370346
2,193.402,1742510990.2370346
3,194.997,1742510990.2370346
4,195.008,1742510990.2370346
5,198.241,1742510990.2370346
6,192.364,1742510990.2370346
7,199.844,1742510990.2370346
0,196.144,1742510990.2871711
1,191.924,1742510990.2871711
2,193.475,1742510990.2871711
3,193.544,1742510990.2871711
4,195.008,1742510990.2871711
5,198.298,1742510990.2871711
6,192.433,1742510990.2871711
7,199.844,1742510990.2871711
0,196.144,1742510990.3373067
1,193.352,1742510990.3373067
2,193.475,1742510990.3373067
3,193.544,1742510990.3373067
4,195.049,1742510990.3373067
5,198.298,1742510990.3373067
6,192.433,1742510990.3373067
7,201.394,1742510990.3373067
0,194.696,1742510990.3874433
1,193.352,1742510990.3874433
2,194.948,1742510990.3874433
3,193.55,1742510990.3874433
4,195.049,1742510990.3874433
5,198.329,1742510990.3874433
6,192.486,1742510990.3874433
7,201.394,1742510990.3874433
0,194.696,1742510990.4375792
1,193.513,1742510990.4375792
2,194.948,1742510990.4375792
3,193.55,1742510990.4375792
4,195.079,1742510990.4375792
5,198.329,1742510990.4375792
6,192.486,1742510990.4375792
7,199.925,1742510990.4375792
0,196.227,1742510990.4877048
1,193.513,1742510990.4877048
2,193.57,1742510990.4877048
3,195.072,1742510990.4877048
4,195.079,1742510990.4877048
5,199.948,1742510990.4877048
6,192.506,1742510990.4877048
7,199.925,1742510990.4877048
0,196.227,1742510990.5378501
1,193.378,1742510990.5378501
2,193.57,1742510990.5378501
3,195.072,1742510990.5378501
4,195.118,1742510990.5378501
5,199.948,1742510990.5378501
6,192.506,1742510990.5378501
7,201.459,1742510990.5378501
0,196.215,1742510990.5879846
1,193.378,1742510990.5879846
2,193.594,1742510990.5879846
3,193.6,1742510990.5879846
4,195.118,1742510990.5879846
5,199.956,1742510990.5879846
6,194.023,1742510990.5879846
7,201.459,1742510990.5879846
0,196.215,1742510990.6381102
1,193.526,1742510990.6381102
2,193.594,1742510990.6381102
3,193.6,1742510990.6381102
4,193.609,1742510990.6381102
5,199.956,1742510990.6381102
6,194.023,1742510990.6381102
7,199.955,1742510990.6381102
0,186.799,1742510990.6882358
1,193.526,1742510990.6882358
2,189.111,1742510990.6882358
3,190.769,1742510990.6882358
4,193.609,1742510990.6882358
5,189.39,1742510990.6882358
6,190.979,1742510990.6882358
7,199.955,1742510990.6882358
0,186.799,1742510990.7383614
1,177.207,1742510990.7383614
2,189.111,1742510990.7383614
3,190.769,1742510990.7383614
4,178.442,1742510990.7383614
5,189.39,1742510990.7383614
6,190.979,1742510990.7383614
7,184.557,1742510990.7383614
0,186.799,1742510990.7885277
1,177.207,1742510990.7885277
2,166.474,1742510990.7885277
3,166.656,1742510990.7885277
4,178.442,1742510990.7885277
5,162.799,1742510990.7885277
6,165.95,1742510990.7885277
7,184.557,1742510990.7885277
0,162.418,1742510990.8386633
1,152.347,1742510990.8386633
2,166.474,1742510990.8386633
3,166.656,1742510990.8386633
4,158.422,1742510990.8386633
5,162.799,1742510990.8386633
6,165.95,1742510990.8386633
7,159.02,1742510990.8386633
0,162.418,1742510990.8887987
1,152.347,1742510990.8887987
2,143.577,1742510990.8887987
3,141.998,1742510990.8887987
4,158.422,1742510990.8887987
5,136.523,1742510990.8887987
6,140.974,1742510990.8887987
7,159.02,1742510990.8887987
0,132.107,1742510990.9389353
1,127.407,1742510990.9389353
2,143.577,1742510990.9389353
3,141.998,1742510990.9389353
4,127.107,1742510990.9389353
5,136.523,1742510990.9389353
6,140.974,1742510990.9389353
7,134.003,1742510990.9389353
0,132.107,1742510990.989075
1,127.407,1742510990.989075
2,122.182,1742510990.989075
3,118.664,1742510990.989075
4,127.107,1742510990.989075
5,120.679,1742510990.989075
6,119.311,1742510990.989075
7,134.003,1742510990.989075
0,120.236,1742510991.0392115
1,116.853,1742510991.0392115
2,122.182,1742510991.0392115
3,118.664,1742510991.0392115
4,117.768,1742510991.0392115
5,120.679,1742510991.0392115
6,119.311,1742510991.0392115
7,123.539,1742510991.0392115
0,120.236,1742510991.0893471
1,116.853,1742510991.0893471
2,121.822,1742510991.0893471
3,118.624,1742510991.0893471
4,117.768,1742510991.0893471
5,120.616,1742510991.0893471
6,117.468,1742510991.0893471
7,123.539,1742510991.0893471
0,120.223,1742510991.1394775
1,116.805,1742510991.1394775
2,121.822,1742510991.1394775
3,118.624,1742510991.1394775
4,117.66,1742510991.1394775
5,120.616,1742510991.1394775
6,117.468,1742510991.1394775
7,123.474,1742510991.1394775
0,120.223,1742510991.1896157
1,116.805,1742510991.1896157
2,121.732,1742510991.1896157
3,118.631,1742510991.1896157
4,117.66,1742510991.1896157
5,120.563,1742510991.1896157
6,117.381,1742510991.1896157
7,123.474,1742510991.1896157
0,120.17,1742510991.239752
1,116.687,1742510991.239752
2,121.732,1742510991.239752
3,118.631,1742510991.239752
4,117.591,1742510991.239752
5,120.563,1742510991.239752
6,117.381,1742510991.239752
7,123.415,1742510991.239752
0,120.17,1742510991.2898874
1,116.687,1742510991.2898874
2,121.661,1742510991.2898874
3,118.605,1742510991.2898874
4,117.591,1742510991.2898874
5,120.521,1742510991.2898874
6,117.342,1742510991.2898874
7,123.415,1742510991.2898874
0,120.13,1742510991.34001
1,116.753,1742510991.34001
2,121.661,1742510991.34001
3,118.605,1742510991.34001
4,117.572,1742510991.34001
5,120.521,1742510991.34001
6,117.342,1742510991.34001
7,123.373,1742510991.34001
0,120.13,1742510991.3901274
1,116.753,1742510991.3901274
2,121.635,1742510991.3901274
3,118.573,1742510991.3901274
4,117.572,1742510991.3901274
5,120.503,1742510991.3901274
6,117.29,1742510991.3901274
7,123.373,1742510991.3901274
0,120.119,1742510991.4402537
1,116.594,1742510991.4402537
2,121.635,1742510991.4402537
3,118.573,1742510991.4402537
4,117.557,1742510991.4402537
5,120.503,1742510991.4402537
6,117.29,1742510991.4402537
7,123.319,1742510991.4402537
0,120.119,1742510991.49039
1,116.594,1742510991.49039
2,121.585,1742510991.49039
3,118.56,1742510991.49039
4,117.557,1742510991.49039
5,120.504,1742510991.49039
6,117.29,1742510991.49039
7,123.319,1742510991.49039
0,120.068,1742510991.5405266
1,116.719,1742510991.5405266
2,121.585,1742510991.5405266
3,118.56,1742510991.5405266
4,117.543,1742510991.5405266
5,120.504,1742510991.5405266
6,117.29,1742510991.5405266
7,123.298,1742510991.5405266
0,120.068,1742510991.5906532
1,116.719,1742510991.5906532
2,121.563,1742510991.5906532
3,118.545,1742510991.5906532
4,117.543,1742510991.5906532
5,120.463,1742510991.5906532
6,117.275,1742510991.5906532
7,123.298,1742510991.5906532
0,120.066,1742510991.640788
1,116.58,1742510991.640788
2,121.563,1742510991.640788
3,118.545,1742510991.640788
4,117.515,1742510991.640788
5,120.463,1742510991.640788
6,117.275,1742510991.640788
7,123.289,1742510991.640788
0,120.066,1742510991.6909113
1,116.58,1742510991.6909113
2,121.537,1742510991.6909113
3,118.525,1742510991.6909113
4,117.515,1742510991.6909113
5,120.452,1742510991.6909113
6,117.284,1742510991.6909113
7,123.289,1742510991.6909113
0,120.062,1742510991.7410471
1,116.705,1742510991.7410471
2,121.537,1742510991.7410471
3,118.525,1742510991.7410471
4,117.501,1742510991.7410471
5,120.452,1742510991.7410471
6,117.284,1742510991.7410471
7,123.295,1742510991.7410471
0,120.062,1742510991.7911837
1,116.705,1742510991.7911837
2,121.518,1742510991.7911837
3,118.498,1742510991.7911837
4,117.501,1742510991.7911837
5,120.437,1742510991.7911837
6,117.245,1742510991.7911837
7,123.295,1742510991.7911837
0,120.056,1742510991.841324
1,116.582,1742510991.841324
2,121.518,1742510991.841324
3,118.498,1742510991.841324
4,117.48,1742510991.841324
5,120.437,1742510991.841324
6,117.245,1742510991.841324
7,123.281,1742510991.841324
0,120.056,1742510991.891464
1,116.582,1742510991.891464
2,121.505,1742510991.891464
3,118.479,1742510991.891464
4,117.48,1742510991.891464
5,120.453,1742510991.891464
6,117.224,1742510991.891464
7,123.281,1742510991.891464
0,120.026,1742510991.9415884
1,116.626,1742510991.9415884
2,121.505,1742510991.9415884
3,118.479,1742510991.9415884
4,117.498,1742510991.9415884
5,120.453,1742510991.9415884
6,117.224,1742510991.9415884
7,123.242,1742510991.9415884
0,120.026,1742510991.9918978
1,116.626,1742510991.9918978
2,121.492,1742510991.9918978
3,118.478,1742510991.9918978
4,117.498,1742510991.9918978
5,120.409,1742510991.9918978
6,117.202,1742510991.9918978
7,123.242,1742510991.9918978
0,120.023,1742510992.042041
1,116.62,1742510992.042041
2,121.492,1742510992.042041
3,118.478,1742510992.042041
4,118.715,1742510992.042041
5,120.409,1742510992.042041
6,117.202,1742510992.042041
7,123.344,1742510992.042041
0,120.023,1742510992.0921814
1,116.62,1742510992.0921814
2,136.584,1742510992.0921814
3,132.613,1742510992.0921814
4,118.715,1742510992.0921814
5,133.835,1742510992.0921814
6,125.87,1742510992.0921814
7,123.344,1742510992.0921814
0,136.235,1742510992.142321
1,139.754,1742510992.142321
2,136.584,1742510992.142321
3,132.613,1742510992.142321
4,141.229,1742510992.142321
5,133.835,1742510992.142321
6,125.87,1742510992.142321
7,147.135,1742510992.142321
0,136.235,1742510992.1924639
1,139.754,1742510992.1924639
2,161.53,1742510992.1924639
3,157.385,1742510992.1924639
4,141.229,1742510992.1924639
5,133.835,1742510992.1924639
6,149.847,1742510992.1924639
7,147.135,1742510992.1924639
0,161.908,1742510992.2426016
1,164.691,1742510992.2426016
2,161.53,1742510992.2426016
3,157.385,1742510992.2426016
4,165.133,1742510992.2426016
5,165.315,1742510992.2426016
6,149.847,1742510992.2426016
7,176.572,1742510992.2426016
0,161.908,1742510992.292751
1,164.691,1742510992.292751
2,161.53,1742510992.292751
3,157.385,1742510992.292751
4,165.133,1742510992.292751
5,165.315,1742510992.292751
6,175.387,1742510992.292751
7,176.572,1742510992.292751
0,186.513,1742510992.342979
1,191.544,1742510992.342979
2,186.301,1742510992.342979
3,182.063,1742510992.342979
4,189.23,1742510992.342979
5,189.954,1742510992.342979
6,175.387,1742510992.342979
7,200.466,1742510992.342979
0,186.513,1742510992.3931036
1,191.544,1742510992.3931036
2,196.797,1742510992.3931036
3,194.229,1742510992.3931036
4,189.23,1742510992.3931036
5,189.954,1742510992.3931036
6,192.336,1742510992.3931036
7,200.466,1742510992.3931036
0,197.711,1742510992.443228
1,193.544,1742510992.443228
2,196.797,1742510992.443228
3,194.229,1742510992.443228
4,190.673,1742510992.443228
5,197.041,1742510992.443228
6,192.336,1742510992.443228
7,200.987,1742510992.443228
0,197.711,1742510992.4933534
1,193.544,1742510992.4933534
2,196.797,1742510992.4933534
3,194.229,1742510992.4933534
4,190.673,1742510992.4933534
5,197.041,1742510992.4933534
6,192.334,1742510992.4933534
7,200.987,1742510992.4933534
0,196.269,1742510992.5434787
1,193.518,1742510992.5434787
2,195.397,1742510992.5434787
3,194.211,1742510992.5434787
4,190.777,1742510992.5434787
5,195.75,1742510992.5434787
6,192.334,1742510992.5434787
7,201.055,1742510992.5434787
0,196.269,1742510992.5936036
1,193.518,1742510992.5936036
2,195.397,1742510992.5936036
3,194.211,1742510992.5936036
4,190.777,1742510992.5936036
5,195.75,1742510992.5936036
6,192.439,1742510992.5936036
7,201.055,1742510992.5936036
0,197.87,1742510992.6437285
1,193.65,1742510992.6437285
2,196.969,1742510992.6437285
3,194.265,1742510992.6437285
4,189.438,1742510992.6437285
5,195.831,1742510992.6437285
6,192.439,1742510992.6437285
7,201.094,1742510992.6437285
0,197.87,1742510992.6938634
1,193.65,1742510992.6938634
2,196.969,1742510992.6938634
3,194.265,1742510992.6938634
4,189.438,1742510992.6938634
5,195.831,1742510992.6938634
6,192.475,1742510992.6938634
7,201.094,1742510992.6938634
0,196.373,1742510992.7440002
1,193.54,1742510992.7440002
2,197.049,1742510992.7440002
3,192.803,1742510992.7440002
4,190.962,1742510992.7440002
5,197.338,1742510992.7440002
6,192.475,1742510992.7440002
7,201.115,1742510992.7440002
0,196.373,1742510992.7941241
1,193.54,1742510992.7941241
2,197.049,1742510992.7941241
3,192.803,1742510992.7941241
4,190.962,1742510992.7941241
5,197.338,1742510992.7941241
6,192.514,1742510992.7941241
7,201.115,1742510992.7941241
0,196.377,1742510992.844262
1,193.685,1742510992.844262
2,197.09,1742510992.844262
3,192.854,1742510992.844262
4,191.06,1742510992.844262
5,197.419,1742510992.844262
6,192.514,1742510992.844262
7,199.629,1742510992.844262
0,196.377,1742510992.8944018
1,193.685,1742510992.8944018
2,197.09,1742510992.8944018
3,192.854,1742510992.8944018
4,191.06,1742510992.8944018
5,197.419,1742510992.8944018
6,192.533,1742510992.8944018
7,199.629,1742510992.8944018
0,196.404,1742510992.9445312
1,193.579,1742510992.9445312
2,197.128,1742510992.9445312
3,192.9,1742510992.9445312
4,191.083,1742510992.9445312
5,197.4,1742510992.9445312
6,192.533,1742510992.9445312
7,199.661,1742510992.9445312
0,196.404,1742510992.9946675
1,193.579,1742510992.9946675
2,197.128,1742510992.9946675
3,192.9,1742510992.9946675
4,191.083,1742510992.9946675
5,197.4,1742510992.9946675
6,191.085,1742510992.9946675
7,199.661,1742510992.9946675
0,197.924,1742510993.0448112
1,192.207,1742510993.0448112
2,197.134,1742510993.0448112
3,194.391,1742510993.0448112
4,189.628,1742510993.0448112
5,197.463,1742510993.0448112
6,191.085,1742510993.0448112
7,199.567,1742510993.0448112
0,197.924,1742510993.094937
1,192.207,1742510993.094937
2,197.134,1742510993.094937
3,194.391,1742510993.094937
4,189.628,1742510993.094937
5,197.463,1742510993.094937
6,186.551,1742510993.094937
7,199.567,1742510993.094937
0,186.516,1742510993.1450608
1,170.503,1742510993.1450608
2,186.476,1742510993.1450608
3,184.183,1742510993.1450608
4,166.885,1742510993.1450608
5,177.291,1742510993.1450608
6,186.551,1742510993.1450608
7,176.25,1742510993.1450608
0,186.516,1742510993.1952174
1,170.503,1742510993.1952174
2,186.476,1742510993.1952174
3,184.183,1742510993.1952174
4,166.885,1742510993.1952174
5,177.291,1742510993.1952174
6,163.07,1742510993.1952174
7,176.25,1742510993.1952174
0,156.038,1742510993.2453535
1,152.122,1742510993.2453535
2,157.116,1742510993.2453535
3,155.507,1742510993.2453535
4,143.464,1742510993.2453535
5,147.125,1742510993.2453535
6,163.07,1742510993.2453535
7,151.589,1742510993.2453535
0,156.038,1742510993.2954779
1,152.122,1742510993.2954779
2,157.116,1742510993.2954779
3,155.507,1742510993.2954779
4,143.464,1742510993.2954779
5,147.125,1742510993.2954779
6,138.251,1742510993.2954779
7,151.589,1742510993.2954779
0,135.855,1742510993.3456028
1,125.772,1742510993.3456028
2,137.546,1742510993.3456028
3,135.229,1742510993.3456028
4,124.219,1742510993.3456028
5,122.091,1742510993.3456028
6,138.251,1742510993.3456028
7,123.976,1742510993.3456028
0,135.855,1742510993.3957279
1,125.772,1742510993.3957279
2,137.546,1742510993.3957279
3,135.229,1742510993.3957279
4,124.219,1742510993.3957279
5,122.091,1742510993.3957279
6,117.565,1742510993.3957279
7,123.976,1742510993.3957279
0,120.197,1742510993.445853
1,116.766,1742510993.445853
2,121.842,1742510993.445853
3,118.671,1742510993.445853
4,117.882,1742510993.445853
5,120.653,1742510993.445853
6,117.565,1742510993.445853
7,123.479,1742510993.445853
0,120.197,1742510993.496009
1,116.766,1742510993.496009
2,121.842,1742510993.496009
3,118.671,1742510993.496009
4,117.882,1742510993.496009
5,120.653,1742510993.496009
6,117.349,1742510993.496009
7,123.479,1742510993.496009
0,120.062,1742510993.5461855
1,116.749,1742510993.5461855
2,121.762,1742510993.5461855
3,118.658,1742510993.5461855
4,117.805,1742510993.5461855
5,120.591,1742510993.5461855
6,117.349,1742510993.5461855
7,123.407,1742510993.5461855
0,120.062,1742510993.5963104
1,116.749,1742510993.5963104
2,121.762,1742510993.5963104
3,118.658,1742510993.5963104
4,117.805,1742510993.5963104
5,120.591,1742510993.5963104
6,117.287,1742510993.5963104
7,123.407,1742510993.5963104
0,120.0,1742510993.6464455
1,116.633,1742510993.6464455
2,121.679,1742510993.6464455
3,118.612,1742510993.6464455
4,117.681,1742510993.6464455
5,120.558,1742510993.6464455
6,117.287,1742510993.6464455
7,123.352,1742510993.6464455
0,120.0,1742510993.6965826
1,116.633,1742510993.6965826
2,121.679,1742510993.6965826
3,118.612,1742510993.6965826
4,117.681,1742510993.6965826
5,120.558,1742510993.6965826
6,117.262,1742510993.6965826
7,123.352,1742510993.6965826
0,119.953,1742510993.7467237
1,116.706,1742510993.7467237
2,121.577,1742510993.7467237
3,118.593,1742510993.7467237
4,117.573,1742510993.7467237
5,120.512,1742510993.7467237
6,117.262,1742510993.7467237
7,123.307,1742510993.7467237
0,119.953,1742510993.7968588
1,116.706,1742510993.7968588
2,121.577,1742510993.7968588
3,118.593,1742510993.7968588
4,117.573,1742510993.7968588
5,120.512,1742510993.7968588
6,117.232,1742510993.7968588
7,123.307,1742510993.7968588
0,119.945,1742510993.846995
1,116.546,1742510993.846995
2,121.549,1742510993.846995
3,118.571,1742510993.846995
4,117.492,1742510993.846995
5,120.499,1742510993.846995
6,117.232,1742510993.846995
7,123.307,1742510993.846995
0,119.945,1742510993.8971734
1,116.546,1742510993.8971734
2,121.549,1742510993.8971734
3,118.571,1742510993.8971734
4,117.492,1742510993.8971734
5,120.499,1742510993.8971734
6,117.219,1742510993.8971734
7,123.284,1742510993.8971734
0,119.919,1742510993.9472983
1,116.663,1742510993.9472983
2,121.524,1742510993.9472983
3,118.54,1742510993.9472983
4,117.45,1742510993.9472983
5,120.465,1742510993.9472983
6,117.219,1742510993.9472983
7,123.284,1742510993.9472983
0,119.919,1742510993.9974236
1,116.663,1742510993.9974236
2,121.524,1742510993.9974236
3,118.54,1742510993.9974236
4,117.45,1742510993.9974236
5,120.465,1742510993.9974236
6,117.184,1742510993.9974236
7,123.248,1742510993.9974236
0,119.909,1742510994.0475595
1,116.525,1742510994.0475595
2,121.504,1742510994.0475595
3,118.52,1742510994.0475595
4,117.431,1742510994.0475595
5,120.448,1742510994.0475595
6,117.184,1742510994.0475595
7,123.248,1742510994.0475595
0,119.909,1742510994.097684
1,116.525,1742510994.097684
2,121.504,1742510994.097684
3,118.52,1742510994.097684
4,117.431,1742510994.097684
5,120.448,1742510994.097684
6,117.149,1742510994.097684
7,123.208,1742510994.097684
0,119.902,1742510994.1478195
1,116.624,1742510994.1478195
2,121.497,1742510994.1478195
3,118.484,1742510994.1478195
4,117.402,1742510994.1478195
5,120.436,1742510994.1478195
6,117.149,1742510994.1478195
7,123.208,1742510994.1478195
0,119.902,1742510994.1979551
1,116.624,1742510994.1979551
2,121.497,1742510994.1979551
3,118.484,1742510994.1979551
4,117.402,1742510994.1979551
5,120.436,1742510994.1979551
6,117.149,1742510994.1979551
7,123.18,1742510994.1979551
0,119.891,1742510994.2480793
1,116.52,1742510994.2480793
2,121.465,1742510994.2480793
3,118.474,1742510994.2480793
4,117.369,1742510994.2480793
5,120.395,1742510994.2480793
6,117.149,1742510994.2480793
7,123.18,1742510994.2480793
0,119.891,1742510994.2982156
1,116.52,1742510994.2982156
2,121.465,1742510994.2982156
3,118.474,1742510994.2982156
4,117.369,1742510994.2982156
5,120.395,1742510994.2982156
6,117.136,1742510994.2982156
7,123.146,1742510994.2982156
0,119.898,1742510994.3483546
1,116.59,1742510994.3483546
2,121.45,1742510994.3483546
3,118.468,1742510994.3483546
4,117.354,1742510994.3483546
5,120.403,1742510994.3483546
6,117.136,1742510994.3483546
7,123.146,1742510994.3483546
0,119.898,1742510994.3985226
1,116.59,1742510994.3985226
2,121.45,1742510994.3985226
3,118.468,1742510994.3985226
4,117.354,1742510994.3985226
5,120.403,1742510994.3985226
6,117.131,1742510994.3985226
7,123.12,1742510994.3985226
0,119.896,1742510994.4486713
1,118.287,1742510994.4486713
2,121.431,1742510994.4486713
3,118.481,1742510994.4486713
4,118.998,1742510994.4486713
5,120.356,1742510994.4486713
6,117.131,1742510994.4486713
7,123.12,1742510994.4486713
0,119.896,1742510994.4988172
1,118.287,1742510994.4988172
2,121.431,1742510994.4988172
3,118.481,1742510994.4988172
4,118.998,1742510994.4988172
5,120.356,1742510994.4988172
6,123.457,1742510994.4988172
7,128.57,1742510994.4988172
0,139.548,1742510994.5489628
1,141.648,1742510994.5489628
2,139.587,1742510994.5489628
3,135.12,1742510994.5489628
4,143.349,1742510994.5489628
5,142.629,1742510994.5489628
6,123.457,1742510994.5489628
7,128.57,1742510994.5489628
0,139.548,1742510994.5990891
1,141.648,1742510994.5990891
2,139.587,1742510994.5990891
3,135.12,1742510994.5990891
4,143.349,1742510994.5990891
5,142.629,1742510994.5990891
6,149.305,1742510994.5990891
7,152.107,1742510994.5990891
0,163.519,1742510994.6492136
1,166.317,1742510994.6492136
2,163.722,1742510994.6492136
3,160.017,1742510994.6492136
4,166.054,1742510994.6492136
5,166.705,1742510994.6492136
6,149.305,1742510994.6492136
7,152.107,1742510994.6492136
0,163.519,1742510994.6993554
1,166.317,1742510994.6993554
2,163.722,1742510994.6993554
3,160.017,1742510994.6993554
4,166.054,1742510994.6993554
5,166.705,1742510994.6993554
6,174.429,1742510994.6993554
7,178.309,1742510994.6993554
0,188.161,1742510994.7495263
1,190.225,1742510994.7495263
2,189.884,1742510994.7495263
3,185.527,1742510994.7495263
4,189.496,1742510994.7495263
5,192.755,1742510994.7495263
6,174.429,1742510994.7495263
7,178.309,1742510994.7495263
0,188.161,1742510994.7996662
1,190.225,1742510994.7996662
2,189.884,1742510994.7996662
3,185.527,1742510994.7996662
4,189.496,1742510994.7996662
5,192.755,1742510994.7996662
6,194.119,1742510994.7996662
7,198.653,1742510994.7996662
0,195.467,1742510994.8498034
1,191.418,1742510994.8498034
2,199.228,1742510994.8498034
3,195.358,1742510994.8498034
4,190.207,1742510994.8498034
5,195.258,1742510994.8498034
6,194.119,1742510994.8498034
7,198.653,1742510994.8498034
0,195.467,1742510994.8999524
1,191.418,1742510994.8999524
2,199.228,1742510994.8999524
3,195.358,1742510994.8999524
4,190.207,1742510994.8999524
5,195.258,1742510994.8999524
6,194.31,1742510994.8999524
7,200.431,1742510994.8999524
0,195.496,1742510994.950089
1,191.411,1742510994.950089
2,199.36,1742510994.950089
3,196.795,1742510994.950089
4,190.286,1742510994.950089
5,196.868,1742510994.950089
6,194.31,1742510994.950089
7,200.431,1742510994.950089
0,195.496,1742510995.0002537
1,191.411,1742510995.0002537
2,199.36,1742510995.0002537
3,196.795,1742510995.0002537
4,190.286,1742510995.0002537
5,196.868,1742510995.0002537
6,194.389,1742510995.0002537
7,198.993,1742510995.0002537
0,194.059,1742510995.0504081
1,191.558,1742510995.0504081
2,199.44,1742510995.0504081
3,195.384,1742510995.0504081
4,190.367,1742510995.0504081
5,195.379,1742510995.0504081
6,194.389,1742510995.0504081
7,198.993,1742510995.0504081
0,194.059,1742510995.100544
1,191.558,1742510995.100544
2,199.44,1742510995.100544
3,195.384,1742510995.100544
4,190.367,1742510995.100544
5,195.379,1742510995.100544
6,194.426,1742510995.100544
7,199.066,1742510995.100544
0,194.107,1742510995.1506684
1,191.459,1742510995.1506684
2,199.53,1742510995.1506684
3,195.373,1742510995.1506684
4,189.05,1742510995.1506684
5,195.483,1742510995.1506684
6,194.426,1742510995.1506684
7,199.066,1742510995.1506684
0,194.107,1742510995.200804
1,191.459,1742510995.200804
2,199.53,1742510995.200804
3,195.373,1742510995.200804
4,189.05,1742510995.200804
5,195.483,1742510995.200804
6,194.484,1742510995.200804
7,199.097,1742510995.200804
0,194.142,1742510995.2509706
1,191.615,1742510995.2509706
2,199.618,1742510995.2509706
3,195.379,1742510995.2509706
4,189.097,1742510995.2509706
5,196.967,1742510995.2509706
6,194.484,1742510995.2509706
7,199.097,1742510995.2509706
0,194.142,1742510995.301106
1,191.615,1742510995.301106
2,199.618,1742510995.301106
3,195.379,1742510995.301106
4,189.097,1742510995.301106
5,196.967,1742510995.301106
6,194.491,1742510995.301106
7,199.134,1742510995.301106
0,194.148,1742510995.3512301
1,191.49,1742510995.3512301
2,199.687,1742510995.3512301
3,195.421,1742510995.3512301
4,190.542,1742510995.3512301
5,195.566,1742510995.3512301
6,194.491,1742510995.3512301
7,199.134,1742510995.3512301
0,194.148,1742510995.4014802
1,191.49,1742510995.4014802
2,199.687,1742510995.4014802
3,195.421,1742510995.4014802
4,190.542,1742510995.4014802
5,195.566,1742510995.4014802
6,194.522,1742510995.4014802
7,199.182,1742510995.4014802
0,194.157,1742510995.4516041
1,190.151,1742510995.4516041
2,199.737,1742510995.4516041
3,196.919,1742510995.4516041
4,189.145,1742510995.4516041
5,197.036,1742510995.4516041
6,194.522,1742510995.4516041
7,199.182,1742510995.4516041
0,194.157,1742510995.5017402
1,190.151,1742510995.5017402
2,199.737,1742510995.5017402
3,196.919,1742510995.5017402
4,189.145,1742510995.5017402
5,197.036,1742510995.5017402
6,183.712,1742510995.5017402
7,197.232,1742510995.5017402
0,175.604,1742510995.5518656
1,169.55,1742510995.5518656
2,186.617,1742510995.5518656
3,184.69,1742510995.5518656
4,164.574,1742510995.5518656
5,180.203,1742510995.5518656
6,183.712,1742510995.5518656
7,197.232,1742510995.5518656
0,175.604,1742510995.60199
1,169.55,1742510995.60199
2,186.617,1742510995.60199
3,184.69,1742510995.60199
4,164.574,1742510995.60199
5,180.203,1742510995.60199
6,158.07,1742510995.60199
7,171.118,1742510995.60199
0,156.935,1742510995.652116
1,141.817,1742510995.652116
2,162.876,1742510995.652116
3,159.749,1742510995.652116
4,144.352,1742510995.652116
5,145.512,1742510995.652116
6,158.07,1742510995.652116
7,171.118,1742510995.652116
0,156.935,1742510995.7022507
1,141.817,1742510995.7022507
2,162.876,1742510995.7022507
3,159.749,1742510995.7022507
4,144.352,1742510995.7022507
5,145.512,1742510995.7022507
6,133.004,1742510995.7022507
7,145.492,1742510995.7022507
0,133.58,1742510995.7523882
1,117.899,1742510995.7523882
2,137.159,1742510995.7523882
3,134.212,1742510995.7523882
4,121.032,1742510995.7523882
5,124.574,1742510995.7523882
6,133.004,1742510995.7523882
7,145.492,1742510995.7523882
0,133.58,1742510995.8025272
1,117.899,1742510995.8025272
2,137.159,1742510995.8025272
3,134.212,1742510995.8025272
4,121.032,1742510995.8025272
5,124.574,1742510995.8025272
6,117.479,1742510995.8025272
7,123.637,1742510995.8025272
0,120.071,1742510995.852657
1,116.76,1742510995.852657
2,122.108,1742510995.852657
3,118.54,1742510995.852657
4,117.692,1742510995.852657
5,120.685,1742510995.852657
6,117.479,1742510995.852657
7,123.637,1742510995.852657
0,120.071,1742510995.902782
1,116.76,1742510995.902782
2,122.108,1742510995.902782
3,118.54,1742510995.902782
4,117.692,1742510995.902782
5,120.685,1742510995.902782
6,117.431,1742510995.902782
7,123.35,1742510995.902782
0,120.048,1742510995.9529073
1,116.744,1742510995.9529073
2,121.968,1742510995.9529073
3,118.514,1742510995.9529073
4,117.639,1742510995.9529073
5,120.584,1742510995.9529073
6,117.431,1742510995.9529073
7,123.35,1742510995.9529073
0,120.048,1742510996.0030332
1,116.744,1742510996.0030332
2,121.968,1742510996.0030332
3,118.514,1742510996.0030332
4,117.639,1742510996.0030332
5,120.584,1742510996.0030332
6,117.37,1742510996.0030332
7,123.305,1742510996.0030332
0,120.022,1742510996.0531728
1,116.631,1742510996.0531728
2,121.876,1742510996.0531728
3,118.488,1742510996.0531728
4,117.528,1742510996.0531728
5,120.572,1742510996.0531728
6,117.37,1742510996.0531728
7,123.305,1742510996.0531728
0,120.022,1742510996.1033103
1,116.631,1742510996.1033103
2,121.876,1742510996.1033103
3,118.488,1742510996.1033103
4,117.528,1742510996.1033103
5,120.572,1742510996.1033103
6,117.325,1742510996.1033103
7,123.252,1742510996.1033103
0,119.983,1742510996.1534462
1,116.697,1742510996.1534462
2,121.783,1742510996.1534462
3,118.508,1742510996.1534462
4,117.431,1742510996.1534462
5,120.504,1742510996.1534462
6,117.325,1742510996.1534462
7,123.252,1742510996.1534462
0,119.983,1742510996.2035723
1,116.697,1742510996.2035723
2,121.783,1742510996.2035723
3,118.508,1742510996.2035723
4,117.431,1742510996.2035723
5,120.504,1742510996.2035723
6,117.29,1742510996.2035723
7,123.222,1742510996.2035723
0,119.969,1742510996.2537105
1,116.542,1742510996.2537105
2,121.706,1742510996.2537105
3,118.512,1742510996.2537105
4,117.389,1742510996.2537105
5,120.49,1742510996.2537105
6,117.29,1742510996.2537105
7,123.222,1742510996.2537105
0,119.969,1742510996.3038483
1,116.542,1742510996.3038483
2,121.706,1742510996.3038483
3,118.512,1742510996.3038483
4,117.389,1742510996.3038483
5,120.49,1742510996.3038483
6,117.288,1742510996.3038483
7,123.2,1742510996.3038483
0,119.966,1742510996.3539777
1,116.664,1742510996.3539777
2,121.641,1742510996.3539777
3,118.485,1742510996.3539777
4,117.35,1742510996.3539777
5,120.41,1742510996.3539777
6,117.288,1742510996.3539777
7,123.2,1742510996.3539777
0,119.966,1742510996.4040997
1,116.664,1742510996.4040997
2,121.641,1742510996.4040997
3,118.485,1742510996.4040997
4,117.35,1742510996.4040997
5,120.41,1742510996.4040997
6,117.293,1742510996.4040997
7,123.145,1742510996.4040997
0,119.932,1742510996.4542358
1,116.533,1742510996.4542358
2,121.582,1742510996.4542358
3,118.466,1742510996.4542358
4,117.322,1742510996.4542358
5,120.429,1742510996.4542358
6,117.293,1742510996.4542358
7,123.145,1742510996.4542358
0,119.932,1742510996.5043771
1,116.533,1742510996.5043771
2,121.582,1742510996.5043771
3,118.466,1742510996.5043771
4,117.322,1742510996.5043771
5,120.429,1742510996.5043771
6,117.268,1742510996.5043771
7,123.108,1742510996.5043771
0,119.924,1742510996.5545092
1,116.64,1742510996.5545092
2,121.512,1742510996.5545092
3,118.466,1742510996.5545092
4,117.309,1742510996.5545092
5,120.389,1742510996.5545092
6,117.268,1742510996.5545092
7,123.108,1742510996.5545092
0,119.924,1742510996.6046343
1,116.64,1742510996.6046343
2,121.512,1742510996.6046343
3,118.466,1742510996.6046343
4,117.309,1742510996.6046343
5,120.389,1742510996.6046343
6,117.258,1742510996.6046343
7,123.109,1742510996.6046343
0,119.945,1742510996.6547692
1,116.566,1742510996.6547692
2,121.446,1742510996.6547692
3,118.44,1742510996.6547692
4,117.293,1742510996.6547692
5,120.394,1742510996.6547692
6,117.258,1742510996.6547692
7,123.109,1742510996.6547692
0,119.945,1742510996.704947
1,116.566,1742510996.704947
2,121.446,1742510996.704947
3,118.44,1742510996.704947
4,117.293,1742510996.704947
5,120.394,1742510996.704947
6,117.238,1742510996.704947
7,123.075,1742510996.704947
0,119.951,1742510996.7550821
1,116.611,1742510996.7550821
2,121.426,1742510996.7550821
3,118.42,1742510996.7550821
4,117.293,1742510996.7550821
5,120.36,1742510996.7550821
6,117.238,1742510996.7550821
7,123.075,1742510996.7550821
0,119.951,1742510996.8052268
1,116.611,1742510996.8052268
2,121.426,1742510996.8052268
3,118.42,1742510996.8052268
4,117.293,1742510996.8052268
5,120.36,1742510996.8052268
6,117.216,1742510996.8052268
7,123.083,1742510996.8052268
0,119.954,1742510996.8553514
1,116.555,1742510996.8553514
2,121.406,1742510996.8553514
3,118.42,1742510996.8553514
4,117.295,1742510996.8553514
5,120.372,1742510996.8553514
6,117.216,1742510996.8553514
7,123.083,1742510996.8553514
0,119.954,1742510996.9054854
1,116.555,1742510996.9054854
2,121.406,1742510996.9054854
3,118.42,1742510996.9054854
4,117.295,1742510996.9054854
5,120.372,1742510996.9054854
6,119.042,1742510996.9054854
7,123.639,1742510996.9054854
0,130.914,1742510996.955612
1,127.284,1742510996.955612
2,126.981,1742510996.955612
3,126.855,1742510996.955612
4,117.295,1742510996.955612
5,133.919,1742510996.955612
6,119.042,1742510996.955612
7,123.639,1742510996.955612
0,130.914,1742510997.0057423
1,127.284,1742510997.0057423
2,126.981,1742510997.0057423
3,126.855,1742510997.0057423
4,137.301,1742510997.0057423
5,133.919,1742510997.0057423
6,142.343,1742510997.0057423
7,147.25,1742510997.0057423
0,156.635,1742510997.0558789
1,151.215,1742510997.0558789
2,151.295,1742510997.0558789
3,151.704,1742510997.0558789
4,137.301,1742510997.0558789
5,158.066,1742510997.0558789
6,142.343,1742510997.0558789
7,147.25,1742510997.0558789
0,156.635,1742510997.1060038
1,151.215,1742510997.1060038
2,151.295,1742510997.1060038
3,151.704,1742510997.1060038
4,161.357,1742510997.1060038
5,158.066,1742510997.1060038
6,167.257,1742510997.1060038
7,172.38,1742510997.1060038
0,182.039,1742510997.1561408
1,175.269,1742510997.1561408
2,175.648,1742510997.1561408
3,177.617,1742510997.1561408
4,161.357,1742510997.1561408
5,181.818,1742510997.1561408
6,167.257,1742510997.1561408
7,172.38,1742510997.1561408
0,182.039,1742510997.2062683
1,175.269,1742510997.2062683
2,175.648,1742510997.2062683
3,177.617,1742510997.2062683
4,184.368,1742510997.2062683
5,181.818,1742510997.2062683
6,191.322,1742510997.2062683
7,197.798,1742510997.2062683
0,207.369,1742510997.2563908
1,199.919,1742510997.2563908
2,201.133,1742510997.2563908
3,202.779,1742510997.2563908
4,184.368,1742510997.2563908
5,206.047,1742510997.2563908
6,191.322,1742510997.2563908
7,197.798,1742510997.2563908
0,207.369,1742510997.306528
1,199.919,1742510997.306528
2,201.133,1742510997.306528
3,202.779,1742510997.306528
4,207.7,1742510997.306528
5,206.047,1742510997.306528
6,216.988,1742510997.306528
7,223.931,1742510997.306528
0,223.169,1742510997.3566635
1,215.457,1742510997.3566635
2,221.277,1742510997.3566635
3,220.41,1742510997.3566635
4,207.7,1742510997.3566635
5,220.023,1742510997.3566635
6,216.988,1742510997.3566635
7,223.931,1742510997.3566635
0,223.169,1742510997.4067893
1,215.457,1742510997.4067893
2,221.277,1742510997.4067893
3,220.41,1742510997.4067893
4,213.969,1742510997.4067893
5,220.023,1742510997.4067893
6,216.118,1742510997.4067893
7,224.117,1742510997.4067893
0,223.242,1742510997.456925
1,213.665,1742510997.456925
2,221.412,1742510997.456925
3,220.41,1742510997.456925
4,213.969,1742510997.456925
5,220.023,1742510997.456925
6,216.118,1742510997.456925
7,224.117,1742510997.456925
0,223.242,1742510997.5070496
1,213.665,1742510997.5070496
2,221.412,1742510997.5070496
3,220.41,1742510997.5070496
4,214.114,1742510997.5070496
5,221.804,1742510997.5070496
6,218.1,1742510997.5070496
7,224.213,1742510997.5070496
0,223.346,1742510997.557185
1,213.57,1742510997.557185
2,221.511,1742510997.557185
3,218.536,1742510997.557185
4,214.114,1742510997.557185
5,221.804,1742510997.557185
6,218.1,1742510997.557185
7,224.213,1742510997.557185
0,223.346,1742510997.6073096
1,213.57,1742510997.6073096
2,221.511,1742510997.6073096
3,218.536,1742510997.6073096
4,214.229,1742510997.6073096
5,222.176,1742510997.6073096
6,218.137,1742510997.6073096
7,226.303,1742510997.6073096
0,223.397,1742510997.6574457
1,213.709,1742510997.6574457
2,221.613,1742510997.6574457
3,218.586,1742510997.6574457
4,214.229,1742510997.6574457
5,222.176,1742510997.6574457
6,218.137,1742510997.6574457
7,226.303,1742510997.6574457
0,223.397,1742510997.7075708
1,213.709,1742510997.7075708
2,221.613,1742510997.7075708
3,218.586,1742510997.7075708
4,214.26,1742510997.7075708
5,222.182,1742510997.7075708
6,218.164,1742510997.7075708
7,224.359,1742510997.7075708
0,223.409,1742510997.7577178
1,213.608,1742510997.7577178
2,221.687,1742510997.7577178
3,218.64,1742510997.7577178
4,214.26,1742510997.7577178
5,222.182,1742510997.7577178
6,218.164,1742510997.7577178
7,224.359,1742510997.7577178
0,223.409,1742510997.8078566
1,213.608,1742510997.8078566
2,221.687,1742510997.8078566
3,218.64,1742510997.8078566
4,214.296,1742510997.8078566
5,222.231,1742510997.8078566
6,218.215,1742510997.8078566
7,226.388,1742510997.8078566
0,221.391,1742510997.8579917
1,213.742,1742510997.8579917
2,221.753,1742510997.8579917
3,218.669,1742510997.8579917
4,214.296,1742510997.8579917
5,222.231,1742510997.8579917
6,218.215,1742510997.8579917
7,226.388,1742510997.8579917
0,221.391,1742510997.9081287
1,213.742,1742510997.9081287
2,221.753,1742510997.9081287
3,218.669,1742510997.9081287
4,214.333,1742510997.9081287
5,222.24,1742510997.9081287
6,216.249,1742510997.9081287
7,225.876,1742510997.9081287
0,215.293,1742510997.9582562
1,203.134,1742510997.9582562
2,211.848,1742510997.9582562
3,214.407,1742510997.9582562
4,214.333,1742510997.9582562
5,222.24,1742510997.9582562
6,216.249,1742510997.9582562
7,225.876,1742510997.9582562
0,215.293,1742510998.0084553
1,203.134,1742510998.0084553
2,211.848,1742510998.0084553
3,214.407,1742510998.0084553
4,199.426,1742510998.0084553
5,201.914,1742510998.0084553
6,192.612,1742510998.0084553
7,206.537,1742510998.0084553
0,189.994,1742510998.0585945
1,179.747,1742510998.0585945
2,186.984,1742510998.0585945
3,190.398,1742510998.0585945
4,199.426,1742510998.0585945
5,201.914,1742510998.0585945
6,192.612,1742510998.0585945
7,206.537,1742510998.0585945
0,189.994,1742510998.1087303
1,179.747,1742510998.1087303
2,186.984,1742510998.1087303
3,190.398,1742510998.1087303
4,175.752,1742510998.1087303
5,177.799,1742510998.1087303
6,171.004,1742510998.1087303
7,182.529,1742510998.1087303
0,164.866,1742510998.1588795
1,156.09,1742510998.1588795
2,162.462,1742510998.1588795
3,161.45,1742510998.1588795
4,175.752,1742510998.1588795
5,177.799,1742510998.1588795
6,171.004,1742510998.1588795
7,182.529,1742510998.1588795
0,164.866,1742510998.209015
1,156.09,1742510998.209015
2,162.462,1742510998.209015
3,161.45,1742510998.209015
4,153.098,1742510998.209015
5,152.976,1742510998.209015
6,142.644,1742510998.209015
7,158.081,1742510998.209015
0,139.887,1742510998.259137
1,131.997,1742510998.259137
2,137.939,1742510998.259137
3,140.187,1742510998.259137
4,153.098,1742510998.259137
5,152.976,1742510998.259137
6,142.644,1742510998.259137
7,158.081,1742510998.259137
0,139.887,1742510998.3092723
1,131.997,1742510998.3092723
2,137.939,1742510998.3092723
3,140.187,1742510998.3092723
4,130.205,1742510998.3092723
5,128.264,1742510998.3092723
6,122.438,1742510998.3092723
7,132.775,1742510998.3092723
0,120.268,1742510998.3594077
1,131.997,1742510998.3594077
2,121.886,1742510998.3594077
3,118.881,1742510998.3594077
4,130.205,1742510998.3594077
5,128.264,1742510998.3594077
6,122.438,1742510998.3594077
7,132.775,1742510998.3594077
0,120.268,1742510998.4095426
1,116.717,1742510998.4095426
2,121.886,1742510998.4095426
3,118.881,1742510998.4095426
4,117.784,1742510998.4095426
5,120.626,1742510998.4095426
6,117.353,1742510998.4095426
7,123.444,1742510998.4095426
0,120.124,1742510998.4596777
1,116.717,1742510998.4596777
2,121.888,1742510998.4596777
3,118.627,1742510998.4596777
4,117.784,1742510998.4596777
5,120.626,1742510998.4596777
6,117.353,1742510998.4596777
7,123.444,1742510998.4596777
0,120.124,1742510998.5098274
1,116.604,1742510998.5098274
2,121.888,1742510998.5098274
3,118.627,1742510998.5098274
4,117.664,1742510998.5098274
5,120.554,1742510998.5098274
6,117.34,1742510998.5098274
7,123.37,1742510998.5098274
0,120.038,1742510998.5599535
1,116.604,1742510998.5599535
2,121.775,1742510998.5599535
3,118.592,1742510998.5599535
4,117.664,1742510998.5599535
5,120.554,1742510998.5599535
6,117.34,1742510998.5599535
7,123.37,1742510998.5599535
0,120.038,1742510998.610077
1,116.661,1742510998.610077
2,121.775,1742510998.610077
3,118.592,1742510998.610077
4,117.563,1742510998.610077
5,120.468,1742510998.610077
6,117.297,1742510998.610077
7,123.29,1742510998.610077
0,120.005,1742510998.6602018
1,116.661,1742510998.6602018
2,121.698,1742510998.6602018
3,118.545,1742510998.6602018
4,117.563,1742510998.6602018
5,120.468,1742510998.6602018
6,117.297,1742510998.6602018
7,123.29,1742510998.6602018
0,120.005,1742510998.710328
1,116.526,1742510998.710328
2,121.698,1742510998.710328
3,118.545,1742510998.710328
4,117.523,1742510998.710328
5,120.454,1742510998.710328
6,117.259,1742510998.710328
7,123.236,1742510998.710328
0,119.973,1742510998.7604635
1,116.526,1742510998.7604635
2,121.623,1742510998.7604635
3,118.499,1742510998.7604635
4,117.523,1742510998.7604635
5,120.454,1742510998.7604635
6,117.259,1742510998.7604635
7,123.236,1742510998.7604635
0,119.973,1742510998.810649
1,116.654,1742510998.810649
2,121.623,1742510998.810649
3,118.499,1742510998.810649
4,117.506,1742510998.810649
5,120.396,1742510998.810649
6,117.206,1742510998.810649
7,123.203,1742510998.810649
0,119.954,1742510998.8607836
1,116.654,1742510998.8607836
2,121.544,1742510998.8607836
3,118.459,1742510998.8607836
4,117.506,1742510998.8607836
5,120.396,1742510998.8607836
6,117.206,1742510998.8607836
7,123.203,1742510998.8607836
0,119.954,1742510998.9109097
1,116.499,1742510998.9109097
2,121.544,1742510998.9109097
3,118.459,1742510998.9109097
4,117.464,1742510998.9109097
5,120.415,1742510998.9109097
6,117.186,1742510998.9109097
7,123.171,1742510998.9109097
0,119.978,1742510998.9610496
1,116.499,1742510998.9610496
2,121.497,1742510998.9610496
3,118.449,1742510998.9610496
4,117.464,1742510998.9610496
5,120.415,1742510998.9610496
6,117.186,1742510998.9610496
7,123.171,1742510998.9610496
0,119.978,1742510999.0111866
1,116.606,1742510999.0111866
2,121.497,1742510999.0111866
3,118.449,1742510999.0111866
4,117.46,1742510999.0111866
5,120.369,1742510999.0111866
6,117.158,1742510999.0111866
7,123.145,1742510999.0111866
0,119.943,1742510999.0613215
1,116.606,1742510999.0613215
2,121.438,1742510999.0613215
3,118.449,1742510999.0613215
4,117.46,1742510999.0613215
5,120.369,1742510999.0613215
6,117.158,1742510999.0613215
7,123.145,1742510999.0613215
0,119.943,1742510999.1114576
1,116.531,1742510999.1114576
2,121.438,1742510999.1114576
3,118.449,1742510999.1114576
4,117.412,1742510999.1114576
5,120.372,1742510999.1114576
6,117.159,1742510999.1114576
7,123.136,1742510999.1114576
0,119.933,1742510999.1615818
1,116.531,1742510999.1615818
2,121.419,1742510999.1615818
3,118.436,1742510999.1615818
4,117.412,1742510999.1615818
5,120.372,1742510999.1615818
6,117.159,1742510999.1615818
7,123.136,1742510999.1615818
0,119.933,1742510999.211718
1,116.585,1742510999.211718
2,121.419,1742510999.211718
3,118.436,1742510999.211718
4,117.392,1742510999.211718
5,120.336,1742510999.211718
6,117.147,1742510999.211718
7,123.116,1742510999.211718
0,119.929,1742510999.26185
1,116.585,1742510999.26185
2,121.412,1742510999.26185
3,118.426,1742510999.26185
4,117.392,1742510999.26185
5,120.336,1742510999.26185
6,117.147,1742510999.26185
7,123.116,1742510999.26185
0,119.929,1742510999.3119879
1,116.534,1742510999.3119879
2,121.412,1742510999.3119879
3,118.426,1742510999.3119879
4,117.324,1742510999.3119879
5,120.369,1742510999.3119879
6,117.133,1742510999.3119879
7,123.107,1742510999.3119879
0,121.286,1742510999.3621461
1,116.534,1742510999.3621461
2,122.238,1742510999.3621461
3,118.481,1742510999.3621461
4,117.324,1742510999.3621461
5,120.369,1742510999.3621461
6,117.133,1742510999.3621461
7,123.107,1742510999.3621461
0,121.286,1742510999.4122734
1,121.464,1742510999.4122734
2,122.238,1742510999.4122734
3,118.481,1742510999.4122734
4,122.803,1742510999.4122734
5,125.742,1742510999.4122734
6,117.133,1742510999.4122734
7,137.505,1742510999.4122734
0,145.626,1742510999.462399
1,121.464,1742510999.462399
2,145.718,1742510999.462399
3,142.58,1742510999.462399
4,122.803,1742510999.462399
5,125.742,1742510999.462399
6,132.719,1742510999.462399
7,137.505,1742510999.462399
0,145.626,1742510999.5125363
1,144.644,1742510999.5125363
2,145.718,1742510999.5125363
3,142.58,1742510999.5125363
4,147.971,1742510999.5125363
5,151.062,1742510999.5125363
6,132.719,1742510999.5125363
7,161.617,1742510999.5125363
0,170.239,1742510999.5626686
1,144.644,1742510999.5626686
2,170.363,1742510999.5626686
3,167.375,1742510999.5626686
4,147.971,1742510999.5626686
5,151.062,1742510999.5626686
6,156.752,1742510999.5626686
7,161.617,1742510999.5626686
0,170.239,1742510999.6127923
1,169.653,1742510999.6127923
2,170.363,1742510999.6127923
3,167.375,1742510999.6127923
4,171.402,1742510999.6127923
5,176.307,1742510999.6127923
6,156.752,1742510999.6127923
7,185.649,1742510999.6127923
0,195.73,1742510999.6629288
1,169.653,1742510999.6629288
2,195.003,1742510999.6629288
3,192.015,1742510999.6629288
4,171.402,1742510999.6629288
5,176.307,1742510999.6629288
6,187.344,1742510999.6629288
7,185.649,1742510999.6629288
0,195.73,1742510999.713066
1,190.017,1742510999.713066
2,195.003,1742510999.713066
3,192.015,1742510999.713066
4,191.417,1742510999.713066
5,197.252,1742510999.713066
6,187.344,1742510999.713066
7,199.183,1742510999.713066
0,197.744,1742510999.7631896
1,190.017,1742510999.7631896
2,197.775,1742510999.7631896
3,195.788,1742510999.7631896
4,191.417,1742510999.7631896
5,197.252,1742510999.7631896
6,190.788,1742510999.7631896
7,199.183,1742510999.7631896
0,197.744,1742510999.813326
1,190.181,1742510999.813326
2,197.775,1742510999.813326
3,195.788,1742510999.813326
4,190.171,1742510999.813326
5,197.368,1742510999.813326
6,190.788,1742510999.813326
7,199.222,1742510999.813326
0,197.756,1742510999.86345
1,190.181,1742510999.86345
2,196.285,1742510999.86345
3,194.259,1742510999.86345
4,190.171,1742510999.86345
5,197.368,1742510999.86345
6,192.281,1742510999.86345
7,199.222,1742510999.86345
0,197.756,1742510999.9135852
1,190.343,1742510999.9135852
2,196.285,1742510999.9135852
3,194.259,1742510999.9135852
4,191.702,1742510999.9135852
5,195.878,1742510999.9135852
6,192.281,1742510999.9135852
7,199.37,1742510999.9135852
0,197.771,1742510999.9637613
1,190.343,1742510999.9637613
2,196.289,1742510999.9637613
3,194.284,1742510999.9637613
4,191.702,1742510999.9637613
5,195.878,1742510999.9637613
6,190.958,1742510999.9637613
7,199.37,1742510999.9637613
0,197.771,1742511000.0138972
1,191.719,1742511000.0138972
2,196.289,1742511000.0138972
3,194.284,1742511000.0138972
4,191.748,1742511000.0138972
5,197.454,1742511000.0138972
6,190.958,1742511000.0138972
7,199.433,1742511000.0138972
0,197.81,1742511000.0640223
1,191.719,1742511000.0640223
2,196.259,1742511000.0640223
3,195.849,1742511000.0640223
4,191.748,1742511000.0640223
5,197.454,1742511000.0640223
6,190.971,1742511000.0640223
7,199.433,1742511000.0640223
0,197.81,1742511000.1141586
1,191.882,1742511000.1141586
2,196.259,1742511000.1141586
3,195.849,1742511000.1141586
4,191.78,1742511000.1141586
5,197.458,1742511000.1141586
6,190.971,1742511000.1141586
7,199.446,1742511000.1141586
0,197.822,1742511000.1642935
1,191.882,1742511000.1642935
2,197.724,1742511000.1642935
3,194.326,1742511000.1642935
4,191.78,1742511000.1642935
5,197.458,1742511000.1642935
6,191.029,1742511000.1642935
7,199.446,1742511000.1642935
0,197.822,1742511000.21443
1,190.327,1742511000.21443
2,197.724,1742511000.21443
3,194.326,1742511000.21443
4,191.801,1742511000.21443
5,197.491,1742511000.21443
6,191.029,1742511000.21443
7,199.489,1742511000.21443
0,197.842,1742511000.264557
1,190.327,1742511000.264557
2,197.68,1742511000.264557
3,194.343,1742511000.264557
4,191.801,1742511000.264557
5,197.491,1742511000.264557
6,192.494,1742511000.264557
7,199.489,1742511000.264557
0,197.842,1742511000.3146954
1,190.396,1742511000.3146954
2,197.68,1742511000.3146954
3,194.343,1742511000.3146954
4,191.862,1742511000.3146954
5,197.484,1742511000.3146954
6,192.494,1742511000.3146954
7,198.027,1742511000.3146954
0,193.075,1742511000.3648305
1,190.396,1742511000.3648305
2,196.127,1742511000.3648305
3,194.375,1742511000.3648305
4,191.862,1742511000.3648305
5,197.484,1742511000.3648305
6,190.267,1742511000.3648305
7,198.027,1742511000.3648305
0,193.075,1742511000.4149544
1,186.912,1742511000.4149544
2,196.127,1742511000.4149544
3,194.375,1742511000.4149544
4,182.273,1742511000.4149544
5,187.714,1742511000.4149544
6,190.267,1742511000.4149544
7,189.083,1742511000.4149544
0,171.137,1742511000.465091
1,186.912,1742511000.465091
2,177.975,1742511000.465091
3,177.981,1742511000.465091
4,182.273,1742511000.465091
5,187.714,1742511000.465091
6,165.938,1742511000.465091
7,189.083,1742511000.465091
0,171.137,1742511000.5152273
1,163.237,1742511000.5152273
2,177.975,1742511000.5152273
3,177.981,1742511000.5152273
4,157.502,1742511000.5152273
5,162.732,1742511000.5152273
6,165.938,1742511000.5152273
7,164.834,1742511000.5152273
0,150.401,1742511000.5653636
1,163.237,1742511000.5653636
2,150.783,1742511000.5653636
3,154.892,1742511000.5653636
4,157.502,1742511000.5653636
5,162.732,1742511000.5653636
6,149.447,1742511000.5653636
7,164.834,1742511000.5653636
0,150.401,1742511000.6154914
1,145.027,1742511000.6154914
2,150.783,1742511000.6154914
3,154.892,1742511000.6154914
4,146.615,1742511000.6154914
5,150.529,1742511000.6154914
6,149.447,1742511000.6154914
7,153.949,1742511000.6154914
0,153.407,1742511000.6656272
1,145.027,1742511000.6656272
2,156.422,1742511000.6656272
3,154.037,1742511000.6656272
4,146.615,1742511000.6656272
5,150.529,1742511000.6656272
6,147.582,1742511000.6656272
7,153.949,1742511000.6656272
0,153.407,1742511000.7157714
1,151.805,1742511000.7157714
2,156.422,1742511000.7157714
3,154.037,1742511000.7157714
4,154.353,1742511000.7157714
5,158.085,1742511000.7157714
6,147.582,1742511000.7157714
7,171.278,1742511000.7157714
0,176.561,1742511000.765927
1,151.805,1742511000.765927
2,171.228,1742511000.765927
3,168.897,1742511000.765927
4,154.353,1742511000.765927
5,158.085,1742511000.765927
6,171.651,1742511000.765927
7,171.278,1742511000.765927
0,176.561,1742511000.816053
1,174.85,1742511000.816053
2,171.228,1742511000.816053
3,168.897,1742511000.816053
4,177.514,1742511000.816053
5,182.25,1742511000.816053
6,171.651,1742511000.816053
7,171.278,1742511000.816053
0,202.611,1742511000.866178
1,174.85,1742511000.866178
2,194.762,1742511000.866178
3,194.665,1742511000.866178
4,177.514,1742511000.866178
5,182.25,1742511000.866178
6,194.59,1742511000.866178
7,195.018,1742511000.866178
0,202.611,1742511000.916303
1,199.698,1742511000.916303
2,194.762,1742511000.916303
3,194.665,1742511000.916303
4,202.199,1742511000.916303
5,208.624,1742511000.916303
6,194.59,1742511000.916303
7,195.018,1742511000.916303
0,228.623,1742511000.966439
1,199.698,1742511000.966439
2,221.616,1742511000.966439
3,219.926,1742511000.966439
4,202.199,1742511000.966439
5,208.624,1742511000.966439
6,221.202,1742511000.966439
7,222.398,1742511000.966439
0,228.623,1742511001.016594
1,223.799,1742511001.016594
2,221.616,1742511001.016594
3,219.926,1742511001.016594
4,224.523,1742511001.016594
5,234.365,1742511001.016594
6,221.202,1742511001.016594
7,222.398,1742511001.016594
0,257.189,1742511001.0667307
1,223.799,1742511001.0667307
2,250.906,1742511001.0667307
3,250.015,1742511001.0667307
4,224.523,1742511001.0667307
5,234.365,1742511001.0667307
6,246.501,1742511001.0667307
7,247.341,1742511001.0667307
0,257.189,1742511001.1168709
1,248.559,1742511001.1168709
2,250.906,1742511001.1168709
3,250.015,1742511001.1168709
4,251.555,1742511001.1168709
5,259.93,1742511001.1168709
6,246.501,1742511001.1168709
7,247.341,1742511001.1168709
0,282.321,1742511001.1670072
1,248.559,1742511001.1670072
2,276.225,1742511001.1670072
3,275.053,1742511001.1670072
4,251.555,1742511001.1670072
5,259.93,1742511001.1670072
6,272.37,1742511001.1670072
7,273.048,1742511001.1670072
0,282.321,1742511001.2171361
1,271.011,1742511001.2171361
2,276.225,1742511001.2171361
3,275.053,1742511001.2171361
4,275.986,1742511001.2171361
5,284.64,1742511001.2171361
6,272.37,1742511001.2171361
7,273.048,1742511001.2171361
0,304.724,1742511001.2672691
1,271.011,1742511001.2672691
2,301.36,1742511001.2672691
3,300.601,1742511001.2672691
4,275.986,1742511001.2672691
5,284.64,1742511001.2672691
6,293.761,1742511001.2672691
7,297.649,1742511001.2672691
0,304.724,1742511001.3173962
1,296.034,1742511001.3173962
2,301.36,1742511001.3173962
3,300.601,1742511001.3173962
4,301.094,1742511001.3173962
5,310.704,1742511001.3173962
6,293.761,1742511001.3173962
7,297.649,1742511001.3173962
0,330.83,1742511001.3675213
1,296.034,1742511001.3675213
2,327.04,1742511001.3675213
3,326.325,1742511001.3675213
4,301.094,1742511001.3675213
5,310.704,1742511001.3675213
6,322.183,1742511001.3675213
7,322.881,1742511001.3675213
0,330.83,1742511001.4176807
1,316.022,1742511001.4176807
2,327.04,1742511001.4176807
3,326.325,1742511001.4176807
4,325.826,1742511001.4176807
5,336.538,1742511001.4176807
6,322.183,1742511001.4176807
7,322.881,1742511001.4176807
0,357.022,1742511001.4678187
1,316.022,1742511001.4678187
2,351.548,1742511001.4678187
3,351.612,1742511001.4678187
4,325.826,1742511001.4678187
5,336.538,1742511001.4678187
6,342.923,1742511001.4678187
7,347.366,1742511001.4678187
0,357.022,1742511001.517954
1,340.929,1742511001.517954
2,351.548,1742511001.517954
3,351.612,1742511001.517954
4,350.072,1742511001.517954
5,357.489,1742511001.517954
6,342.923,1742511001.517954
7,347.366,1742511001.517954
0,380.697,1742511001.568104
1,340.929,1742511001.568104
2,370.529,1742511001.568104
3,373.026,1742511001.568104
4,350.072,1742511001.568104
5,357.489,1742511001.568104
6,369.256,1742511001.568104
7,372.094,1742511001.568104
0,380.697,1742511001.61827
1,360.715,1742511001.61827
2,370.529,1742511001.61827
3,373.026,1742511001.61827
4,361.905,1742511001.61827
5,375.2,1742511001.61827
6,369.256,1742511001.61827
7,372.094,1742511001.61827
0,380.697,1742511001.668406
1,360.715,1742511001.668406
2,372.105,1742511001.668406
3,374.351,1742511001.668406
4,361.905,1742511001.668406
5,375.2,1742511001.668406
6,370.296,1742511001.668406
7,375.938,1742511001.668406
0,381.034,1742511001.7185597
1,362.21,1742511001.7185597
2,372.105,1742511001.7185597
3,374.351,1742511001.7185597
4,362.814,1742511001.7185597
5,376.781,1742511001.7185597
6,370.296,1742511001.7185597
7,375.938,1742511001.7185597
0,381.034,1742511001.7686841
1,362.21,1742511001.7686841
2,371.928,1742511001.7686841
3,376.028,1742511001.7686841
4,362.814,1742511001.7686841
5,376.781,1742511001.7686841
6,371.888,1742511001.7686841
7,375.708,1742511001.7686841
0,378.358,1742511001.8188105
1,362.746,1742511001.8188105
2,371.928,1742511001.8188105
3,376.028,1742511001.8188105
4,362.988,1742511001.8188105
5,375.719,1742511001.8188105
6,371.888,1742511001.8188105
7,375.708,1742511001.8188105
0,378.358,1742511001.8690495
1,362.746,1742511001.8690495
2,373.154,1742511001.8690495
3,374.482,1742511001.8690495
4,362.988,1742511001.8690495
5,375.719,1742511001.8690495
6,371.274,1742511001.8690495
7,375.53,1742511001.8690495
0,374.126,1742511001.9191744
1,360.33,1742511001.9191744
2,373.154,1742511001.9191744
3,374.482,1742511001.9191744
4,360.803,1742511001.9191744
5,373.408,1742511001.9191744
6,371.274,1742511001.9191744
7,375.53,1742511001.9191744
0,374.126,1742511001.9693134
1,360.33,1742511001.9693134
2,372.381,1742511001.9693134
3,371.21,1742511001.9693134
4,360.803,1742511001.9693134
5,373.408,1742511001.9693134
6,368.761,1742511001.9693134
7,375.199,1742511001.9693134
0,371.846,1742511002.019496
1,360.263,1742511002.019496
2,372.381,1742511002.019496
3,371.21,1742511002.019496
4,356.629,1742511002.019496
5,370.213,1742511002.019496
6,368.761,1742511002.019496
7,375.199,1742511002.019496
0,371.846,1742511002.0696304
1,360.263,1742511002.0696304
2,370.396,1742511002.0696304
3,371.289,1742511002.0696304
4,356.629,1742511002.0696304
5,370.213,1742511002.0696304
6,368.844,1742511002.0696304
7,374.015,1742511002.0696304
0,369.528,1742511002.1197877
1,360.015,1742511002.1197877
2,370.396,1742511002.1197877
3,371.289,1742511002.1197877
4,355.815,1742511002.1197877
5,368.928,1742511002.1197877
6,368.844,1742511002.1197877
7,374.015,1742511002.1197877
0,369.528,1742511002.1699743
1,360.015,1742511002.1699743
2,370.534,1742511002.1699743
3,370.614,1742511002.1699743
4,355.815,1742511002.1699743
5,368.928,1742511002.1699743
6,367.752,1742511002.1699743
7,372.325,1742511002.1699743
0,368.488,1742511002.220115
1,360.58,1742511002.220115
2,370.534,1742511002.220115
3,370.614,1742511002.220115
4,354.248,1742511002.220115
5,367.581,1742511002.220115
6,367.752,1742511002.220115
7,372.325,1742511002.220115
0,368.488,1742511002.270296
1,360.58,1742511002.270296
2,369.876,1742511002.270296
3,370.324,1742511002.270296
4,354.248,1742511002.270296
5,367.581,1742511002.270296
6,366.901,1742511002.270296
7,372.703,1742511002.270296
0,367.986,1742511002.3204365
1,361.663,1742511002.3204365
2,369.876,1742511002.3204365
3,370.324,1742511002.3204365
4,354.529,1742511002.3204365
5,367.073,1742511002.3204365
6,366.901,1742511002.3204365
7,372.703,1742511002.3204365
0,367.986,1742511002.3705647
1,361.663,1742511002.3705647
2,368.474,1742511002.3705647
3,369.233,1742511002.3705647
4,354.529,1742511002.3705647
5,367.073,1742511002.3705647
6,366.595,1742511002.3705647
7,374.17,1742511002.3705647
0,366.848,1742511002.420691
1,362.672,1742511002.420691
2,368.474,1742511002.420691
3,369.233,1742511002.420691
4,353.897,1742511002.420691
5,366.917,1742511002.420691
6,366.595,1742511002.420691
7,374.17,1742511002.420691
0,366.848,1742511002.470827
1,362.672,1742511002.470827
2,367.661,1742511002.470827
3,369.246,1742511002.470827
4,353.897,1742511002.470827
5,366.917,1742511002.470827
6,367.037,1742511002.470827
7,376.85,1742511002.470827
0,366.166,1742511002.5209522
1,363.449,1742511002.5209522
2,367.661,1742511002.5209522
3,369.246,1742511002.5209522
4,352.072,1742511002.5209522
5,366.223,1742511002.5209522
6,367.037,1742511002.5209522
7,376.85,1742511002.5209522
0,366.166,1742511002.5710886
1,363.449,1742511002.5710886
2,366.525,1742511002.5710886
3,369.754,1742511002.5710886
4,352.072,1742511002.5710886
5,366.223,1742511002.5710886
6,367.037,1742511002.5710886
7,378.135,1742511002.5710886
0,366.754,1742511002.6212275
1,363.15,1742511002.6212275
2,366.525,1742511002.6212275
3,369.754,1742511002.6212275
4,353.716,1742511002.6212275
5,366.487,1742511002.6212275
6,366.059,1742511002.6212275
7,378.135,1742511002.6212275
0,366.754,1742511002.6713567
1,363.15,1742511002.6713567
2,365.936,1742511002.6713567
3,368.247,1742511002.6713567
4,353.716,1742511002.6713567
5,366.487,1742511002.6713567
6,366.059,1742511002.6713567
7,378.027,1742511002.6713567
0,366.443,1742511002.7214928
1,363.217,1742511002.7214928
2,365.936,1742511002.7214928
3,368.247,1742511002.7214928
4,352.221,1742511002.7214928
5,368.464,1742511002.7214928
6,364.518,1742511002.7214928
7,378.027,1742511002.7214928
0,366.443,1742511002.771617
1,363.217,1742511002.771617
2,366.945,1742511002.771617
3,367.41,1742511002.771617
4,352.221,1742511002.771617
5,368.464,1742511002.771617
6,364.518,1742511002.771617
7,379.777,1742511002.771617
0,368.1,1742511002.821753
1,365.704,1742511002.821753
2,366.945,1742511002.821753
3,367.41,1742511002.821753
4,354.432,1742511002.821753
5,368.227,1742511002.821753
6,364.393,1742511002.821753
7,379.777,1742511002.821753
0,368.1,1742511002.871899
1,365.704,1742511002.871899
2,365.824,1742511002.871899
3,367.449,1742511002.871899
4,354.432,1742511002.871899
5,368.227,1742511002.871899
6,364.393,1742511002.871899
7,379.579,1742511002.871899
0,370.306,1742511002.9220264
1,369.182,1742511002.9220264
2,365.824,1742511002.9220264
3,367.449,1742511002.9220264
4,355.641,1742511002.9220264
5,368.227,1742511002.9220264
6,366.057,1742511002.9220264
7,379.579,1742511002.9220264
0,370.306,1742511002.9721656
1,369.182,1742511002.9721656
2,366.615,1742511002.9721656
3,369.043,1742511002.9721656
4,355.641,1742511002.9721656
5,369.755,1742511002.9721656
6,366.057,1742511002.9721656
7,383.985,1742511002.9721656
0,373.159,1742511003.0222945
1,371.903,1742511003.0222945
2,366.615,1742511003.0222945
3,369.043,1742511003.0222945
4,360.26,1742511003.0222945
5,369.755,1742511003.0222945
6,368.109,1742511003.0222945
7,383.985,1742511003.0222945
0,373.159,1742511003.0724196
1,371.903,1742511003.0724196
2,368.891,1742511003.0724196
3,370.595,1742511003.0724196
4,360.26,1742511003.0724196
5,370.923,1742511003.0724196
6,368.109,1742511003.0724196
7,385.205,1742511003.0724196
0,375.377,1742511003.122543
1,373.642,1742511003.122543
2,368.891,1742511003.122543
3,370.595,1742511003.122543
4,359.934,1742511003.122543
5,370.923,1742511003.122543
6,368.134,1742511003.122543
7,385.205,1742511003.122543
0,375.377,1742511003.17273
1,373.642,1742511003.17273
2,368.386,1742511003.17273
3,371.704,1742511003.17273
4,359.934,1742511003.17273
5,372.581,1742511003.17273
6,368.134,1742511003.17273
7,388.76,1742511003.17273
0,378.741,1742511003.2229068
1,375.926,1742511003.2229068
2,368.386,1742511003.2229068
3,371.704,1742511003.2229068
4,361.067,1742511003.2229068
5,372.581,1742511003.2229068
6,367.171,1742511003.2229068
7,388.76,1742511003.2229068
0,378.741,1742511003.273042
1,375.926,1742511003.273042
2,369.384,1742511003.273042
3,372.836,1742511003.273042
4,361.067,1742511003.273042
5,374.379,1742511003.273042
6,367.171,1742511003.273042
7,387.137,1742511003.273042
0,378.354,1742511003.3231673
1,375.758,1742511003.3231673
2,369.384,1742511003.3231673
3,372.836,1742511003.3231673
4,361.585,1742511003.3231673
5,374.379,1742511003.3231673
6,368.606,1742511003.3231673
7,387.137,1742511003.3231673
0,378.354,1742511003.3732932
1,375.758,1742511003.3732932
2,369.532,1742511003.3732932
3,372.424,1742511003.3732932
4,361.585,1742511003.3732932
5,374.125,1742511003.3732932
6,368.606,1742511003.3732932
7,388.553,1742511003.3732932
0,379.794,1742511003.4234185
1,374.399,1742511003.4234185
2,369.532,1742511003.4234185
3,372.424,1742511003.4234185
4,361.743,1742511003.4234185
5,374.125,1742511003.4234185
6,368.442,1742511003.4234185
7,388.553,1742511003.4234185
0,379.794,1742511003.4735596
1,374.399,1742511003.4735596
2,370.141,1742511003.4735596
3,372.925,1742511003.4735596
4,361.743,1742511003.4735596
5,374.053,1742511003.4735596
6,368.442,1742511003.4735596
7,387.167,1742511003.4735596
0,380.232,1742511003.523697
1,372.83,1742511003.523697
2,370.141,1742511003.523697
3,372.925,1742511003.523697
4,362.375,1742511003.523697
5,374.053,1742511003.523697
6,369.216,1742511003.523697
7,387.167,1742511003.523697
0,380.232,1742511003.573824
1,372.83,1742511003.573824
2,370.623,1742511003.573824
3,372.326,1742511003.573824
4,362.375,1742511003.573824
5,375.478,1742511003.573824
6,369.216,1742511003.573824
7,384.912,1742511003.573824
0,381.524,1742511003.6239495
1,372.114,1742511003.6239495
2,370.623,1742511003.6239495
3,372.326,1742511003.6239495
4,361.955,1742511003.6239495
5,375.478,1742511003.6239495
6,368.836,1742511003.6239495
7,384.912,1742511003.6239495
0,381.524,1742511003.6740746
1,372.114,1742511003.6740746
2,370.505,1742511003.6740746
3,372.524,1742511003.6740746
4,361.955,1742511003.6740746
5,376.512,1742511003.6740746
6,368.836,1742511003.6740746
7,383.166,1742511003.6740746
0,383.123,1742511003.724199
1,371.603,1742511003.724199
2,370.505,1742511003.724199
3,372.524,1742511003.724199
4,361.741,1742511003.724199
5,376.512,1742511003.724199
6,369.51,1742511003.724199
7,383.166,1742511003.724199
0,383.123,1742511003.7743344
1,371.603,1742511003.7743344
2,369.785,1742511003.7743344
3,372.849,1742511003.7743344
4,361.741,1742511003.7743344
5,375.04,1742511003.7743344
6,369.51,1742511003.7743344
7,381.84,1742511003.7743344
0,383.582,1742511003.82446
1,370.418,1742511003.82446
2,369.785,1742511003.82446
3,372.849,1742511003.82446
4,362.51,1742511003.82446
5,375.04,1742511003.82446
6,369.758,1742511003.82446
7,381.84,1742511003.82446
0,383.582,1742511003.8745956
1,370.418,1742511003.8745956
2,369.785,1742511003.8745956
3,373.22,1742511003.8745956
4,362.51,1742511003.8745956
5,376.922,1742511003.8745956
6,369.758,1742511003.8745956
7,380.735,1742511003.8745956
0,383.27,1742511003.9247403
1,369.54,1742511003.9247403
2,370.29,1742511003.9247403
3,373.22,1742511003.9247403
4,362.343,1742511003.9247403
5,376.922,1742511003.9247403
6,369.29,1742511003.9247403
7,380.735,1742511003.9247403
0,383.27,1742511003.9748764
1,369.54,1742511003.9748764
2,370.29,1742511003.9748764
3,372.575,1742511003.9748764
4,362.343,1742511003.9748764
5,375.588,1742511003.9748764
6,369.29,1742511003.9748764
7,378.484,1742511003.9748764
0,383.236,1742511004.0251153
1,368.976,1742511004.0251153
2,369.965,1742511004.0251153
3,372.575,1742511004.0251153
4,362.812,1742511004.0251153
5,375.588,1742511004.0251153
6,369.673,1742511004.0251153
7,378.484,1742511004.0251153
0,383.236,1742511004.0752554
1,368.976,1742511004.0752554
2,369.965,1742511004.0752554
3,372.132,1742511004.0752554
4,362.812,1742511004.0752554
5,377.222,1742511004.0752554
6,369.673,1742511004.0752554
7,376.768,1742511004.0752554
0,383.537,1742511004.1254048
1,368.685,1742511004.1254048
2,372.144,1742511004.1254048
3,372.132,1742511004.1254048
4,363.106,1742511004.1254048
5,377.222,1742511004.1254048
6,369.779,1742511004.1254048
7,376.768,1742511004.1254048
0,383.537,1742511004.1755319
1,368.685,1742511004.1755319
2,372.144,1742511004.1755319
3,373.634,1742511004.1755319
4,363.106,1742511004.1755319
5,378.588,1742511004.1755319
6,369.779,1742511004.1755319
7,376.768,1742511004.1755319
0,382.679,1742511004.2257688
1,368.098,1742511004.2257688
2,373.255,1742511004.2257688
3,373.634,1742511004.2257688
4,363.441,1742511004.2257688
5,378.588,1742511004.2257688
6,370.401,1742511004.2257688
7,379.222,1742511004.2257688
0,382.679,1742511004.2759101
1,368.098,1742511004.2759101
2,373.255,1742511004.2759101
3,373.384,1742511004.2759101
4,363.441,1742511004.2759101
5,378.067,1742511004.2759101
6,370.401,1742511004.2759101
7,379.222,1742511004.2759101
0,383.281,1742511004.3260386
1,367.301,1742511004.3260386
2,374.904,1742511004.3260386
3,373.384,1742511004.3260386
4,365.253,1742511004.3260386
5,378.067,1742511004.3260386
6,372.62,1742511004.3260386
7,378.88,1742511004.3260386
0,383.281,1742511004.376163
1,367.301,1742511004.376163
2,374.904,1742511004.376163
3,376.299,1742511004.376163
4,365.253,1742511004.376163
5,379.349,1742511004.376163
6,372.62,1742511004.376163
7,378.88,1742511004.376163
0,381.962,1742511004.426289
1,366.816,1742511004.426289
2,375.855,1742511004.426289
3,376.299,1742511004.426289
4,366.955,1742511004.426289
5,379.349,1742511004.426289
6,372.956,1742511004.426289
7,378.382,1742511004.426289
0,381.962,1742511004.4764307
1,366.816,1742511004.4764307
2,375.855,1742511004.4764307
3,376.968,1742511004.4764307
4,366.955,1742511004.4764307
5,379.968,1742511004.4764307
6,372.956,1742511004.4764307
7,378.382,1742511004.4764307
0,381.277,1742511004.5266106
1,367.332,1742511004.5266106
2,376.079,1742511004.5266106
3,376.968,1742511004.5266106
4,368.111,1742511004.5266106
5,379.968,1742511004.5266106
6,373.557,1742511004.5266106
7,378.372,1742511004.5266106
0,381.277,1742511004.5767522
1,367.332,1742511004.5767522
2,376.079,1742511004.5767522
3,378.895,1742511004.5767522
4,368.111,1742511004.5767522
5,379.095,1742511004.5767522
6,373.557,1742511004.5767522
7,378.372,1742511004.5767522
0,379.746,1742511004.6268814
1,367.95,1742511004.6268814
2,376.378,1742511004.6268814
3,378.895,1742511004.6268814
4,370.061,1742511004.6268814
5,379.095,1742511004.6268814
6,373.37,1742511004.6268814
7,378.965,1742511004.6268814
0,379.746,1742511004.677017
1,367.95,1742511004.677017
2,376.378,1742511004.677017
3,380.039,1742511004.677017
4,370.061,1742511004.677017
5,381.382,1742511004.677017
6,373.37,1742511004.677017
7,378.965,1742511004.677017
0,378.321,1742511004.7271576
1,368.666,1742511004.7271576
2,377.849,1742511004.7271576
3,380.039,1742511004.7271576
4,372.596,1742511004.7271576
5,381.382,1742511004.7271576
6,374.221,1742511004.7271576
7,380.705,1742511004.7271576
0,378.321,1742511004.7772946
1,368.666,1742511004.7772946
2,377.849,1742511004.7772946
3,379.693,1742511004.7772946
4,372.596,1742511004.7772946
5,383.13,1742511004.7772946
6,374.221,1742511004.7772946
7,380.705,1742511004.7772946
0,377.821,1742511004.8274434
1,370.322,1742511004.8274434
2,378.844,1742511004.8274434
3,379.693,1742511004.8274434
4,372.948,1742511004.8274434
5,383.13,1742511004.8274434
6,373.655,1742511004.8274434
7,381.983,1742511004.8274434
0,377.821,1742511004.8775847
1,370.322,1742511004.8775847
2,378.844,1742511004.8775847
3,379.251,1742511004.8775847
4,372.948,1742511004.8775847
5,384.89,1742511004.8775847
6,373.655,1742511004.8775847
7,381.983,1742511004.8775847
0,378.798,1742511004.9277222
1,374.538,1742511004.9277222
2,379.821,1742511004.9277222
3,379.251,1742511004.9277222
4,373.335,1742511004.9277222
5,384.89,1742511004.9277222
6,374.811,1742511004.9277222
7,383.589,1742511004.9277222
0,378.798,1742511004.9778488
1,374.538,1742511004.9778488
2,379.821,1742511004.9778488
3,379.251,1742511004.9778488
4,373.335,1742511004.9778488
5,384.497,1742511004.9778488
6,374.811,1742511004.9778488
7,383.589,1742511004.9778488
0,378.282,1742511005.0279744
1,375.388,1742511005.0279744
2,378.152,1742511005.0279744
3,379.919,1742511005.0279744
4,373.335,1742511005.0279744
5,384.497,1742511005.0279744
6,374.027,1742511005.0279744
7,384.824,1742511005.0279744
0,378.282,1742511005.0781102
1,375.388,1742511005.0781102
2,378.152,1742511005.0781102
3,379.919,1742511005.0781102
4,372.732,1742511005.0781102
5,384.158,1742511005.0781102
6,374.027,1742511005.0781102
7,384.824,1742511005.0781102
0,381.258,1742511005.1282446
1,375.379,1742511005.1282446
2,375.882,1742511005.1282446
3,379.388,1742511005.1282446
4,372.732,1742511005.1282446
5,384.158,1742511005.1282446
6,373.807,1742511005.1282446
7,385.758,1742511005.1282446
0,381.258,1742511005.1783864
1,375.379,1742511005.1783864
2,375.882,1742511005.1783864
3,379.388,1742511005.1783864
4,370.801,1742511005.1783864
5,383.511,1742511005.1783864
6,373.807,1742511005.1783864
7,385.758,1742511005.1783864
0,382.881,1742511005.2285235
1,375.677,1742511005.2285235
2,375.397,1742511005.2285235
3,378.5,1742511005.2285235
4,370.801,1742511005.2285235
5,383.511,1742511005.2285235
6,374.197,1742511005.2285235
7,385.282,1742511005.2285235
0,382.881,1742511005.278652
1,375.677,1742511005.278652
2,375.397,1742511005.278652
3,378.5,1742511005.278652
4,372.517,1742511005.278652
5,384.109,1742511005.278652
6,374.197,1742511005.278652
7,385.282,1742511005.278652
0,381.963,1742511005.328792
1,374.102,1742511005.328792
2,374.798,1742511005.328792
3,379.319,1742511005.328792
4,372.517,1742511005.328792
5,384.109,1742511005.328792
6,373.5,1742511005.328792
7,385.422,1742511005.328792
0,381.963,1742511005.378929
1,374.102,1742511005.378929
2,374.798,1742511005.378929
3,379.319,1742511005.378929
4,369.524,1742511005.378929
5,384.006,1742511005.378929
6,373.5,1742511005.378929
7,385.422,1742511005.378929
0,381.65,1742511005.429129
1,374.102,1742511005.429129
2,375.705,1742511005.429129
3,378.935,1742511005.429129
4,369.524,1742511005.429129
5,384.006,1742511005.429129
6,372.982,1742511005.429129
7,386.151,1742511005.429129
0,381.65,1742511005.4792702
1,374.489,1742511005.4792702
2,375.705,1742511005.4792702
3,378.935,1742511005.4792702
4,369.875,1742511005.4792702
5,384.22,1742511005.4792702
6,372.982,1742511005.4792702
7,386.151,1742511005.4792702
0,382.266,1742511005.5293999
1,374.489,1742511005.5293999
2,376.642,1742511005.5293999
3,378.952,1742511005.5293999
4,369.875,1742511005.5293999
5,384.22,1742511005.5293999
6,372.907,1742511005.5293999
7,386.726,1742511005.5293999
0,382.266,1742511005.5795403
1,377.185,1742511005.5795403
2,376.642,1742511005.5795403
3,378.952,1742511005.5795403
4,366.226,1742511005.5795403
5,383.873,1742511005.5795403
6,372.907,1742511005.5795403
7,386.726,1742511005.5795403
0,381.652,1742511005.6296766
1,377.185,1742511005.6296766
2,377.513,1742511005.6296766
3,378.755,1742511005.6296766
4,366.226,1742511005.6296766
5,383.873,1742511005.6296766
6,375.36,1742511005.6296766
7,387.023,1742511005.6296766
0,381.652,1742511005.6798134
1,377.715,1742511005.6798134
2,377.513,1742511005.6798134
3,378.755,1742511005.6798134
4,364.783,1742511005.6798134
5,383.494,1742511005.6798134
6,375.36,1742511005.6798134
7,387.023,1742511005.6798134
0,381.307,1742511005.7299504
1,377.715,1742511005.7299504
2,377.495,1742511005.7299504
3,378.45,1742511005.7299504
4,364.783,1742511005.7299504
5,383.494,1742511005.7299504
6,376.643,1742511005.7299504
7,386.572,1742511005.7299504
0,381.307,1742511005.780076
1,377.158,1742511005.780076
2,377.495,1742511005.780076
3,378.45,1742511005.780076
4,366.169,1742511005.780076
5,382.132,1742511005.780076
6,376.643,1742511005.780076
7,386.572,1742511005.780076
0,381.145,1742511005.8302011
1,377.158,1742511005.8302011
2,377.478,1742511005.8302011
3,379.467,1742511005.8302011
4,366.169,1742511005.8302011
5,382.132,1742511005.8302011
6,380.295,1742511005.8302011
7,385.798,1742511005.8302011
0,381.145,1742511005.880326
1,375.2,1742511005.880326
2,377.478,1742511005.880326
3,379.467,1742511005.880326
4,365.548,1742511005.880326
5,380.575,1742511005.880326
6,380.295,1742511005.880326
7,385.798,1742511005.880326
0,379.703,1742511005.9304667
1,375.2,1742511005.9304667
2,375.556,1742511005.9304667
3,380.334,1742511005.9304667
4,365.548,1742511005.9304667
5,380.575,1742511005.9304667
6,380.479,1742511005.9304667
7,385.444,1742511005.9304667
0,379.703,1742511005.9805875
1,374.085,1742511005.9805875
2,375.556,1742511005.9805875
3,380.334,1742511005.9805875
4,365.972,1742511005.9805875
5,380.03,1742511005.9805875
6,380.479,1742511005.9805875
7,385.444,1742511005.9805875
0,377.25,1742511006.0307076
1,374.085,1742511006.0307076
2,376.149,1742511006.0307076
3,380.86,1742511006.0307076
4,365.972,1742511006.0307076
5,380.03,1742511006.0307076
6,380.438,1742511006.0307076
7,384.842,1742511006.0307076
0,377.25,1742511006.0808465
1,372.025,1742511006.0808465
2,376.149,1742511006.0808465
3,380.86,1742511006.0808465
4,368.15,1742511006.0808465
5,382.792,1742511006.0808465
6,380.438,1742511006.0808465
7,384.842,1742511006.0808465
0,377.845,1742511006.1309867
1,372.025,1742511006.1309867
2,376.621,1742511006.1309867
3,382.734,1742511006.1309867
4,368.15,1742511006.1309867
5,382.792,1742511006.1309867
6,379.795,1742511006.1309867
7,384.064,1742511006.1309867
0,377.845,1742511006.1811225
1,371.964,1742511006.1811225
2,376.621,1742511006.1811225
3,382.734,1742511006.1811225
4,368.101,1742511006.1811225
5,383.465,1742511006.1811225
6,379.795,1742511006.1811225
7,384.064,1742511006.1811225
0,374.345,1742511006.2312522
1,371.964,1742511006.2312522
2,376.261,1742511006.2312522
3,381.779,1742511006.2312522
4,368.101,1742511006.2312522
5,383.465,1742511006.2312522
6,379.015,1742511006.2312522
7,382.993,1742511006.2312522
0,374.345,1742511006.281377
1,372.316,1742511006.281377
2,376.261,1742511006.281377
3,381.779,1742511006.281377
4,368.111,1742511006.281377
5,385.06,1742511006.281377
6,379.015,1742511006.281377
7,382.993,1742511006.281377
0,375.783,1742511006.3315022
1,372.316,1742511006.3315022
2,372.21,1742511006.3315022
3,381.436,1742511006.3315022
4,368.111,1742511006.3315022
5,385.06,1742511006.3315022
6,377.356,1742511006.3315022
7,384.194,1742511006.3315022
0,375.783,1742511006.381638
1,372.534,1742511006.381638
2,372.21,1742511006.381638
3,381.436,1742511006.381638
4,370.062,1742511006.381638
5,385.596,1742511006.381638
6,377.356,1742511006.381638
7,384.194,1742511006.381638
0,374.042,1742511006.4317808
1,372.534,1742511006.4317808
2,371.439,1742511006.4317808
3,382.065,1742511006.4317808
4,370.062,1742511006.4317808
5,385.596,1742511006.4317808
6,375.885,1742511006.4317808
7,384.735,1742511006.4317808
0,374.042,1742511006.481888
1,373.273,1742511006.481888
2,371.439,1742511006.481888
3,382.065,1742511006.481888
4,370.783,1742511006.481888
5,383.689,1742511006.481888
6,375.885,1742511006.481888
7,384.735,1742511006.481888
0,373.361,1742511006.5320058
1,373.273,1742511006.5320058
2,370.94,1742511006.5320058
3,381.006,1742511006.5320058
4,370.783,1742511006.5320058
5,383.689,1742511006.5320058
6,376.487,1742511006.5320058
7,385.433,1742511006.5320058
0,373.361,1742511006.5821438
1,372.148,1742511006.5821438
2,370.94,1742511006.5821438
3,381.006,1742511006.5821438
4,372.011,1742511006.5821438
5,383.01,1742511006.5821438
6,376.487,1742511006.5821438
7,385.433,1742511006.5821438
0,373.455,1742511006.632347
1,372.148,1742511006.632347
2,371.654,1742511006.632347
3,377.759,1742511006.632347
4,372.011,1742511006.632347
5,383.01,1742511006.632347
6,373.684,1742511006.632347
7,384.713,1742511006.632347
0,373.455,1742511006.6824865
1,371.89,1742511006.6824865
2,371.654,1742511006.6824865
3,377.759,1742511006.6824865
4,372.257,1742511006.6824865
5,385.238,1742511006.6824865
6,373.684,1742511006.6824865
7,384.713,1742511006.6824865
0,373.525,1742511006.7326238
1,371.89,1742511006.7326238
2,370.041,1742511006.7326238
3,378.575,1742511006.7326238
4,372.257,1742511006.7326238
5,385.238,1742511006.7326238
6,371.816,1742511006.7326238
7,384.841,1742511006.7326238
0,373.525,1742511006.782759
1,372.188,1742511006.782759
2,370.041,1742511006.782759
3,378.575,1742511006.782759
4,371.959,1742511006.782759
5,385.69,1742511006.782759
6,371.816,1742511006.782759
7,384.841,1742511006.782759
0,373.738,1742511006.8328948
1,372.188,1742511006.8328948
2,370.976,1742511006.8328948
3,377.525,1742511006.8328948
4,371.959,1742511006.8328948
5,385.69,1742511006.8328948
6,368.123,1742511006.8328948
7,385.009,1742511006.8328948
0,373.738,1742511006.8830295
1,373.044,1742511006.8830295
2,370.976,1742511006.8830295
3,377.525,1742511006.8830295
4,370.546,1742511006.8830295
5,385.5,1742511006.8830295
6,368.123,1742511006.8830295
7,385.009,1742511006.8830295
0,373.738,1742511006.933156
1,373.044,1742511006.933156
2,371.708,1742511006.933156
3,375.484,1742511006.933156
4,370.546,1742511006.933156
5,385.5,1742511006.933156
6,366.356,1742511006.933156
7,385.319,1742511006.933156
0,374.144,1742511006.983292
1,372.564,1742511006.983292
2,371.708,1742511006.983292
3,375.484,1742511006.983292
4,369.408,1742511006.983292
5,384.126,1742511006.983292
6,366.356,1742511006.983292
7,385.319,1742511006.983292
0,374.144,1742511007.0334167
1,372.564,1742511007.0334167
2,372.507,1742511007.0334167
3,373.013,1742511007.0334167
4,369.408,1742511007.0334167
5,384.126,1742511007.0334167
6,366.237,1742511007.0334167
7,385.237,1742511007.0334167
0,372.945,1742511007.083542
1,371.969,1742511007.083542
2,372.507,1742511007.083542
3,373.013,1742511007.083542
4,368.796,1742511007.083542
5,382.257,1742511007.083542
6,366.237,1742511007.083542
7,385.237,1742511007.083542
0,372.945,1742511007.1336668
1,371.969,1742511007.1336668
2,373.325,1742511007.1336668
3,372.196,1742511007.1336668
4,368.796,1742511007.1336668
5,382.257,1742511007.1336668
6,365.47,1742511007.1336668
7,386.306,1742511007.1336668
0,372.088,1742511007.183805
1,372.103,1742511007.183805
2,373.325,1742511007.183805
3,372.196,1742511007.183805
4,366.961,1742511007.183805
5,382.581,1742511007.183805
6,365.47,1742511007.183805
7,386.306,1742511007.183805
0,372.088,1742511007.2339458
1,372.103,1742511007.2339458
2,372.894,1742511007.2339458
3,373.63,1742511007.2339458
4,366.961,1742511007.2339458
5,382.581,1742511007.2339458
6,365.848,1742511007.2339458
7,387.023,1742511007.2339458
0,372.252,1742511007.2841346
1,371.457,1742511007.2841346
2,372.894,1742511007.2841346
3,373.63,1742511007.2841346
4,367.61,1742511007.2841346
5,382.532,1742511007.2841346
6,365.848,1742511007.2841346
7,387.023,1742511007.2841346
0,372.252,1742511007.3342593
1,371.457,1742511007.3342593
2,373.511,1742511007.3342593
3,372.943,1742511007.3342593
4,367.61,1742511007.3342593
5,382.532,1742511007.3342593
6,366.8,1742511007.3342593
7,386.717,1742511007.3342593
0,372.669,1742511007.3843627
1,372.281,1742511007.3843627
2,373.511,1742511007.3843627
3,372.943,1742511007.3843627
4,365.494,1742511007.3843627
5,381.627,1742511007.3843627
6,366.8,1742511007.3843627
7,386.717,1742511007.3843627
0,372.669,1742511007.4344893
1,372.281,1742511007.4344893
2,372.666,1742511007.4344893
3,371.349,1742511007.4344893
4,365.494,1742511007.4344893
5,381.627,1742511007.4344893
6,367.031,1742511007.4344893
7,386.297,1742511007.4344893
0,372.856,1742511007.4846249
1,371.855,1742511007.4846249
2,372.666,1742511007.4846249
3,371.349,1742511007.4846249
4,365.34,1742511007.4846249
5,382.596,1742511007.4846249
6,367.031,1742511007.4846249
7,386.297,1742511007.4846249
0,372.856,1742511007.5347502
1,371.855,1742511007.5347502
2,371.516,1742511007.5347502
3,371.498,1742511007.5347502
4,365.34,1742511007.5347502
5,382.596,1742511007.5347502
6,367.506,1742511007.5347502
7,387.113,1742511007.5347502
0,372.569,1742511007.584887
1,371.968,1742511007.584887
2,371.516,1742511007.584887
3,371.498,1742511007.584887
4,364.502,1742511007.584887
5,382.575,1742511007.584887
6,367.506,1742511007.584887
7,387.113,1742511007.584887
0,372.569,1742511007.635026
1,371.968,1742511007.635026
2,371.79,1742511007.635026
3,371.631,1742511007.635026
4,364.502,1742511007.635026
5,382.575,1742511007.635026
6,368.696,1742511007.635026
7,388.19,1742511007.635026
0,373.747,1742511007.6851606
1,372.284,1742511007.6851606
2,371.79,1742511007.6851606
3,371.631,1742511007.6851606
4,363.928,1742511007.6851606
5,380.7,1742511007.6851606
6,368.696,1742511007.6851606
7,388.19,1742511007.6851606
0,373.747,1742511007.7352965
1,372.284,1742511007.7352965
2,371.623,1742511007.7352965
3,373.314,1742511007.7352965
4,363.928,1742511007.7352965
5,380.7,1742511007.7352965
6,368.783,1742511007.7352965
7,388.301,1742511007.7352965
0,375.04,1742511007.785432
1,371.259,1742511007.785432
2,371.623,1742511007.785432
3,373.314,1742511007.785432
4,362.232,1742511007.785432
5,378.707,1742511007.785432
6,368.783,1742511007.785432
7,388.301,1742511007.785432
0,375.04,1742511007.8355675
1,371.259,1742511007.8355675
2,370.52,1742511007.8355675
3,371.015,1742511007.8355675
4,362.232,1742511007.8355675
5,378.707,1742511007.8355675
6,369.013,1742511007.8355675
7,386.612,1742511007.8355675
0,375.108,1742511007.8857157
1,370.349,1742511007.8857157
2,370.52,1742511007.8857157
3,371.015,1742511007.8857157
4,362.644,1742511007.8857157
5,378.453,1742511007.8857157
6,369.013,1742511007.8857157
7,386.612,1742511007.8857157
0,375.108,1742511007.935863
1,370.349,1742511007.935863
2,369.814,1742511007.935863
3,370.659,1742511007.935863
4,362.644,1742511007.935863
5,378.453,1742511007.935863
6,369.63,1742511007.935863
7,387.497,1742511007.935863
0,374.747,1742511007.9859877
1,370.14,1742511007.9859877
2,369.814,1742511007.9859877
3,370.659,1742511007.9859877
4,362.401,1742511007.9859877
5,379.102,1742511007.9859877
6,369.63,1742511007.9859877
7,387.497,1742511007.9859877
0,374.747,1742511008.0361135
1,370.14,1742511008.0361135
2,369.581,1742511008.0361135
3,371.199,1742511008.0361135
4,362.401,1742511008.0361135
5,379.102,1742511008.0361135
6,369.63,1742511008.0361135
7,387.634,1742511008.0361135
0,375.689,1742511008.0862892
1,369.762,1742511008.0862892
2,369.581,1742511008.0862892
3,371.199,1742511008.0862892
4,364.326,1742511008.0862892
5,380.569,1742511008.0862892
6,369.468,1742511008.0862892
7,387.634,1742511008.0862892
0,375.689,1742511008.136418
1,369.762,1742511008.136418
2,368.656,1742511008.136418
3,371.019,1742511008.136418
4,364.326,1742511008.136418
5,380.569,1742511008.136418
6,369.468,1742511008.136418
7,386.674,1742511008.136418
0,375.993,1742511008.1865551
1,369.606,1742511008.1865551
2,368.656,1742511008.1865551
3,371.019,1742511008.1865551
4,365.852,1742511008.1865551
5,382.192,1742511008.1865551
6,368.949,1742511008.1865551
7,386.674,1742511008.1865551
0,375.993,1742511008.2366939
1,369.606,1742511008.2366939
2,369.368,1742511008.2366939
3,371.504,1742511008.2366939
4,365.852,1742511008.2366939
5,382.192,1742511008.2366939
6,368.949,1742511008.2366939
7,384.607,1742511008.2366939
0,375.954,1742511008.2868297
1,369.83,1742511008.2868297
2,369.368,1742511008.2868297
3,371.504,1742511008.2868297
4,366.461,1742511008.2868297
5,381.774,1742511008.2868297
6,369.097,1742511008.2868297
7,384.607,1742511008.2868297
0,375.954,1742511008.3369653
1,369.83,1742511008.3369653
2,369.526,1742511008.3369653
3,371.761,1742511008.3369653
4,366.461,1742511008.3369653
5,381.774,1742511008.3369653
6,369.097,1742511008.3369653
7,384.391,1742511008.3369653
0,375.327,1742511008.3871012
1,370.091,1742511008.3871012
2,369.526,1742511008.3871012
3,371.761,1742511008.3871012
4,368.753,1742511008.3871012
5,382.687,1742511008.3871012
6,369.772,1742511008.3871012
7,384.391,1742511008.3871012
0,375.327,1742511008.437245
1,370.091,1742511008.437245
2,369.239,1742511008.437245
3,372.35,1742511008.437245
4,368.753,1742511008.437245
5,382.687,1742511008.437245
6,369.772,1742511008.437245
7,384.239,1742511008.437245
0,375.351,1742511008.4873707
1,369.974,1742511008.4873707
2,369.239,1742511008.4873707
3,372.35,1742511008.4873707
4,369.205,1742511008.4873707
5,383.921,1742511008.4873707
6,368.133,1742511008.4873707
7,384.239,1742511008.4873707
0,375.351,1742511008.5375073
1,369.974,1742511008.5375073
2,368.878,1742511008.5375073
3,370.749,1742511008.5375073
4,369.205,1742511008.5375073
5,383.921,1742511008.5375073
6,368.133,1742511008.5375073
7,383.976,1742511008.5375073
0,374.539,1742511008.587631
1,369.81,1742511008.587631
2,368.878,1742511008.587631
3,370.749,1742511008.587631
4,369.936,1742511008.587631
5,383.921,1742511008.587631
6,368.075,1742511008.587631
7,383.976,1742511008.587631
0,374.539,1742511008.637808
1,369.81,1742511008.637808
2,368.376,1742511008.637808
3,370.101,1742511008.637808
4,369.936,1742511008.637808
5,384.441,1742511008.637808
6,368.075,1742511008.637808
7,383.129,1742511008.637808
0,374.581,1742511008.6879325
1,369.328,1742511008.6879325
2,368.376,1742511008.6879325
3,370.101,1742511008.6879325
4,371.022,1742511008.6879325
5,384.441,1742511008.6879325
6,367.707,1742511008.6879325
7,383.129,1742511008.6879325
0,374.581,1742511008.7380686
1,369.328,1742511008.7380686
2,368.513,1742511008.7380686
3,369.927,1742511008.7380686
4,371.022,1742511008.7380686
5,386.662,1742511008.7380686
6,367.707,1742511008.7380686
7,383.67,1742511008.7380686
0,374.78,1742511008.7881932
1,369.872,1742511008.7881932
2,368.513,1742511008.7881932
3,369.927,1742511008.7881932
4,372.856,1742511008.7881932
5,386.662,1742511008.7881932
6,368.329,1742511008.7881932
7,383.67,1742511008.7881932
0,374.78,1742511008.8383183
1,369.872,1742511008.8383183
2,369.209,1742511008.8383183
3,371.805,1742511008.8383183
4,372.856,1742511008.8383183
5,388.226,1742511008.8383183
6,368.329,1742511008.8383183
7,384.233,1742511008.8383183
0,375.386,1742511008.888454
1,372.111,1742511008.888454
2,369.209,1742511008.888454
3,371.805,1742511008.888454
4,372.96,1742511008.888454
5,388.226,1742511008.888454
6,368.667,1742511008.888454
7,384.233,1742511008.888454
0,375.386,1742511008.9385781
1,372.111,1742511008.9385781
2,368.986,1742511008.9385781
3,371.216,1742511008.9385781
4,372.96,1742511008.9385781
5,388.748,1742511008.9385781
6,368.667,1742511008.9385781
7,384.936,1742511008.9385781
0,374.968,1742511008.9887133
1,371.351,1742511008.9887133
2,368.986,1742511008.9887133
3,371.216,1742511008.9887133
4,372.96,1742511008.9887133
5,388.748,1742511008.9887133
6,367.921,1742511008.9887133
7,384.936,1742511008.9887133
0,374.968,1742511009.0388498
1,371.351,1742511009.0388498
2,368.684,1742511009.0388498
3,371.257,1742511009.0388498
4,373.414,1742511009.0388498
5,389.296,1742511009.0388498
6,367.921,1742511009.0388498
7,385.248,1742511009.0388498
0,374.12,1742511009.0890155
1,372.212,1742511009.0890155
2,368.684,1742511009.0890155
3,371.257,1742511009.0890155
4,373.414,1742511009.0890155
5,389.296,1742511009.0890155
6,367.414,1742511009.0890155
7,385.248,1742511009.0890155
0,374.12,1742511009.1391397
1,372.212,1742511009.1391397
2,368.557,1742511009.1391397
3,372.444,1742511009.1391397
4,371.161,1742511009.1391397
5,389.464,1742511009.1391397
6,367.414,1742511009.1391397
7,384.085,1742511009.1391397
0,374.387,1742511009.1892757
1,370.555,1742511009.1892757
2,368.557,1742511009.1892757
3,372.444,1742511009.1892757
4,371.161,1742511009.1892757
5,389.464,1742511009.1892757
6,368.191,1742511009.1892757
7,384.085,1742511009.1892757
0,374.387,1742511009.2394023
1,370.555,1742511009.2394023
2,367.57,1742511009.2394023
3,372.948,1742511009.2394023
4,370.326,1742511009.2394023
5,389.958,1742511009.2394023
6,368.191,1742511009.2394023
7,383.382,1742511009.2394023
0,373.249,1742511009.2895415
1,369.685,1742511009.2895415
2,367.57,1742511009.2895415
3,372.948,1742511009.2895415
4,370.326,1742511009.2895415
5,389.958,1742511009.2895415
6,368.873,1742511009.2895415
7,383.382,1742511009.2895415
0,373.249,1742511009.3396714
1,369.685,1742511009.3396714
2,366.858,1742511009.3396714
3,374.395,1742511009.3396714
4,370.702,1742511009.3396714
5,387.801,1742511009.3396714
6,368.873,1742511009.3396714
7,383.012,1742511009.3396714
0,373.122,1742511009.3898163
1,368.179,1742511009.3898163
2,366.858,1742511009.3898163
3,374.395,1742511009.3898163
4,370.702,1742511009.3898163
5,387.801,1742511009.3898163
6,368.361,1742511009.3898163
7,383.012,1742511009.3898163
0,373.122,1742511009.4399424
1,368.179,1742511009.4399424
2,366.418,1742511009.4399424
3,375.682,1742511009.4399424
4,369.574,1742511009.4399424
5,389.578,1742511009.4399424
6,368.361,1742511009.4399424
7,383.196,1742511009.4399424
0,373.558,1742511009.4900672
1,367.655,1742511009.4900672
2,366.418,1742511009.4900672
3,375.682,1742511009.4900672
4,369.574,1742511009.4900672
5,389.578,1742511009.4900672
6,369.519,1742511009.4900672
7,383.196,1742511009.4900672
0,373.558,1742511009.5401938
1,367.655,1742511009.5401938
2,366.418,1742511009.5401938
3,376.477,1742511009.5401938
4,369.784,1742511009.5401938
5,385.338,1742511009.5401938
6,369.519,1742511009.5401938
7,382.69,1742511009.5401938
0,373.292,1742511009.5903332
1,367.268,1742511009.5903332
2,367.024,1742511009.5903332
3,376.477,1742511009.5903332
4,369.784,1742511009.5903332
5,385.338,1742511009.5903332
6,371.362,1742511009.5903332
7,382.69,1742511009.5903332
0,373.292,1742511009.6404634
1,367.268,1742511009.6404634
2,367.024,1742511009.6404634
3,377.676,1742511009.6404634
4,369.331,1742511009.6404634
5,387.538,1742511009.6404634
6,371.362,1742511009.6404634
7,382.304,1742511009.6404634
0,374.977,1742511009.6905878
1,366.784,1742511009.6905878
2,367.46,1742511009.6905878
3,377.676,1742511009.6905878
4,369.331,1742511009.6905878
5,387.538,1742511009.6905878
6,372.138,1742511009.6905878
7,382.304,1742511009.6905878
0,374.977,1742511009.7407532
1,366.784,1742511009.7407532
2,367.46,1742511009.7407532
3,378.398,1742511009.7407532
4,368.469,1742511009.7407532
5,383.798,1742511009.7407532
6,372.138,1742511009.7407532
7,381.239,1742511009.7407532
0,374.682,1742511009.7908878
1,366.215,1742511009.7908878
2,368.164,1742511009.7908878
3,378.398,1742511009.7908878
4,368.469,1742511009.7908878
5,383.798,1742511009.7908878
6,374.091,1742511009.7908878
7,381.239,1742511009.7908878
0,374.682,1742511009.8410144
1,366.215,1742511009.8410144
2,368.164,1742511009.8410144
3,379.902,1742511009.8410144
4,369.137,1742511009.8410144
5,383.135,1742511009.8410144
6,374.091,1742511009.8410144
7,381.191,1742511009.8410144
0,374.697,1742511009.8911545
1,364.852,1742511009.8911545
2,367.725,1742511009.8911545
3,379.902,1742511009.8911545
4,369.137,1742511009.8911545
5,383.135,1742511009.8911545
6,374.093,1742511009.8911545
7,381.191,1742511009.8911545
0,374.697,1742511009.9413364
1,364.852,1742511009.9413364
2,367.725,1742511009.9413364
3,380.159,1742511009.9413364
4,366.889,1742511009.9413364
5,382.081,1742511009.9413364
6,374.093,1742511009.9413364
7,379.563,1742511009.9413364
0,373.502,1742511009.9914613
1,363.242,1742511009.9914613
2,366.806,1742511009.9914613
3,380.159,1742511009.9914613
4,366.889,1742511009.9914613
5,382.081,1742511009.9914613
6,376.386,1742511009.9914613
7,379.563,1742511009.9914613
0,373.502,1742511010.0415978
1,363.242,1742511010.0415978
2,366.806,1742511010.0415978
3,380.463,1742511010.0415978
4,366.597,1742511010.0415978
5,380.265,1742511010.0415978
6,376.386,1742511010.0415978
7,378.941,1742511010.0415978
0,373.109,1742511010.0917377
1,363.39,1742511010.0917377
2,369.093,1742511010.0917377
3,380.463,1742511010.0917377
4,366.597,1742511010.0917377
5,380.265,1742511010.0917377
6,376.295,1742511010.0917377
7,378.941,1742511010.0917377
0,373.109,1742511010.1419694
1,363.39,1742511010.1419694
2,369.093,1742511010.1419694
3,379.119,1742511010.1419694
4,366.728,1742511010.1419694
5,379.679,1742511010.1419694
6,376.295,1742511010.1419694
7,378.752,1742511010.1419694
0,374.078,1742511010.1920948
1,363.689,1742511010.1920948
2,370.463,1742511010.1920948
3,379.119,1742511010.1920948
4,366.728,1742511010.1920948
5,379.679,1742511010.1920948
6,377.628,1742511010.1920948
7,378.752,1742511010.1920948
0,374.078,1742511010.2422314
1,363.689,1742511010.2422314
2,370.463,1742511010.2422314
3,376.969,1742511010.2422314
4,364.425,1742511010.2422314
5,379.405,1742511010.2422314
6,377.628,1742511010.2422314
7,378.6,1742511010.2422314
0,373.998,1742511010.2923648
1,364.331,1742511010.2923648
2,370.208,1742511010.2923648
3,376.969,1742511010.2923648
4,364.425,1742511010.2923648
5,379.405,1742511010.2923648
6,376.953,1742511010.2923648
7,378.6,1742511010.2923648
0,373.998,1742511010.3424914
1,364.331,1742511010.3424914
2,370.208,1742511010.3424914
3,376.056,1742511010.3424914
4,364.141,1742511010.3424914
5,379.112,1742511010.3424914
6,376.953,1742511010.3424914
7,378.067,1742511010.3424914
0,375.044,1742511010.3926318
1,364.331,1742511010.3926318
2,372.973,1742511010.3926318
3,376.056,1742511010.3926318
4,364.141,1742511010.3926318
5,379.112,1742511010.3926318
6,375.78,1742511010.3926318
7,378.067,1742511010.3926318
0,375.044,1742511010.4427598
1,364.825,1742511010.4427598
2,374.724,1742511010.4427598
3,374.388,1742511010.4427598
4,363.554,1742511010.4427598
5,378.652,1742511010.4427598
6,375.78,1742511010.4427598
7,378.234,1742511010.4427598
0,374.853,1742511010.4928942
1,364.825,1742511010.4928942
2,374.724,1742511010.4928942
3,374.388,1742511010.4928942
4,363.554,1742511010.4928942
5,378.652,1742511010.4928942
6,375.493,1742511010.4928942
7,378.234,1742511010.4928942
0,374.853,1742511010.5430303
1,364.848,1742511010.5430303
2,374.724,1742511010.5430303
3,376.976,1742511010.5430303
4,363.4,1742511010.5430303
5,378.815,1742511010.5430303
6,375.493,1742511010.5430303
7,376.658,1742511010.5430303
0,374.377,1742511010.5931554
1,364.848,1742511010.5931554
2,375.581,1742511010.5931554
3,376.976,1742511010.5931554
4,363.4,1742511010.5931554
5,378.815,1742511010.5931554
6,374.143,1742511010.5931554
7,376.658,1742511010.5931554
0,374.377,1742511010.6432917
1,365.519,1742511010.6432917
2,375.581,1742511010.6432917
3,374.974,1742511010.6432917
4,362.166,1742511010.6432917
5,378.222,1742511010.6432917
6,374.143,1742511010.6432917
7,376.574,1742511010.6432917
0,372.602,1742511010.693428
1,365.519,1742511010.693428
2,376.154,1742511010.693428
3,374.974,1742511010.693428
4,362.166,1742511010.693428
5,378.222,1742511010.693428
6,374.247,1742511010.693428
7,376.574,1742511010.693428
0,372.602,1742511010.7435527
1,365.346,1742511010.7435527
2,376.154,1742511010.7435527
3,375.398,1742511010.7435527
4,361.756,1742511010.7435527
5,379.522,1742511010.7435527
6,374.247,1742511010.7435527
7,377.312,1742511010.7435527
0,371.823,1742511010.7936769
1,365.346,1742511010.7936769
2,376.186,1742511010.7936769
3,375.398,1742511010.7936769
4,361.756,1742511010.7936769
5,379.522,1742511010.7936769
6,373.089,1742511010.7936769
7,377.312,1742511010.7936769
0,371.823,1742511010.8438017
1,365.938,1742511010.8438017
2,376.186,1742511010.8438017
3,372.971,1742511010.8438017
4,361.694,1742511010.8438017
5,376.946,1742511010.8438017
6,373.089,1742511010.8438017
7,377.022,1742511010.8438017
0,370.553,1742511010.893926
1,365.938,1742511010.893926
2,377.094,1742511010.893926
3,372.971,1742511010.893926
4,361.694,1742511010.893926
5,376.946,1742511010.893926
6,373.865,1742511010.893926
7,377.022,1742511010.893926
0,370.553,1742511010.944052
1,366.37,1742511010.944052
2,377.094,1742511010.944052
3,372.266,1742511010.944052
4,360.916,1742511010.944052
5,378.831,1742511010.944052
6,373.865,1742511010.944052
7,378.266,1742511010.944052
0,371.308,1742511010.9941769
1,366.37,1742511010.9941769
2,378.84,1742511010.9941769
3,372.266,1742511010.9941769
4,360.916,1742511010.9941769
5,378.831,1742511010.9941769
6,373.364,1742511010.9941769
7,378.266,1742511010.9941769
0,371.308,1742511011.0444043
1,366.663,1742511011.0444043
2,378.84,1742511011.0444043
3,372.626,1742511011.0444043
4,361.639,1742511011.0444043
5,378.11,1742511011.0444043
6,373.364,1742511011.0444043
7,378.088,1742511011.0444043
0,372.037,1742511011.0945284
1,366.663,1742511011.0945284
2,379.47,1742511011.0945284
3,372.626,1742511011.0945284
4,361.639,1742511011.0945284
5,378.11,1742511011.0945284
6,374.038,1742511011.0945284
7,378.088,1742511011.0945284
0,372.037,1742511011.144654
1,367.901,1742511011.144654
2,379.47,1742511011.144654
3,372.541,1742511011.144654
4,362.328,1742511011.144654
5,378.572,1742511011.144654
6,374.038,1742511011.144654
7,378.785,1742511011.144654
0,370.6,1742511011.1947784
1,367.901,1742511011.1947784
2,379.593,1742511011.1947784
3,372.541,1742511011.1947784
4,362.328,1742511011.1947784
5,378.572,1742511011.1947784
6,373.184,1742511011.1947784
7,378.785,1742511011.1947784
0,370.6,1742511011.2449052
1,368.387,1742511011.2449052
2,379.593,1742511011.2449052
3,373.142,1742511011.2449052
4,361.935,1742511011.2449052
5,377.585,1742511011.2449052
6,373.184,1742511011.2449052
7,378.269,1742511011.2449052
0,370.6,1742511011.2950292
1,368.387,1742511011.2950292
2,379.55,1742511011.2950292
3,373.142,1742511011.2950292
4,361.935,1742511011.2950292
5,377.585,1742511011.2950292
6,373.742,1742511011.2950292
7,378.269,1742511011.2950292
0,370.771,1742511011.345154
1,368.217,1742511011.345154
2,379.55,1742511011.345154
3,373.633,1742511011.345154
4,361.667,1742511011.345154
5,377.261,1742511011.345154
6,373.742,1742511011.345154
7,378.167,1742511011.345154
0,370.771,1742511011.3952787
1,368.217,1742511011.3952787
2,379.794,1742511011.3952787
3,373.633,1742511011.3952787
4,361.667,1742511011.3952787
5,377.261,1742511011.3952787
6,375.146,1742511011.3952787
7,378.167,1742511011.3952787
0,370.413,1742511011.4454048
1,368.292,1742511011.4454048
2,379.794,1742511011.4454048
3,374.221,1742511011.4454048
4,361.223,1742511011.4454048
5,376.575,1742511011.4454048
6,375.146,1742511011.4454048
7,378.784,1742511011.4454048
0,370.413,1742511011.4955404
1,368.292,1742511011.4955404
2,379.758,1742511011.4955404
3,374.221,1742511011.4955404
4,361.223,1742511011.4955404
5,376.575,1742511011.4955404
6,375.501,1742511011.4955404
7,378.784,1742511011.4955404
0,370.706,1742511011.5456767
1,368.103,1742511011.5456767
2,379.758,1742511011.5456767
3,374.397,1742511011.5456767
4,361.631,1742511011.5456767
5,376.165,1742511011.5456767
6,375.501,1742511011.5456767
7,380.179,1742511011.5456767
0,370.706,1742511011.5958178
1,368.103,1742511011.5958178
2,378.968,1742511011.5958178
3,374.397,1742511011.5958178
4,361.631,1742511011.5958178
5,376.165,1742511011.5958178
6,375.903,1742511011.5958178
7,380.179,1742511011.5958178
0,370.199,1742511011.6459527
1,368.226,1742511011.6459527
2,378.968,1742511011.6459527
3,374.527,1742511011.6459527
4,362.172,1742511011.6459527
5,375.926,1742511011.6459527
6,375.903,1742511011.6459527
7,382.299,1742511011.6459527
0,370.199,1742511011.6960897
1,368.226,1742511011.6960897
2,378.786,1742511011.6960897
3,374.527,1742511011.6960897
4,362.172,1742511011.6960897
5,375.926,1742511011.6960897
6,376.723,1742511011.6960897
7,382.299,1742511011.6960897
0,371.033,1742511011.7462282
1,368.513,1742511011.7462282
2,378.786,1742511011.7462282
3,375.897,1742511011.7462282
4,363.432,1742511011.7462282
5,377.102,1742511011.7462282
6,376.723,1742511011.7462282
7,380.785,1742511011.7462282
0,371.033,1742511011.7963684
1,368.513,1742511011.7963684
2,381.227,1742511011.7963684
3,375.897,1742511011.7963684
4,363.432,1742511011.7963684
5,377.102,1742511011.7963684
6,377.075,1742511011.7963684
7,380.785,1742511011.7963684
0,371.478,1742511011.8465054
1,368.955,1742511011.8465054
2,381.227,1742511011.8465054
3,377.135,1742511011.8465054
4,363.083,1742511011.8465054
5,377.142,1742511011.8465054
6,377.075,1742511011.8465054
7,380.785,1742511011.8465054
0,371.478,1742511011.896642
1,368.955,1742511011.896642
2,380.823,1742511011.896642
3,377.135,1742511011.896642
4,363.083,1742511011.896642
5,377.142,1742511011.896642
6,378.262,1742511011.896642
7,382.389,1742511011.896642
0,374.33,1742511011.9467676
1,370.065,1742511011.9467676
2,380.823,1742511011.9467676
3,378.995,1742511011.9467676
4,366.252,1742511011.9467676
5,378.638,1742511011.9467676
6,378.262,1742511011.9467676
7,382.389,1742511011.9467676
0,374.33,1742511011.9968965
1,370.065,1742511011.9968965
2,379.823,1742511011.9968965
3,378.995,1742511011.9968965
4,366.252,1742511011.9968965
5,378.638,1742511011.9968965
6,379.73,1742511011.9968965
7,382.077,1742511011.9968965
0,372.938,1742511012.0470335
1,368.864,1742511012.0470335
2,379.823,1742511012.0470335
3,378.995,1742511012.0470335
4,367.049,1742511012.0470335
5,378.598,1742511012.0470335
6,379.73,1742511012.0470335
7,382.077,1742511012.0470335
0,372.938,1742511012.0971632
1,368.864,1742511012.0971632
2,377.823,1742511012.0971632
3,380.523,1742511012.0971632
4,367.049,1742511012.0971632
5,378.598,1742511012.0971632
6,379.559,1742511012.0971632
7,382.103,1742511012.0971632
0,374.52,1742511012.1472993
1,368.066,1742511012.1472993
2,377.823,1742511012.1472993
3,380.523,1742511012.1472993
4,366.387,1742511012.1472993
5,379.357,1742511012.1472993
6,379.559,1742511012.1472993
7,382.103,1742511012.1472993
0,374.52,1742511012.1974354
1,368.066,1742511012.1974354
2,377.659,1742511012.1974354
3,381.679,1742511012.1974354
4,366.387,1742511012.1974354
5,379.357,1742511012.1974354
6,379.292,1742511012.1974354
7,382.796,1742511012.1974354
0,375.242,1742511012.2475755
1,367.727,1742511012.2475755
2,377.659,1742511012.2475755
3,382.997,1742511012.2475755
4,369.369,1742511012.2475755
5,380.049,1742511012.2475755
6,379.292,1742511012.2475755
7,382.267,1742511012.2475755
0,375.242,1742511012.298073
1,367.727,1742511012.298073
2,376.219,1742511012.298073
3,382.997,1742511012.298073
4,369.369,1742511012.298073
5,380.049,1742511012.298073
6,380.185,1742511012.298073
7,382.267,1742511012.298073
0,373.319,1742511012.3482087
1,370.241,1742511012.3482087
2,376.219,1742511012.3482087
3,382.997,1742511012.3482087
4,370.85,1742511012.3482087
5,380.236,1742511012.3482087
6,380.185,1742511012.3482087
7,382.267,1742511012.3482087
0,373.319,1742511012.3983533
1,370.241,1742511012.3983533
2,375.376,1742511012.3983533
3,382.395,1742511012.3983533
4,370.85,1742511012.3983533
5,380.236,1742511012.3983533
6,379.744,1742511012.3983533
7,383.321,1742511012.3983533
0,372.668,1742511012.4484792
1,368.839,1742511012.4484792
2,375.376,1742511012.4484792
3,382.395,1742511012.4484792
4,372.268,1742511012.4484792
5,381.74,1742511012.4484792
6,379.744,1742511012.4484792
7,383.321,1742511012.4484792
0,372.668,1742511012.4986045
1,368.839,1742511012.4986045
2,375.372,1742511012.4986045
3,381.964,1742511012.4986045
4,372.268,1742511012.4986045
5,381.74,1742511012.4986045
6,378.934,1742511012.4986045
7,381.489,1742511012.4986045
0,372.787,1742511012.5487318
1,369.26,1742511012.5487318
2,375.372,1742511012.5487318
3,381.964,1742511012.5487318
4,373.539,1742511012.5487318
5,382.541,1742511012.5487318
6,378.934,1742511012.5487318
7,381.489,1742511012.5487318
0,372.787,1742511012.5988696
1,369.26,1742511012.5988696
2,374.899,1742511012.5988696
3,382.495,1742511012.5988696
4,373.539,1742511012.5988696
5,382.541,1742511012.5988696
6,378.978,1742511012.5988696
7,382.525,1742511012.5988696
0,374.46,1742511012.6490057
1,370.082,1742511012.6490057
2,374.899,1742511012.6490057
3,382.495,1742511012.6490057
4,374.173,1742511012.6490057
5,383.673,1742511012.6490057
6,378.978,1742511012.6490057
7,382.525,1742511012.6490057
0,374.46,1742511012.6991444
1,370.082,1742511012.6991444
2,374.068,1742511012.6991444
3,381.9,1742511012.6991444
4,374.173,1742511012.6991444
5,383.673,1742511012.6991444
6,379.64,1742511012.6991444
7,381.388,1742511012.6991444
0,375.171,1742511012.7492695
1,371.048,1742511012.7492695
2,374.068,1742511012.7492695
3,381.9,1742511012.7492695
4,373.972,1742511012.7492695
5,383.777,1742511012.7492695
6,379.64,1742511012.7492695
7,381.388,1742511012.7492695
0,375.171,1742511012.7993946
1,371.048,1742511012.7993946
2,371.847,1742511012.7993946
3,380.836,1742511012.7993946
4,373.972,1742511012.7993946
5,383.777,1742511012.7993946
6,378.03,1742511012.7993946
7,383.725,1742511012.7993946
0,373.882,1742511012.8495302
1,371.842,1742511012.8495302
2,371.847,1742511012.8495302
3,380.836,1742511012.8495302
4,372.923,1742511012.8495302
5,383.157,1742511012.8495302
6,378.03,1742511012.8495302
7,383.725,1742511012.8495302
0,373.882,1742511012.8997576
1,371.842,1742511012.8997576
2,371.632,1742511012.8997576
3,379.7,1742511012.8997576
4,372.923,1742511012.8997576
5,383.157,1742511012.8997576
6,375.932,1742511012.8997576
7,384.437,1742511012.8997576
0,375.143,1742511012.9498928
1,373.761,1742511012.9498928
2,371.632,1742511012.9498928
3,379.7,1742511012.9498928
4,372.517,1742511012.9498928
5,383.19,1742511012.9498928
6,375.932,1742511012.9498928
7,384.437,1742511012.9498928
0,375.143,1742511013.000018
1,373.761,1742511013.000018
2,371.662,1742511013.000018
3,379.727,1742511013.000018
4,372.517,1742511013.000018
5,383.19,1742511013.000018
6,373.734,1742511013.000018
7,384.094,1742511013.000018
0,376.123,1742511013.0501533
1,375.03,1742511013.0501533
2,371.662,1742511013.0501533
3,379.727,1742511013.0501533
4,371.879,1742511013.0501533
5,381.836,1742511013.0501533
6,373.734,1742511013.0501533
7,384.094,1742511013.0501533
0,376.123,1742511013.1002889
1,375.03,1742511013.1002889
2,370.701,1742511013.1002889
3,377.199,1742511013.1002889
4,371.879,1742511013.1002889
5,381.836,1742511013.1002889
6,373.513,1742511013.1002889
7,385.846,1742511013.1002889
0,375.0,1742511013.1504247
1,375.983,1742511013.1504247
2,370.701,1742511013.1504247
3,377.199,1742511013.1504247
4,371.321,1742511013.1504247
5,381.836,1742511013.1504247
6,373.513,1742511013.1504247
7,385.846,1742511013.1504247
0,375.0,1742511013.2007737
1,375.983,1742511013.2007737
2,370.816,1742511013.2007737
3,376.148,1742511013.2007737
4,371.321,1742511013.2007737
5,381.989,1742511013.2007737
6,373.385,1742511013.2007737
7,386.635,1742511013.2007737
0,375.849,1742511013.2509098
1,376.545,1742511013.2509098
2,370.816,1742511013.2509098
3,376.148,1742511013.2509098
4,370.492,1742511013.2509098
5,381.989,1742511013.2509098
6,373.385,1742511013.2509098
7,386.635,1742511013.2509098
0,375.849,1742511013.3010345
1,376.545,1742511013.3010345
2,371.186,1742511013.3010345
3,375.365,1742511013.3010345
4,370.492,1742511013.3010345
5,380.657,1742511013.3010345
6,372.359,1742511013.3010345
7,387.78,1742511013.3010345
0,379.645,1742511013.35117
1,375.934,1742511013.35117
2,371.186,1742511013.35117
3,375.365,1742511013.35117
4,366.817,1742511013.35117
5,380.657,1742511013.35117
6,372.359,1742511013.35117
7,387.78,1742511013.35117
0,379.645,1742511013.4012947
1,375.934,1742511013.4012947
2,372.221,1742511013.4012947
3,374.479,1742511013.4012947
4,366.817,1742511013.4012947
5,380.676,1742511013.4012947
6,371.603,1742511013.4012947
7,386.872,1742511013.4012947
0,380.677,1742511013.4514515
1,375.86,1742511013.4514515
2,372.221,1742511013.4514515
3,374.479,1742511013.4514515
4,367.013,1742511013.4514515
5,380.676,1742511013.4514515
6,371.603,1742511013.4514515
7,386.872,1742511013.4514515
0,380.677,1742511013.501576
1,375.86,1742511013.501576
2,373.107,1742511013.501576
3,373.968,1742511013.501576
4,367.013,1742511013.501576
5,379.298,1742511013.501576
6,371.277,1742511013.501576
7,387.499,1742511013.501576
0,379.135,1742511013.5517013
1,374.364,1742511013.5517013
2,373.107,1742511013.5517013
3,373.968,1742511013.5517013
4,363.676,1742511013.5517013
5,378.177,1742511013.5517013
6,371.277,1742511013.5517013
7,387.499,1742511013.5517013
0,379.135,1742511013.6018255
1,374.364,1742511013.6018255
2,374.879,1742511013.6018255
3,372.869,1742511013.6018255
4,363.676,1742511013.6018255
5,378.177,1742511013.6018255
6,371.348,1742511013.6018255
7,387.536,1742511013.6018255
0,377.57,1742511013.6519725
1,373.82,1742511013.6519725
2,374.879,1742511013.6519725
3,372.869,1742511013.6519725
4,364.488,1742511013.6519725
5,378.177,1742511013.6519725
6,371.348,1742511013.6519725
7,387.536,1742511013.6519725
0,377.57,1742511013.7020962
1,373.82,1742511013.7020962
2,374.939,1742511013.7020962
3,375.527,1742511013.7020962
4,364.488,1742511013.7020962
5,378.039,1742511013.7020962
6,372.633,1742511013.7020962
7,387.642,1742511013.7020962
0,378.247,1742511013.7522311
1,373.173,1742511013.7522311
2,374.939,1742511013.7522311
3,375.527,1742511013.7522311
4,364.025,1742511013.7522311
5,378.039,1742511013.7522311
6,372.633,1742511013.7522311
7,387.642,1742511013.7522311
0,378.247,1742511013.8023562
1,373.173,1742511013.8023562
2,375.843,1742511013.8023562
3,378.107,1742511013.8023562
4,364.025,1742511013.8023562
5,379.442,1742511013.8023562
6,373.419,1742511013.8023562
7,387.934,1742511013.8023562
0,380.173,1742511013.852483
1,372.536,1742511013.852483
2,375.843,1742511013.852483
3,378.107,1742511013.852483
4,366.737,1742511013.852483
5,379.442,1742511013.852483
6,373.419,1742511013.852483
7,387.934,1742511013.852483
0,380.173,1742511013.9026074
1,372.536,1742511013.9026074
2,375.797,1742511013.9026074
3,379.773,1742511013.9026074
4,366.737,1742511013.9026074
5,381.191,1742511013.9026074
6,374.084,1742511013.9026074
7,388.289,1742511013.9026074
0,379.975,1742511013.952733
1,371.943,1742511013.952733
2,375.797,1742511013.952733
3,379.773,1742511013.952733
4,366.941,1742511013.952733
5,381.191,1742511013.952733
6,374.084,1742511013.952733
7,388.289,1742511013.952733
0,379.975,1742511014.0028577
1,371.943,1742511014.0028577
2,377.021,1742511014.0028577
3,379.58,1742511014.0028577
4,366.941,1742511014.0028577
5,382.327,1742511014.0028577
6,373.932,1742511014.0028577
7,388.462,1742511014.0028577
0,379.457,1742511014.0531166
1,372.383,1742511014.0531166
2,377.021,1742511014.0531166
3,379.58,1742511014.0531166
4,367.737,1742511014.0531166
5,382.327,1742511014.0531166
6,373.932,1742511014.0531166
7,388.462,1742511014.0531166
0,379.457,1742511014.103241
1,372.383,1742511014.103241
2,376.172,1742511014.103241
3,380.806,1742511014.103241
4,367.737,1742511014.103241
5,385.144,1742511014.103241
6,374.548,1742511014.103241
7,387.859,1742511014.103241
0,379.39,1742511014.1533659
1,372.425,1742511014.1533659
2,376.172,1742511014.1533659
3,380.806,1742511014.1533659
4,367.73,1742511014.1533659
5,385.144,1742511014.1533659
6,374.548,1742511014.1533659
7,387.859,1742511014.1533659
0,379.39,1742511014.2034922
1,372.425,1742511014.2034922
2,376.395,1742511014.2034922
3,382.374,1742511014.2034922
4,367.73,1742511014.2034922
5,385.261,1742511014.2034922
6,374.88,1742511014.2034922
7,388.318,1742511014.2034922
0,379.253,1742511014.2536345
1,373.883,1742511014.2536345
2,376.395,1742511014.2536345
3,382.374,1742511014.2536345
4,367.259,1742511014.2536345
5,385.261,1742511014.2536345
6,374.88,1742511014.2536345
7,388.318,1742511014.2536345
0,379.253,1742511014.3037722
1,373.883,1742511014.3037722
2,376.796,1742511014.3037722
3,383.346,1742511014.3037722
4,367.259,1742511014.3037722
5,386.959,1742511014.3037722
6,376.5,1742511014.3037722
7,390.181,1742511014.3037722
0,380.133,1742511014.3539128
1,375.171,1742511014.3539128
2,376.796,1742511014.3539128
3,383.346,1742511014.3539128
4,366.961,1742511014.3539128
5,386.959,1742511014.3539128
6,376.5,1742511014.3539128
7,390.181,1742511014.3539128
0,380.133,1742511014.4040427
1,375.171,1742511014.4040427
2,375.951,1742511014.4040427
3,383.107,1742511014.4040427
4,366.961,1742511014.4040427
5,388.267,1742511014.4040427
6,377.129,1742511014.4040427
7,390.481,1742511014.4040427
0,380.028,1742511014.4541676
1,375.549,1742511014.4541676
2,375.951,1742511014.4541676
3,383.107,1742511014.4541676
4,368.72,1742511014.4541676
5,388.267,1742511014.4541676
6,377.129,1742511014.4541676
7,390.481,1742511014.4541676
0,380.028,1742511014.5042932
1,375.549,1742511014.5042932
2,377.943,1742511014.5042932
3,383.466,1742511014.5042932
4,368.72,1742511014.5042932
5,388.177,1742511014.5042932
6,374.521,1742511014.5042932
7,391.46,1742511014.5042932
0,379.45,1742511014.5544178
1,375.484,1742511014.5544178
2,377.943,1742511014.5544178
3,383.466,1742511014.5544178
4,368.929,1742511014.5544178
5,388.177,1742511014.5544178
6,374.521,1742511014.5544178
7,391.46,1742511014.5544178
0,379.45,1742511014.604544
1,375.484,1742511014.604544
2,372.677,1742511014.604544
3,383.378,1742511014.604544
4,368.929,1742511014.604544
5,389.069,1742511014.604544
6,374.521,1742511014.604544
7,388.5,1742511014.604544
0,374.097,1742511014.654685
1,364.334,1742511014.654685
2,372.677,1742511014.654685
3,383.378,1742511014.654685
4,360.606,1742511014.654685
5,389.069,1742511014.654685
6,368.844,1742511014.654685
7,388.5,1742511014.654685
0,374.097,1742511014.7048216
1,364.334,1742511014.7048216
2,350.46,1742511014.7048216
3,362.168,1742511014.7048216
4,360.606,1742511014.7048216
5,369.26,1742511014.7048216
6,368.844,1742511014.7048216
7,366.488,1742511014.7048216
0,349.426,1742511014.7549508
1,338.917,1742511014.7549508
2,350.46,1742511014.7549508
3,362.168,1742511014.7549508
4,335.416,1742511014.7549508
5,369.26,1742511014.7549508
6,343.937,1742511014.7549508
7,366.488,1742511014.7549508
0,349.426,1742511014.805089
1,338.917,1742511014.805089
2,324.042,1742511014.805089
3,335.499,1742511014.805089
4,335.416,1742511014.805089
5,341.193,1742511014.805089
6,343.937,1742511014.805089
7,340.142,1742511014.805089
0,323.812,1742511014.8552258
1,313.704,1742511014.8552258
2,324.042,1742511014.8552258
3,335.499,1742511014.8552258
4,310.468,1742511014.8552258
5,341.193,1742511014.8552258
6,318.133,1742511014.8552258
7,340.142,1742511014.8552258
0,323.812,1742511014.905362
1,313.704,1742511014.905362
2,300.358,1742511014.905362
3,309.215,1742511014.905362
4,310.468,1742511014.905362
5,314.02,1742511014.905362
6,318.133,1742511014.905362
7,311.866,1742511014.905362
0,299.223,1742511014.9554994
1,287.551,1742511014.9554994
2,300.358,1742511014.9554994
3,309.215,1742511014.9554994
4,285.372,1742511014.9554994
5,314.02,1742511014.9554994
6,293.002,1742511014.9554994
7,311.866,1742511014.9554994
0,299.223,1742511015.0056252
1,287.551,1742511015.0056252
2,274.835,1742511015.0056252
3,283.82,1742511015.0056252
4,285.372,1742511015.0056252
5,289.638,1742511015.0056252
6,293.002,1742511015.0056252
7,285.469,1742511015.0056252
0,274.644,1742511015.0557675
1,261.53,1742511015.0557675
2,274.835,1742511015.0557675
3,283.82,1742511015.0557675
4,260.796,1742511015.0557675
5,289.638,1742511015.0557675
6,267.69,1742511015.0557675
7,285.469,1742511015.0557675
0,274.644,1742511015.1058948
1,261.53,1742511015.1058948
2,251.935,1742511015.1058948
3,258.527,1742511015.1058948
4,260.796,1742511015.1058948
5,259.294,1742511015.1058948
6,267.69,1742511015.1058948
7,258.778,1742511015.1058948
0,249.657,1742511015.15603
1,235.143,1742511015.15603
2,251.935,1742511015.15603
3,258.527,1742511015.15603
4,236.859,1742511015.15603
5,259.294,1742511015.15603
6,243.613,1742511015.15603
7,258.778,1742511015.15603
0,249.657,1742511015.206164
1,235.143,1742511015.206164
2,225.197,1742511015.206164
3,227.864,1742511015.206164
4,236.859,1742511015.206164
5,232.888,1742511015.206164
6,243.613,1742511015.206164
7,236.918,1742511015.206164
0,224.493,1742511015.2562997
1,208.826,1742511015.2562997
2,225.197,1742511015.2562997
3,227.864,1742511015.2562997
4,213.543,1742511015.2562997
5,232.888,1742511015.2562997
6,218.748,1742511015.2562997
7,236.918,1742511015.2562997
0,224.493,1742511015.306437
1,208.826,1742511015.306437
2,202.621,1742511015.306437
3,206.53,1742511015.306437
4,213.543,1742511015.306437
5,206.193,1742511015.306437
6,218.748,1742511015.306437
7,210.292,1742511015.306437
0,195.338,1742511015.3565614
1,186.736,1742511015.3565614
2,202.621,1742511015.3565614
3,206.53,1742511015.3565614
4,186.108,1742511015.3565614
5,206.193,1742511015.3565614
6,193.902,1742511015.3565614
7,210.292,1742511015.3565614
0,195.338,1742511015.4066885
1,186.736,1742511015.4066885
2,174.204,1742511015.4066885
3,181.245,1742511015.4066885
4,186.108,1742511015.4066885
5,179.677,1742511015.4066885
6,193.902,1742511015.4066885
7,183.567,1742511015.4066885
0,172.314,1742511015.4568295
1,157.383,1742511015.4568295
2,174.204,1742511015.4568295
3,181.245,1742511015.4568295
4,161.155,1742511015.4568295
5,179.677,1742511015.4568295
6,168.632,1742511015.4568295
7,183.567,1742511015.4568295
0,172.314,1742511015.5069685
1,157.383,1742511015.5069685
2,174.204,1742511015.5069685
3,145.489,1742511015.5069685
4,161.155,1742511015.5069685
5,160.034,1742511015.5069685
6,168.632,1742511015.5069685
7,153.198,1742511015.5069685
0,146.55,1742511015.557097
1,157.383,1742511015.557097
2,147.989,1742511015.557097
3,145.489,1742511015.557097
4,140.101,1742511015.557097
5,160.034,1742511015.557097
6,143.741,1742511015.557097
7,153.198,1742511015.557097
0,146.55,1742511015.6072369
1,121.064,1742511015.6072369
2,147.989,1742511015.6072369
3,121.538,1742511015.6072369
4,140.101,1742511015.6072369
5,134.874,1742511015.6072369
6,143.741,1742511015.6072369
7,133.054,1742511015.6072369
0,123.459,1742511015.657376
1,121.064,1742511015.657376
2,123.834,1742511015.657376
3,121.538,1742511015.657376
4,120.035,1742511015.657376
5,134.874,1742511015.657376
6,119.529,1742511015.657376
7,133.054,1742511015.657376
0,123.459,1742511015.7075133
1,118.74,1742511015.7075133
2,123.834,1742511015.7075133
3,119.973,1742511015.7075133
4,120.035,1742511015.7075133
5,122.518,1742511015.7075133
6,119.529,1742511015.7075133
7,125.671,1742511015.7075133
0,122.379,1742511015.7576523
1,118.74,1742511015.7576523
2,123.252,1742511015.7576523
3,119.973,1742511015.7576523
4,119.311,1742511015.7576523
5,122.518,1742511015.7576523
6,118.927,1742511015.7576523
7,125.671,1742511015.7576523
0,122.379,1742511015.8077726
1,118.676,1742511015.8077726
2,123.252,1742511015.8077726
3,119.904,1742511015.8077726
4,119.311,1742511015.8077726
5,122.371,1742511015.8077726
6,118.927,1742511015.8077726
7,125.576,1742511015.8077726
0,122.236,1742511015.8579128
1,118.676,1742511015.8579128
2,123.015,1742511015.8579128
3,119.904,1742511015.8579128
4,119.158,1742511015.8579128
5,122.371,1742511015.8579128
6,118.79,1742511015.8579128
7,125.576,1742511015.8579128
0,122.236,1742511015.9080505
1,118.409,1742511015.9080505
2,123.015,1742511015.9080505
3,119.883,1742511015.9080505
4,119.158,1742511015.9080505
5,122.252,1742511015.9080505
6,118.79,1742511015.9080505
7,125.481,1742511015.9080505
0,122.213,1742511015.9581773
1,118.409,1742511015.9581773
2,122.864,1742511015.9581773
3,119.883,1742511015.9581773
4,119.075,1742511015.9581773
5,122.252,1742511015.9581773
6,118.724,1742511015.9581773
7,125.481,1742511015.9581773
0,122.213,1742511016.0083034
1,118.436,1742511016.0083034
2,122.733,1742511016.0083034
3,119.89,1742511016.0083034
4,119.075,1742511016.0083034
5,122.167,1742511016.0083034
6,118.724,1742511016.0083034
7,125.387,1742511016.0083034
0,122.137,1742511016.0584428
1,118.436,1742511016.0584428
2,122.733,1742511016.0584428
3,119.89,1742511016.0584428
4,119.007,1742511016.0584428
5,122.167,1742511016.0584428
6,118.668,1742511016.0584428
7,125.387,1742511016.0584428
0,122.137,1742511016.1085804
1,118.189,1742511016.1085804
2,122.639,1742511016.1085804
3,119.891,1742511016.1085804
4,119.007,1742511016.1085804
5,122.103,1742511016.1085804
6,118.668,1742511016.1085804
7,125.328,1742511016.1085804
0,122.109,1742511016.1587174
1,118.189,1742511016.1587174
2,122.639,1742511016.1587174
3,119.891,1742511016.1587174
4,118.952,1742511016.1587174
5,122.103,1742511016.1587174
6,118.619,1742511016.1587174
7,125.328,1742511016.1587174
0,122.109,1742511016.208854
1,118.173,1742511016.208854
2,122.538,1742511016.208854
3,119.896,1742511016.208854
4,118.952,1742511016.208854
5,122.032,1742511016.208854
6,118.619,1742511016.208854
7,125.268,1742511016.208854
0,122.073,1742511016.2589934
1,118.173,1742511016.2589934
2,122.538,1742511016.2589934
3,119.896,1742511016.2589934
4,118.914,1742511016.2589934
5,122.032,1742511016.2589934
6,118.535,1742511016.2589934
7,125.268,1742511016.2589934
0,122.073,1742511016.3091307
1,118.029,1742511016.3091307
2,122.475,1742511016.3091307
3,119.835,1742511016.3091307
4,118.914,1742511016.3091307
5,121.98,1742511016.3091307
6,118.535,1742511016.3091307
7,125.198,1742511016.3091307
0,122.02,1742511016.3592682
1,118.029,1742511016.3592682
2,122.475,1742511016.3592682
3,119.835,1742511016.3592682
4,118.874,1742511016.3592682
5,121.98,1742511016.3592682
6,118.482,1742511016.3592682
7,125.198,1742511016.3592682
0,122.02,1742511016.4093952
1,117.908,1742511016.4093952
2,122.442,1742511016.4093952
3,119.778,1742511016.4093952
4,118.874,1742511016.4093952
5,121.932,1742511016.4093952
6,118.482,1742511016.4093952
7,125.13,1742511016.4093952
0,121.996,1742511016.4595351
1,117.908,1742511016.4595351
2,122.442,1742511016.4595351
3,119.778,1742511016.4595351
4,118.834,1742511016.4595351
5,121.932,1742511016.4595351
6,118.429,1742511016.4595351
7,125.13,1742511016.4595351
0,121.996,1742511016.5096645
1,117.879,1742511016.5096645
2,122.442,1742511016.5096645
3,119.759,1742511016.5096645
4,118.834,1742511016.5096645
5,121.912,1742511016.5096645
6,118.429,1742511016.5096645
7,125.069,1742511016.5096645
0,121.964,1742511016.559802
1,117.879,1742511016.559802
2,122.376,1742511016.559802
3,119.759,1742511016.559802
4,118.788,1742511016.559802
5,121.912,1742511016.559802
6,118.416,1742511016.559802
7,125.069,1742511016.559802
0,121.964,1742511016.6099365
1,117.775,1742511016.6099365
2,122.376,1742511016.6099365
3,119.745,1742511016.6099365
4,118.788,1742511016.6099365
5,121.866,1742511016.6099365
6,118.416,1742511016.6099365
7,125.019,1742511016.6099365
0,121.918,1742511016.66006
1,117.775,1742511016.66006
2,122.339,1742511016.66006
3,119.745,1742511016.66006
4,118.733,1742511016.66006
5,121.866,1742511016.66006
6,118.399,1742511016.66006
7,125.019,1742511016.66006
0,121.918,1742511016.7101927
1,117.861,1742511016.7101927
2,122.339,1742511016.7101927
3,119.712,1742511016.7101927
4,118.733,1742511016.7101927
5,121.818,1742511016.7101927
6,118.399,1742511016.7101927
7,124.972,1742511016.7101927
0,121.898,1742511016.7603316
1,117.861,1742511016.7603316
2,122.297,1742511016.7603316
3,119.712,1742511016.7603316
4,118.7,1742511016.7603316
5,121.818,1742511016.7603316
6,118.377,1742511016.7603316
7,124.972,1742511016.7603316
0,121.898,1742511016.8104687
1,117.711,1742511016.8104687
2,122.297,1742511016.8104687
3,119.671,1742511016.8104687
4,118.7,1742511016.8104687
5,121.811,1742511016.8104687
6,118.377,1742511016.8104687
7,124.934,1742511016.8104687
0,121.869,1742511016.8606088
1,117.711,1742511016.8606088
2,122.284,1742511016.8606088
3,119.671,1742511016.8606088
4,118.687,1742511016.8606088
5,121.811,1742511016.8606088
6,118.361,1742511016.8606088
7,124.934,1742511016.8606088
0,121.869,1742511016.9107435
1,117.828,1742511016.9107435
2,122.284,1742511016.9107435
3,119.643,1742511016.9107435
4,118.687,1742511016.9107435
5,121.768,1742511016.9107435
6,118.361,1742511016.9107435
7,124.909,1742511016.9107435
0,121.884,1742511016.960881
1,117.828,1742511016.960881
2,122.258,1742511016.960881
3,119.643,1742511016.960881
4,118.676,1742511016.960881
5,121.768,1742511016.960881
6,118.298,1742511016.960881
7,124.909,1742511016.960881
0,121.884,1742511017.0110178
1,117.681,1742511017.0110178
2,122.258,1742511017.0110178
3,119.602,1742511017.0110178
4,118.676,1742511017.0110178
5,121.767,1742511017.0110178
6,118.298,1742511017.0110178
7,124.879,1742511017.0110178
0,121.804,1742511017.061156
1,117.681,1742511017.061156
2,122.231,1742511017.061156
3,119.602,1742511017.061156
4,118.655,1742511017.061156
5,121.767,1742511017.061156
6,118.265,1742511017.061156
7,124.879,1742511017.061156
0,121.804,1742511017.1112823
1,117.762,1742511017.1112823
2,122.231,1742511017.1112823
3,119.582,1742511017.1112823
4,118.655,1742511017.1112823
5,121.715,1742511017.1112823
6,118.265,1742511017.1112823
7,124.84,1742511017.1112823
0,121.747,1742511017.1614203
1,117.762,1742511017.1614203
2,122.205,1742511017.1614203
3,119.582,1742511017.1614203
4,118.628,1742511017.1614203
5,121.715,1742511017.1614203
6,118.239,1742511017.1614203
7,124.84,1742511017.1614203
0,121.747,1742511017.2115512
1,117.715,1742511017.2115512
2,122.205,1742511017.2115512
3,119.557,1742511017.2115512
4,118.628,1742511017.2115512
5,121.716,1742511017.2115512
6,118.239,1742511017.2115512
7,124.805,1742511017.2115512
0,121.66,1742511017.2617044
1,117.715,1742511017.2617044
2,122.186,1742511017.2617044
3,119.557,1742511017.2617044
4,118.588,1742511017.2617044
5,121.716,1742511017.2617044
6,118.233,1742511017.2617044
7,124.805,1742511017.2617044
0,121.66,1742511017.3118274
1,117.702,1742511017.3118274
2,122.186,1742511017.3118274
3,119.575,1742511017.3118274
4,118.588,1742511017.3118274
5,121.653,1742511017.3118274
6,118.233,1742511017.3118274
7,124.743,1742511017.3118274
0,121.592,1742511017.361966
1,117.702,1742511017.361966
2,122.166,1742511017.361966
3,119.575,1742511017.361966
4,118.547,1742511017.361966
5,121.653,1742511017.361966
6,118.232,1742511017.361966
7,124.743,1742511017.361966
0,121.592,1742511017.4121065
1,117.715,1742511017.4121065
2,122.166,1742511017.4121065
3,119.557,1742511017.4121065
4,118.547,1742511017.4121065
5,121.663,1742511017.4121065
6,118.232,1742511017.4121065
7,124.728,1742511017.4121065
0,121.528,1742511017.4622436
1,117.715,1742511017.4622436
2,122.14,1742511017.4622436
3,119.557,1742511017.4622436
4,118.527,1742511017.4622436
5,121.663,1742511017.4622436
6,118.198,1742511017.4622436
7,124.728,1742511017.4622436
0,121.528,1742511017.512422
1,117.629,1742511017.512422
2,122.14,1742511017.512422
3,119.53,1742511017.512422
4,118.527,1742511017.512422
5,121.602,1742511017.512422
6,118.198,1742511017.512422
7,124.715,1742511017.512422
0,121.473,1742511017.562548
1,117.629,1742511017.562548
2,122.133,1742511017.562548
3,119.53,1742511017.562548
4,118.525,1742511017.562548
5,121.602,1742511017.562548
6,118.185,1742511017.562548
7,124.715,1742511017.562548
0,121.473,1742511017.612673
1,117.73,1742511017.612673
2,122.133,1742511017.612673
3,119.492,1742511017.612673
4,118.525,1742511017.612673
5,121.633,1742511017.612673
6,118.185,1742511017.612673
7,124.694,1742511017.612673
0,121.427,1742511017.6627984
1,117.73,1742511017.6627984
2,122.101,1742511017.6627984
3,119.492,1742511017.6627984
4,118.52,1742511017.6627984
5,121.633,1742511017.6627984
6,118.146,1742511017.6627984
7,124.694,1742511017.6627984
0,121.427,1742511017.712939
1,117.556,1742511017.712939
2,122.101,1742511017.712939
3,119.475,1742511017.712939
4,118.52,1742511017.712939
5,121.587,1742511017.712939
6,118.146,1742511017.712939
7,124.667,1742511017.712939
0,121.362,1742511017.7630754
1,117.556,1742511017.7630754
2,122.081,1742511017.7630754
3,119.475,1742511017.7630754
4,118.523,1742511017.7630754
5,121.587,1742511017.7630754
6,118.14,1742511017.7630754
7,124.667,1742511017.7630754
0,121.362,1742511017.8132114
1,117.677,1742511017.8132114
2,122.081,1742511017.8132114
3,119.461,1742511017.8132114
4,118.523,1742511017.8132114
5,121.58,1742511017.8132114
6,118.14,1742511017.8132114
7,124.667,1742511017.8132114
0,121.336,1742511017.8633482
1,117.677,1742511017.8633482
2,122.062,1742511017.8633482
3,119.461,1742511017.8633482
4,118.493,1742511017.8633482
5,121.58,1742511017.8633482
6,118.14,1742511017.8633482
7,124.667,1742511017.8633482
0,121.336,1742511017.9134748
1,117.523,1742511017.9134748
2,122.062,1742511017.9134748
3,119.434,1742511017.9134748
4,118.493,1742511017.9134748
5,121.546,1742511017.9134748
6,118.14,1742511017.9134748
7,124.648,1742511017.9134748
0,121.236,1742511017.9636517
1,117.523,1742511017.9636517
2,122.023,1742511017.9636517
3,119.434,1742511017.9636517
4,118.474,1742511017.9636517
5,121.546,1742511017.9636517
6,118.139,1742511017.9636517
7,124.648,1742511017.9636517
0,121.236,1742511018.0137863
1,117.63,1742511018.0137863
2,122.023,1742511018.0137863
3,119.45,1742511018.0137863
4,118.474,1742511018.0137863
5,121.533,1742511018.0137863
6,118.139,1742511018.0137863
7,124.634,1742511018.0137863
0,121.215,1742511018.0639105
1,117.63,1742511018.0639105
2,122.001,1742511018.0639105
3,119.45,1742511018.0639105
4,118.435,1742511018.0639105
5,121.533,1742511018.0639105
6,118.117,1742511018.0639105
7,124.634,1742511018.0639105
0,121.215,1742511018.1140366
1,117.523,1742511018.1140366
2,122.001,1742511018.1140366
3,119.433,1742511018.1140366
4,118.435,1742511018.1140366
5,121.503,1742511018.1140366
6,118.117,1742511018.1140366
7,124.607,1742511018.1140366
0,121.191,1742511018.1641774
1,117.523,1742511018.1641774
2,121.978,1742511018.1641774
3,119.433,1742511018.1641774
4,118.427,1742511018.1641774
5,121.503,1742511018.1641774
6,118.095,1742511018.1641774
7,124.607,1742511018.1641774
0,121.191,1742511018.214314
1,117.576,1742511018.214314
2,121.978,1742511018.214314
3,119.385,1742511018.214314
4,118.427,1742511018.214314
5,121.505,1742511018.214314
6,118.095,1742511018.214314
7,124.588,1742511018.214314
0,121.187,1742511018.2644498
1,117.576,1742511018.2644498
2,121.965,1742511018.2644498
3,119.385,1742511018.2644498
4,118.408,1742511018.2644498
5,121.505,1742511018.2644498
6,118.066,1742511018.2644498
7,124.588,1742511018.2644498
0,121.187,1742511018.3145869
1,117.591,1742511018.3145869
2,121.965,1742511018.3145869
3,119.37,1742511018.3145869
4,118.408,1742511018.3145869
5,121.504,1742511018.3145869
6,118.066,1742511018.3145869
7,124.594,1742511018.3145869
0,121.175,1742511018.364724
1,117.591,1742511018.364724
2,121.939,1742511018.364724
3,119.37,1742511018.364724
4,118.389,1742511018.364724
5,121.504,1742511018.364724
6,118.047,1742511018.364724
7,124.594,1742511018.364724
0,121.175,1742511018.4148643
1,117.538,1742511018.4148643
2,121.939,1742511018.4148643
3,119.343,1742511018.4148643
4,118.389,1742511018.4148643
5,121.478,1742511018.4148643
6,118.047,1742511018.4148643
7,124.589,1742511018.4148643
0,121.145,1742511018.4650018
1,117.538,1742511018.4650018
2,121.933,1742511018.4650018
3,119.343,1742511018.4650018
4,118.37,1742511018.4650018
5,121.478,1742511018.4650018
6,118.027,1742511018.4650018
7,124.589,1742511018.4650018
0,121.145,1742511018.5151398
1,117.591,1742511018.5151398
2,121.933,1742511018.5151398
3,119.32,1742511018.5151398
4,118.37,1742511018.5151398
5,121.486,1742511018.5151398
6,118.027,1742511018.5151398
7,124.579,1742511018.5151398
0,121.111,1742511018.5652661
1,117.591,1742511018.5652661
2,121.915,1742511018.5652661
3,119.32,1742511018.5652661
4,118.363,1742511018.5652661
5,121.486,1742511018.5652661
6,118.019,1742511018.5652661
7,124.579,1742511018.5652661
0,121.111,1742511018.6154063
1,117.458,1742511018.6154063
2,121.915,1742511018.6154063
3,119.328,1742511018.6154063
4,118.363,1742511018.6154063
5,121.459,1742511018.6154063
6,118.019,1742511018.6154063
7,124.558,1742511018.6154063
0,121.087,1742511018.6655428
1,117.458,1742511018.6655428
2,121.895,1742511018.6655428
3,119.328,1742511018.6655428
4,118.303,1742511018.6655428
5,121.459,1742511018.6655428
6,118.021,1742511018.6655428
7,124.558,1742511018.6655428
0,121.087,1742511018.7156796
1,117.595,1742511018.7156796
2,121.895,1742511018.7156796
3,119.315,1742511018.7156796
4,118.303,1742511018.7156796
5,121.459,1742511018.7156796
6,118.021,1742511018.7156796
7,124.544,1742511018.7156796
0,121.052,1742511018.7658067
1,117.595,1742511018.7658067
2,121.896,1742511018.7658067
3,119.315,1742511018.7658067
4,118.269,1742511018.7658067
5,121.459,1742511018.7658067
6,117.985,1742511018.7658067
7,124.544,1742511018.7658067
0,121.052,1742511018.8159316
1,117.439,1742511018.8159316
2,121.896,1742511018.8159316
3,119.309,1742511018.8159316
4,118.269,1742511018.8159316
5,121.419,1742511018.8159316
6,117.985,1742511018.8159316
7,124.527,1742511018.8159316
0,121.024,1742511018.8660557
1,117.439,1742511018.8660557
2,121.882,1742511018.8660557
3,119.309,1742511018.8660557
4,118.26,1742511018.8660557
5,121.419,1742511018.8660557
6,117.963,1742511018.8660557
7,124.527,1742511018.8660557
0,121.024,1742511018.9161818
1,117.56,1742511018.9161818
2,121.882,1742511018.9161818
3,119.307,1742511018.9161818
4,118.26,1742511018.9161818
5,121.424,1742511018.9161818
6,117.963,1742511018.9161818
7,124.516,1742511018.9161818
0,121.015,1742511018.966318
1,117.56,1742511018.966318
2,121.869,1742511018.966318
3,119.307,1742511018.966318
4,118.25,1742511018.966318
5,121.424,1742511018.966318
6,117.956,1742511018.966318
7,124.516,1742511018.966318
0,121.015,1742511019.016458
1,117.426,1742511019.016458
2,121.869,1742511019.016458
3,119.28,1742511019.016458
4,118.25,1742511019.016458
5,121.397,1742511019.016458
6,117.956,1742511019.016458
7,124.495,1742511019.016458
0,121.004,1742511019.0665956
1,117.426,1742511019.0665956
2,121.849,1742511019.0665956
3,119.28,1742511019.0665956
4,118.24,1742511019.0665956
5,121.397,1742511019.0665956
6,117.93,1742511019.0665956
7,124.495,1742511019.0665956
0,121.004,1742511019.1167138
1,117.515,1742511019.1167138
2,121.849,1742511019.1167138
3,119.259,1742511019.1167138
4,118.24,1742511019.1167138
5,121.409,1742511019.1167138
6,117.93,1742511019.1167138
7,124.507,1742511019.1167138
0,120.991,1742511019.166854
1,117.515,1742511019.166854
2,121.83,1742511019.166854
3,119.259,1742511019.166854
4,118.226,1742511019.166854
5,121.409,1742511019.166854
6,117.926,1742511019.166854
7,124.507,1742511019.166854
0,120.991,1742511019.2169824
1,117.44,1742511019.2169824
2,121.83,1742511019.2169824
3,119.253,1742511019.2169824
4,118.226,1742511019.2169824
5,121.362,1742511019.2169824
6,117.926,1742511019.2169824
7,124.475,1742511019.2169824
0,120.991,1742511019.267119
1,117.44,1742511019.267119
2,121.83,1742511019.267119
3,119.253,1742511019.267119
4,118.186,1742511019.267119
5,121.362,1742511019.267119
6,117.912,1742511019.267119
7,124.475,1742511019.267119
0,120.991,1742511019.3172429
1,117.44,1742511019.3172429
2,121.83,1742511019.3172429
3,119.252,1742511019.3172429
4,118.186,1742511019.3172429
5,121.369,1742511019.3172429
6,117.912,1742511019.3172429
7,124.443,1742511019.3172429
0,121.004,1742511019.3673682
1,117.44,1742511019.3673682
2,121.81,1742511019.3673682
3,119.252,1742511019.3673682
4,118.186,1742511019.3673682
5,121.369,1742511019.3673682
6,117.917,1742511019.3673682
7,124.443,1742511019.3673682
0,121.004,1742511019.4174922
1,117.419,1742511019.4174922
2,121.81,1742511019.4174922
3,119.233,1742511019.4174922
4,118.186,1742511019.4174922
5,121.356,1742511019.4174922
6,117.917,1742511019.4174922
7,124.422,1742511019.4174922
0,121.004,1742511019.467629
1,117.419,1742511019.467629
2,121.797,1742511019.467629
3,119.233,1742511019.467629
4,118.171,1742511019.467629
5,121.356,1742511019.467629
6,117.907,1742511019.467629
7,124.422,1742511019.467629
0,121.004,1742511019.5177672
1,117.411,1742511019.5177672
2,121.797,1742511019.5177672
3,119.247,1742511019.5177672
4,118.171,1742511019.5177672
5,121.344,1742511019.5177672
6,117.907,1742511019.5177672
7,124.408,1742511019.5177672
0,121.026,1742511019.5679054
1,117.411,1742511019.5679054
2,121.778,1742511019.5679054
3,119.247,1742511019.5679054
4,118.165,1742511019.5679054
5,121.344,1742511019.5679054
6,117.915,1742511019.5679054
7,124.408,1742511019.5679054
0,121.026,1742511019.6180418
1,117.438,1742511019.6180418
2,121.778,1742511019.6180418
3,119.248,1742511019.6180418
4,118.165,1742511019.6180418
5,121.33,1742511019.6180418
6,117.915,1742511019.6180418
7,124.388,1742511019.6180418
0,121.005,1742511019.6681812
1,117.438,1742511019.6681812
2,121.758,1742511019.6681812
3,119.248,1742511019.6681812
4,118.165,1742511019.6681812
5,121.33,1742511019.6681812
6,117.909,1742511019.6681812
7,124.388,1742511019.6681812
0,121.005,1742511019.7183244
1,117.348,1742511019.7183244
2,121.758,1742511019.7183244
3,119.218,1742511019.7183244
4,118.165,1742511019.7183244
5,121.317,1742511019.7183244
6,117.909,1742511019.7183244
7,124.381,1742511019.7183244
0,121.022,1742511019.7685049
1,117.348,1742511019.7685049
2,121.752,1742511019.7685049
3,119.218,1742511019.7685049
4,118.144,1742511019.7685049
5,121.317,1742511019.7685049
6,117.884,1742511019.7685049
7,124.381,1742511019.7685049
0,121.022,1742511019.8186488
1,117.451,1742511019.8186488
2,121.752,1742511019.8186488
3,119.204,1742511019.8186488
4,118.144,1742511019.8186488
5,121.322,1742511019.8186488
6,117.884,1742511019.8186488
7,124.36,1742511019.8186488
0,121.015,1742511019.8687873
1,117.451,1742511019.8687873
2,121.744,1742511019.8687873
3,119.204,1742511019.8687873
4,118.11,1742511019.8687873
5,121.322,1742511019.8687873
6,117.88,1742511019.8687873
7,124.36,1742511019.8687873
0,121.015,1742511019.9189293
1,117.288,1742511019.9189293
2,121.744,1742511019.9189293
3,119.198,1742511019.9189293
4,118.11,1742511019.9189293
5,121.324,1742511019.9189293
6,117.88,1742511019.9189293
7,124.335,1742511019.9189293
0,121.008,1742511019.9690764
1,117.288,1742511019.9690764
2,121.731,1742511019.9690764
3,119.198,1742511019.9690764
4,118.09,1742511019.9690764
5,121.324,1742511019.9690764
6,117.867,1742511019.9690764
7,124.335,1742511019.9690764
0,121.008,1742511020.0192177
1,117.431,1742511020.0192177
2,121.731,1742511020.0192177
3,119.193,1742511020.0192177
4,118.09,1742511020.0192177
5,121.311,1742511020.0192177
6,117.867,1742511020.0192177
7,124.335,1742511020.0192177
0,121.021,1742511020.0693483
1,117.431,1742511020.0693483
2,121.707,1742511020.0693483
3,119.193,1742511020.0693483
4,118.068,1742511020.0693483
5,121.311,1742511020.0693483
6,117.879,1742511020.0693483
7,124.335,1742511020.0693483
0,121.021,1742511020.1194892
1,117.288,1742511020.1194892
2,121.707,1742511020.1194892
3,119.187,1742511020.1194892
4,118.068,1742511020.1194892
5,121.268,1742511020.1194892
6,117.879,1742511020.1194892
7,124.307,1742511020.1194892
0,121.021,1742511020.1696358
1,117.288,1742511020.1696358
2,121.698,1742511020.1696358
3,119.187,1742511020.1696358
4,118.061,1742511020.1696358
5,121.268,1742511020.1696358
6,117.884,1742511020.1696358
7,124.307,1742511020.1696358
0,121.021,1742511020.2197838
1,117.398,1742511020.2197838
2,121.698,1742511020.2197838
3,119.173,1742511020.2197838
4,118.061,1742511020.2197838
5,121.302,1742511020.2197838
6,117.884,1742511020.2197838
7,124.32,1742511020.2197838
0,121.055,1742511020.269937
1,117.398,1742511020.269937
2,121.687,1742511020.269937
3,119.173,1742511020.269937
4,118.06,1742511020.269937
5,121.302,1742511020.269937
6,117.89,1742511020.269937
7,124.32,1742511020.269937
0,121.055,1742511020.3200872
1,117.289,1742511020.3200872
2,121.687,1742511020.3200872
3,119.176,1742511020.3200872
4,118.06,1742511020.3200872
5,121.282,1742511020.3200872
6,117.89,1742511020.3200872
7,124.335,1742511020.3200872
0,121.025,1742511020.3702273
1,117.289,1742511020.3702273
2,121.668,1742511020.3702273
3,119.176,1742511020.3702273
4,118.06,1742511020.3702273
5,121.282,1742511020.3702273
6,117.893,1742511020.3702273
7,124.335,1742511020.3702273
0,121.025,1742511020.4204075
1,117.33,1742511020.4204075
2,121.668,1742511020.4204075
3,119.152,1742511020.4204075
4,118.06,1742511020.4204075
5,121.28,1742511020.4204075
6,117.893,1742511020.4204075
7,124.328,1742511020.4204075
0,121.048,1742511020.470547
1,117.33,1742511020.470547
2,121.658,1742511020.470547
3,119.152,1742511020.470547
4,118.058,1742511020.470547
5,121.28,1742511020.470547
6,117.867,1742511020.470547
7,124.328,1742511020.470547
0,121.048,1742511020.5207238
1,117.347,1742511020.5207238
2,121.658,1742511020.5207238
3,119.148,1742511020.5207238
4,118.058,1742511020.5207238
5,121.231,1742511020.5207238
6,117.867,1742511020.5207238
7,124.335,1742511020.5207238
0,121.054,1742511020.5708795
1,117.347,1742511020.5708795
2,121.674,1742511020.5708795
3,119.148,1742511020.5708795
4,118.05,1742511020.5708795
5,121.231,1742511020.5708795
6,117.854,1742511020.5708795
7,124.335,1742511020.5708795
0,121.054,1742511020.62102
1,117.241,1742511020.62102
2,121.674,1742511020.62102
3,119.141,1742511020.62102
4,118.05,1742511020.62102
5,121.25,1742511020.62102
6,117.854,1742511020.62102
7,124.312,1742511020.62102
0,121.059,1742511020.671161
1,117.241,1742511020.671161
2,121.652,1742511020.671161
3,119.141,1742511020.671161
4,118.036,1742511020.671161
5,121.25,1742511020.671161
6,117.83,1742511020.671161
7,124.312,1742511020.671161
0,121.059,1742511020.7212908
1,117.331,1742511020.7212908
2,121.652,1742511020.7212908
3,119.137,1742511020.7212908
4,118.036,1742511020.7212908
5,121.23,1742511020.7212908
6,117.83,1742511020.7212908
7,124.274,1742511020.7212908
0,121.048,1742511020.7714028
1,117.331,1742511020.7714028
2,121.622,1742511020.7714028
3,119.137,1742511020.7714028
4,118.022,1742511020.7714028
5,121.23,1742511020.7714028
6,117.842,1742511020.7714028
7,124.274,1742511020.7714028
0,121.048,1742511020.8217819
1,117.208,1742511020.8217819
2,121.622,1742511020.8217819
3,119.132,1742511020.8217819
4,118.022,1742511020.8217819
5,121.235,1742511020.8217819
6,117.842,1742511020.8217819
7,124.266,1742511020.8217819
0,121.053,1742511020.8719547
1,117.208,1742511020.8719547
2,121.603,1742511020.8719547
3,119.132,1742511020.8719547
4,118.028,1742511020.8719547
5,121.235,1742511020.8719547
6,117.826,1742511020.8719547
7,124.266,1742511020.8719547
0,121.053,1742511020.922097
1,117.351,1742511020.922097
2,121.603,1742511020.922097
3,119.132,1742511020.922097
4,118.028,1742511020.922097
5,121.173,1742511020.922097
6,117.826,1742511020.922097
7,124.262,1742511020.922097
0,121.056,1742511020.972275
1,117.351,1742511020.972275
2,121.599,1742511020.972275
3,119.132,1742511020.972275
4,118.025,1742511020.972275
5,121.173,1742511020.972275
6,117.826,1742511020.972275
7,124.262,1742511020.972275
0,121.056,1742511021.022424
1,117.201,1742511021.022424
2,121.599,1742511021.022424
3,119.101,1742511021.022424
4,118.025,1742511021.022424
5,121.18,1742511021.022424
6,117.826,1742511021.022424
7,124.256,1742511021.022424
0,121.058,1742511021.0725708
1,117.201,1742511021.0725708
2,121.609,1742511021.0725708
3,119.101,1742511021.0725708
4,118.047,1742511021.0725708
5,121.18,1742511021.0725708
6,117.814,1742511021.0725708
7,124.256,1742511021.0725708
0,121.058,1742511021.1227016
1,117.323,1742511021.1227016
2,121.609,1742511021.1227016
3,119.078,1742511021.1227016
4,118.047,1742511021.1227016
5,121.153,1742511021.1227016
6,117.814,1742511021.1227016
7,124.263,1742511021.1227016
0,121.073,1742511021.1728442
1,117.323,1742511021.1728442
2,121.609,1742511021.1728442
3,119.078,1742511021.1728442
4,118.066,1742511021.1728442
5,121.153,1742511021.1728442
6,117.782,1742511021.1728442
7,124.263,1742511021.1728442
0,121.073,1742511021.2229714
1,117.193,1742511021.2229714
2,121.609,1742511021.2229714
3,119.067,1742511021.2229714
4,118.066,1742511021.2229714
5,121.16,1742511021.2229714
6,117.782,1742511021.2229714
7,124.243,1742511021.2229714
0,121.076,1742511021.2731113
1,117.193,1742511021.2731113
2,121.618,1742511021.2731113
3,119.067,1742511021.2731113
4,118.074,1742511021.2731113
5,121.16,1742511021.2731113
6,117.753,1742511021.2731113
7,124.243,1742511021.2731113
0,121.076,1742511021.3232534
1,117.253,1742511021.3232534
2,121.618,1742511021.3232534
3,119.045,1742511021.3232534
4,118.074,1742511021.3232534
5,121.14,1742511021.3232534
6,117.753,1742511021.3232534
7,124.209,1742511021.3232534
0,121.073,1742511021.3733926
1,117.253,1742511021.3733926
2,121.618,1742511021.3733926
3,119.045,1742511021.3733926
4,118.053,1742511021.3733926
5,121.14,1742511021.3733926
6,117.737,1742511021.3733926
7,124.209,1742511021.3733926
0,121.073,1742511021.4235306
1,117.246,1742511021.4235306
2,121.618,1742511021.4235306
3,119.054,1742511021.4235306
4,118.053,1742511021.4235306
5,121.155,1742511021.4235306
6,117.737,1742511021.4235306
7,124.174,1742511021.4235306
0,121.059,1742511021.473687
1,117.246,1742511021.473687
2,121.592,1742511021.473687
3,119.054,1742511021.473687
4,118.04,1742511021.473687
5,121.155,1742511021.473687
6,117.739,1742511021.473687
7,124.174,1742511021.473687
0,121.059,1742511021.5238256
1,117.214,1742511021.5238256
2,121.592,1742511021.5238256
3,119.051,1742511021.5238256
4,118.04,1742511021.5238256
5,121.122,1742511021.5238256
6,117.739,1742511021.5238256
7,124.14,1742511021.5238256
0,121.013,1742511021.573999
1,117.214,1742511021.573999
2,121.583,1742511021.573999
3,119.051,1742511021.573999
4,118.045,1742511021.573999
5,121.122,1742511021.573999
6,117.744,1742511021.573999
7,124.14,1742511021.573999
0,121.013,1742511021.6241267
1,117.269,1742511021.6241267
2,121.583,1742511021.6241267
3,119.044,1742511021.6241267
4,118.045,1742511021.6241267
5,121.135,1742511021.6241267
6,117.744,1742511021.6241267
7,124.134,1742511021.6241267
0,121.005,1742511021.674264
1,117.269,1742511021.674264
2,121.572,1742511021.674264
3,119.044,1742511021.674264
4,118.03,1742511021.674264
5,121.135,1742511021.674264
6,117.737,1742511021.674264
7,124.134,1742511021.674264
0,121.005,1742511021.724407
1,117.19,1742511021.724407
2,121.572,1742511021.724407
3,119.017,1742511021.724407
4,118.03,1742511021.724407
5,121.115,1742511021.724407
6,117.737,1742511021.724407
7,124.134,1742511021.724407
0,121.011,1742511021.7745461
1,117.19,1742511021.7745461
2,121.585,1742511021.7745461
3,119.017,1742511021.7745461
4,118.05,1742511021.7745461
5,121.115,1742511021.7745461
6,117.719,1742511021.7745461
7,124.134,1742511021.7745461
0,121.011,1742511021.8246887
1,117.292,1742511021.8246887
2,121.585,1742511021.8246887
3,119.017,1742511021.8246887
4,118.05,1742511021.8246887
5,121.096,1742511021.8246887
6,117.719,1742511021.8246887
7,124.136,1742511021.8246887
0,121.005,1742511021.8748288
1,117.292,1742511021.8748288
2,121.577,1742511021.8748288
3,119.017,1742511021.8748288
4,118.058,1742511021.8748288
5,121.096,1742511021.8748288
6,117.706,1742511021.8748288
7,124.136,1742511021.8748288
0,121.005,1742511021.924967
1,117.157,1742511021.924967
2,121.577,1742511021.924967
3,118.99,1742511021.924967
4,118.058,1742511021.924967
5,121.138,1742511021.924967
6,117.706,1742511021.924967
7,124.14,1742511021.924967
0,120.986,1742511021.9751112
1,117.157,1742511021.9751112
2,121.572,1742511021.9751112
3,118.99,1742511021.9751112
4,118.043,1742511021.9751112
5,121.138,1742511021.9751112
6,117.691,1742511021.9751112
7,124.14,1742511021.9751112
0,120.986,1742511022.0252616
1,117.27,1742511022.0252616
2,121.572,1742511022.0252616
3,118.997,1742511022.0252616
4,118.043,1742511022.0252616
5,121.124,1742511022.0252616
6,117.691,1742511022.0252616
7,124.121,1742511022.0252616
0,120.958,1742511022.075408
1,117.27,1742511022.075408
2,121.538,1742511022.075408
3,118.997,1742511022.075408
4,118.016,1742511022.075408
5,121.124,1742511022.075408
6,117.711,1742511022.075408
7,124.121,1742511022.075408
0,120.958,1742511022.1255517
1,117.157,1742511022.1255517
2,121.538,1742511022.1255517
3,119.003,1742511022.1255517
4,118.016,1742511022.1255517
5,121.132,1742511022.1255517
6,117.711,1742511022.1255517
7,124.088,1742511022.1255517
0,120.958,1742511022.1756918
1,117.157,1742511022.1756918
2,121.518,1742511022.1756918
3,119.003,1742511022.1756918
4,117.992,1742511022.1756918
5,121.132,1742511022.1756918
6,117.71,1742511022.1756918
7,124.088,1742511022.1756918
0,120.958,1742511022.225814
1,117.25,1742511022.225814
2,121.518,1742511022.225814
3,118.997,1742511022.225814
4,117.992,1742511022.225814
5,121.076,1742511022.225814
6,117.71,1742511022.225814
7,124.081,1742511022.225814
0,120.933,1742511022.2759602
1,117.25,1742511022.2759602
2,121.478,1742511022.2759602
3,118.997,1742511022.2759602
4,117.955,1742511022.2759602
5,121.076,1742511022.2759602
6,117.724,1742511022.2759602
7,124.081,1742511022.2759602
0,120.933,1742511022.326102
1,117.217,1742511022.326102
2,121.478,1742511022.326102
3,118.99,1742511022.326102
4,117.955,1742511022.326102
5,121.094,1742511022.326102
6,117.724,1742511022.326102
7,124.074,1742511022.326102
0,120.899,1742511022.376255
1,117.217,1742511022.376255
2,121.457,1742511022.376255
3,118.99,1742511022.376255
4,117.964,1742511022.376255
5,121.094,1742511022.376255
6,117.723,1742511022.376255
7,124.074,1742511022.376255
0,120.899,1742511022.4263985
1,117.211,1742511022.4263985
2,121.457,1742511022.4263985
3,118.977,1742511022.4263985
4,117.964,1742511022.4263985
5,121.07,1742511022.4263985
6,117.723,1742511022.4263985
7,124.067,1742511022.4263985
0,120.879,1742511022.47654
1,117.211,1742511022.47654
2,121.456,1742511022.47654
3,118.977,1742511022.47654
4,117.968,1742511022.47654
5,121.07,1742511022.47654
6,117.71,1742511022.47654
7,124.067,1742511022.47654
0,120.879,1742511022.5266867
1,117.23,1742511022.5266867
2,121.456,1742511022.5266867
3,118.957,1742511022.5266867
4,117.968,1742511022.5266867
5,121.076,1742511022.5266867
6,117.71,1742511022.5266867
7,124.06,1742511022.5266867
0,120.903,1742511022.5768988
1,117.23,1742511022.5768988
2,121.415,1742511022.5768988
3,118.957,1742511022.5768988
4,117.962,1742511022.5768988
5,121.076,1742511022.5768988
6,117.707,1742511022.5768988
7,124.06,1742511022.5768988
0,120.903,1742511022.6270432
1,117.17,1742511022.6270432
2,121.415,1742511022.6270432
3,118.951,1742511022.6270432
4,117.962,1742511022.6270432
5,121.048,1742511022.6270432
6,117.707,1742511022.6270432
7,124.054,1742511022.6270432
0,120.904,1742511022.677186
1,117.17,1742511022.677186
2,121.416,1742511022.677186
3,118.951,1742511022.677186
4,117.952,1742511022.677186
5,121.048,1742511022.677186
6,117.68,1742511022.677186
7,124.054,1742511022.677186
0,120.904,1742511022.7273295
1,117.275,1742511022.7273295
2,121.416,1742511022.7273295
3,118.967,1742511022.7273295
4,117.952,1742511022.7273295
5,121.086,1742511022.7273295
6,117.68,1742511022.7273295
7,124.035,1742511022.7273295
0,120.883,1742511022.7774603
1,117.275,1742511022.7774603
2,121.396,1742511022.7774603
3,118.967,1742511022.7774603
4,117.936,1742511022.7774603
5,121.086,1742511022.7774603
6,117.685,1742511022.7774603
7,124.035,1742511022.7774603
0,120.883,1742511022.82761
1,117.148,1742511022.82761
2,121.396,1742511022.82761
3,118.946,1742511022.82761
4,117.936,1742511022.82761
5,121.054,1742511022.82761
6,117.685,1742511022.82761
7,124.002,1742511022.82761
0,120.883,1742511022.8777542
1,117.148,1742511022.8777542
2,121.362,1742511022.8777542
3,118.946,1742511022.8777542
4,117.936,1742511022.8777542
5,121.054,1742511022.8777542
6,117.698,1742511022.8777542
7,124.002,1742511022.8777542
0,120.895,1742511022.927895
1,117.254,1742511022.927895
2,121.362,1742511022.927895
3,118.94,1742511022.927895
4,117.911,1742511022.927895
5,121.064,1742511022.927895
6,117.698,1742511022.927895
7,124.001,1742511022.927895
0,120.895,1742511022.9779966
1,117.254,1742511022.9779966
2,121.349,1742511022.9779966
3,118.94,1742511022.9779966
4,117.911,1742511022.9779966
5,121.064,1742511022.9779966
6,117.717,1742511022.9779966
7,124.001,1742511022.9779966
0,120.896,1742511023.02809
1,117.135,1742511023.02809
2,121.349,1742511023.02809
3,118.954,1742511023.02809
4,117.897,1742511023.02809
5,121.016,1742511023.02809
6,117.717,1742511023.02809
7,124.007,1742511023.02809
0,120.896,1742511023.0782325
1,117.135,1742511023.0782325
2,121.334,1742511023.0782325
3,118.954,1742511023.0782325
4,117.897,1742511023.0782325
5,121.016,1742511023.0782325
6,117.704,1742511023.0782325
7,124.007,1742511023.0782325
0,120.893,1742511023.1283808
1,117.236,1742511023.1283808
2,121.334,1742511023.1283808
3,118.927,1742511023.1283808
4,117.882,1742511023.1283808
5,121.016,1742511023.1283808
6,117.704,1742511023.1283808
7,123.992,1742511023.1283808
0,120.893,1742511023.1785266
1,117.236,1742511023.1785266
2,121.309,1742511023.1785266
3,118.927,1742511023.1785266
4,117.882,1742511023.1785266
5,121.016,1742511023.1785266
6,117.679,1742511023.1785266
7,123.992,1742511023.1785266
0,120.886,1742511023.2286656
1,117.144,1742511023.2286656
2,121.309,1742511023.2286656
3,118.9,1742511023.2286656
4,117.861,1742511023.2286656
5,121.025,1742511023.2286656
6,117.679,1742511023.2286656
7,124.013,1742511023.2286656
0,120.911,1742511023.2788048
1,117.144,1742511023.2788048
2,121.313,1742511023.2788048
3,118.9,1742511023.2788048
4,117.861,1742511023.2788048
5,121.025,1742511023.2788048
6,117.666,1742511023.2788048
7,124.013,1742511023.2788048
0,120.911,1742511023.328932
1,117.178,1742511023.328932
2,121.313,1742511023.328932
3,118.893,1742511023.328932
4,117.841,1742511023.328932
5,121.031,1742511023.328932
6,117.666,1742511023.328932
7,123.998,1742511023.328932
0,120.883,1742511023.3790781
1,117.178,1742511023.3790781
2,121.326,1742511023.3790781
3,118.893,1742511023.3790781
4,117.841,1742511023.3790781
5,121.031,1742511023.3790781
6,117.639,1742511023.3790781
7,123.998,1742511023.3790781
0,120.883,1742511023.4292169
1,117.091,1742511023.4292169
2,121.326,1742511023.4292169
3,118.893,1742511023.4292169
4,117.807,1742511023.4292169
5,121.017,1742511023.4292169
6,117.639,1742511023.4292169
7,123.999,1742511023.4292169
0,120.883,1742511023.4793565
1,117.091,1742511023.4793565
2,121.313,1742511023.4793565
3,118.893,1742511023.4793565
4,117.807,1742511023.4793565
5,121.017,1742511023.4793565
6,117.649,1742511023.4793565
7,123.999,1742511023.4793565
0,120.89,1742511023.5295026
1,117.147,1742511023.5295026
2,121.313,1742511023.5295026
3,118.887,1742511023.5295026
4,117.807,1742511023.5295026
5,120.989,1742511023.5295026
6,117.649,1742511023.5295026
7,124.015,1742511023.5295026
0,120.89,1742511023.5796294
1,117.147,1742511023.5796294
2,121.311,1742511023.5796294
3,118.887,1742511023.5796294
4,117.807,1742511023.5796294
5,120.989,1742511023.5796294
6,117.641,1742511023.5796294
7,124.015,1742511023.5796294
0,120.885,1742511023.6297696
1,117.099,1742511023.6297696
2,121.311,1742511023.6297696
3,118.893,1742511023.6297696
4,117.788,1742511023.6297696
5,121.002,1742511023.6297696
6,117.641,1742511023.6297696
7,123.989,1742511023.6297696
0,120.903,1742511023.6799068
1,117.099,1742511023.6799068
2,121.285,1742511023.6799068
3,118.893,1742511023.6799068
4,117.788,1742511023.6799068
5,121.002,1742511023.6799068
6,117.651,1742511023.6799068
7,123.989,1742511023.6799068
0,120.903,1742511023.7300591
1,117.079,1742511023.7300591
2,121.285,1742511023.7300591
3,118.886,1742511023.7300591
4,117.796,1742511023.7300591
5,120.969,1742511023.7300591
6,117.651,1742511023.7300591
7,123.98,1742511023.7300591
0,120.91,1742511023.7802002
1,117.079,1742511023.7802002
2,121.287,1742511023.7802002
3,118.886,1742511023.7802002
4,117.796,1742511023.7802002
5,120.969,1742511023.7802002
6,117.634,1742511023.7802002
7,123.98,1742511023.7802002
0,120.91,1742511023.83035
1,117.139,1742511023.83035
2,121.287,1742511023.83035
3,118.881,1742511023.83035
4,117.781,1742511023.83035
5,120.981,1742511023.83035
6,117.634,1742511023.83035
7,123.98,1742511023.83035
0,120.91,1742511023.8804922
1,117.139,1742511023.8804922
2,121.283,1742511023.8804922
3,118.881,1742511023.8804922
4,117.781,1742511023.8804922
5,120.981,1742511023.8804922
6,117.604,1742511023.8804922
7,123.98,1742511023.8804922
0,120.903,1742511023.930633
1,117.024,1742511023.930633
2,121.283,1742511023.930633
3,118.873,1742511023.930633
4,117.78,1742511023.930633
5,120.941,1742511023.930633
6,117.604,1742511023.930633
7,123.953,1742511023.930633
0,120.907,1742511023.98074
1,117.024,1742511023.98074
2,121.272,1742511023.98074
3,118.873,1742511023.98074
4,117.78,1742511023.98074
5,120.941,1742511023.98074
6,117.569,1742511023.98074
7,123.953,1742511023.98074
0,120.907,1742511024.0308547
1,117.132,1742511024.0308547
2,121.272,1742511024.0308547
3,118.873,1742511024.0308547
4,117.78,1742511024.0308547
5,120.968,1742511024.0308547
6,117.569,1742511024.0308547
7,123.945,1742511024.0308547
0,120.869,1742511024.0810044
1,117.132,1742511024.0810044
2,121.255,1742511024.0810044
3,118.859,1742511024.0810044
4,117.78,1742511024.0810044
5,120.968,1742511024.0810044
6,117.55,1742511024.0810044
7,123.945,1742511024.0810044
0,120.869,1742511024.131145
1,116.982,1742511024.131145
2,121.255,1742511024.131145
3,118.859,1742511024.131145
4,117.753,1742511024.131145
5,120.952,1742511024.131145
6,117.55,1742511024.131145
7,123.941,1742511024.131145
0,120.848,1742511024.1812787
1,116.982,1742511024.1812787
2,121.298,1742511024.1812787
3,118.859,1742511024.1812787
4,117.753,1742511024.1812787
5,120.952,1742511024.1812787
6,117.578,1742511024.1812787
7,123.941,1742511024.1812787
0,120.848,1742511024.2314086
1,117.117,1742511024.2314086
2,121.298,1742511024.2314086
3,118.859,1742511024.2314086
4,117.76,1742511024.2314086
5,120.966,1742511024.2314086
6,117.578,1742511024.2314086
7,123.943,1742511024.2314086
0,120.837,1742511024.28155
1,117.117,1742511024.28155
2,121.322,1742511024.28155
3,118.88,1742511024.28155
4,117.76,1742511024.28155
5,120.966,1742511024.28155
6,117.591,1742511024.28155
7,123.943,1742511024.28155
0,120.837,1742511024.3316793
1,116.981,1742511024.3316793
2,121.322,1742511024.3316793
3,118.88,1742511024.3316793
4,117.754,1742511024.3316793
5,120.919,1742511024.3316793
6,117.591,1742511024.3316793
7,123.957,1742511024.3316793
0,120.824,1742511024.3818145
1,116.981,1742511024.3818145
2,121.343,1742511024.3818145
3,118.882,1742511024.3818145
4,117.754,1742511024.3818145
5,120.919,1742511024.3818145
6,117.597,1742511024.3818145
7,123.957,1742511024.3818145
0,120.824,1742511024.4319544
1,117.086,1742511024.4319544
2,121.343,1742511024.4319544
3,118.882,1742511024.4319544
4,117.769,1742511024.4319544
5,120.927,1742511024.4319544
6,117.597,1742511024.4319544
7,123.957,1742511024.4319544
0,120.818,1742511024.4820962
1,117.086,1742511024.4820962
2,121.382,1742511024.4820962
3,118.868,1742511024.4820962
4,117.769,1742511024.4820962
5,120.927,1742511024.4820962
6,117.582,1742511024.4820962
7,123.957,1742511024.4820962
0,120.818,1742511024.5322373
1,117.038,1742511024.5322373
2,121.382,1742511024.5322373
3,118.868,1742511024.5322373
4,117.769,1742511024.5322373
5,120.899,1742511024.5322373
6,117.582,1742511024.5322373
7,123.927,1742511024.5322373
0,120.825,1742511024.5823662
1,117.038,1742511024.5823662
2,121.414,1742511024.5823662
3,118.861,1742511024.5823662
4,117.769,1742511024.5823662
5,120.899,1742511024.5823662
6,117.55,1742511024.5823662
7,123.927,1742511024.5823662
0,120.825,1742511024.6325054
1,117.038,1742511024.6325054
2,121.414,1742511024.6325054
3,118.861,1742511024.6325054
4,117.767,1742511024.6325054
5,120.905,1742511024.6325054
6,117.55,1742511024.6325054
7,123.927,1742511024.6325054
0,120.794,1742511024.6826508
1,117.038,1742511024.6826508
2,121.46,1742511024.6826508
3,118.841,1742511024.6826508
4,117.767,1742511024.6826508
5,120.905,1742511024.6826508
6,117.536,1742511024.6826508
7,123.927,1742511024.6826508
0,120.794,1742511024.7327926
1,117.078,1742511024.7327926
2,121.46,1742511024.7327926
3,118.841,1742511024.7327926
4,117.746,1742511024.7327926
5,120.906,1742511024.7327926
6,117.536,1742511024.7327926
7,123.928,1742511024.7327926
0,120.789,1742511024.7829335
1,117.078,1742511024.7829335
2,121.473,1742511024.7829335
3,118.818,1742511024.7829335
4,117.746,1742511024.7829335
5,120.906,1742511024.7829335
6,117.542,1742511024.7829335
7,123.928,1742511024.7829335
0,120.789,1742511024.833082
1,116.987,1742511024.833082
2,121.473,1742511024.833082
3,118.818,1742511024.833082
4,117.754,1742511024.833082
5,120.913,1742511024.833082
6,117.542,1742511024.833082
7,123.928,1742511024.833082
0,120.773,1742511024.8832283
1,116.987,1742511024.8832283
2,121.465,1742511024.8832283
3,118.811,1742511024.8832283
4,117.754,1742511024.8832283
5,120.913,1742511024.8832283
6,117.55,1742511024.8832283
7,123.907,1742511024.8832283
0,120.773,1742511024.9334052
1,117.078,1742511024.9334052
2,121.465,1742511024.9334052
3,118.811,1742511024.9334052
4,117.741,1742511024.9334052
5,120.9,1742511024.9334052
6,117.55,1742511024.9334052
7,123.907,1742511024.9334052
0,120.736,1742511024.9835265
1,117.078,1742511024.9835265
2,121.466,1742511024.9835265
3,118.804,1742511024.9835265
4,117.741,1742511024.9835265
5,120.9,1742511024.9835265
6,117.569,1742511024.9835265
7,123.913,1742511024.9835265
0,120.736,1742511025.0336452
1,116.941,1742511025.0336452
2,121.466,1742511025.0336452
3,118.804,1742511025.0336452
4,117.734,1742511025.0336452
5,120.908,1742511025.0336452
6,117.569,1742511025.0336452
7,123.913,1742511025.0336452
0,120.755,1742511025.0838027
1,116.941,1742511025.0838027
2,121.488,1742511025.0838027
3,118.797,1742511025.0838027
4,117.734,1742511025.0838027
5,120.908,1742511025.0838027
6,117.57,1742511025.0838027
7,123.894,1742511025.0838027
0,120.755,1742511025.1339567
1,117.08,1742511025.1339567
2,121.488,1742511025.1339567
3,118.797,1742511025.1339567
4,117.748,1742511025.1339567
5,120.916,1742511025.1339567
6,117.57,1742511025.1339567
7,123.894,1742511025.1339567
0,120.756,1742511025.184261
1,117.08,1742511025.184261
2,121.448,1742511025.184261
3,118.787,1742511025.184261
4,117.748,1742511025.184261
5,120.916,1742511025.184261
6,117.556,1742511025.184261
7,123.867,1742511025.184261
0,120.756,1742511025.234422
1,116.935,1742511025.234422
2,121.448,1742511025.234422
3,118.787,1742511025.234422
4,117.748,1742511025.234422
5,120.887,1742511025.234422
6,117.556,1742511025.234422
7,123.867,1742511025.234422
0,120.77,1742511025.2845678
1,116.935,1742511025.2845678
2,121.402,1742511025.2845678
3,118.754,1742511025.2845678
4,117.748,1742511025.2845678
5,120.887,1742511025.2845678
6,117.509,1742511025.2845678
7,123.854,1742511025.2845678
0,120.77,1742511025.334772
1,117.034,1742511025.334772
2,121.402,1742511025.334772
3,118.754,1742511025.334772
4,117.762,1742511025.334772
5,120.915,1742511025.334772
6,117.509,1742511025.334772
7,123.854,1742511025.334772
0,120.748,1742511025.3849292
1,117.034,1742511025.3849292
2,121.353,1742511025.3849292
3,118.756,1742511025.3849292
4,117.762,1742511025.3849292
5,120.915,1742511025.3849292
6,117.48,1742511025.3849292
7,123.854,1742511025.3849292
0,120.748,1742511025.4350734
1,116.915,1742511025.4350734
2,121.353,1742511025.4350734
3,118.756,1742511025.4350734
4,117.754,1742511025.4350734
5,120.879,1742511025.4350734
6,117.48,1742511025.4350734
7,123.854,1742511025.4350734
0,120.735,1742511025.4852016
1,116.915,1742511025.4852016
2,121.319,1742511025.4852016
3,118.756,1742511025.4852016
4,117.754,1742511025.4852016
5,120.879,1742511025.4852016
6,117.501,1742511025.4852016
7,123.833,1742511025.4852016
0,120.735,1742511025.535342
1,116.997,1742511025.535342
2,121.319,1742511025.535342
3,118.756,1742511025.535342
4,117.754,1742511025.535342
5,120.893,1742511025.535342
6,117.501,1742511025.535342
7,123.833,1742511025.535342
0,120.687,1742511025.5854814
1,116.997,1742511025.5854814
2,121.277,1742511025.5854814
3,118.764,1742511025.5854814
4,117.754,1742511025.5854814
5,120.893,1742511025.5854814
6,117.506,1742511025.5854814
7,123.826,1742511025.5854814
0,120.687,1742511025.6356268
1,116.943,1742511025.6356268
2,121.277,1742511025.6356268
3,118.764,1742511025.6356268
4,117.734,1742511025.6356268
5,120.86,1742511025.6356268
6,117.506,1742511025.6356268
7,123.826,1742511025.6356268
0,120.679,1742511025.6857858
1,116.943,1742511025.6857858
2,121.207,1742511025.6857858
3,118.777,1742511025.6857858
4,117.734,1742511025.6857858
5,120.86,1742511025.6857858
6,117.52,1742511025.6857858
7,123.804,1742511025.6857858
0,120.679,1742511025.7359242
1,116.956,1742511025.7359242
2,121.207,1742511025.7359242
3,118.777,1742511025.7359242
4,117.728,1742511025.7359242
5,120.859,1742511025.7359242
6,117.52,1742511025.7359242
7,123.804,1742511025.7359242
0,120.657,1742511025.7860572
1,116.956,1742511025.7860572
2,121.179,1742511025.7860572
3,118.764,1742511025.7860572
4,117.728,1742511025.7860572
5,120.859,1742511025.7860572
6,117.513,1742511025.7860572
7,123.783,1742511025.7860572
0,120.657,1742511025.8361967
1,117.007,1742511025.8361967
2,121.179,1742511025.8361967
3,118.764,1742511025.8361967
4,117.712,1742511025.8361967
5,120.839,1742511025.8361967
6,117.513,1742511025.8361967
7,123.783,1742511025.8361967
0,120.657,1742511025.8863277
1,117.007,1742511025.8863277
2,121.173,1742511025.8863277
3,118.764,1742511025.8863277
4,117.712,1742511025.8863277
5,120.839,1742511025.8863277
6,117.5,1742511025.8863277
7,123.791,1742511025.8863277
0,120.664,1742511025.936467
1,116.902,1742511025.936467
2,121.173,1742511025.936467
3,118.764,1742511025.936467
4,117.711,1742511025.936467
5,120.866,1742511025.936467
6,117.5,1742511025.936467
7,123.791,1742511025.936467
0,120.664,1742511025.9865973
1,116.902,1742511025.9865973
2,121.165,1742511025.9865973
3,118.757,1742511025.9865973
4,117.711,1742511025.9865973
5,120.866,1742511025.9865973
6,117.487,1742511025.9865973
7,123.785,1742511025.9865973
0,120.658,1742511026.036735
1,117.016,1742511026.036735
2,121.165,1742511026.036735
3,118.757,1742511026.036735
4,117.711,1742511026.036735
5,120.831,1742511026.036735
6,117.487,1742511026.036735
7,123.785,1742511026.036735
0,120.646,1742511026.0868704
1,117.016,1742511026.0868704
2,121.159,1742511026.0868704
3,118.744,1742511026.0868704
4,117.711,1742511026.0868704
5,120.831,1742511026.0868704
6,117.458,1742511026.0868704
7,123.799,1742511026.0868704
0,120.646,1742511026.1370106
1,116.868,1742511026.1370106
2,121.159,1742511026.1370106
3,118.744,1742511026.1370106
4,117.703,1742511026.1370106
5,120.851,1742511026.1370106
6,117.458,1742511026.1370106
7,123.799,1742511026.1370106
0,120.621,1742511026.1871548
1,116.868,1742511026.1871548
2,121.143,1742511026.1871548
3,118.757,1742511026.1871548
4,117.703,1742511026.1871548
5,120.851,1742511026.1871548
6,117.479,1742511026.1871548
7,123.786,1742511026.1871548
0,120.621,1742511026.2372863
1,117.009,1742511026.2372863
2,121.143,1742511026.2372863
3,118.757,1742511026.2372863
4,117.709,1742511026.2372863
5,120.83,1742511026.2372863
6,117.479,1742511026.2372863
7,123.786,1742511026.2372863
0,120.578,1742511026.2874327
1,117.009,1742511026.2874327
2,121.137,1742511026.2874327
3,118.75,1742511026.2874327
4,117.709,1742511026.2874327
5,120.83,1742511026.2874327
6,117.485,1742511026.2874327
7,123.772,1742511026.2874327
0,120.578,1742511026.337562
1,116.875,1742511026.337562
2,121.137,1742511026.337562
3,118.75,1742511026.337562
4,117.687,1742511026.337562
5,120.824,1742511026.337562
6,117.485,1742511026.337562
7,123.772,1742511026.337562
0,120.592,1742511026.3877025
1,116.875,1742511026.3877025
2,121.122,1742511026.3877025
3,118.731,1742511026.3877025
4,117.687,1742511026.3877025
5,120.824,1742511026.3877025
6,117.485,1742511026.3877025
7,123.765,1742511026.3877025
0,120.592,1742511026.4378374
1,116.99,1742511026.4378374
2,121.122,1742511026.4378374
3,118.731,1742511026.4378374
4,117.68,1742511026.4378374
5,120.823,1742511026.4378374
6,117.485,1742511026.4378374
7,123.765,1742511026.4378374
0,120.592,1742511026.487974
1,116.99,1742511026.487974
2,121.107,1742511026.487974
3,118.725,1742511026.487974
4,117.68,1742511026.487974
5,120.823,1742511026.487974
6,117.492,1742511026.487974
7,123.745,1742511026.487974
0,120.589,1742511026.5381124
1,116.895,1742511026.5381124
2,121.107,1742511026.5381124
3,118.725,1742511026.5381124
4,117.665,1742511026.5381124
5,120.795,1742511026.5381124
6,117.492,1742511026.5381124
7,123.745,1742511026.5381124
