GPU_ID,Power_Usage_W,Timestamp
0,215.241,1742520091.6364753
1,197.338,1742520091.6364753
2,213.824,1742520091.6364753
3,195.567,1742520091.6364753
4,205.25,1742520091.6364753
5,212.405,1742520091.6364753
6,217.87,1742520091.6364753
7,208.401,1742520091.6364753
0,215.241,1742520091.6865935
1,197.338,1742520091.6865935
2,213.824,1742520091.6865935
3,195.567,1742520091.6865935
4,205.25,1742520091.6865935
5,212.405,1742520091.6865935
6,191.928,1742520091.6865935
7,208.401,1742520091.6865935
0,179.333,1742520091.7367258
1,172.477,1742520091.7367258
2,189.202,1742520091.7367258
3,170.302,1742520091.7367258
4,181.11,1742520091.7367258
5,180.719,1742520091.7367258
6,191.928,1742520091.7367258
7,178.635,1742520091.7367258
0,179.333,1742520091.7868574
1,172.477,1742520091.7868574
2,189.202,1742520091.7868574
3,170.302,1742520091.7868574
4,181.11,1742520091.7868574
5,180.719,1742520091.7868574
6,163.746,1742520091.7868574
7,178.635,1742520091.7868574
0,154.309,1742520091.8369772
1,143.33,1742520091.8369772
2,164.396,1742520091.8369772
3,145.516,1742520091.8369772
4,156.96,1742520091.8369772
5,154.608,1742520091.8369772
6,163.746,1742520091.8369772
7,153.101,1742520091.8369772
0,154.309,1742520091.887108
1,143.33,1742520091.887108
2,164.396,1742520091.887108
3,145.516,1742520091.887108
4,156.96,1742520091.887108
5,154.608,1742520091.887108
6,142.541,1742520091.887108
7,153.101,1742520091.887108
0,128.977,1742520091.9372332
1,119.824,1742520091.9372332
2,139.001,1742520091.9372332
3,121.512,1742520091.9372332
4,132.687,1742520091.9372332
5,135.367,1742520091.9372332
6,142.541,1742520091.9372332
7,127.369,1742520091.9372332
0,128.977,1742520091.987368
1,119.824,1742520091.987368
2,139.001,1742520091.987368
3,121.512,1742520091.987368
4,132.687,1742520091.987368
5,135.367,1742520091.987368
6,119.462,1742520091.987368
7,127.369,1742520091.987368
0,122.809,1742520092.0375047
1,118.221,1742520092.0375047
2,122.826,1742520092.0375047
3,119.428,1742520092.0375047
4,119.121,1742520092.0375047
5,122.305,1742520092.0375047
6,119.462,1742520092.0375047
7,126.639,1742520092.0375047
0,122.809,1742520092.0876317
1,118.221,1742520092.0876317
2,122.826,1742520092.0876317
3,119.428,1742520092.0876317
4,119.121,1742520092.0876317
5,122.305,1742520092.0876317
6,119.134,1742520092.0876317
7,126.639,1742520092.0876317
0,122.766,1742520092.1377673
1,118.138,1742520092.1377673
2,122.624,1742520092.1377673
3,119.394,1742520092.1377673
4,118.946,1742520092.1377673
5,122.104,1742520092.1377673
6,119.134,1742520092.1377673
7,126.532,1742520092.1377673
0,122.766,1742520092.187894
1,118.138,1742520092.187894
2,122.624,1742520092.187894
3,119.394,1742520092.187894
4,118.946,1742520092.187894
5,122.104,1742520092.187894
6,119.028,1742520092.187894
7,126.532,1742520092.187894
0,122.665,1742520092.238027
1,118.089,1742520092.238027
2,122.496,1742520092.238027
3,119.364,1742520092.238027
4,118.84,1742520092.238027
5,121.979,1742520092.238027
6,119.028,1742520092.238027
7,126.496,1742520092.238027
0,122.665,1742520092.2881608
1,118.089,1742520092.2881608
2,122.496,1742520092.2881608
3,119.364,1742520092.2881608
4,118.84,1742520092.2881608
5,121.979,1742520092.2881608
6,118.924,1742520092.2881608
7,126.496,1742520092.2881608
0,122.576,1742520092.3382952
1,117.946,1742520092.3382952
2,122.404,1742520092.3382952
3,119.359,1742520092.3382952
4,118.793,1742520092.3382952
5,121.873,1742520092.3382952
6,118.924,1742520092.3382952
7,126.483,1742520092.3382952
0,122.576,1742520092.388431
1,117.946,1742520092.388431
2,122.404,1742520092.388431
3,119.359,1742520092.388431
4,118.793,1742520092.388431
5,121.873,1742520092.388431
6,118.901,1742520092.388431
7,126.483,1742520092.388431
0,122.518,1742520092.4385638
1,118.001,1742520092.4385638
2,122.343,1742520092.4385638
3,119.394,1742520092.4385638
4,118.733,1742520092.4385638
5,121.835,1742520092.4385638
6,118.901,1742520092.4385638
7,126.495,1742520092.4385638
0,122.518,1742520092.4886856
1,118.001,1742520092.4886856
2,122.343,1742520092.4886856
3,119.394,1742520092.4886856
4,118.733,1742520092.4886856
5,121.835,1742520092.4886856
6,118.862,1742520092.4886856
7,126.495,1742520092.4886856
0,122.468,1742520092.5388184
1,117.843,1742520092.5388184
2,122.288,1742520092.5388184
3,119.419,1742520092.5388184
4,118.686,1742520092.5388184
5,121.769,1742520092.5388184
6,118.862,1742520092.5388184
7,126.48,1742520092.5388184
0,122.468,1742520092.5889525
1,117.843,1742520092.5889525
2,122.288,1742520092.5889525
3,119.419,1742520092.5889525
4,118.686,1742520092.5889525
5,121.769,1742520092.5889525
6,118.827,1742520092.5889525
7,126.48,1742520092.5889525
0,122.448,1742520092.6390874
1,117.91,1742520092.6390874
2,122.219,1742520092.6390874
3,119.418,1742520092.6390874
4,118.63,1742520092.6390874
5,121.705,1742520092.6390874
6,118.827,1742520092.6390874
7,126.419,1742520092.6390874
0,122.448,1742520092.6892376
1,117.91,1742520092.6892376
2,122.219,1742520092.6892376
3,119.418,1742520092.6892376
4,118.63,1742520092.6892376
5,121.705,1742520092.6892376
6,118.781,1742520092.6892376
7,126.419,1742520092.6892376
0,122.424,1742520092.7393694
1,117.781,1742520092.7393694
2,122.154,1742520092.7393694
3,119.364,1742520092.7393694
4,118.588,1742520092.7393694
5,121.651,1742520092.7393694
6,118.781,1742520092.7393694
7,126.364,1742520092.7393694
0,122.424,1742520092.7895038
1,117.781,1742520092.7895038
2,122.154,1742520092.7895038
3,119.364,1742520092.7895038
4,118.588,1742520092.7895038
5,121.651,1742520092.7895038
6,118.713,1742520092.7895038
7,126.364,1742520092.7895038
0,122.396,1742520092.8396366
1,117.816,1742520092.8396366
2,122.114,1742520092.8396366
3,119.336,1742520092.8396366
4,118.537,1742520092.8396366
5,121.597,1742520092.8396366
6,118.713,1742520092.8396366
7,126.286,1742520092.8396366
0,122.396,1742520092.8898196
1,117.816,1742520092.8898196
2,122.114,1742520092.8898196
3,119.336,1742520092.8898196
4,118.537,1742520092.8898196
5,121.597,1742520092.8898196
6,118.673,1742520092.8898196
7,126.286,1742520092.8898196
0,122.356,1742520092.9399524
1,117.762,1742520092.9399524
2,122.061,1742520092.9399524
3,119.295,1742520092.9399524
4,118.499,1742520092.9399524
5,121.564,1742520092.9399524
6,118.673,1742520092.9399524
7,126.243,1742520092.9399524
0,122.356,1742520092.9900866
1,117.762,1742520092.9900866
2,122.061,1742520092.9900866
3,119.295,1742520092.9900866
4,118.499,1742520092.9900866
5,121.564,1742520092.9900866
6,118.651,1742520092.9900866
7,126.243,1742520092.9900866
0,122.323,1742520093.0402226
1,117.719,1742520093.0402226
2,122.035,1742520093.0402226
3,119.268,1742520093.0402226
4,118.47,1742520093.0402226
5,121.557,1742520093.0402226
6,118.651,1742520093.0402226
7,126.217,1742520093.0402226
0,122.323,1742520093.0903108
1,117.719,1742520093.0903108
2,122.035,1742520093.0903108
3,119.268,1742520093.0903108
4,118.47,1742520093.0903108
5,121.557,1742520093.0903108
6,118.647,1742520093.0903108
7,126.217,1742520093.0903108
0,122.273,1742520093.1404295
1,117.742,1742520093.1404295
2,122.018,1742520093.1404295
3,119.261,1742520093.1404295
4,118.437,1742520093.1404295
5,121.544,1742520093.1404295
6,118.647,1742520093.1404295
7,126.191,1742520093.1404295
0,122.273,1742520093.1905596
1,117.742,1742520093.1905596
2,122.018,1742520093.1905596
3,119.261,1742520093.1905596
4,118.437,1742520093.1905596
5,121.544,1742520093.1905596
6,118.62,1742520093.1905596
7,126.191,1742520093.1905596
0,122.241,1742520093.2406802
1,117.644,1742520093.2406802
2,121.986,1742520093.2406802
3,119.254,1742520093.2406802
4,118.41,1742520093.2406802
5,121.502,1742520093.2406802
6,118.62,1742520093.2406802
7,126.173,1742520093.2406802
0,122.241,1742520093.290801
1,117.644,1742520093.290801
2,121.986,1742520093.290801
3,119.254,1742520093.290801
4,118.41,1742520093.290801
5,121.502,1742520093.290801
6,118.593,1742520093.290801
7,126.173,1742520093.290801
0,122.227,1742520093.3409326
1,117.71,1742520093.3409326
2,121.973,1742520093.3409326
3,119.246,1742520093.3409326
4,118.369,1742520093.3409326
5,121.495,1742520093.3409326
6,118.593,1742520093.3409326
7,126.124,1742520093.3409326
0,122.227,1742520093.391067
1,117.71,1742520093.391067
2,121.973,1742520093.391067
3,119.246,1742520093.391067
4,118.369,1742520093.391067
5,121.495,1742520093.391067
6,118.554,1742520093.391067
7,126.124,1742520093.391067
0,122.236,1742520093.4411986
1,117.569,1742520093.4411986
2,121.927,1742520093.4411986
3,119.211,1742520093.4411986
4,118.341,1742520093.4411986
5,121.46,1742520093.4411986
6,118.554,1742520093.4411986
7,126.076,1742520093.4411986
0,122.236,1742520093.4913275
1,117.569,1742520093.4913275
2,121.927,1742520093.4913275
3,119.211,1742520093.4913275
4,118.341,1742520093.4913275
5,121.46,1742520093.4913275
6,118.522,1742520093.4913275
7,126.076,1742520093.4913275
0,122.194,1742520093.5414474
1,117.664,1742520093.5414474
2,121.901,1742520093.5414474
3,119.183,1742520093.5414474
4,118.301,1742520093.5414474
5,121.459,1742520093.5414474
6,118.522,1742520093.5414474
7,126.056,1742520093.5414474
0,122.194,1742520093.5915802
1,117.664,1742520093.5915802
2,121.901,1742520093.5915802
3,119.183,1742520093.5915802
4,118.301,1742520093.5915802
5,121.459,1742520093.5915802
6,118.515,1742520093.5915802
7,126.056,1742520093.5915802
0,122.108,1742520093.6417239
1,117.545,1742520093.6417239
2,121.901,1742520093.6417239
3,119.173,1742520093.6417239
4,118.296,1742520093.6417239
5,121.415,1742520093.6417239
6,118.515,1742520093.6417239
7,125.989,1742520093.6417239
0,122.108,1742520093.6918452
1,117.545,1742520093.6918452
2,121.901,1742520093.6918452
3,119.173,1742520093.6918452
4,118.296,1742520093.6918452
5,121.415,1742520093.6918452
6,118.509,1742520093.6918452
7,125.989,1742520093.6918452
0,122.04,1742520093.7419643
1,117.627,1742520093.7419643
2,121.888,1742520093.7419643
3,119.16,1742520093.7419643
4,118.279,1742520093.7419643
5,121.422,1742520093.7419643
6,118.509,1742520093.7419643
7,125.987,1742520093.7419643
0,122.04,1742520093.7920995
1,117.627,1742520093.7920995
2,121.888,1742520093.7920995
3,119.16,1742520093.7920995
4,118.279,1742520093.7920995
5,121.422,1742520093.7920995
6,118.515,1742520093.7920995
7,125.987,1742520093.7920995
0,121.974,1742520093.842235
1,117.545,1742520093.842235
2,121.876,1742520093.842235
3,119.143,1742520093.842235
4,118.236,1742520093.842235
5,121.395,1742520093.842235
6,118.515,1742520093.842235
7,125.969,1742520093.842235
0,121.974,1742520093.89237
1,117.545,1742520093.89237
2,121.876,1742520093.89237
3,119.143,1742520093.89237
4,118.236,1742520093.89237
5,121.395,1742520093.89237
6,118.521,1742520093.89237
7,125.969,1742520093.89237
0,121.918,1742520093.94249
1,117.566,1742520093.94249
2,121.849,1742520093.94249
3,119.141,1742520093.94249
4,118.228,1742520093.94249
5,121.387,1742520093.94249
6,118.521,1742520093.94249
7,125.952,1742520093.94249
0,121.918,1742520093.9926226
1,117.566,1742520093.9926226
2,121.849,1742520093.9926226
3,119.141,1742520093.9926226
4,118.228,1742520093.9926226
5,121.387,1742520093.9926226
6,118.489,1742520093.9926226
7,125.952,1742520093.9926226
0,121.853,1742520094.0427563
1,117.559,1742520094.0427563
2,121.837,1742520094.0427563
3,119.142,1742520094.0427563
4,118.193,1742520094.0427563
5,121.344,1742520094.0427563
6,118.489,1742520094.0427563
7,125.931,1742520094.0427563
0,121.853,1742520094.092893
1,117.559,1742520094.092893
2,121.837,1742520094.092893
3,119.142,1742520094.092893
4,118.193,1742520094.092893
5,121.344,1742520094.092893
6,118.456,1742520094.092893
7,125.931,1742520094.092893
0,121.81,1742520094.1430268
1,117.498,1742520094.1430268
2,121.804,1742520094.1430268
3,119.121,1742520094.1430268
4,118.18,1742520094.1430268
5,121.331,1742520094.1430268
6,118.456,1742520094.1430268
7,125.897,1742520094.1430268
0,121.81,1742520094.1931627
1,117.498,1742520094.1931627
2,121.804,1742520094.1931627
3,119.121,1742520094.1931627
4,118.18,1742520094.1931627
5,121.331,1742520094.1931627
6,118.445,1742520094.1931627
7,125.897,1742520094.1931627
0,121.748,1742520094.2432978
1,117.585,1742520094.2432978
2,121.778,1742520094.2432978
3,119.118,1742520094.2432978
4,118.145,1742520094.2432978
5,121.305,1742520094.2432978
6,118.445,1742520094.2432978
7,125.875,1742520094.2432978
0,121.748,1742520094.2934334
1,117.585,1742520094.2934334
2,121.778,1742520094.2934334
3,119.118,1742520094.2934334
4,118.145,1742520094.2934334
5,121.305,1742520094.2934334
6,118.456,1742520094.2934334
7,125.875,1742520094.2934334
0,121.683,1742520094.3435655
1,117.47,1742520094.3435655
2,121.744,1742520094.3435655
3,119.107,1742520094.3435655
4,118.139,1742520094.3435655
5,121.338,1742520094.3435655
6,118.456,1742520094.3435655
7,125.864,1742520094.3435655
0,121.683,1742520094.3937244
1,117.47,1742520094.3937244
2,121.744,1742520094.3937244
3,119.107,1742520094.3937244
4,118.139,1742520094.3937244
5,121.338,1742520094.3937244
6,118.451,1742520094.3937244
7,125.864,1742520094.3937244
0,121.597,1742520094.4438603
1,117.594,1742520094.4438603
2,121.738,1742520094.4438603
3,119.107,1742520094.4438603
4,118.119,1742520094.4438603
5,121.284,1742520094.4438603
6,118.451,1742520094.4438603
7,125.842,1742520094.4438603
0,121.597,1742520094.4939973
1,117.594,1742520094.4939973
2,121.738,1742520094.4939973
3,119.085,1742520094.4939973
4,118.119,1742520094.4939973
5,121.284,1742520094.4939973
6,118.438,1742520094.4939973
7,125.842,1742520094.4939973
0,121.577,1742520094.5441296
1,117.449,1742520094.5441296
2,121.711,1742520094.5441296
3,119.085,1742520094.5441296
4,118.087,1742520094.5441296
5,121.293,1742520094.5441296
6,118.438,1742520094.5441296
7,125.837,1742520094.5441296
0,121.577,1742520094.594261
1,117.449,1742520094.594261
2,121.711,1742520094.594261
3,119.088,1742520094.594261
4,118.087,1742520094.594261
5,121.293,1742520094.594261
6,118.406,1742520094.594261
7,125.837,1742520094.594261
0,121.578,1742520094.6443858
1,117.551,1742520094.6443858
2,121.687,1742520094.6443858
3,119.088,1742520094.6443858
4,118.082,1742520094.6443858
5,121.266,1742520094.6443858
6,118.406,1742520094.6443858
7,125.844,1742520094.6443858
0,121.578,1742520094.6945171
1,117.551,1742520094.6945171
2,121.687,1742520094.6945171
3,119.08,1742520094.6945171
4,118.082,1742520094.6945171
5,121.266,1742520094.6945171
6,118.371,1742520094.6945171
7,125.844,1742520094.6945171
0,121.559,1742520094.7446525
1,117.449,1742520094.7446525
2,121.685,1742520094.7446525
3,119.08,1742520094.7446525
4,118.061,1742520094.7446525
5,121.282,1742520094.7446525
6,118.371,1742520094.7446525
7,125.823,1742520094.7446525
0,121.559,1742520094.7947874
1,117.449,1742520094.7947874
2,121.685,1742520094.7947874
3,119.074,1742520094.7947874
4,118.061,1742520094.7947874
5,121.282,1742520094.7947874
6,118.357,1742520094.7947874
7,125.823,1742520094.7947874
0,121.556,1742520094.8449225
1,117.478,1742520094.8449225
2,121.665,1742520094.8449225
3,119.074,1742520094.8449225
4,118.053,1742520094.8449225
5,121.248,1742520094.8449225
6,118.357,1742520094.8449225
7,125.803,1742520094.8449225
0,121.556,1742520094.8950222
1,117.478,1742520094.8950222
2,121.665,1742520094.8950222
3,119.06,1742520094.8950222
4,118.053,1742520094.8950222
5,121.248,1742520094.8950222
6,118.357,1742520094.8950222
7,125.803,1742520094.8950222
0,121.534,1742520094.9451528
1,117.465,1742520094.9451528
2,121.665,1742520094.9451528
3,119.06,1742520094.9451528
4,118.03,1742520094.9451528
5,121.229,1742520094.9451528
6,118.357,1742520094.9451528
7,125.782,1742520094.9451528
0,121.534,1742520094.995286
1,117.465,1742520094.995286
2,121.665,1742520094.995286
3,119.04,1742520094.995286
4,118.03,1742520094.995286
5,121.229,1742520094.995286
6,118.373,1742520094.995286
7,125.782,1742520094.995286
0,121.508,1742520095.0454035
1,117.446,1742520095.0454035
2,121.651,1742520095.0454035
3,119.04,1742520095.0454035
4,118.023,1742520095.0454035
5,121.215,1742520095.0454035
6,118.373,1742520095.0454035
7,125.75,1742520095.0454035
0,121.508,1742520095.0955389
1,117.446,1742520095.0955389
2,121.651,1742520095.0955389
3,119.021,1742520095.0955389
4,118.023,1742520095.0955389
5,121.215,1742520095.0955389
6,118.357,1742520095.0955389
7,125.75,1742520095.0955389
0,121.487,1742520095.1456747
1,117.527,1742520095.1456747
2,121.638,1742520095.1456747
3,119.021,1742520095.1456747
4,118.016,1742520095.1456747
5,121.217,1742520095.1456747
6,118.357,1742520095.1456747
7,125.75,1742520095.1456747
0,121.487,1742520095.1958082
1,117.527,1742520095.1958082
2,121.638,1742520095.1958082
3,119.0,1742520095.1958082
4,118.016,1742520095.1958082
5,121.217,1742520095.1958082
6,118.324,1742520095.1958082
7,125.75,1742520095.1958082
0,121.462,1742520095.2459402
1,117.411,1742520095.2459402
2,121.632,1742520095.2459402
3,119.0,1742520095.2459402
4,118.031,1742520095.2459402
5,121.222,1742520095.2459402
6,118.324,1742520095.2459402
7,125.75,1742520095.2459402
0,121.462,1742520095.2960632
1,117.411,1742520095.2960632
2,121.632,1742520095.2960632
3,118.979,1742520095.2960632
4,118.031,1742520095.2960632
5,121.222,1742520095.2960632
6,118.278,1742520095.2960632
7,125.716,1742520095.2960632
0,121.466,1742520095.3462281
1,117.5,1742520095.3462281
2,121.635,1742520095.3462281
3,118.979,1742520095.3462281
4,118.019,1742520095.3462281
5,121.176,1742520095.3462281
6,118.278,1742520095.3462281
7,125.716,1742520095.3462281
0,121.466,1742520095.3963284
1,117.5,1742520095.3963284
2,121.635,1742520095.3963284
3,118.979,1742520095.3963284
4,118.019,1742520095.3963284
5,121.176,1742520095.3963284
6,118.283,1742520095.3963284
7,125.717,1742520095.3963284
0,121.44,1742520095.4465728
1,117.366,1742520095.4465728
2,121.622,1742520095.4465728
3,118.979,1742520095.4465728
4,118.02,1742520095.4465728
5,121.171,1742520095.4465728
6,118.283,1742520095.4465728
7,125.711,1742520095.4465728
0,121.44,1742520095.496704
1,117.366,1742520095.496704
2,121.622,1742520095.496704
3,118.98,1742520095.496704
4,118.02,1742520095.496704
5,121.171,1742520095.496704
6,118.278,1742520095.496704
7,125.711,1742520095.496704
0,121.421,1742520095.5468385
1,117.454,1742520095.5468385
2,121.602,1742520095.5468385
3,118.98,1742520095.5468385
4,117.989,1742520095.5468385
5,121.142,1742520095.5468385
6,118.278,1742520095.5468385
7,125.711,1742520095.5468385
0,121.421,1742520095.5969574
1,117.454,1742520095.5969574
2,121.602,1742520095.5969574
3,118.959,1742520095.5969574
4,117.989,1742520095.5969574
5,121.142,1742520095.5969574
6,118.272,1742520095.5969574
7,125.697,1742520095.5969574
0,121.399,1742520095.6470897
1,117.358,1742520095.6470897
2,121.596,1742520095.6470897
3,118.959,1742520095.6470897
4,117.988,1742520095.6470897
5,121.148,1742520095.6470897
6,118.272,1742520095.6470897
7,125.697,1742520095.6470897
0,121.399,1742520095.697224
1,117.358,1742520095.697224
2,121.596,1742520095.697224
3,118.954,1742520095.697224
4,117.988,1742520095.697224
5,121.148,1742520095.697224
6,118.283,1742520095.697224
7,125.658,1742520095.697224
0,121.373,1742520095.7473545
1,117.422,1742520095.7473545
2,121.582,1742520095.7473545
3,118.954,1742520095.7473545
4,117.991,1742520095.7473545
5,121.123,1742520095.7473545
6,118.283,1742520095.7473545
7,125.658,1742520095.7473545
0,121.373,1742520095.7974865
1,117.422,1742520095.7974865
2,121.582,1742520095.7974865
3,118.939,1742520095.7974865
4,117.991,1742520095.7974865
5,121.123,1742520095.7974865
6,118.264,1742520095.7974865
7,125.659,1742520095.7974865
0,121.363,1742520095.8476202
1,117.352,1742520095.8476202
2,121.563,1742520095.8476202
3,118.939,1742520095.8476202
4,118.002,1742520095.8476202
5,121.123,1742520095.8476202
6,118.264,1742520095.8476202
7,125.659,1742520095.8476202
0,121.363,1742520095.8977528
1,117.352,1742520095.8977528
2,121.563,1742520095.8977528
3,118.919,1742520095.8977528
4,118.002,1742520095.8977528
5,121.123,1742520095.8977528
6,118.239,1742520095.8977528
7,125.64,1742520095.8977528
0,121.36,1742520095.9478853
1,117.392,1742520095.9478853
2,121.537,1742520095.9478853
3,118.919,1742520095.9478853
4,118.002,1742520095.9478853
5,121.102,1742520095.9478853
6,118.239,1742520095.9478853
7,125.64,1742520095.9478853
0,121.36,1742520095.9980106
1,117.392,1742520095.9980106
2,121.537,1742520095.9980106
3,118.913,1742520095.9980106
4,118.002,1742520095.9980106
5,121.102,1742520095.9980106
6,118.206,1742520095.9980106
7,125.647,1742520095.9980106
0,121.359,1742520096.0481443
1,117.343,1742520096.0481443
2,121.531,1742520096.0481443
3,118.913,1742520096.0481443
4,117.995,1742520096.0481443
5,121.108,1742520096.0481443
6,118.206,1742520096.0481443
7,125.654,1742520096.0481443
0,121.359,1742520096.0982788
1,117.343,1742520096.0982788
2,121.531,1742520096.0982788
3,118.899,1742520096.0982788
4,117.995,1742520096.0982788
5,121.108,1742520096.0982788
6,118.206,1742520096.0982788
7,125.654,1742520096.0982788
0,121.335,1742520096.148413
1,117.302,1742520096.148413
2,121.538,1742520096.148413
3,118.899,1742520096.148413
4,117.996,1742520096.148413
5,121.074,1742520096.148413
6,118.206,1742520096.148413
7,125.654,1742520096.148413
0,121.335,1742520096.1985486
1,117.302,1742520096.1985486
2,121.538,1742520096.1985486
3,118.886,1742520096.1985486
4,117.996,1742520096.1985486
5,121.074,1742520096.1985486
6,118.219,1742520096.1985486
7,125.633,1742520096.1985486
0,121.31,1742520096.2487094
1,117.33,1742520096.2487094
2,121.511,1742520096.2487094
3,118.886,1742520096.2487094
4,117.975,1742520096.2487094
5,121.048,1742520096.2487094
6,118.219,1742520096.2487094
7,125.633,1742520096.2487094
0,121.31,1742520096.2988284
1,117.33,1742520096.2988284
2,121.511,1742520096.2988284
3,118.891,1742520096.2988284
4,117.975,1742520096.2988284
5,121.048,1742520096.2988284
6,118.212,1742520096.2988284
7,125.626,1742520096.2988284
0,121.292,1742520096.34901
1,117.249,1742520096.34901
2,121.503,1742520096.34901
3,118.891,1742520096.34901
4,117.98,1742520096.34901
5,121.02,1742520096.34901
6,118.212,1742520096.34901
7,125.626,1742520096.34901
0,121.292,1742520096.3991416
1,117.249,1742520096.3991416
2,121.503,1742520096.3991416
3,118.87,1742520096.3991416
4,117.98,1742520096.3991416
5,121.02,1742520096.3991416
6,118.212,1742520096.3991416
7,125.598,1742520096.3991416
0,121.286,1742520096.4492764
1,117.351,1742520096.4492764
2,121.476,1742520096.4492764
3,118.87,1742520096.4492764
4,117.966,1742520096.4492764
5,121.027,1742520096.4492764
6,118.212,1742520096.4492764
7,125.598,1742520096.4492764
0,121.286,1742520096.4993966
1,117.351,1742520096.4993966
2,121.476,1742520096.4993966
3,118.864,1742520096.4993966
4,117.966,1742520096.4993966
5,121.027,1742520096.4993966
6,118.186,1742520096.4993966
7,125.591,1742520096.4993966
0,121.292,1742520096.5495293
1,117.221,1742520096.5495293
2,121.476,1742520096.5495293
3,118.864,1742520096.5495293
4,117.972,1742520096.5495293
5,121.006,1742520096.5495293
6,118.186,1742520096.5495293
7,125.591,1742520096.5495293
0,121.292,1742520096.5996616
1,117.221,1742520096.5996616
2,121.476,1742520096.5996616
3,118.862,1742520096.5996616
4,117.972,1742520096.5996616
5,121.006,1742520096.5996616
6,118.179,1742520096.5996616
7,125.606,1742520096.5996616
0,121.303,1742520096.6498032
1,117.33,1742520096.6498032
2,121.469,1742520096.6498032
3,118.862,1742520096.6498032
4,117.981,1742520096.6498032
5,121.006,1742520096.6498032
6,118.179,1742520096.6498032
7,125.606,1742520096.6498032
0,121.303,1742520096.699934
1,117.33,1742520096.699934
2,121.469,1742520096.699934
3,118.855,1742520096.699934
4,117.981,1742520096.699934
5,121.006,1742520096.699934
6,118.166,1742520096.699934
7,125.604,1742520096.699934
0,121.288,1742520096.7500682
1,117.207,1742520096.7500682
2,121.463,1742520096.7500682
3,118.855,1742520096.7500682
4,117.95,1742520096.7500682
5,121.018,1742520096.7500682
6,118.166,1742520096.7500682
7,125.604,1742520096.7500682
0,121.288,1742520096.8001876
1,117.207,1742520096.8001876
2,121.463,1742520096.8001876
3,118.844,1742520096.8001876
4,117.95,1742520096.8001876
5,121.018,1742520096.8001876
6,118.166,1742520096.8001876
7,125.575,1742520096.8001876
0,121.288,1742520096.850313
1,117.207,1742520096.850313
2,121.449,1742520096.850313
3,118.844,1742520096.850313
4,117.94,1742520096.850313
5,121.003,1742520096.850313
6,118.166,1742520096.850313
7,125.575,1742520096.850313
0,121.313,1742520096.9004443
1,117.207,1742520096.9004443
2,121.449,1742520096.9004443
3,118.831,1742520096.9004443
4,117.94,1742520096.9004443
5,121.003,1742520096.9004443
6,118.173,1742520096.9004443
7,125.554,1742520096.9004443
0,121.313,1742520096.9505558
1,117.321,1742520096.9505558
2,121.449,1742520096.9505558
3,118.831,1742520096.9505558
4,117.93,1742520096.9505558
5,121.017,1742520096.9505558
6,118.173,1742520096.9505558
7,125.554,1742520096.9505558
0,121.295,1742520097.0006502
1,117.321,1742520097.0006502
2,121.461,1742520097.0006502
3,118.831,1742520097.0006502
4,117.93,1742520097.0006502
5,121.017,1742520097.0006502
6,118.158,1742520097.0006502
7,125.52,1742520097.0006502
0,121.295,1742520097.0507524
1,117.209,1742520097.0507524
2,121.461,1742520097.0507524
3,118.836,1742520097.0507524
4,117.93,1742520097.0507524
5,120.996,1742520097.0507524
6,118.158,1742520097.0507524
7,125.52,1742520097.0507524
0,121.27,1742520097.100898
1,117.209,1742520097.100898
2,121.453,1742520097.100898
3,118.836,1742520097.100898
4,117.954,1742520097.100898
5,120.996,1742520097.100898
6,118.159,1742520097.100898
7,125.493,1742520097.100898
0,121.27,1742520097.1510303
1,117.329,1742520097.1510303
2,121.453,1742520097.1510303
3,118.829,1742520097.1510303
4,117.954,1742520097.1510303
5,120.996,1742520097.1510303
6,118.159,1742520097.1510303
7,125.493,1742520097.1510303
0,121.289,1742520097.2011647
1,117.329,1742520097.2011647
2,121.427,1742520097.2011647
3,118.829,1742520097.2011647
4,117.953,1742520097.2011647
5,120.986,1742520097.2011647
6,118.159,1742520097.2011647
7,125.486,1742520097.2011647
0,121.289,1742520097.2512918
1,117.222,1742520097.2512918
2,121.427,1742520097.2512918
3,118.824,1742520097.2512918
4,117.953,1742520097.2512918
5,120.986,1742520097.2512918
6,118.139,1742520097.2512918
7,125.486,1742520097.2512918
0,121.299,1742520097.301425
1,117.222,1742520097.301425
2,121.405,1742520097.301425
3,118.824,1742520097.301425
4,117.928,1742520097.301425
5,120.985,1742520097.301425
6,118.139,1742520097.301425
7,125.486,1742520097.301425
0,121.299,1742520097.351545
1,117.31,1742520097.351545
2,121.405,1742520097.351545
3,118.824,1742520097.351545
4,117.928,1742520097.351545
5,120.985,1742520097.351545
6,118.124,1742520097.351545
7,125.487,1742520097.351545
0,121.295,1742520097.4016736
1,117.31,1742520097.4016736
2,121.406,1742520097.4016736
3,118.824,1742520097.4016736
4,117.9,1742520097.4016736
5,120.977,1742520097.4016736
6,118.124,1742520097.4016736
7,125.487,1742520097.4016736
0,121.295,1742520097.4517958
1,117.262,1742520097.4517958
2,121.406,1742520097.4517958
3,118.801,1742520097.4517958
4,117.9,1742520097.4517958
5,120.977,1742520097.4517958
6,118.132,1742520097.4517958
7,125.467,1742520097.4517958
0,121.289,1742520097.501915
1,117.262,1742520097.501915
2,121.406,1742520097.501915
3,118.801,1742520097.501915
4,117.896,1742520097.501915
5,120.966,1742520097.501915
6,118.132,1742520097.501915
7,125.467,1742520097.501915
0,121.289,1742520097.5520384
1,117.281,1742520097.5520384
2,121.406,1742520097.5520384
3,118.791,1742520097.5520384
4,117.896,1742520097.5520384
5,120.966,1742520097.5520384
6,118.124,1742520097.5520384
7,125.46,1742520097.5520384
0,121.287,1742520097.60216
1,117.281,1742520097.60216
2,121.384,1742520097.60216
3,118.791,1742520097.60216
4,117.866,1742520097.60216
5,120.957,1742520097.60216
6,118.124,1742520097.60216
7,125.46,1742520097.60216
0,121.287,1742520097.652281
1,117.308,1742520097.652281
2,121.384,1742520097.652281
3,118.775,1742520097.652281
4,117.866,1742520097.652281
5,120.957,1742520097.652281
6,118.116,1742520097.652281
7,125.439,1742520097.652281
0,121.271,1742520097.702414
1,117.308,1742520097.702414
2,121.377,1742520097.702414
3,118.775,1742520097.702414
4,117.846,1742520097.702414
5,120.966,1742520097.702414
6,118.116,1742520097.702414
7,125.439,1742520097.702414
0,121.271,1742520097.752542
1,117.248,1742520097.752542
2,121.377,1742520097.752542
3,118.785,1742520097.752542
4,117.846,1742520097.752542
5,120.966,1742520097.752542
6,118.102,1742520097.752542
7,125.398,1742520097.752542
0,121.3,1742520097.802676
1,117.248,1742520097.802676
2,121.362,1742520097.802676
3,118.785,1742520097.802676
4,117.859,1742520097.802676
5,120.939,1742520097.802676
6,118.102,1742520097.802676
7,125.398,1742520097.802676
0,121.3,1742520097.852785
1,117.34,1742520097.852785
2,121.362,1742520097.852785
3,118.772,1742520097.852785
4,117.859,1742520097.852785
5,120.939,1742520097.852785
6,118.089,1742520097.852785
7,125.385,1742520097.852785
0,121.287,1742520097.9029725
1,117.34,1742520097.9029725
2,121.352,1742520097.9029725
3,118.772,1742520097.9029725
4,117.847,1742520097.9029725
5,120.953,1742520097.9029725
6,118.089,1742520097.9029725
7,125.385,1742520097.9029725
0,121.287,1742520097.953105
1,117.207,1742520097.953105
2,121.352,1742520097.953105
3,118.772,1742520097.953105
4,117.847,1742520097.953105
5,120.953,1742520097.953105
6,118.097,1742520097.953105
7,125.372,1742520097.953105
0,121.309,1742520098.0032387
1,117.207,1742520098.0032387
2,121.308,1742520098.0032387
3,118.772,1742520098.0032387
4,117.832,1742520098.0032387
5,120.918,1742520098.0032387
6,118.097,1742520098.0032387
7,125.372,1742520098.0032387
0,121.309,1742520098.053358
1,117.316,1742520098.053358
2,121.308,1742520098.053358
3,118.749,1742520098.053358
4,117.832,1742520098.053358
5,120.918,1742520098.053358
6,118.097,1742520098.053358
7,125.379,1742520098.053358
0,121.345,1742520098.1034436
1,117.316,1742520098.1034436
2,121.312,1742520098.1034436
3,118.749,1742520098.1034436
4,117.791,1742520098.1034436
5,120.94,1742520098.1034436
6,118.097,1742520098.1034436
7,125.379,1742520098.1034436
0,121.345,1742520098.1535742
1,117.186,1742520098.1535742
2,121.312,1742520098.1535742
3,118.736,1742520098.1535742
4,117.791,1742520098.1535742
5,120.94,1742520098.1535742
6,118.11,1742520098.1535742
7,125.379,1742520098.1535742
0,121.356,1742520098.2037046
1,117.186,1742520098.2037046
2,121.32,1742520098.2037046
3,118.736,1742520098.2037046
4,117.783,1742520098.2037046
5,120.912,1742520098.2037046
6,118.11,1742520098.2037046
7,125.379,1742520098.2037046
0,121.356,1742520098.2538283
1,117.289,1742520098.2538283
2,121.32,1742520098.2538283
3,118.756,1742520098.2538283
4,117.783,1742520098.2538283
5,120.912,1742520098.2538283
6,118.097,1742520098.2538283
7,125.359,1742520098.2538283
0,121.351,1742520098.3039534
1,117.289,1742520098.3039534
2,121.33,1742520098.3039534
3,118.756,1742520098.3039534
4,117.766,1742520098.3039534
5,120.919,1742520098.3039534
6,118.097,1742520098.3039534
7,125.359,1742520098.3039534
0,121.351,1742520098.3540852
1,117.181,1742520098.3540852
2,121.33,1742520098.3540852
3,118.735,1742520098.3540852
4,117.766,1742520098.3540852
5,120.919,1742520098.3540852
6,118.081,1742520098.3540852
7,125.321,1742520098.3540852
0,121.374,1742520098.4042192
1,117.181,1742520098.4042192
2,121.316,1742520098.4042192
3,118.735,1742520098.4042192
4,117.769,1742520098.4042192
5,120.879,1742520098.4042192
6,118.081,1742520098.4042192
7,125.321,1742520098.4042192
0,121.374,1742520098.4543393
1,117.23,1742520098.4543393
2,121.316,1742520098.4543393
3,118.729,1742520098.4543393
4,117.769,1742520098.4543393
5,120.879,1742520098.4543393
6,118.087,1742520098.4543393
7,125.302,1742520098.4543393
0,121.349,1742520098.504497
1,117.203,1742520098.504497
2,121.295,1742520098.504497
3,118.729,1742520098.504497
4,117.782,1742520098.504497
5,120.907,1742520098.504497
6,118.087,1742520098.504497
7,125.302,1742520098.504497
0,121.349,1742520098.55463
1,117.203,1742520098.55463
2,121.295,1742520098.55463
3,118.736,1742520098.55463
4,117.782,1742520098.55463
5,120.907,1742520098.55463
6,118.076,1742520098.55463
7,125.283,1742520098.55463
0,121.35,1742520098.6048067
1,117.15,1742520098.6048067
2,121.305,1742520098.6048067
3,118.736,1742520098.6048067
4,117.794,1742520098.6048067
5,120.858,1742520098.6048067
6,118.076,1742520098.6048067
7,125.283,1742520098.6048067
0,121.35,1742520098.6549394
1,117.15,1742520098.6549394
2,121.305,1742520098.6549394
3,118.742,1742520098.6549394
4,117.794,1742520098.6549394
5,120.858,1742520098.6549394
6,118.069,1742520098.6549394
7,125.273,1742520098.6549394
0,121.345,1742520098.7050629
1,117.178,1742520098.7050629
2,121.288,1742520098.7050629
3,118.742,1742520098.7050629
4,117.798,1742520098.7050629
5,120.859,1742520098.7050629
6,118.069,1742520098.7050629
7,125.273,1742520098.7050629
0,121.345,1742520098.7551835
1,117.178,1742520098.7551835
2,121.288,1742520098.7551835
3,118.734,1742520098.7551835
4,117.798,1742520098.7551835
5,120.859,1742520098.7551835
6,118.069,1742520098.7551835
7,125.276,1742520098.7551835
0,121.337,1742520098.8053486
1,117.178,1742520098.8053486
2,121.286,1742520098.8053486
3,118.734,1742520098.8053486
4,117.783,1742520098.8053486
5,120.824,1742520098.8053486
6,118.069,1742520098.8053486
7,125.276,1742520098.8053486
0,121.337,1742520098.8554807
1,117.09,1742520098.8554807
2,121.286,1742520098.8554807
3,118.716,1742520098.8554807
4,117.783,1742520098.8554807
5,120.824,1742520098.8554807
6,118.061,1742520098.8554807
7,125.295,1742520098.8554807
0,121.332,1742520098.905615
1,117.09,1742520098.905615
2,121.296,1742520098.905615
3,118.716,1742520098.905615
4,117.772,1742520098.905615
5,120.831,1742520098.905615
6,118.061,1742520098.905615
7,125.295,1742520098.905615
0,121.332,1742520098.9557502
1,117.191,1742520098.9557502
2,121.296,1742520098.9557502
3,118.721,1742520098.9557502
4,117.772,1742520098.9557502
5,120.831,1742520098.9557502
6,118.053,1742520098.9557502
7,125.295,1742520098.9557502
0,121.31,1742520099.0058682
1,117.191,1742520099.0058682
2,121.3,1742520099.0058682
3,118.721,1742520099.0058682
4,117.739,1742520099.0058682
5,120.819,1742520099.0058682
6,118.053,1742520099.0058682
7,125.295,1742520099.0058682
0,121.31,1742520099.056
1,117.07,1742520099.056
2,121.3,1742520099.056
3,118.695,1742520099.056
4,117.739,1742520099.056
5,120.819,1742520099.056
6,118.039,1742520099.056
7,125.283,1742520099.056
0,121.291,1742520099.1061308
1,117.07,1742520099.1061308
2,121.303,1742520099.1061308
3,118.695,1742520099.1061308
4,117.75,1742520099.1061308
5,120.839,1742520099.1061308
6,118.039,1742520099.1061308
7,125.283,1742520099.1061308
0,121.291,1742520099.1562617
1,117.183,1742520099.1562617
2,121.303,1742520099.1562617
3,118.683,1742520099.1562617
4,117.75,1742520099.1562617
5,120.839,1742520099.1562617
6,118.013,1742520099.1562617
7,125.27,1742520099.1562617
0,121.295,1742520099.2063918
1,117.183,1742520099.2063918
2,121.275,1742520099.2063918
3,118.683,1742520099.2063918
4,117.76,1742520099.2063918
5,120.793,1742520099.2063918
6,118.013,1742520099.2063918
7,125.27,1742520099.2063918
0,121.295,1742520099.2565236
1,117.077,1742520099.2565236
2,121.275,1742520099.2565236
3,118.65,1742520099.2565236
4,117.76,1742520099.2565236
5,120.793,1742520099.2565236
6,118.006,1742520099.2565236
7,125.257,1742520099.2565236
0,121.315,1742520099.3066564
1,117.176,1742520099.3066564
2,121.267,1742520099.3066564
3,118.65,1742520099.3066564
4,117.753,1742520099.3066564
5,120.813,1742520099.3066564
6,118.006,1742520099.3066564
7,125.257,1742520099.3066564
0,121.315,1742520099.3567865
1,117.176,1742520099.3567865
2,121.267,1742520099.3567865
3,118.656,1742520099.3567865
4,117.753,1742520099.3567865
5,120.813,1742520099.3567865
6,118.009,1742520099.3567865
7,125.247,1742520099.3567865
0,121.29,1742520099.4069107
1,117.1,1742520099.4069107
2,121.26,1742520099.4069107
3,118.656,1742520099.4069107
4,117.742,1742520099.4069107
5,120.798,1742520099.4069107
6,118.009,1742520099.4069107
7,125.247,1742520099.4069107
0,121.29,1742520099.4570434
1,117.1,1742520099.4570434
2,121.26,1742520099.4570434
3,118.663,1742520099.4570434
4,117.742,1742520099.4570434
5,120.798,1742520099.4570434
6,117.986,1742520099.4570434
7,125.241,1742520099.4570434
0,121.29,1742520099.5071788
1,117.113,1742520099.5071788
2,121.267,1742520099.5071788
3,118.663,1742520099.5071788
4,117.715,1742520099.5071788
5,120.813,1742520099.5071788
6,117.986,1742520099.5071788
7,125.241,1742520099.5071788
0,121.29,1742520099.5573144
1,117.113,1742520099.5573144
2,121.267,1742520099.5573144
3,118.676,1742520099.5573144
4,117.715,1742520099.5573144
5,120.813,1742520099.5573144
6,117.987,1742520099.5573144
7,125.227,1742520099.5573144
0,121.276,1742520099.6074498
1,117.133,1742520099.6074498
2,121.269,1742520099.6074498
3,118.676,1742520099.6074498
4,117.702,1742520099.6074498
5,120.798,1742520099.6074498
6,117.987,1742520099.6074498
7,125.227,1742520099.6074498
0,121.276,1742520099.6575847
1,117.133,1742520099.6575847
2,121.269,1742520099.6575847
3,118.663,1742520099.6575847
4,117.702,1742520099.6575847
5,120.798,1742520099.6575847
6,117.979,1742520099.6575847
7,125.204,1742520099.6575847
0,121.23,1742520099.7077155
1,117.091,1742520099.7077155
2,121.255,1742520099.7077155
3,118.663,1742520099.7077155
4,117.682,1742520099.7077155
5,120.803,1742520099.7077155
6,117.979,1742520099.7077155
7,125.204,1742520099.7077155
0,121.23,1742520099.757838
1,117.091,1742520099.757838
2,121.255,1742520099.757838
3,118.65,1742520099.757838
4,117.682,1742520099.757838
5,120.803,1742520099.757838
6,117.961,1742520099.757838
7,125.219,1742520099.757838
0,121.167,1742520099.8079836
1,117.091,1742520099.8079836
2,121.242,1742520099.8079836
3,118.65,1742520099.8079836
4,117.671,1742520099.8079836
5,120.798,1742520099.8079836
6,117.961,1742520099.8079836
7,125.219,1742520099.8079836
0,121.167,1742520099.8581169
1,117.119,1742520099.8581169
2,121.242,1742520099.8581169
3,118.643,1742520099.8581169
4,117.671,1742520099.8581169
5,120.798,1742520099.8581169
6,117.965,1742520099.8581169
7,125.19,1742520099.8581169
0,121.085,1742520099.90825
1,117.119,1742520099.90825
2,121.229,1742520099.90825
3,118.643,1742520099.90825
4,117.682,1742520099.90825
5,120.789,1742520099.90825
6,117.965,1742520099.90825
7,125.19,1742520099.90825
0,121.085,1742520099.9583712
1,117.066,1742520099.9583712
2,121.229,1742520099.9583712
3,118.637,1742520099.9583712
4,117.682,1742520099.9583712
5,120.789,1742520099.9583712
6,117.973,1742520099.9583712
7,125.199,1742520099.9583712
0,121.02,1742520100.008486
1,117.066,1742520100.008486
2,121.207,1742520100.008486
3,118.637,1742520100.008486
4,117.684,1742520100.008486
5,120.773,1742520100.008486
6,117.973,1742520100.008486
7,125.199,1742520100.008486
0,121.02,1742520100.0586176
1,117.141,1742520100.0586176
2,121.207,1742520100.0586176
3,118.643,1742520100.0586176
4,117.684,1742520100.0586176
5,120.773,1742520100.0586176
6,117.973,1742520100.0586176
7,125.192,1742520100.0586176
0,120.955,1742520100.1087518
1,117.141,1742520100.1087518
2,121.2,1742520100.1087518
3,118.643,1742520100.1087518
4,117.664,1742520100.1087518
5,120.754,1742520100.1087518
6,117.973,1742520100.1087518
7,125.192,1742520100.1087518
0,120.955,1742520100.1588724
1,117.027,1742520100.1588724
2,121.2,1742520100.1588724
3,118.65,1742520100.1588724
4,117.664,1742520100.1588724
5,120.754,1742520100.1588724
6,117.971,1742520100.1588724
7,125.165,1742520100.1588724
0,120.866,1742520100.209004
1,117.027,1742520100.209004
2,121.206,1742520100.209004
3,118.65,1742520100.209004
4,117.647,1742520100.209004
5,120.754,1742520100.209004
6,117.971,1742520100.209004
7,125.165,1742520100.209004
0,120.866,1742520100.2591388
1,117.128,1742520100.2591388
2,121.206,1742520100.2591388
3,118.656,1742520100.2591388
4,117.647,1742520100.2591388
5,120.754,1742520100.2591388
6,117.973,1742520100.2591388
7,125.172,1742520100.2591388
0,120.777,1742520100.3092735
1,117.128,1742520100.3092735
2,121.199,1742520100.3092735
3,118.656,1742520100.3092735
4,117.632,1742520100.3092735
5,120.733,1742520100.3092735
6,117.973,1742520100.3092735
7,125.172,1742520100.3092735
0,120.777,1742520100.3594456
1,116.993,1742520100.3594456
2,121.199,1742520100.3594456
3,118.643,1742520100.3594456
4,117.632,1742520100.3594456
5,120.733,1742520100.3594456
6,117.954,1742520100.3594456
7,125.179,1742520100.3594456
0,120.705,1742520100.4095771
1,117.074,1742520100.4095771
2,121.194,1742520100.4095771
3,118.643,1742520100.4095771
4,117.633,1742520100.4095771
5,120.725,1742520100.4095771
6,117.954,1742520100.4095771
7,125.179,1742520100.4095771
0,120.705,1742520100.4597566
1,117.074,1742520100.4597566
2,121.194,1742520100.4597566
3,118.617,1742520100.4597566
4,117.633,1742520100.4597566
5,120.725,1742520100.4597566
6,117.945,1742520100.4597566
7,125.172,1742520100.4597566
0,120.654,1742520100.509951
1,116.992,1742520100.509951
2,121.187,1742520100.509951
3,118.617,1742520100.509951
4,117.625,1742520100.509951
5,120.683,1742520100.509951
6,117.945,1742520100.509951
7,125.172,1742520100.509951
0,120.654,1742520100.5600839
1,116.992,1742520100.5600839
2,121.187,1742520100.5600839
3,118.597,1742520100.5600839
4,117.625,1742520100.5600839
5,120.683,1742520100.5600839
6,117.94,1742520100.5600839
7,125.17,1742520100.5600839
0,120.571,1742520100.6102185
1,117.053,1742520100.6102185
2,121.186,1742520100.6102185
3,118.597,1742520100.6102185
4,117.654,1742520100.6102185
5,120.694,1742520100.6102185
6,117.94,1742520100.6102185
7,125.17,1742520100.6102185
0,120.571,1742520100.660338
1,117.053,1742520100.660338
2,121.186,1742520100.660338
3,118.577,1742520100.660338
4,117.654,1742520100.660338
5,120.694,1742520100.660338
6,117.927,1742520100.660338
7,125.172,1742520100.660338
0,120.563,1742520100.710469
1,117.019,1742520100.710469
2,121.179,1742520100.710469
3,118.577,1742520100.710469
4,117.655,1742520100.710469
5,120.672,1742520100.710469
6,117.927,1742520100.710469
7,125.172,1742520100.710469
0,120.563,1742520100.7606003
1,117.019,1742520100.7606003
2,121.179,1742520100.7606003
3,118.57,1742520100.7606003
4,117.655,1742520100.7606003
5,120.672,1742520100.7606003
6,117.951,1742520100.7606003
7,125.139,1742520100.7606003
0,120.553,1742520100.810706
1,117.019,1742520100.810706
2,121.191,1742520100.810706
3,118.57,1742520100.810706
4,117.661,1742520100.810706
5,120.685,1742520100.810706
6,117.951,1742520100.810706
7,125.139,1742520100.810706
0,120.553,1742520100.860825
1,116.983,1742520100.860825
2,121.191,1742520100.860825
3,118.55,1742520100.860825
4,117.661,1742520100.860825
5,120.685,1742520100.860825
6,117.939,1742520100.860825
7,125.145,1742520100.860825
0,120.516,1742520100.9109592
1,116.983,1742520100.9109592
2,121.21,1742520100.9109592
3,118.55,1742520100.9109592
4,117.644,1742520100.9109592
5,120.671,1742520100.9109592
6,117.939,1742520100.9109592
7,125.145,1742520100.9109592
0,120.516,1742520100.9610918
1,117.055,1742520100.9610918
2,121.21,1742520100.9610918
3,118.537,1742520100.9610918
4,117.644,1742520100.9610918
5,120.671,1742520100.9610918
6,117.93,1742520100.9610918
7,125.119,1742520100.9610918
0,120.512,1742520101.0112228
1,117.055,1742520101.0112228
2,121.212,1742520101.0112228
3,118.537,1742520101.0112228
4,117.641,1742520101.0112228
5,120.659,1742520101.0112228
6,117.93,1742520101.0112228
7,125.119,1742520101.0112228
0,120.512,1742520101.0613577
1,116.935,1742520101.0613577
2,121.212,1742520101.0613577
3,118.546,1742520101.0613577
4,117.641,1742520101.0613577
5,120.659,1742520101.0613577
6,117.917,1742520101.0613577
7,125.12,1742520101.0613577
0,120.521,1742520101.1114924
1,116.935,1742520101.1114924
2,121.196,1742520101.1114924
3,118.546,1742520101.1114924
4,117.652,1742520101.1114924
5,120.667,1742520101.1114924
6,117.917,1742520101.1114924
7,125.12,1742520101.1114924
0,120.521,1742520101.1616268
1,117.047,1742520101.1616268
2,121.196,1742520101.1616268
3,118.524,1742520101.1616268
4,117.652,1742520101.1616268
5,120.667,1742520101.1616268
6,117.911,1742520101.1616268
7,125.126,1742520101.1616268
0,120.528,1742520101.2117589
1,117.047,1742520101.2117589
2,121.176,1742520101.2117589
3,118.524,1742520101.2117589
4,117.647,1742520101.2117589
5,120.66,1742520101.2117589
6,117.911,1742520101.2117589
7,125.126,1742520101.2117589
0,120.528,1742520101.2618904
1,116.93,1742520101.2618904
2,121.176,1742520101.2618904
3,118.52,1742520101.2618904
4,117.647,1742520101.2618904
5,120.66,1742520101.2618904
6,117.9,1742520101.2618904
7,125.119,1742520101.2618904
0,120.514,1742520101.312022
1,117.036,1742520101.312022
2,121.175,1742520101.312022
3,118.52,1742520101.312022
4,117.684,1742520101.312022
5,120.651,1742520101.312022
6,117.9,1742520101.312022
7,125.119,1742520101.312022
0,120.514,1742520101.362153
1,117.036,1742520101.362153
2,121.175,1742520101.362153
3,118.514,1742520101.362153
4,117.684,1742520101.362153
5,120.651,1742520101.362153
6,117.9,1742520101.362153
7,125.104,1742520101.362153
0,120.508,1742520101.412271
1,116.934,1742520101.412271
2,121.163,1742520101.412271
3,118.514,1742520101.412271
4,117.651,1742520101.412271
5,120.632,1742520101.412271
6,117.9,1742520101.412271
7,125.104,1742520101.412271
0,120.508,1742520101.462403
1,116.934,1742520101.462403
2,121.163,1742520101.462403
3,118.514,1742520101.462403
4,117.651,1742520101.462403
5,120.632,1742520101.462403
6,117.912,1742520101.462403
7,125.104,1742520101.462403
0,120.493,1742520101.5125282
1,116.992,1742520101.5125282
2,121.157,1742520101.5125282
3,118.514,1742520101.5125282
4,117.659,1742520101.5125282
5,120.673,1742520101.5125282
6,117.912,1742520101.5125282
7,125.104,1742520101.5125282
0,120.493,1742520101.562659
1,116.992,1742520101.562659
2,121.157,1742520101.562659
3,118.521,1742520101.562659
4,117.659,1742520101.562659
5,120.673,1742520101.562659
6,117.904,1742520101.562659
7,125.097,1742520101.562659
0,120.481,1742520101.6127942
1,116.965,1742520101.6127942
2,121.144,1742520101.6127942
3,118.521,1742520101.6127942
4,117.66,1742520101.6127942
5,120.638,1742520101.6127942
6,117.904,1742520101.6127942
7,125.097,1742520101.6127942
0,120.481,1742520101.6629274
1,116.965,1742520101.6629274
2,121.144,1742520101.6629274
3,118.514,1742520101.6629274
4,117.66,1742520101.6629274
5,120.638,1742520101.6629274
6,117.888,1742520101.6629274
7,125.111,1742520101.6629274
0,120.479,1742520101.7130582
1,116.952,1742520101.7130582
2,121.164,1742520101.7130582
3,118.514,1742520101.7130582
4,117.63,1742520101.7130582
5,120.654,1742520101.7130582
6,117.888,1742520101.7130582
7,125.111,1742520101.7130582
0,120.479,1742520101.7631898
1,116.952,1742520101.7631898
2,121.164,1742520101.7631898
3,118.514,1742520101.7631898
4,117.63,1742520101.7631898
5,120.654,1742520101.7631898
6,117.875,1742520101.7631898
7,125.091,1742520101.7631898
0,120.472,1742520101.8133216
1,116.952,1742520101.8133216
2,121.144,1742520101.8133216
3,118.514,1742520101.8133216
4,117.614,1742520101.8133216
5,120.606,1742520101.8133216
6,117.875,1742520101.8133216
7,125.091,1742520101.8133216
0,120.472,1742520101.8634536
1,116.966,1742520101.8634536
2,121.144,1742520101.8634536
3,118.521,1742520101.8634536
4,117.614,1742520101.8634536
5,120.606,1742520101.8634536
6,117.863,1742520101.8634536
7,125.072,1742520101.8634536
0,120.527,1742520101.913586
1,116.966,1742520101.913586
2,121.123,1742520101.913586
3,118.521,1742520101.913586
4,117.6,1742520101.913586
5,120.633,1742520101.913586
6,117.863,1742520101.913586
7,125.072,1742520101.913586
0,120.527,1742520101.9637177
1,116.905,1742520101.9637177
2,121.123,1742520101.9637177
3,118.514,1742520101.9637177
4,117.6,1742520101.9637177
5,120.633,1742520101.9637177
6,117.851,1742520101.9637177
7,125.064,1742520101.9637177
0,120.496,1742520102.0138414
1,116.905,1742520102.0138414
2,121.123,1742520102.0138414
3,118.514,1742520102.0138414
4,117.574,1742520102.0138414
5,120.6,1742520102.0138414
6,117.851,1742520102.0138414
7,125.064,1742520102.0138414
0,120.496,1742520102.0639427
1,117.0,1742520102.0639427
2,121.123,1742520102.0639427
3,118.489,1742520102.0639427
4,117.574,1742520102.0639427
5,120.6,1742520102.0639427
6,117.851,1742520102.0639427
7,125.048,1742520102.0639427
0,120.494,1742520102.114076
1,117.0,1742520102.114076
2,121.102,1742520102.114076
3,118.489,1742520102.114076
4,117.563,1742520102.114076
5,120.615,1742520102.114076
6,117.851,1742520102.114076
7,125.048,1742520102.114076
0,120.494,1742520102.1641965
1,116.89,1742520102.1641965
2,121.102,1742520102.1641965
3,118.489,1742520102.1641965
4,117.563,1742520102.1641965
5,120.615,1742520102.1641965
6,117.834,1742520102.1641965
7,125.041,1742520102.1641965
0,120.456,1742520102.2143278
1,116.89,1742520102.2143278
2,121.111,1742520102.2143278
3,118.489,1742520102.2143278
4,117.564,1742520102.2143278
5,120.58,1742520102.2143278
6,117.834,1742520102.2143278
7,125.041,1742520102.2143278
0,120.456,1742520102.2644646
1,116.998,1742520102.2644646
2,121.111,1742520102.2644646
3,118.479,1742520102.2644646
4,117.564,1742520102.2644646
5,120.58,1742520102.2644646
6,117.84,1742520102.2644646
7,125.033,1742520102.2644646
0,120.439,1742520102.3145976
1,116.998,1742520102.3145976
2,121.097,1742520102.3145976
3,118.479,1742520102.3145976
4,117.557,1742520102.3145976
5,120.595,1742520102.3145976
6,117.84,1742520102.3145976
7,125.033,1742520102.3145976
0,120.439,1742520102.3647177
1,116.871,1742520102.3647177
2,121.097,1742520102.3647177
3,118.482,1742520102.3647177
4,117.557,1742520102.3647177
5,120.595,1742520102.3647177
6,117.817,1742520102.3647177
7,124.993,1742520102.3647177
0,120.438,1742520102.4148495
1,116.871,1742520102.4148495
2,121.112,1742520102.4148495
3,118.482,1742520102.4148495
4,117.527,1742520102.4148495
5,120.574,1742520102.4148495
6,117.817,1742520102.4148495
7,124.993,1742520102.4148495
0,120.438,1742520102.4649844
1,116.962,1742520102.4649844
2,121.112,1742520102.4649844
3,118.486,1742520102.4649844
4,117.527,1742520102.4649844
5,120.574,1742520102.4649844
6,117.833,1742520102.4649844
7,124.984,1742520102.4649844
0,120.431,1742520102.515119
1,116.962,1742520102.515119
2,121.09,1742520102.515119
3,118.486,1742520102.515119
4,117.541,1742520102.515119
5,120.566,1742520102.515119
6,117.833,1742520102.515119
7,124.984,1742520102.515119
0,120.431,1742520102.5652544
1,116.904,1742520102.5652544
2,121.09,1742520102.5652544
3,118.485,1742520102.5652544
4,117.541,1742520102.5652544
5,120.566,1742520102.5652544
6,117.828,1742520102.5652544
7,124.95,1742520102.5652544
0,120.425,1742520102.6153858
1,116.904,1742520102.6153858
2,121.088,1742520102.6153858
3,118.485,1742520102.6153858
4,117.515,1742520102.6153858
5,120.553,1742520102.6153858
6,117.828,1742520102.6153858
7,124.95,1742520102.6153858
0,120.425,1742520102.665518
1,116.949,1742520102.665518
2,121.088,1742520102.665518
3,118.499,1742520102.665518
4,117.515,1742520102.665518
5,120.553,1742520102.665518
6,117.808,1742520102.665518
7,124.923,1742520102.665518
0,120.415,1742520102.7156506
1,116.949,1742520102.7156506
2,121.075,1742520102.7156506
3,118.499,1742520102.7156506
4,117.532,1742520102.7156506
5,120.558,1742520102.7156506
6,117.808,1742520102.7156506
7,124.923,1742520102.7156506
0,120.415,1742520102.7658212
1,116.95,1742520102.7658212
2,121.075,1742520102.7658212
3,118.485,1742520102.7658212
4,117.532,1742520102.7658212
5,120.558,1742520102.7658212
6,117.82,1742520102.7658212
7,124.93,1742520102.7658212
0,120.407,1742520102.8159523
1,116.95,1742520102.8159523
2,121.075,1742520102.8159523
3,118.485,1742520102.8159523
4,117.526,1742520102.8159523
5,120.552,1742520102.8159523
6,117.82,1742520102.8159523
7,124.93,1742520102.8159523
0,120.407,1742520102.8660877
1,116.917,1742520102.8660877
2,121.075,1742520102.8660877
3,118.479,1742520102.8660877
4,117.526,1742520102.8660877
5,120.552,1742520102.8660877
6,117.812,1742520102.8660877
7,124.946,1742520102.8660877
0,120.39,1742520102.9162195
1,116.917,1742520102.9162195
2,121.055,1742520102.9162195
3,118.479,1742520102.9162195
4,117.521,1742520102.9162195
5,120.579,1742520102.9162195
6,117.812,1742520102.9162195
7,124.946,1742520102.9162195
0,120.39,1742520102.9663513
1,116.972,1742520102.9663513
2,121.055,1742520102.9663513
3,118.489,1742520102.9663513
4,117.521,1742520102.9663513
5,120.579,1742520102.9663513
6,117.805,1742520102.9663513
7,124.943,1742520102.9663513
0,120.412,1742520103.0164835
1,116.972,1742520103.0164835
2,121.076,1742520103.0164835
3,118.489,1742520103.0164835
4,117.563,1742520103.0164835
5,120.579,1742520103.0164835
6,117.805,1742520103.0164835
7,124.943,1742520103.0164835
0,120.412,1742520103.0666194
1,116.877,1742520103.0666194
2,121.076,1742520103.0666194
3,118.499,1742520103.0666194
4,117.563,1742520103.0666194
5,120.579,1742520103.0666194
6,117.811,1742520103.0666194
7,124.959,1742520103.0666194
0,120.39,1742520103.1167054
1,116.877,1742520103.1167054
2,121.077,1742520103.1167054
3,118.499,1742520103.1167054
4,117.54,1742520103.1167054
5,120.544,1742520103.1167054
6,117.811,1742520103.1167054
7,124.959,1742520103.1167054
0,120.39,1742520103.1668258
1,116.955,1742520103.1668258
2,121.077,1742520103.1668258
3,118.476,1742520103.1668258
4,117.54,1742520103.1668258
5,120.544,1742520103.1668258
6,117.821,1742520103.1668258
7,124.915,1742520103.1668258
0,120.395,1742520103.2169468
1,116.955,1742520103.2169468
2,121.083,1742520103.2169468
3,118.476,1742520103.2169468
4,117.52,1742520103.2169468
5,120.557,1742520103.2169468
6,117.821,1742520103.2169468
7,124.915,1742520103.2169468
0,120.395,1742520103.267078
1,116.831,1742520103.267078
2,121.083,1742520103.267078
3,118.463,1742520103.267078
4,117.52,1742520103.267078
5,120.557,1742520103.267078
6,117.822,1742520103.267078
7,124.902,1742520103.267078
0,120.391,1742520103.3172078
1,116.831,1742520103.3172078
2,121.077,1742520103.3172078
3,118.463,1742520103.3172078
4,117.505,1742520103.3172078
5,120.536,1742520103.3172078
6,117.822,1742520103.3172078
7,124.902,1742520103.3172078
0,120.391,1742520103.3673396
1,116.942,1742520103.3673396
2,121.077,1742520103.3673396
3,118.466,1742520103.3673396
4,117.505,1742520103.3673396
5,120.536,1742520103.3673396
6,117.802,1742520103.3673396
7,124.908,1742520103.3673396
0,120.381,1742520103.4174752
1,116.942,1742520103.4174752
2,121.055,1742520103.4174752
3,118.466,1742520103.4174752
4,117.501,1742520103.4174752
5,120.53,1742520103.4174752
6,117.802,1742520103.4174752
7,124.908,1742520103.4174752
0,120.381,1742520103.46761
1,116.849,1742520103.46761
2,121.055,1742520103.46761
3,118.453,1742520103.46761
4,117.501,1742520103.46761
5,120.53,1742520103.46761
6,117.788,1742520103.46761
7,124.897,1742520103.46761
0,120.379,1742520103.5177412
1,116.849,1742520103.5177412
2,121.063,1742520103.5177412
3,118.453,1742520103.5177412
4,117.489,1742520103.5177412
5,120.51,1742520103.5177412
6,117.788,1742520103.5177412
7,124.897,1742520103.5177412
0,120.379,1742520103.5678847
1,116.917,1742520103.5678847
2,121.063,1742520103.5678847
3,118.446,1742520103.5678847
4,117.489,1742520103.5678847
5,120.51,1742520103.5678847
6,117.788,1742520103.5678847
7,124.911,1742520103.5678847
0,120.386,1742520103.6180172
1,116.917,1742520103.6180172
2,121.064,1742520103.6180172
3,118.446,1742520103.6180172
4,117.488,1742520103.6180172
5,120.523,1742520103.6180172
6,117.791,1742520103.6180172
7,124.911,1742520103.6180172
0,120.386,1742520103.668146
1,116.842,1742520103.668146
2,121.064,1742520103.668146
3,118.446,1742520103.668146
4,117.488,1742520103.668146
5,120.523,1742520103.668146
6,117.791,1742520103.668146
7,124.904,1742520103.668146
0,120.376,1742520103.7182777
1,116.842,1742520103.7182777
2,121.065,1742520103.7182777
3,118.446,1742520103.7182777
4,117.47,1742520103.7182777
5,120.516,1742520103.7182777
6,117.806,1742520103.7182777
7,124.904,1742520103.7182777
0,120.376,1742520103.7683995
1,116.87,1742520103.7683995
2,121.065,1742520103.7683995
3,118.439,1742520103.7683995
4,117.47,1742520103.7683995
5,120.516,1742520103.7683995
6,117.806,1742520103.7683995
7,124.907,1742520103.7683995
0,120.372,1742520103.81853
1,116.87,1742520103.81853
2,121.058,1742520103.81853
3,118.439,1742520103.81853
4,117.458,1742520103.81853
5,120.502,1742520103.81853
6,117.814,1742520103.81853
7,124.907,1742520103.81853
0,120.372,1742520103.868663
1,116.882,1742520103.868663
2,121.058,1742520103.868663
3,118.426,1742520103.868663
4,117.458,1742520103.868663
5,120.502,1742520103.868663
6,117.814,1742520103.868663
7,124.877,1742520103.868663
0,120.352,1742520103.9187973
1,116.882,1742520103.9187973
2,121.051,1742520103.9187973
3,118.426,1742520103.9187973
4,117.455,1742520103.9187973
5,120.467,1742520103.9187973
6,117.801,1742520103.9187973
7,124.877,1742520103.9187973
0,120.352,1742520103.9689171
1,116.81,1742520103.9689171
2,121.051,1742520103.9689171
3,118.404,1742520103.9689171
4,117.455,1742520103.9689171
5,120.467,1742520103.9689171
6,117.801,1742520103.9689171
7,124.852,1742520103.9689171
0,120.339,1742520104.019049
1,116.81,1742520104.019049
2,121.044,1742520104.019049
3,118.404,1742520104.019049
4,117.42,1742520104.019049
5,120.475,1742520104.019049
6,117.801,1742520104.019049
7,124.852,1742520104.019049
0,120.339,1742520104.0691836
1,116.884,1742520104.0691836
2,121.044,1742520104.0691836
3,118.411,1742520104.0691836
4,117.42,1742520104.0691836
5,120.475,1742520104.0691836
6,117.801,1742520104.0691836
7,124.832,1742520104.0691836
0,120.326,1742520104.1192992
1,116.884,1742520104.1192992
2,121.016,1742520104.1192992
3,118.411,1742520104.1192992
4,117.428,1742520104.1192992
5,120.476,1742520104.1192992
6,117.774,1742520104.1192992
7,124.832,1742520104.1192992
0,120.326,1742520104.1694307
1,116.812,1742520104.1694307
2,121.016,1742520104.1694307
3,118.418,1742520104.1694307
4,117.428,1742520104.1694307
5,120.476,1742520104.1694307
6,117.774,1742520104.1694307
7,124.838,1742520104.1694307
0,120.329,1742520104.2195625
1,116.812,1742520104.2195625
2,121.003,1742520104.2195625
3,118.418,1742520104.2195625
4,117.418,1742520104.2195625
5,120.47,1742520104.2195625
6,117.753,1742520104.2195625
7,124.838,1742520104.2195625
0,120.329,1742520104.2697074
1,116.925,1742520104.2697074
2,121.003,1742520104.2697074
3,118.424,1742520104.2697074
4,117.418,1742520104.2697074
5,120.47,1742520104.2697074
6,117.753,1742520104.2697074
7,124.832,1742520104.2697074
0,120.341,1742520104.3198652
1,116.925,1742520104.3198652
2,120.993,1742520104.3198652
3,118.424,1742520104.3198652
4,117.418,1742520104.3198652
5,120.463,1742520104.3198652
6,117.757,1742520104.3198652
7,124.832,1742520104.3198652
0,120.341,1742520104.3699975
1,116.791,1742520104.3699975
2,120.993,1742520104.3699975
3,118.416,1742520104.3699975
4,117.418,1742520104.3699975
5,120.463,1742520104.3699975
6,117.757,1742520104.3699975
7,124.852,1742520104.3699975
0,120.373,1742520104.4201322
1,116.791,1742520104.4201322
2,121.007,1742520104.4201322
3,118.416,1742520104.4201322
4,117.413,1742520104.4201322
5,120.444,1742520104.4201322
6,117.764,1742520104.4201322
7,124.852,1742520104.4201322
0,120.373,1742520104.470267
1,116.897,1742520104.470267
2,121.007,1742520104.470267
3,118.403,1742520104.470267
4,117.413,1742520104.470267
5,120.444,1742520104.470267
6,117.764,1742520104.470267
7,124.849,1742520104.470267
0,120.354,1742520104.5204022
1,116.897,1742520104.5204022
2,120.994,1742520104.5204022
3,118.403,1742520104.5204022
4,117.402,1742520104.5204022
5,120.472,1742520104.5204022
6,117.788,1742520104.5204022
7,124.849,1742520104.5204022
0,120.354,1742520104.5705216
1,116.796,1742520104.5705216
2,120.994,1742520104.5705216
3,118.396,1742520104.5705216
4,117.402,1742520104.5705216
5,120.472,1742520104.5705216
6,117.788,1742520104.5705216
7,124.834,1742520104.5705216
0,120.342,1742520104.6206532
1,116.796,1742520104.6206532
2,120.973,1742520104.6206532
3,118.396,1742520104.6206532
4,117.416,1742520104.6206532
5,120.444,1742520104.6206532
6,117.761,1742520104.6206532
7,124.834,1742520104.6206532
0,120.342,1742520104.670773
1,116.863,1742520104.670773
2,120.973,1742520104.670773
3,118.397,1742520104.670773
4,117.416,1742520104.670773
5,120.444,1742520104.670773
6,117.761,1742520104.670773
7,124.844,1742520104.670773
0,120.354,1742520104.720904
1,116.863,1742520104.720904
2,120.969,1742520104.720904
3,118.397,1742520104.720904
4,117.401,1742520104.720904
5,120.447,1742520104.720904
6,117.753,1742520104.720904
7,124.844,1742520104.720904
0,120.354,1742520104.7710376
1,116.842,1742520104.7710376
2,120.969,1742520104.7710376
3,118.39,1742520104.7710376
4,117.401,1742520104.7710376
5,120.447,1742520104.7710376
6,117.753,1742520104.7710376
7,124.822,1742520104.7710376
0,120.321,1742520104.8211577
1,116.842,1742520104.8211577
2,120.951,1742520104.8211577
3,118.39,1742520104.8211577
4,117.394,1742520104.8211577
5,120.414,1742520104.8211577
6,117.727,1742520104.8211577
7,124.822,1742520104.8211577
0,120.321,1742520104.871289
1,116.836,1742520104.871289
2,120.951,1742520104.871289
3,118.397,1742520104.871289
4,117.394,1742520104.871289
5,120.414,1742520104.871289
6,117.727,1742520104.871289
7,124.804,1742520104.871289
0,120.323,1742520104.9214203
1,116.836,1742520104.9214203
2,120.951,1742520104.9214203
3,118.397,1742520104.9214203
4,117.401,1742520104.9214203
5,120.462,1742520104.9214203
6,117.739,1742520104.9214203
7,124.804,1742520104.9214203
0,120.323,1742520104.971539
1,116.849,1742520104.971539
2,120.944,1742520104.971539
3,118.411,1742520104.971539
4,117.401,1742520104.971539
5,120.462,1742520104.971539
6,117.739,1742520104.971539
7,124.809,1742520104.971539
0,120.313,1742520105.021659
1,116.849,1742520105.021659
2,120.944,1742520105.021659
3,118.411,1742520105.021659
4,117.402,1742520105.021659
5,120.416,1742520105.021659
6,117.736,1742520105.021659
7,124.809,1742520105.021659
0,120.313,1742520105.0717916
1,116.773,1742520105.0717916
2,120.947,1742520105.0717916
3,118.411,1742520105.0717916
4,117.402,1742520105.0717916
5,120.416,1742520105.0717916
6,117.736,1742520105.0717916
7,124.812,1742520105.0717916
0,120.315,1742520105.1219249
1,116.773,1742520105.1219249
2,120.947,1742520105.1219249
3,118.385,1742520105.1219249
4,117.392,1742520105.1219249
5,120.456,1742520105.1219249
6,117.759,1742520105.1219249
7,124.812,1742520105.1219249
0,120.315,1742520105.172045
1,116.84,1742520105.172045
2,120.946,1742520105.172045
3,118.385,1742520105.172045
4,117.392,1742520105.172045
5,120.456,1742520105.172045
6,117.759,1742520105.172045
7,124.812,1742520105.172045
0,120.311,1742520105.222164
1,116.84,1742520105.222164
2,120.946,1742520105.222164
3,118.385,1742520105.222164
4,117.393,1742520105.222164
5,120.399,1742520105.222164
6,117.775,1742520105.222164
7,124.812,1742520105.222164
0,120.311,1742520105.2723355
1,116.743,1742520105.2723355
2,120.948,1742520105.2723355
3,118.385,1742520105.2723355
4,117.393,1742520105.2723355
5,120.399,1742520105.2723355
6,117.775,1742520105.2723355
7,124.804,1742520105.2723355
0,120.31,1742520105.3224704
1,116.743,1742520105.3224704
2,120.948,1742520105.3224704
3,118.361,1742520105.3224704
4,117.408,1742520105.3224704
5,120.413,1742520105.3224704
6,117.753,1742520105.3224704
7,124.804,1742520105.3224704
0,120.31,1742520105.372603
1,116.839,1742520105.372603
2,120.956,1742520105.372603
3,118.361,1742520105.372603
4,117.408,1742520105.372603
5,120.413,1742520105.372603
6,117.753,1742520105.372603
7,124.785,1742520105.372603
0,120.271,1742520105.4227338
1,116.839,1742520105.4227338
2,120.956,1742520105.4227338
3,118.339,1742520105.4227338
4,117.414,1742520105.4227338
5,120.387,1742520105.4227338
6,117.749,1742520105.4227338
7,124.785,1742520105.4227338
0,120.271,1742520105.472857
1,116.725,1742520105.472857
2,120.95,1742520105.472857
3,118.339,1742520105.472857
4,117.414,1742520105.472857
5,120.387,1742520105.472857
6,117.749,1742520105.472857
7,124.779,1742520105.472857
0,120.273,1742520105.5229945
1,116.725,1742520105.5229945
2,120.95,1742520105.5229945
3,118.346,1742520105.5229945
4,117.425,1742520105.5229945
5,120.41,1742520105.5229945
6,117.71,1742520105.5229945
7,124.779,1742520105.5229945
0,120.273,1742520105.5731177
1,116.845,1742520105.5731177
2,120.939,1742520105.5731177
3,118.346,1742520105.5731177
4,117.425,1742520105.5731177
5,120.41,1742520105.5731177
6,117.71,1742520105.5731177
7,124.807,1742520105.5731177
0,124.582,1742520105.6232507
1,116.845,1742520105.6232507
2,120.939,1742520105.6232507
3,118.338,1742520105.6232507
4,121.506,1742520105.6232507
5,124.682,1742520105.6232507
6,118.117,1742520105.6232507
7,124.807,1742520105.6232507
0,124.582,1742520105.6734192
1,126.722,1742520105.6734192
2,126.315,1742520105.6734192
3,118.338,1742520105.6734192
4,121.506,1742520105.6734192
5,124.682,1742520105.6734192
6,118.117,1742520105.6734192
7,138.994,1742520105.6734192
0,149.854,1742520105.7235444
1,126.722,1742520105.7235444
2,126.315,1742520105.7235444
3,139.409,1742520105.7235444
4,145.706,1742520105.7235444
5,150.064,1742520105.7235444
6,141.062,1742520105.7235444
7,138.994,1742520105.7235444
0,149.854,1742520105.7736688
1,152.406,1742520105.7736688
2,151.947,1742520105.7736688
3,139.409,1742520105.7736688
4,145.706,1742520105.7736688
5,150.064,1742520105.7736688
6,141.062,1742520105.7736688
7,164.574,1742520105.7736688
0,174.115,1742520105.8237643
1,152.406,1742520105.8237643
2,151.947,1742520105.8237643
3,164.515,1742520105.8237643
4,145.706,1742520105.8237643
5,175.682,1742520105.8237643
6,165.902,1742520105.8237643
7,164.574,1742520105.8237643
0,174.115,1742520105.8740222
1,184.238,1742520105.8740222
2,176.875,1742520105.8740222
3,164.515,1742520105.8740222
4,174.02,1742520105.8740222
5,175.682,1742520105.8740222
6,165.902,1742520105.8740222
7,190.295,1742520105.8740222
0,200.642,1742520105.9241538
1,184.238,1742520105.9241538
2,176.875,1742520105.9241538
3,190.568,1742520105.9241538
4,174.02,1742520105.9241538
5,202.907,1742520105.9241538
6,192.269,1742520105.9241538
7,190.295,1742520105.9241538
0,200.642,1742520105.9742804
1,210.547,1742520105.9742804
2,202.784,1742520105.9742804
3,190.568,1742520105.9742804
4,199.427,1742520105.9742804
5,202.907,1742520105.9742804
6,192.269,1742520105.9742804
7,215.773,1742520105.9742804
0,226.088,1742520106.0244079
1,210.547,1742520106.0244079
2,202.784,1742520106.0244079
3,216.703,1742520106.0244079
4,199.427,1742520106.0244079
5,229.469,1742520106.0244079
6,217.559,1742520106.0244079
7,215.773,1742520106.0244079
0,226.088,1742520106.0744903
1,236.685,1742520106.0744903
2,227.995,1742520106.0744903
3,216.703,1742520106.0744903
4,221.631,1742520106.0744903
5,229.469,1742520106.0744903
6,217.559,1742520106.0744903
7,242.278,1742520106.0744903
0,249.877,1742520106.1246064
1,236.685,1742520106.1246064
2,227.995,1742520106.1246064
3,243.274,1742520106.1246064
4,221.631,1742520106.1246064
5,252.769,1742520106.1246064
6,242.895,1742520106.1246064
7,242.278,1742520106.1246064
0,249.877,1742520106.174728
1,261.842,1742520106.174728
2,258.347,1742520106.174728
3,243.274,1742520106.174728
4,248.287,1742520106.174728
5,252.769,1742520106.174728
6,242.895,1742520106.174728
7,266.593,1742520106.174728
0,278.481,1742520106.2248673
1,261.842,1742520106.2248673
2,258.347,1742520106.2248673
3,273.554,1742520106.2248673
4,248.287,1742520106.2248673
5,281.547,1742520106.2248673
6,268.395,1742520106.2248673
7,266.593,1742520106.2248673
0,278.481,1742520106.2749937
1,287.467,1742520106.2749937
2,280.033,1742520106.2749937
3,273.554,1742520106.2749937
4,273.302,1742520106.2749937
5,281.547,1742520106.2749937
6,268.395,1742520106.2749937
7,293.319,1742520106.2749937
0,305.36,1742520106.3251252
1,287.467,1742520106.3251252
2,280.033,1742520106.3251252
3,300.205,1742520106.3251252
4,273.302,1742520106.3251252
5,281.547,1742520106.3251252
6,294.517,1742520106.3251252
7,293.319,1742520106.3251252
0,305.36,1742520106.3752594
1,313.424,1742520106.3752594
2,308.295,1742520106.3752594
3,300.205,1742520106.3752594
4,298.95,1742520106.3752594
5,309.294,1742520106.3752594
6,294.517,1742520106.3752594
7,329.705,1742520106.3752594
0,330.827,1742520106.425391
1,313.424,1742520106.425391
2,308.295,1742520106.425391
3,325.203,1742520106.425391
4,298.95,1742520106.425391
5,309.294,1742520106.425391
6,320.274,1742520106.425391
7,329.705,1742520106.425391
0,330.827,1742520106.475481
1,339.341,1742520106.475481
2,333.603,1742520106.475481
3,325.203,1742520106.475481
4,320.751,1742520106.475481
5,340.388,1742520106.475481
6,320.274,1742520106.475481
7,351.519,1742520106.475481
0,351.788,1742520106.5256085
1,339.341,1742520106.5256085
2,333.603,1742520106.5256085
3,351.35,1742520106.5256085
4,320.751,1742520106.5256085
5,340.388,1742520106.5256085
6,346.961,1742520106.5256085
7,351.519,1742520106.5256085
0,351.788,1742520106.5757403
1,364.463,1742520106.5757403
2,358.528,1742520106.5757403
3,351.35,1742520106.5757403
4,345.507,1742520106.5757403
5,366.392,1742520106.5757403
6,346.961,1742520106.5757403
7,376.841,1742520106.5757403
0,375.148,1742520106.625875
1,364.463,1742520106.625875
2,358.528,1742520106.625875
3,375.935,1742520106.625875
4,345.507,1742520106.625875
5,366.392,1742520106.625875
6,367.263,1742520106.625875
7,376.841,1742520106.625875
0,375.148,1742520106.6760101
1,374.443,1742520106.6760101
2,374.659,1742520106.6760101
3,375.935,1742520106.6760101
4,366.54,1742520106.6760101
5,384.462,1742520106.6760101
6,367.263,1742520106.6760101
7,388.355,1742520106.6760101
0,376.902,1742520106.7261453
1,374.443,1742520106.7261453
2,374.659,1742520106.7261453
3,377.246,1742520106.7261453
4,366.54,1742520106.7261453
5,384.462,1742520106.7261453
6,374.778,1742520106.7261453
7,388.355,1742520106.7261453
0,376.902,1742520106.7762709
1,375.613,1742520106.7762709
2,375.413,1742520106.7762709
3,377.246,1742520106.7762709
4,366.941,1742520106.7762709
5,384.206,1742520106.7762709
6,374.778,1742520106.7762709
7,389.294,1742520106.7762709
0,379.009,1742520106.8264074
1,375.613,1742520106.8264074
2,375.413,1742520106.8264074
3,377.417,1742520106.8264074
4,366.941,1742520106.8264074
5,384.206,1742520106.8264074
6,375.364,1742520106.8264074
7,389.294,1742520106.8264074
0,379.009,1742520106.8764992
1,375.578,1742520106.8764992
2,376.301,1742520106.8764992
3,377.417,1742520106.8764992
4,367.232,1742520106.8764992
5,383.547,1742520106.8764992
6,375.364,1742520106.8764992
7,389.2,1742520106.8764992
0,379.157,1742520106.9266202
1,375.578,1742520106.9266202
2,376.301,1742520106.9266202
3,377.027,1742520106.9266202
4,367.232,1742520106.9266202
5,383.547,1742520106.9266202
6,374.733,1742520106.9266202
7,389.2,1742520106.9266202
0,379.157,1742520106.9767523
1,375.93,1742520106.9767523
2,376.826,1742520106.9767523
3,377.027,1742520106.9767523
4,367.461,1742520106.9767523
5,383.828,1742520106.9767523
6,374.733,1742520106.9767523
7,388.417,1742520106.9767523
0,378.653,1742520107.026887
1,375.93,1742520107.026887
2,376.826,1742520107.026887
3,376.583,1742520107.026887
4,367.461,1742520107.026887
5,383.828,1742520107.026887
6,375.184,1742520107.026887
7,388.417,1742520107.026887
0,378.653,1742520107.0770235
1,374.608,1742520107.0770235
2,376.992,1742520107.0770235
3,376.583,1742520107.0770235
4,368.961,1742520107.0770235
5,384.404,1742520107.0770235
6,375.184,1742520107.0770235
7,388.75,1742520107.0770235
0,380.505,1742520107.127194
1,374.608,1742520107.127194
2,376.992,1742520107.127194
3,376.149,1742520107.127194
4,368.961,1742520107.127194
5,384.404,1742520107.127194
6,374.677,1742520107.127194
7,388.75,1742520107.127194
0,380.505,1742520107.17732
1,375.735,1742520107.17732
2,377.165,1742520107.17732
3,376.149,1742520107.17732
4,369.197,1742520107.17732
5,385.37,1742520107.17732
6,374.677,1742520107.17732
7,389.247,1742520107.17732
0,381.045,1742520107.2274506
1,375.735,1742520107.2274506
2,377.165,1742520107.2274506
3,376.754,1742520107.2274506
4,369.197,1742520107.2274506
5,385.37,1742520107.2274506
6,375.85,1742520107.2274506
7,389.247,1742520107.2274506
0,381.045,1742520107.2775438
1,375.838,1742520107.2775438
2,377.844,1742520107.2775438
3,376.754,1742520107.2775438
4,370.8,1742520107.2775438
5,385.506,1742520107.2775438
6,375.85,1742520107.2775438
7,390.573,1742520107.2775438
0,379.446,1742520107.327677
1,375.838,1742520107.327677
2,377.844,1742520107.327677
3,376.775,1742520107.327677
4,370.8,1742520107.327677
5,385.506,1742520107.327677
6,376.188,1742520107.327677
7,390.573,1742520107.327677
0,379.446,1742520107.377828
1,373.738,1742520107.377828
2,378.755,1742520107.377828
3,376.775,1742520107.377828
4,371.081,1742520107.377828
5,384.752,1742520107.377828
6,376.188,1742520107.377828
7,390.089,1742520107.377828
0,380.358,1742520107.427962
1,373.738,1742520107.427962
2,378.755,1742520107.427962
3,378.154,1742520107.427962
4,371.081,1742520107.427962
5,384.752,1742520107.427962
6,377.593,1742520107.427962
7,390.089,1742520107.427962
0,380.358,1742520107.4781525
1,374.931,1742520107.4781525
2,378.203,1742520107.4781525
3,378.154,1742520107.4781525
4,371.061,1742520107.4781525
5,385.211,1742520107.4781525
6,377.593,1742520107.4781525
7,388.684,1742520107.4781525
0,380.256,1742520107.5282855
1,374.931,1742520107.5282855
2,378.203,1742520107.5282855
3,378.54,1742520107.5282855
4,371.061,1742520107.5282855
5,385.211,1742520107.5282855
6,376.799,1742520107.5282855
7,388.684,1742520107.5282855
0,380.256,1742520107.5784054
1,375.716,1742520107.5784054
2,379.138,1742520107.5784054
3,378.54,1742520107.5784054
4,370.994,1742520107.5784054
5,385.351,1742520107.5784054
6,376.799,1742520107.5784054
7,387.967,1742520107.5784054
0,380.256,1742520107.6285264
1,375.716,1742520107.6285264
2,379.138,1742520107.6285264
3,378.02,1742520107.6285264
4,370.994,1742520107.6285264
5,385.351,1742520107.6285264
6,375.693,1742520107.6285264
7,387.967,1742520107.6285264
0,382.983,1742520107.6786265
1,375.585,1742520107.6786265
2,378.724,1742520107.6786265
3,378.02,1742520107.6786265
4,371.738,1742520107.6786265
5,384.927,1742520107.6786265
6,375.693,1742520107.6786265
7,388.544,1742520107.6786265
0,382.983,1742520107.7287557
1,375.585,1742520107.7287557
2,378.724,1742520107.7287557
3,378.373,1742520107.7287557
4,371.738,1742520107.7287557
5,384.927,1742520107.7287557
6,375.747,1742520107.7287557
7,388.544,1742520107.7287557
0,382.589,1742520107.7788882
1,375.584,1742520107.7788882
2,376.902,1742520107.7788882
3,378.373,1742520107.7788882
4,372.148,1742520107.7788882
5,386.381,1742520107.7788882
6,375.747,1742520107.7788882
7,387.824,1742520107.7788882
0,382.589,1742520107.8290222
1,375.584,1742520107.8290222
2,376.902,1742520107.8290222
3,378.802,1742520107.8290222
4,372.148,1742520107.8290222
5,386.381,1742520107.8290222
6,375.842,1742520107.8290222
7,387.824,1742520107.8290222
0,381.924,1742520107.8791583
1,376.093,1742520107.8791583
2,374.998,1742520107.8791583
3,378.802,1742520107.8791583
4,372.12,1742520107.8791583
5,386.852,1742520107.8791583
6,375.842,1742520107.8791583
7,389.118,1742520107.8791583
0,381.924,1742520107.929293
1,376.093,1742520107.929293
2,374.998,1742520107.929293
3,379.727,1742520107.929293
4,372.12,1742520107.929293
5,386.852,1742520107.929293
6,377.68,1742520107.929293
7,389.118,1742520107.929293
0,381.997,1742520107.979447
1,376.557,1742520107.979447
2,374.673,1742520107.979447
3,379.727,1742520107.979447
4,372.49,1742520107.979447
5,387.726,1742520107.979447
6,377.68,1742520107.979447
7,388.291,1742520107.979447
0,381.997,1742520108.0297165
1,376.557,1742520108.0297165
2,374.673,1742520108.0297165
3,379.52,1742520108.0297165
4,372.49,1742520108.0297165
5,387.726,1742520108.0297165
6,376.377,1742520108.0297165
7,388.291,1742520108.0297165
0,382.21,1742520108.0798497
1,374.929,1742520108.0798497
2,374.115,1742520108.0798497
3,379.52,1742520108.0798497
4,372.415,1742520108.0798497
5,383.469,1742520108.0798497
6,376.377,1742520108.0798497
7,388.291,1742520108.0798497
0,382.21,1742520108.1299407
1,374.929,1742520108.1299407
2,374.115,1742520108.1299407
3,380.059,1742520108.1299407
4,372.415,1742520108.1299407
5,383.469,1742520108.1299407
6,377.001,1742520108.1299407
7,388.27,1742520108.1299407
0,381.595,1742520108.1800764
1,374.83,1742520108.1800764
2,374.143,1742520108.1800764
3,380.059,1742520108.1800764
4,372.291,1742520108.1800764
5,383.629,1742520108.1800764
6,377.001,1742520108.1800764
7,388.27,1742520108.1800764
0,381.595,1742520108.2303202
1,374.83,1742520108.2303202
2,374.143,1742520108.2303202
3,379.345,1742520108.2303202
4,372.291,1742520108.2303202
5,383.629,1742520108.2303202
6,374.663,1742520108.2303202
7,386.547,1742520108.2303202
0,380.916,1742520108.2804554
1,374.473,1742520108.2804554
2,373.342,1742520108.2804554
3,379.345,1742520108.2804554
4,370.266,1742520108.2804554
5,384.507,1742520108.2804554
6,374.663,1742520108.2804554
7,386.547,1742520108.2804554
0,380.916,1742520108.3305779
1,374.473,1742520108.3305779
2,373.342,1742520108.3305779
3,379.218,1742520108.3305779
4,370.266,1742520108.3305779
5,384.507,1742520108.3305779
6,374.93,1742520108.3305779
7,385.596,1742520108.3305779
0,380.653,1742520108.3807104
1,374.803,1742520108.3807104
2,373.166,1742520108.3807104
3,379.218,1742520108.3807104
4,369.621,1742520108.3807104
5,385.248,1742520108.3807104
6,374.93,1742520108.3807104
7,385.596,1742520108.3807104
0,380.653,1742520108.430793
1,374.803,1742520108.430793
2,373.166,1742520108.430793
3,380.066,1742520108.430793
4,369.621,1742520108.430793
5,385.248,1742520108.430793
6,374.14,1742520108.430793
7,386.917,1742520108.430793
0,381.653,1742520108.4809253
1,374.226,1742520108.4809253
2,374.319,1742520108.4809253
3,380.066,1742520108.4809253
4,369.957,1742520108.4809253
5,386.413,1742520108.4809253
6,374.14,1742520108.4809253
7,386.917,1742520108.4809253
0,381.653,1742520108.531066
1,374.226,1742520108.531066
2,374.319,1742520108.531066
3,380.983,1742520108.531066
4,369.957,1742520108.531066
5,386.413,1742520108.531066
6,374.562,1742520108.531066
7,387.636,1742520108.531066
0,383.307,1742520108.581203
1,373.413,1742520108.581203
2,374.051,1742520108.581203
3,380.983,1742520108.581203
4,369.278,1742520108.581203
5,386.11,1742520108.581203
6,374.562,1742520108.581203
7,387.636,1742520108.581203
0,383.307,1742520108.631339
1,373.413,1742520108.631339
2,374.051,1742520108.631339
3,382.174,1742520108.631339
4,369.278,1742520108.631339
5,386.11,1742520108.631339
6,374.8,1742520108.631339
7,388.058,1742520108.631339
0,382.322,1742520108.6816432
1,372.952,1742520108.6816432
2,371.882,1742520108.6816432
3,382.174,1742520108.6816432
4,368.187,1742520108.6816432
5,385.554,1742520108.6816432
6,374.8,1742520108.6816432
7,388.058,1742520108.6816432
0,382.322,1742520108.7317348
1,372.952,1742520108.7317348
2,371.882,1742520108.7317348
3,380.584,1742520108.7317348
4,368.187,1742520108.7317348
5,385.554,1742520108.7317348
6,376.531,1742520108.7317348
7,387.805,1742520108.7317348
0,381.171,1742520108.7818558
1,371.89,1742520108.7818558
2,370.922,1742520108.7818558
3,380.584,1742520108.7818558
4,368.425,1742520108.7818558
5,385.139,1742520108.7818558
6,376.531,1742520108.7818558
7,387.805,1742520108.7818558
0,381.171,1742520108.8319826
1,371.89,1742520108.8319826
2,370.922,1742520108.8319826
3,379.434,1742520108.8319826
4,368.425,1742520108.8319826
5,385.139,1742520108.8319826
6,377.845,1742520108.8319826
7,386.967,1742520108.8319826
0,380.677,1742520108.882137
1,370.519,1742520108.882137
2,372.031,1742520108.882137
3,379.434,1742520108.882137
4,368.744,1742520108.882137
5,384.065,1742520108.882137
6,377.845,1742520108.882137
7,386.967,1742520108.882137
0,380.677,1742520108.9322278
1,370.519,1742520108.9322278
2,372.031,1742520108.9322278
3,378.102,1742520108.9322278
4,368.744,1742520108.9322278
5,384.065,1742520108.9322278
6,379.956,1742520108.9322278
7,385.916,1742520108.9322278
0,379.569,1742520108.9823635
1,370.519,1742520108.9823635
2,371.898,1742520108.9823635
3,378.102,1742520108.9823635
4,368.167,1742520108.9823635
5,382.3,1742520108.9823635
6,379.956,1742520108.9823635
7,385.916,1742520108.9823635
0,379.569,1742520109.0324552
1,369.432,1742520109.0324552
2,371.898,1742520109.0324552
3,378.152,1742520109.0324552
4,368.167,1742520109.0324552
5,382.3,1742520109.0324552
6,380.89,1742520109.0324552
7,384.714,1742520109.0324552
0,376.225,1742520109.082609
1,369.432,1742520109.082609
2,370.829,1742520109.082609
3,378.152,1742520109.082609
4,367.017,1742520109.082609
5,379.554,1742520109.082609
6,380.89,1742520109.082609
7,384.714,1742520109.082609
0,376.225,1742520109.132703
1,369.301,1742520109.132703
2,370.829,1742520109.132703
3,377.966,1742520109.132703
4,367.017,1742520109.132703
5,379.554,1742520109.132703
6,382.463,1742520109.132703
7,384.995,1742520109.132703
0,375.589,1742520109.1828263
1,369.301,1742520109.1828263
2,373.346,1742520109.1828263
3,377.966,1742520109.1828263
4,366.264,1742520109.1828263
5,379.553,1742520109.1828263
6,382.463,1742520109.1828263
7,384.995,1742520109.1828263
0,375.589,1742520109.2330027
1,369.716,1742520109.2330027
2,373.346,1742520109.2330027
3,376.348,1742520109.2330027
4,366.264,1742520109.2330027
5,379.553,1742520109.2330027
6,381.478,1742520109.2330027
7,383.928,1742520109.2330027
0,374.118,1742520109.2831383
1,369.716,1742520109.2831383
2,373.634,1742520109.2831383
3,376.348,1742520109.2831383
4,366.944,1742520109.2831383
5,378.902,1742520109.2831383
6,381.478,1742520109.2831383
7,383.928,1742520109.2831383
0,374.118,1742520109.3332305
1,368.8,1742520109.3332305
2,373.634,1742520109.3332305
3,374.722,1742520109.3332305
4,366.944,1742520109.3332305
5,378.902,1742520109.3332305
6,380.373,1742520109.3332305
7,383.824,1742520109.3332305
0,375.064,1742520109.383363
1,368.8,1742520109.383363
2,375.288,1742520109.383363
3,374.722,1742520109.383363
4,366.629,1742520109.383363
5,377.971,1742520109.383363
6,380.373,1742520109.383363
7,383.824,1742520109.383363
0,375.064,1742520109.433454
1,369.473,1742520109.433454
2,375.288,1742520109.433454
3,372.736,1742520109.433454
4,366.629,1742520109.433454
5,377.971,1742520109.433454
6,380.266,1742520109.433454
7,383.747,1742520109.433454
0,372.382,1742520109.4835875
1,369.473,1742520109.4835875
2,374.404,1742520109.4835875
3,372.736,1742520109.4835875
4,365.702,1742520109.4835875
5,376.333,1742520109.4835875
6,380.266,1742520109.4835875
7,383.747,1742520109.4835875
0,372.382,1742520109.5336788
1,370.919,1742520109.5336788
2,374.404,1742520109.5336788
3,372.256,1742520109.5336788
4,365.702,1742520109.5336788
5,376.333,1742520109.5336788
6,379.76,1742520109.5336788
7,383.902,1742520109.5336788
0,372.094,1742520109.5838706
1,370.919,1742520109.5838706
2,375.351,1742520109.5838706
3,372.256,1742520109.5838706
4,364.501,1742520109.5838706
5,375.611,1742520109.5838706
6,379.76,1742520109.5838706
7,383.902,1742520109.5838706
0,372.094,1742520109.6339986
1,373.303,1742520109.6339986
2,375.351,1742520109.6339986
3,370.699,1742520109.6339986
4,364.501,1742520109.6339986
5,375.611,1742520109.6339986
6,378.982,1742520109.6339986
7,383.994,1742520109.6339986
0,374.461,1742520109.6841352
1,373.303,1742520109.6841352
2,374.983,1742520109.6841352
3,370.699,1742520109.6841352
4,363.474,1742520109.6841352
5,378.153,1742520109.6841352
6,378.982,1742520109.6841352
7,383.994,1742520109.6841352
0,374.461,1742520109.73423
1,374.245,1742520109.73423
2,374.983,1742520109.73423
3,372.441,1742520109.73423
4,363.474,1742520109.73423
5,378.153,1742520109.73423
6,377.165,1742520109.73423
7,384.637,1742520109.73423
0,374.729,1742520109.7843668
1,374.245,1742520109.7843668
2,374.503,1742520109.7843668
3,372.441,1742520109.7843668
4,362.013,1742520109.7843668
5,379.206,1742520109.7843668
6,377.165,1742520109.7843668
7,384.637,1742520109.7843668
0,374.729,1742520109.8344595
1,375.885,1742520109.8344595
2,374.503,1742520109.8344595
3,374.32,1742520109.8344595
4,362.013,1742520109.8344595
5,379.206,1742520109.8344595
6,375.388,1742520109.8344595
7,386.088,1742520109.8344595
0,373.99,1742520109.8845978
1,375.885,1742520109.8845978
2,376.357,1742520109.8845978
3,374.32,1742520109.8845978
4,360.98,1742520109.8845978
5,380.701,1742520109.8845978
6,375.388,1742520109.8845978
7,386.088,1742520109.8845978
0,373.99,1742520109.9346895
1,376.341,1742520109.9346895
2,376.357,1742520109.9346895
3,376.794,1742520109.9346895
4,360.98,1742520109.9346895
5,380.701,1742520109.9346895
6,373.889,1742520109.9346895
7,387.376,1742520109.9346895
0,375.889,1742520109.9848228
1,376.341,1742520109.9848228
2,377.713,1742520109.9848228
3,376.794,1742520109.9848228
4,361.706,1742520109.9848228
5,381.686,1742520109.9848228
6,373.889,1742520109.9848228
7,387.376,1742520109.9848228
0,375.889,1742520110.0349596
1,377.63,1742520110.0349596
2,377.713,1742520110.0349596
3,377.202,1742520110.0349596
4,361.706,1742520110.0349596
5,381.686,1742520110.0349596
6,373.758,1742520110.0349596
7,389.639,1742520110.0349596
0,377.052,1742520110.0850956
1,377.63,1742520110.0850956
2,376.941,1742520110.0850956
3,377.202,1742520110.0850956
4,364.592,1742520110.0850956
5,381.584,1742520110.0850956
6,373.758,1742520110.0850956
7,389.639,1742520110.0850956
0,377.052,1742520110.1352036
1,378.095,1742520110.1352036
2,376.941,1742520110.1352036
3,376.642,1742520110.1352036
4,364.592,1742520110.1352036
5,381.584,1742520110.1352036
6,373.09,1742520110.1352036
7,388.857,1742520110.1352036
0,377.632,1742520110.1853342
1,378.095,1742520110.1853342
2,377.318,1742520110.1853342
3,376.642,1742520110.1853342
4,365.646,1742520110.1853342
5,382.31,1742520110.1853342
6,373.09,1742520110.1853342
7,388.857,1742520110.1853342
0,377.632,1742520110.235496
1,375.994,1742520110.235496
2,377.318,1742520110.235496
3,377.886,1742520110.235496
4,365.646,1742520110.235496
5,382.31,1742520110.235496
6,374.685,1742520110.235496
7,388.463,1742520110.235496
0,376.356,1742520110.2856336
1,375.994,1742520110.2856336
2,376.275,1742520110.2856336
3,377.886,1742520110.2856336
4,366.128,1742520110.2856336
5,382.069,1742520110.2856336
6,374.685,1742520110.2856336
7,388.463,1742520110.2856336
0,376.356,1742520110.3357472
1,376.104,1742520110.3357472
2,376.275,1742520110.3357472
3,377.438,1742520110.3357472
4,366.128,1742520110.3357472
5,382.069,1742520110.3357472
6,374.906,1742520110.3357472
7,388.122,1742520110.3357472
0,376.344,1742520110.3859022
1,376.104,1742520110.3859022
2,375.381,1742520110.3859022
3,377.438,1742520110.3859022
4,365.631,1742520110.3859022
5,384.246,1742520110.3859022
6,374.906,1742520110.3859022
7,388.122,1742520110.3859022
0,376.344,1742520110.436026
1,374.465,1742520110.436026
2,375.381,1742520110.436026
3,379.261,1742520110.436026
4,365.631,1742520110.436026
5,384.246,1742520110.436026
6,374.469,1742520110.436026
7,389.199,1742520110.436026
0,378.115,1742520110.4861612
1,374.465,1742520110.4861612
2,375.945,1742520110.4861612
3,379.261,1742520110.4861612
4,367.201,1742520110.4861612
5,384.552,1742520110.4861612
6,374.469,1742520110.4861612
7,389.199,1742520110.4861612
0,378.115,1742520110.5362556
1,372.862,1742520110.5362556
2,375.945,1742520110.5362556
3,377.434,1742520110.5362556
4,367.201,1742520110.5362556
5,384.552,1742520110.5362556
6,374.469,1742520110.5362556
7,388.708,1742520110.5362556
0,378.064,1742520110.5863879
1,372.862,1742520110.5863879
2,376.35,1742520110.5863879
3,377.434,1742520110.5863879
4,367.293,1742520110.5863879
5,385.329,1742520110.5863879
6,374.397,1742520110.5863879
7,388.708,1742520110.5863879
0,378.064,1742520110.6365092
1,371.517,1742520110.6365092
2,376.35,1742520110.6365092
3,378.177,1742520110.6365092
4,367.293,1742520110.6365092
5,385.329,1742520110.6365092
6,374.397,1742520110.6365092
7,386.024,1742520110.6365092
0,378.87,1742520110.68664
1,371.517,1742520110.68664
2,378.243,1742520110.68664
3,378.177,1742520110.68664
4,367.293,1742520110.68664
5,384.724,1742520110.68664
6,373.671,1742520110.68664
7,386.024,1742520110.68664
0,378.87,1742520110.7367382
1,370.9,1742520110.7367382
2,378.243,1742520110.7367382
3,377.378,1742520110.7367382
4,369.045,1742520110.7367382
5,384.724,1742520110.7367382
6,373.671,1742520110.7367382
7,386.015,1742520110.7367382
0,380.165,1742520110.7868688
1,370.9,1742520110.7868688
2,378.014,1742520110.7868688
3,377.378,1742520110.7868688
4,369.045,1742520110.7868688
5,384.405,1742520110.7868688
6,373.519,1742520110.7868688
7,386.015,1742520110.7868688
0,380.165,1742520110.8370018
1,372.813,1742520110.8370018
2,378.014,1742520110.8370018
3,377.846,1742520110.8370018
4,370.6,1742520110.8370018
5,384.405,1742520110.8370018
6,373.519,1742520110.8370018
7,387.398,1742520110.8370018
0,380.681,1742520110.8871238
1,372.813,1742520110.8871238
2,378.355,1742520110.8871238
3,377.846,1742520110.8871238
4,371.213,1742520110.8871238
5,385.241,1742520110.8871238
6,374.142,1742520110.8871238
7,387.398,1742520110.8871238
0,380.681,1742520110.937247
1,371.679,1742520110.937247
2,378.355,1742520110.937247
3,379.066,1742520110.937247
4,371.213,1742520110.937247
5,385.241,1742520110.937247
6,374.142,1742520110.937247
7,387.505,1742520110.937247
0,380.654,1742520110.9874816
1,371.679,1742520110.9874816
2,378.611,1742520110.9874816
3,379.066,1742520110.9874816
4,371.47,1742520110.9874816
5,385.908,1742520110.9874816
6,374.009,1742520110.9874816
7,387.505,1742520110.9874816
0,380.654,1742520111.0376158
1,371.19,1742520111.0376158
2,378.611,1742520111.0376158
3,379.624,1742520111.0376158
4,371.47,1742520111.0376158
5,385.908,1742520111.0376158
6,374.009,1742520111.0376158
7,387.632,1742520111.0376158
0,381.669,1742520111.08775
1,371.19,1742520111.08775
2,378.543,1742520111.08775
3,379.624,1742520111.08775
4,370.559,1742520111.08775
5,386.22,1742520111.08775
6,373.72,1742520111.08775
7,387.632,1742520111.08775
0,381.669,1742520111.137884
1,371.301,1742520111.137884
2,378.543,1742520111.137884
3,379.464,1742520111.137884
4,370.559,1742520111.137884
5,386.22,1742520111.137884
6,373.72,1742520111.137884
7,387.146,1742520111.137884
0,382.592,1742520111.1879673
1,371.301,1742520111.1879673
2,378.543,1742520111.1879673
3,379.464,1742520111.1879673
4,369.529,1742520111.1879673
5,385.769,1742520111.1879673
6,374.866,1742520111.1879673
7,387.146,1742520111.1879673
0,382.592,1742520111.2380862
1,371.574,1742520111.2380862
2,378.369,1742520111.2380862
3,379.907,1742520111.2380862
4,369.529,1742520111.2380862
5,385.769,1742520111.2380862
6,374.866,1742520111.2380862
7,387.85,1742520111.2380862
0,383.52,1742520111.2882102
1,371.574,1742520111.2882102
2,378.369,1742520111.2882102
3,379.907,1742520111.2882102
4,370.283,1742520111.2882102
5,386.034,1742520111.2882102
6,375.947,1742520111.2882102
7,387.85,1742520111.2882102
0,383.52,1742520111.3383472
1,370.977,1742520111.3383472
2,376.026,1742520111.3383472
3,379.907,1742520111.3383472
4,370.283,1742520111.3383472
5,386.034,1742520111.3383472
6,375.947,1742520111.3383472
7,387.945,1742520111.3383472
0,383.93,1742520111.3884778
1,370.977,1742520111.3884778
2,376.026,1742520111.3884778
3,377.909,1742520111.3884778
4,369.98,1742520111.3884778
5,386.422,1742520111.3884778
6,376.306,1742520111.3884778
7,387.945,1742520111.3884778
0,383.93,1742520111.4386137
1,371.117,1742520111.4386137
2,378.513,1742520111.4386137
3,377.909,1742520111.4386137
4,369.98,1742520111.4386137
5,386.422,1742520111.4386137
6,376.306,1742520111.4386137
7,387.802,1742520111.4386137
0,383.575,1742520111.4887373
1,371.117,1742520111.4887373
2,378.513,1742520111.4887373
3,377.887,1742520111.4887373
4,369.98,1742520111.4887373
5,386.422,1742520111.4887373
6,376.438,1742520111.4887373
7,387.802,1742520111.4887373
0,383.575,1742520111.5388644
1,372.27,1742520111.5388644
2,376.303,1742520111.5388644
3,377.887,1742520111.5388644
4,369.126,1742520111.5388644
5,383.788,1742520111.5388644
6,376.438,1742520111.5388644
7,387.93,1742520111.5388644
0,383.389,1742520111.5889509
1,372.27,1742520111.5889509
2,376.303,1742520111.5889509
3,379.183,1742520111.5889509
4,369.126,1742520111.5889509
5,383.788,1742520111.5889509
6,376.207,1742520111.5889509
7,387.93,1742520111.5889509
0,383.389,1742520111.6390858
1,370.951,1742520111.6390858
2,378.107,1742520111.6390858
3,379.183,1742520111.6390858
4,368.564,1742520111.6390858
5,383.027,1742520111.6390858
6,376.207,1742520111.6390858
7,387.89,1742520111.6390858
0,383.899,1742520111.6892135
1,370.951,1742520111.6892135
2,378.107,1742520111.6892135
3,378.378,1742520111.6892135
4,368.564,1742520111.6892135
5,383.027,1742520111.6892135
6,376.901,1742520111.6892135
7,387.89,1742520111.6892135
0,383.899,1742520111.7393448
1,372.021,1742520111.7393448
2,377.93,1742520111.7393448
3,378.378,1742520111.7393448
4,367.759,1742520111.7393448
5,383.027,1742520111.7393448
6,376.901,1742520111.7393448
7,387.097,1742520111.7393448
0,383.753,1742520111.7894726
1,372.021,1742520111.7894726
2,377.93,1742520111.7894726
3,378.234,1742520111.7894726
4,367.759,1742520111.7894726
5,383.027,1742520111.7894726
6,377.094,1742520111.7894726
7,387.097,1742520111.7894726
0,383.753,1742520111.8396049
1,371.007,1742520111.8396049
2,377.43,1742520111.8396049
3,378.234,1742520111.8396049
4,367.816,1742520111.8396049
5,381.405,1742520111.8396049
6,377.094,1742520111.8396049
7,386.972,1742520111.8396049
0,383.723,1742520111.8897414
1,371.007,1742520111.8897414
2,377.43,1742520111.8897414
3,378.333,1742520111.8897414
4,367.816,1742520111.8897414
5,381.405,1742520111.8897414
6,377.487,1742520111.8897414
7,386.972,1742520111.8897414
0,383.723,1742520111.9398623
1,373.169,1742520111.9398623
2,377.063,1742520111.9398623
3,378.333,1742520111.9398623
4,366.858,1742520111.9398623
5,381.149,1742520111.9398623
6,377.487,1742520111.9398623
7,386.903,1742520111.9398623
0,384.191,1742520111.9899514
1,373.169,1742520111.9899514
2,377.063,1742520111.9899514
3,378.241,1742520111.9899514
4,366.858,1742520111.9899514
5,381.149,1742520111.9899514
6,377.214,1742520111.9899514
7,386.903,1742520111.9899514
0,384.191,1742520112.0400863
1,372.744,1742520112.0400863
2,377.176,1742520112.0400863
3,378.241,1742520112.0400863
4,367.106,1742520112.0400863
5,382.706,1742520112.0400863
6,377.214,1742520112.0400863
7,386.23,1742520112.0400863
0,383.407,1742520112.0902154
1,372.744,1742520112.0902154
2,377.176,1742520112.0902154
3,378.132,1742520112.0902154
4,367.106,1742520112.0902154
5,382.706,1742520112.0902154
6,376.563,1742520112.0902154
7,386.23,1742520112.0902154
0,383.407,1742520112.1403506
1,370.982,1742520112.1403506
2,376.745,1742520112.1403506
3,378.132,1742520112.1403506
4,367.562,1742520112.1403506
5,383.15,1742520112.1403506
6,376.563,1742520112.1403506
7,385.709,1742520112.1403506
0,384.36,1742520112.1904848
1,370.982,1742520112.1904848
2,376.745,1742520112.1904848
3,378.175,1742520112.1904848
4,367.562,1742520112.1904848
5,383.15,1742520112.1904848
6,375.683,1742520112.1904848
7,385.709,1742520112.1904848
0,384.36,1742520112.2406187
1,371.473,1742520112.2406187
2,376.96,1742520112.2406187
3,378.175,1742520112.2406187
4,367.667,1742520112.2406187
5,382.846,1742520112.2406187
6,375.683,1742520112.2406187
7,386.932,1742520112.2406187
0,380.95,1742520112.2907524
1,371.473,1742520112.2907524
2,376.96,1742520112.2907524
3,378.471,1742520112.2907524
4,367.667,1742520112.2907524
5,382.846,1742520112.2907524
6,374.891,1742520112.2907524
7,386.932,1742520112.2907524
0,380.95,1742520112.3408859
1,374.135,1742520112.3408859
2,375.63,1742520112.3408859
3,378.471,1742520112.3408859
4,367.631,1742520112.3408859
5,381.626,1742520112.3408859
6,374.891,1742520112.3408859
7,387.922,1742520112.3408859
0,380.246,1742520112.390976
1,374.135,1742520112.390976
2,375.63,1742520112.390976
3,379.337,1742520112.390976
4,367.631,1742520112.390976
5,381.626,1742520112.390976
6,376.178,1742520112.390976
7,387.922,1742520112.390976
0,380.246,1742520112.441109
1,373.207,1742520112.441109
2,375.586,1742520112.441109
3,379.337,1742520112.441109
4,368.17,1742520112.441109
5,380.634,1742520112.441109
6,376.178,1742520112.441109
7,388.354,1742520112.441109
0,380.044,1742520112.4912322
1,373.207,1742520112.4912322
2,375.586,1742520112.4912322
3,379.754,1742520112.4912322
4,368.17,1742520112.4912322
5,380.634,1742520112.4912322
6,376.7,1742520112.4912322
7,388.354,1742520112.4912322
0,380.044,1742520112.5413666
1,373.408,1742520112.5413666
2,374.57,1742520112.5413666
3,379.754,1742520112.5413666
4,369.15,1742520112.5413666
5,380.743,1742520112.5413666
6,376.7,1742520112.5413666
7,388.733,1742520112.5413666
0,380.044,1742520112.5914977
1,373.408,1742520112.5914977
2,374.57,1742520112.5914977
3,379.582,1742520112.5914977
4,369.15,1742520112.5914977
5,380.743,1742520112.5914977
6,376.605,1742520112.5914977
7,388.733,1742520112.5914977
0,379.808,1742520112.6416297
1,373.408,1742520112.6416297
2,374.328,1742520112.6416297
3,379.582,1742520112.6416297
4,370.262,1742520112.6416297
5,380.456,1742520112.6416297
6,376.605,1742520112.6416297
7,388.562,1742520112.6416297
0,379.808,1742520112.6917791
1,372.836,1742520112.6917791
2,374.328,1742520112.6917791
3,381.128,1742520112.6917791
4,370.262,1742520112.6917791
5,380.456,1742520112.6917791
6,377.862,1742520112.6917791
7,388.562,1742520112.6917791
0,379.861,1742520112.7419105
1,372.836,1742520112.7419105
2,374.684,1742520112.7419105
3,381.128,1742520112.7419105
4,371.59,1742520112.7419105
5,381.258,1742520112.7419105
6,377.862,1742520112.7419105
7,389.385,1742520112.7419105
0,379.861,1742520112.7920048
1,372.368,1742520112.7920048
2,374.684,1742520112.7920048
3,382.274,1742520112.7920048
4,371.59,1742520112.7920048
5,381.258,1742520112.7920048
6,377.51,1742520112.7920048
7,389.385,1742520112.7920048
0,379.86,1742520112.8421378
1,372.368,1742520112.8421378
2,376.211,1742520112.8421378
3,382.274,1742520112.8421378
4,370.236,1742520112.8421378
5,381.236,1742520112.8421378
6,377.51,1742520112.8421378
7,390.038,1742520112.8421378
0,379.86,1742520112.8922718
1,372.406,1742520112.8922718
2,376.211,1742520112.8922718
3,381.085,1742520112.8922718
4,370.236,1742520112.8922718
5,381.236,1742520112.8922718
6,376.85,1742520112.8922718
7,390.038,1742520112.8922718
0,379.203,1742520112.9424098
1,372.406,1742520112.9424098
2,374.261,1742520112.9424098
3,381.085,1742520112.9424098
4,371.649,1742520112.9424098
5,381.285,1742520112.9424098
6,376.85,1742520112.9424098
7,389.782,1742520112.9424098
0,379.203,1742520112.992544
1,372.559,1742520112.992544
2,374.261,1742520112.992544
3,380.591,1742520112.992544
4,371.649,1742520112.992544
5,381.285,1742520112.992544
6,376.501,1742520112.992544
7,389.782,1742520112.992544
0,378.871,1742520113.042679
1,372.559,1742520113.042679
2,374.808,1742520113.042679
3,380.591,1742520113.042679
4,370.42,1742520113.042679
5,382.194,1742520113.042679
6,376.501,1742520113.042679
7,390.33,1742520113.042679
0,378.871,1742520113.0928159
1,373.514,1742520113.0928159
2,374.808,1742520113.0928159
3,380.405,1742520113.0928159
4,370.42,1742520113.0928159
5,382.194,1742520113.0928159
6,376.529,1742520113.0928159
7,390.33,1742520113.0928159
0,379.395,1742520113.1429048
1,373.514,1742520113.1429048
2,373.386,1742520113.1429048
3,380.405,1742520113.1429048
4,369.381,1742520113.1429048
5,381.657,1742520113.1429048
6,376.529,1742520113.1429048
7,391.141,1742520113.1429048
0,379.395,1742520113.1930304
1,374.741,1742520113.1930304
2,373.386,1742520113.1930304
3,381.082,1742520113.1930304
4,369.381,1742520113.1930304
5,381.657,1742520113.1930304
6,373.628,1742520113.1930304
7,391.141,1742520113.1930304
0,380.014,1742520113.2431636
1,374.741,1742520113.2431636
2,373.493,1742520113.2431636
3,381.082,1742520113.2431636
4,368.052,1742520113.2431636
5,383.406,1742520113.2431636
6,373.628,1742520113.2431636
7,390.054,1742520113.2431636
0,380.014,1742520113.2932909
1,373.663,1742520113.2932909
2,373.493,1742520113.2932909
3,380.036,1742520113.2932909
4,368.052,1742520113.2932909
5,383.406,1742520113.2932909
6,372.613,1742520113.2932909
7,390.054,1742520113.2932909
0,379.369,1742520113.3434749
1,373.663,1742520113.3434749
2,374.516,1742520113.3434749
3,380.036,1742520113.3434749
4,367.784,1742520113.3434749
5,385.006,1742520113.3434749
6,372.613,1742520113.3434749
7,391.375,1742520113.3434749
0,379.369,1742520113.393604
1,374.184,1742520113.393604
2,374.516,1742520113.393604
3,379.652,1742520113.393604
4,367.784,1742520113.393604
5,385.006,1742520113.393604
6,374.16,1742520113.393604
7,391.375,1742520113.393604
0,379.653,1742520113.4438694
1,374.184,1742520113.4438694
2,374.558,1742520113.4438694
3,379.652,1742520113.4438694
4,367.277,1742520113.4438694
5,385.768,1742520113.4438694
6,374.16,1742520113.4438694
7,391.938,1742520113.4438694
0,379.653,1742520113.4939964
1,374.442,1742520113.4939964
2,374.558,1742520113.4939964
3,379.952,1742520113.4939964
4,367.277,1742520113.4939964
5,385.768,1742520113.4939964
6,374.506,1742520113.4939964
7,391.938,1742520113.4939964
0,381.239,1742520113.5440898
1,374.442,1742520113.5440898
2,373.314,1742520113.5440898
3,379.952,1742520113.5440898
4,368.212,1742520113.5440898
5,385.629,1742520113.5440898
6,374.506,1742520113.5440898
7,392.308,1742520113.5440898
0,381.239,1742520113.594338
1,374.772,1742520113.594338
2,373.314,1742520113.594338
3,380.147,1742520113.594338
4,368.212,1742520113.594338
5,385.629,1742520113.594338
6,374.953,1742520113.594338
7,392.308,1742520113.594338
0,379.398,1742520113.644473
1,374.772,1742520113.644473
2,372.915,1742520113.644473
3,380.147,1742520113.644473
4,368.564,1742520113.644473
5,385.961,1742520113.644473
6,374.953,1742520113.644473
7,392.569,1742520113.644473
0,379.398,1742520113.6947312
1,375.602,1742520113.6947312
2,372.915,1742520113.6947312
3,380.261,1742520113.6947312
4,368.564,1742520113.6947312
5,385.961,1742520113.6947312
6,375.851,1742520113.6947312
7,392.569,1742520113.6947312
0,379.248,1742520113.7449067
1,375.602,1742520113.7449067
2,372.009,1742520113.7449067
3,380.261,1742520113.7449067
4,369.551,1742520113.7449067
5,385.011,1742520113.7449067
6,375.851,1742520113.7449067
7,392.569,1742520113.7449067
0,379.248,1742520113.7950387
1,371.354,1742520113.7950387
2,372.009,1742520113.7950387
3,379.904,1742520113.7950387
4,369.551,1742520113.7950387
5,385.011,1742520113.7950387
6,375.828,1742520113.7950387
7,390.761,1742520113.7950387
0,379.056,1742520113.8452082
1,371.354,1742520113.8452082
2,372.774,1742520113.8452082
3,379.904,1742520113.8452082
4,370.689,1742520113.8452082
5,384.425,1742520113.8452082
6,375.828,1742520113.8452082
7,390.761,1742520113.8452082
0,379.056,1742520113.8953393
1,370.489,1742520113.8953393
2,372.774,1742520113.8953393
3,380.026,1742520113.8953393
4,370.689,1742520113.8953393
5,384.425,1742520113.8953393
6,376.504,1742520113.8953393
7,390.263,1742520113.8953393
0,379.321,1742520113.9454284
1,370.489,1742520113.9454284
2,374.2,1742520113.9454284
3,380.026,1742520113.9454284
4,370.45,1742520113.9454284
5,384.532,1742520113.9454284
6,376.504,1742520113.9454284
7,390.263,1742520113.9454284
0,379.321,1742520113.995552
1,370.145,1742520113.995552
2,374.2,1742520113.995552
3,379.782,1742520113.995552
4,370.45,1742520113.995552
5,384.532,1742520113.995552
6,376.712,1742520113.995552
7,390.566,1742520113.995552
0,379.023,1742520114.0456836
1,370.145,1742520114.0456836
2,375.527,1742520114.0456836
3,379.782,1742520114.0456836
4,371.715,1742520114.0456836
5,383.78,1742520114.0456836
6,376.712,1742520114.0456836
7,390.566,1742520114.0456836
0,379.023,1742520114.0958214
1,370.781,1742520114.0958214
2,375.527,1742520114.0958214
3,379.005,1742520114.0958214
4,371.715,1742520114.0958214
5,383.78,1742520114.0958214
6,375.994,1742520114.0958214
7,387.676,1742520114.0958214
0,379.683,1742520114.1460018
1,370.781,1742520114.1460018
2,376.173,1742520114.1460018
3,379.005,1742520114.1460018
4,374.256,1742520114.1460018
5,384.321,1742520114.1460018
6,375.994,1742520114.1460018
7,387.676,1742520114.1460018
0,379.683,1742520114.1961293
1,371.179,1742520114.1961293
2,376.173,1742520114.1961293
3,377.848,1742520114.1961293
4,374.256,1742520114.1961293
5,384.321,1742520114.1961293
6,375.809,1742520114.1961293
7,388.854,1742520114.1961293
0,379.48,1742520114.2462513
1,371.179,1742520114.2462513
2,377.43,1742520114.2462513
3,377.848,1742520114.2462513
4,374.625,1742520114.2462513
5,384.328,1742520114.2462513
6,375.809,1742520114.2462513
7,388.854,1742520114.2462513
0,379.48,1742520114.2963839
1,372.985,1742520114.2963839
2,377.43,1742520114.2963839
3,378.283,1742520114.2963839
4,374.625,1742520114.2963839
5,384.328,1742520114.2963839
6,375.413,1742520114.2963839
7,389.882,1742520114.2963839
0,380.2,1742520114.3464732
1,372.985,1742520114.3464732
2,377.626,1742520114.3464732
3,378.283,1742520114.3464732
4,374.084,1742520114.3464732
5,384.154,1742520114.3464732
6,375.413,1742520114.3464732
7,389.882,1742520114.3464732
0,380.2,1742520114.3965955
1,373.452,1742520114.3965955
2,377.626,1742520114.3965955
3,376.752,1742520114.3965955
4,374.084,1742520114.3965955
5,384.154,1742520114.3965955
6,375.983,1742520114.3965955
7,389.128,1742520114.3965955
0,381.199,1742520114.4467206
1,373.452,1742520114.4467206
2,377.342,1742520114.4467206
3,376.752,1742520114.4467206
4,373.888,1742520114.4467206
5,384.136,1742520114.4467206
6,375.983,1742520114.4467206
7,389.128,1742520114.4467206
0,381.199,1742520114.4968483
1,373.467,1742520114.4968483
2,377.342,1742520114.4968483
3,378.912,1742520114.4968483
4,373.888,1742520114.4968483
5,384.136,1742520114.4968483
6,375.408,1742520114.4968483
7,388.039,1742520114.4968483
0,382.099,1742520114.546975
1,373.467,1742520114.546975
2,378.54,1742520114.546975
3,378.912,1742520114.546975
4,373.633,1742520114.546975
5,385.184,1742520114.546975
6,375.408,1742520114.546975
7,388.039,1742520114.546975
0,382.099,1742520114.5971067
1,372.236,1742520114.5971067
2,378.54,1742520114.5971067
3,380.396,1742520114.5971067
4,373.633,1742520114.5971067
5,385.184,1742520114.5971067
6,375.254,1742520114.5971067
7,389.261,1742520114.5971067
0,383.516,1742520114.6472833
1,372.236,1742520114.6472833
2,377.501,1742520114.6472833
3,380.396,1742520114.6472833
4,373.887,1742520114.6472833
5,385.05,1742520114.6472833
6,375.254,1742520114.6472833
7,389.261,1742520114.6472833
0,383.516,1742520114.6974192
1,370.99,1742520114.6974192
2,377.501,1742520114.6974192
3,379.811,1742520114.6974192
4,373.887,1742520114.6974192
5,385.05,1742520114.6974192
6,375.111,1742520114.6974192
7,389.041,1742520114.6974192
0,383.135,1742520114.7475169
1,370.99,1742520114.7475169
2,377.685,1742520114.7475169
3,379.811,1742520114.7475169
4,372.968,1742520114.7475169
5,386.103,1742520114.7475169
6,375.111,1742520114.7475169
7,389.041,1742520114.7475169
0,383.135,1742520114.7976375
1,372.466,1742520114.7976375
2,377.685,1742520114.7976375
3,379.543,1742520114.7976375
4,372.968,1742520114.7976375
5,386.103,1742520114.7976375
6,375.916,1742520114.7976375
7,389.784,1742520114.7976375
0,383.326,1742520114.847762
1,372.466,1742520114.847762
2,375.999,1742520114.847762
3,379.543,1742520114.847762
4,372.835,1742520114.847762
5,387.485,1742520114.847762
6,375.916,1742520114.847762
7,389.784,1742520114.847762
0,383.326,1742520114.8978934
1,370.858,1742520114.8978934
2,375.999,1742520114.8978934
3,379.687,1742520114.8978934
4,372.835,1742520114.8978934
5,387.485,1742520114.8978934
6,376.68,1742520114.8978934
7,388.967,1742520114.8978934
0,384.371,1742520114.9480233
1,370.858,1742520114.9480233
2,374.895,1742520114.9480233
3,379.687,1742520114.9480233
4,373.762,1742520114.9480233
5,387.947,1742520114.9480233
6,376.68,1742520114.9480233
7,388.967,1742520114.9480233
0,384.371,1742520114.9981563
1,371.187,1742520114.9981563
2,374.895,1742520114.9981563
3,380.679,1742520114.9981563
4,373.762,1742520114.9981563
5,387.947,1742520114.9981563
6,377.45,1742520114.9981563
7,388.105,1742520114.9981563
0,383.533,1742520115.0482917
1,371.187,1742520115.0482917
2,373.866,1742520115.0482917
3,380.679,1742520115.0482917
4,373.545,1742520115.0482917
5,385.142,1742520115.0482917
6,377.45,1742520115.0482917
7,388.105,1742520115.0482917
0,383.533,1742520115.0984156
1,369.427,1742520115.0984156
2,373.866,1742520115.0984156
3,382.738,1742520115.0984156
4,373.545,1742520115.0984156
5,385.142,1742520115.0984156
6,378.938,1742520115.0984156
7,387.354,1742520115.0984156
0,383.347,1742520115.1485271
1,369.427,1742520115.1485271
2,373.626,1742520115.1485271
3,382.738,1742520115.1485271
4,371.542,1742520115.1485271
5,383.049,1742520115.1485271
6,378.938,1742520115.1485271
7,387.354,1742520115.1485271
0,383.347,1742520115.198692
1,367.856,1742520115.198692
2,373.626,1742520115.198692
3,383.256,1742520115.198692
4,371.542,1742520115.198692
5,383.049,1742520115.198692
6,380.649,1742520115.198692
7,387.515,1742520115.198692
0,382.938,1742520115.2488263
1,367.856,1742520115.2488263
2,374.836,1742520115.2488263
3,383.256,1742520115.2488263
4,372.768,1742520115.2488263
5,382.562,1742520115.2488263
6,380.649,1742520115.2488263
7,387.515,1742520115.2488263
0,382.938,1742520115.2990034
1,366.739,1742520115.2990034
2,374.836,1742520115.2990034
3,382.211,1742520115.2990034
4,372.768,1742520115.2990034
5,382.562,1742520115.2990034
6,381.59,1742520115.2990034
7,386.059,1742520115.2990034
0,381.879,1742520115.349129
1,366.739,1742520115.349129
2,375.398,1742520115.349129
3,382.211,1742520115.349129
4,370.757,1742520115.349129
5,380.745,1742520115.349129
6,381.59,1742520115.349129
7,386.059,1742520115.349129
0,381.879,1742520115.3992286
1,367.314,1742520115.3992286
2,375.398,1742520115.3992286
3,379.97,1742520115.3992286
4,370.757,1742520115.3992286
5,380.745,1742520115.3992286
6,380.79,1742520115.3992286
7,384.579,1742520115.3992286
0,379.75,1742520115.449363
1,367.314,1742520115.449363
2,375.933,1742520115.449363
3,379.97,1742520115.449363
4,371.116,1742520115.449363
5,379.502,1742520115.449363
6,380.79,1742520115.449363
7,384.579,1742520115.449363
0,379.75,1742520115.4994998
1,366.037,1742520115.4994998
2,375.933,1742520115.4994998
3,378.863,1742520115.4994998
4,371.116,1742520115.4994998
5,379.502,1742520115.4994998
6,378.988,1742520115.4994998
7,383.273,1742520115.4994998
0,377.91,1742520115.5495887
1,366.037,1742520115.5495887
2,377.156,1742520115.5495887
3,378.863,1742520115.5495887
4,370.124,1742520115.5495887
5,379.04,1742520115.5495887
6,378.988,1742520115.5495887
7,383.273,1742520115.5495887
0,377.91,1742520115.5997224
1,369.306,1742520115.5997224
2,377.156,1742520115.5997224
3,377.066,1742520115.5997224
4,370.124,1742520115.5997224
5,379.04,1742520115.5997224
6,377.073,1742520115.5997224
7,383.274,1742520115.5997224
0,377.948,1742520115.6498501
1,369.306,1742520115.6498501
2,377.794,1742520115.6498501
3,377.066,1742520115.6498501
4,368.531,1742520115.6498501
5,379.092,1742520115.6498501
6,377.073,1742520115.6498501
7,383.274,1742520115.6498501
0,377.948,1742520115.6999938
1,368.978,1742520115.6999938
2,377.794,1742520115.6999938
3,376.408,1742520115.6999938
4,368.531,1742520115.6999938
5,379.092,1742520115.6999938
6,376.014,1742520115.6999938
7,382.627,1742520115.6999938
0,378.573,1742520115.75014
1,368.978,1742520115.75014
2,379.247,1742520115.75014
3,376.408,1742520115.75014
4,365.967,1742520115.75014
5,380.688,1742520115.75014
6,376.014,1742520115.75014
7,382.627,1742520115.75014
0,378.573,1742520115.8002758
1,370.343,1742520115.8002758
2,379.247,1742520115.8002758
3,377.706,1742520115.8002758
4,365.967,1742520115.8002758
5,380.688,1742520115.8002758
6,376.399,1742520115.8002758
7,382.576,1742520115.8002758
0,377.502,1742520115.8504114
1,370.343,1742520115.8504114
2,379.184,1742520115.8504114
3,377.706,1742520115.8504114
4,367.894,1742520115.8504114
5,379.806,1742520115.8504114
6,376.399,1742520115.8504114
7,382.576,1742520115.8504114
0,377.502,1742520115.9005373
1,372.375,1742520115.9005373
2,379.184,1742520115.9005373
3,377.706,1742520115.9005373
4,367.894,1742520115.9005373
5,379.806,1742520115.9005373
6,374.724,1742520115.9005373
7,384.284,1742520115.9005373
0,377.553,1742520115.9506366
1,372.375,1742520115.9506366
2,379.286,1742520115.9506366
3,377.419,1742520115.9506366
4,366.642,1742520115.9506366
5,379.586,1742520115.9506366
6,374.724,1742520115.9506366
7,384.284,1742520115.9506366
0,377.553,1742520116.000766
1,372.123,1742520116.000766
2,379.286,1742520116.000766
3,377.419,1742520116.000766
4,366.642,1742520116.000766
5,379.586,1742520116.000766
6,374.661,1742520116.000766
7,385.823,1742520116.000766
0,379.113,1742520116.0508993
1,372.123,1742520116.0508993
2,378.978,1742520116.0508993
3,377.888,1742520116.0508993
4,366.409,1742520116.0508993
5,381.176,1742520116.0508993
6,374.661,1742520116.0508993
7,385.823,1742520116.0508993
0,379.113,1742520116.1010325
1,371.995,1742520116.1010325
2,378.978,1742520116.1010325
3,377.888,1742520116.1010325
4,366.409,1742520116.1010325
5,381.176,1742520116.1010325
6,374.933,1742520116.1010325
7,386.648,1742520116.1010325
0,378.16,1742520116.1511557
1,371.995,1742520116.1511557
2,378.71,1742520116.1511557
3,379.366,1742520116.1511557
4,366.031,1742520116.1511557
5,382.283,1742520116.1511557
6,374.933,1742520116.1511557
7,386.648,1742520116.1511557
0,378.16,1742520116.2012978
1,371.77,1742520116.2012978
2,378.71,1742520116.2012978
3,379.366,1742520116.2012978
4,366.031,1742520116.2012978
5,382.283,1742520116.2012978
6,375.795,1742520116.2012978
7,386.944,1742520116.2012978
0,378.955,1742520116.2515388
1,371.77,1742520116.2515388
2,377.049,1742520116.2515388
3,380.496,1742520116.2515388
4,365.947,1742520116.2515388
5,381.725,1742520116.2515388
6,375.795,1742520116.2515388
7,386.944,1742520116.2515388
0,378.955,1742520116.3016796
1,372.254,1742520116.3016796
2,377.049,1742520116.3016796
3,380.496,1742520116.3016796
4,365.947,1742520116.3016796
5,381.725,1742520116.3016796
6,376.626,1742520116.3016796
7,387.414,1742520116.3016796
0,379.126,1742520116.3518298
1,372.254,1742520116.3518298
2,375.518,1742520116.3518298
3,381.646,1742520116.3518298
4,368.126,1742520116.3518298
5,383.551,1742520116.3518298
6,376.626,1742520116.3518298
7,387.414,1742520116.3518298
0,379.126,1742520116.4019344
1,373.275,1742520116.4019344
2,375.518,1742520116.4019344
3,381.646,1742520116.4019344
4,368.126,1742520116.4019344
5,383.551,1742520116.4019344
6,378.271,1742520116.4019344
7,389.644,1742520116.4019344
0,379.487,1742520116.4521616
1,373.275,1742520116.4521616
2,376.251,1742520116.4521616
3,381.66,1742520116.4521616
4,370.456,1742520116.4521616
5,382.649,1742520116.4521616
6,378.271,1742520116.4521616
7,389.644,1742520116.4521616
0,379.487,1742520116.5022867
1,372.928,1742520116.5022867
2,376.251,1742520116.5022867
3,381.66,1742520116.5022867
4,370.456,1742520116.5022867
5,382.649,1742520116.5022867
6,378.271,1742520116.5022867
7,388.88,1742520116.5022867
0,379.242,1742520116.5524204
1,372.928,1742520116.5524204
2,375.711,1742520116.5524204
3,382.797,1742520116.5524204
4,370.205,1742520116.5524204
5,382.695,1742520116.5524204
6,379.13,1742520116.5524204
7,388.88,1742520116.5524204
0,379.242,1742520116.602543
1,372.772,1742520116.602543
2,375.711,1742520116.602543
3,382.797,1742520116.602543
4,370.205,1742520116.602543
5,382.695,1742520116.602543
6,379.13,1742520116.602543
7,388.946,1742520116.602543
0,379.351,1742520116.6526763
1,372.772,1742520116.6526763
2,376.294,1742520116.6526763
3,383.372,1742520116.6526763
4,370.006,1742520116.6526763
5,382.696,1742520116.6526763
6,379.6,1742520116.6526763
7,388.946,1742520116.6526763
0,379.351,1742520116.702762
1,372.192,1742520116.702762
2,376.294,1742520116.702762
3,383.372,1742520116.702762
4,370.006,1742520116.702762
5,382.696,1742520116.702762
6,379.6,1742520116.702762
7,390.329,1742520116.702762
0,380.324,1742520116.7529411
1,372.192,1742520116.7529411
2,375.608,1742520116.7529411
3,384.32,1742520116.7529411
4,369.946,1742520116.7529411
5,382.649,1742520116.7529411
6,378.077,1742520116.7529411
7,390.329,1742520116.7529411
0,380.324,1742520116.8031285
1,372.135,1742520116.8031285
2,375.608,1742520116.8031285
3,384.32,1742520116.8031285
4,369.946,1742520116.8031285
5,382.649,1742520116.8031285
6,378.077,1742520116.8031285
7,390.539,1742520116.8031285
0,379.729,1742520116.8532531
1,372.135,1742520116.8532531
2,375.334,1742520116.8532531
3,383.29,1742520116.8532531
4,369.269,1742520116.8532531
5,382.404,1742520116.8532531
6,377.708,1742520116.8532531
7,390.539,1742520116.8532531
0,379.729,1742520116.903378
1,371.658,1742520116.903378
2,375.334,1742520116.903378
3,383.29,1742520116.903378
4,369.269,1742520116.903378
5,382.404,1742520116.903378
6,377.708,1742520116.903378
7,389.248,1742520116.903378
0,379.394,1742520116.953511
1,371.658,1742520116.953511
2,375.074,1742520116.953511
3,382.822,1742520116.953511
4,369.052,1742520116.953511
5,381.01,1742520116.953511
6,378.463,1742520116.953511
7,389.248,1742520116.953511
0,379.394,1742520117.0036433
1,373.375,1742520117.0036433
2,375.074,1742520117.0036433
3,382.822,1742520117.0036433
4,369.052,1742520117.0036433
5,381.01,1742520117.0036433
6,378.463,1742520117.0036433
7,390.088,1742520117.0036433
0,378.989,1742520117.053778
1,373.375,1742520117.053778
2,376.578,1742520117.053778
3,382.347,1742520117.053778
4,368.411,1742520117.053778
5,381.836,1742520117.053778
6,378.23,1742520117.053778
7,390.088,1742520117.053778
0,378.989,1742520117.1038675
1,375.161,1742520117.1038675
2,376.578,1742520117.1038675
3,382.347,1742520117.1038675
4,368.411,1742520117.1038675
5,381.836,1742520117.1038675
6,378.23,1742520117.1038675
7,390.618,1742520117.1038675
0,378.011,1742520117.154002
1,375.161,1742520117.154002
2,377.333,1742520117.154002
3,380.941,1742520117.154002
4,367.68,1742520117.154002
5,383.335,1742520117.154002
6,378.061,1742520117.154002
7,390.618,1742520117.154002
0,378.011,1742520117.2041326
1,376.39,1742520117.2041326
2,377.333,1742520117.2041326
3,380.941,1742520117.2041326
4,367.68,1742520117.2041326
5,383.335,1742520117.2041326
6,378.061,1742520117.2041326
7,390.99,1742520117.2041326
0,378.738,1742520117.2542639
1,376.39,1742520117.2542639
2,377.982,1742520117.2542639
3,380.876,1742520117.2542639
4,368.089,1742520117.2542639
5,384.368,1742520117.2542639
6,377.592,1742520117.2542639
7,390.99,1742520117.2542639
0,378.738,1742520117.3043973
1,377.277,1742520117.3043973
2,377.982,1742520117.3043973
3,380.876,1742520117.3043973
4,368.089,1742520117.3043973
5,384.368,1742520117.3043973
6,377.592,1742520117.3043973
7,390.366,1742520117.3043973
0,377.568,1742520117.3545299
1,377.277,1742520117.3545299
2,377.982,1742520117.3545299
3,380.79,1742520117.3545299
4,366.818,1742520117.3545299
5,385.247,1742520117.3545299
6,376.878,1742520117.3545299
7,390.366,1742520117.3545299
0,377.568,1742520117.404666
1,375.095,1742520117.404666
2,377.97,1742520117.404666
3,380.79,1742520117.404666
4,366.818,1742520117.404666
5,385.247,1742520117.404666
6,376.878,1742520117.404666
7,391.071,1742520117.404666
0,379.234,1742520117.4548151
1,375.095,1742520117.4548151
2,377.97,1742520117.4548151
3,381.314,1742520117.4548151
4,366.818,1742520117.4548151
5,385.63,1742520117.4548151
6,376.785,1742520117.4548151
7,391.071,1742520117.4548151
0,379.234,1742520117.504908
1,376.663,1742520117.504908
2,378.616,1742520117.504908
3,381.314,1742520117.504908
4,367.486,1742520117.504908
5,385.63,1742520117.504908
6,376.785,1742520117.504908
7,391.402,1742520117.504908
0,379.411,1742520117.5550394
1,376.663,1742520117.5550394
2,378.616,1742520117.5550394
3,380.658,1742520117.5550394
4,367.486,1742520117.5550394
5,385.192,1742520117.5550394
6,376.155,1742520117.5550394
7,391.402,1742520117.5550394
0,379.411,1742520117.6051908
1,375.325,1742520117.6051908
2,377.95,1742520117.6051908
3,380.658,1742520117.6051908
4,368.244,1742520117.6051908
5,385.192,1742520117.6051908
6,376.155,1742520117.6051908
7,391.117,1742520117.6051908
0,378.687,1742520117.6553235
1,375.325,1742520117.6553235
2,377.95,1742520117.6553235
3,379.614,1742520117.6553235
4,368.244,1742520117.6553235
5,385.354,1742520117.6553235
6,376.609,1742520117.6553235
7,391.117,1742520117.6553235
0,378.687,1742520117.7054574
1,374.582,1742520117.7054574
2,376.704,1742520117.7054574
3,379.614,1742520117.7054574
4,369.633,1742520117.7054574
5,385.354,1742520117.7054574
6,376.609,1742520117.7054574
7,388.239,1742520117.7054574
0,379.513,1742520117.7555923
1,374.582,1742520117.7555923
2,376.704,1742520117.7555923
3,378.233,1742520117.7555923
4,369.633,1742520117.7555923
5,385.735,1742520117.7555923
6,376.568,1742520117.7555923
7,388.239,1742520117.7555923
0,379.513,1742520117.8057213
1,374.285,1742520117.8057213
2,376.501,1742520117.8057213
3,378.233,1742520117.8057213
4,369.71,1742520117.8057213
5,385.735,1742520117.8057213
6,376.568,1742520117.8057213
7,389.151,1742520117.8057213
0,380.303,1742520117.8558536
1,374.285,1742520117.8558536
2,376.501,1742520117.8558536
3,377.864,1742520117.8558536
4,369.71,1742520117.8558536
5,385.735,1742520117.8558536
6,376.244,1742520117.8558536
7,389.151,1742520117.8558536
0,380.303,1742520117.9059484
1,375.373,1742520117.9059484
2,376.729,1742520117.9059484
3,377.864,1742520117.9059484
4,370.576,1742520117.9059484
5,385.587,1742520117.9059484
6,376.244,1742520117.9059484
7,388.693,1742520117.9059484
0,380.759,1742520117.9560826
1,375.373,1742520117.9560826
2,376.729,1742520117.9560826
3,377.107,1742520117.9560826
4,370.576,1742520117.9560826
5,385.587,1742520117.9560826
6,375.937,1742520117.9560826
7,388.693,1742520117.9560826
0,380.759,1742520118.0061822
1,374.856,1742520118.0061822
2,376.619,1742520118.0061822
3,377.107,1742520118.0061822
4,371.855,1742520118.0061822
5,385.534,1742520118.0061822
6,375.937,1742520118.0061822
7,387.918,1742520118.0061822
0,381.302,1742520118.0563185
1,374.856,1742520118.0563185
2,376.619,1742520118.0563185
3,376.315,1742520118.0563185
4,371.855,1742520118.0563185
5,385.534,1742520118.0563185
6,375.979,1742520118.0563185
7,387.918,1742520118.0563185
0,381.302,1742520118.1064448
1,374.856,1742520118.1064448
2,377.425,1742520118.1064448
3,376.315,1742520118.1064448
4,372.012,1742520118.1064448
5,384.962,1742520118.1064448
6,375.979,1742520118.1064448
7,388.452,1742520118.1064448
0,381.078,1742520118.1565778
1,374.485,1742520118.1565778
2,377.425,1742520118.1565778
3,377.152,1742520118.1565778
4,372.012,1742520118.1565778
5,384.962,1742520118.1565778
6,377.178,1742520118.1565778
7,388.452,1742520118.1565778
0,381.078,1742520118.2067115
1,371.816,1742520118.2067115
2,377.825,1742520118.2067115
3,377.152,1742520118.2067115
4,371.498,1742520118.2067115
5,384.497,1742520118.2067115
6,377.178,1742520118.2067115
7,388.582,1742520118.2067115
0,381.036,1742520118.256832
1,371.816,1742520118.256832
2,377.825,1742520118.256832
3,375.291,1742520118.256832
4,371.498,1742520118.256832
5,384.497,1742520118.256832
6,376.627,1742520118.256832
7,388.582,1742520118.256832
0,381.036,1742520118.306927
1,372.597,1742520118.306927
2,376.97,1742520118.306927
3,375.291,1742520118.306927
4,371.157,1742520118.306927
5,383.867,1742520118.306927
6,376.627,1742520118.306927
7,387.439,1742520118.306927
0,380.472,1742520118.357047
1,372.597,1742520118.357047
2,376.97,1742520118.357047
3,375.012,1742520118.357047
4,371.157,1742520118.357047
5,383.867,1742520118.357047
6,375.585,1742520118.357047
7,387.439,1742520118.357047
0,380.472,1742520118.4071796
1,372.836,1742520118.4071796
2,375.471,1742520118.4071796
3,375.012,1742520118.4071796
4,370.588,1742520118.4071796
5,384.724,1742520118.4071796
6,375.585,1742520118.4071796
7,388.029,1742520118.4071796
0,381.504,1742520118.4572988
1,372.836,1742520118.4572988
2,375.471,1742520118.4572988
3,377.011,1742520118.4572988
4,370.588,1742520118.4572988
5,384.724,1742520118.4572988
6,374.707,1742520118.4572988
7,388.029,1742520118.4572988
0,381.504,1742520118.507432
1,372.42,1742520118.507432
2,377.549,1742520118.507432
3,377.011,1742520118.507432
4,369.308,1742520118.507432
5,386.419,1742520118.507432
6,374.707,1742520118.507432
7,388.783,1742520118.507432
0,382.302,1742520118.5575776
1,372.42,1742520118.5575776
2,377.549,1742520118.5575776
3,377.446,1742520118.5575776
4,369.308,1742520118.5575776
5,386.419,1742520118.5575776
6,374.163,1742520118.5575776
7,388.783,1742520118.5575776
0,382.302,1742520118.607704
1,372.742,1742520118.607704
2,376.168,1742520118.607704
3,377.446,1742520118.607704
4,368.999,1742520118.607704
5,386.802,1742520118.607704
6,374.163,1742520118.607704
7,389.744,1742520118.607704
0,382.302,1742520118.6578221
1,372.742,1742520118.6578221
2,376.168,1742520118.6578221
3,377.729,1742520118.6578221
4,368.999,1742520118.6578221
5,386.802,1742520118.6578221
6,373.888,1742520118.6578221
7,389.744,1742520118.6578221
0,384.145,1742520118.707995
1,373.543,1742520118.707995
2,375.795,1742520118.707995
3,377.729,1742520118.707995
4,370.398,1742520118.707995
5,388.46,1742520118.707995
6,373.888,1742520118.707995
7,389.549,1742520118.707995
0,384.145,1742520118.7581189
1,373.543,1742520118.7581189
2,375.795,1742520118.7581189
3,378.986,1742520118.7581189
4,370.398,1742520118.7581189
5,388.46,1742520118.7581189
6,374.351,1742520118.7581189
7,389.549,1742520118.7581189
0,384.286,1742520118.808251
1,372.621,1742520118.808251
2,373.504,1742520118.808251
3,378.986,1742520118.808251
4,370.916,1742520118.808251
5,388.889,1742520118.808251
6,374.351,1742520118.808251
7,390.445,1742520118.808251
0,384.286,1742520118.8583689
1,372.621,1742520118.8583689
2,373.504,1742520118.8583689
3,380.755,1742520118.8583689
4,370.916,1742520118.8583689
5,388.889,1742520118.8583689
6,375.656,1742520118.8583689
7,390.445,1742520118.8583689
0,384.166,1742520118.9085004
1,372.707,1742520118.9085004
2,375.003,1742520118.9085004
3,380.755,1742520118.9085004
4,370.575,1742520118.9085004
5,388.591,1742520118.9085004
6,375.656,1742520118.9085004
7,389.574,1742520118.9085004
0,384.166,1742520118.9586203
1,372.707,1742520118.9586203
2,375.003,1742520118.9586203
3,380.744,1742520118.9586203
4,370.575,1742520118.9586203
5,388.591,1742520118.9586203
6,375.898,1742520118.9586203
7,389.574,1742520118.9586203
0,383.728,1742520119.0087512
1,369.77,1742520119.0087512
2,375.576,1742520119.0087512
3,380.744,1742520119.0087512
4,370.15,1742520119.0087512
5,387.66,1742520119.0087512
6,375.898,1742520119.0087512
7,389.841,1742520119.0087512
0,383.728,1742520119.058843
1,369.77,1742520119.058843
2,375.576,1742520119.058843
3,380.865,1742520119.058843
4,370.15,1742520119.058843
5,387.66,1742520119.058843
6,375.354,1742520119.058843
7,389.841,1742520119.058843
0,382.005,1742520119.1089642
1,370.303,1742520119.1089642
2,375.376,1742520119.1089642
3,380.865,1742520119.1089642
4,370.108,1742520119.1089642
5,387.948,1742520119.1089642
6,375.354,1742520119.1089642
7,389.248,1742520119.1089642
0,382.005,1742520119.1591516
1,370.303,1742520119.1591516
2,375.376,1742520119.1591516
3,380.403,1742520119.1591516
4,370.108,1742520119.1591516
5,387.948,1742520119.1591516
6,376.312,1742520119.1591516
7,389.248,1742520119.1591516
0,381.439,1742520119.2092745
1,370.439,1742520119.2092745
2,375.642,1742520119.2092745
3,380.403,1742520119.2092745
4,370.056,1742520119.2092745
5,387.179,1742520119.2092745
6,376.312,1742520119.2092745
7,389.248,1742520119.2092745
0,381.439,1742520119.2594013
1,370.439,1742520119.2594013
2,375.642,1742520119.2594013
3,380.715,1742520119.2594013
4,370.056,1742520119.2594013
5,387.179,1742520119.2594013
6,376.772,1742520119.2594013
7,388.715,1742520119.2594013
0,381.317,1742520119.3095355
1,369.409,1742520119.3095355
2,377.494,1742520119.3095355
3,380.715,1742520119.3095355
4,370.892,1742520119.3095355
5,386.658,1742520119.3095355
6,376.772,1742520119.3095355
7,388.715,1742520119.3095355
0,381.317,1742520119.359668
1,369.409,1742520119.359668
2,377.494,1742520119.359668
3,379.38,1742520119.359668
4,370.892,1742520119.359668
5,386.658,1742520119.359668
6,377.111,1742520119.359668
7,387.954,1742520119.359668
0,381.712,1742520119.4097898
1,369.846,1742520119.4097898
2,377.983,1742520119.4097898
3,379.38,1742520119.4097898
4,370.302,1742520119.4097898
5,385.365,1742520119.4097898
6,377.111,1742520119.4097898
7,387.954,1742520119.4097898
0,381.712,1742520119.459875
1,369.846,1742520119.459875
2,377.983,1742520119.459875
3,377.292,1742520119.459875
4,370.302,1742520119.459875
5,385.365,1742520119.459875
6,377.765,1742520119.459875
7,385.547,1742520119.459875
0,381.468,1742520119.5100083
1,369.043,1742520119.5100083
2,378.18,1742520119.5100083
3,377.292,1742520119.5100083
4,369.769,1742520119.5100083
5,383.433,1742520119.5100083
6,377.765,1742520119.5100083
7,385.547,1742520119.5100083
0,381.468,1742520119.5601652
1,369.043,1742520119.5601652
2,378.18,1742520119.5601652
3,377.421,1742520119.5601652
4,369.769,1742520119.5601652
5,383.433,1742520119.5601652
6,377.765,1742520119.5601652
7,384.423,1742520119.5601652
0,380.797,1742520119.6102977
1,369.043,1742520119.6102977
2,378.356,1742520119.6102977
3,377.421,1742520119.6102977
4,369.447,1742520119.6102977
5,381.82,1742520119.6102977
6,377.765,1742520119.6102977
7,384.423,1742520119.6102977
0,380.797,1742520119.6604366
1,370.86,1742520119.6604366
2,378.356,1742520119.6604366
3,377.313,1742520119.6604366
4,369.447,1742520119.6604366
5,381.82,1742520119.6604366
6,377.359,1742520119.6604366
7,384.338,1742520119.6604366
0,376.745,1742520119.7105725
1,370.86,1742520119.7105725
2,377.852,1742520119.7105725
3,377.313,1742520119.7105725
4,367.998,1742520119.7105725
5,381.78,1742520119.7105725
6,377.359,1742520119.7105725
7,384.338,1742520119.7105725
0,376.745,1742520119.7606974
1,371.412,1742520119.7606974
2,377.852,1742520119.7606974
3,377.043,1742520119.7606974
4,367.998,1742520119.7606974
5,381.78,1742520119.7606974
6,378.002,1742520119.7606974
7,384.742,1742520119.7606974
0,376.927,1742520119.8108308
1,371.412,1742520119.8108308
2,375.683,1742520119.8108308
3,377.043,1742520119.8108308
4,367.171,1742520119.8108308
5,382.412,1742520119.8108308
6,378.002,1742520119.8108308
7,384.742,1742520119.8108308
0,376.927,1742520119.8609219
1,371.904,1742520119.8609219
2,375.683,1742520119.8609219
3,377.605,1742520119.8609219
4,367.171,1742520119.8609219
5,382.412,1742520119.8609219
6,377.598,1742520119.8609219
7,387.075,1742520119.8609219
0,378.452,1742520119.911056
1,371.904,1742520119.911056
2,376.404,1742520119.911056
3,377.605,1742520119.911056
4,365.346,1742520119.911056
5,383.191,1742520119.911056
6,377.598,1742520119.911056
7,387.075,1742520119.911056
0,378.452,1742520119.961196
1,372.471,1742520119.961196
2,376.404,1742520119.961196
3,378.259,1742520119.961196
4,365.346,1742520119.961196
5,383.191,1742520119.961196
6,376.635,1742520119.961196
7,387.078,1742520119.961196
0,379.162,1742520120.0113275
1,372.471,1742520120.0113275
2,375.923,1742520120.0113275
3,378.259,1742520120.0113275
4,365.534,1742520120.0113275
5,384.564,1742520120.0113275
6,376.635,1742520120.0113275
7,387.078,1742520120.0113275
0,379.162,1742520120.0615807
1,374.466,1742520120.0615807
2,375.923,1742520120.0615807
3,379.152,1742520120.0615807
4,365.534,1742520120.0615807
5,384.564,1742520120.0615807
6,377.371,1742520120.0615807
7,388.902,1742520120.0615807
0,378.758,1742520120.1117122
1,374.466,1742520120.1117122
2,375.915,1742520120.1117122
3,379.152,1742520120.1117122
4,366.655,1742520120.1117122
5,384.531,1742520120.1117122
6,377.371,1742520120.1117122
7,388.902,1742520120.1117122
0,378.758,1742520120.1618454
1,373.814,1742520120.1618454
2,375.915,1742520120.1618454
3,378.667,1742520120.1618454
4,366.655,1742520120.1618454
5,384.531,1742520120.1618454
6,377.528,1742520120.1618454
7,387.375,1742520120.1618454
0,378.509,1742520120.2120783
1,373.814,1742520120.2120783
2,375.247,1742520120.2120783
3,378.667,1742520120.2120783
4,367.199,1742520120.2120783
5,384.168,1742520120.2120783
6,377.528,1742520120.2120783
7,387.375,1742520120.2120783
0,378.509,1742520120.2621686
1,373.779,1742520120.2621686
2,375.247,1742520120.2621686
3,378.146,1742520120.2621686
4,367.199,1742520120.2621686
5,384.168,1742520120.2621686
6,377.739,1742520120.2621686
7,387.245,1742520120.2621686
0,378.383,1742520120.3122892
1,373.779,1742520120.3122892
2,374.61,1742520120.3122892
3,378.146,1742520120.3122892
4,368.166,1742520120.3122892
5,383.636,1742520120.3122892
6,377.739,1742520120.3122892
7,387.245,1742520120.3122892
0,378.383,1742520120.3624134
1,374.189,1742520120.3624134
2,374.61,1742520120.3624134
3,378.487,1742520120.3624134
4,368.166,1742520120.3624134
5,383.636,1742520120.3624134
6,377.781,1742520120.3624134
7,388.123,1742520120.3624134
0,377.835,1742520120.41254
1,374.189,1742520120.41254
2,373.73,1742520120.41254
3,378.487,1742520120.41254
4,368.889,1742520120.41254
5,382.966,1742520120.41254
6,377.781,1742520120.41254
7,388.123,1742520120.41254
0,377.835,1742520120.4626648
1,374.222,1742520120.4626648
2,373.73,1742520120.4626648
3,378.781,1742520120.4626648
4,368.889,1742520120.4626648
5,382.966,1742520120.4626648
6,378.208,1742520120.4626648
7,387.3,1742520120.4626648
0,377.86,1742520120.512809
1,374.222,1742520120.512809
2,373.838,1742520120.512809
3,378.781,1742520120.512809
4,369.781,1742520120.512809
5,383.055,1742520120.512809
6,378.208,1742520120.512809
7,387.3,1742520120.512809
0,377.86,1742520120.5629408
1,373.486,1742520120.5629408
2,373.838,1742520120.5629408
3,380.002,1742520120.5629408
4,369.781,1742520120.5629408
5,383.055,1742520120.5629408
6,378.275,1742520120.5629408
7,390.138,1742520120.5629408
0,377.489,1742520120.6130698
1,373.486,1742520120.6130698
2,375.239,1742520120.6130698
3,380.002,1742520120.6130698
4,368.754,1742520120.6130698
5,383.303,1742520120.6130698
6,378.275,1742520120.6130698
7,390.138,1742520120.6130698
0,377.489,1742520120.663164
1,373.1,1742520120.663164
2,375.239,1742520120.663164
3,380.274,1742520120.663164
4,368.754,1742520120.663164
5,383.303,1742520120.663164
6,378.705,1742520120.663164
7,390.776,1742520120.663164
0,376.361,1742520120.713296
1,373.1,1742520120.713296
2,377.341,1742520120.713296
3,380.274,1742520120.713296
4,369.475,1742520120.713296
5,382.586,1742520120.713296
6,378.705,1742520120.713296
7,390.776,1742520120.713296
0,376.361,1742520120.7634299
1,373.403,1742520120.7634299
2,377.341,1742520120.7634299
3,378.454,1742520120.7634299
4,369.475,1742520120.7634299
5,382.586,1742520120.7634299
6,376.218,1742520120.7634299
7,390.086,1742520120.7634299
0,376.536,1742520120.8135648
1,373.403,1742520120.8135648
2,377.932,1742520120.8135648
3,378.454,1742520120.8135648
4,370.057,1742520120.8135648
5,381.753,1742520120.8135648
6,376.218,1742520120.8135648
7,390.086,1742520120.8135648
0,376.536,1742520120.8636854
1,373.737,1742520120.8636854
2,377.932,1742520120.8636854
3,377.68,1742520120.8636854
4,370.057,1742520120.8636854
5,381.753,1742520120.8636854
6,376.614,1742520120.8636854
7,389.639,1742520120.8636854
0,377.23,1742520120.9138174
1,373.737,1742520120.9138174
2,378.638,1742520120.9138174
3,377.68,1742520120.9138174
4,370.051,1742520120.9138174
5,380.707,1742520120.9138174
6,376.614,1742520120.9138174
7,389.639,1742520120.9138174
0,377.23,1742520120.9639869
1,375.958,1742520120.9639869
2,378.638,1742520120.9639869
3,379.411,1742520120.9639869
4,370.051,1742520120.9639869
5,380.707,1742520120.9639869
6,376.923,1742520120.9639869
7,389.333,1742520120.9639869
0,377.018,1742520121.014118
1,375.958,1742520121.014118
2,376.822,1742520121.014118
3,379.411,1742520121.014118
4,369.959,1742520121.014118
5,382.507,1742520121.014118
6,376.923,1742520121.014118
7,389.333,1742520121.014118
0,377.018,1742520121.064208
1,375.329,1742520121.064208
2,376.822,1742520121.064208
3,379.712,1742520121.064208
4,369.959,1742520121.064208
5,382.507,1742520121.064208
6,376.515,1742520121.064208
7,388.332,1742520121.064208
0,378.227,1742520121.1143427
1,375.329,1742520121.1143427
2,377.448,1742520121.1143427
3,379.712,1742520121.1143427
4,370.194,1742520121.1143427
5,384.834,1742520121.1143427
6,376.515,1742520121.1143427
7,388.332,1742520121.1143427
0,378.227,1742520121.1644752
1,375.843,1742520121.1644752
2,377.448,1742520121.1644752
3,381.117,1742520121.1644752
4,370.194,1742520121.1644752
5,384.834,1742520121.1644752
6,378.097,1742520121.1644752
7,391.523,1742520121.1644752
0,379.446,1742520121.214608
1,375.843,1742520121.214608
2,377.565,1742520121.214608
3,381.117,1742520121.214608
4,371.605,1742520121.214608
5,385.233,1742520121.214608
6,378.097,1742520121.214608
7,391.523,1742520121.214608
0,379.446,1742520121.264729
1,376.176,1742520121.264729
2,377.565,1742520121.264729
3,382.129,1742520121.264729
4,371.605,1742520121.264729
5,385.233,1742520121.264729
6,377.045,1742520121.264729
7,393.188,1742520121.264729
0,380.072,1742520121.3148625
1,376.176,1742520121.3148625
2,376.921,1742520121.3148625
3,382.129,1742520121.3148625
4,371.442,1742520121.3148625
5,385.433,1742520121.3148625
6,377.045,1742520121.3148625
7,393.188,1742520121.3148625
0,380.072,1742520121.3649943
1,375.939,1742520121.3649943
2,376.921,1742520121.3649943
3,382.961,1742520121.3649943
4,371.442,1742520121.3649943
5,385.433,1742520121.3649943
6,377.553,1742520121.3649943
7,394.291,1742520121.3649943
0,382.146,1742520121.4151304
1,375.939,1742520121.4151304
2,377.048,1742520121.4151304
3,382.961,1742520121.4151304
4,372.657,1742520121.4151304
5,387.397,1742520121.4151304
6,377.553,1742520121.4151304
7,394.291,1742520121.4151304
0,382.146,1742520121.465252
1,375.229,1742520121.465252
2,377.048,1742520121.465252
3,384.034,1742520121.465252
4,372.657,1742520121.465252
5,387.397,1742520121.465252
6,377.924,1742520121.465252
7,395.198,1742520121.465252
0,382.654,1742520121.5153532
1,375.229,1742520121.5153532
2,376.912,1742520121.5153532
3,384.034,1742520121.5153532
4,373.298,1742520121.5153532
5,386.473,1742520121.5153532
6,377.924,1742520121.5153532
7,395.198,1742520121.5153532
0,382.654,1742520121.5654845
1,375.062,1742520121.5654845
2,376.912,1742520121.5654845
3,384.266,1742520121.5654845
4,373.298,1742520121.5654845
5,386.473,1742520121.5654845
6,377.9,1742520121.5654845
7,394.178,1742520121.5654845
0,382.383,1742520121.6156068
1,375.062,1742520121.6156068
2,375.838,1742520121.6156068
3,384.266,1742520121.6156068
4,372.244,1742520121.6156068
5,386.493,1742520121.6156068
6,377.9,1742520121.6156068
7,394.178,1742520121.6156068
0,382.383,1742520121.665772
1,373.815,1742520121.665772
2,375.838,1742520121.665772
3,383.559,1742520121.665772
4,372.244,1742520121.665772
5,386.493,1742520121.665772
6,378.629,1742520121.665772
7,393.685,1742520121.665772
0,382.441,1742520121.715896
1,373.815,1742520121.715896
2,375.098,1742520121.715896
3,383.559,1742520121.715896
4,371.764,1742520121.715896
5,386.324,1742520121.715896
6,378.629,1742520121.715896
7,393.685,1742520121.715896
0,382.441,1742520121.7660825
1,372.725,1742520121.7660825
2,375.098,1742520121.7660825
3,382.748,1742520121.7660825
4,371.764,1742520121.7660825
5,386.324,1742520121.7660825
6,377.968,1742520121.7660825
7,391.524,1742520121.7660825
0,380.985,1742520121.8162146
1,372.725,1742520121.8162146
2,374.339,1742520121.8162146
3,382.748,1742520121.8162146
4,369.613,1742520121.8162146
5,385.448,1742520121.8162146
6,377.968,1742520121.8162146
7,391.524,1742520121.8162146
0,380.985,1742520121.8662982
1,374.009,1742520121.8662982
2,374.339,1742520121.8662982
3,379.814,1742520121.8662982
4,369.613,1742520121.8662982
5,385.448,1742520121.8662982
6,376.676,1742520121.8662982
7,392.186,1742520121.8662982
0,379.334,1742520121.9164155
1,374.009,1742520121.9164155
2,372.493,1742520121.9164155
3,379.814,1742520121.9164155
4,367.926,1742520121.9164155
5,385.448,1742520121.9164155
6,376.676,1742520121.9164155
7,392.186,1742520121.9164155
0,379.334,1742520121.966548
1,371.297,1742520121.966548
2,372.493,1742520121.966548
3,379.214,1742520121.966548
4,367.926,1742520121.966548
5,383.814,1742520121.966548
6,377.89,1742520121.966548
7,391.479,1742520121.966548
0,378.075,1742520122.016677
1,371.297,1742520122.016677
2,372.795,1742520122.016677
3,379.214,1742520122.016677
4,367.095,1742520122.016677
5,383.814,1742520122.016677
6,377.89,1742520122.016677
7,391.479,1742520122.016677
0,378.075,1742520122.0668035
1,369.334,1742520122.0668035
2,372.795,1742520122.0668035
3,376.391,1742520122.0668035
4,367.095,1742520122.0668035
5,380.897,1742520122.0668035
6,376.143,1742520122.0668035
7,388.369,1742520122.0668035
0,375.84,1742520122.1169353
1,369.334,1742520122.1169353
2,369.447,1742520122.1169353
3,376.391,1742520122.1169353
4,365.393,1742520122.1169353
5,380.897,1742520122.1169353
6,376.143,1742520122.1169353
7,388.369,1742520122.1169353
0,375.84,1742520122.1670666
1,367.949,1742520122.1670666
2,369.447,1742520122.1670666
3,375.194,1742520122.1670666
4,365.393,1742520122.1670666
5,379.223,1742520122.1670666
6,375.281,1742520122.1670666
7,386.833,1742520122.1670666
0,373.908,1742520122.217198
1,367.949,1742520122.217198
2,368.785,1742520122.217198
3,375.194,1742520122.217198
4,363.911,1742520122.217198
5,379.223,1742520122.217198
6,375.281,1742520122.217198
7,386.833,1742520122.217198
0,373.908,1742520122.2673345
1,367.326,1742520122.2673345
2,368.785,1742520122.2673345
3,373.786,1742520122.2673345
4,363.911,1742520122.2673345
5,379.487,1742520122.2673345
6,374.171,1742520122.2673345
7,384.462,1742520122.2673345
0,373.478,1742520122.3174655
1,367.326,1742520122.3174655
2,368.785,1742520122.3174655
3,373.786,1742520122.3174655
4,362.46,1742520122.3174655
5,379.487,1742520122.3174655
6,374.171,1742520122.3174655
7,384.462,1742520122.3174655
0,373.478,1742520122.367601
1,368.615,1742520122.367601
2,370.533,1742520122.367601
3,372.381,1742520122.367601
4,362.46,1742520122.367601
5,378.062,1742520122.367601
6,372.443,1742520122.367601
7,385.088,1742520122.367601
0,373.557,1742520122.4177365
1,368.615,1742520122.4177365
2,370.533,1742520122.4177365
3,372.381,1742520122.4177365
4,360.997,1742520122.4177365
5,378.062,1742520122.4177365
6,372.443,1742520122.4177365
7,385.088,1742520122.4177365
0,373.557,1742520122.4678712
1,369.7,1742520122.4678712
2,370.547,1742520122.4678712
3,371.649,1742520122.4678712
4,360.997,1742520122.4678712
5,379.035,1742520122.4678712
6,371.784,1742520122.4678712
7,383.737,1742520122.4678712
0,373.829,1742520122.518006
1,369.7,1742520122.518006
2,370.547,1742520122.518006
3,371.649,1742520122.518006
4,360.4,1742520122.518006
5,379.035,1742520122.518006
6,371.784,1742520122.518006
7,383.737,1742520122.518006
0,373.829,1742520122.5681422
1,369.389,1742520122.5681422
2,371.131,1742520122.5681422
3,372.153,1742520122.5681422
4,360.4,1742520122.5681422
5,381.413,1742520122.5681422
6,371.784,1742520122.5681422
7,385.482,1742520122.5681422
0,374.422,1742520122.6182764
1,369.389,1742520122.6182764
2,371.131,1742520122.6182764
3,372.153,1742520122.6182764
4,360.666,1742520122.6182764
5,381.413,1742520122.6182764
6,371.523,1742520122.6182764
7,385.482,1742520122.6182764
0,374.422,1742520122.6683564
1,368.255,1742520122.6683564
2,368.655,1742520122.6683564
3,373.305,1742520122.6683564
4,360.666,1742520122.6683564
5,380.616,1742520122.6683564
6,371.523,1742520122.6683564
7,386.107,1742520122.6683564
0,375.367,1742520122.7184865
1,368.255,1742520122.7184865
2,368.655,1742520122.7184865
3,373.305,1742520122.7184865
4,363.551,1742520122.7184865
5,380.616,1742520122.7184865
6,372.914,1742520122.7184865
7,386.107,1742520122.7184865
0,375.367,1742520122.7686217
1,368.771,1742520122.7686217
2,370.206,1742520122.7686217
3,375.423,1742520122.7686217
4,363.551,1742520122.7686217
5,381.2,1742520122.7686217
6,372.914,1742520122.7686217
7,384.272,1742520122.7686217
0,375.38,1742520122.818822
1,368.771,1742520122.818822
2,370.206,1742520122.818822
3,375.423,1742520122.818822
4,364.616,1742520122.818822
5,381.2,1742520122.818822
6,374.054,1742520122.818822
7,384.272,1742520122.818822
0,375.38,1742520122.8689418
1,369.512,1742520122.8689418
2,370.01,1742520122.8689418
3,378.011,1742520122.8689418
4,364.616,1742520122.8689418
5,381.699,1742520122.8689418
6,374.054,1742520122.8689418
7,385.818,1742520122.8689418
0,376.619,1742520122.9190726
1,369.512,1742520122.9190726
2,370.01,1742520122.9190726
3,378.011,1742520122.9190726
4,367.663,1742520122.9190726
5,381.699,1742520122.9190726
6,375.17,1742520122.9190726
7,385.818,1742520122.9190726
0,376.619,1742520122.969208
1,369.83,1742520122.969208
2,373.761,1742520122.969208
3,376.865,1742520122.969208
4,367.663,1742520122.969208
5,381.324,1742520122.969208
6,375.17,1742520122.969208
7,384.054,1742520122.969208
0,377.237,1742520123.0193005
1,369.83,1742520123.0193005
2,373.761,1742520123.0193005
3,376.865,1742520123.0193005
4,368.176,1742520123.0193005
5,381.324,1742520123.0193005
6,373.114,1742520123.0193005
7,384.054,1742520123.0193005
0,377.237,1742520123.0694587
1,373.41,1742520123.0694587
2,374.526,1742520123.0694587
3,376.865,1742520123.0694587
4,368.176,1742520123.0694587
5,381.811,1742520123.0694587
6,373.114,1742520123.0694587
7,384.954,1742520123.0694587
0,377.702,1742520123.1195936
1,373.41,1742520123.1195936
2,374.526,1742520123.1195936
3,379.167,1742520123.1195936
4,368.176,1742520123.1195936
5,381.811,1742520123.1195936
6,373.618,1742520123.1195936
7,384.954,1742520123.1195936
0,377.702,1742520123.1697257
1,372.233,1742520123.1697257
2,378.738,1742520123.1697257
3,379.167,1742520123.1697257
4,369.669,1742520123.1697257
5,381.282,1742520123.1697257
6,373.618,1742520123.1697257
7,384.972,1742520123.1697257
0,379.753,1742520123.219859
1,372.233,1742520123.219859
2,378.738,1742520123.219859
3,377.802,1742520123.219859
4,369.669,1742520123.219859
5,381.282,1742520123.219859
6,374.411,1742520123.219859
7,384.972,1742520123.219859
0,379.753,1742520123.2699904
1,373.726,1742520123.2699904
2,379.233,1742520123.2699904
3,377.802,1742520123.2699904
4,370.432,1742520123.2699904
5,381.578,1742520123.2699904
6,374.411,1742520123.2699904
7,385.479,1742520123.2699904
0,378.735,1742520123.3201203
1,373.726,1742520123.3201203
2,379.233,1742520123.3201203
3,377.224,1742520123.3201203
4,370.432,1742520123.3201203
5,381.578,1742520123.3201203
6,373.911,1742520123.3201203
7,385.479,1742520123.3201203
0,378.735,1742520123.3702397
1,372.341,1742520123.3702397
2,379.377,1742520123.3702397
3,377.224,1742520123.3702397
4,370.975,1742520123.3702397
5,381.888,1742520123.3702397
6,373.911,1742520123.3702397
7,386.575,1742520123.3702397
0,378.436,1742520123.4203281
1,372.341,1742520123.4203281
2,379.377,1742520123.4203281
3,376.773,1742520123.4203281
4,370.975,1742520123.4203281
5,381.888,1742520123.4203281
6,376.353,1742520123.4203281
7,386.575,1742520123.4203281
0,378.436,1742520123.4704494
1,371.019,1742520123.4704494
2,379.039,1742520123.4704494
3,376.773,1742520123.4704494
4,368.12,1742520123.4704494
5,381.672,1742520123.4704494
6,376.353,1742520123.4704494
7,385.38,1742520123.4704494
0,378.762,1742520123.520581
1,371.019,1742520123.520581
2,379.039,1742520123.520581
3,377.588,1742520123.520581
4,368.12,1742520123.520581
5,381.672,1742520123.520581
6,375.585,1742520123.520581
7,385.38,1742520123.520581
0,378.762,1742520123.5706978
1,372.676,1742520123.5706978
2,378.447,1742520123.5706978
3,377.588,1742520123.5706978
4,369.939,1742520123.5706978
5,382.88,1742520123.5706978
6,375.585,1742520123.5706978
7,384.136,1742520123.5706978
0,381.338,1742520123.6208327
1,372.676,1742520123.6208327
2,378.447,1742520123.6208327
3,379.097,1742520123.6208327
4,369.939,1742520123.6208327
5,382.88,1742520123.6208327
6,375.811,1742520123.6208327
7,384.136,1742520123.6208327
0,381.338,1742520123.6709676
1,373.146,1742520123.6709676
2,380.208,1742520123.6709676
3,379.097,1742520123.6709676
4,368.704,1742520123.6709676
5,382.301,1742520123.6709676
6,375.811,1742520123.6709676
7,384.451,1742520123.6709676
0,381.067,1742520123.7210965
1,373.146,1742520123.7210965
2,380.208,1742520123.7210965
3,380.94,1742520123.7210965
4,368.704,1742520123.7210965
5,382.301,1742520123.7210965
6,375.673,1742520123.7210965
7,384.451,1742520123.7210965
0,381.067,1742520123.771229
1,372.611,1742520123.771229
2,380.31,1742520123.771229
3,380.94,1742520123.771229
4,368.596,1742520123.771229
5,383.62,1742520123.771229
6,375.673,1742520123.771229
7,387.478,1742520123.771229
0,380.875,1742520123.821318
1,372.611,1742520123.821318
2,380.31,1742520123.821318
3,380.452,1742520123.821318
4,368.596,1742520123.821318
5,383.62,1742520123.821318
6,375.029,1742520123.821318
7,387.478,1742520123.821318
0,380.875,1742520123.8714519
1,372.304,1742520123.8714519
2,379.773,1742520123.8714519
3,380.452,1742520123.8714519
4,367.937,1742520123.8714519
5,382.572,1742520123.8714519
6,375.029,1742520123.8714519
7,387.76,1742520123.8714519
0,382.014,1742520123.9215834
1,372.304,1742520123.9215834
2,379.773,1742520123.9215834
3,381.775,1742520123.9215834
4,367.937,1742520123.9215834
5,382.572,1742520123.9215834
6,375.464,1742520123.9215834
7,387.76,1742520123.9215834
0,382.014,1742520123.9717205
1,373.063,1742520123.9717205
2,378.644,1742520123.9717205
3,381.775,1742520123.9717205
4,368.079,1742520123.9717205
5,383.877,1742520123.9717205
6,375.464,1742520123.9717205
7,387.352,1742520123.9717205
0,380.499,1742520124.0218537
1,373.063,1742520124.0218537
2,378.644,1742520124.0218537
3,382.528,1742520124.0218537
4,368.079,1742520124.0218537
5,383.877,1742520124.0218537
6,377.496,1742520124.0218537
7,387.352,1742520124.0218537
0,380.499,1742520124.0720155
1,373.024,1742520124.0720155
2,378.033,1742520124.0720155
3,382.528,1742520124.0720155
4,368.017,1742520124.0720155
5,384.51,1742520124.0720155
6,377.496,1742520124.0720155
7,388.663,1742520124.0720155
0,382.808,1742520124.1221478
1,373.024,1742520124.1221478
2,378.033,1742520124.1221478
3,384.154,1742520124.1221478
4,368.017,1742520124.1221478
5,384.51,1742520124.1221478
6,378.38,1742520124.1221478
7,388.663,1742520124.1221478
0,382.808,1742520124.1722763
1,373.135,1742520124.1722763
2,377.512,1742520124.1722763
3,384.154,1742520124.1722763
4,368.155,1742520124.1722763
5,385.184,1742520124.1722763
6,378.38,1742520124.1722763
7,390.288,1742520124.1722763
0,382.457,1742520124.222385
1,373.135,1742520124.222385
2,377.512,1742520124.222385
3,385.122,1742520124.222385
4,368.155,1742520124.222385
5,385.184,1742520124.222385
6,379.25,1742520124.222385
7,390.288,1742520124.222385
0,382.457,1742520124.2725184
1,372.733,1742520124.2725184
2,377.397,1742520124.2725184
3,385.122,1742520124.2725184
4,368.484,1742520124.2725184
5,385.927,1742520124.2725184
6,379.25,1742520124.2725184
7,390.477,1742520124.2725184
0,381.754,1742520124.3226528
1,372.733,1742520124.3226528
2,377.397,1742520124.3226528
3,386.198,1742520124.3226528
4,368.484,1742520124.3226528
5,385.927,1742520124.3226528
6,379.934,1742520124.3226528
7,390.477,1742520124.3226528
0,381.754,1742520124.3727863
1,371.986,1742520124.3727863
2,376.616,1742520124.3727863
3,386.198,1742520124.3727863
4,368.85,1742520124.3727863
5,385.761,1742520124.3727863
6,379.934,1742520124.3727863
7,389.699,1742520124.3727863
0,381.833,1742520124.4229147
1,371.986,1742520124.4229147
2,376.616,1742520124.4229147
3,386.724,1742520124.4229147
4,368.85,1742520124.4229147
5,385.761,1742520124.4229147
6,379.915,1742520124.4229147
7,389.699,1742520124.4229147
0,381.833,1742520124.4730525
1,372.042,1742520124.4730525
2,376.394,1742520124.4730525
3,386.724,1742520124.4730525
4,369.188,1742520124.4730525
5,386.456,1742520124.4730525
6,379.915,1742520124.4730525
7,390.468,1742520124.4730525
0,383.103,1742520124.5231903
1,372.042,1742520124.5231903
2,376.394,1742520124.5231903
3,385.338,1742520124.5231903
4,369.188,1742520124.5231903
5,386.456,1742520124.5231903
6,380.449,1742520124.5231903
7,390.468,1742520124.5231903
0,383.103,1742520124.5733135
1,372.315,1742520124.5733135
2,378.935,1742520124.5733135
3,385.338,1742520124.5733135
4,368.329,1742520124.5733135
5,387.325,1742520124.5733135
6,380.449,1742520124.5733135
7,390.588,1742520124.5733135
0,382.876,1742520124.6234353
1,372.315,1742520124.6234353
2,378.935,1742520124.6234353
3,386.24,1742520124.6234353
4,368.329,1742520124.6234353
5,387.325,1742520124.6234353
6,381.478,1742520124.6234353
7,390.588,1742520124.6234353
0,382.876,1742520124.6735575
1,373.146,1742520124.6735575
2,377.303,1742520124.6735575
3,386.24,1742520124.6735575
4,369.789,1742520124.6735575
5,385.385,1742520124.6735575
6,381.478,1742520124.6735575
7,390.588,1742520124.6735575
0,382.564,1742520124.7236824
1,373.146,1742520124.7236824
2,377.303,1742520124.7236824
3,385.618,1742520124.7236824
4,369.789,1742520124.7236824
5,385.385,1742520124.7236824
6,381.436,1742520124.7236824
7,390.742,1742520124.7236824
0,382.564,1742520124.773809
1,375.155,1742520124.773809
2,377.69,1742520124.773809
3,385.618,1742520124.773809
4,368.161,1742520124.773809
5,385.417,1742520124.773809
6,381.436,1742520124.773809
7,390.742,1742520124.773809
0,382.444,1742520124.8239956
1,375.155,1742520124.8239956
2,377.69,1742520124.8239956
3,384.521,1742520124.8239956
4,368.161,1742520124.8239956
5,385.417,1742520124.8239956
6,380.64,1742520124.8239956
7,391.017,1742520124.8239956
0,382.444,1742520124.874128
1,375.155,1742520124.874128
2,379.109,1742520124.874128
3,384.521,1742520124.874128
4,369.938,1742520124.874128
5,386.252,1742520124.874128
6,380.64,1742520124.874128
7,391.017,1742520124.874128
0,381.086,1742520124.9242606
1,375.735,1742520124.9242606
2,379.109,1742520124.9242606
3,384.053,1742520124.9242606
4,369.938,1742520124.9242606
5,386.252,1742520124.9242606
6,378.814,1742520124.9242606
7,391.014,1742520124.9242606
0,381.086,1742520124.97439
1,375.735,1742520124.97439
2,381.079,1742520124.97439
3,384.053,1742520124.97439
4,368.999,1742520124.97439
5,386.039,1742520124.97439
6,378.814,1742520124.97439
7,391.014,1742520124.97439
0,380.864,1742520125.0245106
1,375.897,1742520125.0245106
2,381.079,1742520125.0245106
3,383.495,1742520125.0245106
4,368.999,1742520125.0245106
5,386.039,1742520125.0245106
6,379.102,1742520125.0245106
7,391.796,1742520125.0245106
0,380.864,1742520125.0746422
1,375.897,1742520125.0746422
2,381.81,1742520125.0746422
3,383.495,1742520125.0746422
4,368.192,1742520125.0746422
5,386.261,1742520125.0746422
6,379.102,1742520125.0746422
7,391.796,1742520125.0746422
0,380.864,1742520125.124775
1,376.293,1742520125.124775
2,381.81,1742520125.124775
3,382.126,1742520125.124775
4,368.192,1742520125.124775
5,386.261,1742520125.124775
6,378.444,1742520125.124775
7,392.244,1742520125.124775
0,381.256,1742520125.1750152
1,376.293,1742520125.1750152
2,381.849,1742520125.1750152
3,382.126,1742520125.1750152
4,367.825,1742520125.1750152
5,385.37,1742520125.1750152
6,378.444,1742520125.1750152
7,392.244,1742520125.1750152
0,381.256,1742520125.2252011
1,376.104,1742520125.2252011
2,381.849,1742520125.2252011
3,379.304,1742520125.2252011
4,367.825,1742520125.2252011
5,385.37,1742520125.2252011
6,377.214,1742520125.2252011
7,392.358,1742520125.2252011
0,382.439,1742520125.2753255
1,376.104,1742520125.2753255
2,380.415,1742520125.2753255
3,379.304,1742520125.2753255
4,368.131,1742520125.2753255
5,385.816,1742520125.2753255
6,377.214,1742520125.2753255
7,392.358,1742520125.2753255
0,382.439,1742520125.3254578
1,376.743,1742520125.3254578
2,380.415,1742520125.3254578
3,380.606,1742520125.3254578
4,368.131,1742520125.3254578
5,385.816,1742520125.3254578
6,377.036,1742520125.3254578
7,392.655,1742520125.3254578
0,381.778,1742520125.3755422
1,376.743,1742520125.3755422
2,381.707,1742520125.3755422
3,380.606,1742520125.3755422
4,368.171,1742520125.3755422
5,384.541,1742520125.3755422
6,377.036,1742520125.3755422
7,392.655,1742520125.3755422
0,381.778,1742520125.4256325
1,376.87,1742520125.4256325
2,381.707,1742520125.4256325
3,377.44,1742520125.4256325
4,368.171,1742520125.4256325
5,384.541,1742520125.4256325
6,376.6,1742520125.4256325
7,392.562,1742520125.4256325
0,382.015,1742520125.475762
1,376.87,1742520125.475762
2,381.226,1742520125.475762
3,377.44,1742520125.475762
4,368.572,1742520125.475762
5,383.484,1742520125.475762
6,376.6,1742520125.475762
7,392.562,1742520125.475762
0,382.015,1742520125.5258963
1,377.46,1742520125.5258963
2,381.226,1742520125.5258963
3,376.315,1742520125.5258963
4,368.572,1742520125.5258963
5,383.484,1742520125.5258963
6,374.772,1742520125.5258963
7,391.323,1742520125.5258963
0,382.64,1742520125.5761805
1,377.46,1742520125.5761805
2,380.286,1742520125.5761805
3,376.315,1742520125.5761805
4,369.382,1742520125.5761805
5,383.626,1742520125.5761805
6,374.772,1742520125.5761805
7,391.323,1742520125.5761805
0,382.64,1742520125.626307
1,376.254,1742520125.626307
2,380.286,1742520125.626307
3,376.816,1742520125.626307
4,369.382,1742520125.626307
5,383.626,1742520125.626307
6,374.546,1742520125.626307
7,391.622,1742520125.626307
0,381.841,1742520125.6764922
1,376.254,1742520125.6764922
2,380.326,1742520125.6764922
3,376.816,1742520125.6764922
4,369.152,1742520125.6764922
5,384.683,1742520125.6764922
6,374.546,1742520125.6764922
7,391.622,1742520125.6764922
0,381.841,1742520125.7266245
1,376.039,1742520125.7266245
2,380.326,1742520125.7266245
3,375.056,1742520125.7266245
4,369.152,1742520125.7266245
5,384.683,1742520125.7266245
6,374.412,1742520125.7266245
7,391.597,1742520125.7266245
0,381.579,1742520125.7767155
1,376.039,1742520125.7767155
2,379.783,1742520125.7767155
3,375.056,1742520125.7767155
4,369.416,1742520125.7767155
5,385.398,1742520125.7767155
6,374.412,1742520125.7767155
7,391.597,1742520125.7767155
0,381.579,1742520125.8268516
1,377.041,1742520125.8268516
2,379.783,1742520125.8268516
3,376.511,1742520125.8268516
4,369.416,1742520125.8268516
5,385.398,1742520125.8268516
6,372.676,1742520125.8268516
7,391.084,1742520125.8268516
0,382.56,1742520125.876986
1,377.041,1742520125.876986
2,378.548,1742520125.876986
3,376.511,1742520125.876986
4,369.923,1742520125.876986
5,386.989,1742520125.876986
6,372.676,1742520125.876986
7,391.084,1742520125.876986
0,382.56,1742520125.9271176
1,375.687,1742520125.9271176
2,378.548,1742520125.9271176
3,375.772,1742520125.9271176
4,369.923,1742520125.9271176
5,386.989,1742520125.9271176
6,373.405,1742520125.9271176
7,391.94,1742520125.9271176
0,384.04,1742520125.9772503
1,375.687,1742520125.9772503
2,378.224,1742520125.9772503
3,375.772,1742520125.9772503
4,371.166,1742520125.9772503
5,388.227,1742520125.9772503
6,373.405,1742520125.9772503
7,391.94,1742520125.9772503
0,384.04,1742520126.0274081
1,375.735,1742520126.0274081
2,378.224,1742520126.0274081
3,377.981,1742520126.0274081
4,371.166,1742520126.0274081
5,388.227,1742520126.0274081
6,373.972,1742520126.0274081
7,390.634,1742520126.0274081
0,384.286,1742520126.077535
1,375.735,1742520126.077535
2,377.141,1742520126.077535
3,377.981,1742520126.077535
4,372.893,1742520126.077535
5,387.72,1742520126.077535
6,373.972,1742520126.077535
7,390.634,1742520126.077535
0,384.286,1742520126.1276588
1,374.476,1742520126.1276588
2,377.141,1742520126.1276588
3,376.734,1742520126.1276588
4,372.893,1742520126.1276588
5,387.72,1742520126.1276588
6,375.954,1742520126.1276588
7,389.84,1742520126.1276588
0,383.639,1742520126.1777244
1,374.476,1742520126.1777244
2,376.724,1742520126.1777244
3,376.734,1742520126.1777244
4,373.714,1742520126.1777244
5,388.679,1742520126.1777244
6,375.954,1742520126.1777244
7,389.84,1742520126.1777244
0,383.639,1742520126.2278597
1,374.05,1742520126.2278597
2,376.724,1742520126.2278597
3,378.2,1742520126.2278597
4,373.714,1742520126.2278597
5,388.679,1742520126.2278597
6,376.514,1742520126.2278597
7,388.326,1742520126.2278597
0,383.694,1742520126.2779856
1,374.05,1742520126.2779856
2,376.847,1742520126.2779856
3,378.2,1742520126.2779856
4,373.56,1742520126.2779856
5,388.222,1742520126.2779856
6,376.514,1742520126.2779856
7,388.326,1742520126.2779856
0,383.694,1742520126.328121
1,373.039,1742520126.328121
2,376.847,1742520126.328121
3,377.022,1742520126.328121
4,373.56,1742520126.328121
5,388.222,1742520126.328121
6,377.268,1742520126.328121
7,387.204,1742520126.328121
0,383.61,1742520126.3782463
1,373.039,1742520126.3782463
2,380.201,1742520126.3782463
3,377.022,1742520126.3782463
4,373.734,1742520126.3782463
5,388.483,1742520126.3782463
6,377.268,1742520126.3782463
7,387.204,1742520126.3782463
0,383.61,1742520126.4283705
1,372.517,1742520126.4283705
2,380.201,1742520126.4283705
3,378.148,1742520126.4283705
4,373.734,1742520126.4283705
5,388.483,1742520126.4283705
6,376.442,1742520126.4283705
7,386.939,1742520126.4283705
0,383.44,1742520126.4785037
1,372.517,1742520126.4785037
2,379.903,1742520126.4785037
3,378.148,1742520126.4785037
4,374.54,1742520126.4785037
5,387.39,1742520126.4785037
6,376.442,1742520126.4785037
7,386.939,1742520126.4785037
0,383.44,1742520126.5286367
1,373.855,1742520126.5286367
2,379.903,1742520126.5286367
3,378.891,1742520126.5286367
4,374.54,1742520126.5286367
5,387.39,1742520126.5286367
6,375.87,1742520126.5286367
7,387.358,1742520126.5286367
0,381.659,1742520126.578725
1,373.855,1742520126.578725
2,381.391,1742520126.578725
3,378.891,1742520126.578725
4,372.858,1742520126.578725
5,387.894,1742520126.578725
6,375.87,1742520126.578725
7,387.358,1742520126.578725
0,381.659,1742520126.628901
1,371.155,1742520126.628901
2,381.391,1742520126.628901
3,376.791,1742520126.628901
4,372.858,1742520126.628901
5,387.894,1742520126.628901
6,376.818,1742520126.628901
7,387.17,1742520126.628901
0,381.233,1742520126.679023
1,371.155,1742520126.679023
2,381.607,1742520126.679023
3,376.791,1742520126.679023
4,373.914,1742520126.679023
5,386.003,1742520126.679023
6,376.818,1742520126.679023
7,387.17,1742520126.679023
0,381.233,1742520126.7291546
1,371.871,1742520126.7291546
2,381.607,1742520126.7291546
3,377.518,1742520126.7291546
4,373.914,1742520126.7291546
5,386.003,1742520126.7291546
6,377.428,1742520126.7291546
7,386.23,1742520126.7291546
0,380.69,1742520126.779287
1,371.871,1742520126.779287
2,380.274,1742520126.779287
3,377.518,1742520126.779287
4,373.267,1742520126.779287
5,385.148,1742520126.779287
6,377.428,1742520126.779287
7,386.23,1742520126.779287
0,380.69,1742520126.8294172
1,373.208,1742520126.8294172
2,380.274,1742520126.8294172
3,376.556,1742520126.8294172
4,373.267,1742520126.8294172
5,385.148,1742520126.8294172
6,378.394,1742520126.8294172
7,385.355,1742520126.8294172
0,380.832,1742520126.8795512
1,373.208,1742520126.8795512
2,378.057,1742520126.8795512
3,376.556,1742520126.8795512
4,372.301,1742520126.8795512
5,385.087,1742520126.8795512
6,378.394,1742520126.8795512
7,385.355,1742520126.8795512
0,380.832,1742520126.9296856
1,373.995,1742520126.9296856
2,378.057,1742520126.9296856
3,378.462,1742520126.9296856
4,372.301,1742520126.9296856
5,385.087,1742520126.9296856
6,377.528,1742520126.9296856
7,385.922,1742520126.9296856
0,380.993,1742520126.9797912
1,373.995,1742520126.9797912
2,377.49,1742520126.9797912
3,378.462,1742520126.9797912
4,371.5,1742520126.9797912
5,385.087,1742520126.9797912
6,377.528,1742520126.9797912
7,385.922,1742520126.9797912
0,380.993,1742520127.0299208
1,373.403,1742520127.0299208
2,377.49,1742520127.0299208
3,377.708,1742520127.0299208
4,371.5,1742520127.0299208
5,388.156,1742520127.0299208
6,378.8,1742520127.0299208
7,388.636,1742520127.0299208
0,382.518,1742520127.0800471
1,373.403,1742520127.0800471
2,378.606,1742520127.0800471
3,377.708,1742520127.0800471
4,370.943,1742520127.0800471
5,388.156,1742520127.0800471
6,378.8,1742520127.0800471
7,388.636,1742520127.0800471
0,382.518,1742520127.1302114
1,372.582,1742520127.1302114
2,378.606,1742520127.1302114
3,378.646,1742520127.1302114
4,370.943,1742520127.1302114
5,387.645,1742520127.1302114
6,378.277,1742520127.1302114
7,389.518,1742520127.1302114
0,382.975,1742520127.1803458
1,372.582,1742520127.1803458
2,377.844,1742520127.1803458
3,378.646,1742520127.1803458
4,371.591,1742520127.1803458
5,387.645,1742520127.1803458
6,378.277,1742520127.1803458
7,389.518,1742520127.1803458
0,382.975,1742520127.2304783
1,374.274,1742520127.2304783
2,377.844,1742520127.2304783
3,382.257,1742520127.2304783
4,371.591,1742520127.2304783
5,387.467,1742520127.2304783
6,378.506,1742520127.2304783
7,390.642,1742520127.2304783
0,383.754,1742520127.2806802
1,374.274,1742520127.2806802
2,377.953,1742520127.2806802
3,382.257,1742520127.2806802
4,370.494,1742520127.2806802
5,387.467,1742520127.2806802
6,378.506,1742520127.2806802
7,390.642,1742520127.2806802
0,383.754,1742520127.3308122
1,373.738,1742520127.3308122
2,377.953,1742520127.3308122
3,382.055,1742520127.3308122
4,370.494,1742520127.3308122
5,387.72,1742520127.3308122
6,380.17,1742520127.3308122
7,390.061,1742520127.3308122
0,383.151,1742520127.3809607
1,373.738,1742520127.3809607
2,377.95,1742520127.3809607
3,382.055,1742520127.3809607
4,369.515,1742520127.3809607
5,387.72,1742520127.3809607
6,380.17,1742520127.3809607
7,390.061,1742520127.3809607
0,383.151,1742520127.4310865
1,373.939,1742520127.4310865
2,377.95,1742520127.4310865
3,382.055,1742520127.4310865
4,369.515,1742520127.4310865
5,388.586,1742520127.4310865
6,380.612,1742520127.4310865
7,389.211,1742520127.4310865
0,381.304,1742520127.4812186
1,373.939,1742520127.4812186
2,376.497,1742520127.4812186
3,381.15,1742520127.4812186
4,368.942,1742520127.4812186
5,388.586,1742520127.4812186
6,380.612,1742520127.4812186
7,389.211,1742520127.4812186
0,381.304,1742520127.5313537
1,373.73,1742520127.5313537
2,376.497,1742520127.5313537
3,381.15,1742520127.5313537
4,368.942,1742520127.5313537
5,386.947,1742520127.5313537
6,380.612,1742520127.5313537
7,390.334,1742520127.5313537
0,382.095,1742520127.581538
1,373.73,1742520127.581538
2,377.286,1742520127.581538
3,381.391,1742520127.581538
4,369.35,1742520127.581538
5,386.947,1742520127.581538
6,380.288,1742520127.581538
7,390.334,1742520127.581538
0,382.095,1742520127.6316636
1,373.298,1742520127.6316636
2,377.286,1742520127.6316636
3,381.391,1742520127.6316636
4,369.35,1742520127.6316636
5,386.832,1742520127.6316636
6,380.288,1742520127.6316636
7,390.23,1742520127.6316636
0,383.77,1742520127.6818259
1,373.298,1742520127.6818259
2,377.561,1742520127.6818259
3,381.753,1742520127.6818259
4,367.947,1742520127.6818259
5,386.832,1742520127.6818259
6,380.91,1742520127.6818259
7,390.23,1742520127.6818259
0,383.77,1742520127.732002
1,375.103,1742520127.732002
2,377.561,1742520127.732002
3,381.753,1742520127.732002
4,367.947,1742520127.732002
5,387.876,1742520127.732002
6,380.91,1742520127.732002
7,392.55,1742520127.732002
0,381.827,1742520127.7821348
1,375.103,1742520127.7821348
2,378.053,1742520127.7821348
3,382.523,1742520127.7821348
4,368.55,1742520127.7821348
5,387.876,1742520127.7821348
6,381.309,1742520127.7821348
7,392.55,1742520127.7821348
0,381.827,1742520127.8322673
1,373.998,1742520127.8322673
2,378.053,1742520127.8322673
3,382.523,1742520127.8322673
4,368.55,1742520127.8322673
5,387.92,1742520127.8322673
6,381.309,1742520127.8322673
7,392.619,1742520127.8322673
0,383.302,1742520127.8824036
1,373.998,1742520127.8824036
2,378.325,1742520127.8824036
3,382.021,1742520127.8824036
4,368.704,1742520127.8824036
5,387.92,1742520127.8824036
6,381.84,1742520127.8824036
7,392.619,1742520127.8824036
0,383.302,1742520127.9325328
1,374.251,1742520127.9325328
2,378.325,1742520127.9325328
3,382.021,1742520127.9325328
4,368.704,1742520127.9325328
5,387.136,1742520127.9325328
6,381.84,1742520127.9325328
7,392.133,1742520127.9325328
0,382.678,1742520127.9826646
1,374.251,1742520127.9826646
2,379.454,1742520127.9826646
3,381.513,1742520127.9826646
4,368.393,1742520127.9826646
5,387.136,1742520127.9826646
6,381.079,1742520127.9826646
7,392.133,1742520127.9826646
0,382.678,1742520128.0327997
1,377.044,1742520128.0327997
2,379.454,1742520128.0327997
3,381.513,1742520128.0327997
4,368.393,1742520128.0327997
5,386.825,1742520128.0327997
6,381.079,1742520128.0327997
7,391.543,1742520128.0327997
0,381.839,1742520128.0829358
1,377.044,1742520128.0829358
2,378.725,1742520128.0829358
3,383.779,1742520128.0829358
4,368.419,1742520128.0829358
5,386.825,1742520128.0829358
6,381.704,1742520128.0829358
7,391.543,1742520128.0829358
0,381.839,1742520128.1331396
1,376.346,1742520128.1331396
2,378.725,1742520128.1331396
3,383.779,1742520128.1331396
4,368.419,1742520128.1331396
5,387.24,1742520128.1331396
6,381.704,1742520128.1331396
7,392.123,1742520128.1331396
0,381.84,1742520128.1833248
1,376.346,1742520128.1833248
2,378.725,1742520128.1833248
3,382.618,1742520128.1833248
4,368.415,1742520128.1833248
5,387.24,1742520128.1833248
6,382.784,1742520128.1833248
7,392.123,1742520128.1833248
0,381.84,1742520128.233459
1,377.23,1742520128.233459
2,379.658,1742520128.233459
3,382.618,1742520128.233459
4,368.415,1742520128.233459
5,388.153,1742520128.233459
6,382.784,1742520128.233459
7,391.898,1742520128.233459
0,380.51,1742520128.283592
1,377.23,1742520128.283592
2,379.658,1742520128.283592
3,381.758,1742520128.283592
4,368.759,1742520128.283592
5,388.153,1742520128.283592
6,383.562,1742520128.283592
7,391.898,1742520128.283592
0,380.51,1742520128.333728
1,375.859,1742520128.333728
2,377.304,1742520128.333728
3,381.758,1742520128.333728
4,368.759,1742520128.333728
5,387.526,1742520128.333728
6,383.562,1742520128.333728
7,392.39,1742520128.333728
0,380.005,1742520128.383861
1,375.859,1742520128.383861
2,377.304,1742520128.383861
3,379.503,1742520128.383861
4,369.835,1742520128.383861
5,387.526,1742520128.383861
6,382.945,1742520128.383861
7,392.39,1742520128.383861
0,380.005,1742520128.4340332
1,375.25,1742520128.4340332
2,377.954,1742520128.4340332
3,379.503,1742520128.4340332
4,369.835,1742520128.4340332
5,386.431,1742520128.4340332
6,382.945,1742520128.4340332
7,391.824,1742520128.4340332
0,378.717,1742520128.4841564
1,375.25,1742520128.4841564
2,377.954,1742520128.4841564
3,381.458,1742520128.4841564
4,370.789,1742520128.4841564
5,386.431,1742520128.4841564
6,383.987,1742520128.4841564
7,391.824,1742520128.4841564
0,378.717,1742520128.5342822
1,376.05,1742520128.5342822
2,376.786,1742520128.5342822
3,381.458,1742520128.5342822
4,370.789,1742520128.5342822
5,386.91,1742520128.5342822
6,383.987,1742520128.5342822
7,391.717,1742520128.5342822
0,378.787,1742520128.5844684
1,376.05,1742520128.5844684
2,376.786,1742520128.5844684
3,379.949,1742520128.5844684
4,370.789,1742520128.5844684
5,386.91,1742520128.5844684
6,384.232,1742520128.5844684
7,391.717,1742520128.5844684
0,378.787,1742520128.6346104
1,375.202,1742520128.6346104
2,376.287,1742520128.6346104
3,379.949,1742520128.6346104
4,369.934,1742520128.6346104
5,385.666,1742520128.6346104
6,384.232,1742520128.6346104
7,391.598,1742520128.6346104
0,380.147,1742520128.6847177
1,375.202,1742520128.6847177
2,376.287,1742520128.6847177
3,381.007,1742520128.6847177
4,369.934,1742520128.6847177
5,385.666,1742520128.6847177
6,383.642,1742520128.6847177
7,391.598,1742520128.6847177
0,380.147,1742520128.7348533
1,374.494,1742520128.7348533
2,377.078,1742520128.7348533
3,381.007,1742520128.7348533
4,371.064,1742520128.7348533
5,385.748,1742520128.7348533
6,383.642,1742520128.7348533
7,391.221,1742520128.7348533
0,380.833,1742520128.784957
1,374.494,1742520128.784957
2,377.078,1742520128.784957
3,378.918,1742520128.784957
4,371.064,1742520128.784957
5,385.748,1742520128.784957
6,383.06,1742520128.784957
7,391.221,1742520128.784957
0,380.833,1742520128.835135
1,374.316,1742520128.835135
2,376.812,1742520128.835135
3,378.918,1742520128.835135
4,371.673,1742520128.835135
5,385.481,1742520128.835135
6,383.06,1742520128.835135
7,390.795,1742520128.835135
0,379.361,1742520128.8852706
1,374.316,1742520128.8852706
2,376.812,1742520128.8852706
3,378.97,1742520128.8852706
4,371.673,1742520128.8852706
5,385.481,1742520128.8852706
6,382.838,1742520128.8852706
7,390.795,1742520128.8852706
0,379.361,1742520128.9353952
1,375.066,1742520128.9353952
2,377.112,1742520128.9353952
3,378.97,1742520128.9353952
4,371.155,1742520128.9353952
5,385.167,1742520128.9353952
6,382.838,1742520128.9353952
7,390.001,1742520128.9353952
0,377.978,1742520128.9855273
1,375.066,1742520128.9855273
2,377.112,1742520128.9855273
3,377.444,1742520128.9855273
4,371.155,1742520128.9855273
5,385.167,1742520128.9855273
6,381.759,1742520128.9855273
7,390.001,1742520128.9855273
0,377.978,1742520129.0356908
1,373.119,1742520129.0356908
2,377.864,1742520129.0356908
3,377.444,1742520129.0356908
4,370.327,1742520129.0356908
5,383.328,1742520129.0356908
6,381.759,1742520129.0356908
7,387.845,1742520129.0356908
0,375.611,1742520129.085824
1,373.119,1742520129.085824
2,377.864,1742520129.085824
3,373.782,1742520129.085824
4,370.327,1742520129.085824
5,383.328,1742520129.085824
6,381.56,1742520129.085824
7,387.845,1742520129.085824
0,375.611,1742520129.135947
1,374.845,1742520129.135947
2,377.446,1742520129.135947
3,373.782,1742520129.135947
4,369.451,1742520129.135947
5,383.357,1742520129.135947
6,381.56,1742520129.135947
7,387.649,1742520129.135947
0,377.149,1742520129.186082
1,374.845,1742520129.186082
2,377.446,1742520129.186082
3,373.889,1742520129.186082
4,369.451,1742520129.186082
5,383.357,1742520129.186082
6,379.839,1742520129.186082
7,387.649,1742520129.186082
0,377.149,1742520129.2362156
1,375.859,1742520129.2362156
2,379.585,1742520129.2362156
3,373.889,1742520129.2362156
4,368.601,1742520129.2362156
5,384.451,1742520129.2362156
6,379.839,1742520129.2362156
7,387.041,1742520129.2362156
0,379.311,1742520129.286343
1,375.859,1742520129.286343
2,379.585,1742520129.286343
3,373.945,1742520129.286343
4,368.601,1742520129.286343
5,384.451,1742520129.286343
6,380.071,1742520129.286343
7,387.041,1742520129.286343
0,379.311,1742520129.3364825
1,377.375,1742520129.3364825
2,380.208,1742520129.3364825
3,373.945,1742520129.3364825
4,368.849,1742520129.3364825
5,385.808,1742520129.3364825
6,380.071,1742520129.3364825
7,388.737,1742520129.3364825
0,380.638,1742520129.3866253
1,377.375,1742520129.3866253
2,380.208,1742520129.3866253
3,377.03,1742520129.3866253
4,368.849,1742520129.3866253
5,385.808,1742520129.3866253
6,378.516,1742520129.3866253
7,388.737,1742520129.3866253
0,380.638,1742520129.436752
1,377.499,1742520129.436752
2,379.529,1742520129.436752
3,377.03,1742520129.436752
4,368.719,1742520129.436752
5,387.527,1742520129.436752
6,378.516,1742520129.436752
7,389.07,1742520129.436752
0,380.797,1742520129.4868853
1,377.499,1742520129.4868853
2,379.529,1742520129.4868853
3,378.117,1742520129.4868853
4,368.719,1742520129.4868853
5,387.527,1742520129.4868853
6,377.845,1742520129.4868853
7,389.07,1742520129.4868853
0,380.797,1742520129.5370197
1,375.31,1742520129.5370197
2,379.178,1742520129.5370197
3,378.117,1742520129.5370197
4,369.783,1742520129.5370197
5,389.209,1742520129.5370197
6,377.845,1742520129.5370197
7,388.94,1742520129.5370197
0,380.947,1742520129.5871525
1,375.31,1742520129.5871525
2,379.178,1742520129.5871525
3,377.134,1742520129.5871525
4,369.783,1742520129.5871525
5,389.209,1742520129.5871525
6,380.028,1742520129.5871525
7,388.94,1742520129.5871525
0,380.947,1742520129.6372857
1,375.093,1742520129.6372857
2,378.395,1742520129.6372857
3,377.134,1742520129.6372857
4,372.477,1742520129.6372857
5,389.228,1742520129.6372857
6,380.028,1742520129.6372857
7,389.075,1742520129.6372857
0,379.94,1742520129.6874213
1,375.093,1742520129.6874213
2,378.395,1742520129.6874213
3,378.496,1742520129.6874213
4,372.477,1742520129.6874213
5,389.228,1742520129.6874213
6,381.198,1742520129.6874213
7,389.075,1742520129.6874213
0,379.94,1742520129.7375436
1,373.655,1742520129.7375436
2,377.553,1742520129.7375436
3,378.496,1742520129.7375436
4,372.258,1742520129.7375436
5,387.263,1742520129.7375436
6,381.198,1742520129.7375436
7,388.991,1742520129.7375436
0,379.435,1742520129.787717
1,373.655,1742520129.787717
2,377.553,1742520129.787717
3,378.008,1742520129.787717
4,372.258,1742520129.787717
5,387.263,1742520129.787717
6,382.007,1742520129.787717
7,388.991,1742520129.787717
0,379.435,1742520129.8378391
1,375.178,1742520129.8378391
2,377.506,1742520129.8378391
3,378.008,1742520129.8378391
4,372.794,1742520129.8378391
5,386.717,1742520129.8378391
6,382.007,1742520129.8378391
7,388.705,1742520129.8378391
0,381.247,1742520129.8879986
1,375.178,1742520129.8879986
2,377.506,1742520129.8879986
3,380.461,1742520129.8879986
4,372.794,1742520129.8879986
5,386.717,1742520129.8879986
6,381.194,1742520129.8879986
7,388.705,1742520129.8879986
0,381.247,1742520129.93813
1,373.539,1742520129.93813
2,379.129,1742520129.93813
3,380.461,1742520129.93813
4,373.666,1742520129.93813
5,388.003,1742520129.93813
6,381.194,1742520129.93813
7,388.252,1742520129.93813
0,380.421,1742520129.9882653
1,373.539,1742520129.9882653
2,379.129,1742520129.9882653
3,381.05,1742520129.9882653
4,373.666,1742520129.9882653
5,388.003,1742520129.9882653
6,382.591,1742520129.9882653
7,388.252,1742520129.9882653
0,380.421,1742520130.0384002
1,372.121,1742520130.0384002
2,379.64,1742520130.0384002
3,381.05,1742520130.0384002
4,375.008,1742520130.0384002
5,389.866,1742520130.0384002
6,382.591,1742520130.0384002
7,388.36,1742520130.0384002
0,380.921,1742520130.0885193
1,372.121,1742520130.0885193
2,379.64,1742520130.0885193
3,382.243,1742520130.0885193
4,375.008,1742520130.0885193
5,389.866,1742520130.0885193
6,382.119,1742520130.0885193
7,388.36,1742520130.0885193
0,380.921,1742520130.138698
1,370.985,1742520130.138698
2,377.687,1742520130.138698
3,382.243,1742520130.138698
4,375.643,1742520130.138698
5,388.714,1742520130.138698
6,382.119,1742520130.138698
7,387.822,1742520130.138698
0,380.752,1742520130.1888306
1,370.985,1742520130.1888306
2,377.687,1742520130.1888306
3,381.351,1742520130.1888306
4,375.643,1742520130.1888306
5,388.714,1742520130.1888306
6,380.709,1742520130.1888306
7,387.822,1742520130.1888306
0,380.752,1742520130.2389653
1,372.524,1742520130.2389653
2,376.293,1742520130.2389653
3,381.351,1742520130.2389653
4,374.393,1742520130.2389653
5,386.933,1742520130.2389653
6,380.709,1742520130.2389653
7,387.163,1742520130.2389653
0,379.864,1742520130.289064
1,372.524,1742520130.289064
2,376.293,1742520130.289064
3,380.113,1742520130.289064
4,374.393,1742520130.289064
5,386.933,1742520130.289064
6,379.303,1742520130.289064
7,387.163,1742520130.289064
0,379.864,1742520130.3392274
1,370.807,1742520130.3392274
2,376.11,1742520130.3392274
3,380.113,1742520130.3392274
4,372.61,1742520130.3392274
5,383.849,1742520130.3392274
6,379.303,1742520130.3392274
7,388.106,1742520130.3392274
0,380.103,1742520130.3893623
1,370.807,1742520130.3893623
2,376.11,1742520130.3893623
3,379.004,1742520130.3893623
4,372.61,1742520130.3893623
5,383.849,1742520130.3893623
6,380.53,1742520130.3893623
7,388.106,1742520130.3893623
0,380.103,1742520130.4396229
1,372.773,1742520130.4396229
2,374.979,1742520130.4396229
3,379.004,1742520130.4396229
4,371.571,1742520130.4396229
5,384.73,1742520130.4396229
6,380.53,1742520130.4396229
7,387.235,1742520130.4396229
0,381.786,1742520130.489749
1,372.773,1742520130.489749
2,374.979,1742520130.489749
3,379.656,1742520130.489749
4,371.571,1742520130.489749
5,384.73,1742520130.489749
6,380.07,1742520130.489749
7,387.235,1742520130.489749
0,381.786,1742520130.539879
1,372.28,1742520130.539879
2,375.141,1742520130.539879
3,379.656,1742520130.539879
4,369.242,1742520130.539879
5,382.898,1742520130.539879
6,380.07,1742520130.539879
7,387.235,1742520130.539879
0,382.945,1742520130.5900323
1,372.28,1742520130.5900323
2,375.141,1742520130.5900323
3,381.415,1742520130.5900323
4,369.242,1742520130.5900323
5,382.898,1742520130.5900323
6,379.551,1742520130.5900323
7,389.755,1742520130.5900323
0,382.945,1742520130.640173
1,372.28,1742520130.640173
2,374.218,1742520130.640173
3,381.415,1742520130.640173
4,370.606,1742520130.640173
5,385.285,1742520130.640173
6,379.551,1742520130.640173
7,389.755,1742520130.640173
0,383.609,1742520130.6903105
1,373.131,1742520130.6903105
2,374.218,1742520130.6903105
3,381.881,1742520130.6903105
4,370.606,1742520130.6903105
5,385.285,1742520130.6903105
6,377.67,1742520130.6903105
7,389.262,1742520130.6903105
0,383.609,1742520130.7404318
1,373.131,1742520130.7404318
2,374.849,1742520130.7404318
3,381.881,1742520130.7404318
4,371.531,1742520130.7404318
5,386.948,1742520130.7404318
6,377.67,1742520130.7404318
7,389.327,1742520130.7404318
0,382.909,1742520130.7905676
1,373.377,1742520130.7905676
2,374.849,1742520130.7905676
3,382.401,1742520130.7905676
4,371.531,1742520130.7905676
5,386.948,1742520130.7905676
6,379.582,1742520130.7905676
7,389.327,1742520130.7905676
0,382.909,1742520130.8407054
1,373.377,1742520130.8407054
2,373.437,1742520130.8407054
3,382.401,1742520130.8407054
4,371.535,1742520130.8407054
5,386.784,1742520130.8407054
6,379.582,1742520130.8407054
7,389.362,1742520130.8407054
0,381.422,1742520130.890837
1,373.557,1742520130.890837
2,373.437,1742520130.890837
3,381.774,1742520130.890837
4,371.535,1742520130.890837
5,386.784,1742520130.890837
6,381.424,1742520130.890837
7,389.362,1742520130.890837
0,381.422,1742520130.9409719
1,373.557,1742520130.9409719
2,372.961,1742520130.9409719
3,381.774,1742520130.9409719
4,370.278,1742520130.9409719
5,385.696,1742520130.9409719
6,381.424,1742520130.9409719
7,389.362,1742520130.9409719
0,381.422,1742520130.9911094
1,373.51,1742520130.9911094
2,372.961,1742520130.9911094
3,382.592,1742520130.9911094
4,370.278,1742520130.9911094
5,385.696,1742520130.9911094
6,382.978,1742520130.9911094
7,391.185,1742520130.9911094
0,380.949,1742520131.0411944
1,373.51,1742520131.0411944
2,372.3,1742520131.0411944
3,382.592,1742520131.0411944
4,369.651,1742520131.0411944
5,385.378,1742520131.0411944
6,382.978,1742520131.0411944
7,391.185,1742520131.0411944
0,380.949,1742520131.0913289
1,373.968,1742520131.0913289
2,372.3,1742520131.0913289
3,380.748,1742520131.0913289
4,369.651,1742520131.0913289
5,385.378,1742520131.0913289
6,384.038,1742520131.0913289
7,390.941,1742520131.0913289
0,380.693,1742520131.1414664
1,373.968,1742520131.1414664
2,371.955,1742520131.1414664
3,380.748,1742520131.1414664
4,368.98,1742520131.1414664
5,385.753,1742520131.1414664
6,384.038,1742520131.1414664
7,390.941,1742520131.1414664
0,380.693,1742520131.1917078
1,374.284,1742520131.1917078
2,371.955,1742520131.1917078
3,384.119,1742520131.1917078
4,368.98,1742520131.1917078
5,385.753,1742520131.1917078
6,384.921,1742520131.1917078
7,390.227,1742520131.1917078
0,380.159,1742520131.2418292
1,374.284,1742520131.2418292
2,374.629,1742520131.2418292
3,384.119,1742520131.2418292
4,369.048,1742520131.2418292
5,385.887,1742520131.2418292
6,384.921,1742520131.2418292
7,390.227,1742520131.2418292
0,380.159,1742520131.2919543
1,374.772,1742520131.2919543
2,374.629,1742520131.2919543
3,384.401,1742520131.2919543
4,369.048,1742520131.2919543
5,385.887,1742520131.2919543
6,384.979,1742520131.2919543
7,390.837,1742520131.2919543
0,379.634,1742520131.3420916
1,374.772,1742520131.3420916
2,373.809,1742520131.3420916
3,384.401,1742520131.3420916
4,370.071,1742520131.3420916
5,385.829,1742520131.3420916
6,384.979,1742520131.3420916
7,390.837,1742520131.3420916
0,379.634,1742520131.392214
1,375.186,1742520131.392214
2,373.809,1742520131.392214
3,383.887,1742520131.392214
4,370.071,1742520131.392214
5,385.829,1742520131.392214
6,384.344,1742520131.392214
7,389.74,1742520131.392214
0,378.72,1742520131.4423475
1,375.186,1742520131.4423475
2,376.896,1742520131.4423475
3,383.887,1742520131.4423475
4,369.721,1742520131.4423475
5,384.813,1742520131.4423475
6,384.344,1742520131.4423475
7,389.74,1742520131.4423475
0,378.72,1742520131.492484
1,375.497,1742520131.492484
2,376.896,1742520131.492484
3,381.377,1742520131.492484
4,369.721,1742520131.492484
5,384.813,1742520131.492484
6,383.38,1742520131.492484
7,388.949,1742520131.492484
0,379.872,1742520131.5426173
1,375.497,1742520131.5426173
2,375.923,1742520131.5426173
3,381.377,1742520131.5426173
4,369.366,1742520131.5426173
5,384.184,1742520131.5426173
6,383.38,1742520131.5426173
7,388.949,1742520131.5426173
0,379.872,1742520131.592753
1,376.987,1742520131.592753
2,375.923,1742520131.592753
3,379.575,1742520131.592753
4,369.366,1742520131.592753
5,384.184,1742520131.592753
6,383.383,1742520131.592753
7,388.458,1742520131.592753
0,380.159,1742520131.6428876
1,376.987,1742520131.6428876
2,377.922,1742520131.6428876
3,379.575,1742520131.6428876
4,369.902,1742520131.6428876
5,382.962,1742520131.6428876
6,383.383,1742520131.6428876
7,388.458,1742520131.6428876
0,380.159,1742520131.693012
1,378.099,1742520131.693012
2,377.922,1742520131.693012
3,380.006,1742520131.693012
4,369.902,1742520131.693012
5,382.962,1742520131.693012
6,383.443,1742520131.693012
7,389.934,1742520131.693012
0,378.601,1742520131.7431495
1,378.099,1742520131.7431495
2,377.326,1742520131.7431495
3,380.006,1742520131.7431495
4,369.778,1742520131.7431495
5,383.315,1742520131.7431495
6,383.443,1742520131.7431495
7,389.934,1742520131.7431495
0,378.601,1742520131.7932787
1,378.964,1742520131.7932787
2,377.326,1742520131.7932787
3,380.34,1742520131.7932787
4,369.778,1742520131.7932787
5,383.315,1742520131.7932787
6,383.812,1742520131.7932787
7,389.751,1742520131.7932787
0,379.201,1742520131.8434126
1,378.964,1742520131.8434126
2,378.211,1742520131.8434126
3,380.34,1742520131.8434126
4,368.907,1742520131.8434126
5,383.724,1742520131.8434126
6,383.812,1742520131.8434126
7,389.751,1742520131.8434126
0,379.201,1742520131.8935547
1,378.639,1742520131.8935547
2,378.211,1742520131.8935547
3,379.184,1742520131.8935547
4,368.907,1742520131.8935547
5,383.724,1742520131.8935547
6,382.114,1742520131.8935547
7,390.912,1742520131.8935547
0,379.944,1742520131.9437108
1,378.639,1742520131.9437108
2,377.355,1742520131.9437108
3,379.184,1742520131.9437108
4,369.385,1742520131.9437108
5,384.07,1742520131.9437108
6,382.114,1742520131.9437108
7,390.912,1742520131.9437108
0,379.944,1742520131.9938424
1,379.048,1742520131.9938424
2,377.355,1742520131.9938424
3,379.107,1742520131.9938424
4,369.385,1742520131.9938424
5,384.07,1742520131.9938424
6,381.441,1742520131.9938424
7,391.08,1742520131.9938424
0,373.952,1742520132.0439646
1,379.048,1742520132.0439646
2,368.38,1742520132.0439646
3,379.107,1742520132.0439646
4,362.438,1742520132.0439646
5,372.916,1742520132.0439646
6,381.441,1742520132.0439646
7,391.08,1742520132.0439646
0,373.952,1742520132.0941005
1,359.532,1742520132.0941005
2,368.38,1742520132.0941005
3,355.682,1742520132.0941005
4,362.438,1742520132.0941005
5,372.916,1742520132.0941005
6,359.078,1742520132.0941005
7,373.082,1742520132.0941005
0,348.64,1742520132.1442258
1,359.532,1742520132.1442258
2,342.562,1742520132.1442258
3,355.682,1742520132.1442258
4,338.811,1742520132.1442258
5,346.892,1742520132.1442258
6,359.078,1742520132.1442258
7,373.082,1742520132.1442258
0,348.64,1742520132.1943588
1,334.165,1742520132.1943588
2,342.562,1742520132.1943588
3,329.952,1742520132.1943588
4,338.811,1742520132.1943588
5,346.892,1742520132.1943588
6,333.248,1742520132.1943588
7,348.12,1742520132.1943588
0,323.209,1742520132.244492
1,334.165,1742520132.244492
2,317.041,1742520132.244492
3,329.952,1742520132.244492
4,314.797,1742520132.244492
5,321.19,1742520132.244492
6,333.248,1742520132.244492
7,348.12,1742520132.244492
0,323.209,1742520132.2946267
1,308.642,1742520132.2946267
2,317.041,1742520132.2946267
3,304.54,1742520132.2946267
4,314.797,1742520132.2946267
5,321.19,1742520132.2946267
6,308.313,1742520132.2946267
7,322.99,1742520132.2946267
0,297.847,1742520132.3447504
1,308.642,1742520132.3447504
2,287.907,1742520132.3447504
3,304.54,1742520132.3447504
4,290.827,1742520132.3447504
5,295.437,1742520132.3447504
6,308.313,1742520132.3447504
7,322.99,1742520132.3447504
0,297.847,1742520132.394876
1,280.157,1742520132.394876
2,287.907,1742520132.394876
3,279.551,1742520132.394876
4,290.827,1742520132.394876
5,295.437,1742520132.394876
6,283.127,1742520132.394876
7,297.724,1742520132.394876
0,272.387,1742520132.4450066
1,280.157,1742520132.4450066
2,261.005,1742520132.4450066
3,279.551,1742520132.4450066
4,266.723,1742520132.4450066
5,269.498,1742520132.4450066
6,283.127,1742520132.4450066
7,297.724,1742520132.4450066
0,272.387,1742520132.495173
1,257.678,1742520132.495173
2,261.005,1742520132.495173
3,255.238,1742520132.495173
4,266.723,1742520132.495173
5,269.498,1742520132.495173
6,258.168,1742520132.495173
7,271.95,1742520132.495173
0,246.173,1742520132.5453045
1,257.678,1742520132.5453045
2,238.225,1742520132.5453045
3,255.238,1742520132.5453045
4,240.491,1742520132.5453045
5,245.288,1742520132.5453045
6,258.168,1742520132.5453045
7,271.95,1742520132.5453045
0,246.173,1742520132.595439
1,231.992,1742520132.595439
2,238.225,1742520132.595439
3,222.952,1742520132.595439
4,240.491,1742520132.595439
5,245.288,1742520132.595439
6,223.128,1742520132.595439
7,242.407,1742520132.595439
0,219.071,1742520132.645562
1,231.992,1742520132.645562
2,213.289,1742520132.645562
3,222.952,1742520132.645562
4,215.12,1742520132.645562
5,216.03,1742520132.645562
6,223.128,1742520132.645562
7,242.407,1742520132.645562
0,219.071,1742520132.6956933
1,199.87,1742520132.6956933
2,213.289,1742520132.6956933
3,194.197,1742520132.6956933
4,215.12,1742520132.6956933
5,216.03,1742520132.6956933
6,197.349,1742520132.6956933
7,215.239,1742520132.6956933
0,192.535,1742520132.7458699
1,199.87,1742520132.7458699
2,188.409,1742520132.7458699
3,194.197,1742520132.7458699
4,189.789,1742520132.7458699
5,190.122,1742520132.7458699
6,197.349,1742520132.7458699
7,215.239,1742520132.7458699
0,192.535,1742520132.7959886
1,169.923,1742520132.7959886
2,188.409,1742520132.7959886
3,171.273,1742520132.7959886
4,189.789,1742520132.7959886
5,190.122,1742520132.7959886
6,170.145,1742520132.7959886
7,193.849,1742520132.7959886
0,170.1,1742520132.8461092
1,169.923,1742520132.8461092
2,159.431,1742520132.8461092
3,171.273,1742520132.8461092
4,164.641,1742520132.8461092
5,163.659,1742520132.8461092
6,170.145,1742520132.8461092
7,193.849,1742520132.8461092
0,170.1,1742520132.8962405
1,145.461,1742520132.8962405
2,159.431,1742520132.8962405
3,146.901,1742520132.8962405
4,164.641,1742520132.8962405
5,163.659,1742520132.8962405
6,144.465,1742520132.8962405
7,161.555,1742520132.8962405
0,145.429,1742520132.9463706
1,145.461,1742520132.9463706
2,139.427,1742520132.9463706
3,146.901,1742520132.9463706
4,139.164,1742520132.9463706
5,142.128,1742520132.9463706
6,144.465,1742520132.9463706
7,161.555,1742520132.9463706
0,145.429,1742520132.996502
1,120.548,1742520132.996502
2,139.427,1742520132.996502
3,120.533,1742520132.996502
4,139.164,1742520132.996502
5,142.128,1742520132.996502
6,120.096,1742520132.996502
7,134.526,1742520132.996502
0,123.169,1742520133.0466363
1,120.548,1742520133.0466363
2,123.598,1742520133.0466363
3,120.533,1742520133.0466363
4,120.045,1742520133.0466363
5,123.173,1742520133.0466363
6,120.096,1742520133.0466363
7,134.526,1742520133.0466363
0,123.169,1742520133.0967581
1,119.336,1742520133.0967581
2,123.598,1742520133.0967581
3,120.185,1742520133.0967581
4,120.045,1742520133.0967581
5,123.173,1742520133.0967581
6,119.441,1742520133.0967581
7,127.448,1742520133.0967581
0,122.834,1742520133.1468897
1,119.336,1742520133.1468897
2,123.292,1742520133.1468897
3,120.185,1742520133.1468897
4,119.763,1742520133.1468897
5,123.086,1742520133.1468897
6,119.441,1742520133.1468897
7,127.448,1742520133.1468897
0,122.834,1742520133.1970186
1,119.016,1742520133.1970186
2,123.292,1742520133.1970186
3,120.131,1742520133.1970186
4,119.763,1742520133.1970186
5,123.086,1742520133.1970186
6,119.129,1742520133.1970186
7,127.285,1742520133.1970186
0,122.668,1742520133.2471511
1,119.016,1742520133.2471511
2,123.12,1742520133.2471511
3,120.131,1742520133.2471511
4,119.654,1742520133.2471511
5,122.925,1742520133.2471511
6,119.129,1742520133.2471511
7,127.285,1742520133.2471511
0,122.668,1742520133.2972744
1,118.852,1742520133.2972744
2,123.12,1742520133.2972744
3,120.104,1742520133.2972744
4,119.654,1742520133.2972744
5,122.925,1742520133.2972744
6,118.912,1742520133.2972744
7,127.15,1742520133.2972744
0,122.596,1742520133.3474085
1,118.852,1742520133.3474085
2,122.954,1742520133.3474085
3,120.104,1742520133.3474085
4,119.554,1742520133.3474085
5,122.859,1742520133.3474085
6,118.912,1742520133.3474085
7,127.15,1742520133.3474085
0,122.596,1742520133.3975434
1,118.676,1742520133.3975434
2,122.954,1742520133.3975434
3,120.102,1742520133.3975434
4,119.554,1742520133.3975434
5,122.859,1742520133.3975434
6,118.703,1742520133.3975434
7,127.049,1742520133.3975434
0,122.518,1742520133.4476802
1,118.676,1742520133.4476802
2,122.843,1742520133.4476802
3,120.102,1742520133.4476802
4,119.511,1742520133.4476802
5,122.758,1742520133.4476802
6,118.703,1742520133.4476802
7,127.049,1742520133.4476802
0,122.518,1742520133.4978118
1,118.387,1742520133.4978118
2,122.843,1742520133.4978118
3,120.113,1742520133.4978118
4,119.511,1742520133.4978118
5,122.758,1742520133.4978118
6,118.533,1742520133.4978118
7,126.973,1742520133.4978118
0,122.473,1742520133.5479343
1,118.387,1742520133.5479343
2,122.721,1742520133.5479343
3,120.113,1742520133.5479343
4,119.435,1742520133.5479343
5,122.722,1742520133.5479343
6,118.533,1742520133.5479343
7,126.973,1742520133.5479343
0,122.473,1742520133.5980654
1,118.324,1742520133.5980654
2,122.721,1742520133.5980654
3,120.128,1742520133.5980654
4,119.435,1742520133.5980654
5,122.722,1742520133.5980654
6,118.35,1742520133.5980654
7,126.872,1742520133.5980654
0,122.423,1742520133.6482008
1,118.324,1742520133.6482008
2,122.635,1742520133.6482008
3,120.128,1742520133.6482008
4,119.378,1742520133.6482008
5,122.65,1742520133.6482008
6,118.35,1742520133.6482008
7,126.872,1742520133.6482008
0,122.423,1742520133.6983356
1,118.016,1742520133.6983356
2,122.635,1742520133.6983356
3,120.133,1742520133.6983356
4,119.378,1742520133.6983356
5,122.65,1742520133.6983356
6,118.206,1742520133.6983356
7,126.803,1742520133.6983356
0,122.382,1742520133.748471
1,118.016,1742520133.748471
2,122.56,1742520133.748471
3,120.133,1742520133.748471
4,119.319,1742520133.748471
5,122.61,1742520133.748471
6,118.206,1742520133.748471
7,126.803,1742520133.748471
0,122.382,1742520133.798607
1,117.976,1742520133.798607
2,122.56,1742520133.798607
3,120.107,1742520133.798607
4,119.319,1742520133.798607
5,122.61,1742520133.798607
6,118.038,1742520133.798607
7,126.757,1742520133.798607
0,122.349,1742520133.8487403
1,117.976,1742520133.8487403
2,122.508,1742520133.8487403
3,120.107,1742520133.8487403
4,119.244,1742520133.8487403
5,122.57,1742520133.8487403
6,118.038,1742520133.8487403
7,126.757,1742520133.8487403
0,122.349,1742520133.898863
1,117.796,1742520133.898863
2,122.508,1742520133.898863
3,122.029,1742520133.898863
4,119.244,1742520133.898863
5,122.57,1742520133.898863
6,119.683,1742520133.898863
7,126.697,1742520133.898863
0,128.042,1742520133.9489863
1,117.796,1742520133.9489863
2,133.828,1742520133.9489863
3,122.029,1742520133.9489863
4,128.157,1742520133.9489863
5,122.57,1742520133.9489863
6,119.683,1742520133.9489863
7,126.697,1742520133.9489863
0,128.042,1742520133.9991179
1,140.973,1742520133.9991179
2,133.828,1742520133.9991179
3,147.529,1742520133.9991179
4,128.157,1742520133.9991179
5,139.092,1742520133.9991179
6,143.738,1742520133.9991179
7,150.338,1742520133.9991179
0,154.103,1742520134.049252
1,140.973,1742520134.049252
2,159.456,1742520134.049252
3,147.529,1742520134.049252
4,152.744,1742520134.049252
5,139.092,1742520134.049252
6,143.738,1742520134.049252
7,150.338,1742520134.049252
0,154.103,1742520134.0993736
1,166.944,1742520134.0993736
2,159.456,1742520134.0993736
3,172.354,1742520134.0993736
4,152.744,1742520134.0993736
5,166.591,1742520134.0993736
6,167.043,1742520134.0993736
7,176.258,1742520134.0993736
0,173.514,1742520134.1495488
1,166.944,1742520134.1495488
2,170.977,1742520134.1495488
3,172.354,1742520134.1495488
4,167.761,1742520134.1495488
5,166.591,1742520134.1495488
6,167.043,1742520134.1495488
7,176.258,1742520134.1495488
0,173.514,1742520134.1996818
1,168.779,1742520134.1996818
2,170.977,1742520134.1996818
3,172.817,1742520134.1996818
4,167.761,1742520134.1996818
5,176.255,1742520134.1996818
6,168.655,1742520134.1996818
7,178.527,1742520134.1996818
0,173.585,1742520134.2498596
1,168.779,1742520134.2498596
2,171.126,1742520134.2498596
3,172.817,1742520134.2498596
4,166.784,1742520134.2498596
5,176.255,1742520134.2498596
6,168.655,1742520134.2498596
7,178.527,1742520134.2498596
0,173.585,1742520134.2999825
1,167.864,1742520134.2999825
2,171.126,1742520134.2999825
3,171.762,1742520134.2999825
4,166.784,1742520134.2999825
5,176.228,1742520134.2999825
6,167.561,1742520134.2999825
7,178.612,1742520134.2999825
0,173.638,1742520134.3501153
1,167.864,1742520134.3501153
2,171.214,1742520134.3501153
3,171.762,1742520134.3501153
4,166.833,1742520134.3501153
5,176.228,1742520134.3501153
6,167.561,1742520134.3501153
7,178.612,1742520134.3501153
0,173.638,1742520134.4002504
1,168.798,1742520134.4002504
2,171.214,1742520134.4002504
3,172.757,1742520134.4002504
4,166.833,1742520134.4002504
5,176.198,1742520134.4002504
6,167.463,1742520134.4002504
7,179.577,1742520134.4002504
0,173.655,1742520134.4504328
1,168.798,1742520134.4504328
2,172.252,1742520134.4504328
3,172.757,1742520134.4504328
4,166.821,1742520134.4504328
5,176.198,1742520134.4504328
6,167.463,1742520134.4504328
7,179.577,1742520134.4504328
0,173.655,1742520134.500565
1,167.896,1742520134.500565
2,172.252,1742520134.500565
3,171.658,1742520134.500565
4,166.821,1742520134.500565
5,176.235,1742520134.500565
6,168.334,1742520134.500565
7,178.566,1742520134.500565
0,173.668,1742520134.5506988
1,167.896,1742520134.5506988
2,171.359,1742520134.5506988
3,171.658,1742520134.5506988
4,166.8,1742520134.5506988
5,176.235,1742520134.5506988
6,168.334,1742520134.5506988
7,178.566,1742520134.5506988
0,173.668,1742520134.6008341
1,168.754,1742520134.6008341
2,171.359,1742520134.6008341
3,172.69,1742520134.6008341
4,166.8,1742520134.6008341
5,176.191,1742520134.6008341
6,168.229,1742520134.6008341
7,179.597,1742520134.6008341
0,173.667,1742520134.6509717
1,168.754,1742520134.6509717
2,172.39,1742520134.6509717
3,172.69,1742520134.6509717
4,166.808,1742520134.6509717
5,176.191,1742520134.6509717
6,168.229,1742520134.6509717
7,179.597,1742520134.6509717
0,173.667,1742520134.701105
1,168.88,1742520134.701105
2,172.39,1742520134.701105
3,172.717,1742520134.701105
4,166.808,1742520134.701105
5,175.184,1742520134.701105
6,167.166,1742520134.701105
7,179.588,1742520134.701105
0,173.659,1742520134.751241
1,168.88,1742520134.751241
2,171.49,1742520134.751241
3,172.717,1742520134.751241
4,166.808,1742520134.751241
5,175.184,1742520134.751241
6,167.166,1742520134.751241
7,179.588,1742520134.751241
0,173.659,1742520134.801377
1,167.786,1742520134.801377
2,171.49,1742520134.801377
3,172.698,1742520134.801377
4,166.808,1742520134.801377
5,175.122,1742520134.801377
6,168.084,1742520134.801377
7,179.567,1742520134.801377
0,173.636,1742520134.8515108
1,167.786,1742520134.8515108
2,171.551,1742520134.8515108
3,172.698,1742520134.8515108
4,167.83,1742520134.8515108
5,175.122,1742520134.8515108
6,168.084,1742520134.8515108
7,179.567,1742520134.8515108
0,173.636,1742520134.9016411
1,167.832,1742520134.9016411
2,171.551,1742520134.9016411
3,170.688,1742520134.9016411
4,167.83,1742520134.9016411
5,175.181,1742520134.9016411
6,167.025,1742520134.9016411
7,179.565,1742520134.9016411
0,168.824,1742520134.9517734
1,167.832,1742520134.9517734
2,165.308,1742520134.9517734
3,170.688,1742520134.9517734
4,162.121,1742520134.9517734
5,175.181,1742520134.9517734
6,167.025,1742520134.9517734
7,179.565,1742520134.9517734
0,168.824,1742520135.0019038
1,145.676,1742520135.0019038
2,165.308,1742520135.0019038
3,148.845,1742520135.0019038
4,162.121,1742520135.0019038
5,164.668,1742520135.0019038
6,146.01,1742520135.0019038
7,161.769,1742520135.0019038
0,142.837,1742520135.052076
1,145.676,1742520135.052076
2,140.541,1742520135.052076
3,148.845,1742520135.052076
4,138.56,1742520135.052076
5,164.668,1742520135.052076
6,146.01,1742520135.052076
7,161.769,1742520135.052076
0,142.837,1742520135.102208
1,125.908,1742520135.102208
2,140.541,1742520135.102208
3,122.293,1742520135.102208
4,138.56,1742520135.102208
5,137.99,1742520135.102208
6,120.478,1742520135.102208
7,135.944,1742520135.102208
0,122.356,1742520135.1523376
1,125.908,1742520135.1523376
2,123.147,1742520135.1523376
3,122.293,1742520135.1523376
4,119.274,1742520135.1523376
5,137.99,1742520135.1523376
6,120.478,1742520135.1523376
7,135.944,1742520135.1523376
0,122.356,1742520135.2024689
1,117.82,1742520135.2024689
2,123.147,1742520135.2024689
3,119.772,1742520135.2024689
4,119.274,1742520135.2024689
5,122.213,1742520135.2024689
6,116.962,1742520135.2024689
7,126.568,1742520135.2024689
0,122.243,1742520135.2526033
1,117.82,1742520135.2526033
2,123.011,1742520135.2526033
3,119.772,1742520135.2526033
4,119.099,1742520135.2526033
5,122.213,1742520135.2526033
6,116.962,1742520135.2526033
7,126.568,1742520135.2526033
0,122.243,1742520135.3027222
1,117.651,1742520135.3027222
2,123.011,1742520135.3027222
3,119.78,1742520135.3027222
4,119.099,1742520135.3027222
5,122.189,1742520135.3027222
6,116.953,1742520135.3027222
7,126.466,1742520135.3027222
0,122.143,1742520135.352853
1,117.651,1742520135.352853
2,122.933,1742520135.352853
3,119.78,1742520135.352853
4,119.026,1742520135.352853
5,122.189,1742520135.352853
6,116.953,1742520135.352853
7,126.466,1742520135.352853
0,122.143,1742520135.40296
1,117.676,1742520135.40296
2,122.933,1742520135.40296
3,119.792,1742520135.40296
4,119.026,1742520135.40296
5,122.092,1742520135.40296
6,116.929,1742520135.40296
7,126.405,1742520135.40296
0,122.087,1742520135.4530945
1,117.676,1742520135.4530945
2,122.906,1742520135.4530945
3,119.792,1742520135.4530945
4,118.997,1742520135.4530945
5,122.092,1742520135.4530945
6,116.929,1742520135.4530945
7,126.405,1742520135.4530945
0,122.087,1742520135.5032141
1,117.553,1742520135.5032141
2,122.906,1742520135.5032141
3,119.813,1742520135.5032141
4,118.997,1742520135.5032141
5,122.001,1742520135.5032141
6,116.933,1742520135.5032141
7,126.329,1742520135.5032141
0,122.043,1742520135.553347
1,117.553,1742520135.553347
2,122.849,1742520135.553347
3,119.813,1742520135.553347
4,118.966,1742520135.553347
5,122.001,1742520135.553347
6,116.933,1742520135.553347
7,126.329,1742520135.553347
0,122.043,1742520135.6034796
1,117.667,1742520135.6034796
2,122.849,1742520135.6034796
3,119.799,1742520135.6034796
4,118.966,1742520135.6034796
5,121.903,1742520135.6034796
6,116.92,1742520135.6034796
7,126.311,1742520135.6034796
0,121.967,1742520135.6536098
1,117.667,1742520135.6536098
2,122.805,1742520135.6536098
3,119.799,1742520135.6536098
4,118.945,1742520135.6536098
5,121.903,1742520135.6536098
6,116.92,1742520135.6536098
7,126.311,1742520135.6536098
0,121.967,1742520135.7037406
1,117.519,1742520135.7037406
2,122.805,1742520135.7037406
3,119.76,1742520135.7037406
4,118.945,1742520135.7037406
5,121.816,1742520135.7037406
6,116.889,1742520135.7037406
7,126.287,1742520135.7037406
0,121.932,1742520135.75386
1,117.519,1742520135.75386
2,122.783,1742520135.75386
3,119.76,1742520135.75386
4,118.933,1742520135.75386
5,121.816,1742520135.75386
6,116.889,1742520135.75386
7,126.287,1742520135.75386
0,121.932,1742520135.8039856
1,117.573,1742520135.8039856
2,122.783,1742520135.8039856
3,119.757,1742520135.8039856
4,118.933,1742520135.8039856
5,121.76,1742520135.8039856
6,116.869,1742520135.8039856
7,126.263,1742520135.8039856
0,121.93,1742520135.854087
1,117.573,1742520135.854087
2,122.738,1742520135.854087
3,119.757,1742520135.854087
4,118.92,1742520135.854087
5,121.76,1742520135.854087
6,116.869,1742520135.854087
7,126.263,1742520135.854087
0,121.93,1742520135.904328
1,117.487,1742520135.904328
2,122.738,1742520135.904328
3,119.733,1742520135.904328
4,118.92,1742520135.904328
5,121.663,1742520135.904328
6,116.843,1742520135.904328
7,126.231,1742520135.904328
0,121.907,1742520135.9544597
1,117.487,1742520135.9544597
2,122.688,1742520135.9544597
3,119.733,1742520135.9544597
4,118.878,1742520135.9544597
5,121.663,1742520135.9544597
6,116.843,1742520135.9544597
7,126.231,1742520135.9544597
0,121.907,1742520136.0045693
1,117.474,1742520136.0045693
2,122.688,1742520136.0045693
3,119.699,1742520136.0045693
4,118.878,1742520136.0045693
5,121.61,1742520136.0045693
6,116.842,1742520136.0045693
7,126.197,1742520136.0045693
0,121.874,1742520136.0547016
1,117.474,1742520136.0547016
2,122.667,1742520136.0547016
3,119.699,1742520136.0547016
4,118.85,1742520136.0547016
5,121.61,1742520136.0547016
6,116.842,1742520136.0547016
7,126.197,1742520136.0547016
0,121.874,1742520136.104836
1,117.481,1742520136.104836
2,122.667,1742520136.104836
3,119.699,1742520136.104836
4,118.85,1742520136.104836
5,121.603,1742520136.104836
6,116.804,1742520136.104836
7,126.19,1742520136.104836
0,121.852,1742520136.1549697
1,117.481,1742520136.1549697
2,122.667,1742520136.1549697
3,119.678,1742520136.1549697
4,118.843,1742520136.1549697
5,121.603,1742520136.1549697
6,116.804,1742520136.1549697
7,126.19,1742520136.1549697
0,121.852,1742520136.2051046
1,117.394,1742520136.2051046
2,122.656,1742520136.2051046
3,119.678,1742520136.2051046
4,118.843,1742520136.2051046
5,121.583,1742520136.2051046
6,116.784,1742520136.2051046
7,126.218,1742520136.2051046
0,121.823,1742520136.2552407
1,117.394,1742520136.2552407
2,122.635,1742520136.2552407
3,119.652,1742520136.2552407
4,118.823,1742520136.2552407
5,121.583,1742520136.2552407
6,116.784,1742520136.2552407
7,126.218,1742520136.2552407
0,121.823,1742520136.3054106
1,117.474,1742520136.3054106
2,122.635,1742520136.3054106
3,119.652,1742520136.3054106
4,118.823,1742520136.3054106
5,121.589,1742520136.3054106
6,116.759,1742520136.3054106
7,126.26,1742520136.3054106
0,121.802,1742520136.355543
1,117.474,1742520136.355543
2,122.624,1742520136.355543
3,119.632,1742520136.355543
4,118.791,1742520136.355543
5,121.589,1742520136.355543
6,116.759,1742520136.355543
7,126.26,1742520136.355543
0,121.802,1742520136.4056773
1,117.351,1742520136.4056773
2,122.624,1742520136.4056773
3,119.632,1742520136.4056773
4,118.791,1742520136.4056773
5,121.568,1742520136.4056773
6,116.752,1742520136.4056773
7,126.313,1742520136.4056773
0,121.788,1742520136.4558687
1,117.351,1742520136.4558687
2,122.605,1742520136.4558687
3,119.626,1742520136.4558687
4,118.747,1742520136.4558687
5,121.568,1742520136.4558687
6,116.752,1742520136.4558687
7,126.313,1742520136.4558687
0,121.788,1742520136.5059998
1,117.447,1742520136.5059998
2,122.605,1742520136.5059998
3,119.626,1742520136.5059998
4,118.747,1742520136.5059998
5,121.528,1742520136.5059998
6,116.759,1742520136.5059998
7,126.365,1742520136.5059998
0,121.774,1742520136.556141
1,117.447,1742520136.556141
2,126.399,1742520136.556141
3,119.591,1742520136.556141
4,120.48,1742520136.556141
5,121.528,1742520136.556141
6,116.759,1742520136.556141
7,126.365,1742520136.556141
0,121.774,1742520136.6062741
1,128.935,1742520136.6062741
2,126.399,1742520136.6062741
3,119.591,1742520136.6062741
4,120.48,1742520136.6062741
5,123.723,1742520136.6062741
6,132.889,1742520136.6062741
7,136.486,1742520136.6062741
0,145.447,1742520136.656409
1,128.935,1742520136.656409
2,150.997,1742520136.656409
3,135.944,1742520136.656409
4,144.856,1742520136.656409
5,123.723,1742520136.656409
6,132.889,1742520136.656409
7,136.486,1742520136.656409
0,145.447,1742520136.706578
1,152.916,1742520136.706578
2,150.997,1742520136.706578
3,135.944,1742520136.706578
4,144.856,1742520136.706578
5,149.204,1742520136.706578
6,157.93,1742520136.706578
7,163.943,1742520136.706578
0,171.521,1742520136.7567112
1,152.916,1742520136.7567112
2,175.964,1742520136.7567112
3,162.379,1742520136.7567112
4,168.972,1742520136.7567112
5,149.204,1742520136.7567112
6,157.93,1742520136.7567112
7,163.943,1742520136.7567112
0,171.521,1742520136.8068326
1,178.721,1742520136.8068326
2,175.964,1742520136.8068326
3,162.379,1742520136.8068326
4,168.972,1742520136.8068326
5,175.949,1742520136.8068326
6,183.739,1742520136.8068326
7,189.955,1742520136.8068326
0,196.798,1742520136.8569684
1,178.721,1742520136.8569684
2,199.461,1742520136.8569684
3,189.81,1742520136.8569684
4,194.619,1742520136.8569684
5,175.949,1742520136.8569684
6,183.739,1742520136.8569684
7,189.955,1742520136.8569684
0,196.798,1742520136.9071033
1,201.736,1742520136.9071033
2,199.461,1742520136.9071033
3,189.81,1742520136.9071033
4,194.619,1742520136.9071033
5,205.019,1742520136.9071033
6,209.495,1742520136.9071033
7,216.021,1742520136.9071033
0,221.055,1742520136.9572334
1,201.736,1742520136.9572334
2,223.897,1742520136.9572334
3,216.394,1742520136.9572334
4,219.313,1742520136.9572334
5,205.019,1742520136.9572334
6,209.495,1742520136.9572334
7,216.021,1742520136.9572334
0,221.055,1742520137.0073655
1,226.58,1742520137.0073655
2,223.897,1742520137.0073655
3,216.394,1742520137.0073655
4,219.313,1742520137.0073655
5,232.435,1742520137.0073655
6,236.449,1742520137.0073655
7,240.711,1742520137.0073655
0,245.214,1742520137.0575016
1,226.58,1742520137.0575016
2,248.906,1742520137.0575016
3,238.085,1742520137.0575016
4,243.206,1742520137.0575016
5,232.435,1742520137.0575016
6,236.449,1742520137.0575016
7,240.711,1742520137.0575016
0,245.214,1742520137.1076336
1,250.98,1742520137.1076336
2,248.906,1742520137.1076336
3,238.085,1742520137.1076336
4,243.206,1742520137.1076336
5,256.242,1742520137.1076336
6,236.449,1742520137.1076336
7,266.26,1742520137.1076336
0,270.283,1742520137.1577642
1,250.98,1742520137.1577642
2,277.3,1742520137.1577642
3,263.945,1742520137.1577642
4,267.214,1742520137.1577642
5,256.242,1742520137.1577642
6,263.007,1742520137.1577642
7,266.26,1742520137.1577642
0,270.283,1742520137.2078986
1,275.649,1742520137.2078986
2,277.3,1742520137.2078986
3,263.945,1742520137.2078986
4,267.214,1742520137.2078986
5,280.927,1742520137.2078986
6,263.007,1742520137.2078986
7,298.982,1742520137.2078986
0,298.537,1742520137.2580862
1,275.649,1742520137.2580862
2,300.067,1742520137.2580862
3,293.473,1742520137.2580862
4,290.729,1742520137.2580862
5,280.927,1742520137.2580862
6,289.926,1742520137.2580862
7,298.982,1742520137.2580862
0,298.537,1742520137.3082178
1,275.649,1742520137.3082178
2,300.067,1742520137.3082178
3,293.473,1742520137.3082178
4,290.729,1742520137.3082178
5,305.714,1742520137.3082178
6,289.926,1742520137.3082178
7,324.922,1742520137.3082178
0,324.513,1742520137.358352
1,300.931,1742520137.358352
2,300.067,1742520137.358352
3,318.6,1742520137.358352
4,314.533,1742520137.358352
5,305.714,1742520137.358352
6,315.048,1742520137.358352
7,324.922,1742520137.358352
0,324.513,1742520137.4084873
1,300.931,1742520137.4084873
2,329.052,1742520137.4084873
3,318.6,1742520137.4084873
4,314.533,1742520137.4084873
5,330.568,1742520137.4084873
6,315.048,1742520137.4084873
7,350.645,1742520137.4084873
0,345.264,1742520137.4586272
1,336.422,1742520137.4586272
2,329.052,1742520137.4586272
3,343.475,1742520137.4586272
4,342.705,1742520137.4586272
5,330.568,1742520137.4586272
6,339.581,1742520137.4586272
7,350.645,1742520137.4586272
0,345.264,1742520137.50876
1,336.422,1742520137.50876
2,355.177,1742520137.50876
3,343.475,1742520137.50876
4,342.705,1742520137.50876
5,356.075,1742520137.50876
6,339.581,1742520137.50876
7,377.255,1742520137.50876
0,377.239,1742520137.5588937
1,362.636,1742520137.5588937
2,355.177,1742520137.5588937
3,369.801,1742520137.5588937
4,365.323,1742520137.5588937
5,356.075,1742520137.5588937
6,366.423,1742520137.5588937
7,377.255,1742520137.5588937
0,377.239,1742520137.6090295
1,362.636,1742520137.6090295
2,374.667,1742520137.6090295
3,369.801,1742520137.6090295
4,365.323,1742520137.6090295
5,379.496,1742520137.6090295
6,366.423,1742520137.6090295
7,386.897,1742520137.6090295
0,376.131,1742520137.6591704
1,370.883,1742520137.6591704
2,374.667,1742520137.6591704
3,379.688,1742520137.6591704
4,365.067,1742520137.6591704
5,379.496,1742520137.6591704
6,376.564,1742520137.6591704
7,386.897,1742520137.6591704
0,376.131,1742520137.7094398
1,370.883,1742520137.7094398
2,377.736,1742520137.7094398
3,379.688,1742520137.7094398
4,365.067,1742520137.7094398
5,379.454,1742520137.7094398
6,376.564,1742520137.7094398
7,387.555,1742520137.7094398
0,376.322,1742520137.7595735
1,373.33,1742520137.7595735
2,377.736,1742520137.7595735
3,379.945,1742520137.7595735
4,365.379,1742520137.7595735
5,379.454,1742520137.7595735
6,377.229,1742520137.7595735
7,387.555,1742520137.7595735
0,376.322,1742520137.8098114
1,373.33,1742520137.8098114
2,377.124,1742520137.8098114
3,379.945,1742520137.8098114
4,365.379,1742520137.8098114
5,379.955,1742520137.8098114
6,377.229,1742520137.8098114
7,387.903,1742520137.8098114
0,378.396,1742520137.8600204
1,373.906,1742520137.8600204
2,377.124,1742520137.8600204
3,378.868,1742520137.8600204
4,363.231,1742520137.8600204
5,379.955,1742520137.8600204
6,376.749,1742520137.8600204
7,387.903,1742520137.8600204
0,378.396,1742520137.910122
1,373.906,1742520137.910122
2,376.96,1742520137.910122
3,378.868,1742520137.910122
4,363.231,1742520137.910122
5,381.212,1742520137.910122
6,376.749,1742520137.910122
7,390.79,1742520137.910122
0,379.699,1742520137.960254
1,374.106,1742520137.960254
2,376.96,1742520137.960254
3,379.602,1742520137.960254
4,363.995,1742520137.960254
5,381.212,1742520137.960254
6,377.359,1742520137.960254
7,390.79,1742520137.960254
0,379.699,1742520138.0103893
1,374.106,1742520138.0103893
2,377.24,1742520138.0103893
3,379.602,1742520138.0103893
4,363.995,1742520138.0103893
5,381.759,1742520138.0103893
6,377.359,1742520138.0103893
7,391.674,1742520138.0103893
0,381.1,1742520138.0605254
1,374.081,1742520138.0605254
2,377.24,1742520138.0605254
3,377.968,1742520138.0605254
4,364.729,1742520138.0605254
5,381.759,1742520138.0605254
6,375.59,1742520138.0605254
7,391.674,1742520138.0605254
0,381.1,1742520138.1108193
1,374.081,1742520138.1108193
2,377.452,1742520138.1108193
3,377.968,1742520138.1108193
4,364.729,1742520138.1108193
5,384.019,1742520138.1108193
6,375.59,1742520138.1108193
7,393.51,1742520138.1108193
0,379.833,1742520138.160953
1,376.559,1742520138.160953
2,377.452,1742520138.160953
3,377.612,1742520138.160953
4,366.024,1742520138.160953
5,384.019,1742520138.160953
6,375.266,1742520138.160953
7,393.51,1742520138.160953
0,379.833,1742520138.2111204
1,376.559,1742520138.2111204
2,376.711,1742520138.2111204
3,377.612,1742520138.2111204
4,366.024,1742520138.2111204
5,384.94,1742520138.2111204
6,375.266,1742520138.2111204
7,393.51,1742520138.2111204
0,380.725,1742520138.26124
1,375.763,1742520138.26124
2,376.711,1742520138.26124
3,375.908,1742520138.26124
4,366.584,1742520138.26124
5,384.94,1742520138.26124
6,373.223,1742520138.26124
7,392.274,1742520138.26124
0,380.725,1742520138.311376
1,375.763,1742520138.311376
2,375.045,1742520138.311376
3,375.908,1742520138.311376
4,366.584,1742520138.311376
5,384.017,1742520138.311376
6,373.223,1742520138.311376
7,392.274,1742520138.311376
0,380.632,1742520138.3615112
1,376.388,1742520138.3615112
2,375.045,1742520138.3615112
3,376.29,1742520138.3615112
4,366.584,1742520138.3615112
5,384.017,1742520138.3615112
6,373.37,1742520138.3615112
7,392.906,1742520138.3615112
0,380.632,1742520138.4116473
1,376.388,1742520138.4116473
2,374.738,1742520138.4116473
3,376.29,1742520138.4116473
4,367.814,1742520138.4116473
5,385.523,1742520138.4116473
6,373.37,1742520138.4116473
7,392.906,1742520138.4116473
0,379.813,1742520138.461781
1,375.259,1742520138.461781
2,374.738,1742520138.461781
3,377.283,1742520138.461781
4,367.814,1742520138.461781
5,385.523,1742520138.461781
6,373.958,1742520138.461781
7,391.139,1742520138.461781
0,379.813,1742520138.5119052
1,375.259,1742520138.5119052
2,374.432,1742520138.5119052
3,377.283,1742520138.5119052
4,367.628,1742520138.5119052
5,384.865,1742520138.5119052
6,373.958,1742520138.5119052
7,391.139,1742520138.5119052
0,379.542,1742520138.5621
1,374.512,1742520138.5621
2,374.432,1742520138.5621
3,376.158,1742520138.5621
4,367.628,1742520138.5621
5,384.865,1742520138.5621
6,373.366,1742520138.5621
7,391.47,1742520138.5621
0,379.542,1742520138.6122255
1,374.512,1742520138.6122255
2,374.404,1742520138.6122255
3,376.158,1742520138.6122255
4,368.599,1742520138.6122255
5,384.657,1742520138.6122255
6,373.366,1742520138.6122255
7,391.47,1742520138.6122255
0,380.396,1742520138.6623592
1,375.365,1742520138.6623592
2,374.404,1742520138.6623592
3,376.611,1742520138.6623592
4,368.599,1742520138.6623592
5,384.657,1742520138.6623592
6,371.71,1742520138.6623592
7,391.408,1742520138.6623592
0,380.396,1742520138.7124956
1,375.365,1742520138.7124956
2,376.667,1742520138.7124956
3,376.611,1742520138.7124956
4,369.93,1742520138.7124956
5,384.631,1742520138.7124956
6,371.71,1742520138.7124956
7,391.408,1742520138.7124956
0,380.04,1742520138.7626297
1,373.823,1742520138.7626297
2,376.667,1742520138.7626297
3,375.291,1742520138.7626297
4,369.93,1742520138.7626297
5,384.631,1742520138.7626297
6,371.294,1742520138.7626297
7,389.779,1742520138.7626297
0,380.04,1742520138.8127546
1,373.823,1742520138.8127546
2,377.82,1742520138.8127546
3,375.291,1742520138.8127546
4,370.123,1742520138.8127546
5,383.532,1742520138.8127546
6,371.294,1742520138.8127546
7,389.779,1742520138.8127546
0,379.077,1742520138.8628893
1,371.903,1742520138.8628893
2,377.82,1742520138.8628893
3,375.533,1742520138.8628893
4,370.123,1742520138.8628893
5,383.532,1742520138.8628893
6,371.715,1742520138.8628893
7,389.405,1742520138.8628893
0,379.077,1742520138.9130096
1,371.903,1742520138.9130096
2,379.657,1742520138.9130096
3,375.533,1742520138.9130096
4,370.342,1742520138.9130096
5,382.814,1742520138.9130096
6,371.715,1742520138.9130096
7,389.405,1742520138.9130096
0,378.828,1742520138.96313
1,373.961,1742520138.96313
2,379.657,1742520138.96313
3,374.422,1742520138.96313
4,370.342,1742520138.96313
5,382.814,1742520138.96313
6,371.768,1742520138.96313
7,388.092,1742520138.96313
0,378.828,1742520139.0132616
1,373.961,1742520139.0132616
2,379.735,1742520139.0132616
3,374.422,1742520139.0132616
4,370.856,1742520139.0132616
5,383.649,1742520139.0132616
6,371.768,1742520139.0132616
7,388.092,1742520139.0132616
0,378.281,1742520139.0633955
1,374.134,1742520139.0633955
2,379.735,1742520139.0633955
3,374.838,1742520139.0633955
4,370.856,1742520139.0633955
5,383.649,1742520139.0633955
6,370.711,1742520139.0633955
7,387.539,1742520139.0633955
0,378.281,1742520139.1135454
1,374.134,1742520139.1135454
2,379.401,1742520139.1135454
3,374.838,1742520139.1135454
4,370.15,1742520139.1135454
5,383.782,1742520139.1135454
6,370.711,1742520139.1135454
7,387.539,1742520139.1135454
0,376.53,1742520139.1636758
1,373.305,1742520139.1636758
2,379.401,1742520139.1636758
3,377.246,1742520139.1636758
4,370.15,1742520139.1636758
5,383.782,1742520139.1636758
6,368.732,1742520139.1636758
7,387.6,1742520139.1636758
0,376.53,1742520139.2138247
1,373.305,1742520139.2138247
2,375.023,1742520139.2138247
3,377.246,1742520139.2138247
4,366.847,1742520139.2138247
5,380.776,1742520139.2138247
6,368.732,1742520139.2138247
7,387.6,1742520139.2138247
0,374.519,1742520139.2639575
1,370.764,1742520139.2639575
2,375.023,1742520139.2639575
3,376.109,1742520139.2639575
4,366.847,1742520139.2639575
5,380.776,1742520139.2639575
6,365.847,1742520139.2639575
7,384.634,1742520139.2639575
0,374.519,1742520139.314097
1,370.764,1742520139.314097
2,374.82,1742520139.314097
3,376.109,1742520139.314097
4,365.531,1742520139.314097
5,378.886,1742520139.314097
6,365.847,1742520139.314097
7,384.634,1742520139.314097
0,373.348,1742520139.3642278
1,370.171,1742520139.3642278
2,374.82,1742520139.3642278
3,374.822,1742520139.3642278
4,365.531,1742520139.3642278
5,378.886,1742520139.3642278
6,365.222,1742520139.3642278
7,381.027,1742520139.3642278
0,373.348,1742520139.4143655
1,370.171,1742520139.4143655
2,371.977,1742520139.4143655
3,374.822,1742520139.4143655
4,363.051,1742520139.4143655
5,373.807,1742520139.4143655
6,365.222,1742520139.4143655
7,381.027,1742520139.4143655
0,372.333,1742520139.4645028
1,368.221,1742520139.4645028
2,371.977,1742520139.4645028
3,374.745,1742520139.4645028
4,363.051,1742520139.4645028
5,373.807,1742520139.4645028
6,362.029,1742520139.4645028
7,381.211,1742520139.4645028
0,372.333,1742520139.5146909
1,368.221,1742520139.5146909
2,369.24,1742520139.5146909
3,374.745,1742520139.5146909
4,361.458,1742520139.5146909
5,373.114,1742520139.5146909
6,362.029,1742520139.5146909
7,381.211,1742520139.5146909
0,371.244,1742520139.5648162
1,366.831,1742520139.5648162
2,369.24,1742520139.5648162
3,375.187,1742520139.5648162
4,361.458,1742520139.5648162
5,373.114,1742520139.5648162
6,359.948,1742520139.5648162
7,381.547,1742520139.5648162
0,371.244,1742520139.6149483
1,366.831,1742520139.6149483
2,368.36,1742520139.6149483
3,375.187,1742520139.6149483
4,359.216,1742520139.6149483
5,373.319,1742520139.6149483
6,359.948,1742520139.6149483
7,381.547,1742520139.6149483
0,371.244,1742520139.6650834
1,366.02,1742520139.6650834
2,368.36,1742520139.6650834
3,372.695,1742520139.6650834
4,359.216,1742520139.6650834
5,373.319,1742520139.6650834
6,360.822,1742520139.6650834
7,379.564,1742520139.6650834
0,368.885,1742520139.715218
1,366.02,1742520139.715218
2,366.847,1742520139.715218
3,372.695,1742520139.715218
4,355.203,1742520139.715218
5,372.92,1742520139.715218
6,360.822,1742520139.715218
7,379.564,1742520139.715218
0,368.885,1742520139.765357
1,365.24,1742520139.765357
2,366.847,1742520139.765357
3,371.963,1742520139.765357
4,355.203,1742520139.765357
5,372.92,1742520139.765357
6,359.985,1742520139.765357
7,380.57,1742520139.765357
0,368.474,1742520139.8155131
1,365.24,1742520139.8155131
2,366.981,1742520139.8155131
3,371.963,1742520139.8155131
4,356.846,1742520139.8155131
5,374.251,1742520139.8155131
6,359.985,1742520139.8155131
7,380.57,1742520139.8155131
0,368.474,1742520139.8657205
1,365.19,1742520139.8657205
2,366.981,1742520139.8657205
3,372.534,1742520139.8657205
4,356.846,1742520139.8657205
5,374.251,1742520139.8657205
6,359.469,1742520139.8657205
7,379.615,1742520139.8657205
0,367.215,1742520139.9158561
1,365.19,1742520139.9158561
2,365.929,1742520139.9158561
3,372.534,1742520139.9158561
4,354.898,1742520139.9158561
5,373.572,1742520139.9158561
6,359.469,1742520139.9158561
7,379.615,1742520139.9158561
0,367.215,1742520139.9659798
1,364.648,1742520139.9659798
2,365.929,1742520139.9659798
3,371.683,1742520139.9659798
4,354.898,1742520139.9659798
5,373.572,1742520139.9659798
6,358.208,1742520139.9659798
7,381.07,1742520139.9659798
0,366.767,1742520140.0161066
1,364.648,1742520140.0161066
2,366.159,1742520140.0161066
3,371.683,1742520140.0161066
4,354.204,1742520140.0161066
5,373.572,1742520140.0161066
6,358.208,1742520140.0161066
7,381.07,1742520140.0161066
0,366.767,1742520140.0662327
1,365.283,1742520140.0662327
2,366.159,1742520140.0662327
3,370.288,1742520140.0662327
4,354.204,1742520140.0662327
5,373.567,1742520140.0662327
6,357.797,1742520140.0662327
7,380.061,1742520140.0662327
0,367.56,1742520140.1163666
1,365.283,1742520140.1163666
2,368.563,1742520140.1163666
3,370.288,1742520140.1163666
4,355.949,1742520140.1163666
5,373.567,1742520140.1163666
6,357.797,1742520140.1163666
7,380.061,1742520140.1163666
0,367.56,1742520140.1664996
1,366.341,1742520140.1664996
2,368.563,1742520140.1664996
3,369.574,1742520140.1664996
4,355.949,1742520140.1664996
5,374.207,1742520140.1664996
6,359.149,1742520140.1664996
7,378.229,1742520140.1664996
0,369.239,1742520140.2166328
1,366.341,1742520140.2166328
2,371.691,1742520140.2166328
3,369.574,1742520140.2166328
4,357.393,1742520140.2166328
5,374.207,1742520140.2166328
6,359.149,1742520140.2166328
7,378.229,1742520140.2166328
0,369.239,1742520140.2667687
1,368.658,1742520140.2667687
2,371.691,1742520140.2667687
3,372.569,1742520140.2667687
4,357.393,1742520140.2667687
5,377.334,1742520140.2667687
6,360.244,1742520140.2667687
7,381.91,1742520140.2667687
0,373.007,1742520140.3169022
1,368.658,1742520140.3169022
2,373.314,1742520140.3169022
3,372.569,1742520140.3169022
4,360.33,1742520140.3169022
5,377.334,1742520140.3169022
6,360.244,1742520140.3169022
7,381.91,1742520140.3169022
0,373.007,1742520140.3670273
1,370.293,1742520140.3670273
2,373.314,1742520140.3670273
3,375.553,1742520140.3670273
4,360.33,1742520140.3670273
5,379.423,1742520140.3670273
6,362.692,1742520140.3670273
7,386.697,1742520140.3670273
0,375.99,1742520140.4171588
1,370.293,1742520140.4171588
2,378.33,1742520140.4171588
3,375.553,1742520140.4171588
4,363.326,1742520140.4171588
5,379.423,1742520140.4171588
6,362.692,1742520140.4171588
7,386.697,1742520140.4171588
0,375.99,1742520140.4672928
1,371.23,1742520140.4672928
2,378.33,1742520140.4672928
3,376.554,1742520140.4672928
4,363.326,1742520140.4672928
5,385.126,1742520140.4672928
6,364.495,1742520140.4672928
7,386.638,1742520140.4672928
0,378.329,1742520140.5174284
1,371.23,1742520140.5174284
2,381.372,1742520140.5174284
3,376.554,1742520140.5174284
4,366.583,1742520140.5174284
5,385.126,1742520140.5174284
6,364.495,1742520140.5174284
7,386.638,1742520140.5174284
0,378.329,1742520140.5675607
1,372.696,1742520140.5675607
2,381.372,1742520140.5675607
3,378.336,1742520140.5675607
4,366.583,1742520140.5675607
5,387.018,1742520140.5675607
6,369.82,1742520140.5675607
7,388.584,1742520140.5675607
0,378.255,1742520140.6177092
1,372.696,1742520140.6177092
2,381.931,1742520140.6177092
3,378.336,1742520140.6177092
4,370.263,1742520140.6177092
5,387.018,1742520140.6177092
6,369.82,1742520140.6177092
7,388.584,1742520140.6177092
0,378.255,1742520140.6678417
1,374.188,1742520140.6678417
2,381.931,1742520140.6678417
3,380.678,1742520140.6678417
4,370.263,1742520140.6678417
5,388.351,1742520140.6678417
6,371.625,1742520140.6678417
7,389.675,1742520140.6678417
0,378.936,1742520140.7179701
1,374.188,1742520140.7179701
2,382.951,1742520140.7179701
3,380.678,1742520140.7179701
4,371.871,1742520140.7179701
5,388.351,1742520140.7179701
6,371.625,1742520140.7179701
7,389.675,1742520140.7179701
0,378.936,1742520140.7680943
1,374.511,1742520140.7680943
2,382.951,1742520140.7680943
3,381.705,1742520140.7680943
4,371.871,1742520140.7680943
5,389.465,1742520140.7680943
6,371.507,1742520140.7680943
7,390.244,1742520140.7680943
0,379.493,1742520140.8182194
1,374.511,1742520140.8182194
2,383.696,1742520140.8182194
3,381.705,1742520140.8182194
4,372.122,1742520140.8182194
5,389.465,1742520140.8182194
6,371.507,1742520140.8182194
7,390.244,1742520140.8182194
0,379.493,1742520140.8683472
1,375.666,1742520140.8683472
2,383.696,1742520140.8683472
3,381.589,1742520140.8683472
4,372.122,1742520140.8683472
5,386.965,1742520140.8683472
6,372.507,1742520140.8683472
7,389.299,1742520140.8683472
0,382.141,1742520140.9185836
1,375.666,1742520140.9185836
2,383.042,1742520140.9185836
3,381.589,1742520140.9185836
4,372.675,1742520140.9185836
5,386.965,1742520140.9185836
6,372.507,1742520140.9185836
7,389.299,1742520140.9185836
0,382.141,1742520140.9687173
1,375.79,1742520140.9687173
2,383.042,1742520140.9687173
3,381.668,1742520140.9687173
4,372.675,1742520140.9687173
5,389.45,1742520140.9687173
6,372.164,1742520140.9687173
7,388.916,1742520140.9687173
0,381.823,1742520141.018848
1,375.79,1742520141.018848
2,382.616,1742520141.018848
3,381.668,1742520141.018848
4,372.974,1742520141.018848
5,389.45,1742520141.018848
6,372.164,1742520141.018848
7,388.916,1742520141.018848
0,381.823,1742520141.0689754
1,376.456,1742520141.0689754
2,382.616,1742520141.0689754
3,383.004,1742520141.0689754
4,372.974,1742520141.0689754
5,386.489,1742520141.0689754
6,372.802,1742520141.0689754
7,389.385,1742520141.0689754
0,384.99,1742520141.1191103
1,376.456,1742520141.1191103
2,381.032,1742520141.1191103
3,383.004,1742520141.1191103
4,372.873,1742520141.1191103
5,386.489,1742520141.1191103
6,372.802,1742520141.1191103
7,389.385,1742520141.1191103
0,384.99,1742520141.1692905
1,376.309,1742520141.1692905
2,381.032,1742520141.1692905
3,381.932,1742520141.1692905
4,372.873,1742520141.1692905
5,386.392,1742520141.1692905
6,372.88,1742520141.1692905
7,389.478,1742520141.1692905
0,383.996,1742520141.2194252
1,376.309,1742520141.2194252
2,380.044,1742520141.2194252
3,381.932,1742520141.2194252
4,372.627,1742520141.2194252
5,386.392,1742520141.2194252
6,372.88,1742520141.2194252
7,389.478,1742520141.2194252
0,383.996,1742520141.2695582
1,375.901,1742520141.2695582
2,380.044,1742520141.2695582
3,382.599,1742520141.2695582
4,372.627,1742520141.2695582
5,386.917,1742520141.2695582
6,374.9,1742520141.2695582
7,389.794,1742520141.2695582
0,384.789,1742520141.3196914
1,375.901,1742520141.3196914
2,377.563,1742520141.3196914
3,382.599,1742520141.3196914
4,371.851,1742520141.3196914
5,386.917,1742520141.3196914
6,374.9,1742520141.3196914
7,389.794,1742520141.3196914
0,384.789,1742520141.3698266
1,374.417,1742520141.3698266
2,377.563,1742520141.3698266
3,381.754,1742520141.3698266
4,371.851,1742520141.3698266
5,386.1,1742520141.3698266
6,375.143,1742520141.3698266
7,388.941,1742520141.3698266
0,385.078,1742520141.4200053
1,374.417,1742520141.4200053
2,376.811,1742520141.4200053
3,381.754,1742520141.4200053
4,372.749,1742520141.4200053
5,386.1,1742520141.4200053
6,375.143,1742520141.4200053
7,388.941,1742520141.4200053
0,385.078,1742520141.4701385
1,374.17,1742520141.4701385
2,376.811,1742520141.4701385
3,383.152,1742520141.4701385
4,372.749,1742520141.4701385
5,385.485,1742520141.4701385
6,376.352,1742520141.4701385
7,388.115,1742520141.4701385
0,383.386,1742520141.520273
1,374.17,1742520141.520273
2,376.212,1742520141.520273
3,383.152,1742520141.520273
4,372.447,1742520141.520273
5,385.485,1742520141.520273
6,376.352,1742520141.520273
7,388.115,1742520141.520273
0,383.386,1742520141.5703933
1,373.79,1742520141.5703933
2,376.212,1742520141.5703933
3,381.578,1742520141.5703933
4,372.447,1742520141.5703933
5,384.984,1742520141.5703933
6,374.478,1742520141.5703933
7,386.213,1742520141.5703933
0,382.584,1742520141.620525
1,373.79,1742520141.620525
2,375.481,1742520141.620525
3,381.578,1742520141.620525
4,369.695,1742520141.620525
5,384.984,1742520141.620525
6,374.478,1742520141.620525
7,386.213,1742520141.620525
0,382.584,1742520141.6706536
1,373.224,1742520141.6706536
2,375.481,1742520141.6706536
3,380.903,1742520141.6706536
4,369.695,1742520141.6706536
5,383.863,1742520141.6706536
6,375.475,1742520141.6706536
7,386.41,1742520141.6706536
0,382.983,1742520141.7207851
1,373.224,1742520141.7207851
2,368.971,1742520141.7207851
3,380.903,1742520141.7207851
4,367.888,1742520141.7207851
5,383.863,1742520141.7207851
6,375.475,1742520141.7207851
7,386.41,1742520141.7207851
0,382.983,1742520141.770934
1,364.598,1742520141.770934
2,368.971,1742520141.770934
3,367.858,1742520141.770934
4,367.888,1742520141.770934
5,376.153,1742520141.770934
6,365.882,1742520141.770934
7,377.617,1742520141.770934
0,358.662,1742520141.821065
1,364.598,1742520141.821065
2,342.498,1742520141.821065
3,367.858,1742520141.821065
4,343.71,1742520141.821065
5,376.153,1742520141.821065
6,365.882,1742520141.821065
7,377.617,1742520141.821065
0,358.662,1742520141.8712
1,333.903,1742520141.8712
2,342.498,1742520141.8712
3,342.839,1742520141.8712
4,343.71,1742520141.8712
5,350.048,1742520141.8712
6,336.266,1742520141.8712
7,352.584,1742520141.8712
0,332.093,1742520141.921331
1,333.903,1742520141.921331
2,317.97,1742520141.921331
3,342.839,1742520141.921331
4,318.589,1742520141.921331
5,350.048,1742520141.921331
6,336.266,1742520141.921331
7,352.584,1742520141.921331
0,332.093,1742520141.971451
1,307.152,1742520141.971451
2,317.97,1742520141.971451
3,317.548,1742520141.971451
4,318.589,1742520141.971451
5,324.297,1742520141.971451
6,311.161,1742520141.971451
7,327.047,1742520141.971451
0,305.916,1742520142.0215867
1,307.152,1742520142.0215867
2,292.946,1742520142.0215867
3,317.548,1742520142.0215867
4,294.177,1742520142.0215867
5,324.297,1742520142.0215867
6,311.161,1742520142.0215867
7,327.047,1742520142.0215867
0,305.916,1742520142.0717463
1,281.647,1742520142.0717463
2,292.946,1742520142.0717463
3,289.914,1742520142.0717463
4,294.177,1742520142.0717463
5,298.823,1742520142.0717463
6,286.318,1742520142.0717463
7,301.726,1742520142.0717463
0,283.856,1742520142.1218793
1,281.647,1742520142.1218793
2,267.795,1742520142.1218793
3,289.914,1742520142.1218793
4,294.177,1742520142.1218793
5,298.823,1742520142.1218793
6,286.318,1742520142.1218793
7,301.726,1742520142.1218793
0,283.856,1742520142.1720068
1,255.495,1742520142.1720068
2,267.795,1742520142.1720068
3,265.831,1742520142.1720068
4,265.424,1742520142.1720068
5,271.739,1742520142.1720068
6,261.327,1742520142.1720068
7,269.151,1742520142.1720068
0,258.16,1742520142.2221262
1,255.495,1742520142.2221262
2,242.91,1742520142.2221262
3,265.831,1742520142.2221262
4,245.217,1742520142.2221262
5,271.739,1742520142.2221262
6,261.327,1742520142.2221262
7,269.151,1742520142.2221262
0,258.16,1742520142.272247
1,230.344,1742520142.272247
2,242.91,1742520142.272247
3,239.461,1742520142.272247
4,245.217,1742520142.272247
5,246.355,1742520142.272247
6,235.859,1742520142.272247
7,244.928,1742520142.272247
0,231.503,1742520142.3223786
1,230.344,1742520142.3223786
2,217.708,1742520142.3223786
3,239.461,1742520142.3223786
4,220.015,1742520142.3223786
5,246.355,1742520142.3223786
6,235.859,1742520142.3223786
7,244.928,1742520142.3223786
0,231.503,1742520142.3725374
1,205.149,1742520142.3725374
2,217.708,1742520142.3725374
3,212.956,1742520142.3725374
4,220.015,1742520142.3725374
5,220.011,1742520142.3725374
6,210.062,1742520142.3725374
7,216.488,1742520142.3725374
0,204.674,1742520142.4226577
1,205.149,1742520142.4226577
2,195.148,1742520142.4226577
3,212.956,1742520142.4226577
4,194.835,1742520142.4226577
5,220.011,1742520142.4226577
6,210.062,1742520142.4226577
7,216.488,1742520142.4226577
0,204.674,1742520142.4727929
1,179.938,1742520142.4727929
2,195.148,1742520142.4727929
3,187.649,1742520142.4727929
4,194.835,1742520142.4727929
5,194.522,1742520142.4727929
6,183.651,1742520142.4727929
7,194.33,1742520142.4727929
0,174.503,1742520142.5229285
1,179.938,1742520142.5229285
2,170.376,1742520142.5229285
3,187.649,1742520142.5229285
4,169.493,1742520142.5229285
5,194.522,1742520142.5229285
6,183.651,1742520142.5229285
7,194.33,1742520142.5229285
0,174.503,1742520142.5730486
1,155.678,1742520142.5730486
2,170.376,1742520142.5730486
3,158.148,1742520142.5730486
4,169.493,1742520142.5730486
5,169.145,1742520142.5730486
6,152.849,1742520142.5730486
7,165.186,1742520142.5730486
0,153.967,1742520142.6231806
1,155.678,1742520142.6231806
2,146.301,1742520142.6231806
3,158.148,1742520142.6231806
4,144.286,1742520142.6231806
5,169.145,1742520142.6231806
6,152.849,1742520142.6231806
7,165.186,1742520142.6231806
0,153.967,1742520142.6733146
1,130.224,1742520142.6733146
2,146.301,1742520142.6733146
3,138.022,1742520142.6733146
4,144.286,1742520142.6733146
5,144.097,1742520142.6733146
6,132.207,1742520142.6733146
7,145.096,1742520142.6733146
0,123.781,1742520142.7234466
1,130.224,1742520142.7234466
2,123.512,1742520142.7234466
3,138.022,1742520142.7234466
4,121.277,1742520142.7234466
5,144.097,1742520142.7234466
6,132.207,1742520142.7234466
7,145.096,1742520142.7234466
0,123.781,1742520142.7735653
1,118.766,1742520142.7735653
2,123.512,1742520142.7735653
3,119.797,1742520142.7735653
4,121.277,1742520142.7735653
5,122.307,1742520142.7735653
6,117.585,1742520142.7735653
7,127.149,1742520142.7735653
0,122.503,1742520142.8237
1,118.766,1742520142.8237
2,123.124,1742520142.8237
3,119.797,1742520142.8237
4,119.553,1742520142.8237
5,122.307,1742520142.8237
6,117.585,1742520142.8237
7,127.149,1742520142.8237
0,122.503,1742520142.8738317
1,118.793,1742520142.8738317
2,123.124,1742520142.8738317
3,119.736,1742520142.8738317
4,119.553,1742520142.8738317
5,121.96,1742520142.8738317
6,117.451,1742520142.8738317
7,126.967,1742520142.8738317
0,122.425,1742520142.9239652
1,118.793,1742520142.9239652
2,122.923,1742520142.9239652
3,119.736,1742520142.9239652
4,119.384,1742520142.9239652
5,121.96,1742520142.9239652
6,117.451,1742520142.9239652
7,126.967,1742520142.9239652
0,122.425,1742520142.9740977
1,118.594,1742520142.9740977
2,122.923,1742520142.9740977
3,119.696,1742520142.9740977
4,119.384,1742520142.9740977
5,121.874,1742520142.9740977
6,117.36,1742520142.9740977
7,126.813,1742520142.9740977
0,122.329,1742520143.024197
1,118.594,1742520143.024197
2,122.769,1742520143.024197
3,119.696,1742520143.024197
4,119.265,1742520143.024197
5,121.874,1742520143.024197
6,117.36,1742520143.024197
7,126.813,1742520143.024197
0,122.329,1742520143.0743184
1,118.635,1742520143.0743184
2,122.769,1742520143.0743184
3,119.687,1742520143.0743184
4,119.265,1742520143.0743184
5,121.828,1742520143.0743184
6,117.318,1742520143.0743184
7,126.705,1742520143.0743184
0,122.246,1742520143.1244493
1,118.635,1742520143.1244493
2,122.615,1742520143.1244493
3,119.687,1742520143.1244493
4,119.192,1742520143.1244493
5,121.828,1742520143.1244493
6,117.318,1742520143.1244493
7,126.705,1742520143.1244493
0,122.246,1742520143.1745684
1,118.463,1742520143.1745684
2,122.615,1742520143.1745684
3,119.701,1742520143.1745684
4,119.192,1742520143.1745684
5,121.835,1742520143.1745684
6,117.309,1742520143.1745684
7,126.598,1742520143.1745684
0,122.171,1742520143.2246861
1,118.463,1742520143.2246861
2,122.513,1742520143.2246861
3,119.701,1742520143.2246861
4,119.113,1742520143.2246861
5,121.835,1742520143.2246861
6,117.309,1742520143.2246861
7,126.598,1742520143.2246861
0,122.171,1742520143.2748168
1,118.55,1742520143.2748168
2,122.513,1742520143.2748168
3,119.7,1742520143.2748168
4,119.113,1742520143.2748168
5,121.821,1742520143.2748168
6,117.342,1742520143.2748168
7,126.479,1742520143.2748168
0,122.111,1742520143.3249497
1,118.55,1742520143.3249497
2,122.418,1742520143.3249497
3,119.7,1742520143.3249497
4,119.062,1742520143.3249497
5,121.821,1742520143.3249497
6,117.342,1742520143.3249497
7,126.479,1742520143.3249497
0,122.111,1742520143.3750682
1,118.407,1742520143.3750682
2,122.418,1742520143.3750682
3,119.747,1742520143.3750682
4,119.062,1742520143.3750682
5,121.835,1742520143.3750682
6,117.359,1742520143.3750682
7,126.431,1742520143.3750682
0,122.077,1742520143.4252021
1,118.407,1742520143.4252021
2,122.295,1742520143.4252021
3,119.747,1742520143.4252021
4,118.991,1742520143.4252021
5,121.835,1742520143.4252021
6,117.359,1742520143.4252021
7,126.431,1742520143.4252021
0,122.077,1742520143.4753628
1,118.427,1742520143.4753628
2,122.295,1742520143.4753628
3,119.781,1742520143.4753628
4,118.991,1742520143.4753628
5,121.83,1742520143.4753628
6,117.372,1742520143.4753628
7,126.377,1742520143.4753628
0,122.067,1742520143.5254924
1,118.427,1742520143.5254924
2,122.195,1742520143.5254924
3,119.781,1742520143.5254924
4,118.945,1742520143.5254924
5,121.83,1742520143.5254924
6,117.372,1742520143.5254924
7,126.377,1742520143.5254924
0,122.067,1742520143.5756145
1,118.35,1742520143.5756145
2,122.195,1742520143.5756145
3,119.796,1742520143.5756145
4,118.945,1742520143.5756145
5,121.817,1742520143.5756145
6,117.383,1742520143.5756145
7,126.325,1742520143.5756145
0,122.016,1742520143.6257472
1,118.35,1742520143.6257472
2,122.127,1742520143.6257472
3,119.796,1742520143.6257472
4,118.899,1742520143.6257472
5,121.817,1742520143.6257472
6,117.383,1742520143.6257472
7,126.325,1742520143.6257472
0,122.016,1742520143.6758783
1,118.294,1742520143.6758783
2,122.127,1742520143.6758783
3,119.78,1742520143.6758783
4,118.899,1742520143.6758783
5,121.762,1742520143.6758783
6,117.402,1742520143.6758783
7,126.302,1742520143.6758783
0,121.975,1742520143.726018
1,118.294,1742520143.726018
2,122.089,1742520143.726018
3,119.78,1742520143.726018
4,118.877,1742520143.726018
5,121.762,1742520143.726018
6,117.402,1742520143.726018
7,126.302,1742520143.726018
0,121.975,1742520143.77615
1,118.294,1742520143.77615
2,122.089,1742520143.77615
3,119.726,1742520143.77615
4,118.877,1742520143.77615
5,121.72,1742520143.77615
6,117.424,1742520143.77615
7,126.264,1742520143.77615
0,121.938,1742520143.8263192
1,118.325,1742520143.8263192
2,122.057,1742520143.8263192
3,119.726,1742520143.8263192
4,118.84,1742520143.8263192
5,121.72,1742520143.8263192
6,117.424,1742520143.8263192
7,126.264,1742520143.8263192
0,121.938,1742520143.8765066
1,118.325,1742520143.8765066
2,122.057,1742520143.8765066
3,125.572,1742520143.8765066
4,118.84,1742520143.8765066
5,121.667,1742520143.8765066
6,122.525,1742520143.8765066
7,128.217,1742520143.8765066
0,138.317,1742520143.9266305
1,124.191,1742520143.9266305
2,139.926,1742520143.9266305
3,125.572,1742520143.9266305
4,132.409,1742520143.9266305
5,121.667,1742520143.9266305
6,122.525,1742520143.9266305
7,128.217,1742520143.9266305
0,138.317,1742520143.9767632
1,124.191,1742520143.9767632
2,139.926,1742520143.9767632
3,150.661,1742520143.9767632
4,132.409,1742520143.9767632
5,145.343,1742520143.9767632
6,147.213,1742520143.9767632
7,153.083,1742520143.9767632
0,164.731,1742520144.0269117
1,149.292,1742520144.0269117
2,164.874,1742520144.0269117
3,150.661,1742520144.0269117
4,157.666,1742520144.0269117
5,145.343,1742520144.0269117
6,147.213,1742520144.0269117
7,153.083,1742520144.0269117
0,164.731,1742520144.077047
1,149.292,1742520144.077047
2,164.874,1742520144.077047
3,150.661,1742520144.077047
4,157.666,1742520144.077047
5,172.491,1742520144.077047
6,172.526,1742520144.077047
7,180.656,1742520144.077047
0,191.004,1742520144.1271727
1,174.968,1742520144.1271727
2,189.69,1742520144.1271727
3,181.688,1742520144.1271727
4,182.929,1742520144.1271727
5,172.491,1742520144.1271727
6,172.526,1742520144.1271727
7,180.656,1742520144.1271727
0,191.004,1742520144.1773033
1,174.968,1742520144.1773033
2,189.69,1742520144.1773033
3,181.688,1742520144.1773033
4,182.929,1742520144.1773033
5,198.769,1742520144.1773033
6,198.024,1742520144.1773033
7,207.365,1742520144.1773033
0,217.402,1742520144.2274265
1,201.881,1742520144.2274265
2,189.69,1742520144.2274265
3,206.582,1742520144.2274265
4,208.83,1742520144.2274265
5,198.769,1742520144.2274265
6,198.024,1742520144.2274265
7,207.365,1742520144.2274265
0,217.402,1742520144.2775583
1,201.881,1742520144.2775583
2,214.766,1742520144.2775583
3,206.582,1742520144.2775583
4,208.83,1742520144.2775583
5,229.577,1742520144.2775583
6,223.765,1742520144.2775583
7,234.388,1742520144.2775583
0,243.603,1742520144.3276906
1,232.146,1742520144.3276906
2,214.766,1742520144.3276906
3,233.849,1742520144.3276906
4,235.837,1742520144.3276906
5,229.577,1742520144.3276906
6,223.765,1742520144.3276906
7,234.388,1742520144.3276906
0,243.603,1742520144.3778257
1,232.146,1742520144.3778257
2,242.185,1742520144.3778257
3,233.849,1742520144.3778257
4,235.837,1742520144.3778257
5,255.163,1742520144.3778257
6,223.765,1742520144.3778257
7,259.768,1742520144.3778257
0,269.767,1742520144.4279602
1,254.56,1742520144.4279602
2,242.185,1742520144.4279602
3,259.452,1742520144.4279602
4,268.416,1742520144.4279602
5,255.163,1742520144.4279602
6,255.432,1742520144.4279602
7,259.768,1742520144.4279602
0,269.767,1742520144.4781158
1,254.56,1742520144.4781158
2,269.895,1742520144.4781158
3,259.452,1742520144.4781158
4,268.416,1742520144.4781158
5,280.238,1742520144.4781158
6,255.432,1742520144.4781158
7,285.756,1742520144.4781158
0,294.747,1742520144.528258
1,283.46,1742520144.528258
2,269.895,1742520144.528258
3,284.81,1742520144.528258
4,292.388,1742520144.528258
5,280.238,1742520144.528258
6,278.249,1742520144.528258
7,285.756,1742520144.528258
0,294.747,1742520144.578393
1,283.46,1742520144.578393
2,291.599,1742520144.578393
3,284.81,1742520144.578393
4,292.388,1742520144.578393
5,306.029,1742520144.578393
6,278.249,1742520144.578393
7,311.261,1742520144.578393
0,320.061,1742520144.6285272
1,309.024,1742520144.6285272
2,291.599,1742520144.6285272
3,311.467,1742520144.6285272
4,312.51,1742520144.6285272
5,306.029,1742520144.6285272
6,307.783,1742520144.6285272
7,311.261,1742520144.6285272
0,320.061,1742520144.6786616
1,309.024,1742520144.6786616
2,316.453,1742520144.6786616
3,311.467,1742520144.6786616
4,312.51,1742520144.6786616
5,331.179,1742520144.6786616
6,307.783,1742520144.6786616
7,340.349,1742520144.6786616
0,345.402,1742520144.7288585
1,330.107,1742520144.7288585
2,316.453,1742520144.7288585
3,336.608,1742520144.7288585
4,341.067,1742520144.7288585
5,331.179,1742520144.7288585
6,332.838,1742520144.7288585
7,340.349,1742520144.7288585
0,345.402,1742520144.7789834
1,330.107,1742520144.7789834
2,342.339,1742520144.7789834
3,336.608,1742520144.7789834
4,341.067,1742520144.7789834
5,357.658,1742520144.7789834
6,332.838,1742520144.7789834
7,366.414,1742520144.7789834
0,371.057,1742520144.8291159
1,360.078,1742520144.8291159
2,342.339,1742520144.8291159
3,362.898,1742520144.8291159
4,360.377,1742520144.8291159
5,357.658,1742520144.8291159
6,353.386,1742520144.8291159
7,366.414,1742520144.8291159
0,371.057,1742520144.8792853
1,360.078,1742520144.8792853
2,367.867,1742520144.8792853
3,362.898,1742520144.8792853
4,360.377,1742520144.8792853
5,380.488,1742520144.8792853
6,353.386,1742520144.8792853
7,386.49,1742520144.8792853
0,381.11,1742520144.929409
1,375.764,1742520144.929409
2,367.867,1742520144.929409
3,378.802,1742520144.929409
4,371.298,1742520144.929409
5,380.488,1742520144.929409
6,373.023,1742520144.929409
7,386.49,1742520144.929409
0,381.11,1742520144.9795523
1,375.764,1742520144.9795523
2,375.505,1742520144.9795523
3,378.802,1742520144.9795523
4,371.298,1742520144.9795523
5,381.305,1742520144.9795523
6,373.023,1742520144.9795523
7,386.858,1742520144.9795523
0,380.617,1742520145.0296822
1,375.862,1742520145.0296822
2,375.505,1742520145.0296822
3,378.762,1742520145.0296822
4,370.852,1742520145.0296822
5,381.305,1742520145.0296822
6,373.09,1742520145.0296822
7,386.858,1742520145.0296822
0,380.617,1742520145.0797951
1,375.862,1742520145.0797951
2,375.652,1742520145.0797951
3,378.762,1742520145.0797951
4,370.852,1742520145.0797951
5,379.419,1742520145.0797951
6,373.09,1742520145.0797951
7,386.075,1742520145.0797951
0,379.563,1742520145.1299284
1,376.465,1742520145.1299284
2,375.652,1742520145.1299284
3,379.048,1742520145.1299284
4,369.932,1742520145.1299284
5,379.419,1742520145.1299284
6,372.873,1742520145.1299284
7,386.075,1742520145.1299284
0,379.563,1742520145.180062
1,376.465,1742520145.180062
2,375.97,1742520145.180062
3,379.048,1742520145.180062
4,369.932,1742520145.180062
5,379.684,1742520145.180062
6,372.873,1742520145.180062
7,386.388,1742520145.180062
0,379.692,1742520145.2301977
1,376.786,1742520145.2301977
2,375.97,1742520145.2301977
3,379.348,1742520145.2301977
4,369.932,1742520145.2301977
5,379.684,1742520145.2301977
6,373.247,1742520145.2301977
7,386.388,1742520145.2301977
0,379.692,1742520145.280333
1,376.786,1742520145.280333
2,375.219,1742520145.280333
3,379.348,1742520145.280333
4,368.639,1742520145.280333
5,379.862,1742520145.280333
6,373.247,1742520145.280333
7,385.666,1742520145.280333
0,379.761,1742520145.3304627
1,377.298,1742520145.3304627
2,375.219,1742520145.3304627
3,381.474,1742520145.3304627
4,368.639,1742520145.3304627
5,379.862,1742520145.3304627
6,373.248,1742520145.3304627
7,385.666,1742520145.3304627
0,379.761,1742520145.3805954
1,377.298,1742520145.3805954
2,375.976,1742520145.3805954
3,381.474,1742520145.3805954
4,367.365,1742520145.3805954
5,379.895,1742520145.3805954
6,373.248,1742520145.3805954
7,387.621,1742520145.3805954
0,379.547,1742520145.4307332
1,377.884,1742520145.4307332
2,375.976,1742520145.4307332
3,382.837,1742520145.4307332
4,367.365,1742520145.4307332
5,379.895,1742520145.4307332
6,371.759,1742520145.4307332
7,387.621,1742520145.4307332
0,379.547,1742520145.4808667
1,377.884,1742520145.4808667
2,375.413,1742520145.4808667
3,382.837,1742520145.4808667
4,366.389,1742520145.4808667
5,383.266,1742520145.4808667
6,371.759,1742520145.4808667
7,387.71,1742520145.4808667
0,381.759,1742520145.5310762
1,376.978,1742520145.5310762
2,375.413,1742520145.5310762
3,384.954,1742520145.5310762
4,366.389,1742520145.5310762
5,383.266,1742520145.5310762
6,371.974,1742520145.5310762
7,387.71,1742520145.5310762
0,381.759,1742520145.581208
1,376.978,1742520145.581208
2,375.754,1742520145.581208
3,384.954,1742520145.581208
4,366.908,1742520145.581208
5,383.348,1742520145.581208
6,371.974,1742520145.581208
7,388.101,1742520145.581208
0,380.722,1742520145.6313455
1,377.191,1742520145.6313455
2,375.754,1742520145.6313455
3,384.189,1742520145.6313455
4,366.908,1742520145.6313455
5,383.348,1742520145.6313455
6,371.26,1742520145.6313455
7,388.101,1742520145.6313455
0,380.722,1742520145.6815016
1,377.191,1742520145.6815016
2,376.025,1742520145.6815016
3,384.189,1742520145.6815016
4,367.523,1742520145.6815016
5,384.056,1742520145.6815016
6,371.26,1742520145.6815016
7,390.506,1742520145.6815016
0,379.864,1742520145.7316334
1,377.189,1742520145.7316334
2,376.025,1742520145.7316334
3,384.194,1742520145.7316334
4,367.523,1742520145.7316334
5,384.056,1742520145.7316334
6,372.225,1742520145.7316334
7,390.506,1742520145.7316334
0,379.864,1742520145.7818034
1,377.189,1742520145.7818034
2,374.732,1742520145.7818034
3,384.194,1742520145.7818034
4,367.077,1742520145.7818034
5,382.205,1742520145.7818034
6,372.225,1742520145.7818034
7,390.845,1742520145.7818034
0,380.014,1742520145.8319426
1,377.204,1742520145.8319426
2,374.732,1742520145.8319426
3,383.45,1742520145.8319426
4,367.077,1742520145.8319426
5,382.205,1742520145.8319426
6,371.833,1742520145.8319426
7,390.845,1742520145.8319426
0,380.014,1742520145.882082
1,377.204,1742520145.882082
2,375.394,1742520145.882082
3,383.45,1742520145.882082
4,367.358,1742520145.882082
5,383.699,1742520145.882082
6,371.833,1742520145.882082
7,391.26,1742520145.882082
0,379.009,1742520145.9322188
1,376.19,1742520145.9322188
2,375.394,1742520145.9322188
3,382.571,1742520145.9322188
4,367.358,1742520145.9322188
5,383.699,1742520145.9322188
6,372.693,1742520145.9322188
7,391.26,1742520145.9322188
0,379.009,1742520145.982351
1,376.19,1742520145.982351
2,374.987,1742520145.982351
3,382.571,1742520145.982351
4,367.343,1742520145.982351
5,381.912,1742520145.982351
6,372.693,1742520145.982351
7,391.26,1742520145.982351
0,379.436,1742520146.032487
1,376.349,1742520146.032487
2,374.987,1742520146.032487
3,381.879,1742520146.032487
4,367.343,1742520146.032487
5,381.912,1742520146.032487
6,372.896,1742520146.032487
7,390.169,1742520146.032487
0,379.436,1742520146.0826256
1,376.349,1742520146.0826256
2,377.149,1742520146.0826256
3,381.879,1742520146.0826256
4,366.789,1742520146.0826256
5,383.061,1742520146.0826256
6,372.896,1742520146.0826256
7,390.169,1742520146.0826256
0,379.33,1742520146.1328747
1,376.426,1742520146.1328747
2,377.149,1742520146.1328747
3,381.664,1742520146.1328747
4,366.789,1742520146.1328747
5,383.061,1742520146.1328747
6,373.077,1742520146.1328747
7,391.608,1742520146.1328747
0,379.33,1742520146.1830082
1,376.426,1742520146.1830082
2,378.013,1742520146.1830082
3,381.664,1742520146.1830082
4,366.887,1742520146.1830082
5,381.432,1742520146.1830082
6,373.077,1742520146.1830082
7,391.608,1742520146.1830082
0,379.33,1742520146.233151
1,374.553,1742520146.233151
2,378.013,1742520146.233151
3,380.313,1742520146.233151
4,366.887,1742520146.233151
5,381.432,1742520146.233151
6,373.281,1742520146.233151
7,391.689,1742520146.233151
0,379.348,1742520146.2832894
1,374.553,1742520146.2832894
2,377.758,1742520146.2832894
3,380.313,1742520146.2832894
4,366.892,1742520146.2832894
5,381.685,1742520146.2832894
6,373.281,1742520146.2832894
7,391.689,1742520146.2832894
0,379.348,1742520146.333418
1,375.418,1742520146.333418
2,377.758,1742520146.333418
3,378.468,1742520146.333418
4,366.892,1742520146.333418
5,381.685,1742520146.333418
6,372.573,1742520146.333418
7,391.336,1742520146.333418
0,378.829,1742520146.3835504
1,375.418,1742520146.3835504
2,378.945,1742520146.3835504
3,378.468,1742520146.3835504
4,366.667,1742520146.3835504
5,381.743,1742520146.3835504
6,372.573,1742520146.3835504
7,391.336,1742520146.3835504
0,378.829,1742520146.433683
1,376.391,1742520146.433683
2,378.945,1742520146.433683
3,377.344,1742520146.433683
4,366.667,1742520146.433683
5,381.743,1742520146.433683
6,370.566,1742520146.433683
7,390.842,1742520146.433683
0,379.394,1742520146.4839067
1,376.391,1742520146.4839067
2,379.073,1742520146.4839067
3,377.344,1742520146.4839067
4,366.82,1742520146.4839067
5,381.653,1742520146.4839067
6,370.566,1742520146.4839067
7,390.842,1742520146.4839067
0,379.394,1742520146.5340505
1,378.535,1742520146.5340505
2,379.073,1742520146.5340505
3,377.499,1742520146.5340505
4,366.82,1742520146.5340505
5,381.653,1742520146.5340505
6,371.55,1742520146.5340505
7,391.471,1742520146.5340505
0,379.975,1742520146.5841756
1,378.535,1742520146.5841756
2,377.814,1742520146.5841756
3,377.499,1742520146.5841756
4,366.362,1742520146.5841756
5,384.577,1742520146.5841756
6,371.55,1742520146.5841756
7,391.471,1742520146.5841756
0,379.975,1742520146.6343102
1,378.932,1742520146.6343102
2,377.814,1742520146.6343102
3,377.853,1742520146.6343102
4,366.362,1742520146.6343102
5,384.577,1742520146.6343102
6,369.732,1742520146.6343102
7,390.579,1742520146.6343102
0,380.15,1742520146.6844354
1,378.932,1742520146.6844354
2,377.071,1742520146.6844354
3,377.853,1742520146.6844354
4,367.546,1742520146.6844354
5,384.823,1742520146.6844354
6,369.732,1742520146.6844354
7,390.579,1742520146.6844354
0,380.15,1742520146.7346647
1,376.889,1742520146.7346647
2,377.071,1742520146.7346647
3,377.292,1742520146.7346647
4,367.546,1742520146.7346647
5,384.823,1742520146.7346647
6,371.208,1742520146.7346647
7,391.519,1742520146.7346647
0,378.442,1742520146.78479
1,376.889,1742520146.78479
2,376.856,1742520146.78479
3,377.292,1742520146.78479
4,369.012,1742520146.78479
5,386.226,1742520146.78479
6,371.208,1742520146.78479
7,391.519,1742520146.78479
0,378.442,1742520146.8349235
1,377.548,1742520146.8349235
2,376.856,1742520146.8349235
3,376.775,1742520146.8349235
4,369.012,1742520146.8349235
5,386.226,1742520146.8349235
6,372.968,1742520146.8349235
7,391.499,1742520146.8349235
0,379.514,1742520146.8850558
1,377.548,1742520146.8850558
2,376.073,1742520146.8850558
3,376.775,1742520146.8850558
4,369.702,1742520146.8850558
5,387.324,1742520146.8850558
6,372.968,1742520146.8850558
7,391.499,1742520146.8850558
0,379.514,1742520146.9351904
1,377.481,1742520146.9351904
2,376.073,1742520146.9351904
3,377.531,1742520146.9351904
4,369.702,1742520146.9351904
5,387.324,1742520146.9351904
6,372.472,1742520146.9351904
7,391.151,1742520146.9351904
0,380.291,1742520146.98534
1,377.481,1742520146.98534
2,374.321,1742520146.98534
3,377.531,1742520146.98534
4,370.084,1742520146.98534
5,388.679,1742520146.98534
6,372.472,1742520146.98534
7,391.151,1742520146.98534
0,380.291,1742520147.0355067
1,372.328,1742520147.0355067
2,374.321,1742520147.0355067
3,374.169,1742520147.0355067
4,370.084,1742520147.0355067
5,388.679,1742520147.0355067
6,370.078,1742520147.0355067
7,390.583,1742520147.0355067
0,373.213,1742520147.0856388
1,372.328,1742520147.0856388
2,358.533,1742520147.0856388
3,374.169,1742520147.0856388
4,358.857,1742520147.0856388
5,367.243,1742520147.0856388
6,370.078,1742520147.0856388
7,390.583,1742520147.0856388
0,373.213,1742520147.1357584
1,346.672,1742520147.1357584
2,358.533,1742520147.1357584
3,349.027,1742520147.1357584
4,358.857,1742520147.1357584
5,367.243,1742520147.1357584
6,345.252,1742520147.1357584
7,365.843,1742520147.1357584
0,347.164,1742520147.1858878
1,346.672,1742520147.1858878
2,332.667,1742520147.1858878
3,349.027,1742520147.1858878
4,334.657,1742520147.1858878
5,342.976,1742520147.1858878
6,345.252,1742520147.1858878
7,365.843,1742520147.1858878
0,347.164,1742520147.236024
1,319.882,1742520147.236024
2,332.667,1742520147.236024
3,324.007,1742520147.236024
4,334.657,1742520147.236024
5,342.976,1742520147.236024
6,320.697,1742520147.236024
7,333.557,1742520147.236024
0,321.691,1742520147.286157
1,319.882,1742520147.286157
2,308.15,1742520147.286157
3,324.007,1742520147.286157
4,310.406,1742520147.286157
5,317.386,1742520147.286157
6,320.697,1742520147.286157
7,333.557,1742520147.286157
0,321.691,1742520147.3362877
1,294.481,1742520147.3362877
2,308.15,1742520147.3362877
3,298.693,1742520147.3362877
4,310.406,1742520147.3362877
5,317.386,1742520147.3362877
6,295.461,1742520147.3362877
7,307.284,1742520147.3362877
0,296.263,1742520147.3864114
1,294.481,1742520147.3864114
2,284.239,1742520147.3864114
3,298.693,1742520147.3864114
4,285.731,1742520147.3864114
5,291.348,1742520147.3864114
6,295.461,1742520147.3864114
7,307.284,1742520147.3864114
0,296.263,1742520147.4365442
1,267.763,1742520147.4365442
2,284.239,1742520147.4365442
3,270.922,1742520147.4365442
4,285.731,1742520147.4365442
5,291.348,1742520147.4365442
6,270.511,1742520147.4365442
7,281.661,1742520147.4365442
0,270.483,1742520147.4866788
1,267.763,1742520147.4866788
2,260.662,1742520147.4866788
3,270.922,1742520147.4866788
4,261.219,1742520147.4866788
5,264.472,1742520147.4866788
6,270.511,1742520147.4866788
7,281.661,1742520147.4866788
0,270.483,1742520147.5368106
1,241.59,1742520147.5368106
2,260.662,1742520147.5368106
3,245.509,1742520147.5368106
4,261.219,1742520147.5368106
5,264.472,1742520147.5368106
6,243.769,1742520147.5368106
7,253.274,1742520147.5368106
0,244.708,1742520147.586934
1,241.59,1742520147.586934
2,235.966,1742520147.586934
3,245.509,1742520147.586934
4,236.314,1742520147.586934
5,238.357,1742520147.586934
6,243.769,1742520147.586934
7,253.274,1742520147.586934
0,244.708,1742520147.6370661
1,218.226,1742520147.6370661
2,235.966,1742520147.6370661
3,219.535,1742520147.6370661
4,236.314,1742520147.6370661
5,238.357,1742520147.6370661
6,219.659,1742520147.6370661
7,227.321,1742520147.6370661
0,219.595,1742520147.6872005
1,218.226,1742520147.6872005
2,212.298,1742520147.6872005
3,219.535,1742520147.6872005
4,211.574,1742520147.6872005
5,212.659,1742520147.6872005
6,219.659,1742520147.6872005
7,227.321,1742520147.6872005
0,219.595,1742520147.737336
1,191.064,1742520147.737336
2,212.298,1742520147.737336
3,194.493,1742520147.737336
4,211.574,1742520147.737336
5,212.659,1742520147.737336
6,193.484,1742520147.737336
7,201.227,1742520147.737336
0,194.966,1742520147.787458
1,191.064,1742520147.787458
2,187.347,1742520147.787458
3,194.493,1742520147.787458
4,185.983,1742520147.787458
5,186.188,1742520147.787458
6,193.484,1742520147.787458
7,201.227,1742520147.787458
0,194.966,1742520147.83759
1,160.637,1742520147.83759
2,187.347,1742520147.83759
3,170.489,1742520147.83759
4,185.983,1742520147.83759
5,186.188,1742520147.83759
6,164.772,1742520147.83759
7,177.843,1742520147.83759
0,165.607,1742520147.887714
1,160.637,1742520147.887714
2,162.921,1742520147.887714
3,170.489,1742520147.887714
4,160.886,1742520147.887714
5,160.022,1742520147.887714
6,164.772,1742520147.887714
7,177.843,1742520147.887714
0,165.607,1742520147.9378471
1,135.06,1742520147.9378471
2,162.921,1742520147.9378471
3,141.737,1742520147.9378471
4,160.886,1742520147.9378471
5,160.022,1742520147.9378471
6,140.151,1742520147.9378471
7,149.417,1742520147.9378471
0,139.881,1742520147.9879656
1,135.06,1742520147.9879656
2,138.321,1742520147.9879656
3,141.737,1742520147.9879656
4,136.659,1742520147.9879656
5,133.856,1742520147.9879656
6,140.151,1742520147.9879656
7,149.417,1742520147.9879656
0,139.881,1742520148.0380974
1,118.877,1742520148.0380974
2,138.321,1742520148.0380974
3,120.784,1742520148.0380974
4,136.659,1742520148.0380974
5,133.856,1742520148.0380974
6,117.666,1742520148.0380974
7,128.073,1742520148.0380974
0,122.397,1742520148.0882373
1,118.877,1742520148.0882373
2,123.383,1742520148.0882373
3,120.784,1742520148.0882373
4,119.558,1742520148.0882373
5,121.862,1742520148.0882373
6,117.666,1742520148.0882373
7,128.073,1742520148.0882373
0,122.397,1742520148.1383402
1,118.678,1742520148.1383402
2,123.383,1742520148.1383402
3,119.585,1742520148.1383402
4,119.558,1742520148.1383402
5,121.862,1742520148.1383402
6,117.31,1742520148.1383402
7,126.944,1742520148.1383402
0,122.332,1742520148.1884725
1,118.678,1742520148.1884725
2,123.146,1742520148.1884725
3,119.585,1742520148.1884725
4,119.383,1742520148.1884725
5,121.789,1742520148.1884725
6,117.31,1742520148.1884725
7,126.944,1742520148.1884725
0,122.332,1742520148.2386074
1,118.624,1742520148.2386074
2,123.146,1742520148.2386074
3,119.517,1742520148.2386074
4,119.383,1742520148.2386074
5,121.789,1742520148.2386074
6,117.205,1742520148.2386074
7,126.741,1742520148.2386074
0,122.284,1742520148.2887266
1,118.624,1742520148.2887266
2,122.989,1742520148.2887266
3,119.517,1742520148.2887266
4,119.281,1742520148.2887266
5,121.731,1742520148.2887266
6,117.205,1742520148.2887266
7,126.741,1742520148.2887266
0,122.284,1742520148.3388522
1,118.53,1742520148.3388522
2,122.989,1742520148.3388522
3,119.509,1742520148.3388522
4,119.281,1742520148.3388522
5,121.731,1742520148.3388522
6,117.158,1742520148.3388522
7,126.632,1742520148.3388522
0,122.225,1742520148.3889875
1,118.53,1742520148.3889875
2,122.908,1742520148.3889875
3,119.509,1742520148.3889875
4,119.205,1742520148.3889875
5,121.705,1742520148.3889875
6,117.158,1742520148.3889875
7,126.632,1742520148.3889875
0,122.225,1742520148.4391186
1,118.454,1742520148.4391186
2,122.908,1742520148.4391186
3,119.511,1742520148.4391186
4,119.205,1742520148.4391186
5,121.705,1742520148.4391186
6,117.097,1742520148.4391186
7,126.535,1742520148.4391186
0,122.182,1742520148.4892547
1,118.454,1742520148.4892547
2,122.787,1742520148.4892547
3,119.511,1742520148.4892547
4,119.138,1742520148.4892547
5,121.705,1742520148.4892547
6,117.097,1742520148.4892547
7,126.535,1742520148.4892547
0,122.182,1742520148.539389
1,118.447,1742520148.539389
2,122.787,1742520148.539389
3,119.51,1742520148.539389
4,119.138,1742520148.539389
5,121.705,1742520148.539389
6,117.046,1742520148.539389
7,126.448,1742520148.539389
0,122.131,1742520148.5895097
1,118.447,1742520148.5895097
2,122.708,1742520148.5895097
3,119.51,1742520148.5895097
4,119.088,1742520148.5895097
5,121.7,1742520148.5895097
6,117.046,1742520148.5895097
7,126.448,1742520148.5895097
0,122.131,1742520148.6396427
1,118.316,1742520148.6396427
2,122.708,1742520148.6396427
3,119.514,1742520148.6396427
4,119.088,1742520148.6396427
5,121.7,1742520148.6396427
6,116.987,1742520148.6396427
7,126.358,1742520148.6396427
0,122.073,1742520148.689775
1,118.316,1742520148.689775
2,122.672,1742520148.689775
3,119.514,1742520148.689775
4,119.041,1742520148.689775
5,121.714,1742520148.689775
6,116.987,1742520148.689775
7,126.358,1742520148.689775
0,122.073,1742520148.739936
1,118.383,1742520148.739936
2,122.672,1742520148.739936
3,119.531,1742520148.739936
4,119.041,1742520148.739936
5,121.714,1742520148.739936
6,116.93,1742520148.739936
7,126.305,1742520148.739936
0,122.01,1742520148.7900677
1,118.383,1742520148.7900677
2,122.63,1742520148.7900677
3,119.531,1742520148.7900677
4,119.001,1742520148.7900677
5,121.719,1742520148.7900677
6,116.93,1742520148.7900677
7,126.305,1742520148.7900677
0,122.01,1742520148.840202
1,118.237,1742520148.840202
2,122.63,1742520148.840202
3,119.537,1742520148.840202
4,119.001,1742520148.840202
5,121.719,1742520148.840202
6,116.894,1742520148.840202
7,126.24,1742520148.840202
0,121.985,1742520148.8903275
1,118.237,1742520148.8903275
2,122.596,1742520148.8903275
3,119.537,1742520148.8903275
4,118.977,1742520148.8903275
5,121.765,1742520148.8903275
6,116.894,1742520148.8903275
7,126.24,1742520148.8903275
0,121.985,1742520148.9404566
1,118.291,1742520148.9404566
2,122.596,1742520148.9404566
3,119.558,1742520148.9404566
4,118.977,1742520148.9404566
5,121.765,1742520148.9404566
6,116.855,1742520148.9404566
7,126.2,1742520148.9404566
0,121.951,1742520148.990589
1,118.291,1742520148.990589
2,122.548,1742520148.990589
3,119.558,1742520148.990589
4,118.959,1742520148.990589
5,121.715,1742520148.990589
6,116.855,1742520148.990589
7,126.2,1742520148.990589
0,121.951,1742520149.0407236
1,118.197,1742520149.0407236
2,122.548,1742520149.0407236
3,119.596,1742520149.0407236
4,118.959,1742520149.0407236
5,121.715,1742520149.0407236
6,116.85,1742520149.0407236
7,126.165,1742520149.0407236
0,121.925,1742520149.090965
1,118.197,1742520149.090965
2,122.534,1742520149.090965
3,119.596,1742520149.090965
4,118.946,1742520149.090965
5,121.681,1742520149.090965
6,116.85,1742520149.090965
7,126.165,1742520149.090965
0,121.925,1742520149.1411402
1,120.127,1742520149.1411402
2,122.534,1742520149.1411402
3,119.626,1742520149.1411402
4,118.946,1742520149.1411402
5,121.681,1742520149.1411402
6,116.81,1742520149.1411402
7,127.519,1742520149.1411402
0,125.962,1742520149.1912775
1,120.127,1742520149.1912775
2,128.292,1742520149.1912775
3,119.626,1742520149.1912775
4,121.526,1742520149.1912775
5,129.627,1742520149.1912775
6,116.81,1742520149.1912775
7,127.519,1742520149.1912775
0,125.962,1742520149.2414036
1,144.234,1742520149.2414036
2,128.292,1742520149.2414036
3,140.377,1742520149.2414036
4,121.526,1742520149.2414036
5,129.627,1742520149.2414036
6,134.56,1742520149.2414036
7,152.465,1742520149.2414036
0,150.602,1742520149.2915277
1,144.234,1742520149.2915277
2,153.726,1742520149.2915277
3,140.377,1742520149.2915277
4,149.893,1742520149.2915277
5,161.525,1742520149.2915277
6,134.56,1742520149.2915277
7,152.465,1742520149.2915277
0,150.602,1742520149.34166
1,169.329,1742520149.34166
2,153.726,1742520149.34166
3,166.087,1742520149.34166
4,149.893,1742520149.34166
5,161.525,1742520149.34166
6,159.587,1742520149.34166
7,176.864,1742520149.34166
0,176.478,1742520149.39182
1,169.329,1742520149.39182
2,179.716,1742520149.39182
3,166.087,1742520149.39182
4,174.095,1742520149.39182
5,161.525,1742520149.39182
6,159.587,1742520149.39182
7,176.864,1742520149.39182
0,176.478,1742520149.4420674
1,193.407,1742520149.4420674
2,179.716,1742520149.4420674
3,191.18,1742520149.4420674
4,174.095,1742520149.4420674
5,186.876,1742520149.4420674
6,183.823,1742520149.4420674
7,204.275,1742520149.4420674
0,202.112,1742520149.4922009
1,193.407,1742520149.4922009
2,209.938,1742520149.4922009
3,191.18,1742520149.4922009
4,197.243,1742520149.4922009
5,186.876,1742520149.4922009
6,183.823,1742520149.4922009
7,204.275,1742520149.4922009
0,202.112,1742520149.5423336
1,221.133,1742520149.5423336
2,209.938,1742520149.5423336
3,217.642,1742520149.5423336
4,197.243,1742520149.5423336
5,212.624,1742520149.5423336
6,214.389,1742520149.5423336
7,227.584,1742520149.5423336
0,225.407,1742520149.5924711
1,221.133,1742520149.5924711
2,236.005,1742520149.5924711
3,217.642,1742520149.5924711
4,223.635,1742520149.5924711
5,212.624,1742520149.5924711
6,214.389,1742520149.5924711
7,227.584,1742520149.5924711
0,225.407,1742520149.642605
1,221.133,1742520149.642605
2,236.005,1742520149.642605
3,243.731,1742520149.642605
4,223.635,1742520149.642605
5,246.916,1742520149.642605
6,237.402,1742520149.642605
7,252.901,1742520149.642605
0,253.152,1742520149.6927383
1,246.631,1742520149.6927383
2,236.005,1742520149.6927383
3,243.731,1742520149.6927383
4,244.838,1742520149.6927383
5,246.916,1742520149.6927383
6,237.402,1742520149.6927383
7,252.901,1742520149.6927383
0,253.152,1742520149.7428765
1,269.187,1742520149.7428765
2,265.841,1742520149.7428765
3,273.324,1742520149.7428765
4,244.838,1742520149.7428765
5,272.433,1742520149.7428765
6,261.702,1742520149.7428765
7,278.546,1742520149.7428765
0,278.642,1742520149.7930102
1,269.187,1742520149.7930102
2,287.262,1742520149.7930102
3,273.324,1742520149.7930102
4,268.502,1742520149.7930102
5,272.433,1742520149.7930102
6,261.702,1742520149.7930102
7,278.546,1742520149.7930102
0,278.642,1742520149.8431466
1,269.187,1742520149.8431466
2,287.262,1742520149.8431466
3,299.222,1742520149.8431466
4,268.502,1742520149.8431466
5,299.013,1742520149.8431466
6,286.137,1742520149.8431466
7,307.524,1742520149.8431466
0,304.191,1742520149.8932807
1,297.779,1742520149.8932807
2,312.399,1742520149.8932807
3,299.222,1742520149.8932807
4,292.894,1742520149.8932807
5,299.013,1742520149.8932807
6,286.137,1742520149.8932807
7,307.524,1742520149.8932807
0,304.191,1742520149.9434214
1,297.779,1742520149.9434214
2,312.399,1742520149.9434214
3,325.58,1742520149.9434214
4,292.894,1742520149.9434214
5,321.359,1742520149.9434214
6,310.595,1742520149.9434214
7,333.912,1742520149.9434214
0,326.393,1742520149.9935548
1,324.311,1742520149.9935548
2,333.5,1742520149.9935548
3,325.58,1742520149.9935548
4,317.224,1742520149.9935548
5,321.359,1742520149.9935548
6,310.595,1742520149.9935548
7,333.912,1742520149.9935548
0,326.393,1742520150.0436835
1,324.311,1742520150.0436835
2,333.5,1742520150.0436835
3,352.639,1742520150.0436835
4,317.224,1742520150.0436835
5,347.495,1742520150.0436835
6,335.927,1742520150.0436835
7,360.211,1742520150.0436835
0,356.686,1742520150.09382
1,349.29,1742520150.09382
2,361.845,1742520150.09382
3,352.639,1742520150.09382
4,341.031,1742520150.09382
5,347.495,1742520150.09382
6,335.927,1742520150.09382
7,360.211,1742520150.09382
0,356.686,1742520150.1439428
1,349.29,1742520150.1439428
2,361.845,1742520150.1439428
3,378.46,1742520150.1439428
4,341.031,1742520150.1439428
5,378.408,1742520150.1439428
6,360.859,1742520150.1439428
7,385.49,1742520150.1439428
0,376.904,1742520150.1940439
1,370.152,1742520150.1940439
2,375.934,1742520150.1940439
3,378.46,1742520150.1940439
4,363.15,1742520150.1940439
5,378.408,1742520150.1940439
6,360.859,1742520150.1940439
7,385.49,1742520150.1940439
0,376.904,1742520150.2441773
1,370.152,1742520150.2441773
2,375.934,1742520150.2441773
3,380.76,1742520150.2441773
4,363.15,1742520150.2441773
5,384.929,1742520150.2441773
6,368.237,1742520150.2441773
7,387.276,1742520150.2441773
0,380.428,1742520150.294312
1,373.244,1742520150.294312
2,376.413,1742520150.294312
3,380.76,1742520150.294312
4,364.281,1742520150.294312
5,384.929,1742520150.294312
6,368.237,1742520150.294312
7,387.276,1742520150.294312
0,380.428,1742520150.344447
1,373.244,1742520150.344447
2,376.413,1742520150.344447
3,381.675,1742520150.344447
4,364.281,1742520150.344447
5,386.301,1742520150.344447
6,369.279,1742520150.344447
7,388.145,1742520150.344447
0,379.581,1742520150.3945675
1,372.002,1742520150.3945675
2,375.478,1742520150.3945675
3,381.675,1742520150.3945675
4,365.234,1742520150.3945675
5,386.301,1742520150.3945675
6,369.279,1742520150.3945675
7,388.145,1742520150.3945675
0,379.581,1742520150.4447005
1,372.002,1742520150.4447005
2,375.478,1742520150.4447005
3,382.441,1742520150.4447005
4,365.234,1742520150.4447005
5,384.745,1742520150.4447005
6,371.359,1742520150.4447005
7,388.145,1742520150.4447005
0,380.091,1742520150.4948337
1,372.224,1742520150.4948337
2,375.655,1742520150.4948337
3,382.441,1742520150.4948337
4,366.493,1742520150.4948337
5,384.745,1742520150.4948337
6,371.359,1742520150.4948337
7,386.939,1742520150.4948337
0,380.091,1742520150.5449686
1,372.224,1742520150.5449686
2,375.655,1742520150.5449686
3,381.32,1742520150.5449686
4,366.493,1742520150.5449686
5,384.514,1742520150.5449686
6,372.221,1742520150.5449686
7,386.939,1742520150.5449686
0,380.502,1742520150.5951052
1,370.7,1742520150.5951052
2,375.36,1742520150.5951052
3,381.32,1742520150.5951052
4,367.001,1742520150.5951052
5,384.514,1742520150.5951052
6,372.221,1742520150.5951052
7,388.448,1742520150.5951052
0,380.502,1742520150.6452413
1,370.7,1742520150.6452413
2,375.36,1742520150.6452413
3,380.531,1742520150.6452413
4,367.001,1742520150.6452413
5,383.61,1742520150.6452413
6,372.737,1742520150.6452413
7,388.448,1742520150.6452413
0,380.853,1742520150.6953757
1,369.8,1742520150.6953757
2,375.748,1742520150.6953757
3,380.531,1742520150.6953757
4,368.389,1742520150.6953757
5,383.61,1742520150.6953757
6,372.737,1742520150.6953757
7,388.08,1742520150.6953757
0,380.853,1742520150.745511
1,369.8,1742520150.745511
2,375.748,1742520150.745511
3,381.097,1742520150.745511
4,368.389,1742520150.745511
5,384.04,1742520150.745511
6,372.49,1742520150.745511
7,388.08,1742520150.745511
0,380.934,1742520150.7956903
1,370.792,1742520150.7956903
2,376.338,1742520150.7956903
3,381.097,1742520150.7956903
4,369.497,1742520150.7956903
5,384.04,1742520150.7956903
6,372.49,1742520150.7956903
7,388.172,1742520150.7956903
0,380.934,1742520150.845847
1,370.792,1742520150.845847
2,376.338,1742520150.845847
3,382.461,1742520150.845847
4,369.497,1742520150.845847
5,382.915,1742520150.845847
6,372.205,1742520150.845847
7,388.172,1742520150.845847
0,380.625,1742520150.8960853
1,370.326,1742520150.8960853
2,376.931,1742520150.8960853
3,382.461,1742520150.8960853
4,369.233,1742520150.8960853
5,382.915,1742520150.8960853
6,372.205,1742520150.8960853
7,388.183,1742520150.8960853
0,380.625,1742520150.9462178
1,370.326,1742520150.9462178
2,376.931,1742520150.9462178
3,381.851,1742520150.9462178
4,369.233,1742520150.9462178
5,380.539,1742520150.9462178
6,372.821,1742520150.9462178
7,388.183,1742520150.9462178
0,379.181,1742520150.9964077
1,369.13,1742520150.9964077
2,377.689,1742520150.9964077
3,381.851,1742520150.9964077
4,368.735,1742520150.9964077
5,380.539,1742520150.9964077
6,372.821,1742520150.9964077
7,387.132,1742520150.9964077
0,379.181,1742520151.0465407
1,369.13,1742520151.0465407
2,377.689,1742520151.0465407
3,380.457,1742520151.0465407
4,368.735,1742520151.0465407
5,381.926,1742520151.0465407
6,372.655,1742520151.0465407
7,387.132,1742520151.0465407
0,378.833,1742520151.0966797
1,370.358,1742520151.0966797
2,380.495,1742520151.0966797
3,380.457,1742520151.0966797
4,369.243,1742520151.0966797
5,381.926,1742520151.0966797
6,372.655,1742520151.0966797
7,387.806,1742520151.0966797
0,378.833,1742520151.1468124
1,370.358,1742520151.1468124
2,380.495,1742520151.1468124
3,379.148,1742520151.1468124
4,369.243,1742520151.1468124
5,381.708,1742520151.1468124
6,373.358,1742520151.1468124
7,387.806,1742520151.1468124
0,378.492,1742520151.1969457
1,370.539,1742520151.1969457
2,381.004,1742520151.1969457
3,379.148,1742520151.1969457
4,368.262,1742520151.1969457
5,381.708,1742520151.1969457
6,373.358,1742520151.1969457
7,386.148,1742520151.1969457
0,378.492,1742520151.2470772
1,370.539,1742520151.2470772
2,381.004,1742520151.2470772
3,377.846,1742520151.2470772
4,368.262,1742520151.2470772
5,381.042,1742520151.2470772
6,372.036,1742520151.2470772
7,386.148,1742520151.2470772
0,377.885,1742520151.2972074
1,372.23,1742520151.2972074
2,380.143,1742520151.2972074
3,377.846,1742520151.2972074
4,368.299,1742520151.2972074
5,381.042,1742520151.2972074
6,372.036,1742520151.2972074
7,385.637,1742520151.2972074
0,377.885,1742520151.3473732
1,372.23,1742520151.3473732
2,380.143,1742520151.3473732
3,376.97,1742520151.3473732
4,368.299,1742520151.3473732
5,379.58,1742520151.3473732
6,370.391,1742520151.3473732
7,385.637,1742520151.3473732
0,377.749,1742520151.3974743
1,374.126,1742520151.3974743
2,379.544,1742520151.3974743
3,376.97,1742520151.3974743
4,367.576,1742520151.3974743
5,379.58,1742520151.3974743
6,370.391,1742520151.3974743
7,385.68,1742520151.3974743
0,377.749,1742520151.4476063
1,374.126,1742520151.4476063
2,379.544,1742520151.4476063
3,376.394,1742520151.4476063
4,367.576,1742520151.4476063
5,382.212,1742520151.4476063
6,369.146,1742520151.4476063
7,385.68,1742520151.4476063
0,378.208,1742520151.497731
1,375.262,1742520151.497731
2,379.544,1742520151.497731
3,376.394,1742520151.497731
4,367.342,1742520151.497731
5,382.212,1742520151.497731
6,369.146,1742520151.497731
7,385.825,1742520151.497731
0,378.208,1742520151.5478706
1,375.262,1742520151.5478706
2,378.329,1742520151.5478706
3,377.922,1742520151.5478706
4,367.342,1742520151.5478706
5,383.072,1742520151.5478706
6,369.146,1742520151.5478706
7,385.825,1742520151.5478706
0,378.656,1742520151.5980058
1,376.456,1742520151.5980058
2,378.329,1742520151.5980058
3,377.922,1742520151.5980058
4,366.765,1742520151.5980058
5,383.072,1742520151.5980058
6,368.599,1742520151.5980058
7,386.401,1742520151.5980058
