GPU_ID,Power_Usage_W,Timestamp
0,378.011,1742510844.927967
1,377.65,1742510844.927967
2,369.934,1742510844.927967
3,372.966,1742510844.927967
4,363.43,1742510844.927967
5,377.331,1742510844.927967
6,366.437,1742510844.927967
7,389.276,1742510844.927967
0,378.011,1742510844.9781055
1,377.65,1742510844.9781055
2,370.623,1742510844.9781055
3,372.966,1742510844.9781055
4,362.861,1742510844.9781055
5,377.331,1742510844.9781055
6,366.437,1742510844.9781055
7,389.276,1742510844.9781055
0,378.678,1742510845.0282445
1,375.901,1742510845.0282445
2,370.623,1742510845.0282445
3,372.966,1742510845.0282445
4,362.861,1742510845.0282445
5,376.972,1742510845.0282445
6,366.69,1742510845.0282445
7,387.719,1742510845.0282445
0,378.678,1742510845.0783722
1,375.901,1742510845.0783722
2,370.508,1742510845.0783722
3,373.449,1742510845.0783722
4,363.098,1742510845.0783722
5,376.972,1742510845.0783722
6,366.69,1742510845.0783722
7,387.719,1742510845.0783722
0,379.763,1742510845.1285112
1,374.404,1742510845.1285112
2,370.508,1742510845.1285112
3,373.449,1742510845.1285112
4,363.098,1742510845.1285112
5,377.098,1742510845.1285112
6,367.226,1742510845.1285112
7,386.373,1742510845.1285112
0,379.763,1742510845.1786497
1,374.404,1742510845.1786497
2,370.86,1742510845.1786497
3,374.199,1742510845.1786497
4,363.493,1742510845.1786497
5,377.098,1742510845.1786497
6,367.226,1742510845.1786497
7,386.373,1742510845.1786497
0,379.313,1742510845.2287762
1,372.707,1742510845.2287762
2,370.86,1742510845.2287762
3,374.199,1742510845.2287762
4,363.493,1742510845.2287762
5,375.699,1742510845.2287762
6,367.903,1742510845.2287762
7,384.683,1742510845.2287762
0,379.313,1742510845.2789125
1,372.707,1742510845.2789125
2,370.914,1742510845.2789125
3,374.389,1742510845.2789125
4,362.212,1742510845.2789125
5,375.699,1742510845.2789125
6,367.903,1742510845.2789125
7,384.683,1742510845.2789125
0,379.912,1742510845.3290555
1,371.293,1742510845.3290555
2,370.914,1742510845.3290555
3,374.389,1742510845.3290555
4,362.212,1742510845.3290555
5,375.879,1742510845.3290555
6,367.04,1742510845.3290555
7,383.888,1742510845.3290555
0,379.912,1742510845.3791816
1,371.293,1742510845.3791816
2,368.604,1742510845.3791816
3,371.894,1742510845.3791816
4,360.36,1742510845.3791816
5,375.879,1742510845.3791816
6,367.04,1742510845.3791816
7,383.888,1742510845.3791816
0,379.09,1742510845.4293065
1,367.578,1742510845.4293065
2,368.604,1742510845.4293065
3,371.894,1742510845.4293065
4,360.36,1742510845.4293065
5,376.034,1742510845.4293065
6,365.547,1742510845.4293065
7,382.75,1742510845.4293065
0,379.09,1742510845.479432
1,367.578,1742510845.479432
2,366.787,1742510845.479432
3,370.417,1742510845.479432
4,359.884,1742510845.479432
5,376.034,1742510845.479432
6,365.547,1742510845.479432
7,382.75,1742510845.479432
0,379.596,1742510845.5295684
1,366.392,1742510845.5295684
2,366.787,1742510845.5295684
3,370.417,1742510845.5295684
4,359.884,1742510845.5295684
5,375.37,1742510845.5295684
6,366.491,1742510845.5295684
7,381.136,1742510845.5295684
0,379.596,1742510845.5797076
1,366.392,1742510845.5797076
2,366.433,1742510845.5797076
3,370.381,1742510845.5797076
4,361.025,1742510845.5797076
5,375.37,1742510845.5797076
6,366.491,1742510845.5797076
7,381.136,1742510845.5797076
0,378.842,1742510845.629846
1,365.182,1742510845.629846
2,366.433,1742510845.629846
3,370.381,1742510845.629846
4,361.025,1742510845.629846
5,375.352,1742510845.629846
6,368.357,1742510845.629846
7,381.127,1742510845.629846
0,378.842,1742510845.6799822
1,365.182,1742510845.6799822
2,366.222,1742510845.6799822
3,371.115,1742510845.6799822
4,361.018,1742510845.6799822
5,375.352,1742510845.6799822
6,368.357,1742510845.6799822
7,381.127,1742510845.6799822
0,370.456,1742510845.730109
1,363.403,1742510845.730109
2,366.222,1742510845.730109
3,371.115,1742510845.730109
4,361.018,1742510845.730109
5,370.036,1742510845.730109
6,362.944,1742510845.730109
7,380.225,1742510845.730109
0,370.456,1742510845.7802334
1,363.403,1742510845.7802334
2,348.624,1742510845.7802334
3,362.185,1742510845.7802334
4,346.408,1742510845.7802334
5,370.036,1742510845.7802334
6,362.944,1742510845.7802334
7,380.225,1742510845.7802334
0,345.019,1742510845.8303592
1,339.192,1742510845.8303592
2,348.624,1742510845.8303592
3,362.185,1742510845.8303592
4,346.408,1742510845.8303592
5,344.523,1742510845.8303592
6,338.007,1742510845.8303592
7,354.716,1742510845.8303592
0,345.019,1742510845.8805003
1,339.192,1742510845.8805003
2,326.238,1742510845.8805003
3,336.684,1742510845.8805003
4,323.829,1742510845.8805003
5,344.523,1742510845.8805003
6,338.007,1742510845.8805003
7,354.716,1742510845.8805003
0,320.009,1742510845.9306376
1,312.644,1742510845.9306376
2,326.238,1742510845.9306376
3,336.684,1742510845.9306376
4,323.829,1742510845.9306376
5,318.763,1742510845.9306376
6,313.447,1742510845.9306376
7,325.42,1742510845.9306376
0,320.009,1742510845.9807656
1,312.644,1742510845.9807656
2,301.61,1742510845.9807656
3,311.706,1742510845.9807656
4,299.561,1742510845.9807656
5,318.763,1742510845.9807656
6,313.447,1742510845.9807656
7,325.42,1742510845.9807656
0,294.078,1742510846.0309038
1,286.53,1742510846.0309038
2,301.61,1742510846.0309038
3,311.706,1742510846.0309038
4,299.561,1742510846.0309038
5,292.981,1742510846.0309038
6,288.768,1742510846.0309038
7,300.856,1742510846.0309038
0,294.078,1742510846.081043
1,286.53,1742510846.081043
2,277.887,1742510846.081043
3,287.125,1742510846.081043
4,276.176,1742510846.081043
5,292.981,1742510846.081043
6,288.768,1742510846.081043
7,300.856,1742510846.081043
0,265.957,1742510846.1312313
1,261.909,1742510846.1312313
2,277.887,1742510846.1312313
3,287.125,1742510846.1312313
4,276.176,1742510846.1312313
5,267.804,1742510846.1312313
6,262.918,1742510846.1312313
7,275.067,1742510846.1312313
0,265.957,1742510846.1813653
1,261.909,1742510846.1813653
2,252.879,1742510846.1813653
3,258.741,1742510846.1813653
4,252.567,1742510846.1813653
5,267.804,1742510846.1813653
6,262.918,1742510846.1813653
7,275.067,1742510846.1813653
0,242.359,1742510846.231501
1,237.299,1742510846.231501
2,252.879,1742510846.231501
3,258.741,1742510846.231501
4,252.567,1742510846.231501
5,243.256,1742510846.231501
6,237.976,1742510846.231501
7,250.072,1742510846.231501
0,242.359,1742510846.281636
1,237.299,1742510846.281636
2,229.119,1742510846.281636
3,234.568,1742510846.281636
4,229.293,1742510846.281636
5,243.256,1742510846.281636
6,237.976,1742510846.281636
7,250.072,1742510846.281636
0,242.359,1742510846.331763
1,212.745,1742510846.331763
2,229.119,1742510846.331763
3,234.568,1742510846.331763
4,229.293,1742510846.331763
5,218.141,1742510846.331763
6,214.049,1742510846.331763
7,223.953,1742510846.331763
0,213.098,1742510846.3818886
1,212.745,1742510846.3818886
2,206.723,1742510846.3818886
3,213.981,1742510846.3818886
4,206.649,1742510846.3818886
5,218.141,1742510846.3818886
6,214.049,1742510846.3818886
7,223.953,1742510846.3818886
0,185.556,1742510846.4320238
1,188.736,1742510846.4320238
2,206.723,1742510846.4320238
3,213.981,1742510846.4320238
4,206.649,1742510846.4320238
5,195.396,1742510846.4320238
6,192.447,1742510846.4320238
7,198.856,1742510846.4320238
0,185.556,1742510846.4821486
1,188.736,1742510846.4821486
2,184.957,1742510846.4821486
3,190.642,1742510846.4821486
4,182.719,1742510846.4821486
5,195.396,1742510846.4821486
6,192.447,1742510846.4821486
7,198.856,1742510846.4821486
0,163.902,1742510846.5322707
1,163.952,1742510846.5322707
2,184.957,1742510846.5322707
3,190.642,1742510846.5322707
4,182.719,1742510846.5322707
5,171.615,1742510846.5322707
6,164.729,1742510846.5322707
7,173.134,1742510846.5322707
0,163.902,1742510846.582405
1,163.952,1742510846.582405
2,160.419,1742510846.582405
3,165.42,1742510846.582405
4,158.241,1742510846.582405
5,171.615,1742510846.582405
6,164.729,1742510846.582405
7,173.134,1742510846.582405
0,133.893,1742510846.6325412
1,138.482,1742510846.6325412
2,160.419,1742510846.6325412
3,165.42,1742510846.6325412
4,158.241,1742510846.6325412
5,146.327,1742510846.6325412
6,142.387,1742510846.6325412
7,146.985,1742510846.6325412
0,133.893,1742510846.682666
1,138.482,1742510846.682666
2,136.503,1742510846.682666
3,139.487,1742510846.682666
4,133.916,1742510846.682666
5,146.327,1742510846.682666
6,142.387,1742510846.682666
7,146.985,1742510846.682666
0,121.531,1742510846.7328029
1,118.13,1742510846.7328029
2,136.503,1742510846.7328029
3,139.487,1742510846.7328029
4,133.916,1742510846.7328029
5,122.239,1742510846.7328029
6,118.445,1742510846.7328029
7,126.496,1742510846.7328029
0,121.531,1742510846.7829378
1,118.13,1742510846.7829378
2,122.702,1742510846.7829378
3,119.435,1742510846.7829378
4,118.804,1742510846.7829378
5,122.239,1742510846.7829378
6,118.445,1742510846.7829378
7,126.496,1742510846.7829378
0,121.531,1742510846.8330734
1,117.752,1742510846.8330734
2,122.702,1742510846.8330734
3,119.435,1742510846.8330734
4,118.804,1742510846.8330734
5,121.953,1742510846.8330734
6,118.262,1742510846.8330734
7,126.214,1742510846.8330734
0,121.512,1742510846.8832092
1,117.752,1742510846.8832092
2,122.53,1742510846.8832092
3,119.386,1742510846.8832092
4,118.69,1742510846.8832092
5,121.953,1742510846.8832092
6,118.262,1742510846.8832092
7,126.214,1742510846.8832092
0,121.512,1742510846.9333446
1,117.718,1742510846.9333446
2,122.53,1742510846.9333446
3,119.386,1742510846.9333446
4,118.69,1742510846.9333446
5,121.832,1742510846.9333446
6,118.155,1742510846.9333446
7,126.146,1742510846.9333446
0,121.394,1742510846.9834728
1,117.718,1742510846.9834728
2,122.34,1742510846.9834728
3,119.365,1742510846.9834728
4,118.612,1742510846.9834728
5,121.832,1742510846.9834728
6,118.155,1742510846.9834728
7,126.146,1742510846.9834728
0,121.394,1742510847.0335975
1,117.629,1742510847.0335975
2,122.34,1742510847.0335975
3,119.365,1742510847.0335975
4,118.612,1742510847.0335975
5,121.734,1742510847.0335975
6,118.096,1742510847.0335975
7,126.112,1742510847.0335975
0,121.317,1742510847.0837224
1,117.629,1742510847.0837224
2,122.236,1742510847.0837224
3,119.351,1742510847.0837224
4,118.545,1742510847.0837224
5,121.734,1742510847.0837224
6,118.096,1742510847.0837224
7,126.112,1742510847.0837224
0,121.317,1742510847.133857
1,117.54,1742510847.133857
2,122.236,1742510847.133857
3,119.351,1742510847.133857
4,118.545,1742510847.133857
5,121.688,1742510847.133857
6,118.036,1742510847.133857
7,126.112,1742510847.133857
0,121.255,1742510847.1839926
1,117.54,1742510847.1839926
2,122.095,1742510847.1839926
3,119.358,1742510847.1839926
4,118.46,1742510847.1839926
5,121.688,1742510847.1839926
6,118.036,1742510847.1839926
7,126.112,1742510847.1839926
0,121.255,1742510847.234115
1,117.6,1742510847.234115
2,122.095,1742510847.234115
3,119.358,1742510847.234115
4,118.46,1742510847.234115
5,121.602,1742510847.234115
6,118.021,1742510847.234115
7,126.077,1742510847.234115
0,121.21,1742510847.28425
1,117.6,1742510847.28425
2,122.001,1742510847.28425
3,119.372,1742510847.28425
4,118.4,1742510847.28425
5,121.602,1742510847.28425
6,118.021,1742510847.28425
7,126.077,1742510847.28425
0,121.21,1742510847.3343844
1,117.433,1742510847.3343844
2,122.001,1742510847.3343844
3,119.372,1742510847.3343844
4,118.4,1742510847.3343844
5,121.563,1742510847.3343844
6,117.978,1742510847.3343844
7,126.056,1742510847.3343844
0,121.152,1742510847.384487
1,117.433,1742510847.384487
2,121.995,1742510847.384487
3,119.337,1742510847.384487
4,118.354,1742510847.384487
5,121.563,1742510847.384487
6,117.978,1742510847.384487
7,126.056,1742510847.384487
0,121.152,1742510847.4346254
1,122.37,1742510847.4346254
2,121.995,1742510847.4346254
3,119.337,1742510847.4346254
4,118.354,1742510847.4346254
5,126.303,1742510847.4346254
6,128.271,1742510847.4346254
7,134.877,1742510847.4346254
0,133.876,1742510847.484762
1,122.37,1742510847.484762
2,144.48,1742510847.484762
3,136.03,1742510847.484762
4,140.853,1742510847.484762
5,126.303,1742510847.484762
6,128.271,1742510847.484762
7,134.877,1742510847.484762
0,133.876,1742510847.534897
1,146.485,1742510847.534897
2,144.48,1742510847.534897
3,136.03,1742510847.534897
4,140.853,1742510847.534897
5,152.468,1742510847.534897
6,128.271,1742510847.534897
7,160.648,1742510847.534897
0,157.795,1742510847.585034
1,146.485,1742510847.585034
2,168.842,1742510847.585034
3,160.247,1742510847.585034
4,164.849,1742510847.585034
5,152.468,1742510847.585034
6,155.121,1742510847.585034
7,160.648,1742510847.585034
0,157.795,1742510847.6352024
1,170.74,1742510847.6352024
2,168.842,1742510847.6352024
3,160.247,1742510847.6352024
4,164.849,1742510847.6352024
5,177.409,1742510847.6352024
6,155.121,1742510847.6352024
7,186.694,1742510847.6352024
0,182.56,1742510847.685326
1,170.74,1742510847.685326
2,193.457,1742510847.685326
3,185.604,1742510847.685326
4,189.597,1742510847.685326
5,177.409,1742510847.685326
6,180.42,1742510847.685326
7,186.694,1742510847.685326
0,182.56,1742510847.7354617
1,196.795,1742510847.7354617
2,193.457,1742510847.7354617
3,185.604,1742510847.7354617
4,189.597,1742510847.7354617
5,202.802,1742510847.7354617
6,180.42,1742510847.7354617
7,211.83,1742510847.7354617
0,205.819,1742510847.7855966
1,196.795,1742510847.7855966
2,218.502,1742510847.7855966
3,212.839,1742510847.7855966
4,213.731,1742510847.7855966
5,202.802,1742510847.7855966
6,206.492,1742510847.7855966
7,211.83,1742510847.7855966
0,205.819,1742510847.8357224
1,219.243,1742510847.8357224
2,218.502,1742510847.8357224
3,212.839,1742510847.8357224
4,213.731,1742510847.8357224
5,228.079,1742510847.8357224
6,206.492,1742510847.8357224
7,235.611,1742510847.8357224
0,233.12,1742510847.8858476
1,219.243,1742510847.8858476
2,243.003,1742510847.8858476
3,236.58,1742510847.8858476
4,239.156,1742510847.8858476
5,228.079,1742510847.8858476
6,232.408,1742510847.8858476
7,235.611,1742510847.8858476
0,233.12,1742510847.9360962
1,246.186,1742510847.9360962
2,243.003,1742510847.9360962
3,236.58,1742510847.9360962
4,239.156,1742510847.9360962
5,253.717,1742510847.9360962
6,232.408,1742510847.9360962
7,260.929,1742510847.9360962
0,257.271,1742510847.9862359
1,246.186,1742510847.9862359
2,268.345,1742510847.9862359
3,262.125,1742510847.9862359
4,262.801,1742510847.9862359
5,253.717,1742510847.9862359
6,258.111,1742510847.9862359
7,260.929,1742510847.9862359
0,257.271,1742510848.0363724
1,274.584,1742510848.0363724
2,268.345,1742510848.0363724
3,262.125,1742510848.0363724
4,262.801,1742510848.0363724
5,279.319,1742510848.0363724
6,258.111,1742510848.0363724
7,285.827,1742510848.0363724
0,281.857,1742510848.0865033
1,274.584,1742510848.0865033
2,293.242,1742510848.0865033
3,290.975,1742510848.0865033
4,287.973,1742510848.0865033
5,279.319,1742510848.0865033
6,281.043,1742510848.0865033
7,285.827,1742510848.0865033
0,281.857,1742510848.1367183
1,299.141,1742510848.1367183
2,293.242,1742510848.1367183
3,290.975,1742510848.1367183
4,287.973,1742510848.1367183
5,304.313,1742510848.1367183
6,281.043,1742510848.1367183
7,311.269,1742510848.1367183
0,305.849,1742510848.1868439
1,299.141,1742510848.1868439
2,318.366,1742510848.1868439
3,316.719,1742510848.1868439
4,312.185,1742510848.1868439
5,304.313,1742510848.1868439
6,312.601,1742510848.1868439
7,311.269,1742510848.1868439
0,305.849,1742510848.2369752
1,323.107,1742510848.2369752
2,318.366,1742510848.2369752
3,316.719,1742510848.2369752
4,312.185,1742510848.2369752
5,334.212,1742510848.2369752
6,312.601,1742510848.2369752
7,340.14,1742510848.2369752
0,327.53,1742510848.2871153
1,323.107,1742510848.2871153
2,343.308,1742510848.2871153
3,342.615,1742510848.2871153
4,337.066,1742510848.2871153
5,334.212,1742510848.2871153
6,342.483,1742510848.2871153
7,340.14,1742510848.2871153
0,327.53,1742510848.3372657
1,348.256,1742510848.3372657
2,343.308,1742510848.3372657
3,342.615,1742510848.3372657
4,337.066,1742510848.3372657
5,358.925,1742510848.3372657
6,342.483,1742510848.3372657
7,360.951,1742510848.3372657
0,357.003,1742510848.3874109
1,348.256,1742510848.3874109
2,368.453,1742510848.3874109
3,368.626,1742510848.3874109
4,362.219,1742510848.3874109
5,358.925,1742510848.3874109
6,363.717,1742510848.3874109
7,360.951,1742510848.3874109
0,357.003,1742510848.4375424
1,362.995,1742510848.4375424
2,368.453,1742510848.4375424
3,368.626,1742510848.4375424
4,362.219,1742510848.4375424
5,374.159,1742510848.4375424
6,363.717,1742510848.4375424
7,380.533,1742510848.4375424
0,366.198,1742510848.487682
1,362.995,1742510848.487682
2,374.142,1742510848.487682
3,375.62,1742510848.487682
4,361.978,1742510848.487682
5,374.159,1742510848.487682
6,375.617,1742510848.487682
7,380.533,1742510848.487682
0,366.198,1742510848.5378082
1,362.963,1742510848.5378082
2,374.142,1742510848.5378082
3,375.62,1742510848.5378082
4,361.978,1742510848.5378082
5,372.758,1742510848.5378082
6,375.617,1742510848.5378082
7,379.78,1742510848.5378082
0,364.15,1742510848.5879364
1,362.963,1742510848.5879364
2,368.68,1742510848.5879364
3,373.792,1742510848.5879364
4,359.55,1742510848.5879364
5,372.758,1742510848.5879364
6,370.38,1742510848.5879364
7,379.78,1742510848.5879364
0,364.15,1742510848.638061
1,361.903,1742510848.638061
2,368.68,1742510848.638061
3,373.792,1742510848.638061
4,359.55,1742510848.638061
5,371.696,1742510848.638061
6,370.38,1742510848.638061
7,377.166,1742510848.638061
0,362.145,1742510848.6881952
1,361.903,1742510848.6881952
2,367.054,1742510848.6881952
3,373.303,1742510848.6881952
4,357.289,1742510848.6881952
5,371.696,1742510848.6881952
6,368.379,1742510848.6881952
7,377.166,1742510848.6881952
0,362.145,1742510848.738322
1,361.318,1742510848.738322
2,367.054,1742510848.738322
3,373.303,1742510848.738322
4,357.289,1742510848.738322
5,371.075,1742510848.738322
6,368.379,1742510848.738322
7,377.448,1742510848.738322
0,362.912,1742510848.7884576
1,361.318,1742510848.7884576
2,365.176,1742510848.7884576
3,372.262,1742510848.7884576
4,355.496,1742510848.7884576
5,371.075,1742510848.7884576
6,367.622,1742510848.7884576
7,377.448,1742510848.7884576
0,362.912,1742510848.838582
1,359.368,1742510848.838582
2,365.176,1742510848.838582
3,372.262,1742510848.838582
4,355.496,1742510848.838582
5,368.862,1742510848.838582
6,367.622,1742510848.838582
7,376.281,1742510848.838582
0,353.34,1742510848.8887188
1,359.368,1742510848.8887188
2,351.202,1742510848.8887188
3,364.305,1742510848.8887188
4,343.599,1742510848.8887188
5,368.862,1742510848.8887188
6,359.111,1742510848.8887188
7,376.281,1742510848.8887188
0,353.34,1742510848.9388835
1,335.002,1742510848.9388835
2,351.202,1742510848.9388835
3,364.305,1742510848.9388835
4,343.599,1742510848.9388835
5,343.388,1742510848.9388835
6,359.111,1742510848.9388835
7,351.408,1742510848.9388835
0,329.263,1742510848.9890091
1,335.002,1742510848.9890091
2,325.531,1742510848.9890091
3,338.904,1742510848.9890091
4,320.424,1742510848.9890091
5,343.388,1742510848.9890091
6,333.608,1742510848.9890091
7,351.408,1742510848.9890091
0,329.263,1742510849.0391443
1,310.999,1742510849.0391443
2,325.531,1742510849.0391443
3,338.904,1742510849.0391443
4,320.424,1742510849.0391443
5,318.113,1742510849.0391443
6,333.608,1742510849.0391443
7,326.206,1742510849.0391443
0,307.625,1742510849.089279
1,310.999,1742510849.089279
2,325.531,1742510849.089279
3,313.25,1742510849.089279
4,292.574,1742510849.089279
5,318.113,1742510849.089279
6,307.339,1742510849.089279
7,326.206,1742510849.089279
0,307.625,1742510849.1394043
1,287.164,1742510849.1394043
2,295.849,1742510849.1394043
3,313.25,1742510849.1394043
4,292.574,1742510849.1394043
5,293.913,1742510849.1394043
6,307.339,1742510849.1394043
7,300.864,1742510849.1394043
0,284.126,1742510849.1895401
1,287.164,1742510849.1895401
2,295.849,1742510849.1895401
3,287.93,1742510849.1895401
4,272.109,1742510849.1895401
5,293.913,1742510849.1895401
6,284.07,1742510849.1895401
7,300.864,1742510849.1895401
0,284.126,1742510849.2396748
1,263.631,1742510849.2396748
2,271.281,1742510849.2396748
3,287.93,1742510849.2396748
4,272.109,1742510849.2396748
5,268.881,1742510849.2396748
6,284.07,1742510849.2396748
7,275.051,1742510849.2396748
0,254.966,1742510849.2898006
1,263.631,1742510849.2898006
2,271.281,1742510849.2898006
3,252.352,1742510849.2898006
4,247.873,1742510849.2898006
5,268.881,1742510849.2898006
6,258.572,1742510849.2898006
7,275.051,1742510849.2898006
0,254.966,1742510849.3399246
1,238.988,1742510849.3399246
2,245.678,1742510849.3399246
3,252.352,1742510849.3399246
4,247.873,1742510849.3399246
5,244.558,1742510849.3399246
6,258.572,1742510849.3399246
7,251.376,1742510849.3399246
0,229.746,1742510849.3900506
1,238.988,1742510849.3900506
2,245.678,1742510849.3900506
3,226.38,1742510849.3900506
4,223.312,1742510849.3900506
5,244.558,1742510849.3900506
6,229.25,1742510849.3900506
7,251.376,1742510849.3900506
0,229.746,1742510849.4401758
1,215.798,1742510849.4401758
2,220.364,1742510849.4401758
3,226.38,1742510849.4401758
4,223.312,1742510849.4401758
5,220.104,1742510849.4401758
6,229.25,1742510849.4401758
7,225.06,1742510849.4401758
0,208.545,1742510849.4903142
1,215.798,1742510849.4903142
2,220.364,1742510849.4903142
3,203.189,1742510849.4903142
4,202.884,1742510849.4903142
5,220.104,1742510849.4903142
6,209.986,1742510849.4903142
7,225.06,1742510849.4903142
0,208.545,1742510849.5404513
1,191.188,1742510849.5404513
2,197.055,1742510849.5404513
3,203.189,1742510849.5404513
4,202.884,1742510849.5404513
5,196.315,1742510849.5404513
6,209.986,1742510849.5404513
7,202.396,1742510849.5404513
0,188.95,1742510849.5905867
1,191.188,1742510849.5905867
2,197.055,1742510849.5905867
3,181.628,1742510849.5905867
4,181.037,1742510849.5905867
5,196.315,1742510849.5905867
6,187.824,1742510849.5905867
7,202.396,1742510849.5905867
0,188.95,1742510849.6407223
1,167.129,1742510849.6407223
2,173.931,1742510849.6407223
3,181.628,1742510849.6407223
4,181.037,1742510849.6407223
5,169.836,1742510849.6407223
6,187.824,1742510849.6407223
7,176.696,1742510849.6407223
0,166.557,1742510849.6908586
1,167.129,1742510849.6908586
2,173.931,1742510849.6908586
3,156.643,1742510849.6908586
4,158.627,1742510849.6908586
5,169.836,1742510849.6908586
6,163.914,1742510849.6908586
7,176.696,1742510849.6908586
0,166.557,1742510849.740994
1,143.842,1742510849.740994
2,150.551,1742510849.740994
3,156.643,1742510849.740994
4,158.627,1742510849.740994
5,148.532,1742510849.740994
6,163.914,1742510849.740994
7,146.686,1742510849.740994
0,141.009,1742510849.7911303
1,143.842,1742510849.7911303
2,150.551,1742510849.7911303
3,132.185,1742510849.7911303
4,136.174,1742510849.7911303
5,148.532,1742510849.7911303
6,139.661,1742510849.7911303
7,146.686,1742510849.7911303
0,141.009,1742510849.8414938
1,120.095,1742510849.8414938
2,133.284,1742510849.8414938
3,132.185,1742510849.8414938
4,136.174,1742510849.8414938
5,123.413,1742510849.8414938
6,139.661,1742510849.8414938
7,126.032,1742510849.8414938
0,121.233,1742510849.8916616
1,120.095,1742510849.8916616
2,133.284,1742510849.8916616
3,119.342,1742510849.8916616
4,118.889,1742510849.8916616
5,123.413,1742510849.8916616
6,118.511,1742510849.8916616
7,126.032,1742510849.8916616
0,121.233,1742510849.9417846
1,117.776,1742510849.9417846
2,122.436,1742510849.9417846
3,119.342,1742510849.9417846
4,118.889,1742510849.9417846
5,121.849,1742510849.9417846
6,118.511,1742510849.9417846
7,125.854,1742510849.9417846
0,120.969,1742510849.991911
1,117.776,1742510849.991911
2,122.436,1742510849.991911
3,119.313,1742510849.991911
4,118.673,1742510849.991911
5,121.849,1742510849.991911
6,118.233,1742510849.991911
7,125.854,1742510849.991911
0,120.969,1742510850.0420346
1,117.698,1742510850.0420346
2,122.253,1742510850.0420346
3,119.313,1742510850.0420346
4,118.673,1742510850.0420346
5,121.727,1742510850.0420346
6,118.233,1742510850.0420346
7,125.77,1742510850.0420346
0,120.913,1742510850.0921607
1,117.698,1742510850.0921607
2,122.253,1742510850.0921607
3,119.313,1742510850.0921607
4,118.526,1742510850.0921607
5,121.727,1742510850.0921607
6,118.152,1742510850.0921607
7,125.77,1742510850.0921607
0,120.913,1742510850.1422853
1,117.66,1742510850.1422853
2,122.129,1742510850.1422853
3,119.313,1742510850.1422853
4,118.526,1742510850.1422853
5,121.65,1742510850.1422853
6,118.152,1742510850.1422853
7,125.742,1742510850.1422853
0,120.856,1742510850.1924217
1,117.66,1742510850.1924217
2,122.129,1742510850.1924217
3,119.316,1742510850.1924217
4,118.431,1742510850.1924217
5,121.65,1742510850.1924217
6,118.116,1742510850.1924217
7,125.742,1742510850.1924217
0,120.856,1742510850.2425559
1,117.545,1742510850.2425559
2,121.988,1742510850.2425559
3,119.316,1742510850.2425559
4,118.431,1742510850.2425559
5,121.575,1742510850.2425559
6,118.116,1742510850.2425559
7,125.75,1742510850.2425559
0,120.804,1742510850.2926927
1,117.545,1742510850.2926927
2,121.988,1742510850.2926927
3,119.329,1742510850.2926927
4,118.412,1742510850.2926927
5,121.575,1742510850.2926927
6,118.046,1742510850.2926927
7,125.75,1742510850.2926927
0,120.804,1742510850.3428276
1,117.545,1742510850.3428276
2,121.94,1742510850.3428276
3,119.329,1742510850.3428276
4,118.412,1742510850.3428276
5,121.528,1742510850.3428276
6,118.046,1742510850.3428276
7,125.751,1742510850.3428276
0,120.757,1742510850.392963
1,117.545,1742510850.392963
2,121.94,1742510850.392963
3,119.301,1742510850.392963
4,118.365,1742510850.392963
5,121.528,1742510850.392963
6,118.015,1742510850.392963
7,125.751,1742510850.392963
0,120.757,1742510850.4430976
1,117.418,1742510850.4430976
2,121.903,1742510850.4430976
3,119.301,1742510850.4430976
4,118.365,1742510850.4430976
5,121.474,1742510850.4430976
6,118.015,1742510850.4430976
7,125.799,1742510850.4430976
0,120.71,1742510850.493233
1,117.418,1742510850.493233
2,121.903,1742510850.493233
3,119.273,1742510850.493233
4,118.331,1742510850.493233
5,121.474,1742510850.493233
6,117.97,1742510850.493233
7,125.799,1742510850.493233
0,120.71,1742510850.5433896
1,117.507,1742510850.5433896
2,121.855,1742510850.5433896
3,119.273,1742510850.5433896
4,118.331,1742510850.5433896
5,121.41,1742510850.5433896
6,117.97,1742510850.5433896
7,125.833,1742510850.5433896
0,120.683,1742510850.593514
1,117.507,1742510850.593514
2,121.855,1742510850.593514
3,119.238,1742510850.593514
4,118.27,1742510850.593514
5,121.41,1742510850.593514
6,117.918,1742510850.593514
7,125.833,1742510850.593514
0,120.683,1742510850.6436408
1,117.344,1742510850.6436408
2,121.829,1742510850.6436408
3,119.238,1742510850.6436408
4,118.27,1742510850.6436408
5,121.392,1742510850.6436408
6,117.918,1742510850.6436408
7,125.846,1742510850.6436408
0,120.668,1742510850.6937943
1,117.344,1742510850.6937943
2,121.829,1742510850.6937943
3,119.232,1742510850.6937943
4,118.214,1742510850.6937943
5,121.392,1742510850.6937943
6,117.897,1742510850.6937943
7,125.846,1742510850.6937943
0,120.668,1742510850.7439609
1,117.474,1742510850.7439609
2,121.771,1742510850.7439609
3,119.232,1742510850.7439609
4,118.214,1742510850.7439609
5,121.345,1742510850.7439609
6,117.897,1742510850.7439609
7,125.853,1742510850.7439609
0,120.63,1742510850.7940965
1,117.474,1742510850.7940965
2,121.771,1742510850.7940965
3,119.217,1742510850.7940965
4,118.176,1742510850.7940965
5,121.345,1742510850.7940965
6,117.882,1742510850.7940965
7,125.853,1742510850.7940965
0,120.63,1742510850.8442328
1,117.317,1742510850.8442328
2,121.73,1742510850.8442328
3,119.217,1742510850.8442328
4,118.176,1742510850.8442328
5,121.315,1742510850.8442328
6,117.882,1742510850.8442328
7,125.884,1742510850.8442328
0,120.608,1742510850.8943975
1,117.317,1742510850.8943975
2,121.73,1742510850.8943975
3,119.198,1742510850.8943975
4,118.134,1742510850.8943975
5,121.315,1742510850.8943975
6,117.877,1742510850.8943975
7,125.884,1742510850.8943975
0,120.608,1742510850.9445336
1,117.413,1742510850.9445336
2,121.691,1742510850.9445336
3,119.198,1742510850.9445336
4,118.134,1742510850.9445336
5,121.274,1742510850.9445336
6,117.877,1742510850.9445336
7,125.884,1742510850.9445336
0,120.58,1742510850.9946737
1,117.413,1742510850.9946737
2,121.691,1742510850.9946737
3,119.167,1742510850.9946737
4,118.134,1742510850.9946737
5,121.274,1742510850.9946737
6,117.831,1742510850.9946737
7,125.839,1742510850.9946737
0,120.58,1742510851.0448656
1,130.447,1742510851.0448656
2,124.004,1742510851.0448656
3,119.167,1742510851.0448656
4,120.246,1742510851.0448656
5,121.274,1742510851.0448656
6,117.831,1742510851.0448656
7,125.839,1742510851.0448656
0,138.07,1742510851.0949914
1,130.447,1742510851.0949914
2,124.004,1742510851.0949914
3,142.792,1742510851.0949914
4,120.246,1742510851.0949914
5,135.301,1742510851.0949914
6,139.763,1742510851.0949914
7,139.33,1742510851.0949914
0,138.07,1742510851.1451159
1,153.526,1742510851.1451159
2,148.783,1742510851.1451159
3,142.792,1742510851.1451159
4,143.481,1742510851.1451159
5,135.301,1742510851.1451159
6,139.763,1742510851.1451159
7,139.33,1742510851.1451159
0,162.031,1742510851.1952605
1,153.526,1742510851.1952605
2,148.783,1742510851.1952605
3,167.408,1742510851.1952605
4,143.481,1742510851.1952605
5,158.972,1742510851.1952605
6,164.29,1742510851.1952605
7,164.994,1742510851.1952605
0,162.031,1742510851.2453973
1,153.526,1742510851.2453973
2,172.501,1742510851.2453973
3,167.408,1742510851.2453973
4,166.08,1742510851.2453973
5,158.972,1742510851.2453973
6,164.29,1742510851.2453973
7,164.994,1742510851.2453973
0,187.593,1742510851.295534
1,177.53,1742510851.295534
2,172.501,1742510851.295534
3,192.429,1742510851.295534
4,166.08,1742510851.295534
5,183.606,1742510851.295534
6,187.986,1742510851.295534
7,189.261,1742510851.295534
0,187.593,1742510851.3456726
1,177.53,1742510851.3456726
2,197.857,1742510851.3456726
3,192.429,1742510851.3456726
4,191.103,1742510851.3456726
5,183.606,1742510851.3456726
6,187.986,1742510851.3456726
7,189.261,1742510851.3456726
0,213.66,1742510851.395802
1,201.616,1742510851.395802
2,197.857,1742510851.395802
3,216.501,1742510851.395802
4,191.103,1742510851.395802
5,217.119,1742510851.395802
6,211.652,1742510851.395802
7,213.761,1742510851.395802
0,213.66,1742510851.4459274
1,201.616,1742510851.4459274
2,219.647,1742510851.4459274
3,216.501,1742510851.4459274
4,214.541,1742510851.4459274
5,217.119,1742510851.4459274
6,211.652,1742510851.4459274
7,213.761,1742510851.4459274
0,244.599,1742510851.4960556
1,229.59,1742510851.4960556
2,219.647,1742510851.4960556
3,241.176,1742510851.4960556
4,214.541,1742510851.4960556
5,239.68,1742510851.4960556
6,235.654,1742510851.4960556
7,247.885,1742510851.4960556
0,244.599,1742510851.5461934
1,229.59,1742510851.5461934
2,246.125,1742510851.5461934
3,241.176,1742510851.5461934
4,239.695,1742510851.5461934
5,239.68,1742510851.5461934
6,235.654,1742510851.5461934
7,247.885,1742510851.5461934
0,272.346,1742510851.596468
1,261.598,1742510851.596468
2,246.125,1742510851.596468
3,263.097,1742510851.596468
4,239.695,1742510851.596468
5,265.323,1742510851.596468
6,262.41,1742510851.596468
7,273.846,1742510851.596468
0,272.346,1742510851.6466076
1,261.598,1742510851.6466076
2,267.658,1742510851.6466076
3,263.097,1742510851.6466076
4,264.261,1742510851.6466076
5,265.323,1742510851.6466076
6,262.41,1742510851.6466076
7,273.846,1742510851.6466076
0,294.78,1742510851.696738
1,286.513,1742510851.696738
2,267.658,1742510851.696738
3,291.515,1742510851.696738
4,264.261,1742510851.696738
5,293.866,1742510851.696738
6,286.835,1742510851.696738
7,296.479,1742510851.696738
0,294.78,1742510851.7468615
1,286.513,1742510851.7468615
2,295.381,1742510851.7468615
3,291.515,1742510851.7468615
4,287.685,1742510851.7468615
5,293.866,1742510851.7468615
6,286.835,1742510851.7468615
7,296.479,1742510851.7468615
0,323.87,1742510851.7969885
1,308.031,1742510851.7969885
2,295.381,1742510851.7969885
3,316.642,1742510851.7969885
4,287.685,1742510851.7969885
5,319.35,1742510851.7969885
6,313.318,1742510851.7969885
7,326.233,1742510851.7969885
0,323.87,1742510851.847143
1,308.031,1742510851.847143
2,324.066,1742510851.847143
3,316.642,1742510851.847143
4,312.249,1742510851.847143
5,319.35,1742510851.847143
6,313.318,1742510851.847143
7,326.233,1742510851.847143
0,345.114,1742510851.8972893
1,337.07,1742510851.8972893
2,324.066,1742510851.8972893
3,341.525,1742510851.8972893
4,312.249,1742510851.8972893
5,344.369,1742510851.8972893
6,338.063,1742510851.8972893
7,352.672,1742510851.8972893
0,345.114,1742510851.947415
1,337.07,1742510851.947415
2,344.749,1742510851.947415
3,341.525,1742510851.947415
4,339.683,1742510851.947415
5,344.369,1742510851.947415
6,338.063,1742510851.947415
7,352.672,1742510851.947415
0,370.354,1742510851.997541
1,357.718,1742510851.997541
2,344.749,1742510851.997541
3,366.952,1742510851.997541
4,339.683,1742510851.997541
5,374.437,1742510851.997541
6,362.191,1742510851.997541
7,379.239,1742510851.997541
0,370.354,1742510852.04768
1,357.718,1742510852.04768
2,365.987,1742510852.04768
3,366.952,1742510852.04768
4,358.076,1742510852.04768
5,374.437,1742510852.04768
6,362.191,1742510852.04768
7,379.239,1742510852.04768
0,377.006,1742510852.0978215
1,370.575,1742510852.0978215
2,365.987,1742510852.0978215
3,368.195,1742510852.0978215
4,358.076,1742510852.0978215
5,375.785,1742510852.0978215
6,364.571,1742510852.0978215
7,386.582,1742510852.0978215
0,377.006,1742510852.1479445
1,370.575,1742510852.1479445
2,366.921,1742510852.1479445
3,368.195,1742510852.1479445
4,356.681,1742510852.1479445
5,375.785,1742510852.1479445
6,364.571,1742510852.1479445
7,386.582,1742510852.1479445
0,379.307,1742510852.1981213
1,371.64,1742510852.1981213
2,366.921,1742510852.1981213
3,367.5,1742510852.1981213
4,356.681,1742510852.1981213
5,377.002,1742510852.1981213
6,366.553,1742510852.1981213
7,387.216,1742510852.1981213
0,379.307,1742510852.2482562
1,371.64,1742510852.2482562
2,365.977,1742510852.2482562
3,367.5,1742510852.2482562
4,359.907,1742510852.2482562
5,377.002,1742510852.2482562
6,366.553,1742510852.2482562
7,387.216,1742510852.2482562
0,378.299,1742510852.2983813
1,374.278,1742510852.2983813
2,365.977,1742510852.2983813
3,369.697,1742510852.2983813
4,359.907,1742510852.2983813
5,378.807,1742510852.2983813
6,366.588,1742510852.2983813
7,388.741,1742510852.2983813
0,378.299,1742510852.3485065
1,374.278,1742510852.3485065
2,366.225,1742510852.3485065
3,369.697,1742510852.3485065
4,360.372,1742510852.3485065
5,378.807,1742510852.3485065
6,366.588,1742510852.3485065
7,388.741,1742510852.3485065
0,376.836,1742510852.3986526
1,373.066,1742510852.3986526
2,366.225,1742510852.3986526
3,369.722,1742510852.3986526
4,360.372,1742510852.3986526
5,377.969,1742510852.3986526
6,366.946,1742510852.3986526
7,388.866,1742510852.3986526
0,376.836,1742510852.4487882
1,373.066,1742510852.4487882
2,366.124,1742510852.4487882
3,369.722,1742510852.4487882
4,362.645,1742510852.4487882
5,377.969,1742510852.4487882
6,366.946,1742510852.4487882
7,388.866,1742510852.4487882
0,375.305,1742510852.4989645
1,371.023,1742510852.4989645
2,366.124,1742510852.4989645
3,371.462,1742510852.4989645
4,362.645,1742510852.4989645
5,378.35,1742510852.4989645
6,369.146,1742510852.4989645
7,386.541,1742510852.4989645
0,375.305,1742510852.5490892
1,371.023,1742510852.5490892
2,365.76,1742510852.5490892
3,371.462,1742510852.5490892
4,361.149,1742510852.5490892
5,378.35,1742510852.5490892
6,369.146,1742510852.5490892
7,386.541,1742510852.5490892
0,374.42,1742510852.5992136
1,370.662,1742510852.5992136
2,365.76,1742510852.5992136
3,372.819,1742510852.5992136
4,361.149,1742510852.5992136
5,378.384,1742510852.5992136
6,369.875,1742510852.5992136
7,385.346,1742510852.5992136
0,374.42,1742510852.6493726
1,370.662,1742510852.6493726
2,366.555,1742510852.6493726
3,372.819,1742510852.6493726
4,363.184,1742510852.6493726
5,378.384,1742510852.6493726
6,369.875,1742510852.6493726
7,385.346,1742510852.6493726
0,372.025,1742510852.699511
1,369.3,1742510852.699511
2,366.555,1742510852.699511
3,373.193,1742510852.699511
4,363.184,1742510852.699511
5,378.664,1742510852.699511
6,370.754,1742510852.699511
7,384.877,1742510852.699511
0,372.025,1742510852.7496486
1,369.3,1742510852.7496486
2,366.882,1742510852.7496486
3,373.193,1742510852.7496486
4,363.202,1742510852.7496486
5,378.664,1742510852.7496486
6,370.754,1742510852.7496486
7,384.877,1742510852.7496486
0,370.953,1742510852.7997854
1,367.727,1742510852.7997854
2,366.882,1742510852.7997854
3,374.235,1742510852.7997854
4,363.202,1742510852.7997854
5,378.59,1742510852.7997854
6,370.863,1742510852.7997854
7,384.344,1742510852.7997854
0,370.953,1742510852.8499215
1,367.727,1742510852.8499215
2,367.335,1742510852.8499215
3,374.235,1742510852.8499215
4,363.907,1742510852.8499215
5,378.59,1742510852.8499215
6,370.863,1742510852.8499215
7,384.344,1742510852.8499215
0,369.724,1742510852.9000468
1,367.468,1742510852.9000468
2,367.335,1742510852.9000468
3,375.287,1742510852.9000468
4,363.907,1742510852.9000468
5,380.755,1742510852.9000468
6,372.106,1742510852.9000468
7,381.279,1742510852.9000468
0,369.724,1742510852.9501734
1,367.468,1742510852.9501734
2,368.609,1742510852.9501734
3,375.287,1742510852.9501734
4,364.865,1742510852.9501734
5,380.755,1742510852.9501734
6,372.106,1742510852.9501734
7,381.279,1742510852.9501734
0,369.55,1742510853.0003133
1,368.096,1742510853.0003133
2,368.609,1742510853.0003133
3,375.641,1742510853.0003133
4,364.865,1742510853.0003133
5,380.615,1742510853.0003133
6,373.579,1742510853.0003133
7,382.856,1742510853.0003133
0,369.55,1742510853.050449
1,368.096,1742510853.050449
2,370.612,1742510853.050449
3,375.641,1742510853.050449
4,365.635,1742510853.050449
5,380.615,1742510853.050449
6,373.579,1742510853.050449
7,382.856,1742510853.050449
0,370.002,1742510853.1005857
1,364.004,1742510853.1005857
2,370.612,1742510853.1005857
3,375.793,1742510853.1005857
4,365.635,1742510853.1005857
5,378.503,1742510853.1005857
6,373.828,1742510853.1005857
7,381.379,1742510853.1005857
0,370.002,1742510853.1507227
1,364.004,1742510853.1507227
2,371.483,1742510853.1507227
3,375.793,1742510853.1507227
4,368.563,1742510853.1507227
5,378.503,1742510853.1507227
6,373.828,1742510853.1507227
7,381.379,1742510853.1507227
0,368.476,1742510853.2008488
1,362.745,1742510853.2008488
2,371.483,1742510853.2008488
3,376.799,1742510853.2008488
4,368.563,1742510853.2008488
5,380.661,1742510853.2008488
6,374.226,1742510853.2008488
7,379.198,1742510853.2008488
0,368.476,1742510853.2509742
1,362.745,1742510853.2509742
2,371.983,1742510853.2509742
3,376.799,1742510853.2509742
4,367.604,1742510853.2509742
5,380.661,1742510853.2509742
6,374.226,1742510853.2509742
7,379.198,1742510853.2509742
0,371.205,1742510853.3011003
1,362.313,1742510853.3011003
2,371.983,1742510853.3011003
3,376.575,1742510853.3011003
4,367.604,1742510853.3011003
5,379.616,1742510853.3011003
6,375.178,1742510853.3011003
7,377.428,1742510853.3011003
0,371.205,1742510853.351224
1,362.313,1742510853.351224
2,372.752,1742510853.351224
3,376.575,1742510853.351224
4,366.063,1742510853.351224
5,379.616,1742510853.351224
6,375.178,1742510853.351224
7,377.428,1742510853.351224
0,370.264,1742510853.4013507
1,362.789,1742510853.4013507
2,372.752,1742510853.4013507
3,378.606,1742510853.4013507
4,366.063,1742510853.4013507
5,378.045,1742510853.4013507
6,377.966,1742510853.4013507
7,378.98,1742510853.4013507
0,370.264,1742510853.4514914
1,362.789,1742510853.4514914
2,374.611,1742510853.4514914
3,378.606,1742510853.4514914
4,364.732,1742510853.4514914
5,378.045,1742510853.4514914
6,377.966,1742510853.4514914
7,378.98,1742510853.4514914
0,371.003,1742510853.5016272
1,363.17,1742510853.5016272
2,374.611,1742510853.5016272
3,380.489,1742510853.5016272
4,364.732,1742510853.5016272
5,377.386,1742510853.5016272
6,374.833,1742510853.5016272
7,379.129,1742510853.5016272
0,371.003,1742510853.5517726
1,363.17,1742510853.5517726
2,377.082,1742510853.5517726
3,380.489,1742510853.5517726
4,365.748,1742510853.5517726
5,377.386,1742510853.5517726
6,374.833,1742510853.5517726
7,379.129,1742510853.5517726
0,372.955,1742510853.6019084
1,363.639,1742510853.6019084
2,377.082,1742510853.6019084
3,379.183,1742510853.6019084
4,365.748,1742510853.6019084
5,375.519,1742510853.6019084
6,375.343,1742510853.6019084
7,379.58,1742510853.6019084
0,372.955,1742510853.652078
1,363.639,1742510853.652078
2,377.421,1742510853.652078
3,379.183,1742510853.652078
4,365.492,1742510853.652078
5,375.519,1742510853.652078
6,375.343,1742510853.652078
7,379.58,1742510853.652078
0,372.393,1742510853.7022042
1,364.23,1742510853.7022042
2,377.421,1742510853.7022042
3,376.653,1742510853.7022042
4,365.492,1742510853.7022042
5,375.213,1742510853.7022042
6,377.054,1742510853.7022042
7,381.278,1742510853.7022042
0,372.393,1742510853.752328
1,364.23,1742510853.752328
2,378.33,1742510853.752328
3,376.653,1742510853.752328
4,364.643,1742510853.752328
5,375.213,1742510853.752328
6,377.054,1742510853.752328
7,381.278,1742510853.752328
0,373.503,1742510853.8024538
1,367.432,1742510853.8024538
2,378.33,1742510853.8024538
3,378.206,1742510853.8024538
4,364.643,1742510853.8024538
5,376.031,1742510853.8024538
6,374.477,1742510853.8024538
7,380.541,1742510853.8024538
0,373.503,1742510853.852579
1,367.432,1742510853.852579
2,379.067,1742510853.852579
3,378.206,1742510853.852579
4,363.761,1742510853.852579
5,376.031,1742510853.852579
6,374.477,1742510853.852579
7,380.541,1742510853.852579
0,374.127,1742510853.9027038
1,365.71,1742510853.9027038
2,379.067,1742510853.9027038
3,376.654,1742510853.9027038
4,363.761,1742510853.9027038
5,375.428,1742510853.9027038
6,374.801,1742510853.9027038
7,382.38,1742510853.9027038
0,374.127,1742510853.9528291
1,365.71,1742510853.9528291
2,379.154,1742510853.9528291
3,376.654,1742510853.9528291
4,364.084,1742510853.9528291
5,375.428,1742510853.9528291
6,374.801,1742510853.9528291
7,382.38,1742510853.9528291
0,374.165,1742510854.0029547
1,369.174,1742510854.0029547
2,379.154,1742510854.0029547
3,377.551,1742510854.0029547
4,364.084,1742510854.0029547
5,377.985,1742510854.0029547
6,375.314,1742510854.0029547
7,382.45,1742510854.0029547
0,374.165,1742510854.0530784
1,369.174,1742510854.0530784
2,379.025,1742510854.0530784
3,377.551,1742510854.0530784
4,364.486,1742510854.0530784
5,377.985,1742510854.0530784
6,375.314,1742510854.0530784
7,382.45,1742510854.0530784
0,375.937,1742510854.1032162
1,368.867,1742510854.1032162
2,379.025,1742510854.1032162
3,381.119,1742510854.1032162
4,364.486,1742510854.1032162
5,379.644,1742510854.1032162
6,378.121,1742510854.1032162
7,382.408,1742510854.1032162
0,375.937,1742510854.1533406
1,368.867,1742510854.1533406
2,378.726,1742510854.1533406
3,381.119,1742510854.1533406
4,366.147,1742510854.1533406
5,379.644,1742510854.1533406
6,378.121,1742510854.1533406
7,382.408,1742510854.1533406
0,374.507,1742510854.2034652
1,371.439,1742510854.2034652
2,378.726,1742510854.2034652
3,383.064,1742510854.2034652
4,366.147,1742510854.2034652
5,378.427,1742510854.2034652
6,378.045,1742510854.2034652
7,385.01,1742510854.2034652
0,374.507,1742510854.2535903
1,371.439,1742510854.2535903
2,378.099,1742510854.2535903
3,383.064,1742510854.2535903
4,366.186,1742510854.2535903
5,378.427,1742510854.2535903
6,378.045,1742510854.2535903
7,385.01,1742510854.2535903
0,373.593,1742510854.3037155
1,370.831,1742510854.3037155
2,378.099,1742510854.3037155
3,382.663,1742510854.3037155
4,366.186,1742510854.3037155
5,379.683,1742510854.3037155
6,378.045,1742510854.3037155
7,385.759,1742510854.3037155
0,373.593,1742510854.3538404
1,370.831,1742510854.3538404
2,377.761,1742510854.3538404
3,382.663,1742510854.3538404
4,367.494,1742510854.3538404
5,379.683,1742510854.3538404
6,375.353,1742510854.3538404
7,385.759,1742510854.3538404
0,373.29,1742510854.4039657
1,370.707,1742510854.4039657
2,377.761,1742510854.4039657
3,380.973,1742510854.4039657
4,367.494,1742510854.4039657
5,380.33,1742510854.4039657
6,375.353,1742510854.4039657
7,386.72,1742510854.4039657
0,373.29,1742510854.4540882
1,370.707,1742510854.4540882
2,377.0,1742510854.4540882
3,380.973,1742510854.4540882
4,367.878,1742510854.4540882
5,380.33,1742510854.4540882
6,375.656,1742510854.4540882
7,386.72,1742510854.4540882
0,373.306,1742510854.5042245
1,371.83,1742510854.5042245
2,377.0,1742510854.5042245
3,379.929,1742510854.5042245
4,367.878,1742510854.5042245
5,380.33,1742510854.5042245
6,377.383,1742510854.5042245
7,386.846,1742510854.5042245
0,373.306,1742510854.554434
1,371.83,1742510854.554434
2,376.775,1742510854.554434
3,379.929,1742510854.554434
4,368.496,1742510854.554434
5,380.873,1742510854.554434
6,377.383,1742510854.554434
7,386.846,1742510854.554434
0,374.091,1742510854.6045597
1,373.39,1742510854.6045597
2,376.775,1742510854.6045597
3,380.68,1742510854.6045597
4,368.496,1742510854.6045597
5,380.873,1742510854.6045597
6,377.383,1742510854.6045597
7,387.562,1742510854.6045597
0,374.091,1742510854.654683
1,373.39,1742510854.654683
2,376.164,1742510854.654683
3,380.68,1742510854.654683
4,368.507,1742510854.654683
5,381.609,1742510854.654683
6,375.264,1742510854.654683
7,387.562,1742510854.654683
0,376.003,1742510854.7048087
1,372.986,1742510854.7048087
2,376.164,1742510854.7048087
3,379.04,1742510854.7048087
4,368.507,1742510854.7048087
5,381.609,1742510854.7048087
6,375.264,1742510854.7048087
7,387.68,1742510854.7048087
0,376.003,1742510854.7549345
1,372.986,1742510854.7549345
2,376.625,1742510854.7549345
3,379.04,1742510854.7549345
4,368.038,1742510854.7549345
5,382.034,1742510854.7549345
6,375.35,1742510854.7549345
7,387.68,1742510854.7549345
0,375.952,1742510854.80507
1,372.589,1742510854.80507
2,376.625,1742510854.80507
3,381.397,1742510854.80507
4,368.038,1742510854.80507
5,382.034,1742510854.80507
6,375.35,1742510854.80507
7,387.866,1742510854.80507
0,375.952,1742510854.8552055
1,372.589,1742510854.8552055
2,375.868,1742510854.8552055
3,381.397,1742510854.8552055
4,368.74,1742510854.8552055
5,382.465,1742510854.8552055
6,375.63,1742510854.8552055
7,387.866,1742510854.8552055
0,376.661,1742510854.9053514
1,372.323,1742510854.9053514
2,375.868,1742510854.9053514
3,380.795,1742510854.9053514
4,368.74,1742510854.9053514
5,382.465,1742510854.9053514
6,375.63,1742510854.9053514
7,387.629,1742510854.9053514
0,376.661,1742510854.9554906
1,372.323,1742510854.9554906
2,376.406,1742510854.9554906
3,380.795,1742510854.9554906
4,369.337,1742510854.9554906
5,383.212,1742510854.9554906
6,374.91,1742510854.9554906
7,387.629,1742510854.9554906
0,376.858,1742510855.0056264
1,372.21,1742510855.0056264
2,376.406,1742510855.0056264
3,378.863,1742510855.0056264
4,369.337,1742510855.0056264
5,383.212,1742510855.0056264
6,374.91,1742510855.0056264
7,387.591,1742510855.0056264
0,376.858,1742510855.0557878
1,372.21,1742510855.0557878
2,377.087,1742510855.0557878
3,378.863,1742510855.0557878
4,369.364,1742510855.0557878
5,383.736,1742510855.0557878
6,375.37,1742510855.0557878
7,387.591,1742510855.0557878
0,377.364,1742510855.1059127
1,372.228,1742510855.1059127
2,377.087,1742510855.1059127
3,378.845,1742510855.1059127
4,369.364,1742510855.1059127
5,383.736,1742510855.1059127
6,375.37,1742510855.1059127
7,386.734,1742510855.1059127
0,377.364,1742510855.1560373
1,372.228,1742510855.1560373
2,377.668,1742510855.1560373
3,378.845,1742510855.1560373
4,368.988,1742510855.1560373
5,383.385,1742510855.1560373
6,376.816,1742510855.1560373
7,386.734,1742510855.1560373
0,377.5,1742510855.206173
1,372.828,1742510855.206173
2,377.668,1742510855.206173
3,378.845,1742510855.206173
4,368.988,1742510855.206173
5,383.385,1742510855.206173
6,376.816,1742510855.206173
7,386.589,1742510855.206173
0,377.5,1742510855.2563188
1,372.828,1742510855.2563188
2,378.198,1742510855.2563188
3,380.147,1742510855.2563188
4,370.291,1742510855.2563188
5,382.779,1742510855.2563188
6,375.877,1742510855.2563188
7,386.589,1742510855.2563188
0,377.542,1742510855.3064947
1,372.215,1742510855.3064947
2,378.198,1742510855.3064947
3,380.147,1742510855.3064947
4,370.291,1742510855.3064947
5,383.227,1742510855.3064947
6,375.877,1742510855.3064947
7,385.187,1742510855.3064947
0,377.542,1742510855.3566196
1,372.215,1742510855.3566196
2,378.316,1742510855.3566196
3,379.409,1742510855.3566196
4,370.619,1742510855.3566196
5,383.227,1742510855.3566196
6,375.774,1742510855.3566196
7,385.187,1742510855.3566196
0,378.061,1742510855.406746
1,372.144,1742510855.406746
2,378.316,1742510855.406746
3,379.409,1742510855.406746
4,370.619,1742510855.406746
5,382.871,1742510855.406746
6,375.774,1742510855.406746
7,383.274,1742510855.406746
0,378.061,1742510855.4568715
1,372.144,1742510855.4568715
2,378.678,1742510855.4568715
3,381.469,1742510855.4568715
4,371.821,1742510855.4568715
5,382.871,1742510855.4568715
6,374.258,1742510855.4568715
7,383.274,1742510855.4568715
0,377.415,1742510855.506999
1,370.868,1742510855.506999
2,378.678,1742510855.506999
3,381.469,1742510855.506999
4,371.821,1742510855.506999
5,382.871,1742510855.506999
6,374.258,1742510855.506999
7,383.95,1742510855.506999
0,377.415,1742510855.5571387
1,370.868,1742510855.5571387
2,377.85,1742510855.5571387
3,382.17,1742510855.5571387
4,371.915,1742510855.5571387
5,384.985,1742510855.5571387
6,374.379,1742510855.5571387
7,383.95,1742510855.5571387
0,377.421,1742510855.607277
1,371.896,1742510855.607277
2,377.85,1742510855.607277
3,382.17,1742510855.607277
4,371.915,1742510855.607277
5,384.985,1742510855.607277
6,374.379,1742510855.607277
7,383.168,1742510855.607277
0,377.421,1742510855.6574018
1,371.896,1742510855.6574018
2,378.192,1742510855.6574018
3,381.596,1742510855.6574018
4,371.856,1742510855.6574018
5,385.802,1742510855.6574018
6,373.647,1742510855.6574018
7,383.168,1742510855.6574018
0,376.907,1742510855.7075274
1,371.327,1742510855.7075274
2,378.192,1742510855.7075274
3,381.596,1742510855.7075274
4,371.856,1742510855.7075274
5,385.802,1742510855.7075274
6,373.647,1742510855.7075274
7,384.382,1742510855.7075274
0,376.907,1742510855.757653
1,371.327,1742510855.757653
2,378.401,1742510855.757653
3,382.131,1742510855.757653
4,372.552,1742510855.757653
5,386.563,1742510855.757653
6,375.522,1742510855.757653
7,384.382,1742510855.757653
0,376.907,1742510855.8077903
1,373.471,1742510855.8077903
2,378.401,1742510855.8077903
3,382.131,1742510855.8077903
4,372.552,1742510855.8077903
5,386.563,1742510855.8077903
6,375.522,1742510855.8077903
7,384.677,1742510855.8077903
0,378.99,1742510855.8579547
1,373.471,1742510855.8579547
2,379.145,1742510855.8579547
3,381.658,1742510855.8579547
4,373.379,1742510855.8579547
5,386.392,1742510855.8579547
6,375.35,1742510855.8579547
7,384.677,1742510855.8579547
0,378.99,1742510855.90808
1,373.939,1742510855.90808
2,379.145,1742510855.90808
3,381.658,1742510855.90808
4,373.379,1742510855.90808
5,386.392,1742510855.90808
6,375.35,1742510855.90808
7,386.058,1742510855.90808
0,380.356,1742510855.9582555
1,373.939,1742510855.9582555
2,378.478,1742510855.9582555
3,384.026,1742510855.9582555
4,373.259,1742510855.9582555
5,388.058,1742510855.9582555
6,373.904,1742510855.9582555
7,386.058,1742510855.9582555
0,380.356,1742510856.0083818
1,373.663,1742510856.0083818
2,378.478,1742510856.0083818
3,384.026,1742510856.0083818
4,373.259,1742510856.0083818
5,388.058,1742510856.0083818
6,373.904,1742510856.0083818
7,384.77,1742510856.0083818
0,381.252,1742510856.0585582
1,373.663,1742510856.0585582
2,379.482,1742510856.0585582
3,382.888,1742510856.0585582
4,373.259,1742510856.0585582
5,387.617,1742510856.0585582
6,373.336,1742510856.0585582
7,384.77,1742510856.0585582
0,381.252,1742510856.108695
1,373.677,1742510856.108695
2,379.482,1742510856.108695
3,382.888,1742510856.108695
4,372.357,1742510856.108695
5,387.617,1742510856.108695
6,373.336,1742510856.108695
7,384.77,1742510856.108695
0,380.467,1742510856.158896
1,373.677,1742510856.158896
2,380.488,1742510856.158896
3,381.805,1742510856.158896
4,372.357,1742510856.158896
5,387.312,1742510856.158896
6,373.444,1742510856.158896
7,384.919,1742510856.158896
0,380.467,1742510856.2090344
1,373.677,1742510856.2090344
2,380.488,1742510856.2090344
3,381.805,1742510856.2090344
4,371.583,1742510856.2090344
5,387.312,1742510856.2090344
6,373.444,1742510856.2090344
7,384.919,1742510856.2090344
0,380.562,1742510856.25917
1,372.41,1742510856.25917
2,380.511,1742510856.25917
3,381.296,1742510856.25917
4,371.583,1742510856.25917
5,388.375,1742510856.25917
6,374.263,1742510856.25917
7,385.445,1742510856.25917
0,380.562,1742510856.3093066
1,372.41,1742510856.3093066
2,380.511,1742510856.3093066
3,381.296,1742510856.3093066
4,370.367,1742510856.3093066
5,388.375,1742510856.3093066
6,374.263,1742510856.3093066
7,385.445,1742510856.3093066
0,380.479,1742510856.35945
1,373.767,1742510856.35945
2,380.185,1742510856.35945
3,380.772,1742510856.35945
4,370.367,1742510856.35945
5,387.519,1742510856.35945
6,376.28,1742510856.35945
7,386.369,1742510856.35945
0,380.479,1742510856.4095824
1,373.767,1742510856.4095824
2,380.185,1742510856.4095824
3,380.772,1742510856.4095824
4,368.747,1742510856.4095824
5,387.519,1742510856.4095824
6,376.28,1742510856.4095824
7,386.369,1742510856.4095824
0,381.858,1742510856.4597127
1,373.567,1742510856.4597127
2,379.753,1742510856.4597127
3,379.997,1742510856.4597127
4,368.747,1742510856.4597127
5,387.114,1742510856.4597127
6,377.364,1742510856.4597127
7,388.431,1742510856.4597127
0,381.858,1742510856.5098379
1,373.567,1742510856.5098379
2,379.753,1742510856.5098379
3,379.997,1742510856.5098379
4,367.885,1742510856.5098379
5,387.114,1742510856.5098379
6,377.364,1742510856.5098379
7,388.431,1742510856.5098379
0,382.183,1742510856.5599616
1,373.252,1742510856.5599616
2,378.79,1742510856.5599616
3,380.248,1742510856.5599616
4,367.885,1742510856.5599616
5,387.735,1742510856.5599616
6,377.587,1742510856.5599616
7,388.508,1742510856.5599616
0,382.183,1742510856.610092
1,373.252,1742510856.610092
2,378.79,1742510856.610092
3,380.248,1742510856.610092
4,367.521,1742510856.610092
5,387.735,1742510856.610092
6,377.587,1742510856.610092
7,388.508,1742510856.610092
0,382.25,1742510856.6602292
1,372.561,1742510856.6602292
2,378.195,1742510856.6602292
3,381.4,1742510856.6602292
4,367.521,1742510856.6602292
5,389.319,1742510856.6602292
6,379.606,1742510856.6602292
7,387.629,1742510856.6602292
0,382.25,1742510856.7103643
1,372.561,1742510856.7103643
2,378.195,1742510856.7103643
3,381.4,1742510856.7103643
4,369.664,1742510856.7103643
5,389.319,1742510856.7103643
6,379.606,1742510856.7103643
7,387.629,1742510856.7103643
0,381.339,1742510856.7604933
1,372.135,1742510856.7604933
2,378.278,1742510856.7604933
3,381.432,1742510856.7604933
4,369.664,1742510856.7604933
5,388.247,1742510856.7604933
6,379.732,1742510856.7604933
7,387.199,1742510856.7604933
0,381.339,1742510856.81062
1,372.135,1742510856.81062
2,378.278,1742510856.81062
3,381.432,1742510856.81062
4,370.015,1742510856.81062
5,388.247,1742510856.81062
6,379.732,1742510856.81062
7,387.199,1742510856.81062
0,380.516,1742510856.8608258
1,371.686,1742510856.8608258
2,377.165,1742510856.8608258
3,381.744,1742510856.8608258
4,370.015,1742510856.8608258
5,388.147,1742510856.8608258
6,379.755,1742510856.8608258
7,388.699,1742510856.8608258
0,380.516,1742510856.9109514
1,371.686,1742510856.9109514
2,377.165,1742510856.9109514
3,381.744,1742510856.9109514
4,369.421,1742510856.9109514
5,388.147,1742510856.9109514
6,379.755,1742510856.9109514
7,388.699,1742510856.9109514
0,378.57,1742510856.9610534
1,372.573,1742510856.9610534
2,377.04,1742510856.9610534
3,382.692,1742510856.9610534
4,369.421,1742510856.9610534
5,389.15,1742510856.9610534
6,379.374,1742510856.9610534
7,389.134,1742510856.9610534
0,378.57,1742510857.0111816
1,372.573,1742510857.0111816
2,377.04,1742510857.0111816
3,382.692,1742510857.0111816
4,369.204,1742510857.0111816
5,389.15,1742510857.0111816
6,379.374,1742510857.0111816
7,389.134,1742510857.0111816
0,377.841,1742510857.061336
1,373.704,1742510857.061336
2,375.77,1742510857.061336
3,381.574,1742510857.061336
4,369.204,1742510857.061336
5,389.611,1742510857.061336
6,377.89,1742510857.061336
7,388.857,1742510857.061336
0,377.841,1742510857.1114619
1,373.704,1742510857.1114619
2,375.77,1742510857.1114619
3,381.574,1742510857.1114619
4,368.366,1742510857.1114619
5,389.611,1742510857.1114619
6,377.89,1742510857.1114619
7,388.857,1742510857.1114619
0,377.85,1742510857.1615977
1,374.041,1742510857.1615977
2,374.175,1742510857.1615977
3,381.995,1742510857.1615977
4,368.366,1742510857.1615977
5,389.002,1742510857.1615977
6,377.673,1742510857.1615977
7,388.802,1742510857.1615977
0,377.85,1742510857.2117221
1,374.041,1742510857.2117221
2,374.175,1742510857.2117221
3,381.995,1742510857.2117221
4,367.161,1742510857.2117221
5,389.002,1742510857.2117221
6,377.673,1742510857.2117221
7,388.802,1742510857.2117221
0,377.754,1742510857.2618988
1,374.489,1742510857.2618988
2,373.609,1742510857.2618988
3,381.044,1742510857.2618988
4,367.161,1742510857.2618988
5,387.937,1742510857.2618988
6,376.255,1742510857.2618988
7,388.568,1742510857.2618988
0,377.754,1742510857.3120255
1,374.489,1742510857.3120255
2,373.609,1742510857.3120255
3,381.044,1742510857.3120255
4,366.783,1742510857.3120255
5,387.937,1742510857.3120255
6,376.255,1742510857.3120255
7,388.568,1742510857.3120255
0,376.478,1742510857.3623223
1,375.18,1742510857.3623223
2,372.486,1742510857.3623223
3,380.267,1742510857.3623223
4,366.783,1742510857.3623223
5,387.367,1742510857.3623223
6,371.598,1742510857.3623223
7,387.722,1742510857.3623223
0,376.478,1742510857.4124484
1,375.18,1742510857.4124484
2,372.486,1742510857.4124484
3,380.267,1742510857.4124484
4,367.229,1742510857.4124484
5,387.367,1742510857.4124484
6,371.598,1742510857.4124484
7,387.722,1742510857.4124484
0,374.926,1742510857.4625835
1,375.806,1742510857.4625835
2,372.529,1742510857.4625835
3,378.703,1742510857.4625835
4,367.229,1742510857.4625835
5,388.79,1742510857.4625835
6,370.711,1742510857.4625835
7,388.012,1742510857.4625835
0,374.926,1742510857.5127091
1,375.806,1742510857.5127091
2,372.529,1742510857.5127091
3,378.703,1742510857.5127091
4,367.481,1742510857.5127091
5,388.79,1742510857.5127091
6,370.711,1742510857.5127091
7,388.012,1742510857.5127091
0,374.192,1742510857.5628328
1,375.79,1742510857.5628328
2,372.439,1742510857.5628328
3,376.766,1742510857.5628328
4,367.481,1742510857.5628328
5,387.432,1742510857.5628328
6,369.578,1742510857.5628328
7,387.898,1742510857.5628328
0,374.192,1742510857.6129692
1,375.79,1742510857.6129692
2,372.439,1742510857.6129692
3,376.766,1742510857.6129692
4,367.561,1742510857.6129692
5,387.432,1742510857.6129692
6,369.578,1742510857.6129692
7,387.898,1742510857.6129692
0,373.566,1742510857.663157
1,375.352,1742510857.663157
2,372.97,1742510857.663157
3,374.361,1742510857.663157
4,367.561,1742510857.663157
5,385.658,1742510857.663157
6,368.316,1742510857.663157
7,388.376,1742510857.663157
0,373.566,1742510857.7132976
1,375.352,1742510857.7132976
2,372.97,1742510857.7132976
3,374.361,1742510857.7132976
4,366.841,1742510857.7132976
5,385.658,1742510857.7132976
6,368.316,1742510857.7132976
7,388.376,1742510857.7132976
0,373.724,1742510857.7634344
1,375.603,1742510857.7634344
2,374.23,1742510857.7634344
3,374.701,1742510857.7634344
4,366.841,1742510857.7634344
5,387.492,1742510857.7634344
6,368.447,1742510857.7634344
7,387.854,1742510857.7634344
0,373.724,1742510857.8135626
1,375.603,1742510857.8135626
2,374.23,1742510857.8135626
3,374.701,1742510857.8135626
4,366.485,1742510857.8135626
5,387.492,1742510857.8135626
6,368.447,1742510857.8135626
7,387.854,1742510857.8135626
0,372.466,1742510857.8636966
1,375.122,1742510857.8636966
2,374.633,1742510857.8636966
3,372.322,1742510857.8636966
4,366.485,1742510857.8636966
5,384.642,1742510857.8636966
6,368.749,1742510857.8636966
7,386.745,1742510857.8636966
0,372.466,1742510857.913823
1,375.122,1742510857.913823
2,374.633,1742510857.913823
3,372.322,1742510857.913823
4,367.528,1742510857.913823
5,384.642,1742510857.913823
6,368.749,1742510857.913823
7,386.745,1742510857.913823
0,373.47,1742510857.9639478
1,374.185,1742510857.9639478
2,373.707,1742510857.9639478
3,369.83,1742510857.9639478
4,367.528,1742510857.9639478
5,384.708,1742510857.9639478
6,368.905,1742510857.9639478
7,385.915,1742510857.9639478
0,373.47,1742510858.0140727
1,374.185,1742510858.0140727
2,373.707,1742510858.0140727
3,369.83,1742510858.0140727
4,368.245,1742510858.0140727
5,384.708,1742510858.0140727
6,368.905,1742510858.0140727
7,385.915,1742510858.0140727
0,373.755,1742510858.0642002
1,372.58,1742510858.0642002
2,372.788,1742510858.0642002
3,370.566,1742510858.0642002
4,368.245,1742510858.0642002
5,384.27,1742510858.0642002
6,369.771,1742510858.0642002
7,386.111,1742510858.0642002
0,373.755,1742510858.1143425
1,372.58,1742510858.1143425
2,372.788,1742510858.1143425
3,370.566,1742510858.1143425
4,369.774,1742510858.1143425
5,384.27,1742510858.1143425
6,369.771,1742510858.1143425
7,386.111,1742510858.1143425
0,374.023,1742510858.16447
1,372.058,1742510858.16447
2,373.055,1742510858.16447
3,372.054,1742510858.16447
4,369.774,1742510858.16447
5,384.666,1742510858.16447
6,370.824,1742510858.16447
7,386.665,1742510858.16447
0,374.023,1742510858.2145944
1,372.058,1742510858.2145944
2,373.055,1742510858.2145944
3,372.054,1742510858.2145944
4,370.235,1742510858.2145944
5,384.666,1742510858.2145944
6,370.824,1742510858.2145944
7,386.665,1742510858.2145944
0,373.505,1742510858.2647393
1,371.321,1742510858.2647393
2,372.318,1742510858.2647393
3,373.817,1742510858.2647393
4,370.235,1742510858.2647393
5,385.804,1742510858.2647393
6,371.895,1742510858.2647393
7,386.169,1742510858.2647393
0,373.505,1742510858.3148758
1,371.321,1742510858.3148758
2,372.318,1742510858.3148758
3,373.817,1742510858.3148758
4,370.906,1742510858.3148758
5,385.804,1742510858.3148758
6,371.895,1742510858.3148758
7,386.169,1742510858.3148758
0,374.75,1742510858.3650155
1,373.39,1742510858.3650155
2,372.311,1742510858.3650155
3,374.775,1742510858.3650155
4,370.906,1742510858.3650155
5,387.49,1742510858.3650155
6,371.653,1742510858.3650155
7,386.199,1742510858.3650155
0,374.75,1742510858.4151537
1,373.39,1742510858.4151537
2,372.311,1742510858.4151537
3,374.775,1742510858.4151537
4,372.6,1742510858.4151537
5,387.49,1742510858.4151537
6,371.653,1742510858.4151537
7,386.199,1742510858.4151537
0,375.046,1742510858.465283
1,371.285,1742510858.465283
2,372.311,1742510858.465283
3,375.356,1742510858.465283
4,372.6,1742510858.465283
5,387.073,1742510858.465283
6,371.4,1742510858.465283
7,386.066,1742510858.465283
0,375.046,1742510858.5154219
1,371.285,1742510858.5154219
2,370.885,1742510858.5154219
3,375.356,1742510858.5154219
4,371.587,1742510858.5154219
5,387.073,1742510858.5154219
6,371.4,1742510858.5154219
7,386.066,1742510858.5154219
0,375.382,1742510858.5655584
1,371.324,1742510858.5655584
2,370.885,1742510858.5655584
3,376.287,1742510858.5655584
4,371.587,1742510858.5655584
5,387.073,1742510858.5655584
6,371.269,1742510858.5655584
7,385.922,1742510858.5655584
0,375.382,1742510858.615696
1,371.324,1742510858.615696
2,370.772,1742510858.615696
3,376.287,1742510858.615696
4,373.036,1742510858.615696
5,386.115,1742510858.615696
6,371.269,1742510858.615696
7,385.922,1742510858.615696
0,377.684,1742510858.665884
1,373.547,1742510858.665884
2,370.772,1742510858.665884
3,377.066,1742510858.665884
4,373.036,1742510858.665884
5,387.367,1742510858.665884
6,372.046,1742510858.665884
7,384.931,1742510858.665884
0,377.684,1742510858.7160096
1,373.547,1742510858.7160096
2,368.551,1742510858.7160096
3,377.066,1742510858.7160096
4,372.797,1742510858.7160096
5,387.367,1742510858.7160096
6,372.046,1742510858.7160096
7,384.931,1742510858.7160096
0,377.699,1742510858.766147
1,371.798,1742510858.766147
2,368.551,1742510858.766147
3,376.942,1742510858.766147
4,372.797,1742510858.766147
5,386.508,1742510858.766147
6,371.63,1742510858.766147
7,386.465,1742510858.766147
0,377.699,1742510858.81628
1,371.798,1742510858.81628
2,367.981,1742510858.81628
3,376.942,1742510858.81628
4,373.417,1742510858.81628
5,386.508,1742510858.81628
6,371.63,1742510858.81628
7,386.465,1742510858.81628
0,378.003,1742510858.8664048
1,373.982,1742510858.8664048
2,367.981,1742510858.8664048
3,377.947,1742510858.8664048
4,373.417,1742510858.8664048
5,387.801,1742510858.8664048
6,372.713,1742510858.8664048
7,384.869,1742510858.8664048
0,378.003,1742510858.9165304
1,373.982,1742510858.9165304
2,368.501,1742510858.9165304
3,377.947,1742510858.9165304
4,372.791,1742510858.9165304
5,387.801,1742510858.9165304
6,372.713,1742510858.9165304
7,384.869,1742510858.9165304
0,378.282,1742510858.9666762
1,374.203,1742510858.9666762
2,368.501,1742510858.9666762
3,378.09,1742510858.9666762
4,372.791,1742510858.9666762
5,388.121,1742510858.9666762
6,371.443,1742510858.9666762
7,385.337,1742510858.9666762
0,378.282,1742510859.0168118
1,374.203,1742510859.0168118
2,368.265,1742510859.0168118
3,378.09,1742510859.0168118
4,372.472,1742510859.0168118
5,388.121,1742510859.0168118
6,371.443,1742510859.0168118
7,385.337,1742510859.0168118
0,378.333,1742510859.066988
1,373.58,1742510859.066988
2,368.265,1742510859.066988
3,376.749,1742510859.066988
4,372.472,1742510859.066988
5,388.7,1742510859.066988
6,370.885,1742510859.066988
7,385.294,1742510859.066988
0,378.333,1742510859.1171138
1,373.58,1742510859.1171138
2,368.183,1742510859.1171138
3,376.749,1742510859.1171138
4,370.342,1742510859.1171138
5,388.7,1742510859.1171138
6,370.885,1742510859.1171138
7,385.294,1742510859.1171138
0,377.988,1742510859.1672564
1,376.134,1742510859.1672564
2,368.183,1742510859.1672564
3,376.791,1742510859.1672564
4,370.342,1742510859.1672564
5,389.422,1742510859.1672564
6,372.28,1742510859.1672564
7,385.563,1742510859.1672564
0,377.988,1742510859.2173972
1,376.134,1742510859.2173972
2,369.378,1742510859.2173972
3,376.791,1742510859.2173972
4,370.764,1742510859.2173972
5,389.422,1742510859.2173972
6,372.28,1742510859.2173972
7,385.563,1742510859.2173972
0,376.269,1742510859.2675357
1,376.382,1742510859.2675357
2,369.378,1742510859.2675357
3,376.383,1742510859.2675357
4,370.764,1742510859.2675357
5,389.663,1742510859.2675357
6,372.191,1742510859.2675357
7,386.323,1742510859.2675357
0,376.269,1742510859.3176727
1,376.382,1742510859.3176727
2,368.357,1742510859.3176727
3,376.383,1742510859.3176727
4,370.482,1742510859.3176727
5,389.663,1742510859.3176727
6,372.191,1742510859.3176727
7,386.323,1742510859.3176727
0,375.673,1742510859.3678002
1,372.212,1742510859.3678002
2,368.357,1742510859.3678002
3,375.991,1742510859.3678002
4,370.482,1742510859.3678002
5,386.489,1742510859.3678002
6,370.901,1742510859.3678002
7,385.887,1742510859.3678002
0,375.673,1742510859.4179351
1,372.212,1742510859.4179351
2,369.093,1742510859.4179351
3,375.991,1742510859.4179351
4,370.527,1742510859.4179351
5,386.489,1742510859.4179351
6,370.901,1742510859.4179351
7,385.887,1742510859.4179351
0,377.072,1742510859.46806
1,372.284,1742510859.46806
2,369.093,1742510859.46806
3,373.529,1742510859.46806
4,370.527,1742510859.46806
5,386.456,1742510859.46806
6,371.129,1742510859.46806
7,388.034,1742510859.46806
0,377.072,1742510859.5181856
1,372.284,1742510859.5181856
2,370.71,1742510859.5181856
3,373.529,1742510859.5181856
4,370.386,1742510859.5181856
5,386.456,1742510859.5181856
6,371.129,1742510859.5181856
7,388.034,1742510859.5181856
0,375.11,1742510859.568311
1,370.617,1742510859.568311
2,370.71,1742510859.568311
3,372.709,1742510859.568311
4,370.386,1742510859.568311
5,382.783,1742510859.568311
6,368.167,1742510859.568311
7,385.858,1742510859.568311
0,375.11,1742510859.618447
1,370.617,1742510859.618447
2,366.95,1742510859.618447
3,372.709,1742510859.618447
4,360.051,1742510859.618447
5,382.783,1742510859.618447
6,368.167,1742510859.618447
7,385.858,1742510859.618447
0,355.682,1742510859.6685717
1,345.219,1742510859.6685717
2,366.95,1742510859.6685717
3,348.332,1742510859.6685717
4,360.051,1742510859.6685717
5,382.783,1742510859.6685717
6,343.784,1742510859.6685717
7,358.86,1742510859.6685717
0,355.682,1742510859.7186964
1,345.219,1742510859.7186964
2,343.375,1742510859.7186964
3,348.332,1742510859.7186964
4,335.292,1742510859.7186964
5,358.654,1742510859.7186964
6,343.784,1742510859.7186964
7,358.86,1742510859.7186964
0,330.849,1742510859.7688324
1,320.05,1742510859.7688324
2,343.375,1742510859.7688324
3,323.225,1742510859.7688324
4,335.292,1742510859.7688324
5,332.59,1742510859.7688324
6,318.637,1742510859.7688324
7,333.254,1742510859.7688324
0,330.849,1742510859.8189688
1,320.05,1742510859.8189688
2,319.443,1742510859.8189688
3,323.225,1742510859.8189688
4,310.802,1742510859.8189688
5,332.59,1742510859.8189688
6,318.637,1742510859.8189688
7,333.254,1742510859.8189688
0,306.221,1742510859.8690934
1,294.411,1742510859.8690934
2,319.443,1742510859.8690934
3,297.538,1742510859.8690934
4,310.802,1742510859.8690934
5,305.742,1742510859.8690934
6,293.249,1742510859.8690934
7,306.87,1742510859.8690934
0,306.221,1742510859.919218
1,294.411,1742510859.919218
2,295.024,1742510859.919218
3,297.538,1742510859.919218
4,285.634,1742510859.919218
5,305.742,1742510859.919218
6,293.249,1742510859.919218
7,306.87,1742510859.919218
0,280.655,1742510859.9693432
1,268.874,1742510859.9693432
2,295.024,1742510859.9693432
3,272.639,1742510859.9693432
4,285.634,1742510859.9693432
5,279.211,1742510859.9693432
6,268.446,1742510859.9693432
7,280.826,1742510859.9693432
0,280.655,1742510860.0194812
1,268.874,1742510860.0194812
2,270.836,1742510860.0194812
3,272.639,1742510860.0194812
4,261.321,1742510860.0194812
5,279.211,1742510860.0194812
6,268.446,1742510860.0194812
7,280.826,1742510860.0194812
0,251.575,1742510860.069664
1,244.893,1742510860.069664
2,270.836,1742510860.069664
3,247.153,1742510860.069664
4,261.321,1742510860.069664
5,252.848,1742510860.069664
6,243.047,1742510860.069664
7,256.498,1742510860.069664
0,251.575,1742510860.1197898
1,244.893,1742510860.1197898
2,245.594,1742510860.1197898
3,247.153,1742510860.1197898
4,236.247,1742510860.1197898
5,252.848,1742510860.1197898
6,243.047,1742510860.1197898
7,256.498,1742510860.1197898
0,231.081,1742510860.169915
1,217.584,1742510860.169915
2,245.594,1742510860.169915
3,222.345,1742510860.169915
4,236.247,1742510860.169915
5,225.993,1742510860.169915
6,217.514,1742510860.169915
7,256.498,1742510860.169915
0,231.081,1742510860.220051
1,217.584,1742510860.220051
2,222.4,1742510860.220051
3,222.345,1742510860.220051
4,210.618,1742510860.220051
5,225.993,1742510860.220051
6,217.514,1742510860.220051
7,223.869,1742510860.220051
0,206.581,1742510860.2701743
1,194.651,1742510860.2701743
2,222.4,1742510860.2701743
3,192.227,1742510860.2701743
4,210.618,1742510860.2701743
5,201.444,1742510860.2701743
6,191.353,1742510860.2701743
7,223.869,1742510860.2701743
0,206.581,1742510860.3203087
1,194.651,1742510860.3203087
2,195.288,1742510860.3203087
3,192.227,1742510860.3203087
4,188.925,1742510860.3203087
5,201.444,1742510860.3203087
6,191.353,1742510860.3203087
7,200.442,1742510860.3203087
0,182.268,1742510860.3704445
1,167.876,1742510860.3704445
2,195.288,1742510860.3704445
3,167.626,1742510860.3704445
4,188.925,1742510860.3704445
5,173.542,1742510860.3704445
6,166.832,1742510860.3704445
7,200.442,1742510860.3704445
0,182.268,1742510860.4205801
1,167.876,1742510860.4205801
2,170.269,1742510860.4205801
3,167.626,1742510860.4205801
4,160.386,1742510860.4205801
5,173.542,1742510860.4205801
6,166.832,1742510860.4205801
7,172.038,1742510860.4205801
0,158.008,1742510860.470715
1,142.787,1742510860.470715
2,170.269,1742510860.470715
3,142.995,1742510860.470715
4,160.386,1742510860.470715
5,150.742,1742510860.470715
6,141.704,1742510860.470715
7,172.038,1742510860.470715
0,158.008,1742510860.5208385
1,142.787,1742510860.5208385
2,148.311,1742510860.5208385
3,142.995,1742510860.5208385
4,138.948,1742510860.5208385
5,150.742,1742510860.5208385
6,141.704,1742510860.5208385
7,150.222,1742510860.5208385
0,132.828,1742510860.5709603
1,142.787,1742510860.5709603
2,148.311,1742510860.5709603
3,120.024,1742510860.5709603
4,138.948,1742510860.5709603
5,124.936,1742510860.5709603
6,120.41,1742510860.5709603
7,150.222,1742510860.5709603
0,132.828,1742510860.6210985
1,119.8,1742510860.6210985
2,123.714,1742510860.6210985
3,120.024,1742510860.6210985
4,119.379,1742510860.6210985
5,124.936,1742510860.6210985
6,120.41,1742510860.6210985
7,126.847,1742510860.6210985
0,122.187,1742510860.6712348
1,119.006,1742510860.6712348
2,123.714,1742510860.6712348
3,119.606,1742510860.6712348
4,119.379,1742510860.6712348
5,122.541,1742510860.6712348
6,118.805,1742510860.6712348
7,126.847,1742510860.6712348
0,122.187,1742510860.7213702
1,119.006,1742510860.7213702
2,123.269,1742510860.7213702
3,119.606,1742510860.7213702
4,119.273,1742510860.7213702
5,122.541,1742510860.7213702
6,118.805,1742510860.7213702
7,126.646,1742510860.7213702
0,122.156,1742510860.7714932
1,118.832,1742510860.7714932
2,123.269,1742510860.7714932
3,119.552,1742510860.7714932
4,119.273,1742510860.7714932
5,122.441,1742510860.7714932
6,118.691,1742510860.7714932
7,126.646,1742510860.7714932
0,122.156,1742510860.8216302
1,118.832,1742510860.8216302
2,123.05,1742510860.8216302
3,119.552,1742510860.8216302
4,119.133,1742510860.8216302
5,122.441,1742510860.8216302
6,118.691,1742510860.8216302
7,126.62,1742510860.8216302
0,122.016,1742510860.8717847
1,118.745,1742510860.8717847
2,123.05,1742510860.8717847
3,119.529,1742510860.8717847
4,119.133,1742510860.8717847
5,122.321,1742510860.8717847
6,118.588,1742510860.8717847
7,126.62,1742510860.8717847
0,122.016,1742510860.9219663
1,118.745,1742510860.9219663
2,122.938,1742510860.9219663
3,119.529,1742510860.9219663
4,119.036,1742510860.9219663
5,122.321,1742510860.9219663
6,118.588,1742510860.9219663
7,126.597,1742510860.9219663
0,121.955,1742510860.9720926
1,118.517,1742510860.9720926
2,122.938,1742510860.9720926
3,119.523,1742510860.9720926
4,119.036,1742510860.9720926
5,122.262,1742510860.9720926
6,118.528,1742510860.9720926
7,126.597,1742510860.9720926
0,121.955,1742510861.0222886
1,118.517,1742510861.0222886
2,122.803,1742510861.0222886
3,119.523,1742510861.0222886
4,118.961,1742510861.0222886
5,122.262,1742510861.0222886
6,118.528,1742510861.0222886
7,126.603,1742510861.0222886
0,121.896,1742510861.0724242
1,118.503,1742510861.0724242
2,122.803,1742510861.0724242
3,119.528,1742510861.0724242
4,118.961,1742510861.0724242
5,122.161,1742510861.0724242
6,118.457,1742510861.0724242
7,126.603,1742510861.0724242
0,121.896,1742510861.1225483
1,118.503,1742510861.1225483
2,122.7,1742510861.1225483
3,119.528,1742510861.1225483
4,118.903,1742510861.1225483
5,122.161,1742510861.1225483
6,118.457,1742510861.1225483
7,126.602,1742510861.1225483
0,121.85,1742510861.1727142
1,118.267,1742510861.1727142
2,122.7,1742510861.1727142
3,119.549,1742510861.1727142
4,118.903,1742510861.1727142
5,122.139,1742510861.1727142
6,118.425,1742510861.1727142
7,126.602,1742510861.1727142
0,121.85,1742510861.22284
1,118.267,1742510861.22284
2,122.599,1742510861.22284
3,119.549,1742510861.22284
4,118.854,1742510861.22284
5,122.139,1742510861.22284
6,118.425,1742510861.22284
7,126.612,1742510861.22284
0,121.798,1742510861.2729762
1,118.303,1742510861.2729762
2,122.599,1742510861.2729762
3,119.573,1742510861.2729762
4,118.854,1742510861.2729762
5,122.056,1742510861.2729762
6,118.406,1742510861.2729762
7,126.612,1742510861.2729762
0,121.798,1742510861.323099
1,118.303,1742510861.323099
2,122.504,1742510861.323099
3,119.573,1742510861.323099
4,118.799,1742510861.323099
5,122.056,1742510861.323099
6,118.406,1742510861.323099
7,126.61,1742510861.323099
0,121.763,1742510861.3732345
1,118.093,1742510861.3732345
2,122.504,1742510861.3732345
3,119.581,1742510861.3732345
4,118.799,1742510861.3732345
5,122.034,1742510861.3732345
6,118.373,1742510861.3732345
7,126.61,1742510861.3732345
0,121.763,1742510861.4233725
1,118.093,1742510861.4233725
2,122.423,1742510861.4233725
3,119.581,1742510861.4233725
4,118.757,1742510861.4233725
5,122.034,1742510861.4233725
6,118.373,1742510861.4233725
7,126.612,1742510861.4233725
0,121.717,1742510861.4734972
1,118.102,1742510861.4734972
2,122.423,1742510861.4734972
3,119.609,1742510861.4734972
4,118.757,1742510861.4734972
5,121.955,1742510861.4734972
6,118.331,1742510861.4734972
7,126.612,1742510861.4734972
0,121.717,1742510861.523622
1,118.102,1742510861.523622
2,122.376,1742510861.523622
3,119.609,1742510861.523622
4,118.729,1742510861.523622
5,121.955,1742510861.523622
6,118.331,1742510861.523622
7,126.659,1742510861.523622
0,121.695,1742510861.5737581
1,117.964,1742510861.5737581
2,122.376,1742510861.5737581
3,119.636,1742510861.5737581
4,118.729,1742510861.5737581
5,121.954,1742510861.5737581
6,118.331,1742510861.5737581
7,126.659,1742510861.5737581
0,121.695,1742510861.6238828
1,117.964,1742510861.6238828
2,122.33,1742510861.6238828
3,119.636,1742510861.6238828
4,118.697,1742510861.6238828
5,121.954,1742510861.6238828
6,118.29,1742510861.6238828
7,126.619,1742510861.6238828
0,121.667,1742510861.6740274
1,117.908,1742510861.6740274
2,122.33,1742510861.6740274
3,119.657,1742510861.6740274
4,118.697,1742510861.6740274
5,121.915,1742510861.6740274
6,118.29,1742510861.6740274
7,126.619,1742510861.6740274
0,121.667,1742510861.7241592
1,117.908,1742510861.7241592
2,122.288,1742510861.7241592
3,119.657,1742510861.7241592
4,118.676,1742510861.7241592
5,121.915,1742510861.7241592
6,118.259,1742510861.7241592
7,126.584,1742510861.7241592
0,121.618,1742510861.7742949
1,117.902,1742510861.7742949
2,122.288,1742510861.7742949
3,119.642,1742510861.7742949
4,118.676,1742510861.7742949
5,121.916,1742510861.7742949
6,118.259,1742510861.7742949
7,126.584,1742510861.7742949
0,121.618,1742510861.8244307
1,117.902,1742510861.8244307
2,122.259,1742510861.8244307
3,119.642,1742510861.8244307
4,118.623,1742510861.8244307
5,121.916,1742510861.8244307
6,118.251,1742510861.8244307
7,126.536,1742510861.8244307
0,121.597,1742510861.8745682
1,117.82,1742510861.8745682
2,122.259,1742510861.8745682
3,119.623,1742510861.8745682
4,118.623,1742510861.8745682
5,121.836,1742510861.8745682
6,118.251,1742510861.8745682
7,126.536,1742510861.8745682
0,121.597,1742510861.9247043
1,117.82,1742510861.9247043
2,122.219,1742510861.9247043
3,119.623,1742510861.9247043
4,118.617,1742510861.9247043
5,121.836,1742510861.9247043
6,118.233,1742510861.9247043
7,126.501,1742510861.9247043
0,121.571,1742510861.9748297
1,117.929,1742510861.9748297
2,122.219,1742510861.9748297
3,119.595,1742510861.9748297
4,118.617,1742510861.9748297
5,121.827,1742510861.9748297
6,118.233,1742510861.9748297
7,126.501,1742510861.9748297
0,121.571,1742510862.0249653
1,117.929,1742510862.0249653
2,122.187,1742510862.0249653
3,119.595,1742510862.0249653
4,118.583,1742510862.0249653
5,121.827,1742510862.0249653
6,118.199,1742510862.0249653
7,126.473,1742510862.0249653
0,121.538,1742510862.0751042
1,117.768,1742510862.0751042
2,122.187,1742510862.0751042
3,119.569,1742510862.0751042
4,118.583,1742510862.0751042
5,121.814,1742510862.0751042
6,118.199,1742510862.0751042
7,126.473,1742510862.0751042
0,121.538,1742510862.1252484
1,117.768,1742510862.1252484
2,124.171,1742510862.1252484
3,119.569,1742510862.1252484
4,126.825,1742510862.1252484
5,121.814,1742510862.1252484
6,118.178,1742510862.1252484
7,130.496,1742510862.1252484
0,138.879,1742510862.1753886
1,136.596,1742510862.1753886
2,124.171,1742510862.1753886
3,140.375,1742510862.1753886
4,126.825,1742510862.1753886
5,143.362,1742510862.1753886
6,118.178,1742510862.1753886
7,130.496,1742510862.1753886
0,138.879,1742510862.2255175
1,136.596,1742510862.2255175
2,148.168,1742510862.2255175
3,140.375,1742510862.2255175
4,126.825,1742510862.2255175
5,143.362,1742510862.2255175
6,139.48,1742510862.2255175
7,155.165,1742510862.2255175
0,164.592,1742510862.2756474
1,160.334,1742510862.2756474
2,148.168,1742510862.2756474
3,140.375,1742510862.2756474
4,150.189,1742510862.2756474
5,168.236,1742510862.2756474
6,139.48,1742510862.2756474
7,155.165,1742510862.2756474
0,164.592,1742510862.325779
1,160.334,1742510862.325779
2,172.685,1742510862.325779
3,166.091,1742510862.325779
4,150.189,1742510862.325779
5,168.236,1742510862.325779
6,164.111,1742510862.325779
7,179.669,1742510862.325779
0,190.608,1742510862.3759127
1,184.671,1742510862.3759127
2,172.685,1742510862.3759127
3,166.091,1742510862.3759127
4,173.536,1742510862.3759127
5,192.53,1742510862.3759127
6,164.111,1742510862.3759127
7,179.669,1742510862.3759127
0,190.608,1742510862.4260619
1,184.671,1742510862.4260619
2,197.547,1742510862.4260619
3,190.11,1742510862.4260619
4,173.536,1742510862.4260619
5,192.53,1742510862.4260619
6,187.843,1742510862.4260619
7,204.32,1742510862.4260619
0,216.214,1742510862.4761996
1,184.671,1742510862.4761996
2,197.547,1742510862.4761996
3,190.11,1742510862.4761996
4,198.178,1742510862.4761996
5,216.957,1742510862.4761996
6,187.843,1742510862.4761996
7,204.32,1742510862.4761996
0,216.214,1742510862.5263357
1,215.806,1742510862.5263357
2,218.786,1742510862.5263357
3,214.436,1742510862.5263357
4,215.587,1742510862.5263357
5,216.957,1742510862.5263357
6,212.278,1742510862.5263357
7,228.838,1742510862.5263357
0,223.741,1742510862.576471
1,215.806,1742510862.576471
2,218.786,1742510862.576471
3,214.436,1742510862.576471
4,215.587,1742510862.576471
5,216.957,1742510862.576471
6,212.278,1742510862.576471
7,228.838,1742510862.576471
0,223.741,1742510862.6266077
1,217.968,1742510862.6266077
2,219.645,1742510862.6266077
3,219.883,1742510862.6266077
4,215.761,1742510862.6266077
5,223.765,1742510862.6266077
6,217.034,1742510862.6266077
7,229.156,1742510862.6266077
0,223.749,1742510862.6767437
1,217.968,1742510862.6767437
2,219.645,1742510862.6767437
3,219.883,1742510862.6767437
4,215.761,1742510862.6767437
5,223.765,1742510862.6767437
6,217.034,1742510862.6767437
7,229.156,1742510862.6767437
0,223.749,1742510862.7268665
1,217.949,1742510862.7268665
2,219.747,1742510862.7268665
3,219.865,1742510862.7268665
4,215.853,1742510862.7268665
5,223.89,1742510862.7268665
6,217.065,1742510862.7268665
7,229.257,1742510862.7268665
0,223.806,1742510862.7770476
1,217.949,1742510862.7770476
2,219.747,1742510862.7770476
3,219.865,1742510862.7770476
4,215.853,1742510862.7770476
5,223.89,1742510862.7770476
6,217.065,1742510862.7770476
7,229.257,1742510862.7770476
0,223.806,1742510862.8271732
1,218.0,1742510862.8271732
2,219.84,1742510862.8271732
3,217.893,1742510862.8271732
4,215.91,1742510862.8271732
5,223.898,1742510862.8271732
6,217.1,1742510862.8271732
7,227.245,1742510862.8271732
0,223.823,1742510862.8773043
1,218.0,1742510862.8773043
2,219.84,1742510862.8773043
3,217.893,1742510862.8773043
4,215.91,1742510862.8773043
5,223.898,1742510862.8773043
6,217.1,1742510862.8773043
7,227.245,1742510862.8773043
0,223.823,1742510862.927441
1,218.036,1742510862.927441
2,219.889,1742510862.927441
3,219.842,1742510862.927441
4,215.91,1742510862.927441
5,224.009,1742510862.927441
6,217.122,1742510862.927441
7,227.238,1742510862.927441
0,223.851,1742510862.9776103
1,218.036,1742510862.9776103
2,219.889,1742510862.9776103
3,219.842,1742510862.9776103
4,214.088,1742510862.9776103
5,224.009,1742510862.9776103
6,217.122,1742510862.9776103
7,227.238,1742510862.9776103
0,223.851,1742510863.0277352
1,217.988,1742510863.0277352
2,219.937,1742510863.0277352
3,219.804,1742510863.0277352
4,214.088,1742510863.0277352
5,223.965,1742510863.0277352
6,215.206,1742510863.0277352
7,229.179,1742510863.0277352
0,223.889,1742510863.0778613
1,217.988,1742510863.0778613
2,219.937,1742510863.0778613
3,219.804,1742510863.0778613
4,214.06,1742510863.0778613
5,223.965,1742510863.0778613
6,215.206,1742510863.0778613
7,229.179,1742510863.0778613
0,223.889,1742510863.1279955
1,216.972,1742510863.1279955
2,219.952,1742510863.1279955
3,219.823,1742510863.1279955
4,214.06,1742510863.1279955
5,222.038,1742510863.1279955
6,215.225,1742510863.1279955
7,225.671,1742510863.1279955
0,208.223,1742510863.1781313
1,216.972,1742510863.1781313
2,219.952,1742510863.1781313
3,219.823,1742510863.1781313
4,209.399,1742510863.1781313
5,222.038,1742510863.1781313
6,215.225,1742510863.1781313
7,225.671,1742510863.1781313
0,208.223,1742510863.2282891
1,194.082,1742510863.2282891
2,198.453,1742510863.2282891
3,204.194,1742510863.2282891
4,209.399,1742510863.2282891
5,198.016,1742510863.2282891
6,201.028,1742510863.2282891
7,200.41,1742510863.2282891
0,181.998,1742510863.278428
1,194.082,1742510863.278428
2,198.453,1742510863.278428
3,204.194,1742510863.278428
4,186.955,1742510863.278428
5,198.016,1742510863.278428
6,201.028,1742510863.278428
7,200.41,1742510863.278428
0,181.998,1742510863.3285654
1,168.858,1742510863.3285654
2,171.348,1742510863.3285654
3,172.21,1742510863.3285654
4,186.955,1742510863.3285654
5,173.056,1742510863.3285654
6,176.877,1742510863.3285654
7,177.003,1742510863.3285654
0,162.135,1742510863.3787012
1,168.858,1742510863.3787012
2,171.348,1742510863.3787012
3,172.21,1742510863.3787012
4,163.926,1742510863.3787012
5,173.056,1742510863.3787012
6,176.877,1742510863.3787012
7,177.003,1742510863.3787012
0,162.135,1742510863.4288378
1,144.078,1742510863.4288378
2,146.461,1742510863.4288378
3,144.643,1742510863.4288378
4,163.926,1742510863.4288378
5,152.614,1742510863.4288378
6,153.721,1742510863.4288378
7,149.652,1742510863.4288378
0,136.86,1742510863.4789748
1,144.078,1742510863.4789748
2,146.461,1742510863.4789748
3,144.643,1742510863.4789748
4,140.243,1742510863.4789748
5,152.614,1742510863.4789748
6,153.721,1742510863.4789748
7,149.652,1742510863.4789748
0,136.86,1742510863.5291119
1,118.384,1742510863.5291119
2,126.157,1742510863.5291119
3,120.501,1742510863.5291119
4,140.243,1742510863.5291119
5,123.458,1742510863.5291119
6,129.692,1742510863.5291119
7,126.667,1742510863.5291119
0,121.627,1742510863.5792875
1,118.384,1742510863.5792875
2,126.157,1742510863.5792875
3,120.501,1742510863.5792875
4,119.105,1742510863.5792875
5,123.458,1742510863.5792875
6,129.692,1742510863.5792875
7,126.667,1742510863.5792875
0,121.627,1742510863.6294286
1,117.809,1742510863.6294286
2,122.429,1742510863.6294286
3,119.396,1742510863.6294286
4,119.105,1742510863.6294286
5,121.953,1742510863.6294286
6,118.262,1742510863.6294286
7,126.25,1742510863.6294286
0,121.594,1742510863.679565
1,117.809,1742510863.679565
2,122.429,1742510863.679565
3,119.396,1742510863.679565
4,118.745,1742510863.679565
5,121.953,1742510863.679565
6,118.262,1742510863.679565
7,126.25,1742510863.679565
0,121.594,1742510863.7297146
1,117.815,1742510863.7297146
2,122.308,1742510863.7297146
3,119.428,1742510863.7297146
4,118.745,1742510863.7297146
5,121.902,1742510863.7297146
6,118.235,1742510863.7297146
7,126.235,1742510863.7297146
0,121.535,1742510863.7798545
1,117.815,1742510863.7798545
2,122.308,1742510863.7798545
3,119.428,1742510863.7798545
4,118.617,1742510863.7798545
5,121.902,1742510863.7798545
6,118.235,1742510863.7798545
7,126.235,1742510863.7798545
0,121.535,1742510863.8299925
1,117.72,1742510863.8299925
2,122.195,1742510863.8299925
3,119.401,1742510863.8299925
4,118.617,1742510863.8299925
5,121.798,1742510863.8299925
6,118.184,1742510863.8299925
7,126.237,1742510863.8299925
0,121.507,1742510863.8801713
1,117.72,1742510863.8801713
2,122.195,1742510863.8801713
3,119.401,1742510863.8801713
4,118.51,1742510863.8801713
5,121.798,1742510863.8801713
6,118.184,1742510863.8801713
7,126.237,1742510863.8801713
0,121.507,1742510863.930308
1,117.694,1742510863.930308
2,122.12,1742510863.930308
3,119.407,1742510863.930308
4,118.51,1742510863.930308
5,121.744,1742510863.930308
6,118.148,1742510863.930308
7,126.248,1742510863.930308
0,121.46,1742510863.9804473
1,117.694,1742510863.9804473
2,122.12,1742510863.9804473
3,119.407,1742510863.9804473
4,118.451,1742510863.9804473
5,121.744,1742510863.9804473
6,118.148,1742510863.9804473
7,126.248,1742510863.9804473
0,121.46,1742510864.0305839
1,117.716,1742510864.0305839
2,122.088,1742510864.0305839
3,119.414,1742510864.0305839
4,118.451,1742510864.0305839
5,121.687,1742510864.0305839
6,118.114,1742510864.0305839
7,126.257,1742510864.0305839
0,121.404,1742510864.0807204
1,117.716,1742510864.0807204
2,122.088,1742510864.0807204
3,119.414,1742510864.0807204
4,118.418,1742510864.0807204
5,121.687,1742510864.0807204
6,118.114,1742510864.0807204
7,126.257,1742510864.0807204
0,121.404,1742510864.1310933
1,117.601,1742510864.1310933
2,122.06,1742510864.1310933
3,119.38,1742510864.1310933
4,118.418,1742510864.1310933
5,121.669,1742510864.1310933
6,118.088,1742510864.1310933
7,126.284,1742510864.1310933
0,121.387,1742510864.1812184
1,117.601,1742510864.1812184
2,122.06,1742510864.1812184
3,119.38,1742510864.1812184
4,118.385,1742510864.1812184
5,121.669,1742510864.1812184
6,118.088,1742510864.1812184
7,126.284,1742510864.1812184
0,121.387,1742510864.2313554
1,117.71,1742510864.2313554
2,122.027,1742510864.2313554
3,119.358,1742510864.2313554
4,118.385,1742510864.2313554
5,121.646,1742510864.2313554
6,118.062,1742510864.2313554
7,126.261,1742510864.2313554
0,121.359,1742510864.2815294
1,117.71,1742510864.2815294
2,122.027,1742510864.2815294
3,119.358,1742510864.2815294
4,118.365,1742510864.2815294
5,121.646,1742510864.2815294
6,118.062,1742510864.2815294
7,126.261,1742510864.2815294
0,121.359,1742510864.3316655
1,117.552,1742510864.3316655
2,122.004,1742510864.3316655
3,119.337,1742510864.3316655
4,118.365,1742510864.3316655
5,121.633,1742510864.3316655
6,118.015,1742510864.3316655
7,126.228,1742510864.3316655
0,121.337,1742510864.381792
1,117.552,1742510864.381792
2,122.004,1742510864.381792
3,119.337,1742510864.381792
4,118.324,1742510864.381792
5,121.633,1742510864.381792
6,118.015,1742510864.381792
7,126.228,1742510864.381792
0,121.337,1742510864.4319263
1,117.675,1742510864.4319263
2,121.984,1742510864.4319263
3,119.33,1742510864.4319263
4,118.324,1742510864.4319263
5,121.646,1742510864.4319263
6,118.008,1742510864.4319263
7,126.215,1742510864.4319263
0,121.32,1742510864.4820614
1,117.675,1742510864.4820614
2,121.984,1742510864.4820614
3,119.33,1742510864.4820614
4,118.29,1742510864.4820614
5,121.646,1742510864.4820614
6,118.008,1742510864.4820614
7,126.215,1742510864.4820614
0,121.32,1742510864.5321863
1,117.558,1742510864.5321863
2,121.959,1742510864.5321863
3,119.317,1742510864.5321863
4,118.29,1742510864.5321863
5,121.606,1742510864.5321863
6,117.999,1742510864.5321863
7,126.188,1742510864.5321863
0,121.3,1742510864.582312
1,117.558,1742510864.582312
2,121.959,1742510864.582312
3,119.317,1742510864.582312
4,118.29,1742510864.582312
5,121.606,1742510864.582312
6,117.999,1742510864.582312
7,126.188,1742510864.582312
0,121.3,1742510864.6324499
1,117.611,1742510864.6324499
2,121.929,1742510864.6324499
3,119.302,1742510864.6324499
4,118.29,1742510864.6324499
5,121.606,1742510864.6324499
6,117.984,1742510864.6324499
7,126.132,1742510864.6324499
0,121.272,1742510864.6825833
1,117.611,1742510864.6825833
2,121.929,1742510864.6825833
3,119.302,1742510864.6825833
4,118.276,1742510864.6825833
5,121.606,1742510864.6825833
6,117.984,1742510864.6825833
7,126.132,1742510864.6825833
0,121.272,1742510864.7327244
1,117.577,1742510864.7327244
2,121.909,1742510864.7327244
3,119.282,1742510864.7327244
4,118.276,1742510864.7327244
5,121.572,1742510864.7327244
6,117.972,1742510864.7327244
7,126.111,1742510864.7327244
0,121.236,1742510864.7828622
1,117.577,1742510864.7828622
2,121.909,1742510864.7828622
3,119.282,1742510864.7828622
4,118.276,1742510864.7828622
5,121.572,1742510864.7828622
6,117.972,1742510864.7828622
7,126.111,1742510864.7828622
0,121.236,1742510864.832998
1,117.537,1742510864.832998
2,121.907,1742510864.832998
3,119.276,1742510864.832998
4,118.276,1742510864.832998
5,121.566,1742510864.832998
6,117.963,1742510864.832998
7,126.099,1742510864.832998
0,121.217,1742510864.883134
1,117.537,1742510864.883134
2,121.907,1742510864.883134
3,119.276,1742510864.883134
4,118.259,1742510864.883134
5,121.566,1742510864.883134
6,117.963,1742510864.883134
7,126.099,1742510864.883134
0,121.217,1742510864.9332907
1,117.588,1742510864.9332907
2,121.883,1742510864.9332907
3,119.253,1742510864.9332907
4,118.259,1742510864.9332907
5,121.533,1742510864.9332907
6,117.957,1742510864.9332907
7,126.064,1742510864.9332907
0,121.206,1742510864.9834163
1,117.588,1742510864.9834163
2,121.883,1742510864.9834163
3,119.253,1742510864.9834163
4,118.236,1742510864.9834163
5,121.533,1742510864.9834163
6,117.957,1742510864.9834163
7,126.064,1742510864.9834163
0,121.206,1742510865.0335574
1,117.455,1742510865.0335574
2,121.863,1742510865.0335574
3,119.233,1742510865.0335574
4,118.236,1742510865.0335574
5,121.535,1742510865.0335574
6,117.949,1742510865.0335574
7,126.051,1742510865.0335574
0,121.18,1742510865.0836957
1,117.455,1742510865.0836957
2,121.863,1742510865.0836957
3,119.233,1742510865.0836957
4,118.236,1742510865.0836957
5,121.535,1742510865.0836957
6,117.949,1742510865.0836957
7,126.051,1742510865.0836957
0,121.18,1742510865.1338928
1,117.571,1742510865.1338928
2,121.856,1742510865.1338928
3,119.252,1742510865.1338928
4,118.236,1742510865.1338928
5,121.501,1742510865.1338928
6,117.928,1742510865.1338928
7,126.016,1742510865.1338928
0,121.173,1742510865.1840181
1,117.571,1742510865.1840181
2,121.856,1742510865.1840181
3,119.252,1742510865.1840181
4,118.236,1742510865.1840181
5,121.501,1742510865.1840181
6,117.928,1742510865.1840181
7,126.016,1742510865.1840181
0,121.173,1742510865.2341545
1,117.415,1742510865.2341545
2,121.836,1742510865.2341545
3,119.232,1742510865.2341545
4,118.236,1742510865.2341545
5,121.495,1742510865.2341545
6,117.934,1742510865.2341545
7,125.995,1742510865.2341545
0,121.18,1742510865.2842965
1,117.415,1742510865.2842965
2,121.836,1742510865.2842965
3,119.232,1742510865.2842965
4,118.222,1742510865.2842965
5,121.495,1742510865.2842965
6,117.934,1742510865.2842965
7,125.995,1742510865.2842965
0,121.18,1742510865.33447
1,117.545,1742510865.33447
2,121.824,1742510865.33447
3,119.226,1742510865.33447
4,118.222,1742510865.33447
5,121.461,1742510865.33447
6,117.925,1742510865.33447
7,125.981,1742510865.33447
0,121.18,1742510865.3846111
1,117.545,1742510865.3846111
2,121.824,1742510865.3846111
3,119.226,1742510865.3846111
4,121.535,1742510865.3846111
5,121.461,1742510865.3846111
6,117.925,1742510865.3846111
7,125.981,1742510865.3846111
0,131.159,1742510865.4348001
1,133.258,1742510865.4348001
2,142.225,1742510865.4348001
3,133.049,1742510865.4348001
4,121.535,1742510865.4348001
5,138.845,1742510865.4348001
6,130.65,1742510865.4348001
7,150.4,1742510865.4348001
0,157.016,1742510865.4849393
1,133.258,1742510865.4849393
2,142.225,1742510865.4849393
3,133.049,1742510865.4849393
4,145.445,1742510865.4849393
5,138.845,1742510865.4849393
6,130.65,1742510865.4849393
7,150.4,1742510865.4849393
0,157.016,1742510865.5350783
1,159.707,1742510865.5350783
2,166.909,1742510865.5350783
3,158.294,1742510865.5350783
4,145.445,1742510865.5350783
5,164.712,1742510865.5350783
6,161.954,1742510865.5350783
7,177.34,1742510865.5350783
0,157.016,1742510865.5852346
1,159.707,1742510865.5852346
2,166.909,1742510865.5852346
3,158.294,1742510865.5852346
4,169.197,1742510865.5852346
5,164.712,1742510865.5852346
6,161.954,1742510865.5852346
7,177.34,1742510865.5852346
0,183.19,1742510865.6353796
1,185.285,1742510865.6353796
2,191.396,1742510865.6353796
3,183.642,1742510865.6353796
4,169.197,1742510865.6353796
5,190.01,1742510865.6353796
6,187.358,1742510865.6353796
7,203.18,1742510865.6353796
0,183.19,1742510865.6855066
1,185.285,1742510865.6855066
2,191.396,1742510865.6855066
3,183.642,1742510865.6855066
4,193.411,1742510865.6855066
5,190.01,1742510865.6855066
6,187.358,1742510865.6855066
7,203.18,1742510865.6855066
0,209.403,1742510865.7356482
1,218.043,1742510865.7356482
2,216.503,1742510865.7356482
3,208.636,1742510865.7356482
4,193.411,1742510865.7356482
5,220.962,1742510865.7356482
6,212.252,1742510865.7356482
7,226.658,1742510865.7356482
0,209.403,1742510865.7858276
1,218.043,1742510865.7858276
2,216.503,1742510865.7858276
3,208.636,1742510865.7858276
4,218.165,1742510865.7858276
5,220.962,1742510865.7858276
6,212.252,1742510865.7858276
7,226.658,1742510865.7858276
0,235.299,1742510865.8359523
1,242.579,1742510865.8359523
2,242.068,1742510865.8359523
3,233.555,1742510865.8359523
4,218.165,1742510865.8359523
5,246.769,1742510865.8359523
6,237.644,1742510865.8359523
7,253.977,1742510865.8359523
0,253.377,1742510865.886077
1,242.579,1742510865.886077
2,242.068,1742510865.886077
3,233.555,1742510865.886077
4,238.827,1742510865.886077
5,246.769,1742510865.886077
6,237.644,1742510865.886077
7,253.977,1742510865.886077
0,253.377,1742510865.9362135
1,244.214,1742510865.9362135
2,245.138,1742510865.9362135
3,244.324,1742510865.9362135
4,238.827,1742510865.9362135
5,247.905,1742510865.9362135
6,239.107,1742510865.9362135
7,255.558,1742510865.9362135
0,253.465,1742510865.986354
1,244.214,1742510865.986354
2,245.138,1742510865.986354
3,244.324,1742510865.986354
4,238.93,1742510865.986354
5,247.905,1742510865.986354
6,239.107,1742510865.986354
7,255.558,1742510865.986354
0,253.465,1742510866.036492
1,244.343,1742510866.036492
2,245.263,1742510866.036492
3,244.056,1742510866.036492
4,238.93,1742510866.036492
5,247.967,1742510866.036492
6,241.526,1742510866.036492
7,255.643,1742510866.036492
0,253.547,1742510866.086618
1,244.343,1742510866.086618
2,245.263,1742510866.086618
3,244.056,1742510866.086618
4,239.306,1742510866.086618
5,247.967,1742510866.086618
6,241.526,1742510866.086618
7,255.643,1742510866.086618
0,253.547,1742510866.1367738
1,244.306,1742510866.1367738
2,245.364,1742510866.1367738
3,241.848,1742510866.1367738
4,239.306,1742510866.1367738
5,248.062,1742510866.1367738
6,241.636,1742510866.1367738
7,255.669,1742510866.1367738
0,253.547,1742510866.1868992
1,244.306,1742510866.1868992
2,245.364,1742510866.1868992
3,241.848,1742510866.1868992
4,236.99,1742510866.1868992
5,248.062,1742510866.1868992
6,241.636,1742510866.1868992
7,255.669,1742510866.1868992
0,253.574,1742510866.2370408
1,244.476,1742510866.2370408
2,245.401,1742510866.2370408
3,241.85,1742510866.2370408
4,236.99,1742510866.2370408
5,248.101,1742510866.2370408
6,241.697,1742510866.2370408
7,255.746,1742510866.2370408
0,253.574,1742510866.2871761
1,244.476,1742510866.2871761
2,245.401,1742510866.2871761
3,241.85,1742510866.2871761
4,237.033,1742510866.2871761
5,248.101,1742510866.2871761
6,241.697,1742510866.2871761
7,255.746,1742510866.2871761
0,251.044,1742510866.3373127
1,244.339,1742510866.3373127
2,243.031,1742510866.3373127
3,244.32,1742510866.3373127
4,237.033,1742510866.3373127
5,248.076,1742510866.3373127
6,241.715,1742510866.3373127
7,255.78,1742510866.3373127
0,251.044,1742510866.3874483
1,244.339,1742510866.3874483
2,243.031,1742510866.3874483
3,244.32,1742510866.3874483
4,236.321,1742510866.3874483
5,248.076,1742510866.3874483
6,241.715,1742510866.3874483
7,255.78,1742510866.3874483
0,243.427,1742510866.4375849
1,221.607,1742510866.4375849
2,229.626,1742510866.4375849
3,233.585,1742510866.4375849
4,236.321,1742510866.4375849
5,224.893,1742510866.4375849
6,226.847,1742510866.4375849
7,231.376,1742510866.4375849
0,243.427,1742510866.4877207
1,221.607,1742510866.4877207
2,229.626,1742510866.4877207
3,233.585,1742510866.4877207
4,213.785,1742510866.4877207
5,224.893,1742510866.4877207
6,226.847,1742510866.4877207
7,231.376,1742510866.4877207
0,217.062,1742510866.5378563
1,195.038,1742510866.5378563
2,205.421,1742510866.5378563
3,209.059,1742510866.5378563
4,213.785,1742510866.5378563
5,203.293,1742510866.5378563
6,202.816,1742510866.5378563
7,210.165,1742510866.5378563
0,217.062,1742510866.5879908
1,195.038,1742510866.5879908
2,205.421,1742510866.5879908
3,209.059,1742510866.5879908
4,190.541,1742510866.5879908
5,203.293,1742510866.5879908
6,202.816,1742510866.5879908
7,210.165,1742510866.5879908
0,193.89,1742510866.638117
1,169.831,1742510866.638117
2,181.4,1742510866.638117
3,183.734,1742510866.638117
4,190.541,1742510866.638117
5,178.5,1742510866.638117
6,177.942,1742510866.638117
7,184.114,1742510866.638117
0,193.89,1742510866.688283
1,169.831,1742510866.688283
2,181.4,1742510866.688283
3,183.734,1742510866.688283
4,164.273,1742510866.688283
5,178.5,1742510866.688283
6,177.942,1742510866.688283
7,184.114,1742510866.688283
0,163.679,1742510866.738408
1,148.955,1742510866.738408
2,156.845,1742510866.738408
3,159.508,1742510866.738408
4,164.273,1742510866.738408
5,153.446,1742510866.738408
6,153.422,1742510866.738408
7,153.175,1742510866.738408
0,163.679,1742510866.788543
1,148.955,1742510866.788543
2,156.845,1742510866.788543
3,159.508,1742510866.788543
4,143.029,1742510866.788543
5,153.446,1742510866.788543
6,153.422,1742510866.788543
7,153.175,1742510866.788543
0,130.833,1742510866.8386805
1,124.626,1742510866.8386805
2,125.232,1742510866.8386805
3,135.293,1742510866.8386805
4,143.029,1742510866.8386805
5,126.918,1742510866.8386805
6,128.539,1742510866.8386805
7,127.871,1742510866.8386805
0,130.833,1742510866.8888197
1,124.626,1742510866.8888197
2,125.232,1742510866.8888197
3,135.293,1742510866.8888197
4,119.626,1742510866.8888197
5,126.918,1742510866.8888197
6,128.539,1742510866.8888197
7,127.871,1742510866.8888197
0,121.436,1742510866.9389565
1,117.754,1742510866.9389565
2,122.171,1742510866.9389565
3,119.259,1742510866.9389565
4,119.626,1742510866.9389565
5,121.772,1742510866.9389565
6,118.207,1742510866.9389565
7,126.315,1742510866.9389565
0,121.436,1742510866.9890866
1,117.754,1742510866.9890866
2,122.171,1742510866.9890866
3,119.259,1742510866.9890866
4,118.535,1742510866.9890866
5,121.772,1742510866.9890866
6,118.207,1742510866.9890866
7,126.315,1742510866.9890866
0,121.34,1742510867.03921
1,117.596,1742510867.03921
2,122.037,1742510867.03921
3,119.278,1742510867.03921
4,118.535,1742510867.03921
5,121.677,1742510867.03921
6,118.14,1742510867.03921
7,126.262,1742510867.03921
0,121.34,1742510867.089336
1,117.596,1742510867.089336
2,122.037,1742510867.089336
3,119.278,1742510867.089336
4,118.402,1742510867.089336
5,121.677,1742510867.089336
6,118.14,1742510867.089336
7,126.262,1742510867.089336
0,121.262,1742510867.1394708
1,117.668,1742510867.1394708
2,121.916,1742510867.1394708
3,119.28,1742510867.1394708
4,118.402,1742510867.1394708
5,121.617,1742510867.1394708
6,118.067,1742510867.1394708
7,126.249,1742510867.1394708
0,121.262,1742510867.1895971
1,117.668,1742510867.1895971
2,121.916,1742510867.1895971
3,119.28,1742510867.1895971
4,118.341,1742510867.1895971
5,121.617,1742510867.1895971
6,118.067,1742510867.1895971
7,126.249,1742510867.1895971
0,121.216,1742510867.2397218
1,117.491,1742510867.2397218
2,121.875,1742510867.2397218
3,119.294,1742510867.2397218
4,118.341,1742510867.2397218
5,121.537,1742510867.2397218
6,118.026,1742510867.2397218
7,126.19,1742510867.2397218
0,121.216,1742510867.2898457
1,117.491,1742510867.2898457
2,121.875,1742510867.2898457
3,119.294,1742510867.2898457
4,118.314,1742510867.2898457
5,121.537,1742510867.2898457
6,118.026,1742510867.2898457
7,126.19,1742510867.2898457
0,121.173,1742510867.3400233
1,117.593,1742510867.3400233
2,121.836,1742510867.3400233
3,119.253,1742510867.3400233
4,118.314,1742510867.3400233
5,121.502,1742510867.3400233
6,118.006,1742510867.3400233
7,126.143,1742510867.3400233
0,121.173,1742510867.3901258
1,117.593,1742510867.3901258
2,121.836,1742510867.3901258
3,119.253,1742510867.3901258
4,118.26,1742510867.3901258
5,121.502,1742510867.3901258
6,118.006,1742510867.3901258
7,126.143,1742510867.3901258
0,121.146,1742510867.4402628
1,117.453,1742510867.4402628
2,121.764,1742510867.4402628
3,119.225,1742510867.4402628
4,118.26,1742510867.4402628
5,121.468,1742510867.4402628
6,118.01,1742510867.4402628
7,126.076,1742510867.4402628
0,121.146,1742510867.4904387
1,117.453,1742510867.4904387
2,121.764,1742510867.4904387
3,119.225,1742510867.4904387
4,118.226,1742510867.4904387
5,121.468,1742510867.4904387
6,118.01,1742510867.4904387
7,126.076,1742510867.4904387
0,121.127,1742510867.5405617
1,117.548,1742510867.5405617
2,121.738,1742510867.5405617
3,119.205,1742510867.5405617
4,118.226,1742510867.5405617
5,121.449,1742510867.5405617
6,117.992,1742510867.5405617
7,126.027,1742510867.5405617
0,121.127,1742510867.5906973
1,117.548,1742510867.5906973
2,121.738,1742510867.5906973
3,119.205,1742510867.5906973
4,118.179,1742510867.5906973
5,121.449,1742510867.5906973
6,117.992,1742510867.5906973
7,126.027,1742510867.5906973
0,121.094,1742510867.640832
1,117.492,1742510867.640832
2,121.704,1742510867.640832
3,119.184,1742510867.640832
4,118.179,1742510867.640832
5,121.393,1742510867.640832
6,117.947,1742510867.640832
7,125.974,1742510867.640832
0,121.094,1742510867.6909676
1,117.492,1742510867.6909676
2,121.704,1742510867.6909676
3,119.184,1742510867.6909676
4,118.158,1742510867.6909676
5,121.393,1742510867.6909676
6,117.947,1742510867.6909676
7,125.974,1742510867.6909676
0,121.05,1742510867.741104
1,117.48,1742510867.741104
2,121.678,1742510867.741104
3,119.162,1742510867.741104
4,118.158,1742510867.741104
5,121.359,1742510867.741104
6,117.913,1742510867.741104
7,125.956,1742510867.741104
0,121.05,1742510867.7912397
1,117.48,1742510867.7912397
2,121.678,1742510867.7912397
3,119.162,1742510867.7912397
4,118.131,1742510867.7912397
5,121.359,1742510867.7912397
6,117.913,1742510867.7912397
7,125.956,1742510867.7912397
0,121.04,1742510867.841419
1,117.473,1742510867.841419
2,121.668,1742510867.841419
3,119.156,1742510867.841419
4,118.131,1742510867.841419
5,121.359,1742510867.841419
6,117.864,1742510867.841419
7,125.936,1742510867.841419
0,121.04,1742510867.8915572
1,117.473,1742510867.8915572
2,121.668,1742510867.8915572
3,119.156,1742510867.8915572
4,118.118,1742510867.8915572
5,121.359,1742510867.8915572
6,117.864,1742510867.8915572
7,125.936,1742510867.8915572
0,121.018,1742510867.9417045
1,117.381,1742510867.9417045
2,121.671,1742510867.9417045
3,119.154,1742510867.9417045
4,118.118,1742510867.9417045
5,121.344,1742510867.9417045
6,117.842,1742510867.9417045
7,125.927,1742510867.9417045
0,121.018,1742510867.9918382
1,117.381,1742510867.9918382
2,121.671,1742510867.9918382
3,119.154,1742510867.9918382
4,118.086,1742510867.9918382
5,121.344,1742510867.9918382
6,117.842,1742510867.9918382
7,125.927,1742510867.9918382
0,120.996,1742510868.0419686
1,117.493,1742510868.0419686
2,121.625,1742510868.0419686
3,119.128,1742510868.0419686
4,118.086,1742510868.0419686
5,121.344,1742510868.0419686
6,117.849,1742510868.0419686
7,125.893,1742510868.0419686
0,120.996,1742510868.0921347
1,117.493,1742510868.0921347
2,121.625,1742510868.0921347
3,119.128,1742510868.0921347
4,118.046,1742510868.0921347
5,121.344,1742510868.0921347
6,117.849,1742510868.0921347
7,125.893,1742510868.0921347
0,120.988,1742510868.1422708
1,117.359,1742510868.1422708
2,121.592,1742510868.1422708
3,119.108,1742510868.1422708
4,118.046,1742510868.1422708
5,121.313,1742510868.1422708
6,117.851,1742510868.1422708
7,125.844,1742510868.1422708
0,120.988,1742510868.1924112
1,117.359,1742510868.1924112
2,121.592,1742510868.1924112
3,119.108,1742510868.1924112
4,118.039,1742510868.1924112
5,121.313,1742510868.1924112
6,117.851,1742510868.1924112
7,125.844,1742510868.1924112
0,123.129,1742510868.2425523
1,123.44,1742510868.2425523
2,130.51,1742510868.2425523
3,122.578,1742510868.2425523
4,118.039,1742510868.2425523
5,128.407,1742510868.2425523
6,126.588,1742510868.2425523
7,136.062,1742510868.2425523
0,123.129,1742510868.2926927
1,123.44,1742510868.2926927
2,130.51,1742510868.2926927
3,122.578,1742510868.2926927
4,135.696,1742510868.2926927
5,128.407,1742510868.2926927
6,126.588,1742510868.2926927
7,136.062,1742510868.2926927
0,147.549,1742510868.3428347
1,153.651,1742510868.3428347
2,155.015,1742510868.3428347
3,147.987,1742510868.3428347
4,135.696,1742510868.3428347
5,152.954,1742510868.3428347
6,150.777,1742510868.3428347
7,162.627,1742510868.3428347
0,147.549,1742510868.39302
1,153.651,1742510868.39302
2,155.015,1742510868.39302
3,147.987,1742510868.39302
4,158.997,1742510868.39302
5,152.954,1742510868.39302
6,150.777,1742510868.39302
7,162.627,1742510868.39302
0,171.4,1742510868.4431965
1,179.285,1742510868.4431965
2,180.381,1742510868.4431965
3,172.713,1742510868.4431965
4,158.997,1742510868.4431965
5,179.168,1742510868.4431965
6,175.982,1742510868.4431965
7,188.778,1742510868.4431965
0,171.4,1742510868.4933705
1,179.285,1742510868.4933705
2,180.381,1742510868.4933705
3,172.713,1742510868.4933705
4,182.885,1742510868.4933705
5,179.168,1742510868.4933705
6,175.982,1742510868.4933705
7,188.778,1742510868.4933705
0,197.41,1742510868.5435066
1,205.045,1742510868.5435066
2,205.238,1742510868.5435066
3,196.004,1742510868.5435066
4,182.885,1742510868.5435066
5,205.782,1742510868.5435066
6,200.79,1742510868.5435066
7,214.632,1742510868.5435066
0,197.41,1742510868.593643
1,205.045,1742510868.593643
2,205.238,1742510868.593643
3,196.004,1742510868.593643
4,206.39,1742510868.593643
5,205.782,1742510868.593643
6,200.79,1742510868.593643
7,214.632,1742510868.593643
0,222.242,1742510868.643784
1,230.246,1742510868.643784
2,230.64,1742510868.643784
3,220.011,1742510868.643784
4,206.39,1742510868.643784
5,231.572,1742510868.643784
6,224.97,1742510868.643784
7,241.061,1742510868.643784
0,222.242,1742510868.6940463
1,230.246,1742510868.6940463
2,230.64,1742510868.6940463
3,220.011,1742510868.6940463
4,230.021,1742510868.6940463
5,231.572,1742510868.6940463
6,224.97,1742510868.6940463
7,241.061,1742510868.6940463
0,247.462,1742510868.744172
1,255.536,1742510868.744172
2,254.816,1742510868.744172
3,244.63,1742510868.744172
4,230.021,1742510868.744172
5,257.984,1742510868.744172
6,249.097,1742510868.744172
7,267.007,1742510868.744172
0,247.462,1742510868.7942963
1,255.536,1742510868.7942963
2,254.816,1742510868.7942963
3,244.63,1742510868.7942963
4,254.8,1742510868.7942963
5,257.984,1742510868.7942963
6,249.097,1742510868.7942963
7,267.007,1742510868.7942963
0,272.527,1742510868.8444226
1,281.566,1742510868.8444226
2,279.431,1742510868.8444226
3,269.534,1742510868.8444226
4,254.8,1742510868.8444226
5,285.09,1742510868.8444226
6,273.628,1742510868.8444226
7,293.5,1742510868.8444226
0,272.527,1742510868.8945472
1,281.566,1742510868.8945472
2,279.431,1742510868.8945472
3,269.534,1742510868.8945472
4,278.885,1742510868.8945472
5,285.09,1742510868.8945472
6,273.628,1742510868.8945472
7,293.5,1742510868.8945472
0,293.502,1742510868.9446714
1,307.572,1742510868.9446714
2,303.671,1742510868.9446714
3,294.559,1742510868.9446714
4,278.885,1742510868.9446714
5,312.534,1742510868.9446714
6,299.38,1742510868.9446714
7,319.931,1742510868.9446714
0,293.502,1742510868.9948092
1,307.572,1742510868.9948092
2,303.671,1742510868.9948092
3,294.559,1742510868.9948092
4,304.284,1742510868.9948092
5,312.534,1742510868.9948092
6,299.38,1742510868.9948092
7,319.931,1742510868.9948092
0,318.826,1742510869.044951
1,334.03,1742510869.044951
2,324.371,1742510869.044951
3,319.407,1742510869.044951
4,304.284,1742510869.044951
5,338.71,1742510869.044951
6,324.801,1742510869.044951
7,319.931,1742510869.044951
0,318.826,1742510869.0950794
1,334.03,1742510869.0950794
2,324.371,1742510869.0950794
3,319.407,1742510869.0950794
4,327.953,1742510869.0950794
5,338.71,1742510869.0950794
6,324.801,1742510869.0950794
7,347.264,1742510869.0950794
0,343.391,1742510869.1452444
1,334.03,1742510869.1452444
2,352.782,1742510869.1452444
3,352.495,1742510869.1452444
4,327.953,1742510869.1452444
5,359.231,1742510869.1452444
6,344.778,1742510869.1452444
7,347.264,1742510869.1452444
0,343.391,1742510869.195411
1,359.152,1742510869.195411
2,352.782,1742510869.195411
3,352.495,1742510869.195411
4,351.681,1742510869.195411
5,359.231,1742510869.195411
6,344.778,1742510869.195411
7,374.038,1742510869.195411
0,368.248,1742510869.2455463
1,359.152,1742510869.2455463
2,352.782,1742510869.2455463
3,369.926,1742510869.2455463
4,351.681,1742510869.2455463
5,382.046,1742510869.2455463
6,365.521,1742510869.2455463
7,374.038,1742510869.2455463
0,368.248,1742510869.2957628
1,374.693,1742510869.2957628
2,368.448,1742510869.2957628
3,369.926,1742510869.2957628
4,359.658,1742510869.2957628
5,382.046,1742510869.2957628
6,365.521,1742510869.2957628
7,389.129,1742510869.2957628
0,370.523,1742510869.3458874
1,374.693,1742510869.3458874
2,368.448,1742510869.3458874
3,369.814,1742510869.3458874
4,359.658,1742510869.3458874
5,384.776,1742510869.3458874
6,366.314,1742510869.3458874
7,389.129,1742510869.3458874
0,370.523,1742510869.3960564
1,373.321,1742510869.3960564
2,367.753,1742510869.3960564
3,369.814,1742510869.3960564
4,360.16,1742510869.3960564
5,384.776,1742510869.3960564
6,366.314,1742510869.3960564
7,390.089,1742510869.3960564
0,370.894,1742510869.4461968
1,373.321,1742510869.4461968
2,367.753,1742510869.4461968
3,370.158,1742510869.4461968
4,360.16,1742510869.4461968
5,383.825,1742510869.4461968
6,365.976,1742510869.4461968
7,390.089,1742510869.4461968
0,370.894,1742510869.4963348
1,372.778,1742510869.4963348
2,366.993,1742510869.4963348
3,370.158,1742510869.4963348
4,359.568,1742510869.4963348
5,383.825,1742510869.4963348
6,365.976,1742510869.4963348
7,390.261,1742510869.4963348
0,370.116,1742510869.5464609
1,372.778,1742510869.5464609
2,366.993,1742510869.5464609
3,370.634,1742510869.5464609
4,359.568,1742510869.5464609
5,383.825,1742510869.5464609
6,366.402,1742510869.5464609
7,390.261,1742510869.5464609
0,370.116,1742510869.5965984
1,372.261,1742510869.5965984
2,367.029,1742510869.5965984
3,370.634,1742510869.5965984
4,361.927,1742510869.5965984
5,384.635,1742510869.5965984
6,366.402,1742510869.5965984
7,390.376,1742510869.5965984
0,371.257,1742510869.6467395
1,372.261,1742510869.6467395
2,367.029,1742510869.6467395
3,372.874,1742510869.6467395
4,361.927,1742510869.6467395
5,384.635,1742510869.6467395
6,367.286,1742510869.6467395
7,390.376,1742510869.6467395
0,371.257,1742510869.6968653
1,372.877,1742510869.6968653
2,367.565,1742510869.6968653
3,372.874,1742510869.6968653
4,364.545,1742510869.6968653
5,386.505,1742510869.6968653
6,367.286,1742510869.6968653
7,390.269,1742510869.6968653
0,370.889,1742510869.746992
1,372.877,1742510869.746992
2,367.565,1742510869.746992
3,372.016,1742510869.746992
4,364.545,1742510869.746992
5,386.505,1742510869.746992
6,367.38,1742510869.746992
7,390.269,1742510869.746992
0,370.889,1742510869.7971168
1,371.765,1742510869.7971168
2,367.634,1742510869.7971168
3,372.016,1742510869.7971168
4,362.553,1742510869.7971168
5,385.918,1742510869.7971168
6,367.38,1742510869.7971168
7,391.153,1742510869.7971168
0,371.581,1742510869.8472538
1,371.765,1742510869.8472538
2,367.634,1742510869.8472538
3,372.019,1742510869.8472538
4,362.553,1742510869.8472538
5,385.918,1742510869.8472538
6,367.881,1742510869.8472538
7,391.153,1742510869.8472538
0,371.581,1742510869.8973877
1,371.556,1742510869.8973877
2,367.906,1742510869.8973877
3,372.019,1742510869.8973877
4,364.483,1742510869.8973877
5,384.81,1742510869.8973877
6,367.881,1742510869.8973877
7,390.136,1742510869.8973877
0,370.73,1742510869.947525
1,371.556,1742510869.947525
2,367.906,1742510869.947525
3,370.84,1742510869.947525
4,364.483,1742510869.947525
5,384.81,1742510869.947525
6,367.014,1742510869.947525
7,390.136,1742510869.947525
0,370.73,1742510869.9976535
1,371.375,1742510869.9976535
2,367.066,1742510869.9976535
3,370.84,1742510869.9976535
4,364.455,1742510869.9976535
5,383.839,1742510869.9976535
6,367.014,1742510869.9976535
7,388.392,1742510869.9976535
0,369.857,1742510870.0478058
1,371.375,1742510870.0478058
2,367.066,1742510870.0478058
3,370.177,1742510870.0478058
4,364.455,1742510870.0478058
5,383.839,1742510870.0478058
6,367.313,1742510870.0478058
7,388.392,1742510870.0478058
0,369.857,1742510870.0980139
1,368.665,1742510870.0980139
2,368.243,1742510870.0980139
3,370.177,1742510870.0980139
4,366.812,1742510870.0980139
5,384.803,1742510870.0980139
6,367.313,1742510870.0980139
7,386.682,1742510870.0980139
0,370.345,1742510870.1481497
1,368.665,1742510870.1481497
2,368.243,1742510870.1481497
3,369.888,1742510870.1481497
4,366.812,1742510870.1481497
5,384.803,1742510870.1481497
6,366.701,1742510870.1481497
7,386.682,1742510870.1481497
0,370.345,1742510870.1982906
1,368.13,1742510870.1982906
2,368.553,1742510870.1982906
3,369.888,1742510870.1982906
4,368.273,1742510870.1982906
5,385.492,1742510870.1982906
6,366.701,1742510870.1982906
7,386.817,1742510870.1982906
0,370.134,1742510870.248421
1,368.13,1742510870.248421
2,368.553,1742510870.248421
3,369.477,1742510870.248421
4,368.273,1742510870.248421
5,385.492,1742510870.248421
6,366.717,1742510870.248421
7,386.817,1742510870.248421
0,370.134,1742510870.2985578
1,366.807,1742510870.2985578
2,368.906,1742510870.2985578
3,369.477,1742510870.2985578
4,368.275,1742510870.2985578
5,385.203,1742510870.2985578
6,366.717,1742510870.2985578
7,386.345,1742510870.2985578
0,370.93,1742510870.3486943
1,366.807,1742510870.3486943
2,368.906,1742510870.3486943
3,371.563,1742510870.3486943
4,368.275,1742510870.3486943
5,385.203,1742510870.3486943
6,367.266,1742510870.3486943
7,386.345,1742510870.3486943
0,370.93,1742510870.3988292
1,367.296,1742510870.3988292
2,369.283,1742510870.3988292
3,371.563,1742510870.3988292
4,370.14,1742510870.3988292
5,383.813,1742510870.3988292
6,367.266,1742510870.3988292
7,383.727,1742510870.3988292
0,371.263,1742510870.4489667
1,367.296,1742510870.4489667
2,369.283,1742510870.4489667
3,372.436,1742510870.4489667
4,370.14,1742510870.4489667
5,383.813,1742510870.4489667
6,369.348,1742510870.4489667
7,383.727,1742510870.4489667
0,371.263,1742510870.499094
1,365.693,1742510870.499094
2,368.933,1742510870.499094
3,372.436,1742510870.499094
4,371.304,1742510870.499094
5,382.875,1742510870.499094
6,369.348,1742510870.499094
7,383.702,1742510870.499094
0,370.606,1742510870.54925
1,365.693,1742510870.54925
2,368.933,1742510870.54925
3,373.761,1742510870.54925
4,371.304,1742510870.54925
5,382.875,1742510870.54925
6,369.348,1742510870.54925
7,383.702,1742510870.54925
0,370.606,1742510870.5993745
1,365.776,1742510870.5993745
2,368.776,1742510870.5993745
3,373.761,1742510870.5993745
4,370.914,1742510870.5993745
5,383.011,1742510870.5993745
6,369.956,1742510870.5993745
7,384.213,1742510870.5993745
0,371.396,1742510870.6495006
1,365.776,1742510870.6495006
2,368.776,1742510870.6495006
3,373.761,1742510870.6495006
4,370.914,1742510870.6495006
5,383.011,1742510870.6495006
6,369.956,1742510870.6495006
7,384.213,1742510870.6495006
0,371.396,1742510870.699625
1,366.3,1742510870.699625
2,368.051,1742510870.699625
3,374.276,1742510870.699625
4,371.17,1742510870.699625
5,381.632,1742510870.699625
6,369.935,1742510870.699625
7,383.668,1742510870.699625
0,368.477,1742510870.7497509
1,366.3,1742510870.7497509
2,368.051,1742510870.7497509
3,365.757,1742510870.7497509
4,371.17,1742510870.7497509
5,381.632,1742510870.7497509
6,361.353,1742510870.7497509
7,383.668,1742510870.7497509
0,368.477,1742510870.799873
1,352.495,1742510870.799873
2,357.495,1742510870.799873
3,365.757,1742510870.799873
4,351.5,1742510870.799873
5,367.097,1742510870.799873
6,361.353,1742510870.799873
7,369.013,1742510870.799873
0,344.029,1742510870.8500092
1,352.495,1742510870.8500092
2,357.495,1742510870.8500092
3,340.798,1742510870.8500092
4,351.5,1742510870.8500092
5,367.097,1742510870.8500092
6,336.592,1742510870.8500092
7,369.013,1742510870.8500092
0,344.029,1742510870.9001446
1,327.984,1742510870.9001446
2,333.301,1742510870.9001446
3,340.798,1742510870.9001446
4,327.339,1742510870.9001446
5,341.622,1742510870.9001446
6,336.592,1742510870.9001446
7,343.922,1742510870.9001446
0,320.493,1742510870.9502804
1,327.984,1742510870.9502804
2,333.301,1742510870.9502804
3,316.516,1742510870.9502804
4,327.339,1742510870.9502804
5,341.622,1742510870.9502804
6,336.592,1742510870.9502804
7,343.922,1742510870.9502804
0,320.493,1742510871.0004165
1,303.457,1742510871.0004165
2,309.449,1742510871.0004165
3,316.516,1742510871.0004165
4,299.141,1742510871.0004165
5,314.087,1742510871.0004165
6,312.341,1742510871.0004165
7,316.795,1742510871.0004165
0,295.794,1742510871.0505533
1,303.457,1742510871.0505533
2,309.449,1742510871.0505533
3,291.498,1742510871.0505533
4,299.141,1742510871.0505533
5,314.087,1742510871.0505533
6,288.407,1742510871.0505533
7,316.795,1742510871.0505533
0,295.794,1742510871.1006768
1,276.741,1742510871.1006768
2,277.289,1742510871.1006768
3,291.498,1742510871.1006768
4,277.086,1742510871.1006768
5,289.775,1742510871.1006768
6,288.407,1742510871.1006768
7,294.03,1742510871.1006768
0,271.558,1742510871.1508152
1,276.741,1742510871.1508152
2,277.289,1742510871.1508152
3,266.146,1742510871.1508152
4,277.086,1742510871.1508152
5,289.775,1742510871.1508152
6,262.577,1742510871.1508152
7,294.03,1742510871.1508152
0,271.558,1742510871.2009542
1,255.3,1742510871.2009542
2,253.062,1742510871.2009542
3,266.146,1742510871.2009542
4,247.818,1742510871.2009542
5,261.104,1742510871.2009542
6,262.577,1742510871.2009542
7,265.516,1742510871.2009542
0,245.559,1742510871.2510881
1,255.3,1742510871.2510881
2,253.062,1742510871.2510881
3,266.146,1742510871.2510881
4,247.818,1742510871.2510881
5,261.104,1742510871.2510881
6,239.24,1742510871.2510881
7,265.516,1742510871.2510881
0,245.559,1742510871.3012247
1,231.328,1742510871.3012247
2,228.643,1742510871.3012247
3,243.599,1742510871.3012247
4,228.28,1742510871.3012247
5,238.812,1742510871.3012247
6,239.24,1742510871.3012247
7,239.692,1742510871.3012247
0,220.117,1742510871.3513613
1,231.328,1742510871.3513613
2,228.643,1742510871.3513613
3,243.599,1742510871.3513613
4,228.28,1742510871.3513613
5,238.812,1742510871.3513613
6,213.965,1742510871.3513613
7,239.692,1742510871.3513613
0,220.117,1742510871.4014902
1,206.857,1742510871.4014902
2,204.28,1742510871.4014902
3,217.626,1742510871.4014902
4,202.866,1742510871.4014902
5,209.802,1742510871.4014902
6,213.965,1742510871.4014902
7,218.074,1742510871.4014902
0,197.343,1742510871.451625
1,206.857,1742510871.451625
2,204.28,1742510871.451625
3,217.626,1742510871.451625
4,202.866,1742510871.451625
5,209.802,1742510871.451625
6,188.302,1742510871.451625
7,218.074,1742510871.451625
0,197.343,1742510871.501751
1,178.843,1742510871.501751
2,185.429,1742510871.501751
3,191.204,1742510871.501751
4,177.495,1742510871.501751
5,189.12,1742510871.501751
6,188.302,1742510871.501751
7,193.113,1742510871.501751
0,169.691,1742510871.551876
1,178.843,1742510871.551876
2,185.429,1742510871.551876
3,191.204,1742510871.551876
4,177.495,1742510871.551876
5,189.12,1742510871.551876
6,188.302,1742510871.551876
7,193.113,1742510871.551876
0,169.691,1742510871.6020005
1,153.629,1742510871.6020005
2,160.716,1742510871.6020005
3,165.613,1742510871.6020005
4,152.662,1742510871.6020005
5,157.851,1742510871.6020005
6,162.824,1742510871.6020005
7,156.133,1742510871.6020005
0,147.584,1742510871.6521888
1,153.629,1742510871.6521888
2,160.716,1742510871.6521888
3,135.53,1742510871.6521888
4,152.662,1742510871.6521888
5,157.851,1742510871.6521888
6,162.824,1742510871.6521888
7,156.133,1742510871.6521888
0,147.584,1742510871.7023127
1,133.65,1742510871.7023127
2,136.622,1742510871.7023127
3,135.53,1742510871.7023127
4,128.293,1742510871.7023127
5,137.741,1742510871.7023127
6,138.18,1742510871.7023127
7,130.517,1742510871.7023127
0,122.872,1742510871.752452
1,133.65,1742510871.752452
2,136.622,1742510871.752452
3,135.53,1742510871.752452
4,128.293,1742510871.752452
5,137.741,1742510871.752452
6,138.18,1742510871.752452
7,130.517,1742510871.752452
0,122.872,1742510871.8025882
1,118.06,1742510871.8025882
2,122.886,1742510871.8025882
3,119.617,1742510871.8025882
4,118.915,1742510871.8025882
5,122.06,1742510871.8025882
6,118.407,1742510871.8025882
7,126.372,1742510871.8025882
0,121.701,1742510871.852724
1,118.06,1742510871.852724
2,122.886,1742510871.852724
3,119.617,1742510871.852724
4,118.915,1742510871.852724
5,122.06,1742510871.852724
6,118.407,1742510871.852724
7,126.372,1742510871.852724
0,121.701,1742510871.9028592
1,117.926,1742510871.9028592
2,122.739,1742510871.9028592
3,119.576,1742510871.9028592
4,118.68,1742510871.9028592
5,122.064,1742510871.9028592
6,118.358,1742510871.9028592
7,126.31,1742510871.9028592
0,121.559,1742510871.9529958
1,117.926,1742510871.9529958
2,122.739,1742510871.9529958
3,119.576,1742510871.9529958
4,118.68,1742510871.9529958
5,122.064,1742510871.9529958
6,118.358,1742510871.9529958
7,126.31,1742510871.9529958
0,121.559,1742510872.003132
1,117.774,1742510872.003132
2,122.65,1742510872.003132
3,119.561,1742510872.003132
4,118.558,1742510872.003132
5,121.934,1742510872.003132
6,118.319,1742510872.003132
7,126.276,1742510872.003132
0,121.52,1742510872.0532675
1,117.774,1742510872.0532675
2,122.65,1742510872.0532675
3,119.561,1742510872.0532675
4,118.558,1742510872.0532675
5,121.934,1742510872.0532675
6,118.319,1742510872.0532675
7,126.276,1742510872.0532675
0,121.52,1742510872.1034045
1,117.776,1742510872.1034045
2,122.531,1742510872.1034045
3,119.522,1742510872.1034045
4,118.484,1742510872.1034045
5,121.868,1742510872.1034045
6,118.259,1742510872.1034045
7,126.263,1742510872.1034045
0,121.463,1742510872.1535404
1,117.776,1742510872.1535404
2,122.531,1742510872.1535404
3,119.522,1742510872.1535404
4,118.484,1742510872.1535404
5,121.868,1742510872.1535404
6,118.259,1742510872.1535404
7,126.263,1742510872.1535404
0,121.463,1742510872.2036648
1,117.66,1742510872.2036648
2,122.398,1742510872.2036648
3,119.462,1742510872.2036648
4,118.416,1742510872.2036648
5,121.795,1742510872.2036648
6,118.205,1742510872.2036648
7,126.266,1742510872.2036648
0,121.409,1742510872.2538323
1,117.66,1742510872.2538323
2,122.398,1742510872.2538323
3,119.462,1742510872.2538323
4,118.416,1742510872.2538323
5,121.795,1742510872.2538323
6,118.205,1742510872.2538323
7,126.266,1742510872.2538323
0,121.409,1742510872.3039563
1,117.715,1742510872.3039563
2,122.308,1742510872.3039563
3,119.427,1742510872.3039563
4,118.362,1742510872.3039563
5,121.728,1742510872.3039563
6,118.158,1742510872.3039563
7,126.252,1742510872.3039563
0,121.354,1742510872.354091
1,117.715,1742510872.354091
2,122.308,1742510872.354091
3,119.427,1742510872.354091
4,118.362,1742510872.354091
5,121.728,1742510872.354091
6,118.158,1742510872.354091
7,126.252,1742510872.354091
0,121.354,1742510872.4042723
1,117.563,1742510872.4042723
2,122.218,1742510872.4042723
3,119.413,1742510872.4042723
4,118.329,1742510872.4042723
5,121.66,1742510872.4042723
6,118.083,1742510872.4042723
7,126.225,1742510872.4042723
0,121.294,1742510872.4544103
1,117.563,1742510872.4544103
2,122.218,1742510872.4544103
3,119.413,1742510872.4544103
4,118.329,1742510872.4544103
5,121.66,1742510872.4544103
6,118.083,1742510872.4544103
7,126.225,1742510872.4544103
0,121.294,1742510872.5045395
1,117.681,1742510872.5045395
2,122.154,1742510872.5045395
3,119.379,1742510872.5045395
4,118.295,1742510872.5045395
5,121.631,1742510872.5045395
6,118.063,1742510872.5045395
7,126.197,1742510872.5045395
0,121.264,1742510872.5546758
1,117.681,1742510872.5546758
2,122.154,1742510872.5546758
3,119.379,1742510872.5546758
4,118.295,1742510872.5546758
5,121.631,1742510872.5546758
6,118.063,1742510872.5546758
7,126.197,1742510872.5546758
0,121.264,1742510872.6048121
1,117.503,1742510872.6048121
2,122.088,1742510872.6048121
3,119.332,1742510872.6048121
4,118.291,1742510872.6048121
5,121.592,1742510872.6048121
6,118.03,1742510872.6048121
7,126.167,1742510872.6048121
0,121.212,1742510872.6549523
1,117.503,1742510872.6549523
2,122.088,1742510872.6549523
3,119.332,1742510872.6549523
4,118.291,1742510872.6549523
5,121.592,1742510872.6549523
6,118.03,1742510872.6549523
7,126.167,1742510872.6549523
0,121.212,1742510872.7050881
1,117.607,1742510872.7050881
2,122.022,1742510872.7050881
3,119.291,1742510872.7050881
4,118.291,1742510872.7050881
5,121.565,1742510872.7050881
6,118.009,1742510872.7050881
7,126.132,1742510872.7050881
0,121.207,1742510872.7552245
1,117.607,1742510872.7552245
2,122.022,1742510872.7552245
3,119.291,1742510872.7552245
4,118.263,1742510872.7552245
5,121.565,1742510872.7552245
6,118.009,1742510872.7552245
7,126.132,1742510872.7552245
0,121.207,1742510872.8053608
1,117.478,1742510872.8053608
2,121.94,1742510872.8053608
3,119.256,1742510872.8053608
4,118.263,1742510872.8053608
5,121.526,1742510872.8053608
6,117.986,1742510872.8053608
7,126.104,1742510872.8053608
0,121.19,1742510872.8554978
1,117.478,1742510872.8554978
2,121.94,1742510872.8554978
3,119.256,1742510872.8554978
4,118.253,1742510872.8554978
5,121.526,1742510872.8554978
6,117.986,1742510872.8554978
7,126.104,1742510872.8554978
0,121.19,1742510872.905633
1,117.527,1742510872.905633
2,121.85,1742510872.905633
3,119.247,1742510872.905633
4,118.253,1742510872.905633
5,121.492,1742510872.905633
6,117.953,1742510872.905633
7,126.064,1742510872.905633
0,121.162,1742510872.9557865
1,117.527,1742510872.9557865
2,121.85,1742510872.9557865
3,119.247,1742510872.9557865
4,118.233,1742510872.9557865
5,121.492,1742510872.9557865
6,117.953,1742510872.9557865
7,126.064,1742510872.9557865
0,121.162,1742510873.0059218
1,117.487,1742510873.0059218
2,121.771,1742510873.0059218
3,119.249,1742510873.0059218
4,118.233,1742510873.0059218
5,121.503,1742510873.0059218
6,117.931,1742510873.0059218
7,126.029,1742510873.0059218
0,121.142,1742510873.0560575
1,117.487,1742510873.0560575
2,121.771,1742510873.0560575
3,119.249,1742510873.0560575
4,118.23,1742510873.0560575
5,121.503,1742510873.0560575
6,117.931,1742510873.0560575
7,126.029,1742510873.0560575
0,121.142,1742510873.1061928
1,117.453,1742510873.1061928
2,121.731,1742510873.1061928
3,119.226,1742510873.1061928
4,118.23,1742510873.1061928
5,121.47,1742510873.1061928
6,117.842,1742510873.1061928
7,125.987,1742510873.1061928
0,122.528,1742510873.1563365
1,117.453,1742510873.1563365
2,121.731,1742510873.1563365
3,119.226,1742510873.1563365
4,118.22,1742510873.1563365
5,121.47,1742510873.1563365
6,117.842,1742510873.1563365
7,125.987,1742510873.1563365
0,122.528,1742510873.2064726
1,126.806,1742510873.2064726
2,129.039,1742510873.2064726
3,121.323,1742510873.2064726
4,118.22,1742510873.2064726
5,127.848,1742510873.2064726
6,119.891,1742510873.2064726
7,135.278,1742510873.2064726
0,147.518,1742510873.2566125
1,126.806,1742510873.2566125
2,129.039,1742510873.2566125
3,121.323,1742510873.2566125
4,134.54,1742510873.2566125
5,127.848,1742510873.2566125
6,119.891,1742510873.2566125
7,135.278,1742510873.2566125
0,147.518,1742510873.306755
1,151.193,1742510873.306755
2,153.381,1742510873.306755
3,150.017,1742510873.306755
4,134.54,1742510873.306755
5,154.874,1742510873.306755
6,145.208,1742510873.306755
7,160.779,1742510873.306755
0,173.099,1742510873.3569353
1,151.193,1742510873.3569353
2,153.381,1742510873.3569353
3,150.017,1742510873.3569353
4,160.107,1742510873.3569353
5,154.874,1742510873.3569353
6,145.208,1742510873.3569353
7,160.779,1742510873.3569353
0,173.099,1742510873.407075
1,177.035,1742510873.407075
2,178.457,1742510873.407075
3,175.22,1742510873.407075
4,160.107,1742510873.407075
5,180.045,1742510873.407075
6,174.378,1742510873.407075
7,187.102,1742510873.407075
0,197.971,1742510873.4572117
1,177.035,1742510873.4572117
2,178.457,1742510873.4572117
3,175.22,1742510873.4572117
4,184.342,1742510873.4572117
5,180.045,1742510873.4572117
6,174.378,1742510873.4572117
7,187.102,1742510873.4572117
0,197.971,1742510873.50734
1,202.105,1742510873.50734
2,201.934,1742510873.50734
3,200.098,1742510873.50734
4,184.342,1742510873.50734
5,207.616,1742510873.50734
6,200.175,1742510873.50734
7,212.998,1742510873.50734
0,223.038,1742510873.5574663
1,202.105,1742510873.5574663
2,201.934,1742510873.5574663
3,200.098,1742510873.5574663
4,211.281,1742510873.5574663
5,207.616,1742510873.5574663
6,200.175,1742510873.5574663
7,212.998,1742510873.5574663
0,223.038,1742510873.6076064
1,227.776,1742510873.6076064
2,228.586,1742510873.6076064
3,224.213,1742510873.6076064
4,211.281,1742510873.6076064
5,234.499,1742510873.6076064
6,225.261,1742510873.6076064
7,237.374,1742510873.6076064
0,248.28,1742510873.657746
1,227.776,1742510873.657746
2,228.586,1742510873.657746
3,224.213,1742510873.657746
4,235.869,1742510873.657746
5,234.499,1742510873.657746
6,225.261,1742510873.657746
7,237.374,1742510873.657746
0,248.28,1742510873.7078722
1,253.134,1742510873.7078722
2,259.936,1742510873.7078722
3,249.428,1742510873.7078722
4,235.869,1742510873.7078722
5,260.606,1742510873.7078722
6,250.769,1742510873.7078722
7,263.331,1742510873.7078722
0,274.257,1742510873.7579975
1,253.134,1742510873.7579975
2,259.936,1742510873.7579975
3,249.428,1742510873.7579975
4,257.976,1742510873.7579975
5,260.606,1742510873.7579975
6,250.769,1742510873.7579975
7,263.331,1742510873.7579975
0,274.257,1742510873.8081212
1,275.877,1742510873.8081212
2,284.317,1742510873.8081212
3,274.556,1742510873.8081212
4,257.976,1742510873.8081212
5,286.079,1742510873.8081212
6,275.188,1742510873.8081212
7,299.762,1742510873.8081212
0,296.405,1742510873.8582478
1,275.877,1742510873.8582478
2,284.317,1742510873.8582478
3,274.556,1742510873.8582478
4,281.547,1742510873.8582478
5,286.079,1742510873.8582478
6,275.188,1742510873.8582478
7,299.762,1742510873.8582478
0,296.405,1742510873.908423
1,304.206,1742510873.908423
2,308.987,1742510873.908423
3,299.202,1742510873.908423
4,281.547,1742510873.908423
5,311.356,1742510873.908423
6,300.277,1742510873.908423
7,326.051,1742510873.908423
0,325.274,1742510873.9585307
1,304.206,1742510873.9585307
2,308.987,1742510873.9585307
3,299.202,1742510873.9585307
4,313.944,1742510873.9585307
5,311.356,1742510873.9585307
6,300.277,1742510873.9585307
7,326.051,1742510873.9585307
0,325.274,1742510874.008658
1,326.072,1742510874.008658
2,308.987,1742510874.008658
3,324.438,1742510874.008658
4,313.944,1742510874.008658
5,336.503,1742510874.008658
6,325.307,1742510874.008658
7,353.451,1742510874.008658
0,351.08,1742510874.0587878
1,326.072,1742510874.0587878
2,333.959,1742510874.0587878
3,324.438,1742510874.0587878
4,337.894,1742510874.0587878
5,336.503,1742510874.0587878
6,325.307,1742510874.0587878
7,353.451,1742510874.0587878
0,351.08,1742510874.108914
1,356.251,1742510874.108914
2,358.925,1742510874.108914
3,349.735,1742510874.108914
4,337.894,1742510874.108914
5,357.469,1742510874.108914
6,349.835,1742510874.108914
7,380.622,1742510874.108914
0,374.888,1742510874.1592233
1,356.251,1742510874.1592233
2,358.925,1742510874.1592233
3,349.735,1742510874.1592233
4,361.362,1742510874.1592233
5,357.469,1742510874.1592233
6,349.835,1742510874.1592233
7,380.622,1742510874.1592233
0,374.888,1742510874.209347
1,372.448,1742510874.209347
2,371.601,1742510874.209347
3,368.586,1742510874.209347
4,361.362,1742510874.209347
5,380.969,1742510874.209347
6,368.49,1742510874.209347
7,393.089,1742510874.209347
0,375.193,1742510874.2594776
1,372.448,1742510874.2594776
2,371.601,1742510874.2594776
3,368.586,1742510874.2594776
4,362.686,1742510874.2594776
5,380.969,1742510874.2594776
6,368.49,1742510874.2594776
7,393.089,1742510874.2594776
0,375.193,1742510874.309614
1,374.371,1742510874.309614
2,371.837,1742510874.309614
3,368.042,1742510874.309614
4,362.686,1742510874.309614
5,380.013,1742510874.309614
6,367.284,1742510874.309614
7,392.903,1742510874.309614
0,374.873,1742510874.3597472
1,374.371,1742510874.3597472
2,371.837,1742510874.3597472
3,368.042,1742510874.3597472
4,360.557,1742510874.3597472
5,380.013,1742510874.3597472
6,367.284,1742510874.3597472
7,392.903,1742510874.3597472
0,374.873,1742510874.4098828
1,375.287,1742510874.4098828
2,371.795,1742510874.4098828
3,367.703,1742510874.4098828
4,360.557,1742510874.4098828
5,379.579,1742510874.4098828
6,368.219,1742510874.4098828
7,393.653,1742510874.4098828
0,376.134,1742510874.4600215
1,375.287,1742510874.4600215
2,371.795,1742510874.4600215
3,367.703,1742510874.4600215
4,359.304,1742510874.4600215
5,379.579,1742510874.4600215
6,368.219,1742510874.4600215
7,393.653,1742510874.4600215
0,376.134,1742510874.510159
1,375.673,1742510874.510159
2,371.021,1742510874.510159
3,368.591,1742510874.510159
4,359.304,1742510874.510159
5,377.06,1742510874.510159
6,367.191,1742510874.510159
7,393.322,1742510874.510159
0,375.318,1742510874.5602868
1,375.673,1742510874.5602868
2,371.021,1742510874.5602868
3,368.591,1742510874.5602868
4,359.119,1742510874.5602868
5,377.06,1742510874.5602868
6,367.191,1742510874.5602868
7,393.322,1742510874.5602868
0,375.318,1742510874.6104198
1,376.594,1742510874.6104198
2,370.936,1742510874.6104198
3,368.335,1742510874.6104198
4,359.119,1742510874.6104198
5,376.897,1742510874.6104198
6,367.088,1742510874.6104198
7,393.322,1742510874.6104198
0,376.492,1742510874.6605473
1,376.594,1742510874.6605473
2,370.936,1742510874.6605473
3,368.335,1742510874.6605473
4,358.888,1742510874.6605473
5,376.897,1742510874.6605473
6,367.088,1742510874.6605473
7,393.304,1742510874.6605473
0,376.492,1742510874.710689
1,375.235,1742510874.710689
2,369.277,1742510874.710689
3,368.374,1742510874.710689
4,358.888,1742510874.710689
5,377.053,1742510874.710689
6,366.64,1742510874.710689
7,393.304,1742510874.710689
0,376.121,1742510874.760817
1,375.235,1742510874.760817
2,369.277,1742510874.760817
3,368.374,1742510874.760817
4,358.764,1742510874.760817
5,377.053,1742510874.760817
6,366.64,1742510874.760817
7,392.438,1742510874.760817
0,376.121,1742510874.810953
1,375.064,1742510874.810953
2,370.657,1742510874.810953
3,368.178,1742510874.810953
4,358.764,1742510874.810953
5,378.222,1742510874.810953
6,367.576,1742510874.810953
7,392.438,1742510874.810953
0,375.946,1742510874.861094
1,375.064,1742510874.861094
2,370.657,1742510874.861094
3,368.178,1742510874.861094
4,359.327,1742510874.861094
5,378.222,1742510874.861094
6,367.576,1742510874.861094
7,392.612,1742510874.861094
0,375.946,1742510874.9112291
1,375.238,1742510874.9112291
2,370.635,1742510874.9112291
3,368.6,1742510874.9112291
4,359.327,1742510874.9112291
5,378.989,1742510874.9112291
6,366.653,1742510874.9112291
7,392.612,1742510874.9112291
0,376.293,1742510874.9613652
1,375.238,1742510874.9613652
2,370.635,1742510874.9613652
3,368.6,1742510874.9613652
4,361.1,1742510874.9613652
5,378.989,1742510874.9613652
6,366.653,1742510874.9613652
7,392.288,1742510874.9613652
0,376.293,1742510875.0115647
1,375.436,1742510875.0115647
2,370.227,1742510875.0115647
3,368.657,1742510875.0115647
4,361.1,1742510875.0115647
5,380.055,1742510875.0115647
6,366.518,1742510875.0115647
7,392.288,1742510875.0115647
0,376.039,1742510875.0617142
1,375.436,1742510875.0617142
2,370.227,1742510875.0617142
3,368.657,1742510875.0617142
4,361.327,1742510875.0617142
5,380.055,1742510875.0617142
6,366.518,1742510875.0617142
7,392.483,1742510875.0617142
0,376.039,1742510875.1118515
1,375.436,1742510875.1118515
2,369.476,1742510875.1118515
3,369.295,1742510875.1118515
4,361.327,1742510875.1118515
5,380.713,1742510875.1118515
6,367.132,1742510875.1118515
7,392.483,1742510875.1118515
0,376.506,1742510875.1619918
1,375.155,1742510875.1619918
2,369.476,1742510875.1619918
3,369.295,1742510875.1619918
4,362.186,1742510875.1619918
5,380.713,1742510875.1619918
6,367.132,1742510875.1619918
7,392.777,1742510875.1619918
0,376.506,1742510875.212234
1,373.968,1742510875.212234
2,369.446,1742510875.212234
3,369.007,1742510875.212234
4,362.186,1742510875.212234
5,381.458,1742510875.212234
6,367.721,1742510875.212234
7,392.777,1742510875.212234
0,376.548,1742510875.2623723
1,373.968,1742510875.2623723
2,369.446,1742510875.2623723
3,369.007,1742510875.2623723
4,361.445,1742510875.2623723
5,381.458,1742510875.2623723
6,367.721,1742510875.2623723
7,391.535,1742510875.2623723
0,376.548,1742510875.312499
1,375.377,1742510875.312499
2,369.95,1742510875.312499
3,369.482,1742510875.312499
4,361.445,1742510875.312499
5,381.776,1742510875.312499
6,367.635,1742510875.312499
7,391.535,1742510875.312499
0,376.163,1742510875.3626297
1,375.377,1742510875.3626297
2,369.95,1742510875.3626297
3,369.482,1742510875.3626297
4,362.094,1742510875.3626297
5,381.776,1742510875.3626297
6,367.635,1742510875.3626297
7,392.379,1742510875.3626297
0,376.163,1742510875.412768
1,375.391,1742510875.412768
2,369.869,1742510875.412768
3,369.391,1742510875.412768
4,362.094,1742510875.412768
5,383.718,1742510875.412768
6,367.342,1742510875.412768
7,392.379,1742510875.412768
0,376.717,1742510875.4629047
1,375.391,1742510875.4629047
2,369.869,1742510875.4629047
3,369.391,1742510875.4629047
4,362.078,1742510875.4629047
5,383.718,1742510875.4629047
6,367.342,1742510875.4629047
7,390.313,1742510875.4629047
0,376.717,1742510875.513042
1,375.391,1742510875.513042
2,370.926,1742510875.513042
3,370.205,1742510875.513042
4,362.078,1742510875.513042
5,383.242,1742510875.513042
6,367.223,1742510875.513042
7,390.313,1742510875.513042
0,377.083,1742510875.563169
1,374.786,1742510875.563169
2,370.926,1742510875.563169
3,370.205,1742510875.563169
4,361.78,1742510875.563169
5,383.242,1742510875.563169
6,367.223,1742510875.563169
7,390.982,1742510875.563169
0,377.083,1742510875.6133091
1,374.786,1742510875.6133091
2,370.68,1742510875.6133091
3,369.774,1742510875.6133091
4,361.78,1742510875.6133091
5,383.591,1742510875.6133091
6,366.525,1742510875.6133091
7,390.982,1742510875.6133091
0,377.098,1742510875.6634462
1,376.538,1742510875.6634462
2,370.68,1742510875.6634462
3,369.774,1742510875.6634462
4,360.818,1742510875.6634462
5,383.591,1742510875.6634462
6,366.525,1742510875.6634462
7,390.579,1742510875.6634462
0,377.098,1742510875.7135777
1,376.538,1742510875.7135777
2,369.881,1742510875.7135777
3,370.331,1742510875.7135777
4,360.818,1742510875.7135777
5,384.597,1742510875.7135777
6,365.867,1742510875.7135777
7,390.579,1742510875.7135777
0,377.192,1742510875.7637167
1,376.519,1742510875.7637167
2,369.881,1742510875.7637167
3,370.331,1742510875.7637167
4,363.997,1742510875.7637167
5,384.597,1742510875.7637167
6,365.867,1742510875.7637167
7,390.524,1742510875.7637167
0,377.192,1742510875.8138962
1,376.519,1742510875.8138962
2,368.854,1742510875.8138962
3,369.899,1742510875.8138962
4,363.997,1742510875.8138962
5,384.764,1742510875.8138962
6,365.319,1742510875.8138962
7,390.524,1742510875.8138962
0,377.098,1742510875.8640409
1,374.562,1742510875.8640409
2,368.854,1742510875.8640409
3,369.899,1742510875.8640409
4,363.163,1742510875.8640409
5,384.764,1742510875.8640409
6,365.319,1742510875.8640409
7,389.507,1742510875.8640409
0,377.098,1742510875.9141676
1,374.562,1742510875.9141676
2,368.173,1742510875.9141676
3,369.569,1742510875.9141676
4,363.163,1742510875.9141676
5,384.719,1742510875.9141676
6,365.345,1742510875.9141676
7,389.507,1742510875.9141676
0,375.107,1742510875.9642787
1,374.558,1742510875.9642787
2,368.173,1742510875.9642787
3,369.569,1742510875.9642787
4,364.328,1742510875.9642787
5,384.719,1742510875.9642787
6,365.345,1742510875.9642787
7,388.1,1742510875.9642787
0,375.107,1742510876.0144153
1,374.558,1742510876.0144153
2,367.52,1742510876.0144153
3,369.646,1742510876.0144153
4,364.328,1742510876.0144153
5,383.522,1742510876.0144153
6,365.373,1742510876.0144153
7,388.1,1742510876.0144153
0,373.856,1742510876.064551
1,372.426,1742510876.064551
2,367.52,1742510876.064551
3,369.646,1742510876.064551
4,364.615,1742510876.064551
5,383.522,1742510876.064551
6,365.373,1742510876.064551
7,387.871,1742510876.064551
0,373.856,1742510876.1146765
1,372.426,1742510876.1146765
2,368.397,1742510876.1146765
3,369.646,1742510876.1146765
4,364.615,1742510876.1146765
5,383.367,1742510876.1146765
6,366.292,1742510876.1146765
7,387.871,1742510876.1146765
0,374.026,1742510876.1648126
1,371.611,1742510876.1648126
2,368.397,1742510876.1648126
3,369.806,1742510876.1648126
4,365.05,1742510876.1648126
5,383.367,1742510876.1648126
6,366.292,1742510876.1648126
7,384.576,1742510876.1648126
0,374.026,1742510876.2149463
1,371.611,1742510876.2149463
2,368.889,1742510876.2149463
3,371.076,1742510876.2149463
4,365.05,1742510876.2149463
5,380.86,1742510876.2149463
6,366.088,1742510876.2149463
7,384.576,1742510876.2149463
0,373.255,1742510876.2650728
1,369.262,1742510876.2650728
2,368.889,1742510876.2650728
3,371.076,1742510876.2650728
4,364.199,1742510876.2650728
5,380.86,1742510876.2650728
6,366.088,1742510876.2650728
7,382.501,1742510876.2650728
0,373.255,1742510876.3152392
1,369.262,1742510876.3152392
2,369.4,1742510876.3152392
3,371.39,1742510876.3152392
4,364.199,1742510876.3152392
5,379.956,1742510876.3152392
6,366.769,1742510876.3152392
7,382.501,1742510876.3152392
0,373.797,1742510876.3653746
1,366.71,1742510876.3653746
2,369.4,1742510876.3653746
3,371.39,1742510876.3653746
4,365.036,1742510876.3653746
5,379.956,1742510876.3653746
6,366.769,1742510876.3653746
7,382.249,1742510876.3653746
0,373.797,1742510876.4155157
1,366.71,1742510876.4155157
2,367.186,1742510876.4155157
3,372.639,1742510876.4155157
4,365.036,1742510876.4155157
5,377.017,1742510876.4155157
6,366.928,1742510876.4155157
7,382.249,1742510876.4155157
0,374.872,1742510876.4656453
1,364.678,1742510876.4656453
2,367.186,1742510876.4656453
3,372.639,1742510876.4656453
4,364.675,1742510876.4656453
5,377.017,1742510876.4656453
6,366.928,1742510876.4656453
7,379.718,1742510876.4656453
0,374.872,1742510876.5157871
1,364.678,1742510876.5157871
2,367.186,1742510876.5157871
3,370.144,1742510876.5157871
4,364.675,1742510876.5157871
5,376.279,1742510876.5157871
6,366.383,1742510876.5157871
7,379.718,1742510876.5157871
0,374.34,1742510876.565987
1,365.923,1742510876.565987
2,366.135,1742510876.565987
3,370.144,1742510876.565987
4,365.076,1742510876.565987
5,376.279,1742510876.565987
6,366.383,1742510876.565987
7,377.115,1742510876.565987
0,374.34,1742510876.6161256
1,365.923,1742510876.6161256
2,366.135,1742510876.6161256
3,370.817,1742510876.6161256
4,365.076,1742510876.6161256
5,376.111,1742510876.6161256
6,366.383,1742510876.6161256
7,377.115,1742510876.6161256
0,374.34,1742510876.6662574
1,367.959,1742510876.6662574
2,366.804,1742510876.6662574
3,370.817,1742510876.6662574
4,364.278,1742510876.6662574
5,376.111,1742510876.6662574
6,366.994,1742510876.6662574
7,380.724,1742510876.6662574
0,376.124,1742510876.7163825
1,367.959,1742510876.7163825
2,366.804,1742510876.7163825
3,372.664,1742510876.7163825
4,364.278,1742510876.7163825
5,374.375,1742510876.7163825
6,367.889,1742510876.7163825
7,380.724,1742510876.7163825
0,376.124,1742510876.76651
1,368.604,1742510876.76651
2,368.162,1742510876.76651
3,372.664,1742510876.76651
4,362.118,1742510876.76651
5,374.375,1742510876.76651
6,367.889,1742510876.76651
7,382.034,1742510876.76651
0,376.608,1742510876.8166547
1,368.604,1742510876.8166547
2,368.162,1742510876.8166547
3,372.416,1742510876.8166547
4,362.118,1742510876.8166547
5,373.114,1742510876.8166547
6,368.744,1742510876.8166547
7,382.034,1742510876.8166547
0,376.608,1742510876.8667798
1,368.987,1742510876.8667798
2,370.742,1742510876.8667798
3,372.416,1742510876.8667798
4,362.126,1742510876.8667798
5,373.114,1742510876.8667798
6,368.744,1742510876.8667798
7,382.79,1742510876.8667798
0,376.917,1742510876.9169044
1,368.987,1742510876.9169044
2,370.742,1742510876.9169044
3,372.492,1742510876.9169044
4,362.126,1742510876.9169044
5,372.395,1742510876.9169044
6,368.15,1742510876.9169044
7,382.79,1742510876.9169044
0,376.917,1742510876.9670298
1,369.151,1742510876.9670298
2,369.367,1742510876.9670298
3,372.492,1742510876.9670298
4,361.234,1742510876.9670298
5,372.395,1742510876.9670298
6,368.15,1742510876.9670298
7,382.232,1742510876.9670298
0,376.246,1742510877.0171545
1,369.151,1742510877.0171545
2,369.367,1742510877.0171545
3,372.492,1742510877.0171545
4,361.234,1742510877.0171545
5,374.599,1742510877.0171545
6,367.592,1742510877.0171545
7,382.232,1742510877.0171545
0,376.246,1742510877.06728
1,368.974,1742510877.06728
2,370.365,1742510877.06728
3,370.678,1742510877.06728
4,360.677,1742510877.06728
5,374.599,1742510877.06728
6,367.592,1742510877.06728
7,383.325,1742510877.06728
0,376.681,1742510877.1174114
1,368.974,1742510877.1174114
2,370.365,1742510877.1174114
3,370.678,1742510877.1174114
4,360.677,1742510877.1174114
5,375.426,1742510877.1174114
6,365.639,1742510877.1174114
7,383.325,1742510877.1174114
0,376.681,1742510877.1675484
1,368.66,1742510877.1675484
2,371.413,1742510877.1675484
3,369.351,1742510877.1675484
4,361.044,1742510877.1675484
5,375.426,1742510877.1675484
6,365.639,1742510877.1675484
7,383.259,1742510877.1675484
0,376.478,1742510877.217684
1,368.66,1742510877.217684
2,371.413,1742510877.217684
3,369.351,1742510877.217684
4,361.044,1742510877.217684
5,375.426,1742510877.217684
6,366.096,1742510877.217684
7,383.259,1742510877.217684
0,376.478,1742510877.267812
1,369.498,1742510877.267812
2,368.65,1742510877.267812
3,368.575,1742510877.267812
4,362.056,1742510877.267812
5,374.653,1742510877.267812
6,366.096,1742510877.267812
7,383.858,1742510877.267812
0,376.709,1742510877.3179529
1,369.498,1742510877.3179529
2,368.65,1742510877.3179529
3,368.575,1742510877.3179529
4,362.056,1742510877.3179529
5,374.653,1742510877.3179529
6,367.115,1742510877.3179529
7,383.858,1742510877.3179529
0,376.709,1742510877.3680823
1,370.081,1742510877.3680823
2,368.498,1742510877.3680823
3,370.291,1742510877.3680823
4,362.495,1742510877.3680823
5,375.608,1742510877.3680823
6,367.115,1742510877.3680823
7,385.085,1742510877.3680823
0,376.697,1742510877.4182067
1,370.081,1742510877.4182067
2,368.498,1742510877.4182067
3,370.291,1742510877.4182067
4,362.495,1742510877.4182067
5,375.608,1742510877.4182067
6,367.45,1742510877.4182067
7,385.085,1742510877.4182067
0,376.697,1742510877.4683347
1,369.619,1742510877.4683347
2,367.17,1742510877.4683347
3,370.851,1742510877.4683347
4,362.097,1742510877.4683347
5,376.466,1742510877.4683347
6,367.45,1742510877.4683347
7,384.63,1742510877.4683347
0,373.763,1742510877.5184722
1,369.619,1742510877.5184722
2,367.17,1742510877.5184722
3,370.851,1742510877.5184722
4,362.097,1742510877.5184722
5,376.466,1742510877.5184722
6,366.753,1742510877.5184722
7,384.63,1742510877.5184722
0,373.763,1742510877.5686543
1,367.627,1742510877.5686543
2,366.779,1742510877.5686543
3,371.882,1742510877.5686543
4,362.255,1742510877.5686543
5,377.937,1742510877.5686543
6,366.753,1742510877.5686543
7,384.839,1742510877.5686543
0,373.54,1742510877.618795
1,367.627,1742510877.618795
2,366.779,1742510877.618795
3,371.882,1742510877.618795
4,362.255,1742510877.618795
5,377.937,1742510877.618795
6,365.608,1742510877.618795
7,384.839,1742510877.618795
0,373.54,1742510877.668947
1,364.406,1742510877.668947
2,366.738,1742510877.668947
3,371.686,1742510877.668947
4,362.225,1742510877.668947
5,375.804,1742510877.668947
6,365.608,1742510877.668947
7,380.277,1742510877.668947
0,373.117,1742510877.7190802
1,364.406,1742510877.7190802
2,366.738,1742510877.7190802
3,371.686,1742510877.7190802
4,362.225,1742510877.7190802
5,375.804,1742510877.7190802
6,366.208,1742510877.7190802
7,380.277,1742510877.7190802
0,373.117,1742510877.7692063
1,365.857,1742510877.7692063
2,366.677,1742510877.7692063
3,371.928,1742510877.7692063
4,362.981,1742510877.7692063
5,376.572,1742510877.7692063
6,366.208,1742510877.7692063
7,377.881,1742510877.7692063
0,373.779,1742510877.8193316
1,365.857,1742510877.8193316
2,366.677,1742510877.8193316
3,371.928,1742510877.8193316
4,362.981,1742510877.8193316
5,376.572,1742510877.8193316
6,367.016,1742510877.8193316
7,377.881,1742510877.8193316
0,373.779,1742510877.8694675
1,365.147,1742510877.8694675
2,366.128,1742510877.8694675
3,372.996,1742510877.8694675
4,363.798,1742510877.8694675
5,376.348,1742510877.8694675
6,367.016,1742510877.8694675
7,378.862,1742510877.8694675
0,374.461,1742510877.9195914
1,365.147,1742510877.9195914
2,366.128,1742510877.9195914
3,372.996,1742510877.9195914
4,363.798,1742510877.9195914
5,376.348,1742510877.9195914
6,367.521,1742510877.9195914
7,378.862,1742510877.9195914
0,374.461,1742510877.969729
1,361.863,1742510877.969729
2,366.696,1742510877.969729
3,373.905,1742510877.969729
4,365.559,1742510877.969729
5,375.959,1742510877.969729
6,367.521,1742510877.969729
7,377.607,1742510877.969729
0,375.742,1742510878.0198686
1,361.863,1742510878.0198686
2,366.696,1742510878.0198686
3,373.905,1742510878.0198686
4,365.559,1742510878.0198686
5,375.959,1742510878.0198686
6,368.332,1742510878.0198686
7,377.607,1742510878.0198686
0,375.742,1742510878.0700061
1,361.314,1742510878.0700061
2,367.664,1742510878.0700061
3,375.298,1742510878.0700061
4,363.91,1742510878.0700061
5,374.866,1742510878.0700061
6,368.332,1742510878.0700061
7,375.734,1742510878.0700061
0,378.883,1742510878.1201408
1,361.314,1742510878.1201408
2,367.664,1742510878.1201408
3,375.298,1742510878.1201408
4,363.91,1742510878.1201408
5,374.866,1742510878.1201408
6,369.081,1742510878.1201408
7,375.734,1742510878.1201408
0,378.883,1742510878.17027
1,363.158,1742510878.17027
2,369.642,1742510878.17027
3,376.556,1742510878.17027
4,363.545,1742510878.17027
5,373.316,1742510878.17027
6,369.081,1742510878.17027
7,376.739,1742510878.17027
0,380.99,1742510878.2204103
1,363.158,1742510878.2204103
2,369.642,1742510878.2204103
3,376.556,1742510878.2204103
4,363.545,1742510878.2204103
5,373.316,1742510878.2204103
6,367.888,1742510878.2204103
7,376.739,1742510878.2204103
0,380.99,1742510878.2705443
1,363.22,1742510878.2705443
2,369.707,1742510878.2705443
3,376.362,1742510878.2705443
4,365.787,1742510878.2705443
5,374.664,1742510878.2705443
6,367.888,1742510878.2705443
7,376.002,1742510878.2705443
0,382.346,1742510878.3206816
1,363.22,1742510878.3206816
2,369.707,1742510878.3206816
3,376.362,1742510878.3206816
4,365.787,1742510878.3206816
5,374.664,1742510878.3206816
6,366.352,1742510878.3206816
7,376.002,1742510878.3206816
0,382.346,1742510878.3708818
1,364.579,1742510878.3708818
2,370.358,1742510878.3708818
3,372.963,1742510878.3708818
4,362.999,1742510878.3708818
5,373.572,1742510878.3708818
6,366.352,1742510878.3708818
7,376.07,1742510878.3708818
0,383.99,1742510878.4210176
1,364.579,1742510878.4210176
2,370.358,1742510878.4210176
3,372.963,1742510878.4210176
4,362.999,1742510878.4210176
5,373.572,1742510878.4210176
6,365.06,1742510878.4210176
7,376.07,1742510878.4210176
0,383.99,1742510878.4711583
1,365.26,1742510878.4711583
2,372.957,1742510878.4711583
3,373.116,1742510878.4711583
4,364.528,1742510878.4711583
5,372.693,1742510878.4711583
6,365.06,1742510878.4711583
7,378.324,1742510878.4711583
0,385.254,1742510878.5213184
1,365.26,1742510878.5213184
2,372.957,1742510878.5213184
3,373.116,1742510878.5213184
4,364.528,1742510878.5213184
5,372.693,1742510878.5213184
6,366.101,1742510878.5213184
7,378.324,1742510878.5213184
0,385.254,1742510878.5714533
1,366.067,1742510878.5714533
2,372.386,1742510878.5714533
3,372.529,1742510878.5714533
4,364.92,1742510878.5714533
5,373.495,1742510878.5714533
6,366.101,1742510878.5714533
7,378.324,1742510878.5714533
0,385.946,1742510878.6215906
1,366.067,1742510878.6215906
2,372.386,1742510878.6215906
3,372.529,1742510878.6215906
4,364.92,1742510878.6215906
5,373.495,1742510878.6215906
6,366.101,1742510878.6215906
7,379.564,1742510878.6215906
0,385.946,1742510878.671715
1,368.824,1742510878.671715
2,371.437,1742510878.671715
3,373.975,1742510878.671715
4,363.893,1742510878.671715
5,373.346,1742510878.671715
6,367.451,1742510878.671715
7,381.233,1742510878.671715
0,384.489,1742510878.721856
1,368.824,1742510878.721856
2,371.437,1742510878.721856
3,373.975,1742510878.721856
4,363.893,1742510878.721856
5,373.346,1742510878.721856
6,367.451,1742510878.721856
7,381.233,1742510878.721856
0,384.489,1742510878.7719913
1,368.824,1742510878.7719913
2,371.356,1742510878.7719913
3,373.583,1742510878.7719913
4,362.759,1742510878.7719913
5,371.519,1742510878.7719913
6,366.518,1742510878.7719913
7,382.453,1742510878.7719913
0,385.588,1742510878.822126
1,369.059,1742510878.822126
2,371.356,1742510878.822126
3,373.583,1742510878.822126
4,362.759,1742510878.822126
5,371.519,1742510878.822126
6,366.518,1742510878.822126
7,382.453,1742510878.822126
0,385.588,1742510878.8722558
1,369.874,1742510878.8722558
2,371.274,1742510878.8722558
3,372.213,1742510878.8722558
4,360.665,1742510878.8722558
5,370.648,1742510878.8722558
6,365.774,1742510878.8722558
7,382.846,1742510878.8722558
0,383.849,1742510878.922382
1,369.874,1742510878.922382
2,371.274,1742510878.922382
3,372.213,1742510878.922382
4,360.665,1742510878.922382
5,370.648,1742510878.922382
6,365.774,1742510878.922382
7,382.846,1742510878.922382
0,383.849,1742510878.9725366
1,372.781,1742510878.9725366
2,371.634,1742510878.9725366
3,372.724,1742510878.9725366
4,359.827,1742510878.9725366
5,373.94,1742510878.9725366
6,367.03,1742510878.9725366
7,385.554,1742510878.9725366
0,383.599,1742510879.0226731
1,372.781,1742510879.0226731
2,371.634,1742510879.0226731
3,372.724,1742510879.0226731
4,359.827,1742510879.0226731
5,373.94,1742510879.0226731
6,367.03,1742510879.0226731
7,385.554,1742510879.0226731
0,383.599,1742510879.0728087
1,374.844,1742510879.0728087
2,371.073,1742510879.0728087
3,373.311,1742510879.0728087
4,362.69,1742510879.0728087
5,374.78,1742510879.0728087
6,365.404,1742510879.0728087
7,387.922,1742510879.0728087
0,383.447,1742510879.1229486
1,374.844,1742510879.1229486
2,371.073,1742510879.1229486
3,373.311,1742510879.1229486
4,362.69,1742510879.1229486
5,374.78,1742510879.1229486
6,365.404,1742510879.1229486
7,387.922,1742510879.1229486
0,383.447,1742510879.173119
1,376.041,1742510879.173119
2,370.35,1742510879.173119
3,371.843,1742510879.173119
4,362.011,1742510879.173119
5,373.264,1742510879.173119
6,365.193,1742510879.173119
7,389.031,1742510879.173119
0,381.679,1742510879.2232442
1,376.041,1742510879.2232442
2,370.35,1742510879.2232442
3,371.843,1742510879.2232442
4,362.011,1742510879.2232442
5,373.264,1742510879.2232442
6,365.193,1742510879.2232442
7,389.031,1742510879.2232442
0,381.679,1742510879.2733707
1,375.937,1742510879.2733707
2,370.115,1742510879.2733707
3,370.276,1742510879.2733707
4,359.903,1742510879.2733707
5,373.803,1742510879.2733707
6,364.628,1742510879.2733707
7,390.361,1742510879.2733707
0,379.808,1742510879.3234954
1,375.937,1742510879.3234954
2,370.115,1742510879.3234954
3,370.276,1742510879.3234954
4,359.903,1742510879.3234954
5,373.803,1742510879.3234954
6,364.628,1742510879.3234954
7,390.361,1742510879.3234954
0,379.808,1742510879.373639
1,377.573,1742510879.373639
2,369.051,1742510879.373639
3,369.67,1742510879.373639
4,360.274,1742510879.373639
5,377.144,1742510879.373639
6,362.677,1742510879.373639
7,388.37,1742510879.373639
0,379.017,1742510879.423765
1,377.573,1742510879.423765
2,369.051,1742510879.423765
3,369.67,1742510879.423765
4,360.274,1742510879.423765
5,377.144,1742510879.423765
6,362.677,1742510879.423765
7,388.37,1742510879.423765
0,379.017,1742510879.4738908
1,377.367,1742510879.4738908
2,369.762,1742510879.4738908
3,370.569,1742510879.4738908
4,360.843,1742510879.4738908
5,379.454,1742510879.4738908
6,363.353,1742510879.4738908
7,387.962,1742510879.4738908
0,378.453,1742510879.5240166
1,377.367,1742510879.5240166
2,369.762,1742510879.5240166
3,370.569,1742510879.5240166
4,360.843,1742510879.5240166
5,379.454,1742510879.5240166
6,363.353,1742510879.5240166
7,387.962,1742510879.5240166
0,378.453,1742510879.57414
1,374.859,1742510879.57414
2,368.054,1742510879.57414
3,370.3,1742510879.57414
4,361.544,1742510879.57414
5,380.893,1742510879.57414
6,362.613,1742510879.57414
7,388.494,1742510879.57414
0,377.093,1742510879.6242652
1,374.859,1742510879.6242652
2,368.054,1742510879.6242652
3,370.3,1742510879.6242652
4,361.544,1742510879.6242652
5,380.893,1742510879.6242652
6,362.613,1742510879.6242652
7,388.494,1742510879.6242652
0,377.093,1742510879.6743913
1,374.487,1742510879.6743913
2,367.337,1742510879.6743913
3,369.561,1742510879.6743913
4,362.999,1742510879.6743913
5,382.009,1742510879.6743913
6,363.683,1742510879.6743913
7,387.379,1742510879.6743913
0,375.315,1742510879.724516
1,374.487,1742510879.724516
2,367.337,1742510879.724516
3,369.561,1742510879.724516
4,362.999,1742510879.724516
5,382.009,1742510879.724516
6,363.683,1742510879.724516
7,387.379,1742510879.724516
0,375.315,1742510879.7746406
1,374.8,1742510879.7746406
2,365.019,1742510879.7746406
3,370.2,1742510879.7746406
4,364.34,1742510879.7746406
5,381.593,1742510879.7746406
6,364.194,1742510879.7746406
7,387.379,1742510879.7746406
0,373.751,1742510879.824778
1,374.8,1742510879.824778
2,365.019,1742510879.824778
3,370.2,1742510879.824778
4,364.34,1742510879.824778
5,381.593,1742510879.824778
6,364.194,1742510879.824778
7,387.287,1742510879.824778
0,373.751,1742510879.8749187
1,374.542,1742510879.8749187
2,366.124,1742510879.8749187
3,372.824,1742510879.8749187
4,366.481,1742510879.8749187
5,382.095,1742510879.8749187
6,365.915,1742510879.8749187
7,387.287,1742510879.8749187
0,373.366,1742510879.9250543
1,374.542,1742510879.9250543
2,366.124,1742510879.9250543
3,372.824,1742510879.9250543
4,366.481,1742510879.9250543
5,382.095,1742510879.9250543
6,365.915,1742510879.9250543
7,385.625,1742510879.9250543
0,373.366,1742510879.975188
1,373.504,1742510879.975188
2,366.63,1742510879.975188
3,374.194,1742510879.975188
4,366.481,1742510879.975188
5,382.679,1742510879.975188
6,365.989,1742510879.975188
7,385.625,1742510879.975188
0,373.567,1742510880.025321
1,373.504,1742510880.025321
2,366.63,1742510880.025321
3,374.194,1742510880.025321
4,368.887,1742510880.025321
5,382.679,1742510880.025321
6,365.989,1742510880.025321
7,384.402,1742510880.025321
0,373.567,1742510880.0755057
1,370.517,1742510880.0755057
2,367.224,1742510880.0755057
3,376.305,1742510880.0755057
4,368.887,1742510880.0755057
5,383.329,1742510880.0755057
6,368.284,1742510880.0755057
7,384.402,1742510880.0755057
0,371.957,1742510880.1256611
1,370.517,1742510880.1256611
2,367.224,1742510880.1256611
3,376.305,1742510880.1256611
4,370.144,1742510880.1256611
5,383.329,1742510880.1256611
6,368.284,1742510880.1256611
7,384.146,1742510880.1256611
0,371.957,1742510880.1757946
1,370.924,1742510880.1757946
2,367.241,1742510880.1757946
3,376.937,1742510880.1757946
4,370.144,1742510880.1757946
5,384.522,1742510880.1757946
6,368.966,1742510880.1757946
7,384.146,1742510880.1757946
0,372.854,1742510880.2259336
1,370.924,1742510880.2259336
2,367.241,1742510880.2259336
3,376.937,1742510880.2259336
4,371.723,1742510880.2259336
5,384.522,1742510880.2259336
6,368.966,1742510880.2259336
7,383.188,1742510880.2259336
0,372.854,1742510880.2760692
1,368.866,1742510880.2760692
2,368.009,1742510880.2760692
3,378.838,1742510880.2760692
4,371.723,1742510880.2760692
5,386.655,1742510880.2760692
6,369.872,1742510880.2760692
7,383.188,1742510880.2760692
0,372.213,1742510880.3262074
1,368.866,1742510880.3262074
2,368.009,1742510880.3262074
3,378.838,1742510880.3262074
4,372.34,1742510880.3262074
5,386.655,1742510880.3262074
6,369.872,1742510880.3262074
7,383.82,1742510880.3262074
0,372.213,1742510880.3763506
1,368.238,1742510880.3763506
2,369.712,1742510880.3763506
3,378.754,1742510880.3763506
4,372.34,1742510880.3763506
5,385.599,1742510880.3763506
6,371.722,1742510880.3763506
7,383.82,1742510880.3763506
0,371.957,1742510880.4264915
1,368.238,1742510880.4264915
2,369.712,1742510880.4264915
3,378.754,1742510880.4264915
4,372.785,1742510880.4264915
5,385.599,1742510880.4264915
6,371.722,1742510880.4264915
7,383.258,1742510880.4264915
0,371.957,1742510880.4766288
1,368.238,1742510880.4766288
2,369.534,1742510880.4766288
3,380.32,1742510880.4766288
4,372.785,1742510880.4766288
5,384.597,1742510880.4766288
6,372.097,1742510880.4766288
7,383.258,1742510880.4766288
0,372.427,1742510880.5267549
1,367.736,1742510880.5267549
2,369.534,1742510880.5267549
3,380.32,1742510880.5267549
4,372.821,1742510880.5267549
5,384.597,1742510880.5267549
6,372.097,1742510880.5267549
7,382.531,1742510880.5267549
0,372.427,1742510880.5768795
1,367.736,1742510880.5768795
2,368.464,1742510880.5768795
3,380.474,1742510880.5768795
4,372.821,1742510880.5768795
5,381.725,1742510880.5768795
6,373.063,1742510880.5768795
7,382.531,1742510880.5768795
0,372.427,1742510880.6270049
1,368.061,1742510880.6270049
2,368.464,1742510880.6270049
3,380.474,1742510880.6270049
4,371.977,1742510880.6270049
5,381.725,1742510880.6270049
6,373.063,1742510880.6270049
7,381.967,1742510880.6270049
0,373.568,1742510880.6771462
1,368.061,1742510880.6771462
2,370.755,1742510880.6771462
3,380.254,1742510880.6771462
4,371.977,1742510880.6771462
5,382.773,1742510880.6771462
6,374.194,1742510880.6771462
7,381.967,1742510880.6771462
0,373.568,1742510880.7272823
1,367.713,1742510880.7272823
2,370.755,1742510880.7272823
3,380.254,1742510880.7272823
4,372.043,1742510880.7272823
5,382.773,1742510880.7272823
6,374.194,1742510880.7272823
7,382.22,1742510880.7272823
0,373.988,1742510880.777418
1,367.713,1742510880.777418
2,372.117,1742510880.777418
3,380.371,1742510880.777418
4,372.043,1742510880.777418
5,380.943,1742510880.777418
6,374.725,1742510880.777418
7,382.22,1742510880.777418
0,373.988,1742510880.8275533
1,367.583,1742510880.8275533
2,372.117,1742510880.8275533
3,380.371,1742510880.8275533
4,369.386,1742510880.8275533
5,380.943,1742510880.8275533
6,374.725,1742510880.8275533
7,381.546,1742510880.8275533
0,366.645,1742510880.8776891
1,367.583,1742510880.8776891
2,355.724,1742510880.8776891
3,363.292,1742510880.8776891
4,369.386,1742510880.8776891
5,358.558,1742510880.8776891
6,358.118,1742510880.8776891
7,381.546,1742510880.8776891
0,366.645,1742510880.9278245
1,343.745,1742510880.9278245
2,355.724,1742510880.9278245
3,363.292,1742510880.9278245
4,344.223,1742510880.9278245
5,358.558,1742510880.9278245
6,358.118,1742510880.9278245
7,358.16,1742510880.9278245
0,341.253,1742510880.97796
1,343.745,1742510880.97796
2,331.502,1742510880.97796
3,338.36,1742510880.97796
4,344.223,1742510880.97796
5,335.263,1742510880.97796
6,334.501,1742510880.97796
7,358.16,1742510880.97796
0,341.253,1742510881.0280952
1,318.57,1742510881.0280952
2,331.502,1742510881.0280952
3,338.36,1742510881.0280952
4,318.426,1742510881.0280952
5,335.263,1742510881.0280952
6,334.501,1742510881.0280952
7,332.342,1742510881.0280952
0,315.83,1742510881.0782328
1,318.57,1742510881.0782328
2,303.989,1742510881.0782328
3,310.258,1742510881.0782328
4,318.426,1742510881.0782328
5,309.631,1742510881.0782328
6,308.726,1742510881.0782328
7,332.342,1742510881.0782328
0,315.83,1742510881.128369
1,293.151,1742510881.128369
2,303.989,1742510881.128369
3,310.258,1742510881.128369
4,292.768,1742510881.128369
5,309.631,1742510881.128369
6,308.726,1742510881.128369
7,307.104,1742510881.128369
0,290.484,1742510881.1785085
1,293.151,1742510881.1785085
2,282.909,1742510881.1785085
3,287.593,1742510881.1785085
4,292.768,1742510881.1785085
5,283.737,1742510881.1785085
6,281.395,1742510881.1785085
7,307.104,1742510881.1785085
0,290.484,1742510881.2286434
1,267.922,1742510881.2286434
2,282.909,1742510881.2286434
3,287.593,1742510881.2286434
4,268.87,1742510881.2286434
5,283.737,1742510881.2286434
6,281.395,1742510881.2286434
7,282.388,1742510881.2286434
0,265.576,1742510881.2787843
1,267.922,1742510881.2787843
2,254.472,1742510881.2787843
3,262.086,1742510881.2787843
4,268.87,1742510881.2787843
5,257.995,1742510881.2787843
6,260.022,1742510881.2787843
7,282.388,1742510881.2787843
0,265.576,1742510881.3289106
1,247.179,1742510881.3289106
2,254.472,1742510881.3289106
3,262.086,1742510881.3289106
4,245.852,1742510881.3289106
5,257.995,1742510881.3289106
6,260.022,1742510881.3289106
7,258.511,1742510881.3289106
0,248.124,1742510881.379038
1,247.179,1742510881.379038
2,249.87,1742510881.379038
3,253.55,1742510881.379038
4,245.852,1742510881.379038
5,250.544,1742510881.379038
6,247.371,1742510881.379038
7,258.511,1742510881.379038
0,248.124,1742510881.4291754
1,244.363,1742510881.4291754
2,249.87,1742510881.4291754
3,253.55,1742510881.4291754
4,244.592,1742510881.4291754
5,250.544,1742510881.4291754
6,247.371,1742510881.4291754
7,257.789,1742510881.4291754
0,248.228,1742510881.4793108
1,244.363,1742510881.4793108
2,246.879,1742510881.4793108
3,250.077,1742510881.4793108
4,244.592,1742510881.4793108
5,250.544,1742510881.4793108
6,247.926,1742510881.4793108
7,257.789,1742510881.4793108
0,248.228,1742510881.5294473
1,246.841,1742510881.5294473
2,246.879,1742510881.5294473
3,250.077,1742510881.5294473
4,244.775,1742510881.5294473
5,251.227,1742510881.5294473
6,247.926,1742510881.5294473
7,258.075,1742510881.5294473
0,250.027,1742510881.5795782
1,246.841,1742510881.5795782
2,248.836,1742510881.5795782
3,250.818,1742510881.5795782
4,244.775,1742510881.5795782
5,251.227,1742510881.5795782
6,248.681,1742510881.5795782
7,258.075,1742510881.5795782
0,250.027,1742510881.62974
1,245.233,1742510881.62974
2,248.836,1742510881.62974
3,250.818,1742510881.62974
4,242.722,1742510881.62974
5,251.512,1742510881.62974
6,248.681,1742510881.62974
7,258.244,1742510881.62974
0,245.536,1742510881.679888
1,245.233,1742510881.679888
2,251.835,1742510881.679888
3,253.783,1742510881.679888
4,242.722,1742510881.679888
5,251.512,1742510881.679888
6,247.108,1742510881.679888
7,258.244,1742510881.679888
0,245.536,1742510881.730074
1,245.134,1742510881.730074
2,251.835,1742510881.730074
3,253.783,1742510881.730074
4,243.368,1742510881.730074
5,251.114,1742510881.730074
6,247.108,1742510881.730074
7,254.977,1742510881.730074
0,244.431,1742510881.7802007
1,245.134,1742510881.7802007
2,252.098,1742510881.7802007
3,252.09,1742510881.7802007
4,243.368,1742510881.7802007
5,251.114,1742510881.7802007
6,245.81,1742510881.7802007
7,254.977,1742510881.7802007
0,244.431,1742510881.830341
1,246.345,1742510881.830341
2,252.098,1742510881.830341
3,252.09,1742510881.830341
4,243.138,1742510881.830341
5,251.895,1742510881.830341
6,245.81,1742510881.830341
7,257.466,1742510881.830341
0,253.265,1742510881.8804803
1,246.345,1742510881.8804803
2,263.793,1742510881.8804803
3,262.995,1742510881.8804803
4,243.138,1742510881.8804803
5,251.895,1742510881.8804803
6,266.554,1742510881.8804803
7,257.466,1742510881.8804803
0,253.265,1742510881.9306047
1,268.314,1742510881.9306047
2,263.793,1742510881.9306047
3,262.995,1742510881.9306047
4,268.845,1742510881.9306047
5,272.812,1742510881.9306047
6,266.554,1742510881.9306047
7,283.349,1742510881.9306047
0,277.08,1742510881.980732
1,268.314,1742510881.980732
2,286.354,1742510881.980732
3,292.861,1742510881.980732
4,268.845,1742510881.980732
5,272.812,1742510881.980732
6,288.027,1742510881.980732
7,283.349,1742510881.980732
0,277.08,1742510882.0308566
1,292.491,1742510882.0308566
2,286.354,1742510882.0308566
3,292.861,1742510882.0308566
4,293.971,1742510882.0308566
5,300.431,1742510882.0308566
6,288.027,1742510882.0308566
7,308.528,1742510882.0308566
0,300.223,1742510882.0809834
1,292.491,1742510882.0809834
2,303.547,1742510882.0809834
3,316.782,1742510882.0809834
4,293.971,1742510882.0809834
5,300.431,1742510882.0809834
6,310.835,1742510882.0809834
7,308.528,1742510882.0809834
0,300.223,1742510882.131122
1,314.227,1742510882.131122
2,303.547,1742510882.131122
3,316.782,1742510882.131122
4,316.958,1742510882.131122
5,323.819,1742510882.131122
6,310.835,1742510882.131122
7,332.993,1742510882.131122
0,324.99,1742510882.181232
1,314.227,1742510882.181232
2,326.913,1742510882.181232
3,341.592,1742510882.181232
4,316.958,1742510882.181232
5,323.819,1742510882.181232
6,334.301,1742510882.181232
7,332.993,1742510882.181232
0,324.99,1742510882.231356
1,334.393,1742510882.231356
2,326.913,1742510882.231356
3,341.592,1742510882.231356
4,336.364,1742510882.231356
5,347.181,1742510882.231356
6,334.301,1742510882.231356
7,358.503,1742510882.231356
0,349.707,1742510882.2814815
1,334.393,1742510882.2814815
2,354.573,1742510882.2814815
3,365.123,1742510882.2814815
4,336.364,1742510882.2814815
5,347.181,1742510882.2814815
6,357.306,1742510882.2814815
7,358.503,1742510882.2814815
0,349.707,1742510882.3316128
1,360.61,1742510882.3316128
2,354.573,1742510882.3316128
3,365.123,1742510882.3316128
4,359.332,1742510882.3316128
5,369.998,1742510882.3316128
6,357.306,1742510882.3316128
7,379.686,1742510882.3316128
0,366.171,1742510882.381751
1,360.61,1742510882.381751
2,360.049,1742510882.381751
3,365.416,1742510882.381751
4,359.332,1742510882.381751
5,369.998,1742510882.381751
6,357.546,1742510882.381751
7,379.686,1742510882.381751
0,366.171,1742510882.4319494
1,360.299,1742510882.4319494
2,360.049,1742510882.4319494
3,365.416,1742510882.4319494
4,357.77,1742510882.4319494
5,368.147,1742510882.4319494
6,357.546,1742510882.4319494
7,377.051,1742510882.4319494
0,365.096,1742510882.4820743
1,360.299,1742510882.4820743
2,362.603,1742510882.4820743
3,363.871,1742510882.4820743
4,357.77,1742510882.4820743
5,368.147,1742510882.4820743
6,358.078,1742510882.4820743
7,377.051,1742510882.4820743
0,365.096,1742510882.5322597
1,359.308,1742510882.5322597
2,362.603,1742510882.5322597
3,363.871,1742510882.5322597
4,357.142,1742510882.5322597
5,365.805,1742510882.5322597
6,358.078,1742510882.5322597
7,375.864,1742510882.5322597
0,365.455,1742510882.5823958
1,359.308,1742510882.5823958
2,362.381,1742510882.5823958
3,362.358,1742510882.5823958
4,357.142,1742510882.5823958
5,365.805,1742510882.5823958
6,358.078,1742510882.5823958
7,375.864,1742510882.5823958
0,365.455,1742510882.63252
1,360.668,1742510882.63252
2,362.381,1742510882.63252
3,362.358,1742510882.63252
4,358.21,1742510882.63252
5,366.526,1742510882.63252
6,355.697,1742510882.63252
7,375.519,1742510882.63252
0,365.083,1742510882.682646
1,360.668,1742510882.682646
2,363.495,1742510882.682646
3,362.597,1742510882.682646
4,358.21,1742510882.682646
5,366.526,1742510882.682646
6,355.697,1742510882.682646
7,375.519,1742510882.682646
0,365.083,1742510882.7327752
1,361.37,1742510882.7327752
2,363.495,1742510882.7327752
3,362.597,1742510882.7327752
4,356.525,1742510882.7327752
5,366.264,1742510882.7327752
6,355.688,1742510882.7327752
7,375.908,1742510882.7327752
0,368.299,1742510882.7829156
1,361.37,1742510882.7829156
2,361.956,1742510882.7829156
3,363.655,1742510882.7829156
4,356.525,1742510882.7829156
5,366.264,1742510882.7829156
6,355.688,1742510882.7829156
7,375.908,1742510882.7829156
0,368.299,1742510882.8330421
1,361.96,1742510882.8330421
2,361.956,1742510882.8330421
3,363.655,1742510882.8330421
4,356.911,1742510882.8330421
5,367.226,1742510882.8330421
6,356.428,1742510882.8330421
7,374.579,1742510882.8330421
0,367.93,1742510882.8831682
1,361.96,1742510882.8831682
2,365.153,1742510882.8831682
3,366.211,1742510882.8831682
4,356.911,1742510882.8831682
5,367.226,1742510882.8831682
6,356.428,1742510882.8831682
7,374.579,1742510882.8831682
0,367.93,1742510882.933296
1,361.482,1742510882.933296
2,365.153,1742510882.933296
3,366.211,1742510882.933296
4,358.94,1742510882.933296
5,368.607,1742510882.933296
6,357.385,1742510882.933296
7,375.048,1742510882.933296
0,370.49,1742510882.9834344
1,361.482,1742510882.9834344
2,366.454,1742510882.9834344
3,366.421,1742510882.9834344
4,358.94,1742510882.9834344
5,368.607,1742510882.9834344
6,357.385,1742510882.9834344
7,375.048,1742510882.9834344
0,370.49,1742510883.033572
1,361.136,1742510883.033572
2,366.454,1742510883.033572
3,366.421,1742510883.033572
4,357.563,1742510883.033572
5,370.386,1742510883.033572
6,357.833,1742510883.033572
7,373.346,1742510883.033572
0,372.443,1742510883.0837076
1,361.136,1742510883.0837076
2,369.661,1742510883.0837076
3,366.15,1742510883.0837076
4,357.563,1742510883.0837076
5,370.386,1742510883.0837076
6,357.833,1742510883.0837076
7,373.346,1742510883.0837076
0,372.443,1742510883.1338353
1,362.114,1742510883.1338353
2,369.661,1742510883.1338353
3,366.15,1742510883.1338353
4,357.711,1742510883.1338353
5,371.813,1742510883.1338353
6,359.761,1742510883.1338353
7,375.477,1742510883.1338353
0,371.506,1742510883.183976
1,362.114,1742510883.183976
2,363.354,1742510883.183976
3,358.882,1742510883.183976
4,357.711,1742510883.183976
5,371.813,1742510883.183976
6,359.761,1742510883.183976
7,375.477,1742510883.183976
0,371.506,1742510883.2341135
1,347.089,1742510883.2341135
2,363.354,1742510883.2341135
3,358.882,1742510883.2341135
4,341.791,1742510883.2341135
5,354.759,1742510883.2341135
6,350.63,1742510883.2341135
7,358.525,1742510883.2341135
0,346.515,1742510883.2842398
1,347.089,1742510883.2842398
2,340.357,1742510883.2842398
3,329.179,1742510883.2842398
4,341.791,1742510883.2842398
5,354.759,1742510883.2842398
6,350.63,1742510883.2842398
7,358.525,1742510883.2842398
0,346.515,1742510883.33437
1,322.516,1742510883.33437
2,340.357,1742510883.33437
3,329.179,1742510883.33437
4,319.798,1742510883.33437
5,329.394,1742510883.33437
6,325.948,1742510883.33437
7,335.623,1742510883.33437
0,323.109,1742510883.3844774
1,322.516,1742510883.3844774
2,316.838,1742510883.3844774
3,305.973,1742510883.3844774
4,319.798,1742510883.3844774
5,329.394,1742510883.3844774
6,325.948,1742510883.3844774
7,335.623,1742510883.3844774
0,323.109,1742510883.4346151
1,299.319,1742510883.4346151
2,316.838,1742510883.4346151
3,305.973,1742510883.4346151
4,293.868,1742510883.4346151
5,306.539,1742510883.4346151
6,305.525,1742510883.4346151
7,313.039,1742510883.4346151
0,299.726,1742510883.4847445
1,299.319,1742510883.4847445
2,292.069,1742510883.4847445
3,281.555,1742510883.4847445
4,293.868,1742510883.4847445
5,306.539,1742510883.4847445
6,305.525,1742510883.4847445
7,313.039,1742510883.4847445
0,299.726,1742510883.5348775
1,276.141,1742510883.5348775
2,292.069,1742510883.5348775
3,281.555,1742510883.5348775
4,269.82,1742510883.5348775
5,281.945,1742510883.5348775
6,281.598,1742510883.5348775
7,285.796,1742510883.5348775
0,275.543,1742510883.5850196
1,276.141,1742510883.5850196
2,265.695,1742510883.5850196
3,259.215,1742510883.5850196
4,269.82,1742510883.5850196
5,281.945,1742510883.5850196
6,281.598,1742510883.5850196
7,285.796,1742510883.5850196
0,275.543,1742510883.6351588
1,255.763,1742510883.6351588
2,265.695,1742510883.6351588
3,259.215,1742510883.6351588
4,249.386,1742510883.6351588
5,256.21,1742510883.6351588
6,257.479,1742510883.6351588
7,264.74,1742510883.6351588
0,251.617,1742510883.6852994
1,255.763,1742510883.6852994
2,239.958,1742510883.6852994
3,230.889,1742510883.6852994
4,249.386,1742510883.6852994
5,256.21,1742510883.6852994
6,257.479,1742510883.6852994
7,264.74,1742510883.6852994
0,251.617,1742510883.7354379
1,231.25,1742510883.7354379
2,239.958,1742510883.7354379
3,230.889,1742510883.7354379
4,249.386,1742510883.7354379
5,230.616,1742510883.7354379
6,222.474,1742510883.7354379
7,235.47,1742510883.7354379
0,226.495,1742510883.7855651
1,231.25,1742510883.7855651
2,217.429,1742510883.7855651
3,205.963,1742510883.7855651
4,215.709,1742510883.7855651
5,230.616,1742510883.7855651
6,222.474,1742510883.7855651
7,235.47,1742510883.7855651
0,226.495,1742510883.835705
1,206.88,1742510883.835705
2,217.429,1742510883.835705
3,205.963,1742510883.835705
4,215.709,1742510883.835705
5,205.911,1742510883.835705
6,198.414,1742510883.835705
7,215.76,1742510883.835705
0,201.001,1742510883.8858376
1,206.88,1742510883.8858376
2,189.782,1742510883.8858376
3,181.19,1742510883.8858376
4,192.714,1742510883.8858376
5,205.911,1742510883.8858376
6,198.414,1742510883.8858376
7,215.76,1742510883.8858376
0,201.001,1742510883.935976
1,182.748,1742510883.935976
2,189.782,1742510883.935976
3,181.19,1742510883.935976
4,192.714,1742510883.935976
5,179.888,1742510883.935976
6,178.764,1742510883.935976
7,185.701,1742510883.935976
0,176.418,1742510883.9861174
1,182.748,1742510883.9861174
2,165.683,1742510883.9861174
3,157.726,1742510883.9861174
4,167.692,1742510883.9861174
5,179.888,1742510883.9861174
6,178.764,1742510883.9861174
7,185.701,1742510883.9861174
0,176.418,1742510884.0362568
1,158.716,1742510884.0362568
2,165.683,1742510884.0362568
3,157.726,1742510884.0362568
4,167.692,1742510884.0362568
5,155.601,1742510884.0362568
6,154.894,1742510884.0362568
7,162.162,1742510884.0362568
0,151.321,1742510884.0863962
1,158.716,1742510884.0863962
2,140.748,1742510884.0863962
3,157.726,1742510884.0863962
4,141.512,1742510884.0863962
5,155.601,1742510884.0863962
6,154.894,1742510884.0863962
7,162.162,1742510884.0863962
0,151.321,1742510884.1365218
1,134.761,1742510884.1365218
2,140.748,1742510884.1365218
3,132.77,1742510884.1365218
4,141.512,1742510884.1365218
5,136.684,1742510884.1365218
6,124.586,1742510884.1365218
7,136.879,1742510884.1365218
0,125.916,1742510884.1866484
1,134.761,1742510884.1866484
2,124.367,1742510884.1866484
3,132.77,1742510884.1866484
4,120.165,1742510884.1866484
5,136.684,1742510884.1866484
6,124.586,1742510884.1866484
7,136.879,1742510884.1866484
0,125.916,1742510884.2367892
1,119.18,1742510884.2367892
2,124.367,1742510884.2367892
3,120.135,1742510884.2367892
4,120.165,1742510884.2367892
5,122.73,1742510884.2367892
6,119.042,1742510884.2367892
7,127.163,1742510884.2367892
0,122.64,1742510884.2869296
1,119.18,1742510884.2869296
2,123.757,1742510884.2869296
3,120.135,1742510884.2869296
4,119.25,1742510884.2869296
5,122.73,1742510884.2869296
6,119.042,1742510884.2869296
7,127.163,1742510884.2869296
0,122.64,1742510884.3370934
1,118.977,1742510884.3370934
2,123.757,1742510884.3370934
3,120.06,1742510884.3370934
4,119.25,1742510884.3370934
5,122.568,1742510884.3370934
6,118.935,1742510884.3370934
7,127.014,1742510884.3370934
0,122.566,1742510884.387222
1,118.977,1742510884.387222
2,123.573,1742510884.387222
3,120.06,1742510884.387222
4,119.132,1742510884.387222
5,122.568,1742510884.387222
6,118.935,1742510884.387222
7,127.014,1742510884.387222
0,122.566,1742510884.4373536
1,118.949,1742510884.4373536
2,123.573,1742510884.4373536
3,120.005,1742510884.4373536
4,119.132,1742510884.4373536
5,122.437,1742510884.4373536
6,118.826,1742510884.4373536
7,126.951,1742510884.4373536
0,122.478,1742510884.487481
1,118.949,1742510884.487481
2,123.404,1742510884.487481
3,120.005,1742510884.487481
4,119.042,1742510884.487481
5,122.437,1742510884.487481
6,118.826,1742510884.487481
7,126.951,1742510884.487481
0,122.478,1742510884.5376148
1,118.659,1742510884.5376148
2,123.404,1742510884.5376148
3,119.998,1742510884.5376148
4,119.042,1742510884.5376148
5,122.353,1742510884.5376148
6,118.758,1742510884.5376148
7,126.937,1742510884.5376148
0,122.409,1742510884.5877564
1,118.659,1742510884.5877564
2,123.283,1742510884.5877564
3,119.998,1742510884.5877564
4,118.959,1742510884.5877564
5,122.353,1742510884.5877564
6,118.758,1742510884.5877564
7,126.937,1742510884.5877564
0,122.409,1742510884.6378965
1,118.673,1742510884.6378965
2,123.283,1742510884.6378965
3,119.944,1742510884.6378965
4,118.959,1742510884.6378965
5,122.299,1742510884.6378965
6,118.716,1742510884.6378965
7,126.931,1742510884.6378965
0,122.366,1742510884.6880383
1,118.673,1742510884.6880383
2,123.201,1742510884.6880383
3,119.944,1742510884.6880383
4,118.914,1742510884.6880383
5,122.299,1742510884.6880383
6,118.716,1742510884.6880383
7,126.931,1742510884.6880383
0,122.366,1742510884.7381673
1,118.432,1742510884.7381673
2,123.201,1742510884.7381673
3,119.892,1742510884.7381673
4,118.914,1742510884.7381673
5,122.253,1742510884.7381673
6,118.678,1742510884.7381673
7,126.958,1742510884.7381673
0,122.326,1742510884.7883081
1,118.432,1742510884.7883081
2,123.16,1742510884.7883081
3,119.892,1742510884.7883081
4,118.844,1742510884.7883081
5,122.253,1742510884.7883081
6,118.678,1742510884.7883081
7,126.958,1742510884.7883081
0,122.326,1742510884.838468
1,118.473,1742510884.838468
2,123.16,1742510884.838468
3,119.85,1742510884.838468
4,118.844,1742510884.838468
5,122.195,1742510884.838468
6,118.625,1742510884.838468
7,126.972,1742510884.838468
0,122.26,1742510884.8886101
1,118.473,1742510884.8886101
2,123.09,1742510884.8886101
3,119.85,1742510884.8886101
4,118.776,1742510884.8886101
5,122.195,1742510884.8886101
6,118.625,1742510884.8886101
7,126.972,1742510884.8886101
0,122.26,1742510884.9387455
1,118.247,1742510884.9387455
2,123.09,1742510884.9387455
3,119.798,1742510884.9387455
4,118.776,1742510884.9387455
5,122.142,1742510884.9387455
6,118.586,1742510884.9387455
7,126.931,1742510884.9387455
0,122.231,1742510884.9888952
1,118.247,1742510884.9888952
2,123.07,1742510884.9888952
3,119.798,1742510884.9888952
4,118.749,1742510884.9888952
5,122.142,1742510884.9888952
6,118.586,1742510884.9888952
7,126.931,1742510884.9888952
0,122.231,1742510885.0390716
1,118.233,1742510885.0390716
2,123.07,1742510885.0390716
3,119.765,1742510885.0390716
4,118.749,1742510885.0390716
5,122.1,1742510885.0390716
6,118.528,1742510885.0390716
7,126.89,1742510885.0390716
0,122.183,1742510885.0892148
1,118.233,1742510885.0892148
2,123.07,1742510885.0892148
3,119.765,1742510885.0892148
4,118.701,1742510885.0892148
5,122.1,1742510885.0892148
6,118.528,1742510885.0892148
7,126.89,1742510885.0892148
0,122.183,1742510885.1393542
1,118.062,1742510885.1393542
2,123.031,1742510885.1393542
3,119.71,1742510885.1393542
4,118.701,1742510885.1393542
5,122.073,1742510885.1393542
6,118.482,1742510885.1393542
7,126.836,1742510885.1393542
0,122.161,1742510885.1894953
1,118.062,1742510885.1894953
2,123.031,1742510885.1894953
3,119.71,1742510885.1894953
4,118.673,1742510885.1894953
5,122.073,1742510885.1894953
6,118.482,1742510885.1894953
7,126.836,1742510885.1894953
0,122.161,1742510885.239633
1,117.989,1742510885.239633
2,123.009,1742510885.239633
3,119.697,1742510885.239633
4,118.673,1742510885.239633
5,122.044,1742510885.239633
6,118.456,1742510885.239633
7,126.768,1742510885.239633
0,122.151,1742510885.2897646
1,117.989,1742510885.2897646
2,123.009,1742510885.2897646
3,119.697,1742510885.2897646
4,118.648,1742510885.2897646
5,122.044,1742510885.2897646
6,118.456,1742510885.2897646
7,126.768,1742510885.2897646
0,122.151,1742510885.339895
1,117.977,1742510885.339895
2,122.969,1742510885.339895
3,119.669,1742510885.339895
4,118.648,1742510885.339895
5,122.017,1742510885.339895
6,118.449,1742510885.339895
7,126.743,1742510885.339895
0,122.126,1742510885.3900511
1,117.977,1742510885.3900511
2,122.969,1742510885.3900511
3,119.669,1742510885.3900511
4,118.634,1742510885.3900511
5,122.017,1742510885.3900511
6,118.449,1742510885.3900511
7,126.743,1742510885.3900511
0,122.126,1742510885.4401898
1,117.868,1742510885.4401898
2,122.922,1742510885.4401898
3,119.669,1742510885.4401898
4,118.634,1742510885.4401898
5,122.004,1742510885.4401898
6,118.416,1742510885.4401898
7,126.71,1742510885.4401898
0,122.105,1742510885.4903283
1,117.868,1742510885.4903283
2,122.922,1742510885.4903283
3,119.669,1742510885.4903283
4,118.601,1742510885.4903283
5,122.004,1742510885.4903283
6,118.416,1742510885.4903283
7,126.71,1742510885.4903283
0,122.105,1742510885.5404553
1,117.996,1742510885.5404553
2,122.886,1742510885.5404553
3,119.642,1742510885.5404553
4,118.601,1742510885.5404553
5,121.957,1742510885.5404553
6,118.377,1742510885.5404553
7,126.676,1742510885.5404553
0,122.096,1742510885.5905967
1,117.996,1742510885.5905967
2,122.886,1742510885.5905967
3,119.642,1742510885.5905967
4,118.591,1742510885.5905967
5,121.957,1742510885.5905967
6,118.377,1742510885.5905967
7,126.676,1742510885.5905967
0,122.096,1742510885.6407344
1,117.816,1742510885.6407344
2,122.859,1742510885.6407344
3,119.609,1742510885.6407344
4,118.591,1742510885.6407344
5,121.938,1742510885.6407344
6,118.324,1742510885.6407344
7,126.662,1742510885.6407344
0,122.03,1742510885.690863
1,117.816,1742510885.690863
2,122.859,1742510885.690863
3,119.609,1742510885.690863
4,118.56,1742510885.690863
5,121.938,1742510885.690863
6,118.324,1742510885.690863
7,126.662,1742510885.690863
0,122.03,1742510885.7410033
1,117.937,1742510885.7410033
2,122.846,1742510885.7410033
3,119.572,1742510885.7410033
4,118.56,1742510885.7410033
5,121.899,1742510885.7410033
6,118.298,1742510885.7410033
7,126.628,1742510885.7410033
0,121.963,1742510885.7911537
1,117.937,1742510885.7911537
2,122.846,1742510885.7911537
3,119.572,1742510885.7911537
4,118.549,1742510885.7911537
5,121.899,1742510885.7911537
6,118.298,1742510885.7911537
7,126.628,1742510885.7911537
0,121.963,1742510885.8412938
1,117.803,1742510885.8412938
2,122.804,1742510885.8412938
3,119.544,1742510885.8412938
4,118.549,1742510885.8412938
5,121.918,1742510885.8412938
6,118.285,1742510885.8412938
7,126.632,1742510885.8412938
0,121.903,1742510885.891455
1,117.803,1742510885.891455
2,122.804,1742510885.891455
3,119.544,1742510885.891455
4,118.56,1742510885.891455
5,121.918,1742510885.891455
6,118.285,1742510885.891455
7,126.632,1742510885.891455
0,121.903,1742510885.941595
1,117.878,1742510885.941595
2,122.791,1742510885.941595
3,119.539,1742510885.941595
4,118.56,1742510885.941595
5,121.886,1742510885.941595
6,118.252,1742510885.941595
7,126.635,1742510885.941595
0,121.85,1742510885.991734
1,117.878,1742510885.991734
2,122.791,1742510885.991734
3,119.539,1742510885.991734
4,118.538,1742510885.991734
5,121.886,1742510885.991734
6,118.252,1742510885.991734
7,126.635,1742510885.991734
0,121.85,1742510886.0418608
1,117.803,1742510886.0418608
2,122.741,1742510886.0418608
3,119.527,1742510886.0418608
4,118.538,1742510886.0418608
5,121.886,1742510886.0418608
6,118.244,1742510886.0418608
7,126.606,1742510886.0418608
0,121.79,1742510886.0920026
1,117.803,1742510886.0920026
2,122.741,1742510886.0920026
3,119.527,1742510886.0920026
4,118.539,1742510886.0920026
5,121.886,1742510886.0920026
6,118.244,1742510886.0920026
7,126.606,1742510886.0920026
0,121.79,1742510886.1421318
1,117.79,1742510886.1421318
2,122.721,1742510886.1421318
3,119.537,1742510886.1421318
4,118.539,1742510886.1421318
5,121.819,1742510886.1421318
6,118.225,1742510886.1421318
7,126.59,1742510886.1421318
0,121.729,1742510886.1922736
1,117.79,1742510886.1922736
2,122.721,1742510886.1922736
3,119.537,1742510886.1922736
4,118.519,1742510886.1922736
5,121.819,1742510886.1922736
6,118.225,1742510886.1922736
7,126.59,1742510886.1922736
0,121.729,1742510886.2424114
1,117.817,1742510886.2424114
2,122.698,1742510886.2424114
3,119.498,1742510886.2424114
4,118.519,1742510886.2424114
5,121.819,1742510886.2424114
6,118.193,1742510886.2424114
7,126.574,1742510886.2424114
0,121.661,1742510886.2925313
1,117.817,1742510886.2925313
2,122.698,1742510886.2925313
3,119.498,1742510886.2925313
4,118.507,1742510886.2925313
5,121.819,1742510886.2925313
6,118.193,1742510886.2925313
7,126.574,1742510886.2925313
0,121.661,1742510886.342668
1,117.734,1742510886.342668
2,122.671,1742510886.342668
3,119.468,1742510886.342668
4,118.507,1742510886.342668
5,121.781,1742510886.342668
6,118.187,1742510886.342668
7,126.533,1742510886.342668
0,121.589,1742510886.3927984
1,117.734,1742510886.3927984
2,122.671,1742510886.3927984
3,119.468,1742510886.3927984
4,118.482,1742510886.3927984
5,121.781,1742510886.3927984
6,118.187,1742510886.3927984
7,126.533,1742510886.3927984
0,121.589,1742510886.4429376
1,117.843,1742510886.4429376
2,122.673,1742510886.4429376
3,119.447,1742510886.4429376
4,118.482,1742510886.4429376
5,121.783,1742510886.4429376
6,118.18,1742510886.4429376
7,126.507,1742510886.4429376
0,121.523,1742510886.4930732
1,117.843,1742510886.4930732
2,122.673,1742510886.4930732
3,119.447,1742510886.4930732
4,118.457,1742510886.4930732
5,121.783,1742510886.4930732
6,118.18,1742510886.4930732
7,126.507,1742510886.4930732
0,121.523,1742510886.54321
1,117.671,1742510886.54321
2,122.668,1742510886.54321
3,119.446,1742510886.54321
4,118.457,1742510886.54321
5,121.726,1742510886.54321
6,118.193,1742510886.54321
7,126.507,1742510886.54321
0,121.458,1742510886.5933473
1,117.671,1742510886.5933473
2,122.668,1742510886.5933473
3,119.446,1742510886.5933473
4,118.438,1742510886.5933473
5,121.726,1742510886.5933473
6,118.193,1742510886.5933473
7,126.507,1742510886.5933473
0,121.458,1742510886.643483
1,117.783,1742510886.643483
2,122.65,1742510886.643483
3,119.42,1742510886.643483
4,118.438,1742510886.643483
5,121.72,1742510886.643483
6,118.187,1742510886.643483
7,126.459,1742510886.643483
0,121.459,1742510886.69364
1,117.783,1742510886.69364
2,122.65,1742510886.69364
3,119.42,1742510886.69364
4,118.444,1742510886.69364
5,121.72,1742510886.69364
6,118.187,1742510886.69364
7,126.459,1742510886.69364
0,121.459,1742510886.7437813
1,117.645,1742510886.7437813
2,122.629,1742510886.7437813
3,119.413,1742510886.7437813
4,118.444,1742510886.7437813
5,121.699,1742510886.7437813
6,118.179,1742510886.7437813
7,126.452,1742510886.7437813
0,121.445,1742510886.7939181
1,117.645,1742510886.7939181
2,122.629,1742510886.7939181
3,119.413,1742510886.7939181
4,118.423,1742510886.7939181
5,121.699,1742510886.7939181
6,118.179,1742510886.7939181
7,126.452,1742510886.7939181
0,121.445,1742510886.8440547
1,117.713,1742510886.8440547
2,122.588,1742510886.8440547
3,119.404,1742510886.8440547
4,118.423,1742510886.8440547
5,121.666,1742510886.8440547
6,118.159,1742510886.8440547
7,126.412,1742510886.8440547
0,121.434,1742510886.8941915
1,117.713,1742510886.8941915
2,122.588,1742510886.8941915
3,119.404,1742510886.8941915
4,118.396,1742510886.8941915
5,121.666,1742510886.8941915
6,118.159,1742510886.8941915
7,126.412,1742510886.8941915
0,121.434,1742510886.9443176
1,117.67,1742510886.9443176
2,122.574,1742510886.9443176
3,119.398,1742510886.9443176
4,118.396,1742510886.9443176
5,121.65,1742510886.9443176
6,118.147,1742510886.9443176
7,126.379,1742510886.9443176
0,121.408,1742510886.9944427
1,117.67,1742510886.9944427
2,122.574,1742510886.9944427
3,119.398,1742510886.9944427
4,118.375,1742510886.9944427
5,121.65,1742510886.9944427
6,118.147,1742510886.9944427
7,126.379,1742510886.9944427
0,121.408,1742510887.0445673
1,117.636,1742510887.0445673
2,122.555,1742510887.0445673
3,119.385,1742510887.0445673
4,118.375,1742510887.0445673
5,121.63,1742510887.0445673
6,118.133,1742510887.0445673
7,126.353,1742510887.0445673
0,121.393,1742510887.094776
1,117.636,1742510887.094776
2,122.555,1742510887.094776
3,119.385,1742510887.094776
4,118.327,1742510887.094776
5,121.63,1742510887.094776
6,118.133,1742510887.094776
7,126.353,1742510887.094776
0,121.393,1742510887.144915
1,117.653,1742510887.144915
2,122.544,1742510887.144915
3,119.391,1742510887.144915
4,118.327,1742510887.144915
5,121.654,1742510887.144915
6,118.134,1742510887.144915
7,126.331,1742510887.144915
0,121.388,1742510887.1950512
1,117.653,1742510887.1950512
2,122.544,1742510887.1950512
3,119.391,1742510887.1950512
4,118.322,1742510887.1950512
5,121.654,1742510887.1950512
6,118.134,1742510887.1950512
7,126.331,1742510887.1950512
0,121.388,1742510887.2451677
1,117.626,1742510887.2451677
2,122.529,1742510887.2451677
3,119.364,1742510887.2451677
4,118.322,1742510887.2451677
5,121.621,1742510887.2451677
6,118.121,1742510887.2451677
7,126.318,1742510887.2451677
0,121.398,1742510887.2953055
1,117.626,1742510887.2953055
2,122.529,1742510887.2953055
3,119.364,1742510887.2953055
4,118.326,1742510887.2953055
5,121.621,1742510887.2953055
6,118.121,1742510887.2953055
7,126.318,1742510887.2953055
0,121.398,1742510887.3454933
1,117.674,1742510887.3454933
2,122.523,1742510887.3454933
3,119.349,1742510887.3454933
4,118.326,1742510887.3454933
5,121.62,1742510887.3454933
6,118.099,1742510887.3454933
7,126.318,1742510887.3454933
0,121.385,1742510887.395648
1,117.674,1742510887.395648
2,122.523,1742510887.395648
3,119.349,1742510887.395648
4,118.32,1742510887.395648
5,121.62,1742510887.395648
6,118.099,1742510887.395648
7,126.318,1742510887.395648
0,121.385,1742510887.4457726
1,117.552,1742510887.4457726
2,122.476,1742510887.4457726
3,119.335,1742510887.4457726
4,118.32,1742510887.4457726
5,121.587,1742510887.4457726
6,118.081,1742510887.4457726
7,126.303,1742510887.4457726
0,121.373,1742510887.49591
1,117.552,1742510887.49591
2,122.476,1742510887.49591
3,119.335,1742510887.49591
4,118.318,1742510887.49591
5,121.587,1742510887.49591
6,118.081,1742510887.49591
7,126.303,1742510887.49591
0,121.373,1742510887.54605
1,117.689,1742510887.54605
2,122.435,1742510887.54605
3,119.328,1742510887.54605
4,118.318,1742510887.54605
5,121.6,1742510887.54605
6,118.058,1742510887.54605
7,126.285,1742510887.54605
0,121.36,1742510887.5961874
1,117.689,1742510887.5961874
2,122.435,1742510887.5961874
3,119.328,1742510887.5961874
4,118.304,1742510887.5961874
5,121.6,1742510887.5961874
6,118.058,1742510887.5961874
7,126.285,1742510887.5961874
0,121.36,1742510887.6463249
1,117.553,1742510887.6463249
2,122.409,1742510887.6463249
3,119.322,1742510887.6463249
4,118.304,1742510887.6463249
5,121.547,1742510887.6463249
6,118.045,1742510887.6463249
7,126.253,1742510887.6463249
0,121.332,1742510887.6964502
1,117.553,1742510887.6964502
2,122.409,1742510887.6964502
3,119.322,1742510887.6964502
4,118.271,1742510887.6964502
5,121.547,1742510887.6964502
6,118.045,1742510887.6964502
7,126.253,1742510887.6964502
0,121.332,1742510887.7465866
1,117.69,1742510887.7465866
2,122.409,1742510887.7465866
3,119.335,1742510887.7465866
4,118.271,1742510887.7465866
5,121.559,1742510887.7465866
6,118.046,1742510887.7465866
7,126.202,1742510887.7465866
0,121.311,1742510887.796727
1,117.69,1742510887.796727
2,122.409,1742510887.796727
3,119.335,1742510887.796727
4,118.236,1742510887.796727
5,121.559,1742510887.796727
6,118.046,1742510887.796727
7,126.202,1742510887.796727
0,121.311,1742510887.8468554
1,117.574,1742510887.8468554
2,122.409,1742510887.8468554
3,119.321,1742510887.8468554
4,118.236,1742510887.8468554
5,121.525,1742510887.8468554
6,118.053,1742510887.8468554
7,126.198,1742510887.8468554
0,121.298,1742510887.89698
1,117.574,1742510887.89698
2,122.409,1742510887.89698
3,119.321,1742510887.89698
4,118.229,1742510887.89698
5,121.525,1742510887.89698
6,118.053,1742510887.89698
7,126.198,1742510887.89698
0,121.298,1742510887.9471161
1,117.619,1742510887.9471161
2,122.403,1742510887.9471161
3,119.301,1742510887.9471161
4,118.229,1742510887.9471161
5,121.559,1742510887.9471161
6,118.024,1742510887.9471161
7,126.185,1742510887.9471161
0,121.338,1742510887.997243
1,117.619,1742510887.997243
2,122.403,1742510887.997243
3,119.301,1742510887.997243
4,118.215,1742510887.997243
5,121.559,1742510887.997243
6,118.024,1742510887.997243
7,126.185,1742510887.997243
0,121.338,1742510888.0473826
1,117.605,1742510888.0473826
2,122.396,1742510888.0473826
3,119.274,1742510888.0473826
4,118.215,1742510888.0473826
5,121.526,1742510888.0473826
6,118.013,1742510888.0473826
7,126.192,1742510888.0473826
0,121.337,1742510888.0975208
1,117.605,1742510888.0975208
2,122.396,1742510888.0975208
3,119.274,1742510888.0975208
4,118.202,1742510888.0975208
5,121.526,1742510888.0975208
6,118.013,1742510888.0975208
7,126.192,1742510888.0975208
0,121.337,1742510888.1476576
1,117.526,1742510888.1476576
2,122.35,1742510888.1476576
3,119.254,1742510888.1476576
4,118.202,1742510888.1476576
5,121.505,1742510888.1476576
6,117.968,1742510888.1476576
7,126.178,1742510888.1476576
0,121.343,1742510888.1977904
1,117.526,1742510888.1977904
2,122.35,1742510888.1977904
3,119.254,1742510888.1977904
4,118.203,1742510888.1977904
5,121.505,1742510888.1977904
6,117.968,1742510888.1977904
7,126.178,1742510888.1977904
0,121.343,1742510888.247922
1,117.6,1742510888.247922
2,122.33,1742510888.247922
3,119.255,1742510888.247922
4,118.203,1742510888.247922
5,121.468,1742510888.247922
6,117.961,1742510888.247922
7,126.157,1742510888.247922
0,121.35,1742510888.29806
1,117.6,1742510888.29806
2,122.33,1742510888.29806
3,119.255,1742510888.29806
4,118.189,1742510888.29806
5,121.468,1742510888.29806
6,117.961,1742510888.29806
7,126.157,1742510888.29806
0,121.35,1742510888.3482947
1,117.498,1742510888.3482947
2,122.304,1742510888.3482947
3,119.269,1742510888.3482947
4,118.189,1742510888.3482947
5,121.479,1742510888.3482947
6,117.962,1742510888.3482947
7,126.136,1742510888.3482947
0,121.349,1742510888.3985484
1,117.498,1742510888.3985484
2,122.304,1742510888.3985484
3,119.269,1742510888.3985484
4,118.181,1742510888.3985484
5,121.479,1742510888.3985484
6,117.962,1742510888.3985484
7,126.136,1742510888.3985484
0,121.349,1742510888.4486835
1,117.638,1742510888.4486835
2,122.298,1742510888.4486835
3,119.27,1742510888.4486835
4,118.181,1742510888.4486835
5,121.464,1742510888.4486835
6,117.955,1742510888.4486835
7,126.095,1742510888.4486835
0,121.35,1742510888.4988172
1,117.638,1742510888.4988172
2,122.298,1742510888.4988172
3,119.27,1742510888.4988172
4,118.168,1742510888.4988172
5,121.464,1742510888.4988172
6,117.955,1742510888.4988172
7,126.095,1742510888.4988172
0,121.35,1742510888.5489566
1,117.469,1742510888.5489566
2,122.284,1742510888.5489566
3,119.249,1742510888.5489566
4,118.168,1742510888.5489566
5,121.488,1742510888.5489566
6,117.955,1742510888.5489566
7,126.096,1742510888.5489566
0,121.361,1742510888.5990932
1,117.469,1742510888.5990932
2,122.284,1742510888.5990932
3,119.249,1742510888.5990932
4,118.174,1742510888.5990932
5,121.488,1742510888.5990932
6,117.955,1742510888.5990932
7,126.096,1742510888.5990932
0,121.361,1742510888.6492352
1,117.582,1742510888.6492352
2,122.271,1742510888.6492352
3,119.236,1742510888.6492352
4,118.174,1742510888.6492352
5,121.479,1742510888.6492352
6,117.926,1742510888.6492352
7,126.096,1742510888.6492352
0,121.382,1742510888.69938
1,117.582,1742510888.69938
2,122.271,1742510888.69938
3,119.236,1742510888.69938
4,118.173,1742510888.69938
5,121.479,1742510888.69938
6,117.926,1742510888.69938
7,126.096,1742510888.69938
0,121.382,1742510888.7495215
1,117.482,1742510888.7495215
2,122.258,1742510888.7495215
3,119.193,1742510888.7495215
4,118.173,1742510888.7495215
5,121.503,1742510888.7495215
6,117.911,1742510888.7495215
7,126.082,1742510888.7495215
0,121.402,1742510888.7996647
1,117.482,1742510888.7996647
2,122.258,1742510888.7996647
3,119.193,1742510888.7996647
4,118.154,1742510888.7996647
5,121.503,1742510888.7996647
6,117.911,1742510888.7996647
7,126.082,1742510888.7996647
0,121.402,1742510888.849825
1,117.522,1742510888.849825
2,122.224,1742510888.849825
3,119.172,1742510888.849825
4,118.154,1742510888.849825
5,121.488,1742510888.849825
6,117.89,1742510888.849825
7,126.095,1742510888.849825
0,121.423,1742510888.8999987
1,117.522,1742510888.8999987
2,122.224,1742510888.8999987
3,119.172,1742510888.8999987
4,118.147,1742510888.8999987
5,121.488,1742510888.8999987
6,117.89,1742510888.8999987
7,126.095,1742510888.8999987
0,121.423,1742510888.9501433
1,117.536,1742510888.9501433
2,122.199,1742510888.9501433
3,119.165,1742510888.9501433
4,118.147,1742510888.9501433
5,121.471,1742510888.9501433
6,117.892,1742510888.9501433
7,126.082,1742510888.9501433
0,121.398,1742510889.0002868
1,117.536,1742510889.0002868
2,122.199,1742510889.0002868
3,119.165,1742510889.0002868
4,118.146,1742510889.0002868
5,121.471,1742510889.0002868
6,117.892,1742510889.0002868
7,126.082,1742510889.0002868
0,121.398,1742510889.0504148
1,117.482,1742510889.0504148
2,122.193,1742510889.0504148
3,119.161,1742510889.0504148
4,118.146,1742510889.0504148
5,121.442,1742510889.0504148
6,117.927,1742510889.0504148
7,126.063,1742510889.0504148
0,121.39,1742510889.1005375
1,117.482,1742510889.1005375
2,122.193,1742510889.1005375
3,119.161,1742510889.1005375
4,118.146,1742510889.1005375
5,121.442,1742510889.1005375
6,117.927,1742510889.1005375
7,126.063,1742510889.1005375
0,121.39,1742510889.1506834
1,117.557,1742510889.1506834
2,122.185,1742510889.1506834
3,119.167,1742510889.1506834
4,118.146,1742510889.1506834
5,121.449,1742510889.1506834
6,117.954,1742510889.1506834
7,126.056,1742510889.1506834
0,121.381,1742510889.200827
1,117.557,1742510889.200827
2,122.185,1742510889.200827
3,119.167,1742510889.200827
4,118.153,1742510889.200827
5,121.449,1742510889.200827
6,117.954,1742510889.200827
7,126.056,1742510889.200827
0,121.381,1742510889.250971
1,117.429,1742510889.250971
2,122.173,1742510889.250971
3,119.147,1742510889.250971
4,118.153,1742510889.250971
5,121.484,1742510889.250971
6,117.951,1742510889.250971
7,126.034,1742510889.250971
0,121.369,1742510889.3011055
1,117.429,1742510889.3011055
2,122.173,1742510889.3011055
3,119.147,1742510889.3011055
4,118.138,1742510889.3011055
5,121.484,1742510889.3011055
6,117.951,1742510889.3011055
7,126.034,1742510889.3011055
0,121.369,1742510889.3512466
1,117.557,1742510889.3512466
2,122.173,1742510889.3512466
3,119.143,1742510889.3512466
4,118.138,1742510889.3512466
5,121.448,1742510889.3512466
6,117.929,1742510889.3512466
7,125.995,1742510889.3512466
0,121.365,1742510889.401388
1,117.557,1742510889.401388
2,122.173,1742510889.401388
3,119.143,1742510889.401388
4,118.146,1742510889.401388
5,121.448,1742510889.401388
6,117.929,1742510889.401388
7,125.995,1742510889.401388
0,121.365,1742510889.4515254
1,117.403,1742510889.4515254
2,122.166,1742510889.4515254
3,119.141,1742510889.4515254
4,118.146,1742510889.4515254
5,121.437,1742510889.4515254
6,117.908,1742510889.4515254
7,126.009,1742510889.4515254
0,121.381,1742510889.5016687
1,117.403,1742510889.5016687
2,122.166,1742510889.5016687
3,119.141,1742510889.5016687
4,118.145,1742510889.5016687
5,121.437,1742510889.5016687
6,117.908,1742510889.5016687
7,126.009,1742510889.5016687
0,121.381,1742510889.5518157
1,117.519,1742510889.5518157
2,122.147,1742510889.5518157
3,119.12,1742510889.5518157
4,118.145,1742510889.5518157
5,121.418,1742510889.5518157
6,117.908,1742510889.5518157
7,125.981,1742510889.5518157
0,121.348,1742510889.601973
1,117.519,1742510889.601973
2,122.147,1742510889.601973
3,119.12,1742510889.601973
4,118.111,1742510889.601973
5,121.418,1742510889.601973
6,117.894,1742510889.601973
7,125.981,1742510889.601973
0,121.348,1742510889.652117
1,117.434,1742510889.652117
2,122.146,1742510889.652117
3,119.11,1742510889.652117
4,118.111,1742510889.652117
5,121.425,1742510889.652117
6,117.894,1742510889.652117
7,125.973,1742510889.652117
0,121.357,1742510889.7022576
1,117.434,1742510889.7022576
2,122.146,1742510889.7022576
3,119.11,1742510889.7022576
4,118.103,1742510889.7022576
5,121.425,1742510889.7022576
6,117.896,1742510889.7022576
7,125.973,1742510889.7022576
0,121.357,1742510889.7524033
1,117.474,1742510889.7524033
2,122.146,1742510889.7524033
3,119.093,1742510889.7524033
4,118.103,1742510889.7524033
5,121.398,1742510889.7524033
6,117.896,1742510889.7524033
7,125.969,1742510889.7524033
0,121.327,1742510889.8025448
1,117.474,1742510889.8025448
2,122.146,1742510889.8025448
3,119.093,1742510889.8025448
4,118.069,1742510889.8025448
5,121.398,1742510889.8025448
6,117.895,1742510889.8025448
7,125.969,1742510889.8025448
0,121.327,1742510889.8526738
1,117.446,1742510889.8526738
2,122.146,1742510889.8526738
3,119.09,1742510889.8526738
4,118.069,1742510889.8526738
5,121.398,1742510889.8526738
6,117.895,1742510889.8526738
7,125.969,1742510889.8526738
0,121.311,1742510889.9028227
1,117.446,1742510889.9028227
2,122.146,1742510889.9028227
3,119.09,1742510889.9028227
4,118.09,1742510889.9028227
5,121.398,1742510889.9028227
6,117.921,1742510889.9028227
7,125.961,1742510889.9028227
0,121.311,1742510889.952966
1,117.412,1742510889.952966
2,122.133,1742510889.952966
3,119.076,1742510889.952966
4,118.09,1742510889.952966
5,121.37,1742510889.952966
6,117.921,1742510889.952966
7,125.961,1742510889.952966
0,121.327,1742510890.003105
1,117.412,1742510890.003105
2,122.133,1742510890.003105
3,119.076,1742510890.003105
4,118.071,1742510890.003105
5,121.37,1742510890.003105
6,117.905,1742510890.003105
7,125.969,1742510890.003105
0,121.327,1742510890.053243
1,117.474,1742510890.053243
2,122.12,1742510890.053243
3,119.062,1742510890.053243
4,118.071,1742510890.053243
5,121.388,1742510890.053243
6,117.905,1742510890.053243
7,125.969,1742510890.053243
0,121.293,1742510890.103371
1,117.474,1742510890.103371
2,122.12,1742510890.103371
3,119.062,1742510890.103371
4,118.064,1742510890.103371
5,121.388,1742510890.103371
6,117.883,1742510890.103371
7,125.975,1742510890.103371
0,121.293,1742510890.1535094
1,117.354,1742510890.1535094
2,122.126,1742510890.1535094
3,119.041,1742510890.1535094
4,118.064,1742510890.1535094
5,121.383,1742510890.1535094
6,117.883,1742510890.1535094
7,125.977,1742510890.1535094
0,121.266,1742510890.203648
1,117.354,1742510890.203648
2,122.126,1742510890.203648
3,119.041,1742510890.203648
4,118.049,1742510890.203648
5,121.383,1742510890.203648
6,117.848,1742510890.203648
7,125.977,1742510890.203648
0,121.266,1742510890.253795
1,117.474,1742510890.253795
2,122.094,1742510890.253795
3,119.041,1742510890.253795
4,118.049,1742510890.253795
5,121.342,1742510890.253795
6,117.848,1742510890.253795
7,125.991,1742510890.253795
0,121.266,1742510890.3039496
1,117.474,1742510890.3039496
2,122.094,1742510890.3039496
3,119.041,1742510890.3039496
4,118.029,1742510890.3039496
5,121.342,1742510890.3039496
6,117.808,1742510890.3039496
7,125.991,1742510890.3039496
0,121.266,1742510890.3540924
1,117.337,1742510890.3540924
2,122.081,1742510890.3540924
3,119.034,1742510890.3540924
4,118.029,1742510890.3540924
5,121.314,1742510890.3540924
6,117.808,1742510890.3540924
7,125.974,1742510890.3540924
0,121.277,1742510890.4042366
1,117.337,1742510890.4042366
2,122.081,1742510890.4042366
3,119.034,1742510890.4042366
4,118.025,1742510890.4042366
5,121.314,1742510890.4042366
6,117.809,1742510890.4042366
7,125.974,1742510890.4042366
0,121.277,1742510890.4543815
1,117.465,1742510890.4543815
2,122.067,1742510890.4543815
3,119.012,1742510890.4543815
4,118.025,1742510890.4543815
5,121.312,1742510890.4543815
6,117.809,1742510890.4543815
7,125.961,1742510890.4543815
0,121.241,1742510890.5045269
1,117.465,1742510890.5045269
2,122.067,1742510890.5045269
3,119.012,1742510890.5045269
4,117.992,1742510890.5045269
5,121.312,1742510890.5045269
6,117.817,1742510890.5045269
7,125.961,1742510890.5045269
0,121.241,1742510890.5546713
1,117.342,1742510890.5546713
2,122.069,1742510890.5546713
3,119.034,1742510890.5546713
4,117.992,1742510890.5546713
5,121.313,1742510890.5546713
6,117.817,1742510890.5546713
7,125.94,1742510890.5546713
0,121.235,1742510890.6048193
1,117.342,1742510890.6048193
2,122.069,1742510890.6048193
3,119.034,1742510890.6048193
4,117.979,1742510890.6048193
5,121.313,1742510890.6048193
6,117.821,1742510890.6048193
7,125.94,1742510890.6048193
0,121.235,1742510890.6549644
1,117.342,1742510890.6549644
2,122.062,1742510890.6549644
3,119.02,1742510890.6549644
4,117.979,1742510890.6549644
5,121.284,1742510890.6549644
6,117.821,1742510890.6549644
7,125.893,1742510890.6549644
0,121.228,1742510890.7051158
1,117.423,1742510890.7051158
2,122.062,1742510890.7051158
3,119.02,1742510890.7051158
4,117.987,1742510890.7051158
5,121.284,1742510890.7051158
6,117.806,1742510890.7051158
7,125.893,1742510890.7051158
0,121.228,1742510890.7552638
1,117.308,1742510890.7552638
2,122.041,1742510890.7552638
3,119.02,1742510890.7552638
4,117.987,1742510890.7552638
5,121.29,1742510890.7552638
6,117.806,1742510890.7552638
7,125.893,1742510890.7552638
0,121.239,1742510890.8054066
1,117.308,1742510890.8054066
2,122.041,1742510890.8054066
3,119.02,1742510890.8054066
4,117.988,1742510890.8054066
5,121.29,1742510890.8054066
6,117.796,1742510890.8054066
7,125.866,1742510890.8054066
0,121.239,1742510890.8555336
1,117.337,1742510890.8555336
2,122.047,1742510890.8555336
3,119.021,1742510890.8555336
4,117.988,1742510890.8555336
5,121.262,1742510890.8555336
6,117.796,1742510890.8555336
7,125.866,1742510890.8555336
0,121.229,1742510890.9056735
1,117.337,1742510890.9056735
2,122.047,1742510890.9056735
3,119.021,1742510890.9056735
4,117.99,1742510890.9056735
5,121.262,1742510890.9056735
6,117.763,1742510890.9056735
7,125.883,1742510890.9056735
0,121.229,1742510890.95581
1,117.328,1742510890.95581
2,122.017,1742510890.95581
3,119.02,1742510890.95581
4,117.99,1742510890.95581
5,121.289,1742510890.95581
6,117.763,1742510890.95581
7,125.843,1742510890.95581
0,121.173,1742510891.00595
1,117.328,1742510891.00595
2,122.017,1742510891.00595
3,119.02,1742510891.00595
4,117.967,1742510891.00595
5,121.289,1742510891.00595
6,117.744,1742510891.00595
7,125.843,1742510891.00595
0,121.173,1742510891.0560992
1,117.284,1742510891.0560992
2,122.01,1742510891.0560992
3,119.014,1742510891.0560992
4,117.967,1742510891.0560992
5,121.257,1742510891.0560992
6,117.744,1742510891.0560992
7,125.797,1742510891.0560992
0,121.182,1742510891.1062346
1,117.284,1742510891.1062346
2,122.01,1742510891.1062346
3,119.014,1742510891.1062346
4,117.961,1742510891.1062346
5,121.257,1742510891.1062346
6,117.731,1742510891.1062346
7,125.797,1742510891.1062346
0,121.182,1742510891.1563735
1,117.284,1742510891.1563735
2,122.01,1742510891.1563735
3,119.028,1742510891.1563735
4,117.961,1742510891.1563735
5,121.247,1742510891.1563735
6,117.731,1742510891.1563735
7,125.771,1742510891.1563735
0,121.183,1742510891.206502
1,117.379,1742510891.206502
2,122.01,1742510891.206502
3,119.028,1742510891.206502
4,117.934,1742510891.206502
5,121.247,1742510891.206502
6,117.724,1742510891.206502
7,125.771,1742510891.206502
0,121.183,1742510891.256682
1,117.379,1742510891.256682
2,122.021,1742510891.256682
3,119.048,1742510891.256682
4,117.934,1742510891.256682
5,121.22,1742510891.256682
6,117.724,1742510891.256682
7,125.75,1742510891.256682
0,121.15,1742510891.306822
1,117.239,1742510891.306822
2,122.021,1742510891.306822
3,119.048,1742510891.306822
4,117.925,1742510891.306822
5,121.22,1742510891.306822
6,117.744,1742510891.306822
7,125.75,1742510891.306822
0,121.15,1742510891.3570023
1,117.239,1742510891.3570023
2,122.014,1742510891.3570023
3,119.02,1742510891.3570023
4,117.925,1742510891.3570023
5,121.255,1742510891.3570023
6,117.744,1742510891.3570023
7,125.737,1742510891.3570023
0,121.141,1742510891.4071438
1,117.36,1742510891.4071438
2,122.014,1742510891.4071438
3,119.02,1742510891.4071438
4,117.905,1742510891.4071438
5,121.255,1742510891.4071438
6,117.728,1742510891.4071438
7,125.737,1742510891.4071438
0,121.141,1742510891.4572763
1,117.36,1742510891.4572763
2,122.017,1742510891.4572763
3,119.02,1742510891.4572763
4,117.905,1742510891.4572763
5,121.228,1742510891.4572763
6,117.728,1742510891.4572763
7,125.723,1742510891.4572763
0,121.124,1742510891.5074103
1,117.221,1742510891.5074103
2,122.017,1742510891.5074103
3,119.02,1742510891.5074103
4,117.898,1742510891.5074103
5,121.228,1742510891.5074103
6,117.714,1742510891.5074103
7,125.723,1742510891.5074103
0,121.124,1742510891.5575469
1,117.221,1742510891.5575469
2,122.028,1742510891.5575469
3,119.0,1742510891.5575469
4,117.898,1742510891.5575469
5,121.235,1742510891.5575469
6,117.714,1742510891.5575469
7,125.744,1742510891.5575469
0,121.089,1742510891.6076784
1,117.329,1742510891.6076784
2,122.028,1742510891.6076784
3,119.0,1742510891.6076784
4,117.903,1742510891.6076784
5,121.235,1742510891.6076784
6,117.684,1742510891.6076784
7,125.744,1742510891.6076784
0,121.089,1742510891.657815
1,117.329,1742510891.657815
2,122.001,1742510891.657815
3,118.986,1742510891.657815
4,117.903,1742510891.657815
5,121.183,1742510891.657815
6,117.684,1742510891.657815
7,125.784,1742510891.657815
0,121.069,1742510891.7079587
1,117.263,1742510891.7079587
2,122.001,1742510891.7079587
3,118.986,1742510891.7079587
4,117.889,1742510891.7079587
5,121.183,1742510891.7079587
6,117.685,1742510891.7079587
7,125.784,1742510891.7079587
0,121.069,1742510891.7581139
1,117.263,1742510891.7581139
2,121.981,1742510891.7581139
3,118.979,1742510891.7581139
4,117.889,1742510891.7581139
5,121.182,1742510891.7581139
6,117.685,1742510891.7581139
7,125.764,1742510891.7581139
0,121.06,1742510891.808267
1,117.319,1742510891.808267
2,121.981,1742510891.808267
3,118.979,1742510891.808267
4,117.887,1742510891.808267
5,121.182,1742510891.808267
6,117.672,1742510891.808267
7,125.764,1742510891.808267
0,121.06,1742510891.85841
1,117.319,1742510891.85841
2,122.001,1742510891.85841
3,118.973,1742510891.85841
4,117.887,1742510891.85841
5,121.148,1742510891.85841
6,117.672,1742510891.85841
7,125.716,1742510891.85841
0,121.04,1742510891.9085498
1,117.292,1742510891.9085498
2,122.001,1742510891.9085498
3,118.973,1742510891.9085498
4,117.874,1742510891.9085498
5,121.148,1742510891.9085498
6,117.679,1742510891.9085498
7,125.716,1742510891.9085498
0,121.04,1742510891.958691
1,117.292,1742510891.958691
2,121.987,1742510891.958691
3,118.973,1742510891.958691
4,117.874,1742510891.958691
5,121.135,1742510891.958691
6,117.679,1742510891.958691
7,125.71,1742510891.958691
0,121.061,1742510892.0088232
1,117.251,1742510892.0088232
2,121.987,1742510892.0088232
3,118.973,1742510892.0088232
4,117.873,1742510892.0088232
5,121.135,1742510892.0088232
6,117.691,1742510892.0088232
7,125.71,1742510892.0088232
0,121.061,1742510892.0590117
1,117.251,1742510892.0590117
2,121.981,1742510892.0590117
3,118.946,1742510892.0590117
4,117.873,1742510892.0590117
5,121.116,1742510892.0590117
6,117.691,1742510892.0590117
7,125.702,1742510892.0590117
0,121.052,1742510892.1091597
1,117.312,1742510892.1091597
2,121.981,1742510892.1091597
3,118.946,1742510892.1091597
4,117.869,1742510892.1091597
5,121.116,1742510892.1091597
6,117.684,1742510892.1091597
7,125.702,1742510892.1091597
0,121.052,1742510892.1592891
1,117.312,1742510892.1592891
2,121.961,1742510892.1592891
3,118.912,1742510892.1592891
4,117.869,1742510892.1592891
5,121.145,1742510892.1592891
6,117.684,1742510892.1592891
7,125.722,1742510892.1592891
0,121.042,1742510892.2094455
1,117.203,1742510892.2094455
2,121.961,1742510892.2094455
3,118.912,1742510892.2094455
4,117.869,1742510892.2094455
5,121.145,1742510892.2094455
6,117.692,1742510892.2094455
7,125.722,1742510892.2094455
0,121.042,1742510892.2595894
1,117.203,1742510892.2595894
2,121.955,1742510892.2595894
3,118.905,1742510892.2595894
4,117.869,1742510892.2595894
5,121.112,1742510892.2595894
6,117.692,1742510892.2595894
7,125.701,1742510892.2595894
0,121.041,1742510892.309733
1,117.328,1742510892.309733
2,121.955,1742510892.309733
3,118.905,1742510892.309733
4,117.87,1742510892.309733
5,121.112,1742510892.309733
6,117.666,1742510892.309733
7,125.701,1742510892.309733
0,121.041,1742510892.359866
1,117.328,1742510892.359866
2,121.942,1742510892.359866
3,118.887,1742510892.359866
4,117.87,1742510892.359866
5,121.116,1742510892.359866
6,117.666,1742510892.359866
7,125.688,1742510892.359866
0,121.04,1742510892.410016
1,117.194,1742510892.410016
2,121.942,1742510892.410016
3,118.887,1742510892.410016
4,117.869,1742510892.410016
5,121.116,1742510892.410016
6,117.673,1742510892.410016
7,125.688,1742510892.410016
0,121.04,1742510892.460163
1,117.194,1742510892.460163
2,121.922,1742510892.460163
3,118.892,1742510892.460163
4,117.869,1742510892.460163
5,121.072,1742510892.460163
6,117.673,1742510892.460163
7,125.677,1742510892.460163
0,121.036,1742510892.510307
1,117.307,1742510892.510307
2,121.922,1742510892.510307
3,118.892,1742510892.510307
4,117.863,1742510892.510307
5,121.072,1742510892.510307
6,117.659,1742510892.510307
7,125.677,1742510892.510307
0,121.036,1742510892.5604546
1,117.307,1742510892.5604546
2,121.932,1742510892.5604546
3,118.92,1742510892.5604546
4,117.863,1742510892.5604546
5,121.096,1742510892.5604546
6,117.659,1742510892.5604546
7,125.677,1742510892.5604546
0,121.029,1742510892.6105957
1,117.213,1742510892.6105957
2,121.932,1742510892.6105957
3,118.92,1742510892.6105957
4,117.864,1742510892.6105957
5,121.096,1742510892.6105957
6,117.659,1742510892.6105957
7,125.662,1742510892.6105957
0,121.029,1742510892.66074
1,117.213,1742510892.66074
2,121.933,1742510892.66074
3,118.898,1742510892.66074
4,117.864,1742510892.66074
5,121.11,1742510892.66074
6,117.659,1742510892.66074
7,125.662,1742510892.66074
0,121.047,1742510892.7108965
1,117.261,1742510892.7108965
2,121.933,1742510892.7108965
3,118.898,1742510892.7108965
4,117.863,1742510892.7108965
5,121.11,1742510892.7108965
6,117.672,1742510892.7108965
7,125.649,1742510892.7108965
0,121.047,1742510892.7610404
1,117.261,1742510892.7610404
2,121.935,1742510892.7610404
3,118.887,1742510892.7610404
4,117.863,1742510892.7610404
5,121.089,1742510892.7610404
6,117.672,1742510892.7610404
7,125.649,1742510892.7610404
0,121.046,1742510892.8111818
1,117.261,1742510892.8111818
2,121.935,1742510892.8111818
3,118.887,1742510892.8111818
4,117.856,1742510892.8111818
5,121.089,1742510892.8111818
6,117.676,1742510892.8111818
7,125.664,1742510892.8111818
0,121.046,1742510892.8613234
1,117.261,1742510892.8613234
2,121.933,1742510892.8613234
3,118.87,1742510892.8613234
4,117.856,1742510892.8613234
5,121.111,1742510892.8613234
6,117.676,1742510892.8613234
7,125.664,1742510892.8613234
0,121.044,1742510892.9114645
1,117.202,1742510892.9114645
2,121.933,1742510892.9114645
3,118.87,1742510892.9114645
4,117.861,1742510892.9114645
5,121.111,1742510892.9114645
6,117.663,1742510892.9114645
7,125.643,1742510892.9114645
0,121.044,1742510892.9615831
1,117.202,1742510892.9615831
2,121.92,1742510892.9615831
3,118.859,1742510892.9615831
4,117.861,1742510892.9615831
5,121.097,1742510892.9615831
6,117.663,1742510892.9615831
7,125.643,1742510892.9615831
0,121.021,1742510893.0117283
1,117.282,1742510893.0117283
2,121.92,1742510893.0117283
3,118.859,1742510893.0117283
4,117.865,1742510893.0117283
5,121.097,1742510893.0117283
6,117.646,1742510893.0117283
7,125.641,1742510893.0117283
0,121.021,1742510893.0618684
1,117.282,1742510893.0618684
2,121.922,1742510893.0618684
3,118.87,1742510893.0618684
4,117.865,1742510893.0618684
5,121.11,1742510893.0618684
6,117.646,1742510893.0618684
7,125.641,1742510893.0618684
0,121.0,1742510893.1120126
1,117.149,1742510893.1120126
2,121.922,1742510893.1120126
3,118.87,1742510893.1120126
4,117.859,1742510893.1120126
5,121.11,1742510893.1120126
6,117.655,1742510893.1120126
7,125.643,1742510893.1120126
0,121.0,1742510893.1621501
1,117.149,1742510893.1621501
2,121.915,1742510893.1621501
3,118.878,1742510893.1621501
4,117.859,1742510893.1621501
5,121.069,1742510893.1621501
6,117.655,1742510893.1621501
7,125.643,1742510893.1621501
0,121.004,1742510893.212296
1,117.269,1742510893.212296
2,121.915,1742510893.212296
3,118.878,1742510893.212296
4,117.843,1742510893.212296
5,121.069,1742510893.212296
6,117.63,1742510893.212296
7,125.617,1742510893.212296
0,121.004,1742510893.26244
1,117.269,1742510893.26244
2,121.915,1742510893.26244
3,118.857,1742510893.26244
4,117.843,1742510893.26244
5,121.069,1742510893.26244
6,117.63,1742510893.26244
7,125.617,1742510893.26244
0,120.993,1742510893.3125787
1,117.143,1742510893.3125787
2,121.915,1742510893.3125787
3,118.857,1742510893.3125787
4,117.835,1742510893.3125787
5,121.07,1742510893.3125787
6,117.627,1742510893.3125787
7,125.63,1742510893.3125787
0,120.993,1742510893.3627198
1,117.143,1742510893.3627198
2,121.9,1742510893.3627198
3,118.857,1742510893.3627198
4,117.835,1742510893.3627198
5,121.07,1742510893.3627198
6,117.627,1742510893.3627198
7,125.63,1742510893.3627198
0,120.974,1742510893.4128516
1,117.285,1742510893.4128516
2,121.9,1742510893.4128516
3,118.857,1742510893.4128516
4,117.834,1742510893.4128516
5,121.035,1742510893.4128516
6,117.64,1742510893.4128516
7,125.618,1742510893.4128516
0,120.974,1742510893.4630003
1,117.285,1742510893.4630003
2,121.913,1742510893.4630003
3,118.846,1742510893.4630003
4,117.834,1742510893.4630003
5,121.035,1742510893.4630003
6,117.64,1742510893.4630003
7,125.618,1742510893.4630003
0,120.951,1742510893.513154
1,117.15,1742510893.513154
2,121.913,1742510893.513154
3,118.846,1742510893.513154
4,117.814,1742510893.513154
5,121.068,1742510893.513154
6,117.633,1742510893.513154
7,125.586,1742510893.513154
0,120.951,1742510893.5632958
1,117.15,1742510893.5632958
2,121.913,1742510893.5632958
3,118.803,1742510893.5632958
4,117.814,1742510893.5632958
5,121.068,1742510893.5632958
6,117.633,1742510893.5632958
7,125.586,1742510893.5632958
0,120.935,1742510893.6134384
1,117.239,1742510893.6134384
2,121.913,1742510893.6134384
3,118.803,1742510893.6134384
4,117.834,1742510893.6134384
5,121.059,1742510893.6134384
6,117.643,1742510893.6134384
7,125.586,1742510893.6134384
0,120.935,1742510893.663579
1,117.239,1742510893.663579
2,121.907,1742510893.663579
3,118.8,1742510893.663579
4,117.834,1742510893.663579
5,121.059,1742510893.663579
6,117.643,1742510893.663579
7,125.586,1742510893.663579
0,120.935,1742510893.7137356
1,117.171,1742510893.7137356
2,121.907,1742510893.7137356
3,118.8,1742510893.7137356
4,117.834,1742510893.7137356
5,121.051,1742510893.7137356
6,117.609,1742510893.7137356
7,125.565,1742510893.7137356
0,120.935,1742510893.7638876
1,117.171,1742510893.7638876
2,121.907,1742510893.7638876
3,118.804,1742510893.7638876
4,117.834,1742510893.7638876
5,121.051,1742510893.7638876
6,117.609,1742510893.7638876
7,125.565,1742510893.7638876
0,120.909,1742510893.814039
1,117.171,1742510893.814039
2,121.907,1742510893.814039
3,118.804,1742510893.814039
4,117.831,1742510893.814039
5,121.018,1742510893.814039
6,117.594,1742510893.814039
7,125.552,1742510893.814039
0,120.909,1742510893.8641734
1,117.171,1742510893.8641734
2,121.902,1742510893.8641734
3,118.797,1742510893.8641734
4,117.831,1742510893.8641734
5,121.018,1742510893.8641734
6,117.594,1742510893.8641734
7,125.552,1742510893.8641734
0,120.914,1742510893.9143167
1,117.217,1742510893.9143167
2,121.902,1742510893.9143167
3,118.797,1742510893.9143167
4,117.81,1742510893.9143167
5,121.035,1742510893.9143167
6,117.586,1742510893.9143167
7,125.555,1742510893.9143167
0,120.914,1742510893.9644673
1,117.217,1742510893.9644673
2,121.909,1742510893.9644673
3,118.784,1742510893.9644673
4,117.81,1742510893.9644673
5,121.035,1742510893.9644673
6,117.586,1742510893.9644673
7,125.555,1742510893.9644673
0,120.905,1742510894.0145905
1,117.111,1742510894.0145905
2,121.909,1742510894.0145905
3,118.784,1742510894.0145905
4,117.805,1742510894.0145905
5,121.014,1742510894.0145905
6,117.6,1742510894.0145905
7,125.541,1742510894.0145905
0,120.905,1742510894.0647278
1,117.111,1742510894.0647278
2,121.902,1742510894.0647278
3,118.784,1742510894.0647278
4,117.805,1742510894.0647278
5,121.014,1742510894.0647278
6,117.6,1742510894.0647278
7,125.541,1742510894.0647278
0,120.906,1742510894.1148615
1,117.233,1742510894.1148615
2,121.902,1742510894.1148615
3,118.784,1742510894.1148615
4,117.782,1742510894.1148615
5,121.002,1742510894.1148615
6,117.605,1742510894.1148615
7,125.548,1742510894.1148615
0,120.906,1742510894.1650002
1,117.233,1742510894.1650002
2,121.894,1742510894.1650002
3,118.77,1742510894.1650002
4,117.782,1742510894.1650002
5,121.002,1742510894.1650002
6,117.605,1742510894.1650002
7,125.548,1742510894.1650002
0,120.883,1742510894.215147
1,117.098,1742510894.215147
2,121.894,1742510894.215147
3,118.77,1742510894.215147
4,117.788,1742510894.215147
5,120.992,1742510894.215147
6,117.604,1742510894.215147
7,125.571,1742510894.215147
0,120.883,1742510894.265299
1,117.098,1742510894.265299
2,121.888,1742510894.265299
3,118.77,1742510894.265299
4,117.788,1742510894.265299
5,120.992,1742510894.265299
6,117.604,1742510894.265299
7,125.571,1742510894.265299
0,120.878,1742510894.3154466
1,117.199,1742510894.3154466
2,121.888,1742510894.3154466
3,118.77,1742510894.3154466
4,117.796,1742510894.3154466
5,120.994,1742510894.3154466
6,117.583,1742510894.3154466
7,125.535,1742510894.3154466
0,120.878,1742510894.3656008
1,117.199,1742510894.3656008
2,121.903,1742510894.3656008
3,118.771,1742510894.3656008
4,117.796,1742510894.3656008
5,120.994,1742510894.3656008
6,117.583,1742510894.3656008
7,125.535,1742510894.3656008
0,120.889,1742510894.415731
1,117.044,1742510894.415731
2,121.903,1742510894.415731
3,118.771,1742510894.415731
4,117.782,1742510894.415731
5,120.994,1742510894.415731
6,117.556,1742510894.415731
7,125.528,1742510894.415731
0,120.889,1742510894.4658713
1,117.044,1742510894.4658713
2,121.877,1742510894.4658713
3,118.77,1742510894.4658713
4,117.782,1742510894.4658713
5,120.994,1742510894.4658713
6,117.556,1742510894.4658713
7,125.528,1742510894.4658713
0,120.882,1742510894.5160148
1,117.171,1742510894.5160148
2,121.877,1742510894.5160148
3,118.77,1742510894.5160148
4,117.788,1742510894.5160148
5,120.953,1742510894.5160148
6,117.558,1742510894.5160148
7,125.536,1742510894.5160148
0,120.882,1742510894.5661721
1,117.171,1742510894.5661721
2,121.864,1742510894.5661721
3,118.777,1742510894.5661721
4,117.788,1742510894.5661721
5,120.953,1742510894.5661721
6,117.558,1742510894.5661721
7,125.536,1742510894.5661721
0,120.892,1742510894.6163208
1,117.022,1742510894.6163208
2,121.864,1742510894.6163208
3,118.777,1742510894.6163208
4,117.755,1742510894.6163208
5,120.958,1742510894.6163208
6,117.536,1742510894.6163208
7,125.508,1742510894.6163208
0,120.892,1742510894.6664853
1,117.022,1742510894.6664853
2,121.857,1742510894.6664853
3,118.777,1742510894.6664853
4,117.755,1742510894.6664853
5,120.958,1742510894.6664853
6,117.536,1742510894.6664853
7,125.508,1742510894.6664853
0,120.878,1742510894.7166324
1,117.117,1742510894.7166324
2,121.857,1742510894.7166324
3,118.777,1742510894.7166324
4,117.761,1742510894.7166324
5,120.944,1742510894.7166324
6,117.568,1742510894.7166324
7,125.487,1742510894.7166324
0,120.878,1742510894.766807
1,117.117,1742510894.766807
2,121.83,1742510894.766807
3,118.769,1742510894.766807
4,117.761,1742510894.766807
5,120.944,1742510894.766807
6,117.568,1742510894.766807
7,125.487,1742510894.766807
0,120.836,1742510894.81696
1,117.03,1742510894.81696
2,121.83,1742510894.81696
3,118.769,1742510894.81696
4,117.742,1742510894.81696
5,120.971,1742510894.81696
6,117.567,1742510894.81696
7,125.487,1742510894.81696
0,120.836,1742510894.8670948
1,117.03,1742510894.8670948
2,121.797,1742510894.8670948
3,118.767,1742510894.8670948
4,117.742,1742510894.8670948
5,120.971,1742510894.8670948
6,117.567,1742510894.8670948
7,125.487,1742510894.8670948
0,120.816,1742510894.9172263
1,117.044,1742510894.9172263
2,121.797,1742510894.9172263
3,118.767,1742510894.9172263
4,117.738,1742510894.9172263
5,120.931,1742510894.9172263
6,117.568,1742510894.9172263
7,125.487,1742510894.9172263
0,120.816,1742510894.9673564
1,117.044,1742510894.9673564
2,121.804,1742510894.9673564
3,118.743,1742510894.9673564
4,117.738,1742510894.9673564
5,120.931,1742510894.9673564
6,117.568,1742510894.9673564
7,125.487,1742510894.9673564
0,120.857,1742510895.0174937
1,117.057,1742510895.0174937
2,121.804,1742510895.0174937
3,118.743,1742510895.0174937
4,117.716,1742510895.0174937
5,120.959,1742510895.0174937
6,117.555,1742510895.0174937
7,125.494,1742510895.0174937
0,120.857,1742510895.067622
1,117.057,1742510895.067622
2,121.784,1742510895.067622
3,118.735,1742510895.067622
4,117.716,1742510895.067622
5,120.959,1742510895.067622
6,117.555,1742510895.067622
7,125.494,1742510895.067622
0,120.839,1742510895.1177657
1,116.963,1742510895.1177657
2,121.784,1742510895.1177657
3,118.735,1742510895.1177657
4,117.718,1742510895.1177657
5,120.932,1742510895.1177657
6,117.516,1742510895.1177657
7,125.494,1742510895.1177657
0,120.839,1742510895.167893
1,116.963,1742510895.167893
2,121.797,1742510895.167893
3,118.73,1742510895.167893
4,117.718,1742510895.167893
5,120.932,1742510895.167893
6,117.516,1742510895.167893
7,125.494,1742510895.167893
0,120.832,1742510895.2180402
1,117.071,1742510895.2180402
2,121.797,1742510895.2180402
3,118.73,1742510895.2180402
4,117.684,1742510895.2180402
5,120.954,1742510895.2180402
6,117.509,1742510895.2180402
7,125.476,1742510895.2180402
0,120.832,1742510895.2681847
1,117.071,1742510895.2681847
2,121.79,1742510895.2681847
3,118.717,1742510895.2681847
4,117.684,1742510895.2681847
5,120.954,1742510895.2681847
6,117.509,1742510895.2681847
7,125.476,1742510895.2681847
0,120.826,1742510895.3183236
1,116.94,1742510895.3183236
2,121.79,1742510895.3183236
3,118.717,1742510895.3183236
4,117.652,1742510895.3183236
5,120.912,1742510895.3183236
6,117.508,1742510895.3183236
7,125.442,1742510895.3183236
0,120.826,1742510895.3684633
1,116.94,1742510895.3684633
2,121.79,1742510895.3684633
3,118.731,1742510895.3684633
4,117.652,1742510895.3684633
5,120.912,1742510895.3684633
6,117.508,1742510895.3684633
7,125.442,1742510895.3684633
0,120.776,1742510895.4186442
1,117.078,1742510895.4186442
2,121.79,1742510895.4186442
3,118.731,1742510895.4186442
4,117.694,1742510895.4186442
5,120.928,1742510895.4186442
6,117.52,1742510895.4186442
7,125.428,1742510895.4186442
0,120.776,1742510895.4687839
1,117.078,1742510895.4687839
2,121.777,1742510895.4687839
3,118.731,1742510895.4687839
4,117.694,1742510895.4687839
5,120.928,1742510895.4687839
6,117.52,1742510895.4687839
7,125.428,1742510895.4687839
0,120.742,1742510895.5189235
1,116.966,1742510895.5189235
2,121.777,1742510895.5189235
3,118.731,1742510895.5189235
4,117.709,1742510895.5189235
5,120.905,1742510895.5189235
6,117.512,1742510895.5189235
7,125.401,1742510895.5189235
0,120.742,1742510895.5690675
1,116.966,1742510895.5690675
2,121.771,1742510895.5690675
3,118.717,1742510895.5690675
4,117.709,1742510895.5690675
5,120.905,1742510895.5690675
6,117.512,1742510895.5690675
7,125.401,1742510895.5690675
0,120.74,1742510895.619199
1,117.07,1742510895.619199
2,121.771,1742510895.619199
3,118.717,1742510895.619199
4,117.702,1742510895.619199
5,120.913,1742510895.619199
6,117.519,1742510895.619199
7,125.408,1742510895.619199
0,120.74,1742510895.669342
1,117.07,1742510895.669342
2,121.77,1742510895.669342
3,118.712,1742510895.669342
4,117.702,1742510895.669342
5,120.913,1742510895.669342
6,117.519,1742510895.669342
7,125.408,1742510895.669342
0,120.725,1742510895.7194867
1,116.992,1742510895.7194867
2,121.77,1742510895.7194867
3,118.712,1742510895.7194867
4,117.69,1742510895.7194867
5,120.887,1742510895.7194867
6,117.473,1742510895.7194867
7,125.414,1742510895.7194867
0,120.725,1742510895.7695973
1,116.992,1742510895.7695973
2,121.777,1742510895.7695973
3,118.711,1742510895.7695973
4,117.69,1742510895.7695973
5,120.887,1742510895.7695973
6,117.473,1742510895.7695973
7,125.414,1742510895.7695973
0,120.738,1742510895.8198645
1,117.002,1742510895.8198645
2,121.777,1742510895.8198645
3,118.711,1742510895.8198645
4,117.689,1742510895.8198645
5,120.895,1742510895.8198645
6,117.474,1742510895.8198645
7,125.421,1742510895.8198645
0,120.738,1742510895.8700142
1,117.002,1742510895.8700142
2,121.784,1742510895.8700142
3,118.699,1742510895.8700142
4,117.689,1742510895.8700142
5,120.895,1742510895.8700142
6,117.474,1742510895.8700142
7,125.421,1742510895.8700142
0,120.738,1742510895.92016
1,116.994,1742510895.92016
2,121.784,1742510895.92016
3,118.699,1742510895.92016
4,117.688,1742510895.92016
5,120.862,1742510895.92016
6,117.465,1742510895.92016
7,125.408,1742510895.92016
0,120.738,1742510895.970304
1,116.994,1742510895.970304
2,121.77,1742510895.970304
3,118.712,1742510895.970304
4,117.688,1742510895.970304
5,120.862,1742510895.970304
6,117.465,1742510895.970304
7,125.408,1742510895.970304
0,120.698,1742510896.020457
1,116.953,1742510896.020457
2,121.77,1742510896.020457
3,118.712,1742510896.020457
4,117.664,1742510896.020457
5,120.874,1742510896.020457
6,117.499,1742510896.020457
7,125.402,1742510896.020457
0,120.698,1742510896.0705905
1,116.953,1742510896.0705905
2,121.764,1742510896.0705905
3,118.719,1742510896.0705905
4,117.664,1742510896.0705905
5,120.874,1742510896.0705905
6,117.499,1742510896.0705905
7,125.402,1742510896.0705905
0,120.69,1742510896.1207185
1,117.055,1742510896.1207185
2,121.764,1742510896.1207185
3,118.719,1742510896.1207185
4,117.656,1742510896.1207185
5,120.855,1742510896.1207185
6,117.513,1742510896.1207185
7,125.355,1742510896.1207185
0,120.69,1742510896.170858
1,117.055,1742510896.170858
2,121.758,1742510896.170858
3,118.691,1742510896.170858
4,117.656,1742510896.170858
5,120.855,1742510896.170858
6,117.513,1742510896.170858
7,125.355,1742510896.170858
0,120.731,1742510896.2210495
1,116.925,1742510896.2210495
2,121.758,1742510896.2210495
3,118.691,1742510896.2210495
4,117.684,1742510896.2210495
5,120.852,1742510896.2210495
6,117.506,1742510896.2210495
7,125.34,1742510896.2210495
0,120.731,1742510896.2711666
1,116.925,1742510896.2711666
2,121.751,1742510896.2711666
3,118.685,1742510896.2711666
4,117.684,1742510896.2711666
5,120.852,1742510896.2711666
6,117.506,1742510896.2711666
7,125.34,1742510896.2711666
0,128.836,1742510896.3213067
1,118.596,1742510896.3213067
2,121.751,1742510896.3213067
3,118.685,1742510896.3213067
4,123.398,1742510896.3213067
5,120.841,1742510896.3213067
6,119.752,1742510896.3213067
7,127.555,1742510896.3213067
0,128.836,1742510896.3714104
1,118.596,1742510896.3714104
2,140.001,1742510896.3714104
3,134.933,1742510896.3714104
4,123.398,1742510896.3714104
5,120.841,1742510896.3714104
6,119.752,1742510896.3714104
7,127.555,1742510896.3714104
0,153.434,1742510896.421552
1,141.439,1742510896.421552
2,140.001,1742510896.421552
3,134.933,1742510896.421552
4,147.942,1742510896.421552
5,144.522,1742510896.421552
6,145.261,1742510896.421552
7,152.546,1742510896.421552
0,153.434,1742510896.4716895
1,141.439,1742510896.4716895
2,163.294,1742510896.4716895
3,161.342,1742510896.4716895
4,147.942,1742510896.4716895
5,144.522,1742510896.4716895
6,145.261,1742510896.4716895
7,152.546,1742510896.4716895
0,177.393,1742510896.52187
1,166.282,1742510896.52187
2,163.294,1742510896.52187
3,161.342,1742510896.52187
4,170.871,1742510896.52187
5,173.378,1742510896.52187
6,171.013,1742510896.52187
7,178.735,1742510896.52187
0,177.393,1742510896.5720127
1,166.282,1742510896.5720127
2,189.107,1742510896.5720127
3,187.761,1742510896.5720127
4,170.871,1742510896.5720127
5,173.378,1742510896.5720127
6,171.013,1742510896.5720127
7,178.735,1742510896.5720127
0,177.393,1742510896.622154
1,190.329,1742510896.622154
2,189.107,1742510896.622154
3,187.761,1742510896.622154
4,195.038,1742510896.622154
5,199.208,1742510896.622154
6,201.291,1742510896.622154
7,201.801,1742510896.622154
0,203.874,1742510896.67228
1,190.329,1742510896.67228
2,214.145,1742510896.67228
3,215.836,1742510896.67228
4,195.038,1742510896.67228
5,199.208,1742510896.67228
6,201.291,1742510896.67228
7,201.801,1742510896.67228
0,203.874,1742510896.7224176
1,216.698,1742510896.7224176
2,214.145,1742510896.7224176
3,215.836,1742510896.7224176
4,220.166,1742510896.7224176
5,225.563,1742510896.7224176
6,227.287,1742510896.7224176
7,226.942,1742510896.7224176
0,229.431,1742510896.7725596
1,216.698,1742510896.7725596
2,239.501,1742510896.7725596
3,240.122,1742510896.7725596
4,220.166,1742510896.7725596
5,225.563,1742510896.7725596
6,227.287,1742510896.7725596
7,226.942,1742510896.7725596
0,229.431,1742510896.822688
1,239.975,1742510896.822688
2,239.501,1742510896.822688
3,240.122,1742510896.822688
4,245.188,1742510896.822688
5,251.595,1742510896.822688
6,252.408,1742510896.822688
7,258.798,1742510896.822688
0,261.979,1742510896.872812
1,239.975,1742510896.872812
2,264.764,1742510896.872812
3,269.124,1742510896.872812
4,245.188,1742510896.872812
5,251.595,1742510896.872812
6,252.408,1742510896.872812
7,258.798,1742510896.872812
0,261.979,1742510896.922948
1,268.173,1742510896.922948
2,264.764,1742510896.922948
3,269.124,1742510896.922948
4,270.196,1742510896.922948
5,277.979,1742510896.922948
6,274.84,1742510896.922948
7,285.615,1742510896.922948
0,288.499,1742510896.973072
1,268.173,1742510896.973072
2,289.953,1742510896.973072
3,295.423,1742510896.973072
4,270.196,1742510896.973072
5,277.979,1742510896.973072
6,274.84,1742510896.973072
7,285.615,1742510896.973072
0,288.499,1742510897.0231984
1,294.842,1742510897.0231984
2,289.953,1742510897.0231984
3,295.423,1742510897.0231984
4,293.6,1742510897.0231984
5,304.714,1742510897.0231984
6,299.29,1742510897.0231984
7,311.681,1742510897.0231984
0,313.87,1742510897.0733635
1,294.842,1742510897.0733635
2,314.63,1742510897.0733635
3,320.63,1742510897.0733635
4,293.6,1742510897.0733635
5,304.714,1742510897.0733635
6,299.29,1742510897.0733635
7,311.681,1742510897.0733635
0,313.87,1742510897.1234887
1,320.427,1742510897.1234887
2,314.63,1742510897.1234887
3,320.63,1742510897.1234887
4,318.105,1742510897.1234887
5,327.082,1742510897.1234887
6,323.931,1742510897.1234887
7,337.979,1742510897.1234887
0,340.01,1742510897.1736143
1,320.427,1742510897.1736143
2,339.493,1742510897.1736143
3,346.949,1742510897.1736143
4,318.105,1742510897.1736143
5,327.082,1742510897.1736143
6,323.931,1742510897.1736143
7,337.979,1742510897.1736143
0,340.01,1742510897.2237358
1,346.65,1742510897.2237358
2,339.493,1742510897.2237358
3,346.949,1742510897.2237358
4,341.145,1742510897.2237358
5,356.658,1742510897.2237358
6,348.055,1742510897.2237358
7,364.959,1742510897.2237358
0,365.571,1742510897.2738643
1,346.65,1742510897.2738643
2,364.145,1742510897.2738643
3,378.075,1742510897.2738643
4,341.145,1742510897.2738643
5,356.658,1742510897.2738643
6,348.055,1742510897.2738643
7,364.959,1742510897.2738643
0,365.571,1742510897.3239887
1,370.979,1742510897.3239887
2,364.145,1742510897.3239887
3,378.075,1742510897.3239887
4,362.736,1742510897.3239887
5,379.949,1742510897.3239887
6,370.726,1742510897.3239887
7,386.64,1742510897.3239887
0,377.941,1742510897.3741148
1,370.979,1742510897.3741148
2,370.878,1742510897.3741148
3,380.658,1742510897.3741148
4,362.736,1742510897.3741148
5,379.949,1742510897.3741148
6,370.726,1742510897.3741148
7,386.64,1742510897.3741148
0,377.941,1742510897.424251
1,372.982,1742510897.424251
2,370.878,1742510897.424251
3,380.658,1742510897.424251
4,362.115,1742510897.424251
5,378.966,1742510897.424251
6,370.695,1742510897.424251
7,386.778,1742510897.424251
0,378.5,1742510897.4743774
1,372.982,1742510897.4743774
2,370.878,1742510897.4743774
3,380.12,1742510897.4743774
4,362.115,1742510897.4743774
5,378.966,1742510897.4743774
6,370.695,1742510897.4743774
7,386.778,1742510897.4743774
0,378.5,1742510897.5245166
1,374.075,1742510897.5245166
2,370.177,1742510897.5245166
3,380.12,1742510897.5245166
4,361.531,1742510897.5245166
5,379.761,1742510897.5245166
6,370.701,1742510897.5245166
7,388.168,1742510897.5245166
0,379.944,1742510897.5746498
1,374.075,1742510897.5746498
2,370.177,1742510897.5746498
3,379.199,1742510897.5746498
4,361.531,1742510897.5746498
5,379.761,1742510897.5746498
6,370.701,1742510897.5746498
7,388.168,1742510897.5746498
0,379.944,1742510897.624795
1,374.725,1742510897.624795
2,371.351,1742510897.624795
3,379.199,1742510897.624795
4,363.626,1742510897.624795
5,379.766,1742510897.624795
6,369.754,1742510897.624795
7,390.697,1742510897.624795
0,380.936,1742510897.6749802
1,374.725,1742510897.6749802
2,369.908,1742510897.6749802
3,377.373,1742510897.6749802
4,363.626,1742510897.6749802
5,379.766,1742510897.6749802
6,369.754,1742510897.6749802
7,390.697,1742510897.6749802
0,380.936,1742510897.7251205
1,373.712,1742510897.7251205
2,369.908,1742510897.7251205
3,377.373,1742510897.7251205
4,362.704,1742510897.7251205
5,379.599,1742510897.7251205
6,370.18,1742510897.7251205
7,389.439,1742510897.7251205
0,381.599,1742510897.7753005
1,373.712,1742510897.7753005
2,369.908,1742510897.7753005
3,375.306,1742510897.7753005
4,362.704,1742510897.7753005
5,379.599,1742510897.7753005
6,370.18,1742510897.7753005
7,389.439,1742510897.7753005
0,381.599,1742510897.825437
1,373.409,1742510897.825437
2,370.791,1742510897.825437
3,375.306,1742510897.825437
4,361.758,1742510897.825437
5,380.88,1742510897.825437
6,371.405,1742510897.825437
7,388.856,1742510897.825437
0,381.769,1742510897.8755639
1,373.409,1742510897.8755639
2,370.791,1742510897.8755639
3,375.899,1742510897.8755639
4,361.758,1742510897.8755639
5,380.88,1742510897.8755639
6,371.405,1742510897.8755639
7,388.856,1742510897.8755639
0,381.769,1742510897.9257097
1,372.026,1742510897.9257097
2,370.371,1742510897.9257097
3,375.899,1742510897.9257097
4,361.758,1742510897.9257097
5,380.133,1742510897.9257097
6,371.325,1742510897.9257097
7,387.91,1742510897.9257097
0,381.77,1742510897.975835
1,372.026,1742510897.975835
2,370.371,1742510897.975835
3,376.335,1742510897.975835
4,360.413,1742510897.975835
5,380.133,1742510897.975835
6,371.325,1742510897.975835
7,387.91,1742510897.975835
0,381.77,1742510898.025973
1,370.799,1742510898.025973
2,371.602,1742510898.025973
3,376.335,1742510898.025973
4,360.413,1742510898.025973
5,379.147,1742510898.025973
6,371.068,1742510898.025973
7,388.648,1742510898.025973
0,382.71,1742510898.0761108
1,370.799,1742510898.0761108
2,371.602,1742510898.0761108
3,376.633,1742510898.0761108
4,361.611,1742510898.0761108
5,379.147,1742510898.0761108
6,371.068,1742510898.0761108
7,388.648,1742510898.0761108
0,382.71,1742510898.1262379
1,369.88,1742510898.1262379
2,372.84,1742510898.1262379
3,376.633,1742510898.1262379
4,361.611,1742510898.1262379
5,377.953,1742510898.1262379
6,372.492,1742510898.1262379
7,386.92,1742510898.1262379
0,382.847,1742510898.176364
1,369.88,1742510898.176364
2,372.84,1742510898.176364
3,376.254,1742510898.176364
4,360.468,1742510898.176364
5,377.953,1742510898.176364
6,372.492,1742510898.176364
7,386.92,1742510898.176364
0,382.847,1742510898.2264886
1,369.064,1742510898.2264886
2,373.32,1742510898.2264886
3,376.254,1742510898.2264886
4,360.468,1742510898.2264886
5,376.621,1742510898.2264886
6,373.214,1742510898.2264886
7,385.772,1742510898.2264886
0,381.961,1742510898.276614
1,369.064,1742510898.276614
2,373.32,1742510898.276614
3,376.658,1742510898.276614
4,362.243,1742510898.276614
5,376.621,1742510898.276614
6,373.214,1742510898.276614
7,385.772,1742510898.276614
0,381.961,1742510898.3267393
1,366.76,1742510898.3267393
2,374.438,1742510898.3267393
3,376.658,1742510898.3267393
4,362.243,1742510898.3267393
5,378.38,1742510898.3267393
6,375.02,1742510898.3267393
7,385.167,1742510898.3267393
0,382.695,1742510898.3768747
1,366.76,1742510898.3768747
2,375.969,1742510898.3768747
3,375.939,1742510898.3768747
4,363.311,1742510898.3768747
5,378.38,1742510898.3768747
6,375.02,1742510898.3768747
7,385.167,1742510898.3768747
0,382.695,1742510898.4270003
1,366.436,1742510898.4270003
2,375.969,1742510898.4270003
3,375.939,1742510898.4270003
4,363.311,1742510898.4270003
5,378.984,1742510898.4270003
6,374.487,1742510898.4270003
7,384.465,1742510898.4270003
0,382.415,1742510898.4771242
1,366.436,1742510898.4771242
2,375.969,1742510898.4771242
3,376.961,1742510898.4771242
4,364.417,1742510898.4771242
5,378.984,1742510898.4771242
6,374.487,1742510898.4771242
7,384.465,1742510898.4771242
0,382.415,1742510898.5272503
1,365.967,1742510898.5272503
2,376.835,1742510898.5272503
3,376.961,1742510898.5272503
4,364.417,1742510898.5272503
5,378.84,1742510898.5272503
6,375.615,1742510898.5272503
7,381.851,1742510898.5272503
0,380.896,1742510898.5773745
1,365.967,1742510898.5773745
2,376.835,1742510898.5773745
3,376.888,1742510898.5773745
4,364.996,1742510898.5773745
5,378.84,1742510898.5773745
6,375.615,1742510898.5773745
7,381.851,1742510898.5773745
0,380.896,1742510898.6275053
1,365.652,1742510898.6275053
2,376.802,1742510898.6275053
3,376.888,1742510898.6275053
4,364.996,1742510898.6275053
5,379.064,1742510898.6275053
6,377.849,1742510898.6275053
7,380.736,1742510898.6275053
0,380.367,1742510898.67771
1,365.652,1742510898.67771
2,376.802,1742510898.67771
3,377.589,1742510898.67771
4,365.397,1742510898.67771
5,379.064,1742510898.67771
6,377.849,1742510898.67771
7,380.736,1742510898.67771
0,380.367,1742510898.727848
1,366.053,1742510898.727848
2,378.652,1742510898.727848
3,377.589,1742510898.727848
4,365.397,1742510898.727848
5,378.402,1742510898.727848
6,378.173,1742510898.727848
7,380.096,1742510898.727848
0,378.116,1742510898.777977
1,366.053,1742510898.777977
2,378.652,1742510898.777977
3,378.119,1742510898.777977
4,365.018,1742510898.777977
5,378.402,1742510898.777977
6,378.173,1742510898.777977
7,380.096,1742510898.777977
0,378.116,1742510898.828113
1,364.78,1742510898.828113
2,378.756,1742510898.828113
3,378.119,1742510898.828113
4,365.018,1742510898.828113
5,377.685,1742510898.828113
6,378.173,1742510898.828113
7,381.722,1742510898.828113
0,374.296,1742510898.8782494
1,364.78,1742510898.8782494
2,378.476,1742510898.8782494
3,378.743,1742510898.8782494
4,364.952,1742510898.8782494
5,377.685,1742510898.8782494
6,377.293,1742510898.8782494
7,381.722,1742510898.8782494
0,374.296,1742510898.9283738
1,364.66,1742510898.9283738
2,378.476,1742510898.9283738
3,378.743,1742510898.9283738
4,364.952,1742510898.9283738
5,377.193,1742510898.9283738
6,377.293,1742510898.9283738
7,381.275,1742510898.9283738
0,374.334,1742510898.9785087
1,364.66,1742510898.9785087
2,378.476,1742510898.9785087
3,377.223,1742510898.9785087
4,364.414,1742510898.9785087
5,377.193,1742510898.9785087
6,377.784,1742510898.9785087
7,381.275,1742510898.9785087
0,374.334,1742510899.0286448
1,365.542,1742510899.0286448
2,378.797,1742510899.0286448
3,377.223,1742510899.0286448
4,364.414,1742510899.0286448
5,377.332,1742510899.0286448
6,377.784,1742510899.0286448
7,380.313,1742510899.0286448
0,373.456,1742510899.0787792
1,365.542,1742510899.0787792
2,377.628,1742510899.0787792
3,377.745,1742510899.0787792
4,364.254,1742510899.0787792
5,377.332,1742510899.0787792
6,377.187,1742510899.0787792
7,380.313,1742510899.0787792
0,373.456,1742510899.128905
1,364.974,1742510899.128905
2,377.628,1742510899.128905
3,377.745,1742510899.128905
4,364.254,1742510899.128905
5,376.648,1742510899.128905
6,377.187,1742510899.128905
7,379.773,1742510899.128905
0,372.613,1742510899.1790304
1,364.974,1742510899.1790304
2,378.593,1742510899.1790304
3,378.539,1742510899.1790304
4,364.111,1742510899.1790304
5,376.648,1742510899.1790304
6,376.544,1742510899.1790304
7,379.773,1742510899.1790304
0,372.613,1742510899.2292676
1,363.966,1742510899.2292676
2,378.593,1742510899.2292676
3,378.539,1742510899.2292676
4,364.111,1742510899.2292676
5,377.247,1742510899.2292676
6,376.544,1742510899.2292676
7,378.818,1742510899.2292676
0,371.993,1742510899.2793927
1,363.966,1742510899.2793927
2,378.317,1742510899.2793927
3,378.539,1742510899.2793927
4,362.902,1742510899.2793927
5,377.247,1742510899.2793927
6,376.305,1742510899.2793927
7,378.818,1742510899.2793927
0,371.993,1742510899.3295157
1,364.741,1742510899.3295157
2,378.317,1742510899.3295157
3,377.87,1742510899.3295157
4,362.902,1742510899.3295157
5,377.435,1742510899.3295157
6,376.305,1742510899.3295157
7,377.776,1742510899.3295157
0,372.065,1742510899.3796532
1,364.741,1742510899.3796532
2,376.085,1742510899.3796532
3,377.87,1742510899.3796532
4,361.792,1742510899.3796532
5,377.435,1742510899.3796532
6,374.391,1742510899.3796532
7,377.776,1742510899.3796532
0,372.065,1742510899.429779
1,364.348,1742510899.429779
2,376.085,1742510899.429779
3,376.711,1742510899.429779
4,361.792,1742510899.429779
5,376.316,1742510899.429779
6,374.391,1742510899.429779
7,377.296,1742510899.429779
0,372.128,1742510899.479904
1,364.348,1742510899.479904
2,376.085,1742510899.479904
3,376.711,1742510899.479904
4,362.337,1742510899.479904
5,376.316,1742510899.479904
6,373.824,1742510899.479904
7,377.296,1742510899.479904
0,372.128,1742510899.530043
1,362.516,1742510899.530043
2,374.975,1742510899.530043
3,375.872,1742510899.530043
4,362.337,1742510899.530043
5,376.198,1742510899.530043
6,373.824,1742510899.530043
7,378.472,1742510899.530043
0,372.77,1742510899.580174
1,362.516,1742510899.580174
2,374.975,1742510899.580174
3,375.872,1742510899.580174
4,363.724,1742510899.580174
5,376.198,1742510899.580174
6,373.206,1742510899.580174
7,378.472,1742510899.580174
0,372.77,1742510899.6302996
1,362.276,1742510899.6302996
2,375.845,1742510899.6302996
3,374.73,1742510899.6302996
4,363.724,1742510899.6302996
5,375.333,1742510899.6302996
6,373.206,1742510899.6302996
7,377.588,1742510899.6302996
0,374.745,1742510899.6804256
1,362.276,1742510899.6804256
2,375.845,1742510899.6804256
3,374.73,1742510899.6804256
4,361.583,1742510899.6804256
5,375.333,1742510899.6804256
6,372.868,1742510899.6804256
7,377.588,1742510899.6804256
0,374.745,1742510899.7305703
1,361.993,1742510899.7305703
2,375.803,1742510899.7305703
3,373.622,1742510899.7305703
4,361.583,1742510899.7305703
5,375.737,1742510899.7305703
6,372.868,1742510899.7305703
7,377.802,1742510899.7305703
0,375.207,1742510899.7806964
1,361.993,1742510899.7806964
2,375.803,1742510899.7806964
3,373.622,1742510899.7806964
4,362.586,1742510899.7806964
5,375.737,1742510899.7806964
6,370.624,1742510899.7806964
7,377.802,1742510899.7806964
0,375.207,1742510899.8308203
1,362.447,1742510899.8308203
2,374.967,1742510899.8308203
3,373.447,1742510899.8308203
4,362.586,1742510899.8308203
5,374.367,1742510899.8308203
6,370.624,1742510899.8308203
7,377.137,1742510899.8308203
0,377.739,1742510899.8809457
1,362.447,1742510899.8809457
2,374.967,1742510899.8809457
3,373.447,1742510899.8809457
4,362.02,1742510899.8809457
5,374.367,1742510899.8809457
6,369.617,1742510899.8809457
7,377.137,1742510899.8809457
0,377.739,1742510899.931073
1,362.758,1742510899.931073
2,374.515,1742510899.931073
3,373.56,1742510899.931073
4,362.02,1742510899.931073
5,375.313,1742510899.931073
6,369.617,1742510899.931073
7,377.193,1742510899.931073
0,379.577,1742510899.981214
1,362.758,1742510899.981214
2,374.515,1742510899.981214
3,373.56,1742510899.981214
4,362.488,1742510899.981214
5,375.313,1742510899.981214
6,369.242,1742510899.981214
7,377.193,1742510899.981214
0,379.577,1742510900.0313425
1,363.046,1742510900.0313425
2,374.252,1742510900.0313425
3,372.754,1742510900.0313425
4,362.488,1742510900.0313425
5,376.247,1742510900.0313425
6,369.242,1742510900.0313425
7,377.861,1742510900.0313425
0,381.684,1742510900.0814676
1,363.046,1742510900.0814676
2,374.252,1742510900.0814676
3,372.754,1742510900.0814676
4,364.276,1742510900.0814676
5,376.247,1742510900.0814676
6,369.598,1742510900.0814676
7,377.861,1742510900.0814676
0,381.684,1742510900.1316018
1,363.902,1742510900.1316018
2,375.698,1742510900.1316018
3,373.432,1742510900.1316018
4,364.276,1742510900.1316018
5,376.062,1742510900.1316018
6,369.598,1742510900.1316018
7,378.66,1742510900.1316018
0,381.805,1742510900.1817286
1,363.902,1742510900.1817286
2,375.698,1742510900.1817286
3,373.432,1742510900.1817286
4,365.196,1742510900.1817286
5,376.062,1742510900.1817286
6,369.204,1742510900.1817286
7,378.66,1742510900.1817286
0,381.805,1742510900.231869
1,363.252,1742510900.231869
2,375.674,1742510900.231869
3,371.894,1742510900.231869
4,365.196,1742510900.231869
5,377.005,1742510900.231869
6,369.204,1742510900.231869
7,378.462,1742510900.231869
0,384.29,1742510900.2819986
1,363.252,1742510900.2819986
2,375.674,1742510900.2819986
3,371.894,1742510900.2819986
4,365.089,1742510900.2819986
5,377.005,1742510900.2819986
6,369.709,1742510900.2819986
7,378.462,1742510900.2819986
0,384.29,1742510900.3321247
1,363.252,1742510900.3321247
2,376.091,1742510900.3321247
3,370.274,1742510900.3321247
4,365.089,1742510900.3321247
5,376.205,1742510900.3321247
6,369.709,1742510900.3321247
7,378.937,1742510900.3321247
0,386.929,1742510900.3822484
1,362.951,1742510900.3822484
2,376.091,1742510900.3822484
3,370.274,1742510900.3822484
4,365.132,1742510900.3822484
5,376.205,1742510900.3822484
6,369.534,1742510900.3822484
7,378.937,1742510900.3822484
0,386.929,1742510900.432377
1,362.951,1742510900.432377
2,375.564,1742510900.432377
3,370.714,1742510900.432377
4,365.132,1742510900.432377
5,377.752,1742510900.432377
6,369.534,1742510900.432377
7,380.336,1742510900.432377
0,386.525,1742510900.4825175
1,365.404,1742510900.4825175
2,375.564,1742510900.4825175
3,370.714,1742510900.4825175
4,362.509,1742510900.4825175
5,377.752,1742510900.4825175
6,368.903,1742510900.4825175
7,380.336,1742510900.4825175
0,386.525,1742510900.532646
1,365.404,1742510900.532646
2,374.875,1742510900.532646
3,371.115,1742510900.532646
4,362.509,1742510900.532646
5,378.075,1742510900.532646
6,368.903,1742510900.532646
7,380.251,1742510900.532646
0,388.836,1742510900.5827863
1,367.203,1742510900.5827863
2,374.875,1742510900.5827863
3,371.115,1742510900.5827863
4,364.525,1742510900.5827863
5,378.075,1742510900.5827863
6,368.453,1742510900.5827863
7,380.251,1742510900.5827863
0,388.836,1742510900.6329226
1,367.203,1742510900.6329226
2,374.128,1742510900.6329226
3,371.491,1742510900.6329226
4,364.525,1742510900.6329226
5,378.297,1742510900.6329226
6,368.453,1742510900.6329226
7,381.827,1742510900.6329226
0,387.677,1742510900.6830597
1,365.527,1742510900.6830597
2,374.128,1742510900.6830597
3,371.491,1742510900.6830597
4,363.419,1742510900.6830597
5,378.297,1742510900.6830597
6,368.847,1742510900.6830597
7,381.827,1742510900.6830597
0,387.677,1742510900.7331953
1,365.527,1742510900.7331953
2,373.95,1742510900.7331953
3,372.809,1742510900.7331953
4,363.419,1742510900.7331953
5,380.629,1742510900.7331953
6,368.847,1742510900.7331953
7,381.602,1742510900.7331953
0,387.719,1742510900.7833314
1,366.835,1742510900.7833314
2,373.95,1742510900.7833314
3,372.809,1742510900.7833314
4,364.258,1742510900.7833314
5,380.629,1742510900.7833314
6,369.666,1742510900.7833314
7,381.602,1742510900.7833314
0,387.719,1742510900.8334568
1,366.835,1742510900.8334568
2,374.53,1742510900.8334568
3,372.812,1742510900.8334568
4,364.258,1742510900.8334568
5,380.768,1742510900.8334568
6,369.666,1742510900.8334568
7,381.602,1742510900.8334568
0,388.038,1742510900.883592
1,367.213,1742510900.883592
2,374.53,1742510900.883592
3,372.812,1742510900.883592
4,363.638,1742510900.883592
5,380.768,1742510900.883592
6,372.642,1742510900.883592
7,382.721,1742510900.883592
0,388.038,1742510900.9337282
1,367.213,1742510900.9337282
2,375.02,1742510900.9337282
3,374.147,1742510900.9337282
4,363.638,1742510900.9337282
5,381.64,1742510900.9337282
6,372.642,1742510900.9337282
7,382.721,1742510900.9337282
0,386.659,1742510900.9839146
1,367.527,1742510900.9839146
2,375.02,1742510900.9839146
3,374.147,1742510900.9839146
4,363.768,1742510900.9839146
5,381.64,1742510900.9839146
6,372.956,1742510900.9839146
7,383.896,1742510900.9839146
0,386.659,1742510901.034041
1,367.527,1742510901.034041
2,374.876,1742510901.034041
3,374.393,1742510901.034041
4,363.768,1742510901.034041
5,380.786,1742510901.034041
6,372.956,1742510901.034041
7,383.896,1742510901.034041
0,385.681,1742510901.0842156
1,367.039,1742510901.0842156
2,374.876,1742510901.0842156
3,374.393,1742510901.0842156
4,364.522,1742510901.0842156
5,380.786,1742510901.0842156
6,373.961,1742510901.0842156
7,383.061,1742510901.0842156
0,385.681,1742510901.1343403
1,367.039,1742510901.1343403
2,374.652,1742510901.1343403
3,374.568,1742510901.1343403
4,364.522,1742510901.1343403
5,380.274,1742510901.1343403
6,373.961,1742510901.1343403
7,383.061,1742510901.1343403
0,383.178,1742510901.184466
1,367.388,1742510901.184466
2,374.652,1742510901.184466
3,374.568,1742510901.184466
4,364.572,1742510901.184466
5,380.274,1742510901.184466
6,373.745,1742510901.184466
7,383.152,1742510901.184466
0,383.178,1742510901.2346532
1,367.388,1742510901.2346532
2,375.626,1742510901.2346532
3,377.324,1742510901.2346532
4,364.572,1742510901.2346532
5,380.29,1742510901.2346532
6,373.745,1742510901.2346532
7,383.152,1742510901.2346532
0,381.755,1742510901.2847795
1,367.774,1742510901.2847795
2,375.626,1742510901.2847795
3,377.324,1742510901.2847795
4,365.388,1742510901.2847795
5,380.29,1742510901.2847795
6,374.102,1742510901.2847795
7,383.181,1742510901.2847795
0,381.755,1742510901.3349197
1,367.774,1742510901.3349197
2,374.174,1742510901.3349197
3,377.995,1742510901.3349197
4,365.388,1742510901.3349197
5,379.982,1742510901.3349197
6,374.102,1742510901.3349197
7,383.181,1742510901.3349197
0,381.003,1742510901.3850582
1,368.684,1742510901.3850582
2,374.174,1742510901.3850582
3,377.995,1742510901.3850582
4,365.353,1742510901.3850582
5,379.982,1742510901.3850582
6,373.461,1742510901.3850582
7,381.537,1742510901.3850582
0,381.003,1742510901.4351845
1,368.684,1742510901.4351845
2,375.492,1742510901.4351845
3,378.093,1742510901.4351845
4,365.353,1742510901.4351845
5,378.697,1742510901.4351845
6,373.461,1742510901.4351845
7,381.537,1742510901.4351845
0,380.716,1742510901.4853232
1,366.601,1742510901.4853232
2,375.492,1742510901.4853232
3,378.093,1742510901.4853232
4,366.347,1742510901.4853232
5,378.697,1742510901.4853232
6,374.398,1742510901.4853232
7,381.081,1742510901.4853232
0,380.716,1742510901.5354624
1,366.601,1742510901.5354624
2,376.023,1742510901.5354624
3,377.425,1742510901.5354624
4,366.347,1742510901.5354624
5,378.66,1742510901.5354624
6,374.398,1742510901.5354624
7,381.081,1742510901.5354624
0,378.268,1742510901.5855916
1,366.699,1742510901.5855916
2,376.023,1742510901.5855916
3,377.425,1742510901.5855916
4,365.723,1742510901.5855916
5,378.66,1742510901.5855916
6,374.368,1742510901.5855916
7,380.488,1742510901.5855916
0,378.268,1742510901.6357303
1,366.699,1742510901.6357303
2,377.105,1742510901.6357303
3,377.628,1742510901.6357303
4,365.723,1742510901.6357303
5,378.66,1742510901.6357303
6,374.368,1742510901.6357303
7,380.488,1742510901.6357303
0,378.025,1742510901.685867
1,367.777,1742510901.685867
2,377.105,1742510901.685867
3,377.628,1742510901.685867
4,366.505,1742510901.685867
5,377.483,1742510901.685867
6,373.601,1742510901.685867
7,380.334,1742510901.685867
0,378.025,1742510901.7360487
1,367.777,1742510901.7360487
2,376.731,1742510901.7360487
3,375.748,1742510901.7360487
4,366.505,1742510901.7360487
5,377.483,1742510901.7360487
6,373.601,1742510901.7360487
7,380.334,1742510901.7360487
0,379.183,1742510901.7861834
1,364.155,1742510901.7861834
2,376.731,1742510901.7861834
3,375.748,1742510901.7861834
4,366.051,1742510901.7861834
5,378.486,1742510901.7861834
6,372.847,1742510901.7861834
7,379.656,1742510901.7861834
0,379.183,1742510901.8363092
1,364.155,1742510901.8363092
2,375.208,1742510901.8363092
3,376.048,1742510901.8363092
4,366.051,1742510901.8363092
5,378.486,1742510901.8363092
6,372.847,1742510901.8363092
7,379.656,1742510901.8363092
0,379.399,1742510901.8864436
1,365.197,1742510901.8864436
2,375.208,1742510901.8864436
3,376.048,1742510901.8864436
4,364.753,1742510901.8864436
5,377.181,1742510901.8864436
6,372.748,1742510901.8864436
7,378.303,1742510901.8864436
0,379.399,1742510901.93657
1,365.197,1742510901.93657
2,374.761,1742510901.93657
3,374.702,1742510901.93657
4,364.753,1742510901.93657
5,377.181,1742510901.93657
6,372.748,1742510901.93657
7,378.303,1742510901.93657
0,380.695,1742510901.9866936
1,365.602,1742510901.9866936
2,374.761,1742510901.9866936
3,374.702,1742510901.9866936
4,364.444,1742510901.9866936
5,374.89,1742510901.9866936
6,371.378,1742510901.9866936
7,377.715,1742510901.9866936
0,380.695,1742510902.0368197
1,365.602,1742510902.0368197
2,374.503,1742510902.0368197
3,373.241,1742510902.0368197
4,364.444,1742510902.0368197
5,374.89,1742510902.0368197
6,371.378,1742510902.0368197
7,377.715,1742510902.0368197
0,381.433,1742510902.0869453
1,366.496,1742510902.0869453
2,374.503,1742510902.0869453
3,373.241,1742510902.0869453
4,363.998,1742510902.0869453
5,375.642,1742510902.0869453
6,370.147,1742510902.0869453
7,377.891,1742510902.0869453
0,381.433,1742510902.1370847
1,366.496,1742510902.1370847
2,373.776,1742510902.1370847
3,372.588,1742510902.1370847
4,363.998,1742510902.1370847
5,375.642,1742510902.1370847
6,370.147,1742510902.1370847
7,377.891,1742510902.1370847
0,382.643,1742510902.1872208
1,365.94,1742510902.1872208
2,373.776,1742510902.1872208
3,372.588,1742510902.1872208
4,362.573,1742510902.1872208
5,375.38,1742510902.1872208
6,368.678,1742510902.1872208
7,377.997,1742510902.1872208
0,382.643,1742510902.237356
1,365.94,1742510902.237356
2,373.578,1742510902.237356
3,371.867,1742510902.237356
4,362.573,1742510902.237356
5,375.38,1742510902.237356
6,368.678,1742510902.237356
7,377.997,1742510902.237356
0,384.102,1742510902.2874916
1,366.325,1742510902.2874916
2,373.578,1742510902.2874916
3,371.867,1742510902.2874916
4,363.628,1742510902.2874916
5,374.493,1742510902.2874916
6,367.775,1742510902.2874916
7,378.524,1742510902.2874916
0,384.102,1742510902.3376274
1,366.325,1742510902.3376274
2,373.228,1742510902.3376274
3,370.962,1742510902.3376274
4,363.628,1742510902.3376274
5,374.493,1742510902.3376274
6,367.775,1742510902.3376274
7,378.524,1742510902.3376274
0,383.446,1742510902.3877962
1,366.281,1742510902.3877962
2,373.228,1742510902.3877962
3,370.962,1742510902.3877962
4,363.327,1742510902.3877962
5,376.592,1742510902.3877962
6,368.476,1742510902.3877962
7,380.019,1742510902.3877962
0,383.446,1742510902.4379225
1,366.281,1742510902.4379225
2,372.246,1742510902.4379225
3,371.308,1742510902.4379225
4,363.327,1742510902.4379225
5,376.592,1742510902.4379225
6,368.476,1742510902.4379225
7,380.019,1742510902.4379225
0,384.231,1742510902.4880476
1,366.843,1742510902.4880476
2,372.246,1742510902.4880476
3,371.308,1742510902.4880476
4,362.752,1742510902.4880476
5,375.417,1742510902.4880476
6,367.921,1742510902.4880476
7,379.758,1742510902.4880476
0,384.231,1742510902.5381844
1,366.843,1742510902.5381844
2,372.06,1742510902.5381844
3,370.404,1742510902.5381844
4,362.752,1742510902.5381844
5,375.417,1742510902.5381844
6,367.921,1742510902.5381844
7,379.758,1742510902.5381844
0,384.356,1742510902.5883248
1,368.222,1742510902.5883248
2,372.06,1742510902.5883248
3,370.404,1742510902.5883248
4,362.576,1742510902.5883248
5,376.725,1742510902.5883248
6,367.381,1742510902.5883248
7,380.562,1742510902.5883248
0,384.356,1742510902.63846
1,368.222,1742510902.63846
2,371.062,1742510902.63846
3,371.197,1742510902.63846
4,362.576,1742510902.63846
5,376.725,1742510902.63846
6,367.381,1742510902.63846
7,380.562,1742510902.63846
0,383.558,1742510902.6886306
1,368.286,1742510902.6886306
2,371.062,1742510902.6886306
3,371.197,1742510902.6886306
4,360.589,1742510902.6886306
5,376.786,1742510902.6886306
6,367.244,1742510902.6886306
7,380.598,1742510902.6886306
0,383.558,1742510902.7387667
1,368.286,1742510902.7387667
2,370.052,1742510902.7387667
3,371.232,1742510902.7387667
4,360.589,1742510902.7387667
5,376.786,1742510902.7387667
6,367.244,1742510902.7387667
7,380.598,1742510902.7387667
0,382.836,1742510902.7888904
1,370.606,1742510902.7888904
2,370.052,1742510902.7888904
3,371.232,1742510902.7888904
4,361.549,1742510902.7888904
5,376.287,1742510902.7888904
6,368.114,1742510902.7888904
7,382.088,1742510902.7888904
0,382.836,1742510902.8390152
1,370.606,1742510902.8390152
2,371.95,1742510902.8390152
3,371.895,1742510902.8390152
4,361.549,1742510902.8390152
5,376.287,1742510902.8390152
6,368.114,1742510902.8390152
7,382.088,1742510902.8390152
0,383.352,1742510902.889182
1,372.789,1742510902.889182
2,371.95,1742510902.889182
3,371.895,1742510902.889182
4,362.086,1742510902.889182
5,376.117,1742510902.889182
6,368.505,1742510902.889182
7,382.763,1742510902.889182
0,383.352,1742510902.9393182
1,372.789,1742510902.9393182
2,370.779,1742510902.9393182
3,372.468,1742510902.9393182
4,362.086,1742510902.9393182
5,376.117,1742510902.9393182
6,368.505,1742510902.9393182
7,382.763,1742510902.9393182
0,382.621,1742510902.9894438
1,372.165,1742510902.9894438
2,370.779,1742510902.9894438
3,372.468,1742510902.9894438
4,360.738,1742510902.9894438
5,378.267,1742510902.9894438
6,368.647,1742510902.9894438
7,384.858,1742510902.9894438
0,382.621,1742510903.039584
1,372.165,1742510903.039584
2,371.241,1742510903.039584
3,372.885,1742510903.039584
4,360.738,1742510903.039584
5,378.267,1742510903.039584
6,368.647,1742510903.039584
7,384.858,1742510903.039584
0,383.274,1742510903.0897195
1,370.643,1742510903.0897195
2,371.241,1742510903.0897195
3,372.885,1742510903.0897195
4,361.218,1742510903.0897195
5,377.95,1742510903.0897195
6,368.216,1742510903.0897195
7,384.618,1742510903.0897195
0,383.274,1742510903.1399527
1,370.643,1742510903.1399527
2,372.178,1742510903.1399527
3,373.129,1742510903.1399527
4,361.218,1742510903.1399527
5,377.95,1742510903.1399527
6,368.216,1742510903.1399527
7,384.618,1742510903.1399527
0,386.197,1742510903.1900942
1,369.941,1742510903.1900942
2,372.178,1742510903.1900942
3,373.129,1742510903.1900942
4,360.885,1742510903.1900942
5,376.305,1742510903.1900942
6,368.42,1742510903.1900942
7,385.119,1742510903.1900942
0,386.197,1742510903.24023
1,369.941,1742510903.24023
2,371.328,1742510903.24023
3,372.788,1742510903.24023
4,360.885,1742510903.24023
5,376.305,1742510903.24023
6,368.42,1742510903.24023
7,385.119,1742510903.24023
0,385.015,1742510903.290366
1,371.073,1742510903.290366
2,371.328,1742510903.290366
3,372.788,1742510903.290366
4,359.306,1742510903.290366
5,375.522,1742510903.290366
6,367.899,1742510903.290366
7,386.118,1742510903.290366
0,385.015,1742510903.3404922
1,371.073,1742510903.3404922
2,371.767,1742510903.3404922
3,372.826,1742510903.3404922
4,359.306,1742510903.3404922
5,375.522,1742510903.3404922
6,367.899,1742510903.3404922
7,386.118,1742510903.3404922
0,385.935,1742510903.3906114
1,373.165,1742510903.3906114
2,371.767,1742510903.3906114
3,372.826,1742510903.3906114
4,357.745,1742510903.3906114
5,376.459,1742510903.3906114
6,366.37,1742510903.3906114
7,387.382,1742510903.3906114
0,385.935,1742510903.4407432
1,373.165,1742510903.4407432
2,371.542,1742510903.4407432
3,371.546,1742510903.4407432
4,357.745,1742510903.4407432
5,376.459,1742510903.4407432
6,366.37,1742510903.4407432
7,387.382,1742510903.4407432
0,383.639,1742510903.4909189
1,373.457,1742510903.4909189
2,371.542,1742510903.4909189
3,371.546,1742510903.4909189
4,357.245,1742510903.4909189
5,378.095,1742510903.4909189
6,366.04,1742510903.4909189
7,388.373,1742510903.4909189
0,383.639,1742510903.5410447
1,373.457,1742510903.5410447
2,371.605,1742510903.5410447
3,371.861,1742510903.5410447
4,357.245,1742510903.5410447
5,378.095,1742510903.5410447
6,366.04,1742510903.5410447
7,388.373,1742510903.5410447
0,383.27,1742510903.5911689
1,374.175,1742510903.5911689
2,371.605,1742510903.5911689
3,371.861,1742510903.5911689
4,357.738,1742510903.5911689
5,378.285,1742510903.5911689
6,366.146,1742510903.5911689
7,390.568,1742510903.5911689
0,383.27,1742510903.641295
1,374.175,1742510903.641295
2,371.605,1742510903.641295
3,371.553,1742510903.641295
4,357.738,1742510903.641295
5,378.285,1742510903.641295
6,366.146,1742510903.641295
7,390.568,1742510903.641295
0,384.352,1742510903.691426
1,376.673,1742510903.691426
2,372.871,1742510903.691426
3,371.553,1742510903.691426
4,358.174,1742510903.691426
5,379.131,1742510903.691426
6,365.681,1742510903.691426
7,390.121,1742510903.691426
0,384.352,1742510903.74156
1,376.673,1742510903.74156
2,372.871,1742510903.74156
3,371.17,1742510903.74156
4,358.174,1742510903.74156
5,379.131,1742510903.74156
6,365.681,1742510903.74156
7,390.121,1742510903.74156
0,383.77,1742510903.7916987
1,378.146,1742510903.7916987
2,372.077,1742510903.7916987
3,371.17,1742510903.7916987
4,356.794,1742510903.7916987
5,378.956,1742510903.7916987
6,364.83,1742510903.7916987
7,391.137,1742510903.7916987
0,383.77,1742510903.841825
1,378.146,1742510903.841825
2,372.077,1742510903.841825
3,371.929,1742510903.841825
4,356.794,1742510903.841825
5,378.956,1742510903.841825
6,364.83,1742510903.841825
7,391.137,1742510903.841825
0,383.77,1742510903.8919506
1,375.837,1742510903.8919506
2,371.986,1742510903.8919506
3,371.929,1742510903.8919506
4,357.39,1742510903.8919506
5,379.309,1742510903.8919506
6,364.512,1742510903.8919506
7,393.181,1742510903.8919506
0,385.226,1742510903.9421155
1,375.837,1742510903.9421155
2,371.986,1742510903.9421155
3,371.49,1742510903.9421155
4,357.39,1742510903.9421155
5,379.309,1742510903.9421155
6,364.512,1742510903.9421155
7,393.181,1742510903.9421155
0,385.226,1742510903.9922488
1,375.913,1742510903.9922488
2,372.133,1742510903.9922488
3,371.49,1742510903.9922488
4,357.417,1742510903.9922488
5,378.414,1742510903.9922488
6,365.645,1742510903.9922488
7,390.656,1742510903.9922488
0,384.476,1742510904.0423772
1,375.913,1742510904.0423772
2,372.133,1742510904.0423772
3,371.49,1742510904.0423772
4,357.417,1742510904.0423772
5,378.414,1742510904.0423772
6,365.645,1742510904.0423772
7,390.656,1742510904.0423772
0,384.476,1742510904.0925193
1,377.033,1742510904.0925193
2,371.217,1742510904.0925193
3,371.612,1742510904.0925193
4,357.898,1742510904.0925193
5,377.703,1742510904.0925193
6,365.175,1742510904.0925193
7,393.787,1742510904.0925193
0,383.182,1742510904.1426475
1,377.033,1742510904.1426475
2,371.217,1742510904.1426475
3,371.612,1742510904.1426475
4,357.898,1742510904.1426475
5,377.703,1742510904.1426475
6,365.175,1742510904.1426475
7,393.787,1742510904.1426475
0,383.182,1742510904.1927729
1,376.565,1742510904.1927729
2,370.475,1742510904.1927729
3,371.167,1742510904.1927729
4,358.782,1742510904.1927729
5,378.483,1742510904.1927729
6,365.827,1742510904.1927729
7,392.062,1742510904.1927729
0,381.665,1742510904.2429397
1,376.565,1742510904.2429397
2,370.475,1742510904.2429397
3,371.167,1742510904.2429397
4,358.782,1742510904.2429397
5,378.483,1742510904.2429397
6,365.827,1742510904.2429397
7,392.062,1742510904.2429397
0,381.665,1742510904.2930655
1,378.657,1742510904.2930655
2,369.859,1742510904.2930655
3,371.825,1742510904.2930655
4,359.269,1742510904.2930655
5,379.002,1742510904.2930655
6,366.75,1742510904.2930655
7,390.809,1742510904.2930655
0,381.351,1742510904.343205
1,378.657,1742510904.343205
2,369.859,1742510904.343205
3,371.825,1742510904.343205
4,359.269,1742510904.343205
5,379.002,1742510904.343205
6,366.75,1742510904.343205
7,390.809,1742510904.343205
0,381.351,1742510904.3933406
1,375.818,1742510904.3933406
2,370.172,1742510904.3933406
3,373.759,1742510904.3933406
4,360.914,1742510904.3933406
5,379.991,1742510904.3933406
6,368.546,1742510904.3933406
7,391.3,1742510904.3933406
0,381.643,1742510904.4434779
1,375.818,1742510904.4434779
2,370.172,1742510904.4434779
3,373.759,1742510904.4434779
4,360.914,1742510904.4434779
5,379.991,1742510904.4434779
6,368.546,1742510904.4434779
7,391.3,1742510904.4434779
0,381.643,1742510904.4936182
1,374.193,1742510904.4936182
2,371.967,1742510904.4936182
3,375.278,1742510904.4936182
4,361.407,1742510904.4936182
5,378.334,1742510904.4936182
6,369.978,1742510904.4936182
7,391.253,1742510904.4936182
0,383.192,1742510904.5437613
1,374.193,1742510904.5437613
2,371.967,1742510904.5437613
3,375.278,1742510904.5437613
4,361.407,1742510904.5437613
5,378.334,1742510904.5437613
6,369.978,1742510904.5437613
7,391.253,1742510904.5437613
0,383.192,1742510904.5938857
1,373.849,1742510904.5938857
2,372.196,1742510904.5938857
3,375.788,1742510904.5938857
4,362.321,1742510904.5938857
5,379.28,1742510904.5938857
6,370.741,1742510904.5938857
7,389.305,1742510904.5938857
0,383.644,1742510904.6440232
1,373.849,1742510904.6440232
2,372.196,1742510904.6440232
3,375.788,1742510904.6440232
4,362.321,1742510904.6440232
5,379.28,1742510904.6440232
6,370.741,1742510904.6440232
7,389.305,1742510904.6440232
0,383.644,1742510904.6941628
1,372.599,1742510904.6941628
2,372.541,1742510904.6941628
3,376.431,1742510904.6941628
4,363.529,1742510904.6941628
5,378.519,1742510904.6941628
6,371.513,1742510904.6941628
7,387.323,1742510904.6941628
0,383.203,1742510904.744302
1,372.599,1742510904.744302
2,372.541,1742510904.744302
3,376.431,1742510904.744302
4,363.529,1742510904.744302
5,378.519,1742510904.744302
6,371.513,1742510904.744302
7,387.323,1742510904.744302
0,383.203,1742510904.794428
1,371.556,1742510904.794428
2,376.987,1742510904.794428
3,377.679,1742510904.794428
4,363.861,1742510904.794428
5,377.836,1742510904.794428
6,371.781,1742510904.794428
7,385.795,1742510904.794428
0,381.916,1742510904.844553
1,371.556,1742510904.844553
2,376.987,1742510904.844553
3,377.679,1742510904.844553
4,363.861,1742510904.844553
5,377.836,1742510904.844553
6,371.781,1742510904.844553
7,385.795,1742510904.844553
