GPU_ID,Power_Usage_W,Timestamp
0,116.729,1742888055.752077
1,69.479,1742888055.752077
2,71.926,1742888055.752077
3,69.826,1742888055.752077
4,70.564,1742888055.752077
5,69.756,1742888055.752077
6,68.586,1742888055.752077
7,71.883,1742888055.752077
0,116.73,1742888055.8521786
1,69.466,1742888055.8521786
2,71.933,1742888055.8521786
3,69.826,1742888055.8521786
4,70.57,1742888055.8521786
5,69.747,1742888055.8521786
6,68.575,1742888055.8521786
7,71.877,1742888055.8521786
0,116.733,1742888055.9525049
1,69.5,1742888055.9525049
2,71.926,1742888055.9525049
3,69.84,1742888055.9525049
4,70.569,1742888055.9525049
5,69.763,1742888055.9525049
6,68.573,1742888055.9525049
7,71.89,1742888055.9525049
0,116.739,1742888056.0526369
1,69.479,1742888056.0526369
2,71.92,1742888056.0526369
3,69.853,1742888056.0526369
4,70.557,1742888056.0526369
5,69.728,1742888056.0526369
6,68.574,1742888056.0526369
7,71.897,1742888056.0526369
0,116.751,1742888056.152766
1,69.497,1742888056.152766
2,71.92,1742888056.152766
3,69.852,1742888056.152766
4,70.559,1742888056.152766
5,69.735,1742888056.152766
6,68.587,1742888056.152766
7,71.896,1742888056.152766
0,116.77,1742888056.2529032
1,69.47,1742888056.2529032
2,71.906,1742888056.2529032
3,69.835,1742888056.2529032
4,70.568,1742888056.2529032
5,69.735,1742888056.2529032
6,68.607,1742888056.2529032
7,71.877,1742888056.2529032
0,116.755,1742888056.3530753
1,69.471,1742888056.3530753
2,71.886,1742888056.3530753
3,69.84,1742888056.3530753
4,70.575,1742888056.3530753
5,69.748,1742888056.3530753
6,68.601,1742888056.3530753
7,71.878,1742888056.3530753
0,116.768,1742888056.4532437
1,69.457,1742888056.4532437
2,71.873,1742888056.4532437
3,69.834,1742888056.4532437
4,70.58,1742888056.4532437
5,69.747,1742888056.4532437
6,68.6,1742888056.4532437
7,71.878,1742888056.4532437
0,116.755,1742888056.5533767
1,69.449,1742888056.5533767
2,71.882,1742888056.5533767
3,69.814,1742888056.5533767
4,70.566,1742888056.5533767
5,69.729,1742888056.5533767
6,68.581,1742888056.5533767
7,71.891,1742888056.5533767
0,116.768,1742888056.6535149
1,69.455,1742888056.6535149
2,71.882,1742888056.6535149
3,69.835,1742888056.6535149
4,70.592,1742888056.6535149
5,69.734,1742888056.6535149
6,68.58,1742888056.6535149
7,71.897,1742888056.6535149
0,116.761,1742888056.753782
1,69.442,1742888056.753782
2,71.869,1742888056.753782
3,69.826,1742888056.753782
4,70.592,1742888056.753782
5,69.708,1742888056.753782
6,68.582,1742888056.753782
7,71.903,1742888056.753782
0,116.754,1742888056.8539162
1,69.442,1742888056.8539162
2,71.863,1742888056.8539162
3,69.835,1742888056.8539162
4,70.595,1742888056.8539162
5,69.729,1742888056.8539162
6,68.588,1742888056.8539162
7,71.91,1742888056.8539162
0,116.751,1742888056.9540908
1,69.442,1742888056.9540908
2,71.862,1742888056.9540908
3,69.845,1742888056.9540908
4,70.595,1742888056.9540908
5,69.741,1742888056.9540908
6,68.6,1742888056.9540908
7,71.916,1742888056.9540908
0,116.755,1742888057.0542426
1,69.423,1742888057.0542426
2,71.867,1742888057.0542426
3,69.829,1742888057.0542426
4,70.615,1742888057.0542426
5,69.735,1742888057.0542426
6,68.62,1742888057.0542426
7,71.903,1742888057.0542426
0,116.75,1742888057.1543863
1,69.444,1742888057.1543863
2,71.869,1742888057.1543863
3,69.821,1742888057.1543863
4,70.627,1742888057.1543863
5,69.748,1742888057.1543863
6,68.627,1742888057.1543863
7,71.898,1742888057.1543863
0,116.75,1742888057.2545238
1,69.445,1742888057.2545238
2,71.887,1742888057.2545238
3,69.83,1742888057.2545238
4,70.605,1742888057.2545238
5,69.733,1742888057.2545238
6,68.621,1742888057.2545238
7,71.911,1742888057.2545238
0,116.747,1742888057.3546631
1,69.479,1742888057.3546631
2,71.894,1742888057.3546631
3,69.824,1742888057.3546631
4,70.589,1742888057.3546631
5,69.728,1742888057.3546631
6,68.627,1742888057.3546631
7,71.916,1742888057.3546631
0,116.77,1742888057.4548025
1,69.458,1742888057.4548025
2,71.914,1742888057.4548025
3,69.845,1742888057.4548025
4,70.603,1742888057.4548025
5,69.708,1742888057.4548025
6,68.621,1742888057.4548025
7,71.929,1742888057.4548025
0,116.76,1742888057.554955
1,69.507,1742888057.554955
2,71.915,1742888057.554955
3,69.864,1742888057.554955
4,70.592,1742888057.554955
5,69.727,1742888057.554955
6,68.627,1742888057.554955
7,71.923,1742888057.554955
0,116.754,1742888057.6550906
1,69.487,1742888057.6550906
2,71.92,1742888057.6550906
3,69.864,1742888057.6550906
4,70.604,1742888057.6550906
5,69.747,1742888057.6550906
6,68.627,1742888057.6550906
7,71.93,1742888057.6550906
0,116.754,1742888057.755224
1,69.514,1742888057.755224
2,71.939,1742888057.755224
3,69.879,1742888057.755224
4,70.589,1742888057.755224
5,69.763,1742888057.755224
6,68.646,1742888057.755224
7,71.936,1742888057.755224
0,116.757,1742888057.85536
1,69.524,1742888057.85536
2,71.952,1742888057.85536
3,69.871,1742888057.85536
4,70.58,1742888057.85536
5,69.762,1742888057.85536
6,68.659,1742888057.85536
7,71.929,1742888057.85536
0,116.743,1742888057.9554908
1,69.511,1742888057.9554908
2,71.952,1742888057.9554908
3,69.858,1742888057.9554908
4,70.566,1742888057.9554908
5,69.735,1742888057.9554908
6,68.647,1742888057.9554908
7,71.949,1742888057.9554908
0,116.751,1742888058.0556262
1,69.514,1742888058.0556262
2,71.952,1742888058.0556262
3,69.861,1742888058.0556262
4,70.547,1742888058.0556262
5,69.764,1742888058.0556262
6,68.62,1742888058.0556262
7,71.948,1742888058.0556262
0,116.744,1742888058.1557596
1,69.541,1742888058.1557596
2,71.958,1742888058.1557596
3,69.878,1742888058.1557596
4,70.556,1742888058.1557596
5,69.743,1742888058.1557596
6,68.608,1742888058.1557596
7,71.956,1742888058.1557596
0,116.745,1742888058.2558937
1,69.517,1742888058.2558937
2,71.951,1742888058.2558937
3,69.878,1742888058.2558937
4,70.558,1742888058.2558937
5,69.762,1742888058.2558937
6,68.587,1742888058.2558937
7,71.955,1742888058.2558937
0,116.751,1742888058.3560333
1,69.519,1742888058.3560333
2,71.959,1742888058.3560333
3,69.892,1742888058.3560333
4,70.557,1742888058.3560333
5,69.774,1742888058.3560333
6,68.594,1742888058.3560333
7,71.95,1742888058.3560333
0,116.737,1742888058.4561667
1,69.492,1742888058.4561667
2,71.978,1742888058.4561667
3,69.875,1742888058.4561667
4,70.569,1742888058.4561667
5,69.761,1742888058.4561667
6,68.588,1742888058.4561667
7,71.931,1742888058.4561667
0,116.734,1742888058.556301
1,69.489,1742888058.556301
2,71.965,1742888058.556301
3,69.869,1742888058.556301
4,70.561,1742888058.556301
5,69.768,1742888058.556301
6,68.601,1742888058.556301
7,71.924,1742888058.556301
0,116.747,1742888058.6564434
1,69.489,1742888058.6564434
2,71.966,1742888058.6564434
3,69.855,1742888058.6564434
4,70.543,1742888058.6564434
5,69.748,1742888058.6564434
6,68.6,1742888058.6564434
7,71.921,1742888058.6564434
0,116.763,1742888058.7566254
1,69.492,1742888058.7566254
2,71.978,1742888058.7566254
3,69.842,1742888058.7566254
4,70.53,1742888058.7566254
5,69.759,1742888058.7566254
6,68.594,1742888058.7566254
7,71.929,1742888058.7566254
0,116.761,1742888058.8567593
1,69.458,1742888058.8567593
2,71.953,1742888058.8567593
3,69.836,1742888058.8567593
4,70.547,1742888058.8567593
5,69.745,1742888058.8567593
6,68.588,1742888058.8567593
7,71.922,1742888058.8567593
0,116.757,1742888058.9568956
1,69.472,1742888058.9568956
2,71.94,1742888058.9568956
3,69.837,1742888058.9568956
4,70.553,1742888058.9568956
5,69.767,1742888058.9568956
6,68.573,1742888058.9568956
7,71.928,1742888058.9568956
0,116.759,1742888059.0570278
1,69.477,1742888059.0570278
2,71.946,1742888059.0570278
3,69.838,1742888059.0570278
4,70.551,1742888059.0570278
5,69.764,1742888059.0570278
6,68.582,1742888059.0570278
7,71.928,1742888059.0570278
0,116.756,1742888059.1572044
1,69.466,1742888059.1572044
2,71.953,1742888059.1572044
3,69.824,1742888059.1572044
4,70.535,1742888059.1572044
5,69.771,1742888059.1572044
6,68.581,1742888059.1572044
7,71.928,1742888059.1572044
0,116.749,1742888059.2573454
1,69.465,1742888059.2573454
2,71.952,1742888059.2573454
3,69.808,1742888059.2573454
4,70.55,1742888059.2573454
5,69.765,1742888059.2573454
6,68.594,1742888059.2573454
7,71.941,1742888059.2573454
0,116.749,1742888059.357502
1,69.493,1742888059.357502
2,71.945,1742888059.357502
3,69.801,1742888059.357502
4,70.544,1742888059.357502
5,69.741,1742888059.357502
6,68.593,1742888059.357502
7,71.947,1742888059.357502
0,116.73,1742888059.4576368
1,69.473,1742888059.4576368
2,71.939,1742888059.4576368
3,69.795,1742888059.4576368
4,70.547,1742888059.4576368
5,69.762,1742888059.4576368
6,68.594,1742888059.4576368
7,71.952,1742888059.4576368
0,116.722,1742888059.5577743
1,69.508,1742888059.5577743
2,71.939,1742888059.5577743
3,69.808,1742888059.5577743
4,70.575,1742888059.5577743
5,69.741,1742888059.5577743
6,68.581,1742888059.5577743
7,71.968,1742888059.5577743
0,116.718,1742888059.6579225
1,69.493,1742888059.6579225
2,71.945,1742888059.6579225
3,69.801,1742888059.6579225
4,70.574,1742888059.6579225
5,69.763,1742888059.6579225
6,68.573,1742888059.6579225
7,71.948,1742888059.6579225
0,116.705,1742888059.758064
1,69.492,1742888059.758064
2,71.951,1742888059.758064
3,69.795,1742888059.758064
4,70.578,1742888059.758064
5,69.749,1742888059.758064
6,68.561,1742888059.758064
7,71.94,1742888059.758064
0,116.713,1742888059.8582027
1,69.499,1742888059.8582027
2,71.952,1742888059.8582027
3,69.795,1742888059.8582027
4,70.572,1742888059.8582027
5,69.737,1742888059.8582027
6,68.555,1742888059.8582027
7,71.946,1742888059.8582027
0,116.719,1742888059.9583414
1,69.501,1742888059.9583414
2,71.951,1742888059.9583414
3,69.781,1742888059.9583414
4,70.594,1742888059.9583414
5,69.765,1742888059.9583414
6,68.556,1742888059.9583414
7,71.936,1742888059.9583414
0,116.725,1742888060.0584793
1,69.486,1742888060.0584793
2,71.965,1742888060.0584793
3,69.774,1742888060.0584793
4,70.584,1742888060.0584793
5,69.731,1742888060.0584793
6,68.555,1742888060.0584793
7,71.936,1742888060.0584793
0,116.728,1742888060.1586206
1,69.499,1742888060.1586206
2,71.958,1742888060.1586206
3,69.781,1742888060.1586206
4,70.583,1742888060.1586206
5,69.75,1742888060.1586206
6,68.543,1742888060.1586206
7,71.936,1742888060.1586206
0,116.741,1742888060.2587612
1,69.479,1742888060.2587612
2,71.958,1742888060.2587612
3,69.789,1742888060.2587612
4,70.581,1742888060.2587612
5,69.748,1742888060.2587612
6,68.548,1742888060.2587612
7,71.923,1742888060.2587612
0,116.755,1742888060.3588967
1,69.466,1742888060.3588967
2,71.959,1742888060.3588967
3,69.789,1742888060.3588967
4,70.592,1742888060.3588967
5,69.741,1742888060.3588967
6,68.556,1742888060.3588967
7,71.911,1742888060.3588967
0,116.764,1742888060.4590704
1,69.467,1742888060.4590704
2,71.952,1742888060.4590704
3,69.795,1742888060.4590704
4,70.598,1742888060.4590704
5,69.746,1742888060.4590704
6,68.534,1742888060.4590704
7,71.898,1742888060.4590704
0,116.77,1742888060.559231
1,69.46,1742888060.559231
2,71.952,1742888060.559231
3,69.795,1742888060.559231
4,70.576,1742888060.559231
5,69.734,1742888060.559231
6,68.534,1742888060.559231
7,71.892,1742888060.559231
0,116.773,1742888060.65937
1,69.454,1742888060.65937
2,71.945,1742888060.65937
3,69.797,1742888060.65937
4,70.584,1742888060.65937
5,69.753,1742888060.65937
6,68.521,1742888060.65937
7,71.905,1742888060.65937
0,116.775,1742888060.7595005
1,69.488,1742888060.7595005
2,71.932,1742888060.7595005
3,69.81,1742888060.7595005
4,70.566,1742888060.7595005
5,69.74,1742888060.7595005
6,68.541,1742888060.7595005
7,71.9,1742888060.7595005
0,116.768,1742888060.8596792
1,69.474,1742888060.8596792
2,71.939,1742888060.8596792
3,69.796,1742888060.8596792
4,70.556,1742888060.8596792
5,69.76,1742888060.8596792
6,68.521,1742888060.8596792
7,71.907,1742888060.8596792
0,116.762,1742888060.9598122
1,69.495,1742888060.9598122
2,71.946,1742888060.9598122
3,69.794,1742888060.9598122
4,70.566,1742888060.9598122
5,69.759,1742888060.9598122
6,68.521,1742888060.9598122
7,71.906,1742888060.9598122
0,116.755,1742888061.0599463
1,69.474,1742888061.0599463
2,71.94,1742888061.0599463
3,69.815,1742888061.0599463
4,70.571,1742888061.0599463
5,69.76,1742888061.0599463
6,68.514,1742888061.0599463
7,71.905,1742888061.0599463
0,116.752,1742888061.1600945
1,69.48,1742888061.1600945
2,71.921,1742888061.1600945
3,69.801,1742888061.1600945
4,70.558,1742888061.1600945
5,69.768,1742888061.1600945
6,68.529,1742888061.1600945
7,71.905,1742888061.1600945
0,116.752,1742888061.260229
1,69.466,1742888061.260229
2,71.92,1742888061.260229
3,69.808,1742888061.260229
4,70.576,1742888061.260229
5,69.748,1742888061.260229
6,68.527,1742888061.260229
7,71.892,1742888061.260229
0,116.745,1742888061.360414
1,69.48,1742888061.360414
2,71.92,1742888061.360414
3,69.807,1742888061.360414
4,70.557,1742888061.360414
5,69.754,1742888061.360414
6,68.536,1742888061.360414
7,71.905,1742888061.360414
0,116.735,1742888061.4605482
1,69.459,1742888061.4605482
2,71.914,1742888061.4605482
3,69.808,1742888061.4605482
4,70.556,1742888061.4605482
5,69.744,1742888061.4605482
6,68.534,1742888061.4605482
7,71.905,1742888061.4605482
0,116.749,1742888061.560681
1,69.484,1742888061.560681
2,71.927,1742888061.560681
3,69.801,1742888061.560681
4,70.575,1742888061.560681
5,69.764,1742888061.560681
6,68.534,1742888061.560681
7,71.918,1742888061.560681
0,116.749,1742888061.660811
1,69.471,1742888061.660811
2,71.919,1742888061.660811
3,69.807,1742888061.660811
4,70.555,1742888061.660811
5,69.756,1742888061.660811
6,68.534,1742888061.660811
7,71.936,1742888061.660811
0,116.755,1742888061.7609463
1,69.467,1742888061.7609463
2,71.913,1742888061.7609463
3,69.81,1742888061.7609463
4,70.562,1742888061.7609463
5,69.778,1742888061.7609463
6,68.508,1742888061.7609463
7,71.929,1742888061.7609463
0,116.766,1742888061.8610845
1,69.466,1742888061.8610845
2,71.907,1742888061.8610845
3,69.816,1742888061.8610845
4,70.557,1742888061.8610845
5,69.785,1742888061.8610845
6,68.504,1742888061.8610845
7,71.935,1742888061.8610845
0,116.756,1742888061.9612172
1,69.457,1742888061.9612172
2,71.9,1742888061.9612172
3,69.811,1742888061.9612172
4,70.574,1742888061.9612172
5,69.767,1742888061.9612172
6,68.521,1742888061.9612172
7,71.91,1742888061.9612172
0,116.763,1742888062.0613523
1,69.464,1742888062.0613523
2,71.887,1742888062.0613523
3,69.796,1742888062.0613523
4,70.568,1742888062.0613523
5,69.778,1742888062.0613523
6,68.534,1742888062.0613523
7,71.923,1742888062.0613523
0,116.756,1742888062.161489
1,69.465,1742888062.161489
2,71.894,1742888062.161489
3,69.815,1742888062.161489
4,70.579,1742888062.161489
5,69.776,1742888062.161489
6,68.549,1742888062.161489
7,71.916,1742888062.161489
0,116.743,1742888062.2616253
1,69.471,1742888062.2616253
2,71.895,1742888062.2616253
3,69.81,1742888062.2616253
4,70.571,1742888062.2616253
5,69.799,1742888062.2616253
6,68.554,1742888062.2616253
7,71.929,1742888062.2616253
0,116.75,1742888062.3618279
1,69.484,1742888062.3618279
2,71.893,1742888062.3618279
3,69.83,1742888062.3618279
4,70.572,1742888062.3618279
5,69.798,1742888062.3618279
6,68.543,1742888062.3618279
7,71.922,1742888062.3618279
0,116.756,1742888062.4619632
1,69.484,1742888062.4619632
2,71.9,1742888062.4619632
3,69.831,1742888062.4619632
4,70.588,1742888062.4619632
5,69.771,1742888062.4619632
6,68.522,1742888062.4619632
7,71.928,1742888062.4619632
0,116.737,1742888062.562101
1,69.48,1742888062.562101
2,71.915,1742888062.562101
3,69.839,1742888062.562101
4,70.582,1742888062.562101
5,69.792,1742888062.562101
6,68.517,1742888062.562101
7,71.889,1742888062.562101
0,116.73,1742888062.6622376
1,69.479,1742888062.6622376
2,71.901,1742888062.6622376
3,69.833,1742888062.6622376
4,70.617,1742888062.6622376
5,69.752,1742888062.6622376
6,68.511,1742888062.6622376
7,71.897,1742888062.6622376
0,116.73,1742888062.7623734
1,69.471,1742888062.7623734
2,71.902,1742888062.7623734
3,69.829,1742888062.7623734
4,70.621,1742888062.7623734
5,69.764,1742888062.7623734
6,68.527,1742888062.7623734
7,71.897,1742888062.7623734
0,116.72,1742888062.8625326
1,69.492,1742888062.8625326
2,71.921,1742888062.8625326
3,69.824,1742888062.8625326
4,70.653,1742888062.8625326
5,69.748,1742888062.8625326
6,68.536,1742888062.8625326
7,71.905,1742888062.8625326
0,116.745,1742888062.962668
1,69.485,1742888062.962668
2,71.921,1742888062.962668
3,69.829,1742888062.962668
4,70.637,1742888062.962668
5,69.761,1742888062.962668
6,68.527,1742888062.962668
7,71.905,1742888062.962668
0,116.732,1742888063.062805
1,69.485,1742888063.062805
2,71.915,1742888063.062805
3,69.846,1742888063.062805
4,70.653,1742888063.062805
5,69.756,1742888063.062805
6,68.527,1742888063.062805
7,71.919,1742888063.062805
0,116.745,1742888063.162944
1,69.471,1742888063.162944
2,71.921,1742888063.162944
3,69.843,1742888063.162944
4,70.648,1742888063.162944
5,69.746,1742888063.162944
6,68.508,1742888063.162944
7,71.912,1742888063.162944
0,116.749,1742888063.2630491
1,69.479,1742888063.2630491
2,71.933,1742888063.2630491
3,69.832,1742888063.2630491
4,70.634,1742888063.2630491
5,69.75,1742888063.2630491
6,68.485,1742888063.2630491
7,71.912,1742888063.2630491
0,116.755,1742888063.3631835
1,69.479,1742888063.3631835
2,71.947,1742888063.3631835
3,69.809,1742888063.3631835
4,70.625,1742888063.3631835
5,69.738,1742888063.3631835
6,68.478,1742888063.3631835
7,71.92,1742888063.3631835
0,116.755,1742888063.4633195
1,69.47,1742888063.4633195
2,71.94,1742888063.4633195
3,69.809,1742888063.4633195
4,70.622,1742888063.4633195
5,69.763,1742888063.4633195
6,68.491,1742888063.4633195
7,71.92,1742888063.4633195
0,116.748,1742888063.5634584
1,69.47,1742888063.5634584
2,71.953,1742888063.5634584
3,69.781,1742888063.5634584
4,70.628,1742888063.5634584
5,69.762,1742888063.5634584
6,68.495,1742888063.5634584
7,71.933,1742888063.5634584
0,116.756,1742888063.6636117
1,69.487,1742888063.6636117
2,71.947,1742888063.6636117
3,69.766,1742888063.6636117
4,70.602,1742888063.6636117
5,69.789,1742888063.6636117
6,68.508,1742888063.6636117
7,71.919,1742888063.6636117
0,116.769,1742888063.7637484
1,69.487,1742888063.7637484
2,71.947,1742888063.7637484
3,69.779,1742888063.7637484
4,70.603,1742888063.7637484
5,69.785,1742888063.7637484
6,68.515,1742888063.7637484
7,71.925,1742888063.7637484
0,116.766,1742888063.8638856
1,69.485,1742888063.8638856
2,71.972,1742888063.8638856
3,69.78,1742888063.8638856
4,70.569,1742888063.8638856
5,69.767,1742888063.8638856
6,68.521,1742888063.8638856
7,71.918,1742888063.8638856
0,116.747,1742888063.9640193
1,69.486,1742888063.9640193
2,71.972,1742888063.9640193
3,69.786,1742888063.9640193
4,70.569,1742888063.9640193
5,69.764,1742888063.9640193
6,68.517,1742888063.9640193
7,71.917,1742888063.9640193
0,116.731,1742888064.0641537
1,69.493,1742888064.0641537
2,71.971,1742888064.0641537
3,69.808,1742888064.0641537
4,70.566,1742888064.0641537
5,69.75,1742888064.0641537
6,68.524,1742888064.0641537
7,71.904,1742888064.0641537
0,116.74,1742888064.1642907
1,69.486,1742888064.1642907
2,71.985,1742888064.1642907
3,69.786,1742888064.1642907
4,70.557,1742888064.1642907
5,69.78,1742888064.1642907
6,68.536,1742888064.1642907
7,71.897,1742888064.1642907
0,116.752,1742888064.2644284
1,69.497,1742888064.2644284
2,71.991,1742888064.2644284
3,69.788,1742888064.2644284
4,70.572,1742888064.2644284
5,69.78,1742888064.2644284
6,68.543,1742888064.2644284
7,71.903,1742888064.2644284
0,116.772,1742888064.3645544
1,69.5,1742888064.3645544
2,71.985,1742888064.3645544
3,69.806,1742888064.3645544
4,70.582,1742888064.3645544
5,69.766,1742888064.3645544
6,68.568,1742888064.3645544
7,71.902,1742888064.3645544
0,116.765,1742888064.464688
1,69.514,1742888064.464688
2,71.978,1742888064.464688
3,69.822,1742888064.464688
4,70.591,1742888064.464688
5,69.776,1742888064.464688
6,68.58,1742888064.464688
7,71.907,1742888064.464688
0,116.775,1742888064.5648212
1,69.507,1742888064.5648212
2,71.97,1742888064.5648212
3,69.833,1742888064.5648212
4,70.596,1742888064.5648212
5,69.749,1742888064.5648212
6,68.594,1742888064.5648212
7,71.904,1742888064.5648212
0,116.77,1742888064.6649487
1,69.499,1742888064.6649487
2,71.978,1742888064.6649487
3,69.85,1742888064.6649487
4,70.589,1742888064.6649487
5,69.724,1742888064.6649487
6,68.588,1742888064.6649487
7,71.911,1742888064.6649487
0,116.77,1742888064.7651157
1,69.499,1742888064.7651157
2,71.971,1742888064.7651157
3,69.828,1742888064.7651157
4,70.577,1742888064.7651157
5,69.742,1742888064.7651157
6,68.588,1742888064.7651157
7,71.903,1742888064.7651157
0,116.768,1742888064.8652475
1,69.5,1742888064.8652475
2,71.984,1742888064.8652475
3,69.836,1742888064.8652475
4,70.586,1742888064.8652475
5,69.734,1742888064.8652475
6,68.574,1742888064.8652475
7,71.91,1742888064.8652475
0,116.768,1742888064.9653852
1,69.494,1742888064.9653852
2,71.978,1742888064.9653852
3,69.842,1742888064.9653852
4,70.589,1742888064.9653852
5,69.753,1742888064.9653852
6,68.563,1742888064.9653852
7,71.909,1742888064.9653852
0,116.757,1742888065.0656707
1,69.5,1742888065.0656707
2,71.965,1742888065.0656707
3,69.828,1742888065.0656707
4,70.605,1742888065.0656707
5,69.755,1742888065.0656707
6,68.554,1742888065.0656707
7,71.937,1742888065.0656707
0,116.762,1742888065.1659067
1,69.494,1742888065.1659067
2,71.952,1742888065.1659067
3,69.848,1742888065.1659067
4,70.618,1742888065.1659067
5,69.762,1742888065.1659067
6,68.561,1742888065.1659067
7,71.924,1742888065.1659067
0,116.753,1742888065.2660685
1,69.486,1742888065.2660685
2,71.946,1742888065.2660685
3,69.834,1742888065.2660685
4,70.61,1742888065.2660685
5,69.736,1742888065.2660685
6,68.582,1742888065.2660685
7,71.924,1742888065.2660685
0,116.726,1742888065.3662045
1,69.492,1742888065.3662045
2,71.939,1742888065.3662045
3,69.827,1742888065.3662045
4,70.588,1742888065.3662045
5,69.736,1742888065.3662045
6,68.582,1742888065.3662045
7,71.931,1742888065.3662045
0,116.72,1742888065.4663405
1,69.471,1742888065.4663405
2,71.946,1742888065.4663405
3,69.827,1742888065.4663405
4,70.588,1742888065.4663405
5,69.741,1742888065.4663405
6,68.574,1742888065.4663405
7,71.913,1742888065.4663405
0,116.72,1742888065.5664785
1,69.477,1742888065.5664785
2,71.953,1742888065.5664785
3,69.829,1742888065.5664785
4,70.604,1742888065.5664785
5,69.74,1742888065.5664785
6,68.567,1742888065.5664785
7,71.91,1742888065.5664785
0,116.717,1742888065.6666133
1,69.486,1742888065.6666133
2,71.94,1742888065.6666133
3,69.813,1742888065.6666133
4,70.604,1742888065.6666133
5,69.746,1742888065.6666133
6,68.561,1742888065.6666133
7,71.915,1742888065.6666133
0,116.734,1742888065.7667472
1,69.486,1742888065.7667472
2,71.946,1742888065.7667472
3,69.829,1742888065.7667472
4,70.618,1742888065.7667472
5,69.727,1742888065.7667472
6,68.567,1742888065.7667472
7,71.923,1742888065.7667472
0,116.708,1742888065.8668964
1,69.478,1742888065.8668964
2,71.952,1742888065.8668964
3,69.833,1742888065.8668964
4,70.635,1742888065.8668964
5,69.741,1742888065.8668964
6,68.575,1742888065.8668964
7,71.915,1742888065.8668964
0,116.736,1742888065.9671588
1,69.485,1742888065.9671588
2,71.933,1742888065.9671588
3,69.821,1742888065.9671588
4,70.639,1742888065.9671588
5,69.735,1742888065.9671588
6,68.594,1742888065.9671588
7,71.916,1742888065.9671588
0,116.736,1742888066.0672953
1,69.472,1742888066.0672953
2,71.946,1742888066.0672953
3,69.841,1742888066.0672953
4,70.618,1742888066.0672953
5,69.721,1742888066.0672953
6,68.613,1742888066.0672953
7,71.889,1742888066.0672953
0,116.736,1742888066.1674333
1,69.47,1742888066.1674333
2,71.959,1742888066.1674333
3,69.836,1742888066.1674333
4,70.619,1742888066.1674333
5,69.755,1742888066.1674333
6,68.626,1742888066.1674333
7,71.913,1742888066.1674333
0,116.723,1742888066.2675602
1,69.473,1742888066.2675602
2,71.952,1742888066.2675602
3,69.821,1742888066.2675602
4,70.621,1742888066.2675602
5,69.749,1742888066.2675602
6,68.594,1742888066.2675602
7,71.913,1742888066.2675602
0,116.743,1742888066.367698
1,69.467,1742888066.367698
2,71.945,1742888066.367698
3,69.829,1742888066.367698
4,70.633,1742888066.367698
5,69.778,1742888066.367698
6,68.588,1742888066.367698
7,71.913,1742888066.367698
0,116.73,1742888066.467835
1,69.472,1742888066.467835
2,71.953,1742888066.467835
3,69.823,1742888066.467835
4,70.633,1742888066.467835
5,69.744,1742888066.467835
6,68.575,1742888066.467835
7,71.919,1742888066.467835
0,116.743,1742888066.567973
1,69.471,1742888066.567973
2,71.959,1742888066.567973
3,69.83,1742888066.567973
4,70.648,1742888066.567973
5,69.745,1742888066.567973
6,68.587,1742888066.567973
7,71.926,1742888066.567973
0,116.726,1742888066.668121
1,69.472,1742888066.668121
2,71.946,1742888066.668121
3,69.837,1742888066.668121
4,70.648,1742888066.668121
5,69.745,1742888066.668121
6,68.581,1742888066.668121
7,71.939,1742888066.668121
0,116.72,1742888066.7682576
1,69.472,1742888066.7682576
2,71.939,1742888066.7682576
3,69.837,1742888066.7682576
4,70.627,1742888066.7682576
5,69.731,1742888066.7682576
6,68.594,1742888066.7682576
7,71.934,1742888066.7682576
0,116.724,1742888066.8683975
1,69.466,1742888066.8683975
2,71.927,1742888066.8683975
3,69.837,1742888066.8683975
4,70.615,1742888066.8683975
5,69.748,1742888066.8683975
6,68.607,1742888066.8683975
7,71.935,1742888066.8683975
0,116.74,1742888066.9685338
1,69.453,1742888066.9685338
2,71.927,1742888066.9685338
3,69.837,1742888066.9685338
4,70.577,1742888066.9685338
5,69.737,1742888066.9685338
6,68.607,1742888066.9685338
7,71.929,1742888066.9685338
0,116.747,1742888067.0686715
1,69.459,1742888067.0686715
2,71.926,1742888067.0686715
3,69.824,1742888067.0686715
4,70.556,1742888067.0686715
5,69.757,1742888067.0686715
6,68.595,1742888067.0686715
7,71.954,1742888067.0686715
0,116.76,1742888067.1688144
1,69.46,1742888067.1688144
2,71.914,1742888067.1688144
3,69.812,1742888067.1688144
4,70.554,1742888067.1688144
5,69.731,1742888067.1688144
6,68.568,1742888067.1688144
7,71.937,1742888067.1688144
0,116.757,1742888067.2689323
1,69.472,1742888067.2689323
2,71.906,1742888067.2689323
3,69.822,1742888067.2689323
4,70.566,1742888067.2689323
5,69.737,1742888067.2689323
6,68.582,1742888067.2689323
7,71.943,1742888067.2689323
0,116.774,1742888067.3690698
1,69.488,1742888067.3690698
2,71.907,1742888067.3690698
3,69.829,1742888067.3690698
4,70.553,1742888067.3690698
5,69.742,1742888067.3690698
6,68.581,1742888067.3690698
7,71.943,1742888067.3690698
0,116.779,1742888067.4692068
1,69.46,1742888067.4692068
2,71.907,1742888067.4692068
3,69.844,1742888067.4692068
4,70.541,1742888067.4692068
5,69.736,1742888067.4692068
6,68.594,1742888067.4692068
7,71.944,1742888067.4692068
0,116.775,1742888067.569342
1,69.467,1742888067.569342
2,71.888,1742888067.569342
3,69.835,1742888067.569342
4,70.544,1742888067.569342
5,69.761,1742888067.569342
6,68.594,1742888067.569342
7,71.917,1742888067.569342
0,116.771,1742888067.6694915
1,69.445,1742888067.6694915
2,71.901,1742888067.6694915
3,69.835,1742888067.6694915
4,70.53,1742888067.6694915
5,69.741,1742888067.6694915
6,68.608,1742888067.6694915
7,71.931,1742888067.6694915
0,116.784,1742888067.769619
1,69.452,1742888067.769619
2,71.914,1742888067.769619
3,69.827,1742888067.769619
4,70.543,1742888067.769619
5,69.771,1742888067.769619
6,68.608,1742888067.769619
7,71.918,1742888067.769619
0,116.775,1742888067.869784
1,69.458,1742888067.869784
2,71.907,1742888067.869784
3,69.842,1742888067.869784
4,70.535,1742888067.869784
5,69.75,1742888067.869784
6,68.601,1742888067.869784
7,71.931,1742888067.869784
0,116.762,1742888067.9699233
1,69.471,1742888067.9699233
2,71.907,1742888067.9699233
3,69.835,1742888067.9699233
4,70.568,1742888067.9699233
5,69.75,1742888067.9699233
6,68.589,1742888067.9699233
7,71.924,1742888067.9699233
0,116.743,1742888068.0700552
1,69.465,1742888068.0700552
2,71.92,1742888068.0700552
3,69.835,1742888068.0700552
4,70.583,1742888068.0700552
5,69.748,1742888068.0700552
6,68.588,1742888068.0700552
7,71.931,1742888068.0700552
0,116.743,1742888068.1701941
1,69.46,1742888068.1701941
2,71.94,1742888068.1701941
3,69.836,1742888068.1701941
4,70.592,1742888068.1701941
5,69.735,1742888068.1701941
6,68.583,1742888068.1701941
7,71.924,1742888068.1701941
0,116.743,1742888068.270328
1,69.431,1742888068.270328
2,71.94,1742888068.270328
3,69.831,1742888068.270328
4,70.615,1742888068.270328
5,69.769,1742888068.270328
6,68.588,1742888068.270328
7,71.918,1742888068.270328
0,116.738,1742888068.3704667
1,69.438,1742888068.3704667
2,71.946,1742888068.3704667
3,69.827,1742888068.3704667
4,70.593,1742888068.3704667
5,69.75,1742888068.3704667
6,68.583,1742888068.3704667
7,71.924,1742888068.3704667
0,116.737,1742888068.470605
1,69.438,1742888068.470605
2,71.96,1742888068.470605
3,69.809,1742888068.470605
4,70.604,1742888068.470605
5,69.786,1742888068.470605
6,68.583,1742888068.470605
7,71.937,1742888068.470605
0,116.753,1742888068.570744
1,69.452,1742888068.570744
2,71.947,1742888068.570744
3,69.808,1742888068.570744
4,70.588,1742888068.570744
5,69.758,1742888068.570744
6,68.583,1742888068.570744
7,71.936,1742888068.570744
0,116.757,1742888068.6708803
1,69.457,1742888068.6708803
2,71.947,1742888068.6708803
3,69.815,1742888068.6708803
4,70.618,1742888068.6708803
5,69.786,1742888068.6708803
6,68.571,1742888068.6708803
7,71.929,1742888068.6708803
0,116.773,1742888068.7710242
1,69.464,1742888068.7710242
2,71.94,1742888068.7710242
3,69.817,1742888068.7710242
4,70.626,1742888068.7710242
5,69.777,1742888068.7710242
6,68.577,1742888068.7710242
7,71.935,1742888068.7710242
0,116.757,1742888068.8711615
1,69.445,1742888068.8711615
2,71.96,1742888068.8711615
3,69.796,1742888068.8711615
4,70.632,1742888068.8711615
5,69.764,1742888068.8711615
6,68.557,1742888068.8711615
7,71.927,1742888068.8711615
0,116.759,1742888068.9712944
1,69.458,1742888068.9712944
2,71.966,1742888068.9712944
3,69.796,1742888068.9712944
4,70.618,1742888068.9712944
5,69.783,1742888068.9712944
6,68.561,1742888068.9712944
7,71.933,1742888068.9712944
0,116.766,1742888069.0714273
1,69.463,1742888069.0714273
2,71.953,1742888069.0714273
3,69.789,1742888069.0714273
4,70.616,1742888069.0714273
5,69.763,1742888069.0714273
6,68.563,1742888069.0714273
7,71.929,1742888069.0714273
0,116.773,1742888069.171562
1,69.475,1742888069.171562
2,71.967,1742888069.171562
3,69.782,1742888069.171562
4,70.615,1742888069.171562
5,69.793,1742888069.171562
6,68.575,1742888069.171562
7,71.934,1742888069.171562
0,116.756,1742888069.2716994
1,69.47,1742888069.2716994
2,71.967,1742888069.2716994
3,69.789,1742888069.2716994
4,70.606,1742888069.2716994
5,69.771,1742888069.2716994
6,68.576,1742888069.2716994
7,71.927,1742888069.2716994
0,116.759,1742888069.3718364
1,69.482,1742888069.3718364
2,71.973,1742888069.3718364
3,69.798,1742888069.3718364
4,70.636,1742888069.3718364
5,69.756,1742888069.3718364
6,68.587,1742888069.3718364
7,71.928,1742888069.3718364
0,116.743,1742888069.4719694
1,69.469,1742888069.4719694
2,71.96,1742888069.4719694
3,69.797,1742888069.4719694
4,70.638,1742888069.4719694
5,69.761,1742888069.4719694
6,68.581,1742888069.4719694
7,71.906,1742888069.4719694
0,116.75,1742888069.5721107
1,69.471,1742888069.5721107
2,71.986,1742888069.5721107
3,69.817,1742888069.5721107
4,70.63,1742888069.5721107
5,69.734,1742888069.5721107
6,68.574,1742888069.5721107
7,71.913,1742888069.5721107
0,116.737,1742888069.672245
1,69.443,1742888069.672245
2,71.985,1742888069.672245
3,69.811,1742888069.672245
4,70.601,1742888069.672245
5,69.769,1742888069.672245
6,68.555,1742888069.672245
7,71.905,1742888069.672245
0,116.745,1742888069.7723808
1,69.451,1742888069.7723808
2,71.978,1742888069.7723808
3,69.81,1742888069.7723808
4,70.615,1742888069.7723808
5,69.741,1742888069.7723808
6,68.554,1742888069.7723808
7,71.911,1742888069.7723808
0,116.739,1742888069.8725169
1,69.438,1742888069.8725169
2,72.005,1742888069.8725169
3,69.816,1742888069.8725169
4,70.615,1742888069.8725169
5,69.77,1742888069.8725169
6,68.55,1742888069.8725169
7,71.926,1742888069.8725169
0,116.736,1742888069.972654
1,69.452,1742888069.972654
2,71.992,1742888069.972654
3,69.815,1742888069.972654
4,70.602,1742888069.972654
5,69.748,1742888069.972654
6,68.541,1742888069.972654
7,71.926,1742888069.972654
0,116.741,1742888070.0727916
1,69.431,1742888070.0727916
2,71.992,1742888070.0727916
3,69.822,1742888070.0727916
4,70.607,1742888070.0727916
5,69.761,1742888070.0727916
6,68.544,1742888070.0727916
7,71.912,1742888070.0727916
0,116.741,1742888070.172932
1,69.439,1742888070.172932
2,71.979,1742888070.172932
3,69.82,1742888070.172932
4,70.6,1742888070.172932
5,69.761,1742888070.172932
6,68.529,1742888070.172932
7,71.919,1742888070.172932
0,116.732,1742888070.273069
1,69.433,1742888070.273069
2,71.979,1742888070.273069
3,69.828,1742888070.273069
4,70.605,1742888070.273069
5,69.761,1742888070.273069
6,68.53,1742888070.273069
7,71.913,1742888070.273069
0,116.741,1742888070.3732054
1,69.46,1742888070.3732054
2,71.972,1742888070.3732054
3,69.821,1742888070.3732054
4,70.576,1742888070.3732054
5,69.776,1742888070.3732054
6,68.524,1742888070.3732054
7,71.907,1742888070.3732054
0,116.748,1742888070.4733377
1,69.471,1742888070.4733377
2,71.965,1742888070.4733377
3,69.827,1742888070.4733377
4,70.556,1742888070.4733377
5,69.759,1742888070.4733377
6,68.536,1742888070.4733377
7,71.921,1742888070.4733377
0,116.758,1742888070.5734737
1,69.471,1742888070.5734737
2,71.985,1742888070.5734737
3,69.806,1742888070.5734737
4,70.544,1742888070.5734737
5,69.769,1742888070.5734737
6,68.53,1742888070.5734737
7,71.914,1742888070.5734737
0,116.753,1742888070.6735992
1,69.491,1742888070.6735992
2,71.979,1742888070.6735992
3,69.801,1742888070.6735992
4,70.566,1742888070.6735992
5,69.762,1742888070.6735992
6,68.529,1742888070.6735992
7,71.916,1742888070.6735992
0,116.746,1742888070.7737403
1,69.491,1742888070.7737403
2,71.972,1742888070.7737403
3,69.798,1742888070.7737403
4,70.575,1742888070.7737403
5,69.778,1742888070.7737403
6,68.523,1742888070.7737403
7,71.929,1742888070.7737403
0,116.743,1742888070.8738925
1,69.491,1742888070.8738925
2,71.979,1742888070.8738925
3,69.792,1742888070.8738925
4,70.574,1742888070.8738925
5,69.77,1742888070.8738925
6,68.516,1742888070.8738925
7,71.922,1742888070.8738925
0,116.743,1742888070.9740286
1,69.499,1742888070.9740286
2,71.978,1742888070.9740286
3,69.792,1742888070.9740286
4,70.599,1742888070.9740286
5,69.751,1742888070.9740286
6,68.531,1742888070.9740286
7,71.909,1742888070.9740286
0,116.733,1742888071.0741642
1,69.485,1742888071.0741642
2,71.985,1742888071.0741642
3,69.801,1742888071.0741642
4,70.571,1742888071.0741642
5,69.779,1742888071.0741642
6,68.534,1742888071.0741642
7,71.922,1742888071.0741642
0,116.743,1742888071.1742995
1,69.506,1742888071.1742995
2,71.991,1742888071.1742995
3,69.801,1742888071.1742995
4,70.586,1742888071.1742995
5,69.751,1742888071.1742995
6,68.534,1742888071.1742995
7,71.922,1742888071.1742995
0,116.746,1742888071.2744312
1,69.499,1742888071.2744312
2,71.991,1742888071.2744312
3,69.8,1742888071.2744312
4,70.582,1742888071.2744312
5,69.757,1742888071.2744312
6,68.551,1742888071.2744312
7,71.922,1742888071.2744312
0,116.756,1742888071.3745677
1,69.493,1742888071.3745677
2,71.979,1742888071.3745677
3,69.794,1742888071.3745677
4,70.611,1742888071.3745677
5,69.755,1742888071.3745677
6,68.547,1742888071.3745677
7,71.928,1742888071.3745677
0,116.75,1742888071.4747026
1,69.467,1742888071.4747026
2,71.972,1742888071.4747026
3,69.816,1742888071.4747026
4,70.644,1742888071.4747026
5,69.748,1742888071.4747026
6,68.545,1742888071.4747026
7,71.922,1742888071.4747026
0,116.773,1742888071.574836
1,69.48,1742888071.574836
2,71.972,1742888071.574836
3,69.82,1742888071.574836
4,70.67,1742888071.574836
5,69.769,1742888071.574836
6,68.531,1742888071.574836
7,71.921,1742888071.574836
0,116.76,1742888071.6749713
1,69.466,1742888071.6749713
2,71.978,1742888071.6749713
3,69.837,1742888071.6749713
4,70.66,1742888071.6749713
5,69.743,1742888071.6749713
6,68.52,1742888071.6749713
7,71.909,1742888071.6749713
0,116.773,1742888071.7751076
1,69.48,1742888071.7751076
2,71.965,1742888071.7751076
3,69.822,1742888071.7751076
4,70.645,1742888071.7751076
5,69.756,1742888071.7751076
6,68.531,1742888071.7751076
7,71.902,1742888071.7751076
0,116.772,1742888071.8752453
1,69.465,1742888071.8752453
2,71.952,1742888071.8752453
3,69.83,1742888071.8752453
4,70.638,1742888071.8752453
5,69.743,1742888071.8752453
6,68.539,1742888071.8752453
7,71.902,1742888071.8752453
0,116.772,1742888071.9753783
1,69.493,1742888071.9753783
2,71.952,1742888071.9753783
3,69.849,1742888071.9753783
4,70.612,1742888071.9753783
5,69.761,1742888071.9753783
6,68.55,1742888071.9753783
7,71.896,1742888071.9753783
0,116.766,1742888072.0755157
1,69.484,1742888072.0755157
2,71.94,1742888072.0755157
3,69.829,1742888072.0755157
4,70.624,1742888072.0755157
5,69.759,1742888072.0755157
6,68.559,1742888072.0755157
7,71.909,1742888072.0755157
0,116.759,1742888072.1756492
1,69.484,1742888072.1756492
2,71.926,1742888072.1756492
3,69.838,1742888072.1756492
4,70.621,1742888072.1756492
5,69.774,1742888072.1756492
6,68.534,1742888072.1756492
7,71.921,1742888072.1756492
0,116.753,1742888072.2758222
1,69.484,1742888072.2758222
2,71.939,1742888072.2758222
3,69.838,1742888072.2758222
4,70.633,1742888072.2758222
5,69.774,1742888072.2758222
6,68.528,1742888072.2758222
7,71.929,1742888072.2758222
0,116.753,1742888072.3759518
1,69.471,1742888072.3759518
2,71.94,1742888072.3759518
3,69.836,1742888072.3759518
4,70.612,1742888072.3759518
5,69.756,1742888072.3759518
6,68.501,1742888072.3759518
7,71.936,1742888072.3759518
0,116.762,1742888072.476085
1,69.465,1742888072.476085
2,71.94,1742888072.476085
3,69.829,1742888072.476085
4,70.587,1742888072.476085
5,69.755,1742888072.476085
6,68.501,1742888072.476085
7,71.929,1742888072.476085
0,116.746,1742888072.5762227
1,69.48,1742888072.5762227
2,71.92,1742888072.5762227
3,69.822,1742888072.5762227
4,70.568,1742888072.5762227
5,69.751,1742888072.5762227
6,68.51,1742888072.5762227
7,71.931,1742888072.5762227
0,116.744,1742888072.6763651
1,69.478,1742888072.6763651
2,71.927,1742888072.6763651
3,69.808,1742888072.6763651
4,70.548,1742888072.6763651
5,69.775,1742888072.6763651
6,68.521,1742888072.6763651
7,71.938,1742888072.6763651
0,116.753,1742888072.7765048
1,69.479,1742888072.7765048
2,71.934,1742888072.7765048
3,69.838,1742888072.7765048
4,70.553,1742888072.7765048
5,69.784,1742888072.7765048
6,68.543,1742888072.7765048
7,71.935,1742888072.7765048
0,116.757,1742888072.876638
1,69.471,1742888072.876638
2,71.927,1742888072.876638
3,69.822,1742888072.876638
4,70.551,1742888072.876638
5,69.783,1742888072.876638
6,68.549,1742888072.876638
7,71.942,1742888072.876638
0,116.763,1742888072.9767814
1,69.474,1742888072.9767814
2,71.921,1742888072.9767814
3,69.822,1742888072.9767814
4,70.566,1742888072.9767814
5,69.78,1742888072.9767814
6,68.541,1742888072.9767814
7,71.922,1742888072.9767814
0,116.763,1742888073.0769098
1,69.474,1742888073.0769098
2,71.927,1742888073.0769098
3,69.816,1742888073.0769098
4,70.563,1742888073.0769098
5,69.74,1742888073.0769098
6,68.529,1742888073.0769098
7,71.921,1742888073.0769098
0,116.777,1742888073.1770465
1,69.439,1742888073.1770465
2,71.926,1742888073.1770465
3,69.82,1742888073.1770465
4,70.558,1742888073.1770465
5,69.76,1742888073.1770465
6,68.53,1742888073.1770465
7,71.909,1742888073.1770465
0,116.777,1742888073.2771804
1,69.454,1742888073.2771804
2,71.933,1742888073.2771804
3,69.819,1742888073.2771804
4,70.545,1742888073.2771804
5,69.757,1742888073.2771804
6,68.54,1742888073.2771804
7,71.908,1742888073.2771804
0,116.777,1742888073.3773162
1,69.454,1742888073.3773162
2,71.92,1742888073.3773162
3,69.81,1742888073.3773162
4,70.544,1742888073.3773162
5,69.772,1742888073.3773162
6,68.548,1742888073.3773162
7,71.907,1742888073.3773162
0,116.76,1742888073.4774587
1,69.467,1742888073.4774587
2,71.92,1742888073.4774587
3,69.818,1742888073.4774587
4,70.563,1742888073.4774587
5,69.772,1742888073.4774587
6,68.579,1742888073.4774587
7,71.921,1742888073.4774587
0,116.779,1742888073.577585
1,69.432,1742888073.577585
2,71.902,1742888073.577585
3,69.818,1742888073.577585
4,70.551,1742888073.577585
5,69.765,1742888073.577585
6,68.587,1742888073.577585
7,71.914,1742888073.577585
0,116.777,1742888073.6777282
1,69.459,1742888073.6777282
2,71.914,1742888073.6777282
3,69.803,1742888073.6777282
4,70.582,1742888073.6777282
5,69.759,1742888073.6777282
6,68.58,1742888073.6777282
7,71.92,1742888073.6777282
0,116.775,1742888073.777862
1,69.425,1742888073.777862
2,71.908,1742888073.777862
3,69.824,1742888073.777862
4,70.604,1742888073.777862
5,69.733,1742888073.777862
6,68.573,1742888073.777862
7,71.922,1742888073.777862
0,116.772,1742888073.8779917
1,69.452,1742888073.8779917
2,71.908,1742888073.8779917
3,69.814,1742888073.8779917
4,70.611,1742888073.8779917
5,69.754,1742888073.8779917
6,68.553,1742888073.8779917
7,71.922,1742888073.8779917
0,116.763,1742888073.9781218
1,69.425,1742888073.9781218
2,71.921,1742888073.9781218
3,69.821,1742888073.9781218
4,70.602,1742888073.9781218
5,69.764,1742888073.9781218
6,68.566,1742888073.9781218
7,71.923,1742888073.9781218
0,116.753,1742888074.0782561
1,69.452,1742888074.0782561
2,71.928,1742888074.0782561
3,69.84,1742888074.0782561
4,70.6,1742888074.0782561
5,69.783,1742888074.0782561
6,68.553,1742888074.0782561
7,71.93,1742888074.0782561
0,116.773,1742888074.1783955
1,69.445,1742888074.1783955
2,71.915,1742888074.1783955
3,69.84,1742888074.1783955
4,70.607,1742888074.1783955
5,69.78,1742888074.1783955
6,68.566,1742888074.1783955
7,71.943,1742888074.1783955
0,116.766,1742888074.2785301
1,69.472,1742888074.2785301
2,71.928,1742888074.2785301
3,69.854,1742888074.2785301
4,70.616,1742888074.2785301
5,69.779,1742888074.2785301
6,68.58,1742888074.2785301
7,71.95,1742888074.2785301
0,116.753,1742888074.3786635
1,69.438,1742888074.3786635
2,71.908,1742888074.3786635
3,69.857,1742888074.3786635
4,70.63,1742888074.3786635
5,69.773,1742888074.3786635
6,68.58,1742888074.3786635
7,71.951,1742888074.3786635
0,116.741,1742888074.4788024
1,69.445,1742888074.4788024
2,71.921,1742888074.4788024
3,69.842,1742888074.4788024
4,70.623,1742888074.4788024
5,69.753,1742888074.4788024
6,68.574,1742888074.4788024
7,71.95,1742888074.4788024
0,116.744,1742888074.5789359
1,69.457,1742888074.5789359
2,71.94,1742888074.5789359
3,69.843,1742888074.5789359
4,70.621,1742888074.5789359
5,69.753,1742888074.5789359
6,68.58,1742888074.5789359
7,71.958,1742888074.5789359
0,116.737,1742888074.6790743
1,69.465,1742888074.6790743
2,71.928,1742888074.6790743
3,69.835,1742888074.6790743
4,70.61,1742888074.6790743
5,69.766,1742888074.6790743
6,68.581,1742888074.6790743
7,71.951,1742888074.6790743
0,116.737,1742888074.7792106
1,69.47,1742888074.7792106
2,71.934,1742888074.7792106
3,69.809,1742888074.7792106
4,70.595,1742888074.7792106
5,69.763,1742888074.7792106
6,68.575,1742888074.7792106
7,71.945,1742888074.7792106
0,116.733,1742888074.879336
1,69.471,1742888074.879336
2,71.928,1742888074.879336
3,69.83,1742888074.879336
4,70.583,1742888074.879336
5,69.773,1742888074.879336
6,68.58,1742888074.879336
7,71.958,1742888074.879336
0,116.742,1742888074.979474
1,69.483,1742888074.979474
2,71.946,1742888074.979474
3,69.842,1742888074.979474
4,70.591,1742888074.979474
5,69.759,1742888074.979474
6,68.593,1742888074.979474
7,71.951,1742888074.979474
0,116.733,1742888075.0796006
1,69.499,1742888075.0796006
2,71.946,1742888075.0796006
3,69.845,1742888075.0796006
4,70.603,1742888075.0796006
5,69.726,1742888075.0796006
6,68.612,1742888075.0796006
7,71.956,1742888075.0796006
0,116.72,1742888075.1797392
1,69.466,1742888075.1797392
2,71.959,1742888075.1797392
3,69.844,1742888075.1797392
4,70.6,1742888075.1797392
5,69.745,1742888075.1797392
6,68.619,1742888075.1797392
7,71.944,1742888075.1797392
0,116.733,1742888075.2798653
1,69.471,1742888075.2798653
2,71.959,1742888075.2798653
3,69.839,1742888075.2798653
4,70.591,1742888075.2798653
5,69.738,1742888075.2798653
6,68.606,1742888075.2798653
7,71.944,1742888075.2798653
0,116.733,1742888075.3799973
1,69.49,1742888075.3799973
2,71.966,1742888075.3799973
3,69.823,1742888075.3799973
4,70.583,1742888075.3799973
5,69.763,1742888075.3799973
6,68.592,1742888075.3799973
7,71.924,1742888075.3799973
0,116.736,1742888075.4801335
1,69.484,1742888075.4801335
2,71.966,1742888075.4801335
3,69.836,1742888075.4801335
4,70.552,1742888075.4801335
5,69.756,1742888075.4801335
6,68.594,1742888075.4801335
7,71.943,1742888075.4801335
0,116.733,1742888075.5802658
1,69.504,1742888075.5802658
2,71.973,1742888075.5802658
3,69.83,1742888075.5802658
4,70.555,1742888075.5802658
5,69.77,1742888075.5802658
6,68.579,1742888075.5802658
7,71.943,1742888075.5802658
0,116.739,1742888075.680398
1,69.497,1742888075.680398
2,71.972,1742888075.680398
3,69.837,1742888075.680398
4,70.55,1742888075.680398
5,69.762,1742888075.680398
6,68.586,1742888075.680398
7,71.936,1742888075.680398
0,116.733,1742888075.7805312
1,69.491,1742888075.7805312
2,71.979,1742888075.7805312
3,69.858,1742888075.7805312
4,70.549,1742888075.7805312
5,69.738,1742888075.7805312
6,68.586,1742888075.7805312
7,71.948,1742888075.7805312
0,116.73,1742888075.880665
1,69.491,1742888075.880665
2,71.979,1742888075.880665
3,69.856,1742888075.880665
4,70.555,1742888075.880665
5,69.749,1742888075.880665
6,68.606,1742888075.880665
7,71.942,1742888075.880665
0,116.743,1742888075.980798
1,69.479,1742888075.980798
2,71.979,1742888075.980798
3,69.837,1742888075.980798
4,70.541,1742888075.980798
5,69.748,1742888075.980798
6,68.612,1742888075.980798
7,71.942,1742888075.980798
0,116.732,1742888076.0809321
1,69.483,1742888076.0809321
2,71.973,1742888076.0809321
3,69.828,1742888076.0809321
4,70.524,1742888076.0809321
5,69.776,1742888076.0809321
6,68.594,1742888076.0809321
7,71.941,1742888076.0809321
0,116.726,1742888076.181069
1,69.498,1742888076.181069
2,71.98,1742888076.181069
3,69.823,1742888076.181069
4,70.521,1742888076.181069
5,69.763,1742888076.181069
6,68.594,1742888076.181069
7,71.949,1742888076.181069
0,116.713,1742888076.2812068
1,69.509,1742888076.2812068
2,71.979,1742888076.2812068
3,69.828,1742888076.2812068
4,70.536,1742888076.2812068
5,69.776,1742888076.2812068
6,68.58,1742888076.2812068
7,71.943,1742888076.2812068
0,116.704,1742888076.3813396
1,69.522,1742888076.3813396
2,71.973,1742888076.3813396
3,69.827,1742888076.3813396
4,70.556,1742888076.3813396
5,69.762,1742888076.3813396
6,68.594,1742888076.3813396
7,71.95,1742888076.3813396
0,116.711,1742888076.4814734
1,69.509,1742888076.4814734
2,71.973,1742888076.4814734
3,69.827,1742888076.4814734
4,70.581,1742888076.4814734
5,69.75,1742888076.4814734
6,68.58,1742888076.4814734
7,71.93,1742888076.4814734
0,116.691,1742888076.5816123
1,69.502,1742888076.5816123
2,71.979,1742888076.5816123
3,69.828,1742888076.5816123
4,70.587,1742888076.5816123
5,69.749,1742888076.5816123
6,68.595,1742888076.5816123
7,71.943,1742888076.5816123
0,116.704,1742888076.6817534
1,69.499,1742888076.6817534
2,71.986,1742888076.6817534
3,69.821,1742888076.6817534
4,70.587,1742888076.6817534
5,69.741,1742888076.6817534
6,68.614,1742888076.6817534
7,71.944,1742888076.6817534
0,116.726,1742888076.7818787
1,69.491,1742888076.7818787
2,71.992,1742888076.7818787
3,69.804,1742888076.7818787
4,70.576,1742888076.7818787
5,69.782,1742888076.7818787
6,68.601,1742888076.7818787
7,71.938,1742888076.7818787
0,116.724,1742888076.8820148
1,69.504,1742888076.8820148
2,71.999,1742888076.8820148
3,69.803,1742888076.8820148
4,70.576,1742888076.8820148
5,69.762,1742888076.8820148
6,68.589,1742888076.8820148
7,71.95,1742888076.8820148
0,116.74,1742888076.9821465
1,69.471,1742888076.9821465
2,71.985,1742888076.9821465
3,69.804,1742888076.9821465
4,70.592,1742888076.9821465
5,69.762,1742888076.9821465
6,68.575,1742888076.9821465
7,71.944,1742888076.9821465
0,116.75,1742888077.082281
1,69.498,1742888077.082281
2,71.985,1742888077.082281
3,69.789,1742888077.082281
4,70.611,1742888077.082281
5,69.743,1742888077.082281
6,68.57,1742888077.082281
7,71.948,1742888077.082281
0,116.758,1742888077.182407
1,69.458,1742888077.182407
2,71.978,1742888077.182407
3,69.803,1742888077.182407
4,70.625,1742888077.182407
5,69.715,1742888077.182407
6,68.575,1742888077.182407
7,71.923,1742888077.182407
0,116.756,1742888077.2825613
1,69.484,1742888077.2825613
2,71.985,1742888077.2825613
3,69.791,1742888077.2825613
4,70.636,1742888077.2825613
5,69.734,1742888077.2825613
6,68.57,1742888077.2825613
7,71.916,1742888077.2825613
0,116.768,1742888077.3826897
1,69.464,1742888077.3826897
2,71.992,1742888077.3826897
3,69.79,1742888077.3826897
4,70.621,1742888077.3826897
5,69.721,1742888077.3826897
6,68.575,1742888077.3826897
7,71.916,1742888077.3826897
0,116.762,1742888077.4828227
1,69.492,1742888077.4828227
2,71.985,1742888077.4828227
3,69.791,1742888077.4828227
4,70.629,1742888077.4828227
5,69.747,1742888077.4828227
6,68.57,1742888077.4828227
7,71.922,1742888077.4828227
0,116.768,1742888077.5829682
1,69.496,1742888077.5829682
2,71.985,1742888077.5829682
3,69.785,1742888077.5829682
4,70.617,1742888077.5829682
5,69.728,1742888077.5829682
6,68.568,1742888077.5829682
7,71.922,1742888077.5829682
0,116.759,1742888077.6831105
1,69.496,1742888077.6831105
2,71.965,1742888077.6831105
3,69.792,1742888077.6831105
4,70.616,1742888077.6831105
5,69.735,1742888077.6831105
6,68.557,1742888077.6831105
7,71.928,1742888077.6831105
0,116.759,1742888077.78325
1,69.479,1742888077.78325
2,71.965,1742888077.78325
3,69.811,1742888077.78325
4,70.621,1742888077.78325
5,69.716,1742888077.78325
6,68.55,1742888077.78325
7,71.914,1742888077.78325
0,116.759,1742888077.8833852
1,69.478,1742888077.8833852
2,71.952,1742888077.8833852
3,69.819,1742888077.8833852
4,70.645,1742888077.8833852
5,69.715,1742888077.8833852
6,68.557,1742888077.8833852
7,71.917,1742888077.8833852
0,116.749,1742888077.9835215
1,69.491,1742888077.9835215
2,71.965,1742888077.9835215
3,69.804,1742888077.9835215
4,70.642,1742888077.9835215
5,69.735,1742888077.9835215
6,68.548,1742888077.9835215
7,71.909,1742888077.9835215
0,116.736,1742888078.0836577
1,69.478,1742888078.0836577
2,71.972,1742888078.0836577
3,69.813,1742888078.0836577
4,70.63,1742888078.0836577
5,69.737,1742888078.0836577
6,68.561,1742888078.0836577
7,71.923,1742888078.0836577
0,116.732,1742888078.1837904
1,69.48,1742888078.1837904
2,71.959,1742888078.1837904
3,69.805,1742888078.1837904
4,70.617,1742888078.1837904
5,69.765,1742888078.1837904
6,68.556,1742888078.1837904
7,71.922,1742888078.1837904
0,116.731,1742888078.2839293
1,69.485,1742888078.2839293
2,71.965,1742888078.2839293
3,69.812,1742888078.2839293
4,70.603,1742888078.2839293
5,69.744,1742888078.2839293
6,68.562,1742888078.2839293
7,71.932,1742888078.2839293
0,116.739,1742888078.3840654
1,69.48,1742888078.3840654
2,71.946,1742888078.3840654
3,69.818,1742888078.3840654
4,70.594,1742888078.3840654
5,69.745,1742888078.3840654
6,68.562,1742888078.3840654
7,71.932,1742888078.3840654
0,116.736,1742888078.4842007
1,69.488,1742888078.4842007
2,71.952,1742888078.4842007
3,69.845,1742888078.4842007
4,70.592,1742888078.4842007
5,69.743,1742888078.4842007
6,68.575,1742888078.4842007
7,71.939,1742888078.4842007
0,116.745,1742888078.5843358
1,69.468,1742888078.5843358
2,71.94,1742888078.5843358
3,69.831,1742888078.5843358
4,70.585,1742888078.5843358
5,69.729,1742888078.5843358
6,68.561,1742888078.5843358
7,71.917,1742888078.5843358
0,116.749,1742888078.6844735
1,69.481,1742888078.6844735
2,71.941,1742888078.6844735
3,69.819,1742888078.6844735
4,70.586,1742888078.6844735
5,69.769,1742888078.6844735
6,68.556,1742888078.6844735
7,71.92,1742888078.6844735
0,116.762,1742888078.7846096
1,69.46,1742888078.7846096
2,71.941,1742888078.7846096
3,69.812,1742888078.7846096
4,70.581,1742888078.7846096
5,69.756,1742888078.7846096
6,68.556,1742888078.7846096
7,71.921,1742888078.7846096
0,116.771,1742888078.8847823
1,69.494,1742888078.8847823
2,71.934,1742888078.8847823
3,69.812,1742888078.8847823
4,70.569,1742888078.8847823
5,69.778,1742888078.8847823
6,68.561,1742888078.8847823
7,71.912,1742888078.8847823
0,116.775,1742888078.9849343
1,69.467,1742888078.9849343
2,71.921,1742888078.9849343
3,69.817,1742888078.9849343
4,70.575,1742888078.9849343
5,69.748,1742888078.9849343
6,68.555,1742888078.9849343
7,71.923,1742888078.9849343
0,116.768,1742888079.085074
1,69.501,1742888079.085074
2,71.915,1742888079.085074
3,69.817,1742888079.085074
4,70.593,1742888079.085074
5,69.748,1742888079.085074
6,68.554,1742888079.085074
7,71.91,1742888079.085074
0,116.759,1742888079.1852152
1,69.466,1742888079.1852152
2,71.908,1742888079.1852152
3,69.824,1742888079.1852152
4,70.573,1742888079.1852152
5,69.747,1742888079.1852152
6,68.561,1742888079.1852152
7,71.912,1742888079.1852152
0,116.756,1742888079.2853632
1,69.487,1742888079.2853632
2,71.9,1742888079.2853632
3,69.824,1742888079.2853632
4,70.575,1742888079.2853632
5,69.726,1742888079.2853632
6,68.543,1742888079.2853632
7,71.909,1742888079.2853632
0,116.753,1742888079.385504
1,69.472,1742888079.385504
2,71.908,1742888079.385504
3,69.836,1742888079.385504
4,70.585,1742888079.385504
5,69.754,1742888079.385504
6,68.548,1742888079.385504
7,71.895,1742888079.385504
0,116.74,1742888079.485653
1,69.47,1742888079.485653
2,71.896,1742888079.485653
3,69.828,1742888079.485653
4,70.608,1742888079.485653
5,69.742,1742888079.485653
6,68.535,1742888079.485653
7,71.889,1742888079.485653
0,116.746,1742888079.5857863
1,69.47,1742888079.5857863
2,71.882,1742888079.5857863
3,69.836,1742888079.5857863
4,70.614,1742888079.5857863
5,69.765,1742888079.5857863
6,68.537,1742888079.5857863
7,71.898,1742888079.5857863
0,116.753,1742888079.6859264
1,69.471,1742888079.6859264
2,71.887,1742888079.6859264
3,69.844,1742888079.6859264
4,70.627,1742888079.6859264
5,69.736,1742888079.6859264
6,68.55,1742888079.6859264
7,71.908,1742888079.6859264
0,116.74,1742888079.7860606
1,69.457,1742888079.7860606
2,71.873,1742888079.7860606
3,69.852,1742888079.7860606
4,70.625,1742888079.7860606
5,69.743,1742888079.7860606
6,68.548,1742888079.7860606
7,71.915,1742888079.7860606
0,116.73,1742888079.8861973
1,69.464,1742888079.8861973
2,71.873,1742888079.8861973
3,69.865,1742888079.8861973
4,70.627,1742888079.8861973
5,69.728,1742888079.8861973
6,68.535,1742888079.8861973
7,71.902,1742888079.8861973
0,116.74,1742888079.9863348
1,69.453,1742888079.9863348
2,71.875,1742888079.9863348
3,69.858,1742888079.9863348
4,70.629,1742888079.9863348
5,69.729,1742888079.9863348
6,68.531,1742888079.9863348
7,71.89,1742888079.9863348
0,116.744,1742888080.086467
1,69.473,1742888080.086467
2,71.887,1742888080.086467
3,69.85,1742888080.086467
4,70.644,1742888080.086467
5,69.77,1742888080.086467
6,68.55,1742888080.086467
7,71.895,1742888080.086467
0,116.769,1742888080.1866019
1,69.452,1742888080.1866019
2,71.88,1742888080.1866019
3,69.85,1742888080.1866019
4,70.652,1742888080.1866019
5,69.744,1742888080.1866019
6,68.556,1742888080.1866019
7,71.895,1742888080.1866019
0,116.753,1742888080.2867389
1,69.486,1742888080.2867389
2,71.887,1742888080.2867389
3,69.853,1742888080.2867389
4,70.642,1742888080.2867389
5,69.758,1742888080.2867389
6,68.568,1742888080.2867389
7,71.895,1742888080.2867389
0,116.759,1742888080.3868718
1,69.467,1742888080.3868718
2,71.881,1742888080.3868718
3,69.845,1742888080.3868718
4,70.646,1742888080.3868718
5,69.736,1742888080.3868718
6,68.555,1742888080.3868718
7,71.893,1742888080.3868718
0,116.762,1742888080.487005
1,69.494,1742888080.487005
2,71.888,1742888080.487005
3,69.837,1742888080.487005
4,70.617,1742888080.487005
5,69.729,1742888080.487005
6,68.541,1742888080.487005
7,71.887,1742888080.487005
0,116.749,1742888080.5871403
1,69.48,1742888080.5871403
2,71.914,1742888080.5871403
3,69.831,1742888080.5871403
4,70.62,1742888080.5871403
5,69.746,1742888080.5871403
6,68.537,1742888080.5871403
7,71.881,1742888080.5871403
0,116.733,1742888080.6872725
1,69.5,1742888080.6872725
2,71.934,1742888080.6872725
3,69.822,1742888080.6872725
4,70.614,1742888080.6872725
5,69.727,1742888080.6872725
6,68.528,1742888080.6872725
7,71.881,1742888080.6872725
0,116.72,1742888080.7874088
1,69.479,1742888080.7874088
2,71.941,1742888080.7874088
3,69.817,1742888080.7874088
4,70.612,1742888080.7874088
5,69.763,1742888080.7874088
6,68.543,1742888080.7874088
7,71.875,1742888080.7874088
0,116.726,1742888080.8875446
1,69.485,1742888080.8875446
2,71.947,1742888080.8875446
3,69.796,1742888080.8875446
4,70.61,1742888080.8875446
5,69.736,1742888080.8875446
6,68.561,1742888080.8875446
7,71.895,1742888080.8875446
0,116.729,1742888080.9876854
1,69.471,1742888080.9876854
2,71.96,1742888080.9876854
3,69.796,1742888080.9876854
4,70.602,1742888080.9876854
5,69.762,1742888080.9876854
6,68.55,1742888080.9876854
7,71.909,1742888080.9876854
0,116.719,1742888081.0878239
1,69.496,1742888081.0878239
2,71.954,1742888081.0878239
3,69.816,1742888081.0878239
4,70.594,1742888081.0878239
5,69.747,1742888081.0878239
6,68.551,1742888081.0878239
7,71.916,1742888081.0878239
0,116.716,1742888081.1879616
1,69.496,1742888081.1879616
2,71.954,1742888081.1879616
3,69.802,1742888081.1879616
4,70.588,1742888081.1879616
5,69.749,1742888081.1879616
6,68.523,1742888081.1879616
7,71.916,1742888081.1879616
0,116.729,1742888081.288093
1,69.483,1742888081.288093
2,71.98,1742888081.288093
3,69.815,1742888081.288093
4,70.569,1742888081.288093
5,69.761,1742888081.288093
6,68.519,1742888081.288093
7,71.917,1742888081.288093
0,116.732,1742888081.3882213
1,69.483,1742888081.3882213
2,71.985,1742888081.3882213
3,69.809,1742888081.3882213
4,70.556,1742888081.3882213
5,69.751,1742888081.3882213
6,68.503,1742888081.3882213
7,71.917,1742888081.3882213
0,116.729,1742888081.4883544
1,69.472,1742888081.4883544
2,71.978,1742888081.4883544
3,69.795,1742888081.4883544
4,70.561,1742888081.4883544
5,69.779,1742888081.4883544
6,68.503,1742888081.4883544
7,71.925,1742888081.4883544
0,116.752,1742888081.5884874
1,69.451,1742888081.5884874
2,71.992,1742888081.5884874
3,69.801,1742888081.5884874
4,70.56,1742888081.5884874
5,69.746,1742888081.5884874
6,68.519,1742888081.5884874
7,71.925,1742888081.5884874
0,116.762,1742888081.6886225
1,69.472,1742888081.6886225
2,71.979,1742888081.6886225
3,69.787,1742888081.6886225
4,70.54,1742888081.6886225
5,69.759,1742888081.6886225
6,68.544,1742888081.6886225
7,71.919,1742888081.6886225
0,116.771,1742888081.7887595
1,69.473,1742888081.7887595
2,71.965,1742888081.7887595
3,69.78,1742888081.7887595
4,70.535,1742888081.7887595
5,69.769,1742888081.7887595
6,68.551,1742888081.7887595
7,71.931,1742888081.7887595
0,116.768,1742888081.8888917
1,69.479,1742888081.8888917
2,71.966,1742888081.8888917
3,69.802,1742888081.8888917
4,70.53,1742888081.8888917
5,69.757,1742888081.8888917
6,68.549,1742888081.8888917
7,71.925,1742888081.8888917
0,116.775,1742888081.989025
1,69.479,1742888081.989025
2,71.959,1742888081.989025
3,69.803,1742888081.989025
4,70.532,1742888081.989025
5,69.762,1742888081.989025
6,68.557,1742888081.989025
7,71.925,1742888081.989025
0,116.768,1742888082.0891562
1,69.461,1742888082.0891562
2,71.952,1742888082.0891562
3,69.817,1742888082.0891562
4,70.537,1742888082.0891562
5,69.75,1742888082.0891562
6,68.57,1742888082.0891562
7,71.918,1742888082.0891562
0,116.784,1742888082.18929
1,69.441,1742888082.18929
2,71.966,1742888082.18929
3,69.817,1742888082.18929
4,70.545,1742888082.18929
5,69.77,1742888082.18929
6,68.56,1742888082.18929
7,71.911,1742888082.18929
0,116.765,1742888082.2894287
1,69.454,1742888082.2894287
2,71.972,1742888082.2894287
3,69.795,1742888082.2894287
4,70.538,1742888082.2894287
5,69.75,1742888082.2894287
6,68.575,1742888082.2894287
7,71.898,1742888082.2894287
0,116.755,1742888082.389568
1,69.46,1742888082.389568
2,71.972,1742888082.389568
3,69.796,1742888082.389568
4,70.566,1742888082.389568
5,69.758,1742888082.389568
6,68.581,1742888082.389568
7,71.891,1742888082.389568
0,116.758,1742888082.4897215
1,69.468,1742888082.4897215
2,71.972,1742888082.4897215
3,69.815,1742888082.4897215
4,70.582,1742888082.4897215
5,69.77,1742888082.4897215
6,68.593,1742888082.4897215
7,71.897,1742888082.4897215
0,116.742,1742888082.5898519
1,69.454,1742888082.5898519
2,71.972,1742888082.5898519
3,69.816,1742888082.5898519
4,70.595,1742888082.5898519
5,69.775,1742888082.5898519
6,68.606,1742888082.5898519
7,71.897,1742888082.5898519
0,116.736,1742888082.689991
1,69.454,1742888082.689991
2,71.971,1742888082.689991
3,69.803,1742888082.689991
4,70.615,1742888082.689991
5,69.782,1742888082.689991
6,68.612,1742888082.689991
7,71.884,1742888082.689991
0,116.723,1742888082.7901862
1,69.462,1742888082.7901862
2,71.978,1742888082.7901862
3,69.824,1742888082.7901862
4,70.625,1742888082.7901862
5,69.742,1742888082.7901862
6,68.613,1742888082.7901862
7,71.891,1742888082.7901862
0,116.728,1742888082.8903205
1,69.453,1742888082.8903205
2,71.997,1742888082.8903205
3,69.809,1742888082.8903205
4,70.633,1742888082.8903205
5,69.756,1742888082.8903205
6,68.613,1742888082.8903205
7,71.889,1742888082.8903205
0,116.734,1742888082.9904501
1,69.473,1742888082.9904501
2,71.998,1742888082.9904501
3,69.809,1742888082.9904501
4,70.613,1742888082.9904501
5,69.751,1742888082.9904501
6,68.607,1742888082.9904501
7,71.902,1742888082.9904501
0,116.747,1742888083.0905764
1,69.446,1742888083.0905764
2,71.997,1742888083.0905764
3,69.787,1742888083.0905764
4,70.635,1742888083.0905764
5,69.771,1742888083.0905764
6,68.606,1742888083.0905764
7,71.902,1742888083.0905764
0,116.734,1742888083.190711
1,69.472,1742888083.190711
2,71.997,1742888083.190711
3,69.787,1742888083.190711
4,70.648,1742888083.190711
5,69.764,1742888083.190711
6,68.58,1742888083.190711
7,71.909,1742888083.190711
0,116.734,1742888083.2908945
1,69.47,1742888083.2908945
2,72.003,1742888083.2908945
3,69.821,1742888083.2908945
4,70.653,1742888083.2908945
5,69.783,1742888083.2908945
6,68.606,1742888083.2908945
7,71.916,1742888083.2908945
0,116.734,1742888083.39103
1,69.485,1742888083.39103
2,71.984,1742888083.39103
3,69.814,1742888083.39103
4,70.624,1742888083.39103
5,69.766,1742888083.39103
6,68.606,1742888083.39103
7,71.916,1742888083.39103
0,116.721,1742888083.4911673
1,69.484,1742888083.4911673
2,71.971,1742888083.4911673
3,69.814,1742888083.4911673
4,70.615,1742888083.4911673
5,69.745,1742888083.4911673
6,68.601,1742888083.4911673
7,71.916,1742888083.4911673
0,116.734,1742888083.5912976
1,69.485,1742888083.5912976
2,71.991,1742888083.5912976
3,69.808,1742888083.5912976
4,70.621,1742888083.5912976
5,69.76,1742888083.5912976
6,68.6,1742888083.5912976
7,71.924,1742888083.5912976
0,116.721,1742888083.6915433
1,69.471,1742888083.6915433
2,71.99,1742888083.6915433
3,69.813,1742888083.6915433
4,70.622,1742888083.6915433
5,69.758,1742888083.6915433
6,68.588,1742888083.6915433
7,71.935,1742888083.6915433
0,116.746,1742888083.7916849
1,69.499,1742888083.7916849
2,71.965,1742888083.7916849
3,69.834,1742888083.7916849
4,70.604,1742888083.7916849
5,69.78,1742888083.7916849
6,68.586,1742888083.7916849
7,71.936,1742888083.7916849
0,116.722,1742888083.8918228
1,69.478,1742888083.8918228
2,71.951,1742888083.8918228
3,69.812,1742888083.8918228
4,70.602,1742888083.8918228
5,69.764,1742888083.8918228
6,68.581,1742888083.8918228
7,71.928,1742888083.8918228
0,116.737,1742888083.9919639
1,69.496,1742888083.9919639
2,71.945,1742888083.9919639
3,69.834,1742888083.9919639
4,70.6,1742888083.9919639
5,69.746,1742888083.9919639
6,68.58,1742888083.9919639
7,71.929,1742888083.9919639
0,116.717,1742888084.092098
1,69.492,1742888084.092098
2,71.938,1742888084.092098
3,69.833,1742888084.092098
4,70.585,1742888084.092098
5,69.753,1742888084.092098
6,68.6,1742888084.092098
7,71.915,1742888084.092098
0,116.75,1742888084.1922247
1,69.491,1742888084.1922247
2,71.932,1742888084.1922247
3,69.855,1742888084.1922247
4,70.593,1742888084.1922247
5,69.726,1742888084.1922247
6,68.612,1742888084.1922247
7,71.909,1742888084.1922247
0,116.747,1742888084.2923589
1,69.491,1742888084.2923589
2,71.918,1742888084.2923589
3,69.861,1742888084.2923589
4,70.603,1742888084.2923589
5,69.752,1742888084.2923589
6,68.612,1742888084.2923589
7,71.894,1742888084.2923589
0,116.76,1742888084.3924859
1,69.491,1742888084.3924859
2,71.906,1742888084.3924859
3,69.832,1742888084.3924859
4,70.605,1742888084.3924859
5,69.758,1742888084.3924859
6,68.613,1742888084.3924859
7,71.89,1742888084.3924859
0,116.77,1742888084.4926167
1,69.485,1742888084.4926167
2,71.912,1742888084.4926167
3,69.827,1742888084.4926167
4,70.611,1742888084.4926167
5,69.777,1742888084.4926167
6,68.6,1742888084.4926167
7,71.877,1742888084.4926167
0,116.767,1742888084.592751
1,69.491,1742888084.592751
2,71.893,1742888084.592751
3,69.847,1742888084.592751
4,70.61,1742888084.592751
5,69.777,1742888084.592751
6,68.6,1742888084.592751
7,71.889,1742888084.592751
0,116.774,1742888084.6928806
1,69.491,1742888084.6928806
2,71.88,1742888084.6928806
3,69.834,1742888084.6928806
4,70.616,1742888084.6928806
5,69.772,1742888084.6928806
6,68.593,1742888084.6928806
7,71.884,1742888084.6928806
0,116.763,1742888084.7930155
1,69.484,1742888084.7930155
2,71.88,1742888084.7930155
3,69.84,1742888084.7930155
4,70.624,1742888084.7930155
5,69.753,1742888084.7930155
6,68.595,1742888084.7930155
7,71.878,1742888084.7930155
0,116.774,1742888084.8931518
1,69.477,1742888084.8931518
2,71.88,1742888084.8931518
3,69.861,1742888084.8931518
4,70.614,1742888084.8931518
5,69.766,1742888084.8931518
6,68.6,1742888084.8931518
7,71.879,1742888084.8931518
0,116.743,1742888084.993295
1,69.474,1742888084.993295
2,71.872,1742888084.993295
3,69.847,1742888084.993295
4,70.63,1742888084.993295
5,69.739,1742888084.993295
6,68.62,1742888084.993295
7,71.879,1742888084.993295
0,116.756,1742888085.093428
1,69.46,1742888085.093428
2,71.875,1742888085.093428
3,69.841,1742888085.093428
4,70.636,1742888085.093428
5,69.759,1742888085.093428
6,68.62,1742888085.093428
7,71.898,1742888085.093428
0,116.733,1742888085.1935549
1,69.48,1742888085.1935549
2,71.879,1742888085.1935549
3,69.828,1742888085.1935549
4,70.628,1742888085.1935549
5,69.77,1742888085.1935549
6,68.6,1742888085.1935549
7,71.905,1742888085.1935549
0,116.735,1742888085.2937346
1,69.487,1742888085.2937346
2,71.887,1742888085.2937346
3,69.821,1742888085.2937346
4,70.612,1742888085.2937346
5,69.783,1742888085.2937346
6,68.595,1742888085.2937346
7,71.926,1742888085.2937346
0,116.742,1742888085.393873
1,69.495,1742888085.393873
2,71.895,1742888085.393873
3,69.819,1742888085.393873
4,70.627,1742888085.393873
5,69.778,1742888085.393873
6,68.581,1742888085.393873
7,71.935,1742888085.393873
0,116.742,1742888085.4940205
1,69.499,1742888085.4940205
2,71.907,1742888085.4940205
3,69.826,1742888085.4940205
4,70.616,1742888085.4940205
5,69.755,1742888085.4940205
6,68.582,1742888085.4940205
7,71.937,1742888085.4940205
0,116.739,1742888085.5941603
1,69.486,1742888085.5941603
2,71.907,1742888085.5941603
3,69.812,1742888085.5941603
4,70.61,1742888085.5941603
5,69.752,1742888085.5941603
6,68.581,1742888085.5941603
7,71.923,1742888085.5941603
0,116.752,1742888085.6942976
1,69.472,1742888085.6942976
2,71.927,1742888085.6942976
3,69.829,1742888085.6942976
4,70.616,1742888085.6942976
5,69.739,1742888085.6942976
6,68.587,1742888085.6942976
7,71.918,1742888085.6942976
0,116.749,1742888085.7944365
1,69.486,1742888085.7944365
2,71.927,1742888085.7944365
3,69.813,1742888085.7944365
4,70.636,1742888085.7944365
5,69.772,1742888085.7944365
6,68.606,1742888085.7944365
7,71.931,1742888085.7944365
0,116.755,1742888085.8945725
1,69.472,1742888085.8945725
2,71.927,1742888085.8945725
3,69.809,1742888085.8945725
4,70.632,1742888085.8945725
5,69.764,1742888085.8945725
6,68.586,1742888085.8945725
7,71.918,1742888085.8945725
0,116.776,1742888085.9947116
1,69.486,1742888085.9947116
2,71.94,1742888085.9947116
3,69.808,1742888085.9947116
4,70.603,1742888085.9947116
5,69.786,1742888085.9947116
6,68.574,1742888085.9947116
7,71.93,1742888085.9947116
0,116.783,1742888086.0948527
1,69.471,1742888086.0948527
2,71.947,1742888086.0948527
3,69.807,1742888086.0948527
4,70.617,1742888086.0948527
5,69.772,1742888086.0948527
6,68.567,1742888086.0948527
7,71.898,1742888086.0948527
0,116.776,1742888086.194987
1,69.478,1742888086.194987
2,71.954,1742888086.194987
3,69.793,1742888086.194987
4,70.604,1742888086.194987
5,69.746,1742888086.194987
6,68.562,1742888086.194987
7,71.909,1742888086.194987
0,116.756,1742888086.2951243
1,69.47,1742888086.2951243
2,71.934,1742888086.2951243
3,69.78,1742888086.2951243
4,70.625,1742888086.2951243
5,69.758,1742888086.2951243
6,68.58,1742888086.2951243
7,71.883,1742888086.2951243
0,116.743,1742888086.3952622
1,69.464,1742888086.3952622
2,71.96,1742888086.3952622
3,69.773,1742888086.3952622
4,70.609,1742888086.3952622
5,69.743,1742888086.3952622
6,68.575,1742888086.3952622
7,71.883,1742888086.3952622
0,116.734,1742888086.495401
1,69.458,1742888086.495401
2,71.953,1742888086.495401
3,69.781,1742888086.495401
4,70.6,1742888086.495401
5,69.782,1742888086.495401
6,68.575,1742888086.495401
7,71.889,1742888086.495401
0,116.734,1742888086.5955381
1,69.456,1742888086.5955381
2,71.946,1742888086.5955381
3,69.793,1742888086.5955381
4,70.605,1742888086.5955381
5,69.784,1742888086.5955381
6,68.568,1742888086.5955381
7,71.908,1742888086.5955381
0,116.728,1742888086.6956708
1,69.45,1742888086.6956708
2,71.96,1742888086.6956708
3,69.786,1742888086.6956708
4,70.572,1742888086.6956708
5,69.792,1742888086.6956708
6,68.575,1742888086.6956708
7,71.894,1742888086.6956708
0,116.715,1742888086.7958043
1,69.459,1742888086.7958043
2,71.96,1742888086.7958043
3,69.793,1742888086.7958043
4,70.58,1742888086.7958043
5,69.768,1742888086.7958043
6,68.568,1742888086.7958043
7,71.9,1742888086.7958043
0,116.715,1742888086.895934
1,69.457,1742888086.895934
2,71.973,1742888086.895934
3,69.806,1742888086.895934
4,70.569,1742888086.895934
5,69.763,1742888086.895934
6,68.569,1742888086.895934
7,71.894,1742888086.895934
0,116.704,1742888086.9960852
1,69.445,1742888086.9960852
2,71.973,1742888086.9960852
3,69.815,1742888086.9960852
4,70.569,1742888086.9960852
5,69.756,1742888086.9960852
6,68.569,1742888086.9960852
7,71.908,1742888086.9960852
0,116.704,1742888087.0962389
1,69.445,1742888087.0962389
2,71.979,1742888087.0962389
3,69.801,1742888087.0962389
4,70.569,1742888087.0962389
5,69.741,1742888087.0962389
6,68.564,1742888087.0962389
7,71.902,1742888087.0962389
0,116.704,1742888087.1963797
1,69.454,1742888087.1963797
2,71.979,1742888087.1963797
3,69.8,1742888087.1963797
4,70.553,1742888087.1963797
5,69.783,1742888087.1963797
6,68.57,1742888087.1963797
7,71.936,1742888087.1963797
0,116.727,1742888087.2965505
1,69.448,1742888087.2965505
2,71.979,1742888087.2965505
3,69.798,1742888087.2965505
4,70.566,1742888087.2965505
5,69.77,1742888087.2965505
6,68.555,1742888087.2965505
7,71.935,1742888087.2965505
0,116.74,1742888087.3966892
1,69.446,1742888087.3966892
2,71.979,1742888087.3966892
3,69.808,1742888087.3966892
4,70.566,1742888087.3966892
5,69.758,1742888087.3966892
6,68.569,1742888087.3966892
7,71.936,1742888087.3966892
0,116.736,1742888087.4968169
1,69.446,1742888087.4968169
2,71.972,1742888087.4968169
3,69.798,1742888087.4968169
4,70.562,1742888087.4968169
5,69.73,1742888087.4968169
6,68.569,1742888087.4968169
7,71.935,1742888087.4968169
0,116.736,1742888087.5969505
1,69.46,1742888087.5969505
2,71.985,1742888087.5969505
3,69.8,1742888087.5969505
4,70.564,1742888087.5969505
5,69.71,1742888087.5969505
6,68.588,1742888087.5969505
7,71.922,1742888087.5969505
0,116.752,1742888087.697094
1,69.466,1742888087.697094
2,71.972,1742888087.697094
3,69.807,1742888087.697094
4,70.57,1742888087.697094
5,69.736,1742888087.697094
6,68.562,1742888087.697094
7,71.93,1742888087.697094
0,116.755,1742888087.7972317
1,69.459,1742888087.7972317
2,71.966,1742888087.7972317
3,69.815,1742888087.7972317
4,70.563,1742888087.7972317
5,69.728,1742888087.7972317
6,68.555,1742888087.7972317
7,71.931,1742888087.7972317
0,116.771,1742888087.8973668
1,69.453,1742888087.8973668
2,71.965,1742888087.8973668
3,69.8,1742888087.8973668
4,70.555,1742888087.8973668
5,69.77,1742888087.8973668
6,68.551,1742888087.8973668
7,71.93,1742888087.8973668
0,116.752,1742888087.9975035
1,69.466,1742888087.9975035
2,71.966,1742888087.9975035
3,69.8,1742888087.9975035
4,70.578,1742888087.9975035
5,69.756,1742888087.9975035
6,68.541,1742888087.9975035
7,71.924,1742888087.9975035
0,116.768,1742888088.0976422
1,69.47,1742888088.0976422
2,71.966,1742888088.0976422
3,69.804,1742888088.0976422
4,70.574,1742888088.0976422
5,69.758,1742888088.0976422
6,68.537,1742888088.0976422
7,71.924,1742888088.0976422
0,116.762,1742888088.197779
1,69.463,1742888088.197779
2,71.959,1742888088.197779
3,69.807,1742888088.197779
4,70.597,1742888088.197779
5,69.758,1742888088.197779
6,68.528,1742888088.197779
7,71.905,1742888088.197779
0,116.775,1742888088.2979429
1,69.456,1742888088.2979429
2,71.979,1742888088.2979429
3,69.835,1742888088.2979429
4,70.619,1742888088.2979429
5,69.743,1742888088.2979429
6,68.548,1742888088.2979429
7,71.892,1742888088.2979429
0,116.775,1742888088.3980768
1,69.451,1742888088.3980768
2,71.978,1742888088.3980768
3,69.842,1742888088.3980768
4,70.618,1742888088.3980768
5,69.753,1742888088.3980768
6,68.535,1742888088.3980768
7,71.899,1742888088.3980768
0,116.775,1742888088.4982083
1,69.451,1742888088.4982083
2,71.978,1742888088.4982083
3,69.848,1742888088.4982083
4,70.603,1742888088.4982083
5,69.749,1742888088.4982083
6,68.535,1742888088.4982083
7,71.906,1742888088.4982083
0,116.769,1742888088.5983412
1,69.453,1742888088.5983412
2,71.985,1742888088.5983412
3,69.849,1742888088.5983412
4,70.597,1742888088.5983412
5,69.768,1742888088.5983412
6,68.537,1742888088.5983412
7,71.913,1742888088.5983412
0,116.779,1742888088.6984787
1,69.44,1742888088.6984787
2,71.985,1742888088.6984787
3,69.848,1742888088.6984787
4,70.619,1742888088.6984787
5,69.763,1742888088.6984787
6,68.537,1742888088.6984787
7,71.919,1742888088.6984787
0,116.783,1742888088.7986171
1,69.445,1742888088.7986171
2,71.992,1742888088.7986171
3,69.842,1742888088.7986171
4,70.639,1742888088.7986171
5,69.771,1742888088.7986171
6,68.537,1742888088.7986171
7,71.933,1742888088.7986171
0,116.773,1742888088.8987548
1,69.459,1742888088.8987548
2,71.992,1742888088.8987548
3,69.846,1742888088.8987548
4,70.659,1742888088.8987548
5,69.737,1742888088.8987548
6,68.541,1742888088.8987548
7,71.917,1742888088.8987548
0,116.765,1742888088.9988866
1,69.433,1742888088.9988866
2,71.997,1742888088.9988866
3,69.835,1742888088.9988866
4,70.677,1742888088.9988866
5,69.715,1742888088.9988866
6,68.556,1742888088.9988866
7,71.923,1742888088.9988866
0,116.746,1742888089.09913
1,69.434,1742888089.09913
2,71.998,1742888089.09913
3,69.839,1742888089.09913
4,70.689,1742888089.09913
5,69.749,1742888089.09913
6,68.561,1742888089.09913
7,71.923,1742888089.09913
0,116.737,1742888089.1992645
1,69.439,1742888089.1992645
2,71.992,1742888089.1992645
3,69.836,1742888089.1992645
4,70.665,1742888089.1992645
5,69.733,1742888089.1992645
6,68.575,1742888089.1992645
7,71.943,1742888089.1992645
0,116.739,1742888089.2994099
1,69.432,1742888089.2994099
2,71.985,1742888089.2994099
3,69.817,1742888089.2994099
4,70.638,1742888089.2994099
5,69.77,1742888089.2994099
6,68.58,1742888089.2994099
7,71.942,1742888089.2994099
0,116.726,1742888089.399547
1,69.446,1742888089.399547
2,71.959,1742888089.399547
3,69.808,1742888089.399547
4,70.633,1742888089.399547
5,69.749,1742888089.399547
6,68.568,1742888089.399547
7,71.941,1742888089.399547
0,116.726,1742888089.499684
1,69.446,1742888089.499684
2,71.952,1742888089.499684
3,69.8,1742888089.499684
4,70.646,1742888089.499684
5,69.736,1742888089.499684
6,68.574,1742888089.499684
7,71.934,1742888089.499684
0,116.706,1742888089.5998235
1,69.452,1742888089.5998235
2,71.952,1742888089.5998235
3,69.8,1742888089.5998235
4,70.65,1742888089.5998235
5,69.742,1742888089.5998235
6,68.562,1742888089.5998235
7,71.928,1742888089.5998235
0,116.692,1742888089.6999595
1,69.452,1742888089.6999595
2,71.958,1742888089.6999595
3,69.807,1742888089.6999595
4,70.64,1742888089.6999595
5,69.72,1742888089.6999595
6,68.556,1742888089.6999595
7,71.928,1742888089.6999595
0,116.677,1742888089.8000958
1,69.453,1742888089.8000958
2,71.933,1742888089.8000958
3,69.799,1742888089.8000958
4,70.638,1742888089.8000958
5,69.759,1742888089.8000958
6,68.569,1742888089.8000958
7,71.915,1742888089.8000958
0,116.682,1742888089.9002297
1,69.453,1742888089.9002297
2,71.927,1742888089.9002297
3,69.799,1742888089.9002297
4,70.619,1742888089.9002297
5,69.747,1742888089.9002297
6,68.581,1742888089.9002297
7,71.921,1742888089.9002297
0,116.687,1742888090.000363
1,69.466,1742888090.000363
2,71.921,1742888090.000363
3,69.806,1742888090.000363
4,70.581,1742888090.000363
5,69.783,1742888090.000363
6,68.595,1742888090.000363
7,71.917,1742888090.000363
0,116.722,1742888090.100495
1,69.48,1742888090.100495
2,71.913,1742888090.100495
3,69.818,1742888090.100495
4,70.568,1742888090.100495
5,69.762,1742888090.100495
6,68.587,1742888090.100495
7,71.924,1742888090.100495
0,116.728,1742888090.2006292
1,69.493,1742888090.2006292
2,71.921,1742888090.2006292
3,69.832,1742888090.2006292
4,70.567,1742888090.2006292
5,69.776,1742888090.2006292
6,68.588,1742888090.2006292
7,71.923,1742888090.2006292
0,116.734,1742888090.3007555
1,69.486,1742888090.3007555
2,71.913,1742888090.3007555
3,69.82,1742888090.3007555
4,70.574,1742888090.3007555
5,69.762,1742888090.3007555
6,68.568,1742888090.3007555
7,71.93,1742888090.3007555
0,116.741,1742888090.400888
1,69.487,1742888090.400888
2,71.901,1742888090.400888
3,69.835,1742888090.400888
4,70.573,1742888090.400888
5,69.742,1742888090.400888
6,68.568,1742888090.400888
7,71.917,1742888090.400888
0,116.745,1742888090.5010214
1,69.493,1742888090.5010214
2,71.9,1742888090.5010214
3,69.823,1742888090.5010214
4,70.56,1742888090.5010214
5,69.776,1742888090.5010214
6,68.549,1742888090.5010214
7,71.917,1742888090.5010214
0,116.751,1742888090.6011603
1,69.488,1742888090.6011603
2,71.9,1742888090.6011603
3,69.824,1742888090.6011603
4,70.564,1742888090.6011603
5,69.747,1742888090.6011603
6,68.568,1742888090.6011603
7,71.917,1742888090.6011603
0,116.764,1742888090.7013478
1,69.495,1742888090.7013478
2,71.894,1742888090.7013478
3,69.829,1742888090.7013478
4,70.56,1742888090.7013478
5,69.772,1742888090.7013478
6,68.575,1742888090.7013478
7,71.931,1742888090.7013478
0,116.758,1742888090.8014755
1,69.499,1742888090.8014755
2,71.907,1742888090.8014755
3,69.832,1742888090.8014755
4,70.552,1742888090.8014755
5,69.757,1742888090.8014755
6,68.561,1742888090.8014755
7,71.917,1742888090.8014755
0,116.777,1742888090.9016144
1,69.515,1742888090.9016144
2,71.907,1742888090.9016144
3,69.823,1742888090.9016144
4,70.571,1742888090.9016144
5,69.751,1742888090.9016144
6,68.563,1742888090.9016144
7,71.925,1742888090.9016144
0,116.763,1742888091.0017476
1,69.487,1742888091.0017476
2,71.907,1742888091.0017476
3,69.829,1742888091.0017476
4,70.576,1742888091.0017476
5,69.754,1742888091.0017476
6,68.548,1742888091.0017476
7,71.919,1742888091.0017476
0,116.753,1742888091.1018744
1,69.473,1742888091.1018744
2,71.901,1742888091.1018744
3,69.817,1742888091.1018744
4,70.591,1742888091.1018744
5,69.74,1742888091.1018744
6,68.548,1742888091.1018744
7,71.905,1742888091.1018744
0,116.743,1742888091.2020085
1,69.473,1742888091.2020085
2,71.909,1742888091.2020085
3,69.811,1742888091.2020085
4,70.602,1742888091.2020085
5,69.767,1742888091.2020085
6,68.536,1742888091.2020085
7,71.905,1742888091.2020085
0,116.76,1742888091.3021476
1,69.471,1742888091.3021476
2,71.909,1742888091.3021476
3,69.81,1742888091.3021476
4,70.604,1742888091.3021476
5,69.756,1742888091.3021476
6,68.548,1742888091.3021476
7,71.897,1742888091.3021476
0,116.759,1742888091.4022834
1,69.466,1742888091.4022834
2,71.914,1742888091.4022834
3,69.788,1742888091.4022834
4,70.611,1742888091.4022834
5,69.771,1742888091.4022834
6,68.554,1742888091.4022834
7,71.896,1742888091.4022834
0,116.78,1742888091.5024211
1,69.474,1742888091.5024211
2,71.921,1742888091.5024211
3,69.79,1742888091.5024211
4,70.617,1742888091.5024211
5,69.754,1742888091.5024211
6,68.554,1742888091.5024211
7,71.896,1742888091.5024211
0,116.767,1742888091.6025586
1,69.467,1742888091.6025586
2,71.915,1742888091.6025586
3,69.818,1742888091.6025586
4,70.622,1742888091.6025586
5,69.754,1742888091.6025586
6,68.575,1742888091.6025586
7,71.896,1742888091.6025586
0,116.78,1742888091.7027323
1,69.468,1742888091.7027323
2,71.934,1742888091.7027323
3,69.818,1742888091.7027323
4,70.622,1742888091.7027323
5,69.759,1742888091.7027323
6,68.569,1742888091.7027323
7,71.902,1742888091.7027323
0,116.774,1742888091.802868
1,69.446,1742888091.802868
2,71.94,1742888091.802868
3,69.788,1742888091.802868
4,70.619,1742888091.802868
5,69.727,1742888091.802868
6,68.562,1742888091.802868
7,71.888,1742888091.802868
0,116.774,1742888091.9030058
1,69.446,1742888091.9030058
2,71.953,1742888091.9030058
3,69.79,1742888091.9030058
4,70.646,1742888091.9030058
5,69.761,1742888091.9030058
6,68.562,1742888091.9030058
7,71.908,1742888091.9030058
0,116.793,1742888092.0031445
1,69.446,1742888092.0031445
2,71.954,1742888092.0031445
3,69.781,1742888092.0031445
4,70.645,1742888092.0031445
5,69.728,1742888092.0031445
6,68.555,1742888092.0031445
7,71.889,1742888092.0031445
0,116.793,1742888092.10328
1,69.445,1742888092.10328
2,71.954,1742888092.10328
3,69.788,1742888092.10328
4,70.649,1742888092.10328
5,69.747,1742888092.10328
6,68.541,1742888092.10328
7,71.902,1742888092.10328
0,116.78,1742888092.2034163
1,69.453,1742888092.2034163
2,71.953,1742888092.2034163
3,69.801,1742888092.2034163
4,70.632,1742888092.2034163
5,69.747,1742888092.2034163
6,68.542,1742888092.2034163
7,71.902,1742888092.2034163
0,116.776,1742888092.3035502
1,69.451,1742888092.3035502
2,71.941,1742888092.3035502
3,69.801,1742888092.3035502
4,70.63,1742888092.3035502
5,69.752,1742888092.3035502
6,68.548,1742888092.3035502
7,71.922,1742888092.3035502
0,116.776,1742888092.4036827
1,69.446,1742888092.4036827
2,71.973,1742888092.4036827
3,69.823,1742888092.4036827
4,70.624,1742888092.4036827
5,69.759,1742888092.4036827
6,68.573,1742888092.4036827
7,71.917,1742888092.4036827
0,116.764,1742888092.5038178
1,69.451,1742888092.5038178
2,71.973,1742888092.5038178
3,69.832,1742888092.5038178
4,70.631,1742888092.5038178
5,69.747,1742888092.5038178
6,68.588,1742888092.5038178
7,71.931,1742888092.5038178
0,116.771,1742888092.6039627
1,69.451,1742888092.6039627
2,71.993,1742888092.6039627
3,69.824,1742888092.6039627
4,70.61,1742888092.6039627
5,69.777,1742888092.6039627
6,68.588,1742888092.6039627
7,71.931,1742888092.6039627
0,116.755,1742888092.7040896
1,69.445,1742888092.7040896
2,71.993,1742888092.7040896
3,69.809,1742888092.7040896
4,70.602,1742888092.7040896
5,69.748,1742888092.7040896
6,68.594,1742888092.7040896
7,71.938,1742888092.7040896
0,116.764,1742888092.8042245
1,69.452,1742888092.8042245
2,71.999,1742888092.8042245
3,69.831,1742888092.8042245
4,70.599,1742888092.8042245
5,69.756,1742888092.8042245
6,68.581,1742888092.8042245
7,71.932,1742888092.8042245
0,116.745,1742888092.9043617
1,69.437,1742888092.9043617
2,71.987,1742888092.9043617
3,69.837,1742888092.9043617
4,70.598,1742888092.9043617
5,69.767,1742888092.9043617
6,68.586,1742888092.9043617
7,71.932,1742888092.9043617
0,116.742,1742888093.0044947
1,69.437,1742888093.0044947
2,71.987,1742888093.0044947
3,69.866,1742888093.0044947
4,70.592,1742888093.0044947
5,69.762,1742888093.0044947
6,68.587,1742888093.0044947
7,71.932,1742888093.0044947
0,116.745,1742888093.1046228
1,69.463,1742888093.1046228
2,71.987,1742888093.1046228
3,69.845,1742888093.1046228
4,70.58,1742888093.1046228
5,69.762,1742888093.1046228
6,68.599,1742888093.1046228
7,71.925,1742888093.1046228
0,116.745,1742888093.2048006
1,69.458,1742888093.2048006
2,71.987,1742888093.2048006
3,69.839,1742888093.2048006
4,70.587,1742888093.2048006
5,69.736,1742888093.2048006
6,68.6,1742888093.2048006
7,71.925,1742888093.2048006
0,116.739,1742888093.3049333
1,69.445,1742888093.3049333
2,71.973,1742888093.3049333
3,69.839,1742888093.3049333
4,70.579,1742888093.3049333
5,69.766,1742888093.3049333
6,68.599,1742888093.3049333
7,71.906,1742888093.3049333
0,116.726,1742888093.4050984
1,69.451,1742888093.4050984
2,71.966,1742888093.4050984
3,69.849,1742888093.4050984
4,70.565,1742888093.4050984
5,69.737,1742888093.4050984
6,68.599,1742888093.4050984
7,71.912,1742888093.4050984
0,116.729,1742888093.505232
1,69.458,1742888093.505232
2,71.979,1742888093.505232
3,69.836,1742888093.505232
4,70.572,1742888093.505232
5,69.757,1742888093.505232
6,68.586,1742888093.505232
7,71.899,1742888093.505232
0,116.733,1742888093.6053677
1,69.458,1742888093.6053677
2,71.966,1742888093.6053677
3,69.813,1742888093.6053677
4,70.567,1742888093.6053677
5,69.757,1742888093.6053677
6,68.566,1742888093.6053677
7,71.905,1742888093.6053677
0,116.736,1742888093.7055085
1,69.464,1742888093.7055085
2,71.972,1742888093.7055085
3,69.807,1742888093.7055085
4,70.564,1742888093.7055085
5,69.777,1742888093.7055085
6,68.567,1742888093.7055085
7,71.898,1742888093.7055085
0,116.723,1742888093.805644
1,69.471,1742888093.805644
2,71.953,1742888093.805644
3,69.816,1742888093.805644
4,70.55,1742888093.805644
5,69.766,1742888093.805644
6,68.56,1742888093.805644
7,71.911,1742888093.805644
0,116.726,1742888093.9057736
1,69.491,1742888093.9057736
2,71.966,1742888093.9057736
3,69.822,1742888093.9057736
4,70.571,1742888093.9057736
5,69.739,1742888093.9057736
6,68.568,1742888093.9057736
7,71.897,1742888093.9057736
0,116.726,1742888094.0059094
1,69.485,1742888094.0059094
2,71.945,1742888094.0059094
3,69.835,1742888094.0059094
4,70.563,1742888094.0059094
5,69.759,1742888094.0059094
6,68.574,1742888094.0059094
7,71.91,1742888094.0059094
0,116.729,1742888094.1060472
1,69.46,1742888094.1060472
2,71.965,1742888094.1060472
3,69.822,1742888094.1060472
4,70.571,1742888094.1060472
5,69.747,1742888094.1060472
6,68.588,1742888094.1060472
7,71.917,1742888094.1060472
0,116.732,1742888094.2062612
1,69.472,1742888094.2062612
2,71.978,1742888094.2062612
3,69.823,1742888094.2062612
4,70.565,1742888094.2062612
5,69.767,1742888094.2062612
6,68.574,1742888094.2062612
7,71.916,1742888094.2062612
0,116.75,1742888094.3063936
1,69.486,1742888094.3063936
2,71.978,1742888094.3063936
3,69.834,1742888094.3063936
4,70.56,1742888094.3063936
5,69.758,1742888094.3063936
6,68.556,1742888094.3063936
7,71.923,1742888094.3063936
0,116.753,1742888094.4065566
1,69.493,1742888094.4065566
2,71.979,1742888094.4065566
3,69.815,1742888094.4065566
4,70.574,1742888094.4065566
5,69.739,1742888094.4065566
6,68.55,1742888094.4065566
7,71.903,1742888094.4065566
0,116.771,1742888094.50669
1,69.478,1742888094.50669
2,71.979,1742888094.50669
3,69.827,1742888094.50669
4,70.594,1742888094.50669
5,69.759,1742888094.50669
6,68.55,1742888094.50669
7,71.897,1742888094.50669
0,116.777,1742888094.6068223
1,69.493,1742888094.6068223
2,71.979,1742888094.6068223
3,69.837,1742888094.6068223
4,70.612,1742888094.6068223
5,69.724,1742888094.6068223
6,68.557,1742888094.6068223
7,71.884,1742888094.6068223
0,116.78,1742888094.7069552
1,69.472,1742888094.7069552
2,71.959,1742888094.7069552
3,69.834,1742888094.7069552
4,70.609,1742888094.7069552
5,69.745,1742888094.7069552
6,68.563,1742888094.7069552
7,71.884,1742888094.7069552
0,116.786,1742888094.807095
1,69.48,1742888094.807095
2,71.972,1742888094.807095
3,69.821,1742888094.807095
4,70.624,1742888094.807095
5,69.731,1742888094.807095
6,68.576,1742888094.807095
7,71.878,1742888094.807095
0,116.784,1742888094.9072318
1,69.484,1742888094.9072318
2,71.952,1742888094.9072318
3,69.82,1742888094.9072318
4,70.598,1742888094.9072318
5,69.731,1742888094.9072318
6,68.576,1742888094.9072318
7,71.885,1742888094.9072318
0,116.778,1742888095.0073693
1,69.486,1742888095.0073693
2,71.953,1742888095.0073693
3,69.809,1742888095.0073693
4,70.613,1742888095.0073693
5,69.744,1742888095.0073693
6,68.575,1742888095.0073693
7,71.885,1742888095.0073693
0,116.788,1742888095.1075013
1,69.486,1742888095.1075013
2,71.939,1742888095.1075013
3,69.8,1742888095.1075013
4,70.619,1742888095.1075013
5,69.735,1742888095.1075013
6,68.551,1742888095.1075013
7,71.891,1742888095.1075013
0,116.788,1742888095.2076354
1,69.492,1742888095.2076354
2,71.939,1742888095.2076354
3,69.815,1742888095.2076354
4,70.616,1742888095.2076354
5,69.73,1742888095.2076354
6,68.562,1742888095.2076354
7,71.879,1742888095.2076354
0,116.776,1742888095.3077762
1,69.485,1742888095.3077762
2,71.947,1742888095.3077762
3,69.816,1742888095.3077762
4,70.622,1742888095.3077762
5,69.744,1742888095.3077762
6,68.564,1742888095.3077762
7,71.879,1742888095.3077762
0,116.78,1742888095.407911
1,69.492,1742888095.407911
2,71.94,1742888095.407911
3,69.809,1742888095.407911
4,70.615,1742888095.407911
5,69.716,1742888095.407911
6,68.57,1742888095.407911
7,71.892,1742888095.407911
0,116.775,1742888095.50804
1,69.486,1742888095.50804
2,71.913,1742888095.50804
3,69.803,1742888095.50804
4,70.622,1742888095.50804
5,69.735,1742888095.50804
6,68.563,1742888095.50804
7,71.905,1742888095.50804
0,116.779,1742888095.6081722
1,69.485,1742888095.6081722
2,71.899,1742888095.6081722
3,69.796,1742888095.6081722
4,70.611,1742888095.6081722
5,69.736,1742888095.6081722
6,68.569,1742888095.6081722
7,71.905,1742888095.6081722
0,116.766,1742888095.7083044
1,69.478,1742888095.7083044
2,71.893,1742888095.7083044
3,69.802,1742888095.7083044
4,70.604,1742888095.7083044
5,69.771,1742888095.7083044
6,68.568,1742888095.7083044
7,71.905,1742888095.7083044
0,116.779,1742888095.8084414
1,69.492,1742888095.8084414
2,71.899,1742888095.8084414
3,69.818,1742888095.8084414
4,70.596,1742888095.8084414
5,69.757,1742888095.8084414
6,68.548,1742888095.8084414
7,71.899,1742888095.8084414
0,116.781,1742888095.9086046
1,69.458,1742888095.9086046
2,71.888,1742888095.9086046
3,69.804,1742888095.9086046
4,70.601,1742888095.9086046
5,69.737,1742888095.9086046
6,68.555,1742888095.9086046
7,71.891,1742888095.9086046
0,116.782,1742888096.0087385
1,69.479,1742888096.0087385
2,71.888,1742888096.0087385
3,69.823,1742888096.0087385
4,70.6,1742888096.0087385
5,69.737,1742888096.0087385
6,68.55,1742888096.0087385
7,71.891,1742888096.0087385
0,116.775,1742888096.1088655
1,69.451,1742888096.1088655
2,71.875,1742888096.1088655
3,69.804,1742888096.1088655
4,70.601,1742888096.1088655
5,69.71,1742888096.1088655
6,68.561,1742888096.1088655
7,71.897,1742888096.1088655
0,116.775,1742888096.2089915
1,69.439,1742888096.2089915
2,71.881,1742888096.2089915
3,69.789,1742888096.2089915
4,70.612,1742888096.2089915
5,69.73,1742888096.2089915
6,68.561,1742888096.2089915
7,71.903,1742888096.2089915
0,116.769,1742888096.3091323
1,69.425,1742888096.3091323
2,71.866,1742888096.3091323
3,69.797,1742888096.3091323
4,70.592,1742888096.3091323
5,69.749,1742888096.3091323
6,68.567,1742888096.3091323
7,71.91,1742888096.3091323
0,116.749,1742888096.4092686
1,69.433,1742888096.4092686
2,71.862,1742888096.4092686
3,69.789,1742888096.4092686
4,70.591,1742888096.4092686
5,69.757,1742888096.4092686
6,68.554,1742888096.4092686
7,71.909,1742888096.4092686
0,116.742,1742888096.509395
1,69.426,1742888096.509395
2,71.866,1742888096.509395
3,69.804,1742888096.509395
4,70.576,1742888096.509395
5,69.75,1742888096.509395
6,68.568,1742888096.509395
7,71.909,1742888096.509395
0,116.729,1742888096.609543
1,69.46,1742888096.609543
2,71.875,1742888096.609543
3,69.81,1742888096.609543
4,70.59,1742888096.609543
5,69.731,1742888096.609543
6,68.563,1742888096.609543
7,71.909,1742888096.609543
0,116.729,1742888096.7096772
1,69.433,1742888096.7096772
2,71.881,1742888096.7096772
3,69.811,1742888096.7096772
4,70.584,1742888096.7096772
5,69.729,1742888096.7096772
6,68.574,1742888096.7096772
7,71.916,1742888096.7096772
0,116.733,1742888096.809811
1,69.433,1742888096.809811
2,71.875,1742888096.809811
3,69.796,1742888096.809811
4,70.586,1742888096.809811
5,69.71,1742888096.809811
6,68.576,1742888096.809811
7,71.908,1742888096.809811
0,116.733,1742888096.9099443
1,69.433,1742888096.9099443
2,71.88,1742888096.9099443
3,69.802,1742888096.9099443
4,70.59,1742888096.9099443
5,69.75,1742888096.9099443
6,68.574,1742888096.9099443
7,71.915,1742888096.9099443
0,116.739,1742888097.010087
1,69.441,1742888097.010087
2,71.888,1742888097.010087
3,69.78,1742888097.010087
4,70.596,1742888097.010087
5,69.747,1742888097.010087
6,68.569,1742888097.010087
7,71.929,1742888097.010087
0,116.746,1742888097.1102488
1,69.427,1742888097.1102488
2,71.894,1742888097.1102488
3,69.801,1742888097.1102488
4,70.614,1742888097.1102488
5,69.776,1742888097.1102488
6,68.543,1742888097.1102488
7,71.909,1742888097.1102488
0,116.77,1742888097.2103877
1,69.46,1742888097.2103877
2,71.887,1742888097.2103877
3,69.807,1742888097.2103877
4,70.598,1742888097.2103877
5,69.762,1742888097.2103877
6,68.531,1742888097.2103877
7,71.91,1742888097.2103877
0,116.753,1742888097.3105457
1,69.447,1742888097.3105457
2,71.896,1742888097.3105457
3,69.8,1742888097.3105457
4,70.606,1742888097.3105457
5,69.724,1742888097.3105457
6,68.524,1742888097.3105457
7,71.897,1742888097.3105457
0,116.779,1742888097.4106822
1,69.461,1742888097.4106822
2,71.9,1742888097.4106822
3,69.801,1742888097.4106822
4,70.607,1742888097.4106822
5,69.735,1742888097.4106822
6,68.535,1742888097.4106822
7,71.877,1742888097.4106822
0,116.772,1742888097.5108173
1,69.426,1742888097.5108173
2,71.921,1742888097.5108173
3,69.801,1742888097.5108173
4,70.623,1742888097.5108173
5,69.722,1742888097.5108173
6,68.522,1742888097.5108173
7,71.885,1742888097.5108173
0,116.798,1742888097.6109505
1,69.439,1742888097.6109505
2,71.921,1742888097.6109505
3,69.814,1742888097.6109505
4,70.623,1742888097.6109505
5,69.763,1742888097.6109505
6,68.53,1742888097.6109505
7,71.891,1742888097.6109505
0,116.796,1742888097.711081
1,69.438,1742888097.711081
2,71.921,1742888097.711081
3,69.822,1742888097.711081
4,70.641,1742888097.711081
5,69.77,1742888097.711081
6,68.524,1742888097.711081
7,71.891,1742888097.711081
0,116.798,1742888097.8112144
1,69.438,1742888097.8112144
2,71.927,1742888097.8112144
3,69.83,1742888097.8112144
4,70.653,1742888097.8112144
5,69.776,1742888097.8112144
6,68.515,1742888097.8112144
7,71.899,1742888097.8112144
0,116.779,1742888097.91135
1,69.444,1742888097.91135
2,71.94,1742888097.91135
3,69.822,1742888097.91135
4,70.656,1742888097.91135
5,69.749,1742888097.91135
6,68.512,1742888097.91135
7,71.892,1742888097.91135
0,116.779,1742888098.0114877
1,69.459,1742888098.0114877
2,71.941,1742888098.0114877
3,69.852,1742888098.0114877
4,70.628,1742888098.0114877
5,69.715,1742888098.0114877
6,68.502,1742888098.0114877
7,71.879,1742888098.0114877
0,116.762,1742888098.1116202
1,69.437,1742888098.1116202
2,71.96,1742888098.1116202
3,69.844,1742888098.1116202
4,70.643,1742888098.1116202
5,69.735,1742888098.1116202
6,68.522,1742888098.1116202
7,71.879,1742888098.1116202
0,116.758,1742888098.2117567
1,69.443,1742888098.2117567
2,71.96,1742888098.2117567
3,69.846,1742888098.2117567
4,70.638,1742888098.2117567
5,69.742,1742888098.2117567
6,68.535,1742888098.2117567
7,71.884,1742888098.2117567
0,116.752,1742888098.3118923
1,69.442,1742888098.3118923
2,71.953,1742888098.3118923
3,69.856,1742888098.3118923
4,70.643,1742888098.3118923
5,69.776,1742888098.3118923
6,68.55,1742888098.3118923
7,71.898,1742888098.3118923
0,116.768,1742888098.4120302
1,69.463,1742888098.4120302
2,71.96,1742888098.4120302
3,69.863,1742888098.4120302
4,70.635,1742888098.4120302
5,69.762,1742888098.4120302
6,68.548,1742888098.4120302
7,71.901,1742888098.4120302
0,116.768,1742888098.512168
1,69.442,1742888098.512168
2,71.946,1742888098.512168
3,69.844,1742888098.512168
4,70.635,1742888098.512168
5,69.743,1742888098.512168
6,68.521,1742888098.512168
7,71.887,1742888098.512168
0,116.775,1742888098.6123056
1,69.476,1742888098.6123056
2,71.94,1742888098.6123056
3,69.849,1742888098.6123056
4,70.605,1742888098.6123056
5,69.721,1742888098.6123056
6,68.515,1742888098.6123056
7,71.887,1742888098.6123056
0,116.765,1742888098.7124453
1,69.45,1742888098.7124453
2,71.959,1742888098.7124453
3,69.85,1742888098.7124453
4,70.587,1742888098.7124453
5,69.695,1742888098.7124453
6,68.504,1742888098.7124453
7,71.867,1742888098.7124453
0,116.755,1742888098.8125806
1,69.477,1742888098.8125806
2,71.972,1742888098.8125806
3,69.836,1742888098.8125806
4,70.592,1742888098.8125806
5,69.713,1742888098.8125806
6,68.508,1742888098.8125806
7,71.868,1742888098.8125806
0,116.755,1742888098.9127176
1,69.457,1742888098.9127176
2,71.959,1742888098.9127176
3,69.822,1742888098.9127176
4,70.585,1742888098.9127176
5,69.713,1742888098.9127176
6,68.504,1742888098.9127176
7,71.868,1742888098.9127176
0,116.752,1742888099.012876
1,69.484,1742888099.012876
2,71.952,1742888099.012876
3,69.821,1742888099.012876
4,70.59,1742888099.012876
5,69.76,1742888099.012876
6,68.514,1742888099.012876
7,71.887,1742888099.012876
0,116.739,1742888099.1130204
1,69.484,1742888099.1130204
2,71.952,1742888099.1130204
3,69.816,1742888099.1130204
4,70.575,1742888099.1130204
5,69.747,1742888099.1130204
6,68.514,1742888099.1130204
7,71.888,1742888099.1130204
0,116.735,1742888099.213156
1,69.484,1742888099.213156
2,71.952,1742888099.213156
3,69.8,1742888099.213156
4,70.583,1742888099.213156
5,69.728,1742888099.213156
6,68.501,1742888099.213156
7,71.875,1742888099.213156
0,116.735,1742888099.313296
1,69.478,1742888099.313296
2,71.958,1742888099.313296
3,69.803,1742888099.313296
4,70.579,1742888099.313296
5,69.714,1742888099.313296
6,68.508,1742888099.313296
7,71.863,1742888099.313296
0,116.726,1742888099.4134386
1,69.471,1742888099.4134386
2,71.964,1742888099.4134386
3,69.796,1742888099.4134386
4,70.561,1742888099.4134386
5,69.7,1742888099.4134386
6,68.498,1742888099.4134386
7,71.878,1742888099.4134386
0,116.716,1742888099.5135741
1,69.46,1742888099.5135741
2,71.972,1742888099.5135741
3,69.811,1742888099.5135741
4,70.568,1742888099.5135741
5,69.725,1742888099.5135741
6,68.511,1742888099.5135741
7,71.879,1742888099.5135741
0,116.7,1742888099.613721
1,69.474,1742888099.613721
2,71.978,1742888099.613721
3,69.79,1742888099.613721
4,70.574,1742888099.613721
5,69.727,1742888099.613721
6,68.517,1742888099.613721
7,71.886,1742888099.613721
0,116.709,1742888099.713859
1,69.472,1742888099.713859
2,71.965,1742888099.713859
3,69.798,1742888099.713859
4,70.579,1742888099.713859
5,69.773,1742888099.713859
6,68.548,1742888099.713859
7,71.892,1742888099.713859
0,116.726,1742888099.8139975
1,69.488,1742888099.8139975
2,71.958,1742888099.8139975
3,69.789,1742888099.8139975
4,70.571,1742888099.8139975
5,69.755,1742888099.8139975
6,68.561,1742888099.8139975
7,71.905,1742888099.8139975
0,116.732,1742888099.9141698
1,69.48,1742888099.9141698
2,71.965,1742888099.9141698
3,69.791,1742888099.9141698
4,70.575,1742888099.9141698
5,69.73,1742888099.9141698
6,68.569,1742888099.9141698
7,71.912,1742888099.9141698
0,116.742,1742888100.0143034
1,69.496,1742888100.0143034
2,71.946,1742888100.0143034
3,69.804,1742888100.0143034
4,70.576,1742888100.0143034
5,69.727,1742888100.0143034
6,68.588,1742888100.0143034
7,71.899,1742888100.0143034
0,116.739,1742888100.114438
1,69.474,1742888100.114438
2,71.959,1742888100.114438
3,69.796,1742888100.114438
4,70.571,1742888100.114438
5,69.728,1742888100.114438
6,68.594,1742888100.114438
7,71.892,1742888100.114438
0,116.739,1742888100.2145767
1,69.501,1742888100.2145767
2,71.947,1742888100.2145767
3,69.791,1742888100.2145767
4,70.576,1742888100.2145767
5,69.768,1742888100.2145767
6,68.607,1742888100.2145767
7,71.905,1742888100.2145767
0,116.72,1742888100.3147087
1,69.495,1742888100.3147087
2,71.946,1742888100.3147087
3,69.796,1742888100.3147087
4,70.58,1742888100.3147087
5,69.773,1742888100.3147087
6,68.599,1742888100.3147087
7,71.931,1742888100.3147087
0,116.72,1742888100.4148421
1,69.508,1742888100.4148421
2,71.947,1742888100.4148421
3,69.796,1742888100.4148421
4,70.606,1742888100.4148421
5,69.804,1742888100.4148421
6,68.594,1742888100.4148421
7,71.936,1742888100.4148421
0,116.726,1742888100.514975
1,69.474,1742888100.514975
2,71.927,1742888100.514975
3,69.789,1742888100.514975
4,70.607,1742888100.514975
5,69.775,1742888100.514975
6,68.612,1742888100.514975
7,71.937,1742888100.514975
0,116.707,1742888100.6151104
1,69.501,1742888100.6151104
2,71.926,1742888100.6151104
3,69.802,1742888100.6151104
4,70.615,1742888100.6151104
5,69.762,1742888100.6151104
6,68.613,1742888100.6151104
7,71.935,1742888100.6151104
0,116.72,1742888100.715249
1,69.473,1742888100.715249
2,71.921,1742888100.715249
3,69.815,1742888100.715249
4,70.616,1742888100.715249
5,69.749,1742888100.715249
6,68.6,1742888100.715249
7,71.941,1742888100.715249
0,116.7,1742888100.8153877
1,69.479,1742888100.8153877
2,71.933,1742888100.8153877
3,69.816,1742888100.8153877
4,70.627,1742888100.8153877
5,69.748,1742888100.8153877
6,68.599,1742888100.8153877
7,71.941,1742888100.8153877
0,116.696,1742888100.9155226
1,69.477,1742888100.9155226
2,71.914,1742888100.9155226
3,69.816,1742888100.9155226
4,70.63,1742888100.9155226
5,69.767,1742888100.9155226
6,68.58,1742888100.9155226
7,71.908,1742888100.9155226
0,116.687,1742888101.015656
1,69.457,1742888101.015656
2,71.926,1742888101.015656
3,69.83,1742888101.015656
4,70.629,1742888101.015656
5,69.756,1742888101.015656
6,68.579,1742888101.015656
7,71.928,1742888101.015656
0,116.689,1742888101.11579
1,69.457,1742888101.11579
2,71.926,1742888101.11579
3,69.824,1742888101.11579
4,70.63,1742888101.11579
5,69.768,1742888101.11579
6,68.568,1742888101.11579
7,71.935,1742888101.11579
0,116.691,1742888101.2159493
1,69.456,1742888101.2159493
2,71.932,1742888101.2159493
3,69.844,1742888101.2159493
4,70.624,1742888101.2159493
5,69.754,1742888101.2159493
6,68.574,1742888101.2159493
7,71.935,1742888101.2159493
0,116.721,1742888101.3161168
1,69.456,1742888101.3161168
2,71.914,1742888101.3161168
3,69.85,1742888101.3161168
4,70.636,1742888101.3161168
5,69.736,1742888101.3161168
6,68.581,1742888101.3161168
7,71.935,1742888101.3161168
0,116.732,1742888101.4162633
1,69.471,1742888101.4162633
2,71.913,1742888101.4162633
3,69.866,1742888101.4162633
4,70.623,1742888101.4162633
5,69.734,1742888101.4162633
6,68.606,1742888101.4162633
7,71.929,1742888101.4162633
0,116.755,1742888101.51639
1,69.469,1742888101.51639
2,71.914,1742888101.51639
3,69.866,1742888101.51639
4,70.614,1742888101.51639
5,69.72,1742888101.51639
6,68.606,1742888101.51639
7,71.916,1742888101.51639
0,116.761,1742888101.6165237
1,69.464,1742888101.6165237
2,71.919,1742888101.6165237
3,69.859,1742888101.6165237
4,70.6,1742888101.6165237
5,69.768,1742888101.6165237
6,68.6,1742888101.6165237
7,71.909,1742888101.6165237
0,116.778,1742888101.7166617
1,69.464,1742888101.7166617
2,71.92,1742888101.7166617
3,69.854,1742888101.7166617
4,70.599,1742888101.7166617
5,69.733,1742888101.7166617
6,68.613,1742888101.7166617
7,71.912,1742888101.7166617
0,116.788,1742888101.8167963
1,69.48,1742888101.8167963
2,71.913,1742888101.8167963
3,69.864,1742888101.8167963
4,70.602,1742888101.8167963
5,69.748,1742888101.8167963
6,68.6,1742888101.8167963
7,71.905,1742888101.8167963
0,116.801,1742888101.916935
1,69.48,1742888101.916935
2,71.913,1742888101.916935
3,69.878,1742888101.916935
4,70.595,1742888101.916935
5,69.741,1742888101.916935
6,68.6,1742888101.916935
7,71.913,1742888101.916935
0,116.791,1742888102.0170681
1,69.465,1742888102.0170681
2,71.914,1742888102.0170681
3,69.87,1742888102.0170681
4,70.583,1742888102.0170681
5,69.727,1742888102.0170681
6,68.601,1742888102.0170681
7,71.906,1742888102.0170681
0,116.804,1742888102.117203
1,69.479,1742888102.117203
2,71.894,1742888102.117203
3,69.878,1742888102.117203
4,70.568,1742888102.117203
5,69.733,1742888102.117203
6,68.595,1742888102.117203
7,71.919,1742888102.117203
0,116.797,1742888102.217343
1,69.464,1742888102.217343
2,71.899,1742888102.217343
3,69.864,1742888102.217343
4,70.568,1742888102.217343
5,69.721,1742888102.217343
6,68.6,1742888102.217343
7,71.899,1742888102.217343
0,116.784,1742888102.3174777
1,69.458,1742888102.3174777
2,71.908,1742888102.3174777
3,69.844,1742888102.3174777
4,70.549,1742888102.3174777
5,69.769,1742888102.3174777
6,68.614,1742888102.3174777
7,71.906,1742888102.3174777
0,116.769,1742888102.4176152
1,69.473,1742888102.4176152
2,71.901,1742888102.4176152
3,69.832,1742888102.4176152
4,70.566,1742888102.4176152
5,69.741,1742888102.4176152
6,68.62,1742888102.4176152
7,71.912,1742888102.4176152
0,116.769,1742888102.517751
1,69.473,1742888102.517751
2,71.901,1742888102.517751
3,69.809,1742888102.517751
4,70.575,1742888102.517751
5,69.776,1742888102.517751
6,68.607,1742888102.517751
7,71.925,1742888102.517751
0,116.753,1742888102.6178837
1,69.485,1742888102.6178837
2,71.893,1742888102.6178837
3,69.801,1742888102.6178837
4,70.59,1742888102.6178837
5,69.756,1742888102.6178837
6,68.607,1742888102.6178837
7,71.932,1742888102.6178837
0,116.766,1742888102.7180128
1,69.485,1742888102.7180128
2,71.882,1742888102.7180128
3,69.814,1742888102.7180128
4,70.575,1742888102.7180128
5,69.748,1742888102.7180128
6,68.588,1742888102.7180128
7,71.943,1742888102.7180128
0,116.752,1742888102.8181806
1,69.498,1742888102.8181806
2,71.887,1742888102.8181806
3,69.809,1742888102.8181806
4,70.567,1742888102.8181806
5,69.752,1742888102.8181806
6,68.582,1742888102.8181806
7,71.936,1742888102.8181806
0,116.77,1742888102.9183047
1,69.494,1742888102.9183047
2,71.887,1742888102.9183047
3,69.796,1742888102.9183047
4,70.582,1742888102.9183047
5,69.739,1742888102.9183047
6,68.588,1742888102.9183047
7,71.941,1742888102.9183047
0,116.763,1742888103.0184379
1,69.494,1742888103.0184379
2,71.887,1742888103.0184379
3,69.796,1742888103.0184379
4,70.583,1742888103.0184379
5,69.776,1742888103.0184379
6,68.6,1742888103.0184379
7,71.928,1742888103.0184379
0,116.757,1742888103.1185727
1,69.508,1742888103.1185727
2,71.887,1742888103.1185727
3,69.782,1742888103.1185727
4,70.592,1742888103.1185727
5,69.741,1742888103.1185727
6,68.606,1742888103.1185727
7,71.92,1742888103.1185727
0,116.75,1742888103.2187116
1,69.494,1742888103.2187116
2,71.894,1742888103.2187116
3,69.789,1742888103.2187116
4,70.606,1742888103.2187116
5,69.768,1742888103.2187116
6,68.613,1742888103.2187116
7,71.92,1742888103.2187116
0,116.743,1742888103.3188488
1,69.515,1742888103.3188488
2,71.894,1742888103.3188488
3,69.788,1742888103.3188488
4,70.638,1742888103.3188488
5,69.748,1742888103.3188488
6,68.596,1742888103.3188488
7,71.92,1742888103.3188488
0,116.737,1742888103.4189847
1,69.487,1742888103.4189847
2,71.887,1742888103.4189847
3,69.781,1742888103.4189847
4,70.628,1742888103.4189847
5,69.728,1742888103.4189847
6,68.583,1742888103.4189847
7,71.933,1742888103.4189847
0,116.73,1742888103.5191221
1,69.508,1742888103.5191221
2,71.914,1742888103.5191221
3,69.781,1742888103.5191221
4,70.628,1742888103.5191221
5,69.733,1742888103.5191221
6,68.576,1742888103.5191221
7,71.913,1742888103.5191221
0,116.717,1742888103.6192544
1,69.481,1742888103.6192544
2,71.927,1742888103.6192544
3,69.793,1742888103.6192544
4,70.629,1742888103.6192544
5,69.728,1742888103.6192544
6,68.577,1742888103.6192544
7,71.913,1742888103.6192544
0,116.711,1742888103.7193897
1,69.502,1742888103.7193897
2,71.921,1742888103.7193897
3,69.794,1742888103.7193897
4,70.644,1742888103.7193897
5,69.764,1742888103.7193897
6,68.576,1742888103.7193897
7,71.908,1742888103.7193897
0,116.708,1742888103.8195267
1,69.46,1742888103.8195267
2,71.928,1742888103.8195267
3,69.759,1742888103.8195267
4,70.65,1742888103.8195267
5,69.735,1742888103.8195267
6,68.583,1742888103.8195267
7,71.902,1742888103.8195267
0,116.706,1742888103.919665
1,69.474,1742888103.919665
2,71.934,1742888103.919665
3,69.752,1742888103.919665
4,70.634,1742888103.919665
5,69.748,1742888103.919665
6,68.602,1742888103.919665
7,71.896,1742888103.919665
0,116.704,1742888104.0197988
1,69.46,1742888104.0197988
2,71.934,1742888104.0197988
3,69.738,1742888104.0197988
4,70.652,1742888104.0197988
5,69.735,1742888104.0197988
6,68.589,1742888104.0197988
7,71.923,1742888104.0197988
0,116.713,1742888104.119935
1,69.474,1742888104.119935
2,71.934,1742888104.119935
3,69.745,1742888104.119935
4,70.635,1742888104.119935
5,69.729,1742888104.119935
6,68.582,1742888104.119935
7,71.917,1742888104.119935
0,116.724,1742888104.2200623
1,69.466,1742888104.2200623
2,71.959,1742888104.2200623
3,69.759,1742888104.2200623
4,70.627,1742888104.2200623
5,69.727,1742888104.2200623
6,68.57,1742888104.2200623
7,71.931,1742888104.2200623
0,116.737,1742888104.320194
1,69.466,1742888104.320194
2,71.959,1742888104.320194
3,69.751,1742888104.320194
4,70.622,1742888104.320194
5,69.714,1742888104.320194
6,68.569,1742888104.320194
7,71.911,1742888104.320194
0,116.737,1742888104.4203322
1,69.467,1742888104.4203322
2,71.959,1742888104.4203322
3,69.767,1742888104.4203322
4,70.623,1742888104.4203322
5,69.729,1742888104.4203322
6,68.57,1742888104.4203322
7,71.905,1742888104.4203322
0,116.756,1742888104.520467
1,69.459,1742888104.520467
2,71.965,1742888104.520467
3,69.766,1742888104.520467
4,70.6,1742888104.520467
5,69.722,1742888104.520467
6,68.575,1742888104.520467
7,71.912,1742888104.520467
0,116.759,1742888104.6206005
1,69.447,1742888104.6206005
2,71.965,1742888104.6206005
3,69.761,1742888104.6206005
4,70.591,1742888104.6206005
5,69.745,1742888104.6206005
6,68.574,1742888104.6206005
7,71.905,1742888104.6206005
0,116.766,1742888104.720737
1,69.466,1742888104.720737
2,71.958,1742888104.720737
3,69.747,1742888104.720737
4,70.591,1742888104.720737
5,69.743,1742888104.720737
6,68.575,1742888104.720737
7,71.918,1742888104.720737
0,116.749,1742888104.8208718
1,69.453,1742888104.8208718
2,71.958,1742888104.8208718
3,69.79,1742888104.8208718
4,70.572,1742888104.8208718
5,69.745,1742888104.8208718
6,68.574,1742888104.8208718
7,71.925,1742888104.8208718
0,116.753,1742888104.921012
1,69.465,1742888104.921012
2,71.959,1742888104.921012
3,69.795,1742888104.921012
4,70.568,1742888104.921012
5,69.745,1742888104.921012
6,68.562,1742888104.921012
7,71.924,1742888104.921012
0,116.739,1742888105.0211453
1,69.453,1742888105.0211453
2,71.965,1742888105.0211453
3,69.818,1742888105.0211453
4,70.563,1742888105.0211453
5,69.758,1742888105.0211453
6,68.569,1742888105.0211453
7,71.93,1742888105.0211453
0,116.745,1742888105.1212819
1,69.473,1742888105.1212819
2,71.978,1742888105.1212819
3,69.825,1742888105.1212819
4,70.55,1742888105.1212819
5,69.739,1742888105.1212819
6,68.548,1742888105.1212819
7,71.917,1742888105.1212819
0,116.726,1742888105.2214153
1,69.461,1742888105.2214153
2,71.965,1742888105.2214153
3,69.819,1742888105.2214153
4,70.549,1742888105.2214153
5,69.76,1742888105.2214153
6,68.568,1742888105.2214153
7,71.922,1742888105.2214153
0,116.733,1742888105.3215587
1,69.467,1742888105.3215587
2,71.965,1742888105.3215587
3,69.811,1742888105.3215587
4,70.562,1742888105.3215587
5,69.746,1742888105.3215587
6,68.567,1742888105.3215587
7,71.922,1742888105.3215587
0,116.732,1742888105.4217129
1,69.453,1742888105.4217129
2,71.965,1742888105.4217129
3,69.811,1742888105.4217129
4,70.564,1742888105.4217129
5,69.752,1742888105.4217129
6,68.555,1742888105.4217129
7,71.94,1742888105.4217129
0,116.732,1742888105.5218475
1,69.467,1742888105.5218475
2,71.965,1742888105.5218475
3,69.803,1742888105.5218475
4,70.551,1742888105.5218475
5,69.765,1742888105.5218475
6,68.555,1742888105.5218475
7,71.939,1742888105.5218475
0,116.713,1742888105.6219835
1,69.472,1742888105.6219835
2,71.959,1742888105.6219835
3,69.815,1742888105.6219835
4,70.569,1742888105.6219835
5,69.738,1742888105.6219835
6,68.548,1742888105.6219835
7,71.939,1742888105.6219835
0,116.72,1742888105.7221208
1,69.474,1742888105.7221208
2,71.972,1742888105.7221208
3,69.829,1742888105.7221208
4,70.568,1742888105.7221208
5,69.758,1742888105.7221208
6,68.548,1742888105.7221208
7,71.919,1742888105.7221208
0,116.722,1742888105.822261
1,69.453,1742888105.822261
2,71.972,1742888105.822261
3,69.802,1742888105.822261
4,70.58,1742888105.822261
5,69.724,1742888105.822261
6,68.556,1742888105.822261
7,71.92,1742888105.822261
0,116.729,1742888105.9223986
1,69.474,1742888105.9223986
2,71.965,1742888105.9223986
3,69.796,1742888105.9223986
4,70.587,1742888105.9223986
5,69.745,1742888105.9223986
6,68.542,1742888105.9223986
7,71.914,1742888105.9223986
0,116.722,1742888106.0225356
1,69.466,1742888106.0225356
2,71.952,1742888106.0225356
3,69.795,1742888106.0225356
4,70.587,1742888106.0225356
5,69.73,1742888106.0225356
6,68.548,1742888106.0225356
7,71.914,1742888106.0225356
0,116.716,1742888106.1226747
1,69.478,1742888106.1226747
2,71.946,1742888106.1226747
3,69.781,1742888106.1226747
4,70.576,1742888106.1226747
5,69.748,1742888106.1226747
6,68.529,1742888106.1226747
7,71.916,1742888106.1226747
0,116.722,1742888106.2228134
1,69.466,1742888106.2228134
2,71.945,1742888106.2228134
3,69.779,1742888106.2228134
4,70.563,1742888106.2228134
5,69.741,1742888106.2228134
6,68.537,1742888106.2228134
7,71.91,1742888106.2228134
0,116.709,1742888106.3229504
1,69.484,1742888106.3229504
2,71.952,1742888106.3229504
3,69.787,1742888106.3229504
4,70.591,1742888106.3229504
5,69.741,1742888106.3229504
6,68.545,1742888106.3229504
7,71.91,1742888106.3229504
0,116.696,1742888106.4230902
1,69.478,1742888106.4230902
2,71.953,1742888106.4230902
3,69.796,1742888106.4230902
4,70.59,1742888106.4230902
5,69.749,1742888106.4230902
6,68.551,1742888106.4230902
7,71.911,1742888106.4230902
0,116.696,1742888106.5232728
1,69.475,1742888106.5232728
2,71.946,1742888106.5232728
3,69.802,1742888106.5232728
4,70.614,1742888106.5232728
5,69.715,1742888106.5232728
6,68.564,1742888106.5232728
7,71.912,1742888106.5232728
0,116.696,1742888106.6234064
1,69.465,1742888106.6234064
2,71.939,1742888106.6234064
3,69.789,1742888106.6234064
4,70.591,1742888106.6234064
5,69.736,1742888106.6234064
6,68.569,1742888106.6234064
7,71.919,1742888106.6234064
0,116.707,1742888106.7235448
1,69.485,1742888106.7235448
2,71.933,1742888106.7235448
3,69.782,1742888106.7235448
4,70.586,1742888106.7235448
5,69.728,1742888106.7235448
6,68.57,1742888106.7235448
7,71.932,1742888106.7235448
0,116.687,1742888106.82367
1,69.471,1742888106.82367
2,71.933,1742888106.82367
3,69.789,1742888106.82367
4,70.593,1742888106.82367
5,69.736,1742888106.82367
6,68.545,1742888106.82367
7,71.932,1742888106.82367
0,116.707,1742888106.9238048
1,69.483,1742888106.9238048
2,71.927,1742888106.9238048
3,69.788,1742888106.9238048
4,70.599,1742888106.9238048
5,69.743,1742888106.9238048
6,68.538,1742888106.9238048
7,71.938,1742888106.9238048
0,116.722,1742888107.023944
1,69.466,1742888107.023944
2,71.933,1742888107.023944
3,69.774,1742888107.023944
4,70.591,1742888107.023944
5,69.724,1742888107.023944
6,68.545,1742888107.023944
7,71.932,1742888107.023944
0,116.726,1742888107.1240788
1,69.479,1742888107.1240788
2,71.933,1742888107.1240788
3,69.793,1742888107.1240788
4,70.589,1742888107.1240788
5,69.738,1742888107.1240788
6,68.538,1742888107.1240788
7,71.931,1742888107.1240788
0,116.719,1742888107.2242153
1,69.451,1742888107.2242153
2,71.914,1742888107.2242153
3,69.789,1742888107.2242153
4,70.6,1742888107.2242153
5,69.725,1742888107.2242153
6,68.535,1742888107.2242153
7,71.937,1742888107.2242153
0,116.732,1742888107.3243399
1,69.466,1742888107.3243399
2,71.914,1742888107.3243399
3,69.78,1742888107.3243399
4,70.58,1742888107.3243399
5,69.745,1742888107.3243399
6,68.535,1742888107.3243399
7,71.936,1742888107.3243399
0,116.726,1742888107.424483
1,69.454,1742888107.424483
2,71.906,1742888107.424483
3,69.793,1742888107.424483
4,70.58,1742888107.424483
5,69.729,1742888107.424483
6,68.535,1742888107.424483
7,71.937,1742888107.424483
0,116.752,1742888107.5246198
1,69.481,1742888107.5246198
2,71.907,1742888107.5246198
3,69.792,1742888107.5246198
4,70.589,1742888107.5246198
5,69.743,1742888107.5246198
6,68.535,1742888107.5246198
7,71.929,1742888107.5246198
0,116.749,1742888107.6247509
1,69.454,1742888107.6247509
2,71.901,1742888107.6247509
3,69.802,1742888107.6247509
4,70.564,1742888107.6247509
5,69.742,1742888107.6247509
6,68.522,1742888107.6247509
7,71.936,1742888107.6247509
0,116.752,1742888107.7248852
1,69.494,1742888107.7248852
2,71.915,1742888107.7248852
3,69.814,1742888107.7248852
4,70.569,1742888107.7248852
5,69.722,1742888107.7248852
6,68.531,1742888107.7248852
7,71.934,1742888107.7248852
0,116.732,1742888107.8250191
1,69.481,1742888107.8250191
2,71.894,1742888107.8250191
3,69.823,1742888107.8250191
4,70.569,1742888107.8250191
5,69.722,1742888107.8250191
6,68.541,1742888107.8250191
7,71.914,1742888107.8250191
0,116.735,1742888107.9251523
1,69.479,1742888107.9251523
2,71.907,1742888107.9251523
3,69.808,1742888107.9251523
4,70.548,1742888107.9251523
5,69.715,1742888107.9251523
6,68.542,1742888107.9251523
7,71.914,1742888107.9251523
0,116.732,1742888108.0252857
1,69.491,1742888108.0252857
2,71.907,1742888108.0252857
3,69.814,1742888108.0252857
4,70.537,1742888108.0252857
5,69.747,1742888108.0252857
6,68.535,1742888108.0252857
7,71.914,1742888108.0252857
0,116.745,1742888108.12542
1,69.491,1742888108.12542
2,71.894,1742888108.12542
3,69.816,1742888108.12542
4,70.559,1742888108.12542
5,69.744,1742888108.12542
6,68.55,1742888108.12542
7,71.913,1742888108.12542
0,116.732,1742888108.225555
1,69.491,1742888108.225555
2,71.894,1742888108.225555
3,69.82,1742888108.225555
4,70.554,1742888108.225555
5,69.766,1742888108.225555
6,68.55,1742888108.225555
7,71.912,1742888108.225555
0,116.735,1742888108.3257048
1,69.498,1742888108.3257048
2,71.888,1742888108.3257048
3,69.836,1742888108.3257048
4,70.539,1742888108.3257048
5,69.753,1742888108.3257048
6,68.534,1742888108.3257048
7,71.9,1742888108.3257048
0,116.739,1742888108.425833
1,69.49,1742888108.425833
2,71.896,1742888108.425833
3,69.835,1742888108.425833
4,70.566,1742888108.425833
5,69.734,1742888108.425833
6,68.528,1742888108.425833
7,71.894,1742888108.425833
0,116.742,1742888108.5259705
1,69.49,1742888108.5259705
2,71.9,1742888108.5259705
3,69.864,1742888108.5259705
4,70.564,1742888108.5259705
5,69.735,1742888108.5259705
6,68.508,1742888108.5259705
7,71.894,1742888108.5259705
0,116.745,1742888108.6261036
1,69.49,1742888108.6261036
2,71.907,1742888108.6261036
3,69.853,1742888108.6261036
4,70.571,1742888108.6261036
5,69.734,1742888108.6261036
6,68.504,1742888108.6261036
7,71.894,1742888108.6261036
0,116.749,1742888108.7262366
1,69.479,1742888108.7262366
2,71.901,1742888108.7262366
3,69.85,1742888108.7262366
4,70.562,1742888108.7262366
5,69.783,1742888108.7262366
6,68.515,1742888108.7262366
7,71.896,1742888108.7262366
0,116.755,1742888108.8263693
1,69.451,1742888108.8263693
2,71.888,1742888108.8263693
3,69.838,1742888108.8263693
4,70.569,1742888108.8263693
5,69.776,1742888108.8263693
6,68.543,1742888108.8263693
7,71.903,1742888108.8263693
0,116.755,1742888108.9265025
1,69.472,1742888108.9265025
2,71.888,1742888108.9265025
3,69.849,1742888108.9265025
4,70.583,1742888108.9265025
5,69.75,1742888108.9265025
6,68.549,1742888108.9265025
7,71.897,1742888108.9265025
0,116.742,1742888109.026635
1,69.458,1742888109.026635
2,71.896,1742888109.026635
3,69.838,1742888109.026635
4,70.588,1742888109.026635
5,69.751,1742888109.026635
6,68.555,1742888109.026635
7,71.904,1742888109.026635
0,116.735,1742888109.1267703
1,69.472,1742888109.1267703
2,71.896,1742888109.1267703
3,69.839,1742888109.1267703
4,70.608,1742888109.1267703
5,69.725,1742888109.1267703
6,68.561,1742888109.1267703
7,71.891,1742888109.1267703
0,116.749,1742888109.2269077
1,69.459,1742888109.2269077
2,71.921,1742888109.2269077
3,69.833,1742888109.2269077
4,70.613,1742888109.2269077
5,69.744,1742888109.2269077
6,68.556,1742888109.2269077
7,71.912,1742888109.2269077
0,116.749,1742888109.3270464
1,69.473,1742888109.3270464
2,71.946,1742888109.3270464
3,69.822,1742888109.3270464
4,70.621,1742888109.3270464
5,69.749,1742888109.3270464
6,68.555,1742888109.3270464
7,71.919,1742888109.3270464
0,116.729,1742888109.4271624
1,69.465,1742888109.4271624
2,71.934,1742888109.4271624
3,69.826,1742888109.4271624
4,70.61,1742888109.4271624
5,69.782,1742888109.4271624
6,68.562,1742888109.4271624
7,71.932,1742888109.4271624
0,116.722,1742888109.5272963
1,69.486,1742888109.5272963
2,71.94,1742888109.5272963
3,69.813,1742888109.5272963
4,70.609,1742888109.5272963
5,69.783,1742888109.5272963
6,68.574,1742888109.5272963
7,71.932,1742888109.5272963
0,116.729,1742888109.6274288
1,69.466,1742888109.6274288
2,71.94,1742888109.6274288
3,69.814,1742888109.6274288
4,70.626,1742888109.6274288
5,69.777,1742888109.6274288
6,68.587,1742888109.6274288
7,71.931,1742888109.6274288
0,116.722,1742888109.7275658
1,69.498,1742888109.7275658
2,71.946,1742888109.7275658
3,69.814,1742888109.7275658
4,70.616,1742888109.7275658
5,69.756,1742888109.7275658
6,68.567,1742888109.7275658
7,71.931,1742888109.7275658
0,116.722,1742888109.8276997
1,69.498,1742888109.8276997
2,71.953,1742888109.8276997
3,69.824,1742888109.8276997
4,70.603,1742888109.8276997
5,69.731,1742888109.8276997
6,68.567,1742888109.8276997
7,71.924,1742888109.8276997
0,116.726,1742888109.9278388
1,69.498,1742888109.9278388
2,71.959,1742888109.9278388
3,69.808,1742888109.9278388
4,70.603,1742888109.9278388
5,69.754,1742888109.9278388
6,68.574,1742888109.9278388
7,71.93,1742888109.9278388
0,116.72,1742888110.02797
1,69.512,1742888110.02797
2,71.953,1742888110.02797
3,69.818,1742888110.02797
4,70.603,1742888110.02797
5,69.747,1742888110.02797
6,68.563,1742888110.02797
7,71.923,1742888110.02797
0,116.726,1742888110.128125
1,69.498,1742888110.128125
2,71.946,1742888110.128125
3,69.796,1742888110.128125
4,70.596,1742888110.128125
5,69.78,1742888110.128125
6,68.556,1742888110.128125
7,71.924,1742888110.128125
0,116.716,1742888110.2282574
1,69.499,1742888110.2282574
2,71.946,1742888110.2282574
3,69.788,1742888110.2282574
4,70.574,1742888110.2282574
5,69.762,1742888110.2282574
6,68.543,1742888110.2282574
7,71.917,1742888110.2282574
0,116.726,1742888110.3283901
1,69.511,1742888110.3283901
2,71.939,1742888110.3283901
3,69.8,1742888110.3283901
4,70.547,1742888110.3283901
5,69.716,1742888110.3283901
6,68.555,1742888110.3283901
7,71.936,1742888110.3283901
0,116.709,1742888110.4285257
1,69.507,1742888110.4285257
2,71.94,1742888110.4285257
3,69.802,1742888110.4285257
4,70.553,1742888110.4285257
5,69.728,1742888110.4285257
6,68.568,1742888110.4285257
7,71.908,1742888110.4285257
0,116.72,1742888110.5286632
1,69.498,1742888110.5286632
2,71.947,1742888110.5286632
3,69.794,1742888110.5286632
4,70.556,1742888110.5286632
5,69.715,1742888110.5286632
6,68.593,1742888110.5286632
7,71.902,1742888110.5286632
0,116.707,1742888110.6288018
1,69.497,1742888110.6288018
2,71.953,1742888110.6288018
3,69.795,1742888110.6288018
4,70.55,1742888110.6288018
5,69.748,1742888110.6288018
6,68.582,1742888110.6288018
7,71.903,1742888110.6288018
0,116.711,1742888110.7289362
1,69.474,1742888110.7289362
2,71.946,1742888110.7289362
3,69.78,1742888110.7289362
4,70.565,1742888110.7289362
5,69.747,1742888110.7289362
6,68.588,1742888110.7289362
7,71.903,1742888110.7289362
0,116.724,1742888110.829144
1,69.479,1742888110.829144
2,71.966,1742888110.829144
3,69.789,1742888110.829144
4,70.552,1742888110.829144
5,69.76,1742888110.829144
6,68.582,1742888110.829144
7,71.916,1742888110.829144
0,116.73,1742888110.9292715
1,69.487,1742888110.9292715
2,71.966,1742888110.9292715
3,69.788,1742888110.9292715
4,70.551,1742888110.9292715
5,69.735,1742888110.9292715
6,68.587,1742888110.9292715
7,71.913,1742888110.9292715
0,116.753,1742888111.029405
1,69.472,1742888111.029405
2,71.965,1742888111.029405
3,69.788,1742888111.029405
4,70.545,1742888111.029405
5,69.702,1742888111.029405
6,68.588,1742888111.029405
7,71.92,1742888111.029405
0,116.756,1742888111.1295385
1,69.478,1742888111.1295385
2,71.966,1742888111.1295385
3,69.795,1742888111.1295385
4,70.567,1742888111.1295385
5,69.7,1742888111.1295385
6,68.594,1742888111.1295385
7,71.92,1742888111.1295385
0,116.769,1742888111.2296734
1,69.472,1742888111.2296734
2,71.96,1742888111.2296734
3,69.815,1742888111.2296734
4,70.582,1742888111.2296734
5,69.7,1742888111.2296734
6,68.626,1742888111.2296734
7,71.906,1742888111.2296734
0,116.766,1742888111.3298123
1,69.451,1742888111.3298123
2,71.953,1742888111.3298123
3,69.804,1742888111.3298123
4,70.602,1742888111.3298123
5,69.732,1742888111.3298123
6,68.62,1742888111.3298123
7,71.886,1742888111.3298123
0,116.782,1742888111.4299517
1,69.458,1742888111.4299517
2,71.946,1742888111.4299517
3,69.78,1742888111.4299517
4,70.609,1742888111.4299517
5,69.741,1742888111.4299517
6,68.619,1742888111.4299517
7,71.906,1742888111.4299517
0,116.782,1742888111.530079
1,69.467,1742888111.530079
2,71.952,1742888111.530079
3,69.781,1742888111.530079
4,70.612,1742888111.530079
5,69.762,1742888111.530079
6,68.619,1742888111.530079
7,71.914,1742888111.530079
0,116.784,1742888111.6302147
1,69.478,1742888111.6302147
2,71.939,1742888111.6302147
3,69.766,1742888111.6302147
4,70.626,1742888111.6302147
5,69.754,1742888111.6302147
6,68.6,1742888111.6302147
7,71.921,1742888111.6302147
0,116.789,1742888111.7303467
1,69.492,1742888111.7303467
2,71.932,1742888111.7303467
3,69.789,1742888111.7303467
4,70.627,1742888111.7303467
5,69.755,1742888111.7303467
6,68.607,1742888111.7303467
7,71.92,1742888111.7303467
0,116.785,1742888111.8304799
1,69.477,1742888111.8304799
2,71.933,1742888111.8304799
3,69.793,1742888111.8304799
4,70.615,1742888111.8304799
5,69.734,1742888111.8304799
6,68.6,1742888111.8304799
7,71.921,1742888111.8304799
0,116.756,1742888111.9306638
1,69.458,1742888111.9306638
2,71.933,1742888111.9306638
3,69.808,1742888111.9306638
4,70.621,1742888111.9306638
5,69.732,1742888111.9306638
6,68.594,1742888111.9306638
7,71.913,1742888111.9306638
0,116.75,1742888112.0307982
1,69.464,1742888112.0307982
2,71.939,1742888112.0307982
3,69.812,1742888112.0307982
4,70.619,1742888112.0307982
5,69.775,1742888112.0307982
6,68.607,1742888112.0307982
7,71.915,1742888112.0307982
0,116.743,1742888112.1309311
1,69.458,1742888112.1309311
2,71.945,1742888112.1309311
3,69.806,1742888112.1309311
4,70.623,1742888112.1309311
5,69.775,1742888112.1309311
6,68.62,1742888112.1309311
7,71.921,1742888112.1309311
0,116.743,1742888112.231064
1,69.439,1742888112.231064
2,71.94,1742888112.231064
3,69.799,1742888112.231064
4,70.603,1742888112.231064
5,69.784,1742888112.231064
6,68.632,1742888112.231064
7,71.922,1742888112.231064
0,116.743,1742888112.3314126
1,69.473,1742888112.3314126
2,71.94,1742888112.3314126
3,69.815,1742888112.3314126
4,70.597,1742888112.3314126
5,69.776,1742888112.3314126
6,68.607,1742888112.3314126
7,71.922,1742888112.3314126
0,116.737,1742888112.4315407
1,69.459,1742888112.4315407
2,71.946,1742888112.4315407
3,69.827,1742888112.4315407
4,70.579,1742888112.4315407
5,69.749,1742888112.4315407
6,68.6,1742888112.4315407
7,71.928,1742888112.4315407
0,116.73,1742888112.5316784
1,69.473,1742888112.5316784
2,71.933,1742888112.5316784
3,69.842,1742888112.5316784
4,70.572,1742888112.5316784
5,69.754,1742888112.5316784
6,68.587,1742888112.5316784
7,71.915,1742888112.5316784
0,116.727,1742888112.6318116
1,69.453,1742888112.6318116
2,71.927,1742888112.6318116
3,69.853,1742888112.6318116
4,70.564,1742888112.6318116
5,69.734,1742888112.6318116
6,68.587,1742888112.6318116
7,71.922,1742888112.6318116
0,116.722,1742888112.7319539
1,69.467,1742888112.7319539
2,71.933,1742888112.7319539
3,69.841,1742888112.7319539
4,70.561,1742888112.7319539
5,69.775,1742888112.7319539
6,68.587,1742888112.7319539
7,71.908,1742888112.7319539
0,116.729,1742888112.8320913
1,69.46,1742888112.8320913
2,71.933,1742888112.8320913
3,69.833,1742888112.8320913
4,70.574,1742888112.8320913
5,69.761,1742888112.8320913
6,68.58,1742888112.8320913
7,71.909,1742888112.8320913
0,116.735,1742888112.9322255
1,69.48,1742888112.9322255
2,71.933,1742888112.9322255
3,69.831,1742888112.9322255
4,70.568,1742888112.9322255
5,69.768,1742888112.9322255
6,68.593,1742888112.9322255
7,71.911,1742888112.9322255
0,116.748,1742888113.032359
1,69.479,1742888113.032359
2,71.926,1742888113.032359
3,69.832,1742888113.032359
4,70.577,1742888113.032359
5,69.753,1742888113.032359
6,68.587,1742888113.032359
7,71.926,1742888113.032359
0,116.755,1742888113.1325176
1,69.488,1742888113.1325176
2,71.919,1742888113.1325176
3,69.839,1742888113.1325176
4,70.585,1742888113.1325176
5,69.719,1742888113.1325176
6,68.561,1742888113.1325176
7,71.919,1742888113.1325176
0,116.748,1742888113.232651
1,69.479,1742888113.232651
2,71.926,1742888113.232651
3,69.837,1742888113.232651
4,70.57,1742888113.232651
5,69.711,1742888113.232651
6,68.543,1742888113.232651
7,71.912,1742888113.232651
0,116.761,1742888113.332789
1,69.473,1742888113.332789
2,71.919,1742888113.332789
3,69.829,1742888113.332789
4,70.561,1742888113.332789
5,69.705,1742888113.332789
6,68.536,1742888113.332789
7,71.913,1742888113.332789
0,116.761,1742888113.4329524
1,69.466,1742888113.4329524
2,71.92,1742888113.4329524
3,69.809,1742888113.4329524
4,70.566,1742888113.4329524
5,69.747,1742888113.4329524
6,68.542,1742888113.4329524
7,71.9,1742888113.4329524
0,116.755,1742888113.5330853
1,69.466,1742888113.5330853
2,71.919,1742888113.5330853
3,69.809,1742888113.5330853
4,70.561,1742888113.5330853
5,69.727,1742888113.5330853
6,68.543,1742888113.5330853
7,71.906,1742888113.5330853
0,116.755,1742888113.6332185
1,69.469,1742888113.6332185
2,71.926,1742888113.6332185
3,69.801,1742888113.6332185
4,70.555,1742888113.6332185
5,69.751,1742888113.6332185
6,68.543,1742888113.6332185
7,71.9,1742888113.6332185
0,116.748,1742888113.7333515
1,69.461,1742888113.7333515
2,71.921,1742888113.7333515
3,69.788,1742888113.7333515
4,70.58,1742888113.7333515
5,69.742,1742888113.7333515
6,68.543,1742888113.7333515
7,71.913,1742888113.7333515
0,116.739,1742888113.8334835
1,69.467,1742888113.8334835
2,71.908,1742888113.8334835
3,69.801,1742888113.8334835
4,70.552,1742888113.8334835
5,69.721,1742888113.8334835
6,68.543,1742888113.8334835
7,71.926,1742888113.8334835
0,116.742,1742888113.933617
1,69.469,1742888113.933617
2,71.906,1742888113.933617
3,69.81,1742888113.933617
4,70.552,1742888113.933617
5,69.734,1742888113.933617
6,68.535,1742888113.933617
7,71.932,1742888113.933617
0,116.729,1742888114.0337503
1,69.475,1742888114.0337503
2,71.902,1742888114.0337503
3,69.809,1742888114.0337503
4,70.536,1742888114.0337503
5,69.734,1742888114.0337503
6,68.528,1742888114.0337503
7,71.912,1742888114.0337503
0,116.729,1742888114.1338832
1,69.46,1742888114.1338832
2,71.895,1742888114.1338832
3,69.816,1742888114.1338832
4,70.557,1742888114.1338832
5,69.777,1742888114.1338832
6,68.535,1742888114.1338832
7,71.912,1742888114.1338832
0,116.739,1742888114.2340572
1,69.474,1742888114.2340572
2,71.888,1742888114.2340572
3,69.81,1742888114.2340572
4,70.559,1742888114.2340572
5,69.764,1742888114.2340572
6,68.535,1742888114.2340572
7,71.931,1742888114.2340572
0,116.729,1742888114.3341851
1,69.466,1742888114.3341851
2,71.889,1742888114.3341851
3,69.786,1742888114.3341851
4,70.568,1742888114.3341851
5,69.758,1742888114.3341851
6,68.55,1742888114.3341851
7,71.934,1742888114.3341851
0,116.735,1742888114.4344058
1,69.5,1742888114.4344058
2,71.887,1742888114.4344058
3,69.787,1742888114.4344058
4,70.577,1742888114.4344058
5,69.749,1742888114.4344058
6,68.544,1742888114.4344058
7,71.94,1742888114.4344058
0,116.726,1742888114.5345385
1,69.48,1742888114.5345385
2,71.882,1742888114.5345385
3,69.822,1742888114.5345385
4,70.588,1742888114.5345385
5,69.728,1742888114.5345385
6,68.55,1742888114.5345385
7,71.933,1742888114.5345385
0,116.735,1742888114.6346776
1,69.479,1742888114.6346776
2,71.882,1742888114.6346776
3,69.802,1742888114.6346776
4,70.587,1742888114.6346776
5,69.754,1742888114.6346776
6,68.538,1742888114.6346776
7,71.919,1742888114.6346776
0,116.735,1742888114.7348156
1,69.459,1742888114.7348156
2,71.9,1742888114.7348156
3,69.802,1742888114.7348156
4,70.573,1742888114.7348156
5,69.748,1742888114.7348156
6,68.544,1742888114.7348156
7,71.919,1742888114.7348156
0,116.742,1742888114.834966
1,69.451,1742888114.834966
2,71.921,1742888114.834966
3,69.802,1742888114.834966
4,70.609,1742888114.834966
5,69.778,1742888114.834966
6,68.531,1742888114.834966
7,71.893,1742888114.834966
0,116.726,1742888114.9351022
1,69.445,1742888114.9351022
2,71.914,1742888114.9351022
3,69.786,1742888114.9351022
4,70.597,1742888114.9351022
5,69.75,1742888114.9351022
6,68.541,1742888114.9351022
7,71.886,1742888114.9351022
0,116.739,1742888115.035239
1,69.444,1742888115.035239
2,71.933,1742888115.035239
3,69.794,1742888115.035239
4,70.618,1742888115.035239
5,69.764,1742888115.035239
6,68.535,1742888115.035239
7,71.893,1742888115.035239
0,116.717,1742888115.1353736
1,69.452,1742888115.1353736
2,71.926,1742888115.1353736
3,69.786,1742888115.1353736
4,70.63,1742888115.1353736
5,69.744,1742888115.1353736
6,68.534,1742888115.1353736
7,71.9,1742888115.1353736
0,116.73,1742888115.2355068
1,69.451,1742888115.2355068
2,71.919,1742888115.2355068
3,69.774,1742888115.2355068
4,70.641,1742888115.2355068
5,69.744,1742888115.2355068
6,68.515,1742888115.2355068
7,71.886,1742888115.2355068
0,116.73,1742888115.3356316
1,69.445,1742888115.3356316
2,71.933,1742888115.3356316
3,69.788,1742888115.3356316
4,70.625,1742888115.3356316
5,69.73,1742888115.3356316
6,68.505,1742888115.3356316
7,71.877,1742888115.3356316
0,116.743,1742888115.4357631
1,69.432,1742888115.4357631
2,71.932,1742888115.4357631
3,69.789,1742888115.4357631
4,70.604,1742888115.4357631
5,69.729,1742888115.4357631
6,68.517,1742888115.4357631
7,71.878,1742888115.4357631
0,116.73,1742888115.5359445
1,69.432,1742888115.5359445
2,71.939,1742888115.5359445
3,69.76,1742888115.5359445
4,70.606,1742888115.5359445
5,69.723,1742888115.5359445
6,68.515,1742888115.5359445
7,71.873,1742888115.5359445
0,116.743,1742888115.6360703
1,69.425,1742888115.6360703
2,71.945,1742888115.6360703
3,69.774,1742888115.6360703
4,70.614,1742888115.6360703
5,69.753,1742888115.6360703
6,68.528,1742888115.6360703
7,71.886,1742888115.6360703
