GPU_ID,Power_Usage_W,Timestamp
0,368.95,1742511146.6314685
1,368.429,1742511146.6314685
2,373.823,1742511146.6314685
3,374.759,1742511146.6314685
4,367.094,1742511146.6314685
5,382.249,1742511146.6314685
6,370.767,1742511146.6314685
7,380.162,1742511146.6314685
0,369.904,1742511146.6816492
1,368.27,1742511146.6816492
2,373.823,1742511146.6816492
3,374.759,1742511146.6816492
4,367.094,1742511146.6816492
5,381.181,1742511146.6816492
6,369.061,1742511146.6816492
7,379.385,1742511146.6816492
0,369.904,1742511146.7317848
1,368.27,1742511146.7317848
2,372.26,1742511146.7317848
3,374.289,1742511146.7317848
4,367.645,1742511146.7317848
5,381.181,1742511146.7317848
6,369.061,1742511146.7317848
7,379.385,1742511146.7317848
0,372.246,1742511146.781916
1,365.625,1742511146.781916
2,372.26,1742511146.781916
3,374.289,1742511146.781916
4,367.645,1742511146.781916
5,379.539,1742511146.781916
6,369.781,1742511146.781916
7,378.214,1742511146.781916
0,372.246,1742511146.8320544
1,365.625,1742511146.8320544
2,374.352,1742511146.8320544
3,373.598,1742511146.8320544
4,367.81,1742511146.8320544
5,379.539,1742511146.8320544
6,369.781,1742511146.8320544
7,378.214,1742511146.8320544
0,372.246,1742511146.8821924
1,366.452,1742511146.8821924
2,374.352,1742511146.8821924
3,373.598,1742511146.8821924
4,367.81,1742511146.8821924
5,378.064,1742511146.8821924
6,366.913,1742511146.8821924
7,376.528,1742511146.8821924
0,372.03,1742511146.9323213
1,366.452,1742511146.9323213
2,373.899,1742511146.9323213
3,374.74,1742511146.9323213
4,364.753,1742511146.9323213
5,378.064,1742511146.9323213
6,366.913,1742511146.9323213
7,376.528,1742511146.9323213
0,372.03,1742511146.9825387
1,366.804,1742511146.9825387
2,373.899,1742511146.9825387
3,374.74,1742511146.9825387
4,364.753,1742511146.9825387
5,376.477,1742511146.9825387
6,367.242,1742511146.9825387
7,378.263,1742511146.9825387
0,373.439,1742511147.0326824
1,366.804,1742511147.0326824
2,373.423,1742511147.0326824
3,372.895,1742511147.0326824
4,363.685,1742511147.0326824
5,376.477,1742511147.0326824
6,367.242,1742511147.0326824
7,378.263,1742511147.0326824
0,373.439,1742511147.0828109
1,366.324,1742511147.0828109
2,373.423,1742511147.0828109
3,372.895,1742511147.0828109
4,363.685,1742511147.0828109
5,374.636,1742511147.0828109
6,367.627,1742511147.0828109
7,378.641,1742511147.0828109
0,373.9,1742511147.1329522
1,366.324,1742511147.1329522
2,373.774,1742511147.1329522
3,372.416,1742511147.1329522
4,361.806,1742511147.1329522
5,374.636,1742511147.1329522
6,367.627,1742511147.1329522
7,378.641,1742511147.1329522
0,373.9,1742511147.1830802
1,366.977,1742511147.1830802
2,373.774,1742511147.1830802
3,372.416,1742511147.1830802
4,361.806,1742511147.1830802
5,374.095,1742511147.1830802
6,366.137,1742511147.1830802
7,379.599,1742511147.1830802
0,372.876,1742511147.2332237
1,366.977,1742511147.2332237
2,373.17,1742511147.2332237
3,370.076,1742511147.2332237
4,363.801,1742511147.2332237
5,374.095,1742511147.2332237
6,366.137,1742511147.2332237
7,379.599,1742511147.2332237
0,372.876,1742511147.283367
1,367.551,1742511147.283367
2,373.17,1742511147.283367
3,370.076,1742511147.283367
4,363.801,1742511147.283367
5,374.444,1742511147.283367
6,366.095,1742511147.283367
7,379.402,1742511147.283367
0,373.642,1742511147.3334963
1,367.551,1742511147.3334963
2,371.546,1742511147.3334963
3,371.003,1742511147.3334963
4,363.392,1742511147.3334963
5,374.444,1742511147.3334963
6,366.095,1742511147.3334963
7,379.402,1742511147.3334963
0,373.642,1742511147.3836021
1,366.727,1742511147.3836021
2,371.546,1742511147.3836021
3,371.003,1742511147.3836021
4,363.392,1742511147.3836021
5,376.142,1742511147.3836021
6,365.368,1742511147.3836021
7,379.455,1742511147.3836021
0,375.905,1742511147.4337916
1,366.727,1742511147.4337916
2,371.014,1742511147.4337916
3,369.779,1742511147.4337916
4,362.583,1742511147.4337916
5,376.142,1742511147.4337916
6,365.368,1742511147.4337916
7,379.455,1742511147.4337916
0,375.905,1742511147.4839199
1,366.727,1742511147.4839199
2,371.014,1742511147.4839199
3,369.779,1742511147.4839199
4,362.583,1742511147.4839199
5,375.362,1742511147.4839199
6,364.993,1742511147.4839199
7,379.656,1742511147.4839199
0,374.696,1742511147.5340803
1,366.857,1742511147.5340803
2,369.18,1742511147.5340803
3,370.096,1742511147.5340803
4,362.649,1742511147.5340803
5,375.362,1742511147.5340803
6,364.993,1742511147.5340803
7,379.656,1742511147.5340803
0,374.696,1742511147.5842216
1,366.857,1742511147.5842216
2,369.18,1742511147.5842216
3,370.096,1742511147.5842216
4,362.649,1742511147.5842216
5,375.053,1742511147.5842216
6,364.993,1742511147.5842216
7,380.026,1742511147.5842216
0,374.386,1742511147.6343527
1,367.294,1742511147.6343527
2,367.478,1742511147.6343527
3,369.764,1742511147.6343527
4,361.535,1742511147.6343527
5,375.053,1742511147.6343527
6,365.173,1742511147.6343527
7,380.026,1742511147.6343527
0,374.386,1742511147.6844916
1,367.294,1742511147.6844916
2,367.478,1742511147.6844916
3,369.764,1742511147.6844916
4,361.535,1742511147.6844916
5,374.986,1742511147.6844916
6,365.173,1742511147.6844916
7,380.069,1742511147.6844916
0,373.556,1742511147.7346256
1,367.229,1742511147.7346256
2,368.319,1742511147.7346256
3,370.646,1742511147.7346256
4,360.958,1742511147.7346256
5,374.986,1742511147.7346256
6,365.072,1742511147.7346256
7,380.069,1742511147.7346256
0,373.556,1742511147.7847598
1,367.229,1742511147.7847598
2,368.319,1742511147.7847598
3,370.646,1742511147.7847598
4,360.958,1742511147.7847598
5,375.209,1742511147.7847598
6,365.072,1742511147.7847598
7,380.416,1742511147.7847598
0,372.712,1742511147.8348925
1,366.453,1742511147.8348925
2,367.961,1742511147.8348925
3,370.175,1742511147.8348925
4,359.052,1742511147.8348925
5,375.209,1742511147.8348925
6,366.646,1742511147.8348925
7,380.416,1742511147.8348925
0,372.712,1742511147.8850317
1,366.453,1742511147.8850317
2,367.961,1742511147.8850317
3,370.175,1742511147.8850317
4,359.052,1742511147.8850317
5,374.761,1742511147.8850317
6,366.646,1742511147.8850317
7,379.732,1742511147.8850317
0,368.966,1742511147.9351628
1,367.143,1742511147.9351628
2,369.924,1742511147.9351628
3,369.102,1742511147.9351628
4,358.216,1742511147.9351628
5,374.761,1742511147.9351628
6,365.166,1742511147.9351628
7,379.732,1742511147.9351628
0,368.966,1742511147.9853113
1,367.143,1742511147.9853113
2,369.924,1742511147.9853113
3,369.102,1742511147.9853113
4,358.216,1742511147.9853113
5,376.515,1742511147.9853113
6,365.166,1742511147.9853113
7,379.584,1742511147.9853113
0,367.699,1742511148.035562
1,367.834,1742511148.035562
2,369.924,1742511148.035562
3,369.324,1742511148.035562
4,357.978,1742511148.035562
5,376.515,1742511148.035562
6,364.873,1742511148.035562
7,379.584,1742511148.035562
0,367.699,1742511148.0857303
1,367.834,1742511148.0857303
2,369.688,1742511148.0857303
3,369.324,1742511148.0857303
4,357.978,1742511148.0857303
5,378.05,1742511148.0857303
6,364.873,1742511148.0857303
7,379.378,1742511148.0857303
0,367.224,1742511148.135991
1,364.194,1742511148.135991
2,369.769,1742511148.135991
3,369.274,1742511148.135991
4,359.515,1742511148.135991
5,378.05,1742511148.135991
6,364.454,1742511148.135991
7,379.378,1742511148.135991
0,367.224,1742511148.1861227
1,364.194,1742511148.1861227
2,369.769,1742511148.1861227
3,369.274,1742511148.1861227
4,359.515,1742511148.1861227
5,378.073,1742511148.1861227
6,364.454,1742511148.1861227
7,380.379,1742511148.1861227
0,367.821,1742511148.2362657
1,363.748,1742511148.2362657
2,369.769,1742511148.2362657
3,371.518,1742511148.2362657
4,360.547,1742511148.2362657
5,378.073,1742511148.2362657
6,367.185,1742511148.2362657
7,380.379,1742511148.2362657
0,367.821,1742511148.286404
1,363.748,1742511148.286404
2,370.166,1742511148.286404
3,371.518,1742511148.286404
4,360.547,1742511148.286404
5,376.706,1742511148.286404
6,367.185,1742511148.286404
7,371.361,1742511148.286404
0,355.933,1742511148.3365276
1,350.265,1742511148.3365276
2,370.166,1742511148.3365276
3,354.998,1742511148.3365276
4,343.029,1742511148.3365276
5,376.706,1742511148.3365276
6,357.893,1742511148.3365276
7,371.361,1742511148.3365276
0,355.933,1742511148.3866642
1,350.265,1742511148.3866642
2,347.719,1742511148.3866642
3,354.998,1742511148.3866642
4,343.029,1742511148.3866642
5,346.918,1742511148.3866642
6,357.893,1742511148.3866642
7,347.394,1742511148.3866642
0,331.727,1742511148.436796
1,325.864,1742511148.436796
2,347.719,1742511148.436796
3,329.844,1742511148.436796
4,319.606,1742511148.436796
5,346.918,1742511148.436796
6,332.563,1742511148.436796
7,347.394,1742511148.436796
0,331.727,1742511148.4869332
1,325.864,1742511148.4869332
2,323.883,1742511148.4869332
3,329.844,1742511148.4869332
4,319.606,1742511148.4869332
5,321.342,1742511148.4869332
6,332.563,1742511148.4869332
7,347.394,1742511148.4869332
0,308.076,1742511148.5370612
1,301.506,1742511148.5370612
2,323.883,1742511148.5370612
3,307.187,1742511148.5370612
4,298.856,1742511148.5370612
5,321.342,1742511148.5370612
6,306.933,1742511148.5370612
7,320.97,1742511148.5370612
0,308.076,1742511148.587187
1,301.506,1742511148.587187
2,298.927,1742511148.587187
3,307.187,1742511148.587187
4,298.856,1742511148.587187
5,296.39,1742511148.587187
6,306.933,1742511148.587187
7,296.457,1742511148.587187
0,284.417,1742511148.6373253
1,277.15,1742511148.6373253
2,298.927,1742511148.6373253
3,278.319,1742511148.6373253
4,275.773,1742511148.6373253
5,296.39,1742511148.6373253
6,284.081,1742511148.6373253
7,296.457,1742511148.6373253
0,284.417,1742511148.6874604
1,277.15,1742511148.6874604
2,275.102,1742511148.6874604
3,278.319,1742511148.6874604
4,275.773,1742511148.6874604
5,270.823,1742511148.6874604
6,284.081,1742511148.6874604
7,271.92,1742511148.6874604
0,259.405,1742511148.7375968
1,253.475,1742511148.7375968
2,275.102,1742511148.7375968
3,257.305,1742511148.7375968
4,243.805,1742511148.7375968
5,270.823,1742511148.7375968
6,256.852,1742511148.7375968
7,271.92,1742511148.7375968
0,259.405,1742511148.7877314
1,253.475,1742511148.7877314
2,250.687,1742511148.7877314
3,257.305,1742511148.7877314
4,243.805,1742511148.7877314
5,246.16,1742511148.7877314
6,256.852,1742511148.7877314
7,247.014,1742511148.7877314
0,237.744,1742511148.8378706
1,234.329,1742511148.8378706
2,250.687,1742511148.8378706
3,224.578,1742511148.8378706
4,220.432,1742511148.8378706
5,246.16,1742511148.8378706
6,232.872,1742511148.8378706
7,247.014,1742511148.8378706
0,237.744,1742511148.8880463
1,234.329,1742511148.8880463
2,224.942,1742511148.8880463
3,224.578,1742511148.8880463
4,220.432,1742511148.8880463
5,221.166,1742511148.8880463
6,232.872,1742511148.8880463
7,223.513,1742511148.8880463
0,212.913,1742511148.938182
1,204.82,1742511148.938182
2,224.942,1742511148.938182
3,199.518,1742511148.938182
4,196.331,1742511148.938182
5,221.166,1742511148.938182
6,208.42,1742511148.938182
7,223.513,1742511148.938182
0,212.913,1742511148.9883063
1,204.82,1742511148.9883063
2,200.055,1742511148.9883063
3,199.518,1742511148.9883063
4,196.331,1742511148.9883063
5,195.449,1742511148.9883063
6,208.42,1742511148.9883063
7,198.227,1742511148.9883063
0,188.809,1742511149.0384324
1,179.956,1742511149.0384324
2,200.055,1742511149.0384324
3,173.72,1742511149.0384324
4,171.393,1742511149.0384324
5,195.449,1742511149.0384324
6,188.024,1742511149.0384324
7,198.227,1742511149.0384324
0,188.809,1742511149.0885568
1,179.956,1742511149.0885568
2,179.628,1742511149.0885568
3,173.72,1742511149.0885568
4,171.393,1742511149.0885568
5,168.346,1742511149.0885568
6,188.024,1742511149.0885568
7,169.612,1742511149.0885568
0,164.571,1742511149.1386824
1,160.2,1742511149.1386824
2,179.628,1742511149.1386824
3,148.112,1742511149.1386824
4,152.926,1742511149.1386824
5,168.346,1742511149.1386824
6,164.05,1742511149.1386824
7,169.612,1742511149.1386824
0,164.571,1742511149.1888227
1,160.2,1742511149.1888227
2,151.802,1742511149.1888227
3,148.112,1742511149.1888227
4,152.926,1742511149.1888227
5,142.68,1742511149.1888227
6,164.05,1742511149.1888227
7,169.612,1742511149.1888227
0,140.427,1742511149.238963
1,136.052,1742511149.238963
2,151.802,1742511149.238963
3,122.594,1742511149.238963
4,122.706,1742511149.238963
5,142.68,1742511149.238963
6,138.374,1742511149.238963
7,138.899,1742511149.238963
0,140.427,1742511149.2892613
1,136.052,1742511149.2892613
2,125.833,1742511149.2892613
3,122.594,1742511149.2892613
4,122.706,1742511149.2892613
5,122.624,1742511149.2892613
6,138.374,1742511149.2892613
7,138.899,1742511149.2892613
0,122.65,1742511149.3393874
1,119.373,1742511149.3393874
2,125.833,1742511149.3393874
3,119.752,1742511149.3393874
4,119.473,1742511149.3393874
5,122.624,1742511149.3393874
6,119.113,1742511149.3393874
7,126.993,1742511149.3393874
0,122.65,1742511149.389513
1,119.373,1742511149.389513
2,125.178,1742511149.389513
3,119.752,1742511149.389513
4,119.473,1742511149.389513
5,121.754,1742511149.389513
6,119.113,1742511149.389513
7,126.993,1742511149.389513
0,122.445,1742511149.4396315
1,119.216,1742511149.4396315
2,125.178,1742511149.4396315
3,119.639,1742511149.4396315
4,119.331,1742511149.4396315
5,121.754,1742511149.4396315
6,118.949,1742511149.4396315
7,126.842,1742511149.4396315
0,122.445,1742511149.4897573
1,119.216,1742511149.4897573
2,124.844,1742511149.4897573
3,119.639,1742511149.4897573
4,119.331,1742511149.4897573
5,121.613,1742511149.4897573
6,118.949,1742511149.4897573
7,126.842,1742511149.4897573
0,122.337,1742511149.539878
1,119.104,1742511149.539878
2,124.844,1742511149.539878
3,119.537,1742511149.539878
4,119.234,1742511149.539878
5,121.613,1742511149.539878
6,118.831,1742511149.539878
7,126.719,1742511149.539878
0,122.337,1742511149.5900035
1,119.104,1742511149.5900035
2,124.482,1742511149.5900035
3,119.537,1742511149.5900035
4,119.234,1742511149.5900035
5,121.51,1742511149.5900035
6,118.831,1742511149.5900035
7,126.719,1742511149.5900035
0,122.28,1742511149.6401603
1,119.069,1742511149.6401603
2,124.482,1742511149.6401603
3,119.475,1742511149.6401603
4,119.157,1742511149.6401603
5,121.51,1742511149.6401603
6,118.771,1742511149.6401603
7,126.596,1742511149.6401603
0,122.28,1742511149.6902616
1,119.069,1742511149.6902616
2,124.189,1742511149.6902616
3,119.475,1742511149.6902616
4,119.157,1742511149.6902616
5,121.439,1742511149.6902616
6,118.771,1742511149.6902616
7,126.596,1742511149.6902616
0,122.217,1742511149.7403657
1,118.885,1742511149.7403657
2,124.189,1742511149.7403657
3,119.399,1742511149.7403657
4,119.089,1742511149.7403657
5,121.439,1742511149.7403657
6,118.73,1742511149.7403657
7,126.541,1742511149.7403657
0,122.217,1742511149.7904665
1,118.885,1742511149.7904665
2,123.828,1742511149.7904665
3,119.399,1742511149.7904665
4,119.089,1742511149.7904665
5,121.377,1742511149.7904665
6,118.73,1742511149.7904665
7,126.541,1742511149.7904665
0,122.175,1742511149.840571
1,118.898,1742511149.840571
2,123.828,1742511149.840571
3,119.344,1742511149.840571
4,119.03,1742511149.840571
5,121.377,1742511149.840571
6,118.71,1742511149.840571
7,126.533,1742511149.840571
0,122.175,1742511149.8906727
1,118.898,1742511149.8906727
2,123.534,1742511149.8906727
3,119.344,1742511149.8906727
4,119.03,1742511149.8906727
5,121.279,1742511149.8906727
6,118.71,1742511149.8906727
7,126.533,1742511149.8906727
0,122.124,1742511149.9407766
1,118.673,1742511149.9407766
2,123.534,1742511149.9407766
3,119.29,1742511149.9407766
4,118.99,1742511149.9407766
5,121.279,1742511149.9407766
6,118.65,1742511149.9407766
7,126.561,1742511149.9407766
0,122.124,1742511149.990895
1,118.673,1742511149.990895
2,123.239,1742511149.990895
3,119.29,1742511149.990895
4,118.99,1742511149.990895
5,121.244,1742511149.990895
6,118.65,1742511149.990895
7,126.561,1742511149.990895
0,122.073,1742511150.0410144
1,118.713,1742511150.0410144
2,123.239,1742511150.0410144
3,119.256,1742511150.0410144
4,118.947,1742511150.0410144
5,121.244,1742511150.0410144
6,118.605,1742511150.0410144
7,126.595,1742511150.0410144
0,122.073,1742511150.0911324
1,118.713,1742511150.0911324
2,123.002,1742511150.0911324
3,119.256,1742511150.0911324
4,118.947,1742511150.0911324
5,121.162,1742511150.0911324
6,118.605,1742511150.0911324
7,126.595,1742511150.0911324
0,122.051,1742511150.1412687
1,118.494,1742511150.1412687
2,123.002,1742511150.1412687
3,119.235,1742511150.1412687
4,118.893,1742511150.1412687
5,121.162,1742511150.1412687
6,118.56,1742511150.1412687
7,126.623,1742511150.1412687
0,122.051,1742511150.1914122
1,118.494,1742511150.1914122
2,122.727,1742511150.1914122
3,119.235,1742511150.1914122
4,118.893,1742511150.1914122
5,121.122,1742511150.1914122
6,118.56,1742511150.1914122
7,126.623,1742511150.1914122
0,121.997,1742511150.2416368
1,118.48,1742511150.2416368
2,122.727,1742511150.2416368
3,119.193,1742511150.2416368
4,118.857,1742511150.2416368
5,121.122,1742511150.2416368
6,118.521,1742511150.2416368
7,126.66,1742511150.2416368
0,121.997,1742511150.2917662
1,118.48,1742511150.2917662
2,124.553,1742511150.2917662
3,119.193,1742511150.2917662
4,118.857,1742511150.2917662
5,129.998,1742511150.2917662
6,118.521,1742511150.2917662
7,126.66,1742511150.2917662
0,132.679,1742511150.341913
1,130.145,1742511150.341913
2,124.553,1742511150.341913
3,141.258,1742511150.341913
4,139.346,1742511150.341913
5,129.998,1742511150.341913
6,132.59,1742511150.341913
7,138.598,1742511150.341913
0,132.679,1742511150.392051
1,130.145,1742511150.392051
2,149.487,1742511150.392051
3,141.258,1742511150.392051
4,139.346,1742511150.392051
5,155.004,1742511150.392051
6,132.59,1742511150.392051
7,138.598,1742511150.392051
0,163.917,1742511150.4421823
1,153.024,1742511150.4421823
2,149.487,1742511150.4421823
3,164.653,1742511150.4421823
4,161.577,1742511150.4421823
5,155.004,1742511150.4421823
6,156.358,1742511150.4421823
7,162.311,1742511150.4421823
0,163.917,1742511150.4923277
1,153.024,1742511150.4923277
2,173.853,1742511150.4923277
3,164.653,1742511150.4923277
4,161.577,1742511150.4923277
5,179.801,1742511150.4923277
6,156.358,1742511150.4923277
7,162.311,1742511150.4923277
0,188.866,1742511150.542434
1,184.744,1742511150.542434
2,173.853,1742511150.542434
3,189.792,1742511150.542434
4,184.091,1742511150.542434
5,179.801,1742511150.542434
6,179.959,1742511150.542434
7,194.692,1742511150.542434
0,188.866,1742511150.592558
1,184.744,1742511150.592558
2,198.503,1742511150.592558
3,189.792,1742511150.592558
4,184.091,1742511150.592558
5,205.148,1742511150.592558
6,179.959,1742511150.592558
7,194.692,1742511150.592558
0,213.964,1742511150.6427157
1,207.513,1742511150.6427157
2,198.503,1742511150.6427157
3,214.213,1742511150.6427157
4,208.743,1742511150.6427157
5,205.148,1742511150.6427157
6,204.367,1742511150.6427157
7,221.572,1742511150.6427157
0,213.964,1742511150.69285
1,207.513,1742511150.69285
2,220.813,1742511150.69285
3,214.213,1742511150.69285
4,208.743,1742511150.69285
5,228.131,1742511150.69285
6,204.367,1742511150.69285
7,221.572,1742511150.69285
0,238.79,1742511150.7429807
1,234.89,1742511150.7429807
2,220.813,1742511150.7429807
3,238.205,1742511150.7429807
4,231.755,1742511150.7429807
5,228.131,1742511150.7429807
6,230.53,1742511150.7429807
7,247.263,1742511150.7429807
0,238.79,1742511150.7931125
1,234.89,1742511150.7931125
2,247.416,1742511150.7931125
3,238.205,1742511150.7931125
4,231.755,1742511150.7931125
5,253.341,1742511150.7931125
6,230.53,1742511150.7931125
7,247.263,1742511150.7931125
0,263.463,1742511150.8432279
1,260.402,1742511150.8432279
2,247.416,1742511150.8432279
3,261.873,1742511150.8432279
4,263.118,1742511150.8432279
5,253.341,1742511150.8432279
6,252.091,1742511150.8432279
7,273.15,1742511150.8432279
0,263.463,1742511150.8933594
1,260.402,1742511150.8933594
2,272.356,1742511150.8933594
3,261.873,1742511150.8933594
4,263.118,1742511150.8933594
5,282.78,1742511150.8933594
6,252.091,1742511150.8933594
7,273.15,1742511150.8933594
0,288.986,1742511150.943486
1,285.847,1742511150.943486
2,272.356,1742511150.943486
3,287.568,1742511150.943486
4,288.959,1742511150.943486
5,282.78,1742511150.943486
6,276.302,1742511150.943486
7,299.244,1742511150.943486
0,288.986,1742511150.9936225
1,285.847,1742511150.9936225
2,297.433,1742511150.9936225
3,287.568,1742511150.9936225
4,288.959,1742511150.9936225
5,305.946,1742511150.9936225
6,276.302,1742511150.9936225
7,299.244,1742511150.9936225
0,314.525,1742511151.0437982
1,311.013,1742511151.0437982
2,297.433,1742511151.0437982
3,312.971,1742511151.0437982
4,314.605,1742511151.0437982
5,305.946,1742511151.0437982
6,299.909,1742511151.0437982
7,324.813,1742511151.0437982
0,314.525,1742511151.0939345
1,311.013,1742511151.0939345
2,317.742,1742511151.0939345
3,312.971,1742511151.0939345
4,314.605,1742511151.0939345
5,305.946,1742511151.0939345
6,299.909,1742511151.0939345
7,324.813,1742511151.0939345
0,339.227,1742511151.1440675
1,335.752,1742511151.1440675
2,317.742,1742511151.1440675
3,345.111,1742511151.1440675
4,335.441,1742511151.1440675
5,331.618,1742511151.1440675
6,327.687,1742511151.1440675
7,350.182,1742511151.1440675
0,339.227,1742511151.1942017
1,335.752,1742511151.1942017
2,345.662,1742511151.1942017
3,345.111,1742511151.1942017
4,335.441,1742511151.1942017
5,331.618,1742511151.1942017
6,327.687,1742511151.1942017
7,350.182,1742511151.1942017
0,363.94,1742511151.2443368
1,359.836,1742511151.2443368
2,345.662,1742511151.2443368
3,368.998,1742511151.2443368
4,363.039,1742511151.2443368
5,356.813,1742511151.2443368
6,359.027,1742511151.2443368
7,375.378,1742511151.2443368
0,363.94,1742511151.294466
1,359.836,1742511151.294466
2,368.25,1742511151.294466
3,368.998,1742511151.294466
4,363.039,1742511151.294466
5,377.131,1742511151.294466
6,359.027,1742511151.294466
7,375.378,1742511151.294466
0,373.056,1742511151.344599
1,365.984,1742511151.344599
2,368.25,1742511151.344599
3,368.998,1742511151.344599
4,364.319,1742511151.344599
5,377.131,1742511151.344599
6,362.85,1742511151.344599
7,381.604,1742511151.344599
0,373.056,1742511151.3947036
1,365.984,1742511151.3947036
2,368.301,1742511151.3947036
3,369.486,1742511151.3947036
4,364.319,1742511151.3947036
5,377.131,1742511151.3947036
6,362.85,1742511151.3947036
7,381.604,1742511151.3947036
0,372.31,1742511151.4448116
1,368.091,1742511151.4448116
2,368.301,1742511151.4448116
3,369.486,1742511151.4448116
4,365.227,1742511151.4448116
5,377.878,1742511151.4448116
6,364.213,1742511151.4448116
7,383.068,1742511151.4448116
0,372.31,1742511151.494919
1,368.091,1742511151.494919
2,370.078,1742511151.494919
3,370.373,1742511151.494919
4,365.227,1742511151.494919
5,377.878,1742511151.494919
6,364.213,1742511151.494919
7,383.068,1742511151.494919
0,370.252,1742511151.5450137
1,365.062,1742511151.5450137
2,370.078,1742511151.5450137
3,370.373,1742511151.5450137
4,365.227,1742511151.5450137
5,376.8,1742511151.5450137
6,363.045,1742511151.5450137
7,380.971,1742511151.5450137
0,370.252,1742511151.595105
1,365.062,1742511151.595105
2,368.797,1742511151.595105
3,368.097,1742511151.595105
4,363.182,1742511151.595105
5,376.8,1742511151.595105
6,363.045,1742511151.595105
7,380.971,1742511151.595105
0,366.764,1742511151.64518
1,364.714,1742511151.64518
2,368.797,1742511151.64518
3,368.097,1742511151.64518
4,363.182,1742511151.64518
5,376.224,1742511151.64518
6,360.816,1742511151.64518
7,379.235,1742511151.64518
0,366.764,1742511151.6952748
1,364.714,1742511151.6952748
2,368.36,1742511151.6952748
3,366.899,1742511151.6952748
4,363.216,1742511151.6952748
5,376.224,1742511151.6952748
6,360.816,1742511151.6952748
7,379.235,1742511151.6952748
0,365.08,1742511151.7453668
1,362.358,1742511151.7453668
2,368.36,1742511151.7453668
3,366.899,1742511151.7453668
4,363.216,1742511151.7453668
5,376.948,1742511151.7453668
6,360.746,1742511151.7453668
7,378.31,1742511151.7453668
0,365.08,1742511151.7954419
1,362.358,1742511151.7954419
2,367.905,1742511151.7954419
3,367.104,1742511151.7954419
4,364.053,1742511151.7954419
5,376.948,1742511151.7954419
6,360.746,1742511151.7954419
7,378.31,1742511151.7954419
0,364.169,1742511151.8455684
1,359.48,1742511151.8455684
2,367.905,1742511151.8455684
3,367.104,1742511151.8455684
4,364.053,1742511151.8455684
5,373.724,1742511151.8455684
6,361.235,1742511151.8455684
7,375.471,1742511151.8455684
0,364.169,1742511151.8956964
1,359.48,1742511151.8956964
2,366.366,1742511151.8956964
3,366.736,1742511151.8956964
4,364.463,1742511151.8956964
5,373.724,1742511151.8956964
6,361.235,1742511151.8956964
7,375.471,1742511151.8956964
0,364.169,1742511151.9459128
1,357.802,1742511151.9459128
2,366.366,1742511151.9459128
3,366.736,1742511151.9459128
4,364.463,1742511151.9459128
5,372.61,1742511151.9459128
6,360.447,1742511151.9459128
7,372.097,1742511151.9459128
0,363.744,1742511151.996056
1,357.802,1742511151.996056
2,365.934,1742511151.996056
3,365.3,1742511151.996056
4,359.375,1742511151.996056
5,372.61,1742511151.996056
6,360.447,1742511151.996056
7,372.097,1742511151.996056
0,362.953,1742511152.0461628
1,358.07,1742511152.0461628
2,365.934,1742511152.0461628
3,365.3,1742511152.0461628
4,359.375,1742511152.0461628
5,371.386,1742511152.0461628
6,360.637,1742511152.0461628
7,374.316,1742511152.0461628
0,362.953,1742511152.0963025
1,358.07,1742511152.0963025
2,365.908,1742511152.0963025
3,365.868,1742511152.0963025
4,358.912,1742511152.0963025
5,371.386,1742511152.0963025
6,360.637,1742511152.0963025
7,374.316,1742511152.0963025
0,365.134,1742511152.1464338
1,359.125,1742511152.1464338
2,365.908,1742511152.1464338
3,365.868,1742511152.1464338
4,358.912,1742511152.1464338
5,371.36,1742511152.1464338
6,360.005,1742511152.1464338
7,372.989,1742511152.1464338
0,365.134,1742511152.1965685
1,359.125,1742511152.1965685
2,365.607,1742511152.1965685
3,363.901,1742511152.1965685
4,356.431,1742511152.1965685
5,371.36,1742511152.1965685
6,360.005,1742511152.1965685
7,372.989,1742511152.1965685
0,363.329,1742511152.2467132
1,360.492,1742511152.2467132
2,365.607,1742511152.2467132
3,363.901,1742511152.2467132
4,356.431,1742511152.2467132
5,371.299,1742511152.2467132
6,360.005,1742511152.2467132
7,374.27,1742511152.2467132
0,363.329,1742511152.2968612
1,360.492,1742511152.2968612
2,366.707,1742511152.2968612
3,366.254,1742511152.2968612
4,359.304,1742511152.2968612
5,371.299,1742511152.2968612
6,362.3,1742511152.2968612
7,374.27,1742511152.2968612
0,364.15,1742511152.3470287
1,363.317,1742511152.3470287
2,366.707,1742511152.3470287
3,366.254,1742511152.3470287
4,359.304,1742511152.3470287
5,373.567,1742511152.3470287
6,362.3,1742511152.3470287
7,375.697,1742511152.3470287
0,364.15,1742511152.397163
1,363.317,1742511152.397163
2,365.214,1742511152.397163
3,367.038,1742511152.397163
4,360.369,1742511152.397163
5,373.567,1742511152.397163
6,362.802,1742511152.397163
7,375.697,1742511152.397163
0,364.802,1742511152.4472973
1,363.877,1742511152.4472973
2,365.214,1742511152.4472973
3,367.038,1742511152.4472973
4,360.369,1742511152.4472973
5,374.956,1742511152.4472973
6,362.802,1742511152.4472973
7,376.103,1742511152.4472973
0,364.802,1742511152.497436
1,363.877,1742511152.497436
2,363.758,1742511152.497436
3,365.681,1742511152.497436
4,359.858,1742511152.497436
5,374.956,1742511152.497436
6,359.536,1742511152.497436
7,376.103,1742511152.497436
0,367.787,1742511152.5475783
1,366.171,1742511152.5475783
2,363.758,1742511152.5475783
3,365.681,1742511152.5475783
4,359.858,1742511152.5475783
5,378.878,1742511152.5475783
6,359.536,1742511152.5475783
7,376.103,1742511152.5475783
0,367.787,1742511152.5977294
1,366.171,1742511152.5977294
2,365.249,1742511152.5977294
3,368.84,1742511152.5977294
4,362.037,1742511152.5977294
5,378.878,1742511152.5977294
6,362.421,1742511152.5977294
7,380.187,1742511152.5977294
0,369.379,1742511152.6478586
1,366.398,1742511152.6478586
2,365.249,1742511152.6478586
3,368.84,1742511152.6478586
4,362.037,1742511152.6478586
5,381.211,1742511152.6478586
6,362.421,1742511152.6478586
7,380.187,1742511152.6478586
0,369.379,1742511152.6980336
1,366.398,1742511152.6980336
2,368.031,1742511152.6980336
3,369.376,1742511152.6980336
4,362.224,1742511152.6980336
5,381.211,1742511152.6980336
6,364.956,1742511152.6980336
7,381.89,1742511152.6980336
0,369.72,1742511152.7481766
1,368.005,1742511152.7481766
2,368.031,1742511152.7481766
3,369.376,1742511152.7481766
4,362.224,1742511152.7481766
5,381.979,1742511152.7481766
6,364.956,1742511152.7481766
7,381.89,1742511152.7481766
0,369.72,1742511152.7983205
1,368.005,1742511152.7983205
2,367.839,1742511152.7983205
3,369.209,1742511152.7983205
4,363.469,1742511152.7983205
5,381.979,1742511152.7983205
6,365.296,1742511152.7983205
7,383.379,1742511152.7983205
0,370.64,1742511152.8484497
1,370.347,1742511152.8484497
2,367.839,1742511152.8484497
3,369.209,1742511152.8484497
4,363.469,1742511152.8484497
5,383.096,1742511152.8484497
6,365.296,1742511152.8484497
7,383.379,1742511152.8484497
0,370.64,1742511152.8986156
1,370.347,1742511152.8986156
2,367.714,1742511152.8986156
3,370.143,1742511152.8986156
4,366.435,1742511152.8986156
5,383.096,1742511152.8986156
6,365.77,1742511152.8986156
7,386.169,1742511152.8986156
0,370.64,1742511152.9487553
1,370.347,1742511152.9487553
2,367.714,1742511152.9487553
3,370.143,1742511152.9487553
4,366.435,1742511152.9487553
5,385.223,1742511152.9487553
6,365.77,1742511152.9487553
7,386.169,1742511152.9487553
0,371.399,1742511152.9988863
1,371.629,1742511152.9988863
2,368.576,1742511152.9988863
3,371.844,1742511152.9988863
4,369.131,1742511152.9988863
5,385.223,1742511152.9988863
6,367.715,1742511152.9988863
7,385.302,1742511152.9988863
0,371.399,1742511153.049016
1,371.629,1742511153.049016
2,368.576,1742511153.049016
3,371.844,1742511153.049016
4,369.131,1742511153.049016
5,387.323,1742511153.049016
6,367.715,1742511153.049016
7,385.302,1742511153.049016
0,371.643,1742511153.099154
1,371.877,1742511153.099154
2,368.994,1742511153.099154
3,373.041,1742511153.099154
4,372.788,1742511153.099154
5,387.323,1742511153.099154
6,369.075,1742511153.099154
7,386.662,1742511153.099154
0,371.643,1742511153.1492844
1,371.877,1742511153.1492844
2,368.994,1742511153.1492844
3,373.041,1742511153.1492844
4,372.788,1742511153.1492844
5,386.008,1742511153.1492844
6,369.075,1742511153.1492844
7,386.662,1742511153.1492844
0,370.785,1742511153.1994169
1,370.982,1742511153.1994169
2,369.963,1742511153.1994169
3,373.714,1742511153.1994169
4,372.844,1742511153.1994169
5,386.008,1742511153.1994169
6,368.498,1742511153.1994169
7,384.507,1742511153.1994169
0,370.785,1742511153.2495582
1,370.982,1742511153.2495582
2,369.963,1742511153.2495582
3,373.714,1742511153.2495582
4,372.844,1742511153.2495582
5,376.248,1742511153.2495582
6,368.498,1742511153.2495582
7,384.507,1742511153.2495582
0,359.882,1742511153.299684
1,363.564,1742511153.299684
2,347.373,1742511153.299684
3,358.242,1742511153.299684
4,355.898,1742511153.299684
5,376.248,1742511153.299684
6,359.091,1742511153.299684
7,370.839,1742511153.299684
0,359.882,1742511153.34981
1,363.564,1742511153.34981
2,347.373,1742511153.34981
3,358.242,1742511153.34981
4,355.898,1742511153.34981
5,350.149,1742511153.34981
6,359.091,1742511153.34981
7,370.839,1742511153.34981
0,334.558,1742511153.4000514
1,338.534,1742511153.4000514
2,322.257,1742511153.4000514
3,334.681,1742511153.4000514
4,332.93,1742511153.4000514
5,350.149,1742511153.4000514
6,329.224,1742511153.4000514
7,346.444,1742511153.4000514
0,334.558,1742511153.45019
1,338.534,1742511153.45019
2,322.257,1742511153.45019
3,334.681,1742511153.45019
4,332.93,1742511153.45019
5,323.334,1742511153.45019
6,329.224,1742511153.45019
7,346.444,1742511153.45019
0,309.55,1742511153.5003257
1,307.587,1742511153.5003257
2,298.114,1742511153.5003257
3,307.08,1742511153.5003257
4,308.796,1742511153.5003257
5,323.334,1742511153.5003257
6,305.295,1742511153.5003257
7,321.075,1742511153.5003257
0,309.55,1742511153.550452
1,307.587,1742511153.550452
2,298.114,1742511153.550452
3,307.08,1742511153.550452
4,308.796,1742511153.550452
5,296.107,1742511153.550452
6,305.295,1742511153.550452
7,321.075,1742511153.550452
0,284.603,1742511153.6005783
1,284.987,1742511153.6005783
2,298.114,1742511153.6005783
3,285.168,1742511153.6005783
4,284.47,1742511153.6005783
5,296.107,1742511153.6005783
6,277.364,1742511153.6005783
7,295.963,1742511153.6005783
0,284.603,1742511153.6507034
1,284.987,1742511153.6507034
2,270.333,1742511153.6507034
3,285.168,1742511153.6507034
4,284.47,1742511153.6507034
5,271.055,1742511153.6507034
6,277.364,1742511153.6507034
7,295.963,1742511153.6507034
0,259.553,1742511153.7008395
1,260.066,1742511153.7008395
2,270.333,1742511153.7008395
3,260.187,1742511153.7008395
4,259.855,1742511153.7008395
5,271.055,1742511153.7008395
6,252.356,1742511153.7008395
7,270.208,1742511153.7008395
0,259.553,1742511153.7509801
1,260.066,1742511153.7509801
2,245.959,1742511153.7509801
3,260.187,1742511153.7509801
4,259.855,1742511153.7509801
5,244.827,1742511153.7509801
6,252.356,1742511153.7509801
7,270.208,1742511153.7509801
0,235.212,1742511153.8011167
1,235.119,1742511153.8011167
2,245.959,1742511153.8011167
3,236.214,1742511153.8011167
4,235.166,1742511153.8011167
5,244.827,1742511153.8011167
6,232.645,1742511153.8011167
7,244.866,1742511153.8011167
0,235.212,1742511153.8512444
1,235.119,1742511153.8512444
2,220.893,1742511153.8512444
3,236.214,1742511153.8512444
4,235.166,1742511153.8512444
5,219.592,1742511153.8512444
6,232.645,1742511153.8512444
7,244.866,1742511153.8512444
0,210.423,1742511153.9013844
1,206.497,1742511153.9013844
2,220.893,1742511153.9013844
3,200.29,1742511153.9013844
4,209.377,1742511153.9013844
5,219.592,1742511153.9013844
6,203.675,1742511153.9013844
7,219.561,1742511153.9013844
0,210.423,1742511153.951525
1,206.497,1742511153.951525
2,196.442,1742511153.951525
3,200.29,1742511153.951525
4,209.377,1742511153.951525
5,193.299,1742511153.951525
6,203.675,1742511153.951525
7,219.561,1742511153.951525
0,188.993,1742511154.0016692
1,181.451,1742511154.0016692
2,196.442,1742511154.0016692
3,174.379,1742511154.0016692
4,184.243,1742511154.0016692
5,193.299,1742511154.0016692
6,178.296,1742511154.0016692
7,183.212,1742511154.0016692
0,188.993,1742511154.051795
1,181.451,1742511154.051795
2,172.364,1742511154.051795
3,174.379,1742511154.051795
4,184.243,1742511154.051795
5,167.463,1742511154.051795
6,178.296,1742511154.051795
7,183.212,1742511154.051795
0,164.626,1742511154.1019194
1,156.435,1742511154.1019194
2,172.364,1742511154.1019194
3,148.313,1742511154.1019194
4,146.383,1742511154.1019194
5,167.463,1742511154.1019194
6,152.887,1742511154.1019194
7,157.32,1742511154.1019194
0,164.626,1742511154.1520553
1,156.435,1742511154.1520553
2,150.415,1742511154.1520553
3,148.313,1742511154.1520553
4,146.383,1742511154.1520553
5,141.844,1742511154.1520553
6,152.887,1742511154.1520553
7,157.32,1742511154.1520553
0,140.676,1742511154.202179
1,131.624,1742511154.202179
2,150.415,1742511154.202179
3,122.792,1742511154.202179
4,122.754,1742511154.202179
5,141.844,1742511154.202179
6,128.789,1742511154.202179
7,132.653,1742511154.202179
0,140.676,1742511154.2523458
1,131.624,1742511154.2523458
2,123.855,1742511154.2523458
3,122.792,1742511154.2523458
4,122.754,1742511154.2523458
5,121.75,1742511154.2523458
6,128.789,1742511154.2523458
7,132.653,1742511154.2523458
0,122.422,1742511154.30247
1,119.214,1742511154.30247
2,123.855,1742511154.30247
3,119.609,1742511154.30247
4,119.248,1742511154.30247
5,121.75,1742511154.30247
6,118.796,1742511154.30247
7,126.784,1742511154.30247
0,122.422,1742511154.3525965
1,119.214,1742511154.3525965
2,123.281,1742511154.3525965
3,119.609,1742511154.3525965
4,119.248,1742511154.3525965
5,121.579,1742511154.3525965
6,118.796,1742511154.3525965
7,126.784,1742511154.3525965
0,122.341,1742511154.40272
1,119.169,1742511154.40272
2,123.281,1742511154.40272
3,119.567,1742511154.40272
4,119.081,1742511154.40272
5,121.579,1742511154.40272
6,118.739,1742511154.40272
7,126.657,1742511154.40272
0,122.341,1742511154.452846
1,119.169,1742511154.452846
2,123.09,1742511154.452846
3,119.567,1742511154.452846
4,119.081,1742511154.452846
5,121.462,1742511154.452846
6,118.739,1742511154.452846
7,126.657,1742511154.452846
0,122.206,1742511154.5029736
1,118.875,1742511154.5029736
2,123.09,1742511154.5029736
3,119.525,1742511154.5029736
4,118.958,1742511154.5029736
5,121.462,1742511154.5029736
6,118.635,1742511154.5029736
7,126.537,1742511154.5029736
0,122.206,1742511154.5531127
1,118.875,1742511154.5531127
2,122.957,1742511154.5531127
3,119.525,1742511154.5531127
4,118.958,1742511154.5531127
5,121.348,1742511154.5531127
6,118.635,1742511154.5531127
7,126.537,1742511154.5531127
0,122.154,1742511154.6032481
1,118.882,1742511154.6032481
2,122.957,1742511154.6032481
3,119.519,1742511154.6032481
4,118.876,1742511154.6032481
5,121.348,1742511154.6032481
6,118.58,1742511154.6032481
7,126.462,1742511154.6032481
0,122.154,1742511154.653387
1,118.882,1742511154.653387
2,122.802,1742511154.653387
3,119.519,1742511154.653387
4,118.876,1742511154.653387
5,121.281,1742511154.653387
6,118.58,1742511154.653387
7,126.462,1742511154.653387
0,122.097,1742511154.7035222
1,118.608,1742511154.7035222
2,122.802,1742511154.7035222
3,119.546,1742511154.7035222
4,118.823,1742511154.7035222
5,121.281,1742511154.7035222
6,118.535,1742511154.7035222
7,126.407,1742511154.7035222
0,122.097,1742511154.7536511
1,118.608,1742511154.7536511
2,122.682,1742511154.7536511
3,119.546,1742511154.7536511
4,118.823,1742511154.7536511
5,121.191,1742511154.7536511
6,118.535,1742511154.7536511
7,126.407,1742511154.7536511
0,122.061,1742511154.803788
1,118.615,1742511154.803788
2,122.682,1742511154.803788
3,119.562,1742511154.803788
4,118.748,1742511154.803788
5,121.191,1742511154.803788
6,118.489,1742511154.803788
7,126.365,1742511154.803788
0,122.061,1742511154.8539257
1,118.615,1742511154.8539257
2,122.573,1742511154.8539257
3,119.562,1742511154.8539257
4,118.748,1742511154.8539257
5,121.108,1742511154.8539257
6,118.489,1742511154.8539257
7,126.365,1742511154.8539257
0,122.042,1742511154.9040608
1,118.448,1742511154.9040608
2,122.573,1742511154.9040608
3,119.569,1742511154.9040608
4,118.701,1742511154.9040608
5,121.108,1742511154.9040608
6,118.463,1742511154.9040608
7,126.324,1742511154.9040608
0,122.042,1742511154.9541993
1,118.448,1742511154.9541993
2,122.497,1742511154.9541993
3,119.569,1742511154.9541993
4,118.701,1742511154.9541993
5,121.094,1742511154.9541993
6,118.463,1742511154.9541993
7,126.324,1742511154.9541993
0,121.985,1742511155.0043235
1,118.379,1742511155.0043235
2,122.497,1742511155.0043235
3,119.581,1742511155.0043235
4,118.667,1742511155.0043235
5,121.094,1742511155.0043235
6,118.41,1742511155.0043235
7,126.298,1742511155.0043235
0,121.985,1742511155.0544488
1,118.379,1742511155.0544488
2,122.399,1742511155.0544488
3,119.581,1742511155.0544488
4,118.667,1742511155.0544488
5,121.135,1742511155.0544488
6,118.41,1742511155.0544488
7,126.298,1742511155.0544488
0,121.965,1742511155.1045735
1,118.288,1742511155.1045735
2,122.399,1742511155.1045735
3,119.614,1742511155.1045735
4,118.642,1742511155.1045735
5,121.135,1742511155.1045735
6,118.367,1742511155.1045735
7,126.231,1742511155.1045735
0,121.965,1742511155.1546986
1,118.288,1742511155.1546986
2,122.333,1742511155.1546986
3,119.614,1742511155.1546986
4,118.642,1742511155.1546986
5,121.168,1742511155.1546986
6,118.367,1742511155.1546986
7,126.231,1742511155.1546986
0,121.917,1742511155.2048337
1,118.144,1742511155.2048337
2,122.333,1742511155.2048337
3,119.642,1742511155.2048337
4,118.616,1742511155.2048337
5,121.168,1742511155.2048337
6,118.338,1742511155.2048337
7,126.159,1742511155.2048337
0,121.917,1742511155.2549586
1,118.144,1742511155.2549586
2,122.258,1742511155.2549586
3,119.642,1742511155.2549586
4,118.616,1742511155.2549586
5,121.204,1742511155.2549586
6,118.338,1742511155.2549586
7,126.159,1742511155.2549586
0,121.887,1742511155.305094
1,118.142,1742511155.305094
2,122.258,1742511155.305094
3,119.655,1742511155.305094
4,118.59,1742511155.305094
5,121.204,1742511155.305094
6,118.322,1742511155.305094
7,126.125,1742511155.305094
0,121.887,1742511155.3552182
1,118.142,1742511155.3552182
2,122.219,1742511155.3552182
3,119.655,1742511155.3552182
4,118.59,1742511155.3552182
5,121.244,1742511155.3552182
6,118.322,1742511155.3552182
7,126.125,1742511155.3552182
0,121.852,1742511155.405342
1,117.98,1742511155.405342
2,122.219,1742511155.405342
3,119.643,1742511155.405342
4,118.556,1742511155.405342
5,121.244,1742511155.405342
6,118.29,1742511155.405342
7,126.091,1742511155.405342
0,121.852,1742511155.4554794
1,117.98,1742511155.4554794
2,122.194,1742511155.4554794
3,119.643,1742511155.4554794
4,118.556,1742511155.4554794
5,123.359,1742511155.4554794
6,118.29,1742511155.4554794
7,126.091,1742511155.4554794
0,128.795,1742511155.5056174
1,122.837,1742511155.5056174
2,122.194,1742511155.5056174
3,129.798,1742511155.5056174
4,127.322,1742511155.5056174
5,123.359,1742511155.5056174
6,123.81,1742511155.5056174
7,134.235,1742511155.5056174
0,128.795,1742511155.555767
1,122.837,1742511155.555767
2,145.445,1742511155.555767
3,129.798,1742511155.555767
4,127.322,1742511155.555767
5,147.955,1742511155.555767
6,123.81,1742511155.555767
7,134.235,1742511155.555767
0,153.945,1742511155.6058989
1,146.907,1742511155.6058989
2,145.445,1742511155.6058989
3,154.618,1742511155.6058989
4,150.891,1742511155.6058989
5,147.955,1742511155.6058989
6,149.211,1742511155.6058989
7,158.997,1742511155.6058989
0,153.945,1742511155.6560352
1,146.907,1742511155.6560352
2,170.9,1742511155.6560352
3,154.618,1742511155.6560352
4,150.891,1742511155.6560352
5,172.954,1742511155.6560352
6,149.211,1742511155.6560352
7,158.997,1742511155.6560352
0,178.546,1742511155.7061794
1,171.364,1742511155.7061794
2,170.9,1742511155.7061794
3,178.604,1742511155.7061794
4,175.112,1742511155.7061794
5,172.954,1742511155.7061794
6,174.064,1742511155.7061794
7,184.465,1742511155.7061794
0,178.546,1742511155.7563155
1,171.364,1742511155.7563155
2,196.722,1742511155.7563155
3,178.604,1742511155.7563155
4,175.112,1742511155.7563155
5,202.496,1742511155.7563155
6,174.064,1742511155.7563155
7,184.465,1742511155.7563155
0,203.616,1742511155.8064492
1,200.485,1742511155.8064492
2,196.722,1742511155.8064492
3,178.604,1742511155.8064492
4,200.079,1742511155.8064492
5,202.496,1742511155.8064492
6,198.773,1742511155.8064492
7,208.997,1742511155.8064492
0,203.616,1742511155.856585
1,200.485,1742511155.856585
2,221.951,1742511155.856585
3,209.567,1742511155.856585
4,200.079,1742511155.856585
5,228.482,1742511155.856585
6,198.773,1742511155.856585
7,208.997,1742511155.856585
0,229.268,1742511155.9066904
1,224.377,1742511155.9066904
2,221.951,1742511155.9066904
3,209.567,1742511155.9066904
4,224.391,1742511155.9066904
5,228.482,1742511155.9066904
6,227.707,1742511155.9066904
7,238.631,1742511155.9066904
0,229.268,1742511155.9567983
1,224.377,1742511155.9567983
2,247.384,1742511155.9567983
3,234.542,1742511155.9567983
4,224.391,1742511155.9567983
5,228.482,1742511155.9567983
6,227.707,1742511155.9567983
7,238.631,1742511155.9567983
0,255.21,1742511156.0069053
1,248.909,1742511156.0069053
2,247.384,1742511156.0069053
3,234.542,1742511156.0069053
4,245.504,1742511156.0069053
5,253.817,1742511156.0069053
6,252.355,1742511156.0069053
7,263.632,1742511156.0069053
0,255.21,1742511156.05703
1,248.909,1742511156.05703
2,268.58,1742511156.05703
3,256.827,1742511156.05703
4,245.504,1742511156.05703
5,253.817,1742511156.05703
6,252.355,1742511156.05703
7,263.632,1742511156.05703
0,279.819,1742511156.1071382
1,273.193,1742511156.1071382
2,268.58,1742511156.1071382
3,256.827,1742511156.1071382
4,272.055,1742511156.1071382
5,278.187,1742511156.1071382
6,276.62,1742511156.1071382
7,288.77,1742511156.1071382
0,279.819,1742511156.1572678
1,273.193,1742511156.1572678
2,295.007,1742511156.1572678
3,279.18,1742511156.1572678
4,272.055,1742511156.1572678
5,278.187,1742511156.1572678
6,276.62,1742511156.1572678
7,288.77,1742511156.1572678
0,304.218,1742511156.2073739
1,298.51,1742511156.2073739
2,295.007,1742511156.2073739
3,279.18,1742511156.2073739
4,293.013,1742511156.2073739
5,303.041,1742511156.2073739
6,300.479,1742511156.2073739
7,314.701,1742511156.2073739
0,304.218,1742511156.2575014
1,298.51,1742511156.2575014
2,318.896,1742511156.2575014
3,305.883,1742511156.2575014
4,293.013,1742511156.2575014
5,303.041,1742511156.2575014
6,300.479,1742511156.2575014
7,314.701,1742511156.2575014
0,328.04,1742511156.3076093
1,323.225,1742511156.3076093
2,318.896,1742511156.3076093
3,305.883,1742511156.3076093
4,322.092,1742511156.3076093
5,328.93,1742511156.3076093
6,321.168,1742511156.3076093
7,340.038,1742511156.3076093
0,328.04,1742511156.357741
1,323.225,1742511156.357741
2,341.884,1742511156.357741
3,331.183,1742511156.357741
4,322.092,1742511156.357741
5,328.93,1742511156.357741
6,321.168,1742511156.357741
7,340.038,1742511156.357741
0,352.198,1742511156.4078534
1,347.516,1742511156.4078534
2,341.884,1742511156.4078534
3,331.183,1742511156.4078534
4,346.502,1742511156.4078534
5,354.2,1742511156.4078534
6,351.124,1742511156.4078534
7,365.557,1742511156.4078534
0,352.198,1742511156.4580534
1,347.516,1742511156.4580534
2,366.903,1742511156.4580534
3,351.5,1742511156.4580534
4,346.502,1742511156.4580534
5,354.2,1742511156.4580534
6,351.124,1742511156.4580534
7,365.557,1742511156.4580534
0,374.806,1742511156.5082304
1,362.854,1742511156.5082304
2,366.903,1742511156.5082304
3,351.5,1742511156.5082304
4,361.341,1742511156.5082304
5,373.448,1742511156.5082304
6,366.12,1742511156.5082304
7,377.071,1742511156.5082304
0,374.806,1742511156.5583637
1,362.854,1742511156.5583637
2,371.869,1742511156.5583637
3,366.707,1742511156.5583637
4,361.341,1742511156.5583637
5,373.448,1742511156.5583637
6,366.12,1742511156.5583637
7,377.071,1742511156.5583637
0,375.994,1742511156.6084917
1,362.634,1742511156.6084917
2,371.869,1742511156.6084917
3,366.707,1742511156.6084917
4,360.995,1742511156.6084917
5,373.61,1742511156.6084917
6,365.771,1742511156.6084917
7,377.18,1742511156.6084917
0,375.994,1742511156.658616
1,362.634,1742511156.658616
2,371.217,1742511156.658616
3,366.676,1742511156.658616
4,360.995,1742511156.658616
5,373.61,1742511156.658616
6,365.771,1742511156.658616
7,377.18,1742511156.658616
0,376.644,1742511156.708747
1,362.868,1742511156.708747
2,371.217,1742511156.708747
3,366.676,1742511156.708747
4,360.381,1742511156.708747
5,372.961,1742511156.708747
6,365.756,1742511156.708747
7,377.966,1742511156.708747
0,376.644,1742511156.7588892
1,362.868,1742511156.7588892
2,369.198,1742511156.7588892
3,366.724,1742511156.7588892
4,360.381,1742511156.7588892
5,372.961,1742511156.7588892
6,365.756,1742511156.7588892
7,377.966,1742511156.7588892
0,377.879,1742511156.8090227
1,363.413,1742511156.8090227
2,369.198,1742511156.8090227
3,366.724,1742511156.8090227
4,358.83,1742511156.8090227
5,372.08,1742511156.8090227
6,365.674,1742511156.8090227
7,380.14,1742511156.8090227
0,377.879,1742511156.8591292
1,363.413,1742511156.8591292
2,367.719,1742511156.8591292
3,366.233,1742511156.8591292
4,358.83,1742511156.8591292
5,372.08,1742511156.8591292
6,365.674,1742511156.8591292
7,380.14,1742511156.8591292
0,374.935,1742511156.90928
1,365.972,1742511156.90928
2,367.719,1742511156.90928
3,366.233,1742511156.90928
4,358.83,1742511156.90928
5,371.676,1742511156.90928
6,365.672,1742511156.90928
7,380.85,1742511156.90928
0,374.935,1742511156.959389
1,365.972,1742511156.959389
2,366.754,1742511156.959389
3,365.792,1742511156.959389
4,358.141,1742511156.959389
5,371.676,1742511156.959389
6,365.672,1742511156.959389
7,380.85,1742511156.959389
0,373.636,1742511157.009511
1,367.0,1742511157.009511
2,366.754,1742511157.009511
3,365.792,1742511157.009511
4,358.141,1742511157.009511
5,373.579,1742511157.009511
6,364.765,1742511157.009511
7,380.931,1742511157.009511
0,373.636,1742511157.0596373
1,367.0,1742511157.0596373
2,367.13,1742511157.0596373
3,365.748,1742511157.0596373
4,359.106,1742511157.0596373
5,373.579,1742511157.0596373
6,364.765,1742511157.0596373
7,380.931,1742511157.0596373
0,373.364,1742511157.1097796
1,368.244,1742511157.1097796
2,367.13,1742511157.1097796
3,365.748,1742511157.1097796
4,359.147,1742511157.1097796
5,375.58,1742511157.1097796
6,364.898,1742511157.1097796
7,380.713,1742511157.1097796
0,373.364,1742511157.1599264
1,368.244,1742511157.1599264
2,366.188,1742511157.1599264
3,368.205,1742511157.1599264
4,359.147,1742511157.1599264
5,375.58,1742511157.1599264
6,364.898,1742511157.1599264
7,380.713,1742511157.1599264
0,372.139,1742511157.2100723
1,366.534,1742511157.2100723
2,366.188,1742511157.2100723
3,368.205,1742511157.2100723
4,360.08,1742511157.2100723
5,376.265,1742511157.2100723
6,366.097,1742511157.2100723
7,379.762,1742511157.2100723
0,372.139,1742511157.2602177
1,366.534,1742511157.2602177
2,365.56,1742511157.2602177
3,370.346,1742511157.2602177
4,360.08,1742511157.2602177
5,376.265,1742511157.2602177
6,366.097,1742511157.2602177
7,379.762,1742511157.2602177
0,373.052,1742511157.3103597
1,367.66,1742511157.3103597
2,365.56,1742511157.3103597
3,370.346,1742511157.3103597
4,358.826,1742511157.3103597
5,374.845,1742511157.3103597
6,367.011,1742511157.3103597
7,379.449,1742511157.3103597
0,373.052,1742511157.3605525
1,367.66,1742511157.3605525
2,365.192,1742511157.3605525
3,371.614,1742511157.3605525
4,358.826,1742511157.3605525
5,374.845,1742511157.3605525
6,367.011,1742511157.3605525
7,379.449,1742511157.3605525
0,373.538,1742511157.4107063
1,367.726,1742511157.4107063
2,365.192,1742511157.4107063
3,371.614,1742511157.4107063
4,359.429,1742511157.4107063
5,376.259,1742511157.4107063
6,367.682,1742511157.4107063
7,379.187,1742511157.4107063
0,373.538,1742511157.460842
1,367.726,1742511157.460842
2,364.661,1742511157.460842
3,372.669,1742511157.460842
4,359.429,1742511157.460842
5,376.259,1742511157.460842
6,367.682,1742511157.460842
7,379.187,1742511157.460842
0,372.458,1742511157.5109758
1,368.399,1742511157.5109758
2,364.661,1742511157.5109758
3,372.669,1742511157.5109758
4,360.707,1742511157.5109758
5,376.795,1742511157.5109758
6,367.957,1742511157.5109758
7,379.07,1742511157.5109758
0,372.458,1742511157.5611167
1,368.399,1742511157.5611167
2,364.661,1742511157.5611167
3,372.513,1742511157.5611167
4,360.707,1742511157.5611167
5,376.795,1742511157.5611167
6,367.957,1742511157.5611167
7,379.07,1742511157.5611167
0,371.053,1742511157.6112556
1,368.529,1742511157.6112556
2,365.215,1742511157.6112556
3,372.513,1742511157.6112556
4,359.792,1742511157.6112556
5,377.431,1742511157.6112556
6,369.061,1742511157.6112556
7,378.394,1742511157.6112556
0,371.053,1742511157.6613998
1,368.529,1742511157.6613998
2,368.286,1742511157.6613998
3,373.18,1742511157.6613998
4,359.792,1742511157.6613998
5,377.431,1742511157.6613998
6,369.061,1742511157.6613998
7,378.394,1742511157.6613998
0,368.95,1742511157.7115371
1,367.791,1742511157.7115371
2,368.286,1742511157.7115371
3,373.18,1742511157.7115371
4,360.487,1742511157.7115371
5,378.768,1742511157.7115371
6,368.617,1742511157.7115371
7,377.602,1742511157.7115371
0,368.95,1742511157.7616827
1,367.791,1742511157.7616827
2,368.286,1742511157.7616827
3,372.738,1742511157.7616827
4,360.487,1742511157.7616827
5,378.768,1742511157.7616827
6,368.617,1742511157.7616827
7,377.602,1742511157.7616827
0,368.511,1742511157.811828
1,365.574,1742511157.811828
2,369.953,1742511157.811828
3,372.738,1742511157.811828
4,360.708,1742511157.811828
5,379.005,1742511157.811828
6,369.85,1742511157.811828
7,376.148,1742511157.811828
0,368.511,1742511157.8619726
1,365.574,1742511157.8619726
2,369.953,1742511157.8619726
3,373.666,1742511157.8619726
4,360.708,1742511157.8619726
5,379.005,1742511157.8619726
6,369.85,1742511157.8619726
7,376.148,1742511157.8619726
0,369.835,1742511157.9121184
1,364.489,1742511157.9121184
2,370.691,1742511157.9121184
3,373.666,1742511157.9121184
4,361.437,1742511157.9121184
5,378.095,1742511157.9121184
6,369.323,1742511157.9121184
7,376.332,1742511157.9121184
0,369.835,1742511157.9622617
1,364.489,1742511157.9622617
2,370.691,1742511157.9622617
3,373.625,1742511157.9622617
4,361.437,1742511157.9622617
5,378.095,1742511157.9622617
6,369.323,1742511157.9622617
7,376.332,1742511157.9622617
0,370.733,1742511158.0123916
1,364.171,1742511158.0123916
2,370.234,1742511158.0123916
3,373.625,1742511158.0123916
4,359.877,1742511158.0123916
5,377.297,1742511158.0123916
6,369.851,1742511158.0123916
7,378.117,1742511158.0123916
0,370.733,1742511158.0625339
1,364.171,1742511158.0625339
2,370.234,1742511158.0625339
3,373.817,1742511158.0625339
4,359.877,1742511158.0625339
5,377.297,1742511158.0625339
6,369.851,1742511158.0625339
7,378.117,1742511158.0625339
0,370.836,1742511158.1127412
1,364.743,1742511158.1127412
2,369.003,1742511158.1127412
3,373.817,1742511158.1127412
4,361.21,1742511158.1127412
5,376.394,1742511158.1127412
6,370.25,1742511158.1127412
7,379.549,1742511158.1127412
0,370.836,1742511158.1628919
1,364.743,1742511158.1628919
2,369.003,1742511158.1628919
3,373.944,1742511158.1628919
4,361.21,1742511158.1628919
5,376.394,1742511158.1628919
6,370.25,1742511158.1628919
7,379.549,1742511158.1628919
0,370.181,1742511158.213055
1,363.277,1742511158.213055
2,369.564,1742511158.213055
3,373.944,1742511158.213055
4,358.125,1742511158.213055
5,376.07,1742511158.213055
6,367.067,1742511158.213055
7,377.724,1742511158.213055
0,370.181,1742511158.263238
1,363.277,1742511158.263238
2,369.564,1742511158.263238
3,365.72,1742511158.263238
4,358.125,1742511158.263238
5,376.07,1742511158.263238
6,367.067,1742511158.263238
7,377.724,1742511158.263238
0,347.236,1742511158.313375
1,339.395,1742511158.313375
2,351.963,1742511158.313375
3,365.72,1742511158.313375
4,333.445,1742511158.313375
5,352.238,1742511158.313375
6,341.459,1742511158.313375
7,354.774,1742511158.313375
0,347.236,1742511158.3635142
1,339.395,1742511158.3635142
2,351.963,1742511158.3635142
3,339.946,1742511158.3635142
4,333.445,1742511158.3635142
5,352.238,1742511158.3635142
6,341.459,1742511158.3635142
7,354.774,1742511158.3635142
0,323.208,1742511158.4136374
1,314.567,1742511158.4136374
2,328.106,1742511158.4136374
3,339.946,1742511158.4136374
4,309.127,1742511158.4136374
5,327.284,1742511158.4136374
6,315.497,1742511158.4136374
7,329.711,1742511158.4136374
0,323.208,1742511158.463774
1,314.567,1742511158.463774
2,328.106,1742511158.463774
3,313.169,1742511158.463774
4,309.127,1742511158.463774
5,327.284,1742511158.463774
6,315.497,1742511158.463774
7,329.711,1742511158.463774
0,298.279,1742511158.5139446
1,314.567,1742511158.5139446
2,304.291,1742511158.5139446
3,313.169,1742511158.5139446
4,284.802,1742511158.5139446
5,302.319,1742511158.5139446
6,290.521,1742511158.5139446
7,304.821,1742511158.5139446
0,298.279,1742511158.5640693
1,286.537,1742511158.5640693
2,304.291,1742511158.5640693
3,288.454,1742511158.5640693
4,284.802,1742511158.5640693
5,302.319,1742511158.5640693
6,290.521,1742511158.5640693
7,304.821,1742511158.5640693
0,274.006,1742511158.6141946
1,286.537,1742511158.6141946
2,279.354,1742511158.6141946
3,288.454,1742511158.6141946
4,260.684,1742511158.6141946
5,278.027,1742511158.6141946
6,265.313,1742511158.6141946
7,280.403,1742511158.6141946
0,274.006,1742511158.6643171
1,263.098,1742511158.6643171
2,279.354,1742511158.6643171
3,262.646,1742511158.6643171
4,260.684,1742511158.6643171
5,278.027,1742511158.6643171
6,265.313,1742511158.6643171
7,280.403,1742511158.6643171
0,249.956,1742511158.7144535
1,263.098,1742511158.7144535
2,254.04,1742511158.7144535
3,262.646,1742511158.7144535
4,237.582,1742511158.7144535
5,252.647,1742511158.7144535
6,239.647,1742511158.7144535
7,255.26,1742511158.7144535
0,249.956,1742511158.7645893
1,239.476,1742511158.7645893
2,254.04,1742511158.7645893
3,237.791,1742511158.7645893
4,237.582,1742511158.7645893
5,252.647,1742511158.7645893
6,239.647,1742511158.7645893
7,255.26,1742511158.7645893
0,224.847,1742511158.8147154
1,239.476,1742511158.8147154
2,229.481,1742511158.8147154
3,237.791,1742511158.8147154
4,214.285,1742511158.8147154
5,227.695,1742511158.8147154
6,215.004,1742511158.8147154
7,255.26,1742511158.8147154
0,224.847,1742511158.864851
1,214.468,1742511158.864851
2,229.481,1742511158.864851
3,212.492,1742511158.864851
4,214.285,1742511158.864851
5,227.695,1742511158.864851
6,215.004,1742511158.864851
7,225.73,1742511158.864851
0,197.552,1742511158.9149764
1,214.468,1742511158.9149764
2,205.214,1742511158.9149764
3,212.492,1742511158.9149764
4,191.002,1742511158.9149764
5,200.145,1742511158.9149764
6,192.79,1742511158.9149764
7,225.73,1742511158.9149764
0,197.552,1742511158.9651003
1,190.098,1742511158.9651003
2,205.214,1742511158.9651003
3,190.857,1742511158.9651003
4,191.002,1742511158.9651003
5,200.145,1742511158.9651003
6,192.79,1742511158.9651003
7,200.073,1742511158.9651003
0,175.329,1742511159.0152376
1,190.098,1742511159.0152376
2,181.536,1742511159.0152376
3,190.857,1742511159.0152376
4,191.002,1742511159.0152376
5,175.098,1742511159.0152376
6,168.666,1742511159.0152376
7,200.073,1742511159.0152376
0,175.329,1742511159.0653787
1,164.772,1742511159.0653787
2,181.536,1742511159.0653787
3,163.051,1742511159.0653787
4,161.897,1742511159.0653787
5,175.098,1742511159.0653787
6,168.666,1742511159.0653787
7,173.816,1742511159.0653787
0,150.597,1742511159.1155179
1,164.772,1742511159.1155179
2,158.309,1742511159.1155179
3,163.051,1742511159.1155179
4,161.897,1742511159.1155179
5,155.514,1742511159.1155179
6,144.143,1742511159.1155179
7,173.816,1742511159.1155179
0,150.597,1742511159.1656835
1,139.061,1742511159.1656835
2,158.309,1742511159.1656835
3,138.292,1742511159.1656835
4,137.662,1742511159.1656835
5,155.514,1742511159.1656835
6,144.143,1742511159.1656835
7,147.627,1742511159.1656835
0,123.239,1742511159.2158082
1,139.061,1742511159.2158082
2,134.688,1742511159.2158082
3,138.292,1742511159.2158082
4,137.662,1742511159.2158082
5,130.944,1742511159.2158082
6,120.058,1742511159.2158082
7,147.627,1742511159.2158082
0,123.239,1742511159.265934
1,119.121,1742511159.265934
2,134.688,1742511159.265934
3,119.848,1742511159.265934
4,119.335,1742511159.265934
5,130.944,1742511159.265934
6,120.058,1742511159.265934
7,127.09,1742511159.265934
0,122.337,1742511159.3160691
1,119.121,1742511159.3160691
2,123.036,1742511159.3160691
3,119.848,1742511159.3160691
4,119.335,1742511159.3160691
5,121.546,1742511159.3160691
6,118.65,1742511159.3160691
7,127.09,1742511159.3160691
0,122.337,1742511159.3661933
1,118.964,1742511159.3661933
2,123.036,1742511159.3661933
3,119.471,1742511159.3661933
4,119.119,1742511159.3661933
5,121.546,1742511159.3661933
6,118.65,1742511159.3661933
7,126.961,1742511159.3661933
0,122.214,1742511159.4163387
1,118.964,1742511159.4163387
2,122.866,1742511159.4163387
3,119.471,1742511159.4163387
4,119.119,1742511159.4163387
5,121.409,1742511159.4163387
6,118.582,1742511159.4163387
7,126.961,1742511159.4163387
0,122.214,1742511159.466474
1,118.65,1742511159.466474
2,122.866,1742511159.466474
3,119.456,1742511159.466474
4,118.983,1742511159.466474
5,121.409,1742511159.466474
6,118.582,1742511159.466474
7,126.92,1742511159.466474
0,122.111,1742511159.516611
1,118.65,1742511159.516611
2,122.695,1742511159.516611
3,119.456,1742511159.516611
4,118.983,1742511159.516611
5,121.313,1742511159.516611
6,118.51,1742511159.516611
7,126.92,1742511159.516611
0,122.111,1742511159.566735
1,118.615,1742511159.566735
2,122.695,1742511159.566735
3,119.443,1742511159.566735
4,118.889,1742511159.566735
5,121.313,1742511159.566735
6,118.51,1742511159.566735
7,126.893,1742511159.566735
0,122.062,1742511159.6168752
1,118.615,1742511159.6168752
2,122.588,1742511159.6168752
3,119.443,1742511159.6168752
4,118.889,1742511159.6168752
5,121.224,1742511159.6168752
6,118.443,1742511159.6168752
7,126.893,1742511159.6168752
0,122.062,1742511159.6670113
1,118.425,1742511159.6670113
2,122.588,1742511159.6670113
3,119.443,1742511159.6670113
4,118.822,1742511159.6670113
5,121.224,1742511159.6670113
6,118.443,1742511159.6670113
7,126.906,1742511159.6670113
0,121.992,1742511159.7171469
1,118.425,1742511159.7171469
2,122.475,1742511159.7171469
3,119.443,1742511159.7171469
4,118.822,1742511159.7171469
5,121.136,1742511159.7171469
6,118.383,1742511159.7171469
7,126.906,1742511159.7171469
0,121.992,1742511159.7672844
1,118.333,1742511159.7672844
2,122.475,1742511159.7672844
3,119.471,1742511159.7672844
4,118.755,1742511159.7672844
5,121.136,1742511159.7672844
6,118.383,1742511159.7672844
7,126.94,1742511159.7672844
0,121.931,1742511159.8174207
1,118.333,1742511159.8174207
2,122.366,1742511159.8174207
3,119.471,1742511159.8174207
4,118.755,1742511159.8174207
5,121.13,1742511159.8174207
6,118.334,1742511159.8174207
7,126.94,1742511159.8174207
0,121.931,1742511159.8675463
1,118.261,1742511159.8675463
2,122.366,1742511159.8675463
3,119.494,1742511159.8675463
4,118.708,1742511159.8675463
5,121.13,1742511159.8675463
6,118.334,1742511159.8675463
7,126.926,1742511159.8675463
0,121.876,1742511159.9176822
1,118.261,1742511159.9176822
2,122.325,1742511159.9176822
3,119.494,1742511159.9176822
4,118.708,1742511159.9176822
5,121.126,1742511159.9176822
6,118.271,1742511159.9176822
7,126.926,1742511159.9176822
0,121.876,1742511159.9678245
1,118.098,1742511159.9678245
2,122.325,1742511159.9678245
3,119.52,1742511159.9678245
4,118.667,1742511159.9678245
5,121.126,1742511159.9678245
6,118.271,1742511159.9678245
7,126.864,1742511159.9678245
0,121.823,1742511160.0179625
1,118.098,1742511160.0179625
2,122.278,1742511160.0179625
3,119.52,1742511160.0179625
4,118.667,1742511160.0179625
5,121.162,1742511160.0179625
6,118.251,1742511160.0179625
7,126.864,1742511160.0179625
0,121.823,1742511160.068088
1,118.124,1742511160.068088
2,122.278,1742511160.068088
3,119.538,1742511160.068088
4,118.626,1742511160.068088
5,121.162,1742511160.068088
6,118.251,1742511160.068088
7,126.81,1742511160.068088
0,121.785,1742511160.1182127
1,118.124,1742511160.1182127
2,122.243,1742511160.1182127
3,119.538,1742511160.1182127
4,118.626,1742511160.1182127
5,121.161,1742511160.1182127
6,118.243,1742511160.1182127
7,126.81,1742511160.1182127
0,121.785,1742511160.1683376
1,117.931,1742511160.1683376
2,122.243,1742511160.1683376
3,119.564,1742511160.1683376
4,118.593,1742511160.1683376
5,121.161,1742511160.1683376
6,118.243,1742511160.1683376
7,126.769,1742511160.1683376
0,121.74,1742511160.2184632
1,117.931,1742511160.2184632
2,122.179,1742511160.2184632
3,119.564,1742511160.2184632
4,118.593,1742511160.2184632
5,121.217,1742511160.2184632
6,118.224,1742511160.2184632
7,126.769,1742511160.2184632
0,121.74,1742511160.2685888
1,118.031,1742511160.2685888
2,122.179,1742511160.2685888
3,119.572,1742511160.2685888
4,118.538,1742511160.2685888
5,121.217,1742511160.2685888
6,118.224,1742511160.2685888
7,126.735,1742511160.2685888
0,121.728,1742511160.3187344
1,118.031,1742511160.3187344
2,122.153,1742511160.3187344
3,119.572,1742511160.3187344
4,118.538,1742511160.3187344
5,121.233,1742511160.3187344
6,118.224,1742511160.3187344
7,126.735,1742511160.3187344
0,121.728,1742511160.3688588
1,117.905,1742511160.3688588
2,122.153,1742511160.3688588
3,119.556,1742511160.3688588
4,118.51,1742511160.3688588
5,121.233,1742511160.3688588
6,118.224,1742511160.3688588
7,126.7,1742511160.3688588
0,121.71,1742511160.4190354
1,117.905,1742511160.4190354
2,122.133,1742511160.4190354
3,119.556,1742511160.4190354
4,118.51,1742511160.4190354
5,121.288,1742511160.4190354
6,118.155,1742511160.4190354
7,126.7,1742511160.4190354
0,121.71,1742511160.4691608
1,117.986,1742511160.4691608
2,122.133,1742511160.4691608
3,119.527,1742511160.4691608
4,118.504,1742511160.4691608
5,121.288,1742511160.4691608
6,118.155,1742511160.4691608
7,126.652,1742511160.4691608
0,121.682,1742511160.5193021
1,117.986,1742511160.5193021
2,122.12,1742511160.5193021
3,119.527,1742511160.5193021
4,118.504,1742511160.5193021
5,121.303,1742511160.5193021
6,118.115,1742511160.5193021
7,126.652,1742511160.5193021
0,121.682,1742511160.5694437
1,117.91,1742511160.5694437
2,122.12,1742511160.5694437
3,119.5,1742511160.5694437
4,118.482,1742511160.5694437
5,121.303,1742511160.5694437
6,118.115,1742511160.5694437
7,127.076,1742511160.5694437
0,137.864,1742511160.6195543
1,117.91,1742511160.6195543
2,132.258,1742511160.6195543
3,119.5,1742511160.6195543
4,118.482,1742511160.6195543
5,130.796,1742511160.6195543
6,132.402,1742511160.6195543
7,127.076,1742511160.6195543
0,137.864,1742511160.6696625
1,136.74,1742511160.6696625
2,132.258,1742511160.6696625
3,141.631,1742511160.6696625
4,138.997,1742511160.6696625
5,130.796,1742511160.6696625
6,132.402,1742511160.6696625
7,150.154,1742511160.6696625
0,164.325,1742511160.7197688
1,136.74,1742511160.7197688
2,156.949,1742511160.7197688
3,141.631,1742511160.7197688
4,138.997,1742511160.7197688
5,161.186,1742511160.7197688
6,157.596,1742511160.7197688
7,150.154,1742511160.7197688
0,164.325,1742511160.769879
1,160.484,1742511160.769879
2,156.949,1742511160.769879
3,171.15,1742511160.769879
4,162.852,1742511160.769879
5,161.186,1742511160.769879
6,157.596,1742511160.769879
7,174.688,1742511160.769879
0,189.37,1742511160.8199854
1,160.484,1742511160.8199854
2,182.435,1742511160.8199854
3,171.15,1742511160.8199854
4,162.852,1742511160.8199854
5,185.627,1742511160.8199854
6,182.183,1742511160.8199854
7,174.688,1742511160.8199854
0,189.37,1742511160.8700945
1,184.484,1742511160.8700945
2,182.435,1742511160.8700945
3,196.391,1742511160.8700945
4,187.362,1742511160.8700945
5,185.627,1742511160.8700945
6,182.183,1742511160.8700945
7,200.914,1742511160.8700945
0,189.37,1742511160.920227
1,184.484,1742511160.920227
2,205.498,1742511160.920227
3,196.391,1742511160.920227
4,187.362,1742511160.920227
5,210.496,1742511160.920227
6,206.735,1742511160.920227
7,200.914,1742511160.920227
0,215.221,1742511160.9703655
1,207.114,1742511160.9703655
2,205.498,1742511160.9703655
3,221.758,1742511160.9703655
4,211.042,1742511160.9703655
5,210.496,1742511160.9703655
6,206.735,1742511160.9703655
7,224.275,1742511160.9703655
0,215.221,1742511161.0204754
1,207.114,1742511161.0204754
2,231.57,1742511161.0204754
3,221.758,1742511161.0204754
4,211.042,1742511161.0204754
5,235.388,1742511161.0204754
6,229.359,1742511161.0204754
7,224.275,1742511161.0204754
0,240.865,1742511161.0706341
1,238.27,1742511161.0706341
2,231.57,1742511161.0706341
3,246.764,1742511161.0706341
4,241.033,1742511161.0706341
5,235.388,1742511161.0706341
6,229.359,1742511161.0706341
7,252.548,1742511161.0706341
0,240.865,1742511161.1208003
1,238.27,1742511161.1208003
2,256.516,1742511161.1208003
3,246.764,1742511161.1208003
4,241.033,1742511161.1208003
5,260.069,1742511161.1208003
6,254.041,1742511161.1208003
7,252.548,1742511161.1208003
0,269.915,1742511161.170965
1,264.959,1742511161.170965
2,256.516,1742511161.170965
3,272.095,1742511161.170965
4,264.5,1742511161.170965
5,260.069,1742511161.170965
6,254.041,1742511161.170965
7,278.939,1742511161.170965
0,269.915,1742511161.2211
1,264.959,1742511161.2211
2,280.817,1742511161.2211
3,272.095,1742511161.2211
4,264.5,1742511161.2211
5,284.51,1742511161.2211
6,282.163,1742511161.2211
7,278.939,1742511161.2211
0,295.406,1742511161.2712293
1,291.449,1742511161.2712293
2,280.817,1742511161.2712293
3,296.885,1742511161.2712293
4,287.906,1742511161.2712293
5,284.51,1742511161.2712293
6,282.163,1742511161.2712293
7,304.805,1742511161.2712293
0,295.406,1742511161.3213606
1,291.449,1742511161.3213606
2,305.052,1742511161.3213606
3,296.885,1742511161.3213606
4,287.906,1742511161.3213606
5,309.632,1742511161.3213606
6,305.826,1742511161.3213606
7,304.805,1742511161.3213606
0,319.82,1742511161.371496
1,316.386,1742511161.371496
2,305.052,1742511161.371496
3,322.493,1742511161.371496
4,311.123,1742511161.371496
5,309.632,1742511161.371496
6,305.826,1742511161.371496
7,330.184,1742511161.371496
0,319.82,1742511161.4216428
1,316.386,1742511161.4216428
2,325.781,1742511161.4216428
3,322.493,1742511161.4216428
4,311.123,1742511161.4216428
5,336.643,1742511161.4216428
6,329.476,1742511161.4216428
7,330.184,1742511161.4216428
0,345.266,1742511161.4718292
1,341.07,1742511161.4718292
2,325.781,1742511161.4718292
3,346.914,1742511161.4718292
4,336.09,1742511161.4718292
5,336.643,1742511161.4718292
6,329.476,1742511161.4718292
7,355.099,1742511161.4718292
0,345.266,1742511161.5219703
1,341.07,1742511161.5219703
2,349.229,1742511161.5219703
3,346.914,1742511161.5219703
4,336.09,1742511161.5219703
5,362.48,1742511161.5219703
6,359.797,1742511161.5219703
7,355.099,1742511161.5219703
0,369.566,1742511161.5721147
1,364.671,1742511161.5721147
2,349.229,1742511161.5721147
3,370.919,1742511161.5721147
4,359.044,1742511161.5721147
5,362.48,1742511161.5721147
6,359.797,1742511161.5721147
7,379.702,1742511161.5721147
0,369.566,1742511161.6222458
1,364.671,1742511161.6222458
2,367.15,1742511161.6222458
3,370.919,1742511161.6222458
4,359.044,1742511161.6222458
5,374.585,1742511161.6222458
6,359.797,1742511161.6222458
7,379.702,1742511161.6222458
0,379.693,1742511161.6723802
1,365.629,1742511161.6723802
2,367.15,1742511161.6723802
3,371.729,1742511161.6723802
4,361.188,1742511161.6723802
5,374.585,1742511161.6723802
6,363.372,1742511161.6723802
7,381.313,1742511161.6723802
0,379.693,1742511161.72257
1,365.629,1742511161.72257
2,366.343,1742511161.72257
3,371.729,1742511161.72257
4,361.188,1742511161.72257
5,374.817,1742511161.72257
6,363.372,1742511161.72257
7,381.313,1742511161.72257
0,377.599,1742511161.7727034
1,366.643,1742511161.7727034
2,366.343,1742511161.7727034
3,373.733,1742511161.7727034
4,361.349,1742511161.7727034
5,374.817,1742511161.7727034
6,363.637,1742511161.7727034
7,381.838,1742511161.7727034
0,377.599,1742511161.822845
1,366.643,1742511161.822845
2,365.692,1742511161.822845
3,373.733,1742511161.822845
4,361.349,1742511161.822845
5,375.813,1742511161.822845
6,363.637,1742511161.822845
7,381.838,1742511161.822845
0,376.621,1742511161.8729877
1,367.676,1742511161.8729877
2,365.692,1742511161.8729877
3,375.215,1742511161.8729877
4,362.654,1742511161.8729877
5,375.813,1742511161.8729877
6,365.737,1742511161.8729877
7,384.323,1742511161.8729877
0,376.621,1742511161.9231358
1,367.676,1742511161.9231358
2,363.96,1742511161.9231358
3,375.215,1742511161.9231358
4,362.654,1742511161.9231358
5,377.177,1742511161.9231358
6,365.737,1742511161.9231358
7,384.323,1742511161.9231358
0,372.177,1742511161.973273
1,368.761,1742511161.973273
2,363.96,1742511161.973273
3,375.546,1742511161.973273
4,362.196,1742511161.973273
5,377.177,1742511161.973273
6,367.196,1742511161.973273
7,384.083,1742511161.973273
0,372.177,1742511162.023405
1,368.761,1742511162.023405
2,365.321,1742511162.023405
3,375.546,1742511162.023405
4,362.196,1742511162.023405
5,377.94,1742511162.023405
6,367.196,1742511162.023405
7,384.083,1742511162.023405
0,370.838,1742511162.073536
1,370.647,1742511162.073536
2,365.321,1742511162.073536
3,376.257,1742511162.073536
4,362.879,1742511162.073536
5,377.94,1742511162.073536
6,367.954,1742511162.073536
7,381.836,1742511162.073536
0,370.838,1742511162.123669
1,370.647,1742511162.123669
2,364.382,1742511162.123669
3,376.257,1742511162.123669
4,362.879,1742511162.123669
5,378.336,1742511162.123669
6,367.954,1742511162.123669
7,381.836,1742511162.123669
0,368.011,1742511162.1737766
1,369.491,1742511162.1737766
2,364.382,1742511162.1737766
3,375.953,1742511162.1737766
4,363.2,1742511162.1737766
5,378.336,1742511162.1737766
6,367.618,1742511162.1737766
7,381.612,1742511162.1737766
0,368.011,1742511162.223909
1,369.491,1742511162.223909
2,366.42,1742511162.223909
3,375.953,1742511162.223909
4,363.2,1742511162.223909
5,377.964,1742511162.223909
6,367.618,1742511162.223909
7,381.612,1742511162.223909
0,367.867,1742511162.2740767
1,363.67,1742511162.2740767
2,366.42,1742511162.2740767
3,376.141,1742511162.2740767
4,363.846,1742511162.2740767
5,377.964,1742511162.2740767
6,367.332,1742511162.2740767
7,381.501,1742511162.2740767
0,367.867,1742511162.3242114
1,363.67,1742511162.3242114
2,367.525,1742511162.3242114
3,376.141,1742511162.3242114
4,363.846,1742511162.3242114
5,378.803,1742511162.3242114
6,367.332,1742511162.3242114
7,381.501,1742511162.3242114
0,368.646,1742511162.3743443
1,364.941,1742511162.3743443
2,367.525,1742511162.3743443
3,376.3,1742511162.3743443
4,365.5,1742511162.3743443
5,378.803,1742511162.3743443
6,369.18,1742511162.3743443
7,381.031,1742511162.3743443
0,368.646,1742511162.4244854
1,364.941,1742511162.4244854
2,368.614,1742511162.4244854
3,376.3,1742511162.4244854
4,365.5,1742511162.4244854
5,378.725,1742511162.4244854
6,369.18,1742511162.4244854
7,381.031,1742511162.4244854
0,368.785,1742511162.4746137
1,363.983,1742511162.4746137
2,368.614,1742511162.4746137
3,377.575,1742511162.4746137
4,364.929,1742511162.4746137
5,378.725,1742511162.4746137
6,371.995,1742511162.4746137
7,381.134,1742511162.4746137
0,368.785,1742511162.524757
1,363.983,1742511162.524757
2,368.941,1742511162.524757
3,377.575,1742511162.524757
4,364.929,1742511162.524757
5,377.333,1742511162.524757
6,371.995,1742511162.524757
7,381.134,1742511162.524757
0,370.681,1742511162.5749576
1,364.405,1742511162.5749576
2,368.941,1742511162.5749576
3,379.026,1742511162.5749576
4,365.571,1742511162.5749576
5,377.333,1742511162.5749576
6,371.328,1742511162.5749576
7,381.21,1742511162.5749576
0,370.681,1742511162.6251044
1,364.405,1742511162.6251044
2,370.25,1742511162.6251044
3,379.026,1742511162.6251044
4,365.571,1742511162.6251044
5,376.253,1742511162.6251044
6,371.328,1742511162.6251044
7,381.21,1742511162.6251044
0,371.935,1742511162.6752434
1,363.983,1742511162.6752434
2,370.25,1742511162.6752434
3,379.006,1742511162.6752434
4,362.995,1742511162.6752434
5,376.253,1742511162.6752434
6,371.31,1742511162.6752434
7,381.482,1742511162.6752434
0,371.935,1742511162.7253895
1,363.983,1742511162.7253895
2,371.952,1742511162.7253895
3,379.006,1742511162.7253895
4,362.995,1742511162.7253895
5,376.253,1742511162.7253895
6,371.31,1742511162.7253895
7,381.482,1742511162.7253895
0,373.913,1742511162.775549
1,364.317,1742511162.775549
2,371.952,1742511162.775549
3,378.549,1742511162.775549
4,362.586,1742511162.775549
5,376.594,1742511162.775549
6,371.11,1742511162.775549
7,381.215,1742511162.775549
0,373.913,1742511162.8257082
1,364.317,1742511162.8257082
2,372.815,1742511162.8257082
3,378.549,1742511162.8257082
4,362.586,1742511162.8257082
5,376.594,1742511162.8257082
6,371.11,1742511162.8257082
7,381.215,1742511162.8257082
0,375.923,1742511162.8758395
1,364.55,1742511162.8758395
2,372.815,1742511162.8758395
3,375.137,1742511162.8758395
4,362.181,1742511162.8758395
5,375.42,1742511162.8758395
6,369.243,1742511162.8758395
7,381.358,1742511162.8758395
0,375.923,1742511162.926077
1,364.55,1742511162.926077
2,374.108,1742511162.926077
3,375.137,1742511162.926077
4,362.181,1742511162.926077
5,375.42,1742511162.926077
6,369.243,1742511162.926077
7,381.358,1742511162.926077
0,376.081,1742511162.976205
1,365.763,1742511162.976205
2,374.108,1742511162.976205
3,377.281,1742511162.976205
4,363.146,1742511162.976205
5,373.921,1742511162.976205
6,369.613,1742511162.976205
7,382.454,1742511162.976205
0,376.081,1742511163.026338
1,365.763,1742511163.026338
2,373.372,1742511163.026338
3,377.281,1742511163.026338
4,363.146,1742511163.026338
5,373.921,1742511163.026338
6,369.613,1742511163.026338
7,382.454,1742511163.026338
0,376.245,1742511163.0765347
1,365.46,1742511163.0765347
2,373.372,1742511163.0765347
3,373.918,1742511163.0765347
4,361.758,1742511163.0765347
5,373.038,1742511163.0765347
6,368.388,1742511163.0765347
7,383.697,1742511163.0765347
0,376.245,1742511163.126657
1,365.46,1742511163.126657
2,365.32,1742511163.126657
3,373.918,1742511163.126657
4,361.758,1742511163.126657
5,373.038,1742511163.126657
6,368.388,1742511163.126657
7,383.697,1742511163.126657
0,364.435,1742511163.1767917
1,343.799,1742511163.1767917
2,365.32,1742511163.1767917
3,358.067,1742511163.1767917
4,338.651,1742511163.1767917
5,363.265,1742511163.1767917
6,355.298,1742511163.1767917
7,360.434,1742511163.1767917
0,364.435,1742511163.2268958
1,343.799,1742511163.2268958
2,340.153,1742511163.2268958
3,358.067,1742511163.2268958
4,338.651,1742511163.2268958
5,363.265,1742511163.2268958
6,355.298,1742511163.2268958
7,360.434,1742511163.2268958
0,339.527,1742511163.2769995
1,320.262,1742511163.2769995
2,340.153,1742511163.2769995
3,333.604,1742511163.2769995
4,314.258,1742511163.2769995
5,338.712,1742511163.2769995
6,331.75,1742511163.2769995
7,334.799,1742511163.2769995
0,339.527,1742511163.3271043
1,320.262,1742511163.3271043
2,314.78,1742511163.3271043
3,333.604,1742511163.3271043
4,314.258,1742511163.3271043
5,338.712,1742511163.3271043
6,331.75,1742511163.3271043
7,334.799,1742511163.3271043
0,312.421,1742511163.3772078
1,297.784,1742511163.3772078
2,314.78,1742511163.3772078
3,300.598,1742511163.3772078
4,289.854,1742511163.3772078
5,313.834,1742511163.3772078
6,307.056,1742511163.3772078
7,309.963,1742511163.3772078
0,312.421,1742511163.427309
1,297.784,1742511163.427309
2,288.989,1742511163.427309
3,300.598,1742511163.427309
4,289.854,1742511163.427309
5,313.834,1742511163.427309
6,307.056,1742511163.427309
7,309.963,1742511163.427309
0,290.006,1742511163.477428
1,274.25,1742511163.477428
2,288.989,1742511163.477428
3,275.001,1742511163.477428
4,265.866,1742511163.477428
5,287.482,1742511163.477428
6,282.565,1742511163.477428
7,288.026,1742511163.477428
0,290.006,1742511163.5275412
1,274.25,1742511163.5275412
2,265.45,1742511163.5275412
3,275.001,1742511163.5275412
4,265.866,1742511163.5275412
5,287.482,1742511163.5275412
6,282.565,1742511163.5275412
7,288.026,1742511163.5275412
0,264.231,1742511163.5776691
1,250.452,1742511163.5776691
2,265.45,1742511163.5776691
3,249.457,1742511163.5776691
4,241.706,1742511163.5776691
5,263.203,1742511163.5776691
6,248.944,1742511163.5776691
7,264.098,1742511163.5776691
0,264.231,1742511163.6277964
1,250.452,1742511163.6277964
2,241.142,1742511163.6277964
3,249.457,1742511163.6277964
4,241.706,1742511163.6277964
5,263.203,1742511163.6277964
6,248.944,1742511163.6277964
7,264.098,1742511163.6277964
0,238.083,1742511163.67792
1,226.617,1742511163.67792
2,241.142,1742511163.67792
3,223.334,1742511163.67792
4,216.782,1742511163.67792
5,238.128,1742511163.67792
6,223.927,1742511163.67792
7,234.344,1742511163.67792
0,238.083,1742511163.7280455
1,226.617,1742511163.7280455
2,216.705,1742511163.7280455
3,223.334,1742511163.7280455
4,216.782,1742511163.7280455
5,238.128,1742511163.7280455
6,223.927,1742511163.7280455
7,234.344,1742511163.7280455
0,212.733,1742511163.7781858
1,197.659,1742511163.7781858
2,216.705,1742511163.7781858
3,197.022,1742511163.7781858
4,192.51,1742511163.7781858
5,213.265,1742511163.7781858
6,199.15,1742511163.7781858
7,209.072,1742511163.7781858
0,212.733,1742511163.8283148
1,197.659,1742511163.8283148
2,192.131,1742511163.8283148
3,197.022,1742511163.8283148
4,192.51,1742511163.8283148
5,213.265,1742511163.8283148
6,199.15,1742511163.8283148
7,209.072,1742511163.8283148
0,187.36,1742511163.8784394
1,178.055,1742511163.8784394
2,192.131,1742511163.8784394
3,171.621,1742511163.8784394
4,168.093,1742511163.8784394
5,188.999,1742511163.8784394
6,174.27,1742511163.8784394
7,188.756,1742511163.8784394
0,187.36,1742511163.9285753
1,178.055,1742511163.9285753
2,164.271,1742511163.9285753
3,171.621,1742511163.9285753
4,168.093,1742511163.9285753
5,188.999,1742511163.9285753
6,174.27,1742511163.9285753
7,188.756,1742511163.9285753
0,162.48,1742511163.9786773
1,152.785,1742511163.9786773
2,164.271,1742511163.9786773
3,145.916,1742511163.9786773
4,144.258,1742511163.9786773
5,164.6,1742511163.9786773
6,149.101,1742511163.9786773
7,156.134,1742511163.9786773
0,162.48,1742511164.0287793
1,152.785,1742511164.0287793
2,143.331,1742511164.0287793
3,145.916,1742511164.0287793
4,144.258,1742511164.0287793
5,164.6,1742511164.0287793
6,149.101,1742511164.0287793
7,156.134,1742511164.0287793
0,137.888,1742511164.0788841
1,127.766,1742511164.0788841
2,143.331,1742511164.0788841
3,121.043,1742511164.0788841
4,126.421,1742511164.0788841
5,140.531,1742511164.0788841
6,131.228,1742511164.0788841
7,136.716,1742511164.0788841
0,137.888,1742511164.129003
1,127.766,1742511164.129003
2,123.023,1742511164.129003
3,121.043,1742511164.129003
4,126.421,1742511164.129003
5,140.531,1742511164.129003
6,131.228,1742511164.129003
7,136.716,1742511164.129003
0,122.108,1742511164.1791053
1,118.364,1742511164.1791053
2,123.023,1742511164.1791053
3,119.544,1742511164.1791053
4,119.038,1742511164.1791053
5,121.575,1742511164.1791053
6,118.651,1742511164.1791053
7,126.942,1742511164.1791053
0,122.108,1742511164.2292233
1,118.364,1742511164.2292233
2,122.751,1742511164.2292233
3,119.544,1742511164.2292233
4,119.038,1742511164.2292233
5,121.575,1742511164.2292233
6,118.651,1742511164.2292233
7,126.942,1742511164.2292233
0,122.068,1742511164.2793431
1,118.32,1742511164.2793431
2,122.751,1742511164.2793431
3,119.482,1742511164.2793431
4,118.877,1742511164.2793431
5,121.535,1742511164.2793431
6,118.505,1742511164.2793431
7,126.812,1742511164.2793431
0,122.068,1742511164.3294625
1,118.32,1742511164.3294625
2,122.533,1742511164.3294625
3,119.482,1742511164.3294625
4,118.877,1742511164.3294625
5,121.535,1742511164.3294625
6,118.505,1742511164.3294625
7,126.812,1742511164.3294625
0,122.041,1742511164.3795805
1,118.244,1742511164.3795805
2,122.533,1742511164.3795805
3,119.465,1742511164.3795805
4,118.765,1742511164.3795805
5,121.478,1742511164.3795805
6,118.41,1742511164.3795805
7,126.749,1742511164.3795805
0,122.041,1742511164.4297092
1,118.244,1742511164.4297092
2,122.457,1742511164.4297092
3,119.465,1742511164.4297092
4,118.765,1742511164.4297092
5,121.478,1742511164.4297092
6,118.41,1742511164.4297092
7,126.749,1742511164.4297092
0,121.959,1742511164.479814
1,118.089,1742511164.479814
2,122.457,1742511164.479814
3,119.469,1742511164.479814
4,118.685,1742511164.479814
5,121.456,1742511164.479814
6,118.351,1742511164.479814
7,126.72,1742511164.479814
0,121.959,1742511164.529942
1,118.089,1742511164.529942
2,122.362,1742511164.529942
3,119.469,1742511164.529942
4,118.685,1742511164.529942
5,121.456,1742511164.529942
6,118.351,1742511164.529942
7,126.72,1742511164.529942
0,121.906,1742511164.580067
1,118.161,1742511164.580067
2,122.362,1742511164.580067
3,119.466,1742511164.580067
4,118.612,1742511164.580067
5,121.419,1742511164.580067
6,118.303,1742511164.580067
7,126.749,1742511164.580067
0,121.906,1742511164.6301916
1,118.161,1742511164.6301916
2,122.274,1742511164.6301916
3,119.466,1742511164.6301916
4,118.612,1742511164.6301916
5,121.419,1742511164.6301916
6,118.303,1742511164.6301916
7,126.749,1742511164.6301916
0,121.831,1742511164.680317
1,117.989,1742511164.680317
2,122.274,1742511164.680317
3,119.493,1742511164.680317
4,118.577,1742511164.680317
5,121.442,1742511164.680317
6,118.296,1742511164.680317
7,126.749,1742511164.680317
0,121.831,1742511164.730421
1,117.989,1742511164.730421
2,122.234,1742511164.730421
3,119.493,1742511164.730421
4,118.577,1742511164.730421
5,121.442,1742511164.730421
6,118.296,1742511164.730421
7,126.749,1742511164.730421
0,121.798,1742511164.780524
1,118.094,1742511164.780524
2,122.234,1742511164.780524
3,119.535,1742511164.780524
4,118.529,1742511164.780524
5,121.443,1742511164.780524
6,118.251,1742511164.780524
7,126.707,1742511164.780524
0,121.798,1742511164.8306274
1,118.094,1742511164.8306274
2,122.188,1742511164.8306274
3,119.535,1742511164.8306274
4,118.529,1742511164.8306274
5,121.443,1742511164.8306274
6,118.251,1742511164.8306274
7,126.707,1742511164.8306274
0,121.746,1742511164.8807302
1,117.929,1742511164.8807302
2,122.188,1742511164.8807302
3,119.543,1742511164.8807302
4,118.502,1742511164.8807302
5,121.474,1742511164.8807302
6,118.213,1742511164.8807302
7,126.646,1742511164.8807302
0,121.746,1742511164.9308333
1,117.929,1742511164.9308333
2,122.127,1742511164.9308333
3,119.543,1742511164.9308333
4,118.502,1742511164.9308333
5,121.474,1742511164.9308333
6,118.213,1742511164.9308333
7,126.646,1742511164.9308333
0,121.694,1742511164.9809604
1,118.01,1742511164.9809604
2,122.127,1742511164.9809604
3,119.541,1742511164.9809604
4,118.475,1742511164.9809604
5,121.462,1742511164.9809604
6,118.167,1742511164.9809604
7,127.743,1742511164.9809604
0,121.694,1742511165.031087
1,118.01,1742511165.031087
2,132.106,1742511165.031087
3,119.541,1742511165.031087
4,118.475,1742511165.031087
5,121.462,1742511165.031087
6,118.167,1742511165.031087
7,127.743,1742511165.031087
0,138.723,1742511165.0812287
1,137.34,1742511165.0812287
2,132.106,1742511165.0812287
3,141.846,1742511165.0812287
4,139.328,1742511165.0812287
5,136.123,1742511165.0812287
6,134.394,1742511165.0812287
7,150.969,1742511165.0812287
0,138.723,1742511165.1313505
1,137.34,1742511165.1313505
2,157.837,1742511165.1313505
3,141.846,1742511165.1313505
4,139.328,1742511165.1313505
5,136.123,1742511165.1313505
6,134.394,1742511165.1313505
7,150.969,1742511165.1313505
0,163.536,1742511165.1815202
1,161.027,1742511165.1815202
2,157.837,1742511165.1815202
3,166.726,1742511165.1815202
4,163.321,1742511165.1815202
5,160.743,1742511165.1815202
6,158.943,1742511165.1815202
7,176.972,1742511165.1815202
0,163.536,1742511165.2316267
1,161.027,1742511165.2316267
2,182.775,1742511165.2316267
3,166.726,1742511165.2316267
4,163.321,1742511165.2316267
5,160.743,1742511165.2316267
6,158.943,1742511165.2316267
7,176.972,1742511165.2316267
0,188.196,1742511165.2817588
1,185.589,1742511165.2817588
2,182.775,1742511165.2817588
3,191.782,1742511165.2817588
4,187.271,1742511165.2817588
5,185.187,1742511165.2817588
6,184.439,1742511165.2817588
7,176.972,1742511165.2817588
0,188.196,1742511165.3319504
1,185.589,1742511165.3319504
2,207.705,1742511165.3319504
3,191.782,1742511165.3319504
4,187.271,1742511165.3319504
5,185.187,1742511165.3319504
6,184.439,1742511165.3319504
7,201.692,1742511165.3319504
0,214.217,1742511165.3820896
1,185.589,1742511165.3820896
2,207.705,1742511165.3820896
3,191.782,1742511165.3820896
4,211.082,1742511165.3820896
5,210.354,1742511165.3820896
6,206.819,1742511165.3820896
7,226.284,1742511165.3820896
0,214.217,1742511165.432218
1,216.489,1742511165.432218
2,233.036,1742511165.432218
3,221.209,1742511165.432218
4,211.082,1742511165.432218
5,210.354,1742511165.432218
6,206.819,1742511165.432218
7,226.284,1742511165.432218
0,239.997,1742511165.4823508
1,216.489,1742511165.4823508
2,233.036,1742511165.4823508
3,221.209,1742511165.4823508
4,239.497,1742511165.4823508
5,235.224,1742511165.4823508
6,230.896,1742511165.4823508
7,248.352,1742511165.4823508
0,239.997,1742511165.5325084
1,240.937,1742511165.5325084
2,233.036,1742511165.5325084
3,246.043,1742511165.5325084
4,239.497,1742511165.5325084
5,235.224,1742511165.5325084
6,230.896,1742511165.5325084
7,248.352,1742511165.5325084
0,262.449,1742511165.5826166
1,240.937,1742511165.5826166
2,255.017,1742511165.5826166
3,246.043,1742511165.5826166
4,263.713,1742511165.5826166
5,259.566,1742511165.5826166
6,257.824,1742511165.5826166
7,277.249,1742511165.5826166
0,262.449,1742511165.6327243
1,266.217,1742511165.6327243
2,282.58,1742511165.6327243
3,270.665,1742511165.6327243
4,263.713,1742511165.6327243
5,259.566,1742511165.6327243
6,257.824,1742511165.6327243
7,277.249,1742511165.6327243
0,290.273,1742511165.6828315
1,266.217,1742511165.6828315
2,282.58,1742511165.6828315
3,270.665,1742511165.6828315
4,287.95,1742511165.6828315
5,284.067,1742511165.6828315
6,282.012,1742511165.6828315
7,303.487,1742511165.6828315
0,290.273,1742511165.7329376
1,292.111,1742511165.7329376
2,306.752,1742511165.7329376
3,295.06,1742511165.7329376
4,287.95,1742511165.7329376
5,284.067,1742511165.7329376
6,282.012,1742511165.7329376
7,303.487,1742511165.7329376
0,311.393,1742511165.7830448
1,292.111,1742511165.7830448
2,306.752,1742511165.7830448
3,295.06,1742511165.7830448
4,311.133,1742511165.7830448
5,309.219,1742511165.7830448
6,307.867,1742511165.7830448
7,330.518,1742511165.7830448
0,311.393,1742511165.8331776
1,318.217,1742511165.8331776
2,330.79,1742511165.8331776
3,320.375,1742511165.8331776
4,311.133,1742511165.8331776
5,309.219,1742511165.8331776
6,307.867,1742511165.8331776
7,330.518,1742511165.8331776
0,335.235,1742511165.8832848
1,318.217,1742511165.8832848
2,330.79,1742511165.8832848
3,320.375,1742511165.8832848
4,335.619,1742511165.8832848
5,334.731,1742511165.8832848
6,331.737,1742511165.8832848
7,330.518,1742511165.8832848
0,335.235,1742511165.9333901
1,342.844,1742511165.9333901
2,330.79,1742511165.9333901
3,345.536,1742511165.9333901
4,335.619,1742511165.9333901
5,334.731,1742511165.9333901
6,331.737,1742511165.9333901
7,356.064,1742511165.9333901
0,364.835,1742511165.9835124
1,342.844,1742511165.9835124
2,355.304,1742511165.9835124
3,345.536,1742511165.9835124
4,359.081,1742511165.9835124
5,360.375,1742511165.9835124
6,356.935,1742511165.9835124
7,356.064,1742511165.9835124
0,364.835,1742511166.0336351
1,366.559,1742511166.0336351
2,355.304,1742511166.0336351
3,368.546,1742511166.0336351
4,359.081,1742511166.0336351
5,360.375,1742511166.0336351
6,356.935,1742511166.0336351
7,380.266,1742511166.0336351
0,374.045,1742511166.083762
1,366.559,1742511166.083762
2,369.188,1742511166.083762
3,368.546,1742511166.083762
4,359.829,1742511166.083762
5,376.802,1742511166.083762
6,365.156,1742511166.083762
7,380.266,1742511166.083762
0,374.045,1742511166.133868
1,367.492,1742511166.133868
2,369.188,1742511166.133868
3,370.21,1742511166.133868
4,359.829,1742511166.133868
5,376.802,1742511166.133868
6,365.156,1742511166.133868
7,380.993,1742511166.133868
0,372.237,1742511166.1840317
1,367.492,1742511166.1840317
2,367.91,1742511166.1840317
3,370.21,1742511166.1840317
4,360.604,1742511166.1840317
5,377.1,1742511166.1840317
6,365.577,1742511166.1840317
7,380.993,1742511166.1840317
0,372.237,1742511166.2341657
1,367.53,1742511166.2341657
2,367.91,1742511166.2341657
3,370.324,1742511166.2341657
4,360.604,1742511166.2341657
5,377.1,1742511166.2341657
6,365.577,1742511166.2341657
7,379.608,1742511166.2341657
0,372.238,1742511166.2842999
1,367.53,1742511166.2842999
2,367.28,1742511166.2842999
3,370.324,1742511166.2842999
4,360.447,1742511166.2842999
5,377.376,1742511166.2842999
6,366.504,1742511166.2842999
7,379.608,1742511166.2842999
0,372.238,1742511166.33443
1,367.614,1742511166.33443
2,367.28,1742511166.33443
3,370.51,1742511166.33443
4,360.447,1742511166.33443
5,377.376,1742511166.33443
6,366.504,1742511166.33443
7,380.787,1742511166.33443
0,368.353,1742511166.3845396
1,367.614,1742511166.3845396
2,368.967,1742511166.3845396
3,370.51,1742511166.3845396
4,360.365,1742511166.3845396
5,377.185,1742511166.3845396
6,366.532,1742511166.3845396
7,380.787,1742511166.3845396
0,368.353,1742511166.4346843
1,367.293,1742511166.4346843
2,368.967,1742511166.4346843
3,371.312,1742511166.4346843
4,360.365,1742511166.4346843
5,377.185,1742511166.4346843
6,366.532,1742511166.4346843
7,381.129,1742511166.4346843
0,368.166,1742511166.4848404
1,367.293,1742511166.4848404
2,369.413,1742511166.4848404
3,371.312,1742511166.4848404
4,360.365,1742511166.4848404
5,377.111,1742511166.4848404
6,367.043,1742511166.4848404
7,381.129,1742511166.4848404
0,368.166,1742511166.5349486
1,368.123,1742511166.5349486
2,369.413,1742511166.5349486
3,371.007,1742511166.5349486
4,361.232,1742511166.5349486
5,377.111,1742511166.5349486
6,367.043,1742511166.5349486
7,381.539,1742511166.5349486
0,367.443,1742511166.5850549
1,368.123,1742511166.5850549
2,370.798,1742511166.5850549
3,371.007,1742511166.5850549
4,361.232,1742511166.5850549
5,377.126,1742511166.5850549
6,367.983,1742511166.5850549
7,381.539,1742511166.5850549
0,367.443,1742511166.6351602
1,366.445,1742511166.6351602
2,370.798,1742511166.6351602
3,371.869,1742511166.6351602
4,361.138,1742511166.6351602
5,377.126,1742511166.6351602
6,367.983,1742511166.6351602
7,382.342,1742511166.6351602
0,368.099,1742511166.6852672
1,366.445,1742511166.6852672
2,371.7,1742511166.6852672
3,371.869,1742511166.6852672
4,361.138,1742511166.6852672
5,377.197,1742511166.6852672
6,367.503,1742511166.6852672
7,382.342,1742511166.6852672
0,368.099,1742511166.735374
1,364.129,1742511166.735374
2,371.7,1742511166.735374
3,373.6,1742511166.735374
4,360.409,1742511166.735374
5,377.197,1742511166.735374
6,367.503,1742511166.735374
7,380.186,1742511166.735374
0,370.851,1742511166.7854793
1,364.129,1742511166.7854793
2,371.814,1742511166.7854793
3,373.6,1742511166.7854793
4,360.409,1742511166.7854793
5,376.144,1742511166.7854793
6,366.539,1742511166.7854793
7,380.186,1742511166.7854793
0,370.851,1742511166.8356028
1,362.953,1742511166.8356028
2,371.814,1742511166.8356028
3,373.077,1742511166.8356028
4,361.883,1742511166.8356028
5,376.144,1742511166.8356028
6,366.539,1742511166.8356028
7,379.721,1742511166.8356028
0,370.851,1742511166.8857262
1,362.953,1742511166.8857262
2,372.073,1742511166.8857262
3,373.077,1742511166.8857262
4,361.883,1742511166.8857262
5,375.248,1742511166.8857262
6,367.122,1742511166.8857262
7,379.721,1742511166.8857262
0,369.848,1742511166.935836
1,364.324,1742511166.935836
2,372.073,1742511166.935836
3,372.959,1742511166.935836
4,359.261,1742511166.935836
5,375.248,1742511166.935836
6,367.122,1742511166.935836
7,380.028,1742511166.935836
0,369.848,1742511166.9859688
1,364.324,1742511166.9859688
2,370.681,1742511166.9859688
3,372.959,1742511166.9859688
4,359.261,1742511166.9859688
5,374.296,1742511166.9859688
6,367.704,1742511166.9859688
7,380.028,1742511166.9859688
0,371.535,1742511167.0360982
1,365.076,1742511167.0360982
2,370.681,1742511167.0360982
3,372.751,1742511167.0360982
4,359.297,1742511167.0360982
5,374.296,1742511167.0360982
6,367.704,1742511167.0360982
7,380.963,1742511167.0360982
0,371.535,1742511167.0862288
1,365.076,1742511167.0862288
2,370.815,1742511167.0862288
3,372.751,1742511167.0862288
4,359.297,1742511167.0862288
5,373.868,1742511167.0862288
6,369.939,1742511167.0862288
7,380.963,1742511167.0862288
0,371.867,1742511167.1363764
1,365.098,1742511167.1363764
2,370.815,1742511167.1363764
3,374.026,1742511167.1363764
4,356.633,1742511167.1363764
5,373.868,1742511167.1363764
6,369.939,1742511167.1363764
7,381.36,1742511167.1363764
0,371.867,1742511167.1865091
1,365.098,1742511167.1865091
2,371.931,1742511167.1865091
3,374.026,1742511167.1865091
4,356.633,1742511167.1865091
5,373.09,1742511167.1865091
6,367.682,1742511167.1865091
7,381.36,1742511167.1865091
0,372.311,1742511167.2366471
1,367.027,1742511167.2366471
2,371.931,1742511167.2366471
3,371.262,1742511167.2366471
4,357.255,1742511167.2366471
5,373.09,1742511167.2366471
6,367.682,1742511167.2366471
7,383.415,1742511167.2366471
0,372.311,1742511167.2867799
1,367.027,1742511167.2867799
2,370.929,1742511167.2867799
3,371.262,1742511167.2867799
4,357.255,1742511167.2867799
5,374.781,1742511167.2867799
6,366.175,1742511167.2867799
7,383.415,1742511167.2867799
0,371.732,1742511167.33691
1,367.465,1742511167.33691
2,370.929,1742511167.33691
3,370.184,1742511167.33691
4,356.307,1742511167.33691
5,374.781,1742511167.33691
6,366.175,1742511167.33691
7,383.131,1742511167.33691
0,371.732,1742511167.3870177
1,367.465,1742511167.3870177
2,368.461,1742511167.3870177
3,370.184,1742511167.3870177
4,356.307,1742511167.3870177
5,374.834,1742511167.3870177
6,365.931,1742511167.3870177
7,383.131,1742511167.3870177
0,371.718,1742511167.4371607
1,366.73,1742511167.4371607
2,368.461,1742511167.4371607
3,372.192,1742511167.4371607
4,357.462,1742511167.4371607
5,374.834,1742511167.4371607
6,365.931,1742511167.4371607
7,382.285,1742511167.4371607
0,371.718,1742511167.4872677
1,366.73,1742511167.4872677
2,367.463,1742511167.4872677
3,372.192,1742511167.4872677
4,357.462,1742511167.4872677
5,373.929,1742511167.4872677
6,364.31,1742511167.4872677
7,382.285,1742511167.4872677
0,370.139,1742511167.537393
1,365.912,1742511167.537393
2,367.463,1742511167.537393
3,371.147,1742511167.537393
4,356.294,1742511167.537393
5,373.929,1742511167.537393
6,364.31,1742511167.537393
7,380.563,1742511167.537393
0,370.139,1742511167.5875158
1,365.912,1742511167.5875158
2,368.021,1742511167.5875158
3,371.147,1742511167.5875158
4,356.294,1742511167.5875158
5,373.393,1742511167.5875158
6,364.31,1742511167.5875158
7,380.563,1742511167.5875158
0,369.694,1742511167.6376233
1,366.22,1742511167.6376233
2,368.021,1742511167.6376233
3,371.099,1742511167.6376233
4,356.271,1742511167.6376233
5,373.393,1742511167.6376233
6,363.194,1742511167.6376233
7,380.431,1742511167.6376233
0,369.694,1742511167.687761
1,366.22,1742511167.687761
2,366.89,1742511167.687761
3,371.099,1742511167.687761
4,356.271,1742511167.687761
5,373.709,1742511167.687761
6,363.194,1742511167.687761
7,380.431,1742511167.687761
0,371.125,1742511167.7378716
1,365.46,1742511167.7378716
2,366.89,1742511167.7378716
3,370.719,1742511167.7378716
4,356.438,1742511167.7378716
5,373.709,1742511167.7378716
6,364.05,1742511167.7378716
7,379.041,1742511167.7378716
0,371.125,1742511167.7879932
1,365.46,1742511167.7879932
2,368.172,1742511167.7879932
3,370.719,1742511167.7879932
4,356.438,1742511167.7879932
5,374.132,1742511167.7879932
6,364.05,1742511167.7879932
7,379.041,1742511167.7879932
0,370.508,1742511167.8381255
1,365.349,1742511167.8381255
2,368.172,1742511167.8381255
3,369.835,1742511167.8381255
4,356.684,1742511167.8381255
5,374.132,1742511167.8381255
6,365.664,1742511167.8381255
7,381.137,1742511167.8381255
0,370.508,1742511167.8882596
1,365.349,1742511167.8882596
2,367.601,1742511167.8882596
3,369.835,1742511167.8882596
4,356.684,1742511167.8882596
5,375.23,1742511167.8882596
6,365.664,1742511167.8882596
7,381.137,1742511167.8882596
0,367.539,1742511167.9384885
1,365.003,1742511167.9384885
2,367.601,1742511167.9384885
3,369.767,1742511167.9384885
4,357.273,1742511167.9384885
5,375.23,1742511167.9384885
6,364.764,1742511167.9384885
7,382.78,1742511167.9384885
0,367.539,1742511167.988623
1,365.003,1742511167.988623
2,367.892,1742511167.988623
3,369.767,1742511167.988623
4,357.273,1742511167.988623
5,374.848,1742511167.988623
6,364.764,1742511167.988623
7,382.78,1742511167.988623
0,366.971,1742511168.0387702
1,366.051,1742511168.0387702
2,367.892,1742511168.0387702
3,368.787,1742511168.0387702
4,359.1,1742511168.0387702
5,374.848,1742511168.0387702
6,363.091,1742511168.0387702
7,382.099,1742511168.0387702
0,366.971,1742511168.088891
1,366.051,1742511168.088891
2,369.37,1742511168.088891
3,368.787,1742511168.088891
4,359.1,1742511168.088891
5,375.121,1742511168.088891
6,363.091,1742511168.088891
7,382.099,1742511168.088891
0,367.415,1742511168.1390011
1,366.443,1742511168.1390011
2,369.37,1742511168.1390011
3,368.897,1742511168.1390011
4,359.861,1742511168.1390011
5,375.121,1742511168.1390011
6,361.766,1742511168.1390011
7,382.632,1742511168.1390011
0,367.415,1742511168.1891427
1,366.443,1742511168.1891427
2,365.566,1742511168.1891427
3,368.897,1742511168.1891427
4,359.861,1742511168.1891427
5,369.818,1742511168.1891427
6,361.766,1742511168.1891427
7,382.632,1742511168.1891427
0,353.886,1742511168.2392724
1,343.511,1742511168.2392724
2,365.566,1742511168.2392724
3,351.936,1742511168.2392724
4,344.225,1742511168.2392724
5,369.818,1742511168.2392724
6,350.995,1742511168.2392724
7,359.606,1742511168.2392724
0,353.886,1742511168.2894542
1,343.511,1742511168.2894542
2,342.152,1742511168.2894542
3,351.936,1742511168.2894542
4,344.225,1742511168.2894542
5,343.909,1742511168.2894542
6,350.995,1742511168.2894542
7,359.606,1742511168.2894542
0,329.849,1742511168.33956
1,318.509,1742511168.33956
2,342.152,1742511168.33956
3,321.551,1742511168.33956
4,323.376,1742511168.33956
5,343.909,1742511168.33956
6,327.272,1742511168.33956
7,334.995,1742511168.33956
0,329.849,1742511168.3896883
1,318.509,1742511168.3896883
2,318.315,1742511168.3896883
3,321.551,1742511168.3896883
4,323.376,1742511168.3896883
5,318.153,1742511168.3896883
6,327.272,1742511168.3896883
7,334.995,1742511168.3896883
0,305.888,1742511168.4398267
1,294.608,1742511168.4398267
2,318.315,1742511168.4398267
3,296.264,1742511168.4398267
4,295.651,1742511168.4398267
5,318.153,1742511168.4398267
6,302.633,1742511168.4398267
7,309.879,1742511168.4398267
0,305.888,1742511168.489951
1,294.608,1742511168.489951
2,293.911,1742511168.489951
3,296.264,1742511168.489951
4,295.651,1742511168.489951
5,288.635,1742511168.489951
6,302.633,1742511168.489951
7,309.879,1742511168.489951
0,283.552,1742511168.5401387
1,269.777,1742511168.5401387
2,293.911,1742511168.5401387
3,271.093,1742511168.5401387
4,276.1,1742511168.5401387
5,288.635,1742511168.5401387
6,280.878,1742511168.5401387
7,285.602,1742511168.5401387
0,283.552,1742511168.5902739
1,269.777,1742511168.5902739
2,269.341,1742511168.5902739
3,271.093,1742511168.5902739
4,276.1,1742511168.5902739
5,263.452,1742511168.5902739
6,280.878,1742511168.5902739
7,285.602,1742511168.5902739
0,261.851,1742511168.6403978
1,248.427,1742511168.6403978
2,269.341,1742511168.6403978
3,245.861,1742511168.6403978
4,248.819,1742511168.6403978
5,263.452,1742511168.6403978
6,254.329,1742511168.6403978
7,260.155,1742511168.6403978
0,261.851,1742511168.6905253
1,248.427,1742511168.6905253
2,243.101,1742511168.6905253
3,245.861,1742511168.6905253
4,248.819,1742511168.6905253
5,263.452,1742511168.6905253
6,254.329,1742511168.6905253
7,260.155,1742511168.6905253
0,236.735,1742511168.7406652
1,222.493,1742511168.7406652
2,243.101,1742511168.7406652
3,220.85,1742511168.7406652
4,224.832,1742511168.7406652
5,238.938,1742511168.7406652
6,229.772,1742511168.7406652
7,235.267,1742511168.7406652
0,236.735,1742511168.7908363
1,222.493,1742511168.7908363
2,218.565,1742511168.7908363
3,220.85,1742511168.7908363
4,224.832,1742511168.7908363
5,238.938,1742511168.7908363
6,229.772,1742511168.7908363
7,235.267,1742511168.7908363
0,211.982,1742511168.8409603
1,198.026,1742511168.8409603
2,218.565,1742511168.8409603
3,196.016,1742511168.8409603
4,205.367,1742511168.8409603
5,213.894,1742511168.8409603
6,205.232,1742511168.8409603
7,208.707,1742511168.8409603
0,211.982,1742511168.8910973
1,198.026,1742511168.8910973
2,195.99,1742511168.8910973
3,196.016,1742511168.8910973
4,205.367,1742511168.8910973
5,213.894,1742511168.8910973
6,205.232,1742511168.8910973
7,208.707,1742511168.8910973
0,188.035,1742511168.941236
1,172.906,1742511168.941236
2,195.99,1742511168.941236
3,171.221,1742511168.941236
4,181.789,1742511168.941236
5,189.098,1742511168.941236
6,184.155,1742511168.941236
7,188.069,1742511168.941236
0,188.035,1742511168.9913747
1,172.906,1742511168.9913747
2,172.298,1742511168.9913747
3,171.221,1742511168.9913747
4,181.789,1742511168.9913747
5,189.098,1742511168.9913747
6,184.155,1742511168.9913747
7,188.069,1742511168.9913747
0,163.835,1742511169.0415053
1,153.628,1742511169.0415053
2,172.298,1742511169.0415053
3,146.685,1742511169.0415053
4,146.318,1742511169.0415053
5,163.702,1742511169.0415053
6,160.268,1742511169.0415053
7,162.524,1742511169.0415053
0,163.835,1742511169.091609
1,153.628,1742511169.091609
2,144.457,1742511169.091609
3,146.685,1742511169.091609
4,146.318,1742511169.091609
5,137.472,1742511169.091609
6,160.268,1742511169.091609
7,162.524,1742511169.091609
0,138.658,1742511169.141723
1,127.938,1742511169.141723
2,144.457,1742511169.141723
3,121.131,1742511169.141723
4,121.222,1742511169.141723
5,137.472,1742511169.141723
6,136.6,1742511169.141723
7,136.797,1742511169.141723
0,138.658,1742511169.1918423
1,127.938,1742511169.1918423
2,124.062,1742511169.1918423
3,121.131,1742511169.1918423
4,121.222,1742511169.1918423
5,121.461,1742511169.1918423
6,136.6,1742511169.1918423
7,136.797,1742511169.1918423
0,122.168,1742511169.241942
1,118.36,1742511169.241942
2,124.062,1742511169.241942
3,119.442,1742511169.241942
4,119.109,1742511169.241942
5,121.461,1742511169.241942
6,118.74,1742511169.241942
7,126.692,1742511169.241942
0,122.168,1742511169.2920613
1,118.36,1742511169.2920613
2,122.777,1742511169.2920613
3,119.442,1742511169.2920613
4,119.109,1742511169.2920613
5,121.328,1742511169.2920613
6,118.74,1742511169.2920613
7,126.692,1742511169.2920613
0,122.104,1742511169.3421621
1,118.345,1742511169.3421621
2,122.777,1742511169.3421621
3,119.386,1742511169.3421621
4,118.974,1742511169.3421621
5,121.328,1742511169.3421621
6,118.624,1742511169.3421621
7,126.524,1742511169.3421621
0,122.104,1742511169.392282
1,118.345,1742511169.392282
2,122.617,1742511169.392282
3,119.386,1742511169.392282
4,118.974,1742511169.392282
5,121.231,1742511169.392282
6,118.624,1742511169.392282
7,126.524,1742511169.392282
0,122.038,1742511169.442383
1,118.13,1742511169.442383
2,122.617,1742511169.442383
3,119.357,1742511169.442383
4,118.873,1742511169.442383
5,121.231,1742511169.442383
6,118.549,1742511169.442383
7,126.378,1742511169.442383
0,122.038,1742511169.4924905
1,118.13,1742511169.4924905
2,122.482,1742511169.4924905
3,119.357,1742511169.4924905
4,118.873,1742511169.4924905
5,121.15,1742511169.4924905
6,118.549,1742511169.4924905
7,126.378,1742511169.4924905
0,121.97,1742511169.5426197
1,118.224,1742511169.5426197
2,122.482,1742511169.5426197
3,119.357,1742511169.5426197
4,118.82,1742511169.5426197
5,121.15,1742511169.5426197
6,118.457,1742511169.5426197
7,126.281,1742511169.5426197
0,121.97,1742511169.59275
1,118.224,1742511169.59275
2,122.379,1742511169.59275
3,119.357,1742511169.59275
4,118.82,1742511169.59275
5,121.095,1742511169.59275
6,118.457,1742511169.59275
7,126.281,1742511169.59275
0,121.899,1742511169.6428664
1,118.046,1742511169.6428664
2,122.379,1742511169.6428664
3,119.37,1742511169.6428664
4,118.752,1742511169.6428664
5,121.095,1742511169.6428664
6,118.392,1742511169.6428664
7,126.261,1742511169.6428664
0,121.899,1742511169.6929977
1,118.046,1742511169.6929977
2,122.297,1742511169.6929977
3,119.37,1742511169.6929977
4,118.752,1742511169.6929977
5,121.095,1742511169.6929977
6,118.392,1742511169.6929977
7,126.261,1742511169.6929977
0,121.849,1742511169.7430975
1,118.094,1742511169.7430975
2,122.297,1742511169.7430975
3,119.37,1742511169.7430975
4,118.684,1742511169.7430975
5,121.013,1742511169.7430975
6,118.32,1742511169.7430975
7,126.272,1742511169.7430975
0,121.849,1742511169.7932267
1,118.094,1742511169.7932267
2,122.249,1742511169.7932267
3,119.385,1742511169.7932267
4,118.684,1742511169.7932267
5,121.013,1742511169.7932267
6,118.32,1742511169.7932267
7,126.272,1742511169.7932267
0,121.794,1742511169.84335
1,117.957,1742511169.84335
2,122.249,1742511169.84335
3,119.385,1742511169.84335
4,118.652,1742511169.84335
5,120.963,1742511169.84335
6,118.275,1742511169.84335
7,126.284,1742511169.84335
0,121.794,1742511169.8934758
1,117.957,1742511169.8934758
2,122.206,1742511169.8934758
3,119.412,1742511169.8934758
4,118.652,1742511169.8934758
5,120.963,1742511169.8934758
6,118.275,1742511169.8934758
7,126.284,1742511169.8934758
0,121.757,1742511169.9436183
1,117.93,1742511169.9436183
2,122.206,1742511169.9436183
3,119.412,1742511169.9436183
4,118.594,1742511169.9436183
5,120.919,1742511169.9436183
6,118.229,1742511169.9436183
7,126.279,1742511169.9436183
0,121.757,1742511169.9937222
1,117.93,1742511169.9937222
2,122.153,1742511169.9937222
3,119.435,1742511169.9937222
4,118.594,1742511169.9937222
5,120.919,1742511169.9937222
6,118.229,1742511169.9937222
7,126.279,1742511169.9937222
0,121.733,1742511170.0438416
1,117.936,1742511170.0438416
2,122.153,1742511170.0438416
3,119.435,1742511170.0438416
4,118.568,1742511170.0438416
5,120.89,1742511170.0438416
6,118.21,1742511170.0438416
7,126.292,1742511170.0438416
0,121.733,1742511170.0939617
1,117.936,1742511170.0939617
2,129.199,1742511170.0939617
3,122.279,1742511170.0939617
4,118.568,1742511170.0939617
5,120.89,1742511170.0939617
6,118.21,1742511170.0939617
7,126.292,1742511170.0939617
0,136.068,1742511170.1440666
1,139.715,1742511170.1440666
2,129.199,1742511170.1440666
3,122.279,1742511170.1440666
4,141.373,1742511170.1440666
5,137.688,1742511170.1440666
6,135.106,1742511170.1440666
7,148.114,1742511170.1440666
0,136.068,1742511170.1941721
1,139.715,1742511170.1941721
2,152.422,1742511170.1941721
3,146.896,1742511170.1941721
4,141.373,1742511170.1941721
5,137.688,1742511170.1941721
6,135.106,1742511170.1941721
7,148.114,1742511170.1941721
0,161.041,1742511170.2442737
1,164.116,1742511170.2442737
2,152.422,1742511170.2442737
3,146.896,1742511170.2442737
4,165.819,1742511170.2442737
5,163.529,1742511170.2442737
6,159.083,1742511170.2442737
7,172.595,1742511170.2442737
0,161.041,1742511170.294382
1,164.116,1742511170.294382
2,177.142,1742511170.294382
3,173.436,1742511170.294382
4,165.819,1742511170.294382
5,163.529,1742511170.294382
6,159.083,1742511170.294382
7,172.595,1742511170.294382
0,185.019,1742511170.344486
1,189.04,1742511170.344486
2,177.142,1742511170.344486
3,173.436,1742511170.344486
4,189.368,1742511170.344486
5,188.354,1742511170.344486
6,183.313,1742511170.344486
7,197.743,1742511170.344486
0,185.019,1742511170.3945935
1,189.04,1742511170.3945935
2,202.047,1742511170.3945935
3,198.976,1742511170.3945935
4,189.368,1742511170.3945935
5,188.354,1742511170.3945935
6,183.313,1742511170.3945935
7,197.743,1742511170.3945935
0,209.416,1742511170.444695
1,214.06,1742511170.444695
2,202.047,1742511170.444695
3,198.976,1742511170.444695
4,210.759,1742511170.444695
5,213.367,1742511170.444695
6,207.827,1742511170.444695
7,221.869,1742511170.444695
0,209.416,1742511170.4948025
1,214.06,1742511170.4948025
2,228.204,1742511170.4948025
3,222.1,1742511170.4948025
4,210.759,1742511170.4948025
5,213.367,1742511170.4948025
6,207.827,1742511170.4948025
7,221.869,1742511170.4948025
0,242.044,1742511170.5449054
1,239.244,1742511170.5449054
2,228.204,1742511170.5449054
3,222.1,1742511170.5449054
4,236.899,1742511170.5449054
5,238.586,1742511170.5449054
6,233.128,1742511170.5449054
7,246.668,1742511170.5449054
0,242.044,1742511170.5950148
1,239.244,1742511170.5950148
2,250.769,1742511170.5950148
3,250.094,1742511170.5950148
4,236.899,1742511170.5950148
5,238.586,1742511170.5950148
6,233.128,1742511170.5950148
7,246.668,1742511170.5950148
0,267.643,1742511170.645115
1,263.556,1742511170.645115
2,250.769,1742511170.645115
3,250.094,1742511170.645115
4,260.49,1742511170.645115
5,264.025,1742511170.645115
6,257.189,1742511170.645115
7,270.788,1742511170.645115
0,267.643,1742511170.6952436
1,263.556,1742511170.6952436
2,275.239,1742511170.6952436
3,275.052,1742511170.6952436
4,260.49,1742511170.6952436
5,264.025,1742511170.6952436
6,257.189,1742511170.6952436
7,270.788,1742511170.6952436
0,294.104,1742511170.7453525
1,288.072,1742511170.7453525
2,275.239,1742511170.7453525
3,275.052,1742511170.7453525
4,284.745,1742511170.7453525
5,285.114,1742511170.7453525
6,284.789,1742511170.7453525
7,302.059,1742511170.7453525
0,294.104,1742511170.795482
1,288.072,1742511170.795482
2,300.067,1742511170.795482
3,296.782,1742511170.795482
4,284.745,1742511170.795482
5,285.114,1742511170.795482
6,284.789,1742511170.795482
7,302.059,1742511170.795482
0,320.012,1742511170.8455904
1,317.502,1742511170.8455904
2,300.067,1742511170.8455904
3,296.782,1742511170.8455904
4,308.83,1742511170.8455904
5,309.563,1742511170.8455904
6,309.564,1742511170.8455904
7,326.776,1742511170.8455904
0,320.012,1742511170.8956995
1,317.502,1742511170.8956995
2,324.868,1742511170.8956995
3,326.201,1742511170.8956995
4,308.83,1742511170.8956995
5,309.563,1742511170.8956995
6,309.564,1742511170.8956995
7,326.776,1742511170.8956995
0,345.264,1742511170.9458053
1,341.768,1742511170.9458053
2,324.868,1742511170.9458053
3,326.201,1742511170.9458053
4,332.532,1742511170.9458053
5,333.849,1742511170.9458053
6,330.229,1742511170.9458053
7,352.273,1742511170.9458053
0,345.264,1742511170.9959352
1,341.768,1742511170.9959352
2,349.052,1742511170.9959352
3,355.209,1742511170.9959352
4,332.532,1742511170.9959352
5,333.849,1742511170.9959352
6,330.229,1742511170.9959352
7,352.273,1742511170.9959352
0,370.049,1742511171.0460877
1,365.002,1742511171.0460877
2,349.052,1742511171.0460877
3,355.209,1742511171.0460877
4,358.78,1742511171.0460877
5,357.459,1742511171.0460877
6,354.173,1742511171.0460877
7,375.638,1742511171.0460877
0,370.049,1742511171.0962155
1,365.002,1742511171.0962155
2,369.914,1742511171.0962155
3,373.38,1742511171.0962155
4,358.78,1742511171.0962155
5,357.459,1742511171.0962155
6,354.173,1742511171.0962155
7,375.638,1742511171.0962155
0,374.179,1742511171.1463149
1,366.204,1742511171.1463149
2,369.914,1742511171.1463149
3,373.38,1742511171.1463149
4,358.177,1742511171.1463149
5,371.15,1742511171.1463149
6,365.913,1742511171.1463149
7,376.685,1742511171.1463149
0,374.179,1742511171.1964595
1,366.204,1742511171.1964595
2,370.48,1742511171.1964595
3,373.321,1742511171.1964595
4,358.177,1742511171.1964595
5,371.15,1742511171.1964595
6,365.913,1742511171.1964595
7,376.685,1742511171.1964595
0,373.143,1742511171.2465613
1,366.489,1742511171.2465613
2,370.48,1742511171.2465613
3,373.321,1742511171.2465613
4,358.649,1742511171.2465613
5,371.728,1742511171.2465613
6,366.262,1742511171.2465613
7,376.973,1742511171.2465613
0,373.143,1742511171.2966714
1,366.489,1742511171.2966714
2,370.304,1742511171.2966714
3,371.473,1742511171.2966714
4,358.649,1742511171.2966714
5,371.728,1742511171.2966714
6,366.262,1742511171.2966714
7,376.973,1742511171.2966714
0,373.92,1742511171.346778
1,365.348,1742511171.346778
2,370.304,1742511171.346778
3,371.473,1742511171.346778
4,359.721,1742511171.346778
5,372.397,1742511171.346778
6,365.713,1742511171.346778
7,377.671,1742511171.346778
0,373.92,1742511171.396889
1,365.348,1742511171.396889
2,371.132,1742511171.396889
3,372.298,1742511171.396889
4,359.721,1742511171.396889
5,372.397,1742511171.396889
6,365.713,1742511171.396889
7,377.671,1742511171.396889
0,374.599,1742511171.4469912
1,364.348,1742511171.4469912
2,371.132,1742511171.4469912
3,372.298,1742511171.4469912
4,360.241,1742511171.4469912
5,373.327,1742511171.4469912
6,367.026,1742511171.4469912
7,377.208,1742511171.4469912
0,374.599,1742511171.4971132
1,364.348,1742511171.4971132
2,370.075,1742511171.4971132
3,373.247,1742511171.4971132
4,360.241,1742511171.4971132
5,373.327,1742511171.4971132
6,367.026,1742511171.4971132
7,377.208,1742511171.4971132
0,373.319,1742511171.547216
1,363.653,1742511171.547216
2,370.075,1742511171.547216
3,373.247,1742511171.547216
4,359.938,1742511171.547216
5,373.221,1742511171.547216
6,364.776,1742511171.547216
7,377.152,1742511171.547216
0,373.319,1742511171.5973363
1,363.653,1742511171.5973363
2,370.128,1742511171.5973363
3,372.969,1742511171.5973363
4,359.938,1742511171.5973363
5,373.221,1742511171.5973363
6,364.776,1742511171.5973363
7,377.152,1742511171.5973363
0,373.113,1742511171.6474402
1,363.824,1742511171.6474402
2,370.128,1742511171.6474402
3,372.969,1742511171.6474402
4,360.435,1742511171.6474402
5,372.994,1742511171.6474402
6,365.836,1742511171.6474402
7,377.826,1742511171.6474402
0,373.113,1742511171.697559
1,363.824,1742511171.697559
2,372.356,1742511171.697559
3,373.273,1742511171.697559
4,360.435,1742511171.697559
5,372.994,1742511171.697559
6,365.836,1742511171.697559
7,377.826,1742511171.697559
0,372.02,1742511171.747664
1,363.824,1742511171.747664
2,372.356,1742511171.747664
3,373.273,1742511171.747664
4,360.039,1742511171.747664
5,373.35,1742511171.747664
6,365.709,1742511171.747664
7,376.237,1742511171.747664
0,372.02,1742511171.7977908
1,363.613,1742511171.7977908
2,370.886,1742511171.7977908
3,373.103,1742511171.7977908
4,360.039,1742511171.7977908
5,373.35,1742511171.7977908
6,365.709,1742511171.7977908
7,376.237,1742511171.7977908
0,371.177,1742511171.847898
1,363.613,1742511171.847898
2,370.886,1742511171.847898
3,373.103,1742511171.847898
4,360.324,1742511171.847898
5,375.061,1742511171.847898
6,366.307,1742511171.847898
7,376.237,1742511171.847898
0,371.177,1742511171.8980298
1,364.342,1742511171.8980298
2,372.075,1742511171.8980298
3,372.126,1742511171.8980298
4,360.324,1742511171.8980298
5,375.061,1742511171.8980298
6,366.307,1742511171.8980298
7,377.349,1742511171.8980298
0,372.221,1742511171.9481304
1,364.342,1742511171.9481304
2,372.075,1742511171.9481304
3,372.126,1742511171.9481304
4,360.324,1742511171.9481304
5,375.338,1742511171.9481304
6,365.598,1742511171.9481304
7,377.349,1742511171.9481304
0,372.221,1742511171.9983199
1,364.378,1742511171.9983199
2,371.312,1742511171.9983199
3,371.966,1742511171.9983199
4,360.493,1742511171.9983199
5,375.338,1742511171.9983199
6,365.598,1742511171.9983199
7,376.105,1742511171.9983199
0,373.849,1742511172.048421
1,364.378,1742511172.048421
2,371.312,1742511172.048421
3,371.966,1742511172.048421
4,360.493,1742511172.048421
5,377.822,1742511172.048421
6,366.326,1742511172.048421
7,376.105,1742511172.048421
0,373.849,1742511172.0985498
1,364.866,1742511172.0985498
2,371.479,1742511172.0985498
3,374.434,1742511172.0985498
4,361.942,1742511172.0985498
5,377.822,1742511172.0985498
6,366.326,1742511172.0985498
7,379.617,1742511172.0985498
0,374.639,1742511172.1486506
1,364.866,1742511172.1486506
2,371.479,1742511172.1486506
3,374.434,1742511172.1486506
4,361.942,1742511172.1486506
5,379.061,1742511172.1486506
6,367.359,1742511172.1486506
7,379.617,1742511172.1486506
0,374.639,1742511172.1987572
1,363.63,1742511172.1987572
2,374.226,1742511172.1987572
3,373.253,1742511172.1987572
4,362.475,1742511172.1987572
5,379.061,1742511172.1987572
6,367.359,1742511172.1987572
7,379.454,1742511172.1987572
0,377.027,1742511172.248859
1,363.63,1742511172.248859
2,374.226,1742511172.248859
3,373.253,1742511172.248859
4,362.475,1742511172.248859
5,377.646,1742511172.248859
6,368.542,1742511172.248859
7,379.454,1742511172.248859
0,377.027,1742511172.2989662
1,361.779,1742511172.2989662
2,374.851,1742511172.2989662
3,374.641,1742511172.2989662
4,362.372,1742511172.2989662
5,377.646,1742511172.2989662
6,368.542,1742511172.2989662
7,380.177,1742511172.2989662
0,378.29,1742511172.3490684
1,361.779,1742511172.3490684
2,374.851,1742511172.3490684
3,374.641,1742511172.3490684
4,362.372,1742511172.3490684
5,377.136,1742511172.3490684
6,367.716,1742511172.3490684
7,380.177,1742511172.3490684
0,378.29,1742511172.3992088
1,366.261,1742511172.3992088
2,374.614,1742511172.3992088
3,373.905,1742511172.3992088
4,359.75,1742511172.3992088
5,377.136,1742511172.3992088
6,367.716,1742511172.3992088
7,381.775,1742511172.3992088
0,379.879,1742511172.44931
1,366.261,1742511172.44931
2,374.614,1742511172.44931
3,373.905,1742511172.44931
4,359.75,1742511172.44931
5,376.531,1742511172.44931
6,366.885,1742511172.44931
7,381.775,1742511172.44931
0,379.879,1742511172.499437
1,366.667,1742511172.499437
2,373.585,1742511172.499437
3,372.801,1742511172.499437
4,361.156,1742511172.499437
5,376.531,1742511172.499437
6,366.885,1742511172.499437
7,383.503,1742511172.499437
0,379.497,1742511172.5495453
1,366.667,1742511172.5495453
2,373.585,1742511172.5495453
3,372.801,1742511172.5495453
4,361.156,1742511172.5495453
5,376.741,1742511172.5495453
6,366.556,1742511172.5495453
7,383.503,1742511172.5495453
0,379.497,1742511172.5996716
1,367.839,1742511172.5996716
2,371.71,1742511172.5996716
3,370.947,1742511172.5996716
4,359.115,1742511172.5996716
5,376.741,1742511172.5996716
6,366.556,1742511172.5996716
7,384.383,1742511172.5996716
0,379.098,1742511172.6497748
1,367.839,1742511172.6497748
2,371.71,1742511172.6497748
3,370.947,1742511172.6497748
4,359.115,1742511172.6497748
5,376.744,1742511172.6497748
6,363.564,1742511172.6497748
7,384.383,1742511172.6497748
0,379.098,1742511172.699907
1,367.475,1742511172.699907
2,370.386,1742511172.699907
3,371.002,1742511172.699907
4,361.153,1742511172.699907
5,376.744,1742511172.699907
6,363.564,1742511172.699907
7,384.706,1742511172.699907
0,378.122,1742511172.7500117
1,367.475,1742511172.7500117
2,370.386,1742511172.7500117
3,371.002,1742511172.7500117
4,361.153,1742511172.7500117
5,377.455,1742511172.7500117
6,363.242,1742511172.7500117
7,384.706,1742511172.7500117
0,378.122,1742511172.8001387
1,367.514,1742511172.8001387
2,369.566,1742511172.8001387
3,371.236,1742511172.8001387
4,361.29,1742511172.8001387
5,377.455,1742511172.8001387
6,363.242,1742511172.8001387
7,385.911,1742511172.8001387
0,376.607,1742511172.8502426
1,367.514,1742511172.8502426
2,369.566,1742511172.8502426
3,371.236,1742511172.8502426
4,361.29,1742511172.8502426
5,376.994,1742511172.8502426
6,362.832,1742511172.8502426
7,385.911,1742511172.8502426
0,376.607,1742511172.9003751
1,367.768,1742511172.9003751
2,368.377,1742511172.9003751
3,372.178,1742511172.9003751
4,362.167,1742511172.9003751
5,376.994,1742511172.9003751
6,362.832,1742511172.9003751
7,385.439,1742511172.9003751
0,375.219,1742511172.9504778
1,367.768,1742511172.9504778
2,368.377,1742511172.9504778
3,372.178,1742511172.9504778
4,362.167,1742511172.9504778
5,377.912,1742511172.9504778
6,365.109,1742511172.9504778
7,385.439,1742511172.9504778
0,375.219,1742511173.0006065
1,369.096,1742511173.0006065
2,368.187,1742511173.0006065
3,372.805,1742511173.0006065
4,363.228,1742511173.0006065
5,377.912,1742511173.0006065
6,365.109,1742511173.0006065
7,385.731,1742511173.0006065
0,373.596,1742511173.0507016
1,369.096,1742511173.0507016
2,368.187,1742511173.0507016
3,372.805,1742511173.0507016
4,363.228,1742511173.0507016
5,377.535,1742511173.0507016
6,366.312,1742511173.0507016
7,385.731,1742511173.0507016
0,373.596,1742511173.1008208
1,368.916,1742511173.1008208
2,367.726,1742511173.1008208
3,374.076,1742511173.1008208
4,364.996,1742511173.1008208
5,377.535,1742511173.1008208
6,366.312,1742511173.1008208
7,384.713,1742511173.1008208
0,373.032,1742511173.1509266
1,368.916,1742511173.1509266
2,367.726,1742511173.1509266
3,374.076,1742511173.1509266
4,364.996,1742511173.1509266
5,376.982,1742511173.1509266
6,366.338,1742511173.1509266
7,384.713,1742511173.1509266
0,373.032,1742511173.2010715
1,369.11,1742511173.2010715
2,365.757,1742511173.2010715
3,373.112,1742511173.2010715
4,366.124,1742511173.2010715
5,376.982,1742511173.2010715
6,366.338,1742511173.2010715
7,384.376,1742511173.2010715
0,360.42,1742511173.2511714
1,369.11,1742511173.2511714
2,365.757,1742511173.2511714
3,373.112,1742511173.2511714
4,366.124,1742511173.2511714
5,368.109,1742511173.2511714
6,351.225,1742511173.2511714
7,384.376,1742511173.2511714
0,360.42,1742511173.3012757
1,348.844,1742511173.3012757
2,341.149,1742511173.3012757
3,348.384,1742511173.3012757
4,344.513,1742511173.3012757
5,368.109,1742511173.3012757
6,351.225,1742511173.3012757
7,361.32,1742511173.3012757
0,334.996,1742511173.3513763
1,348.844,1742511173.3513763
2,341.149,1742511173.3513763
3,348.384,1742511173.3513763
4,344.513,1742511173.3513763
5,342.634,1742511173.3513763
6,327.124,1742511173.3513763
7,361.32,1742511173.3513763
0,334.996,1742511173.401479
1,320.682,1742511173.401479
2,316.645,1742511173.401479
3,323.15,1742511173.401479
4,320.38,1742511173.401479
5,342.634,1742511173.401479
6,327.124,1742511173.401479
7,334.639,1742511173.401479
0,310.803,1742511173.451576
1,320.682,1742511173.451576
2,316.645,1742511173.451576
3,323.15,1742511173.451576
4,320.38,1742511173.451576
5,317.838,1742511173.451576
6,327.124,1742511173.451576
7,334.639,1742511173.451576
0,310.803,1742511173.5017257
1,295.447,1742511173.5017257
2,292.494,1742511173.5017257
3,298.464,1742511173.5017257
4,296.247,1742511173.5017257
5,317.838,1742511173.5017257
6,302.553,1742511173.5017257
7,304.635,1742511173.5017257
0,286.585,1742511173.5518248
1,295.447,1742511173.5518248
2,292.494,1742511173.5518248
3,298.464,1742511173.5518248
4,296.247,1742511173.5518248
5,293.158,1742511173.5518248
6,282.156,1742511173.5518248
7,304.635,1742511173.5518248
0,286.585,1742511173.6019526
1,274.291,1742511173.6019526
2,292.494,1742511173.6019526
3,274.71,1742511173.6019526
4,272.144,1742511173.6019526
5,293.158,1742511173.6019526
6,282.156,1742511173.6019526
7,279.753,1742511173.6019526
0,261.689,1742511173.6520503
1,274.291,1742511173.6520503
2,264.284,1742511173.6520503
3,274.71,1742511173.6520503
4,272.144,1742511173.6520503
5,269.58,1742511173.6520503
6,255.662,1742511173.6520503
7,279.753,1742511173.6520503
0,261.689,1742511173.7021866
1,245.85,1742511173.7021866
2,264.284,1742511173.7021866
3,250.474,1742511173.7021866
4,247.482,1742511173.7021866
5,269.58,1742511173.7021866
6,255.662,1742511173.7021866
7,253.544,1742511173.7021866
0,238.041,1742511173.7522864
1,245.85,1742511173.7522864
2,239.86,1742511173.7522864
3,250.474,1742511173.7522864
4,247.482,1742511173.7522864
5,244.341,1742511173.7522864
6,232.131,1742511173.7522864
7,253.544,1742511173.7522864
0,238.041,1742511173.8024232
1,225.89,1742511173.8024232
2,239.86,1742511173.8024232
3,223.903,1742511173.8024232
4,227.885,1742511173.8024232
5,244.341,1742511173.8024232
6,232.131,1742511173.8024232
7,228.062,1742511173.8024232
0,213.968,1742511173.8525164
1,225.89,1742511173.8525164
2,217.942,1742511173.8525164
3,223.903,1742511173.8525164
4,227.885,1742511173.8525164
5,218.632,1742511173.8525164
6,210.593,1742511173.8525164
7,228.062,1742511173.8525164
0,213.968,1742511173.9026542
1,196.492,1742511173.9026542
2,217.942,1742511173.9026542
3,197.241,1742511173.9026542
4,202.989,1742511173.9026542
5,218.632,1742511173.9026542
6,210.593,1742511173.9026542
7,202.879,1742511173.9026542
0,178.703,1742511173.9527512
1,196.492,1742511173.9527512
2,194.229,1742511173.9527512
3,197.241,1742511173.9527512
4,202.989,1742511173.9527512
5,190.339,1742511173.9527512
6,179.628,1742511173.9527512
7,202.879,1742511173.9527512
0,178.703,1742511174.0028872
1,171.849,1742511174.0028872
2,194.229,1742511174.0028872
3,173.774,1742511174.0028872
4,178.63,1742511174.0028872
5,190.339,1742511174.0028872
6,179.628,1742511174.0028872
7,177.427,1742511174.0028872
0,153.103,1742511174.0529857
1,171.849,1742511174.0529857
2,166.792,1742511174.0529857
3,173.774,1742511174.0529857
4,178.63,1742511174.0529857
5,167.843,1742511174.0529857
6,158.688,1742511174.0529857
7,177.427,1742511174.0529857
0,153.103,1742511174.103092
1,147.474,1742511174.103092
2,166.792,1742511174.103092
3,147.779,1742511174.103092
4,143.168,1742511174.103092
5,167.843,1742511174.103092
6,158.688,1742511174.103092
7,152.489,1742511174.103092
0,128.877,1742511174.1531901
1,147.474,1742511174.1531901
2,142.209,1742511174.1531901
3,147.779,1742511174.1531901
4,143.168,1742511174.1531901
5,139.049,1742511174.1531901
6,133.985,1742511174.1531901
7,152.489,1742511174.1531901
0,128.877,1742511174.2033257
1,129.403,1742511174.2033257
2,142.209,1742511174.2033257
3,120.102,1742511174.2033257
4,122.048,1742511174.2033257
5,139.049,1742511174.2033257
6,133.985,1742511174.2033257
7,127.988,1742511174.2033257
0,122.146,1742511174.2534237
1,129.403,1742511174.2534237
2,123.121,1742511174.2534237
3,120.102,1742511174.2534237
4,122.048,1742511174.2534237
5,122.604,1742511174.2534237
6,118.664,1742511174.2534237
7,127.988,1742511174.2534237
0,122.146,1742511174.3035624
1,118.423,1742511174.3035624
2,123.121,1742511174.3035624
3,119.45,1742511174.3035624
4,119.016,1742511174.3035624
5,122.604,1742511174.3035624
6,118.664,1742511174.3035624
7,126.917,1742511174.3035624
0,122.063,1742511174.3536603
1,118.423,1742511174.3536603
2,122.773,1742511174.3536603
3,119.45,1742511174.3536603
4,119.016,1742511174.3536603
5,122.507,1742511174.3536603
6,118.605,1742511174.3536603
7,126.917,1742511174.3536603
0,122.063,1742511174.4038293
1,118.308,1742511174.4038293
2,122.773,1742511174.4038293
3,119.339,1742511174.4038293
4,118.899,1742511174.4038293
5,122.507,1742511174.4038293
6,118.605,1742511174.4038293
7,126.857,1742511174.4038293
0,122.015,1742511174.4539292
1,118.308,1742511174.4539292
2,122.589,1742511174.4539292
3,119.339,1742511174.4539292
4,118.899,1742511174.4539292
5,122.412,1742511174.4539292
6,118.537,1742511174.4539292
7,126.857,1742511174.4539292
0,122.015,1742511174.5040658
1,118.268,1742511174.5040658
2,122.589,1742511174.5040658
3,119.253,1742511174.5040658
4,118.81,1742511174.5040658
5,122.412,1742511174.5040658
6,118.537,1742511174.5040658
7,126.818,1742511174.5040658
0,121.986,1742511174.5541658
1,118.268,1742511174.5541658
2,122.506,1742511174.5541658
3,119.253,1742511174.5541658
4,118.81,1742511174.5541658
5,122.304,1742511174.5541658
6,118.484,1742511174.5541658
7,126.818,1742511174.5541658
0,121.986,1742511174.604302
1,118.213,1742511174.604302
2,122.506,1742511174.604302
3,119.179,1742511174.604302
4,118.757,1742511174.604302
5,122.304,1742511174.604302
6,118.484,1742511174.604302
7,126.81,1742511174.604302
0,121.952,1742511174.6544006
1,118.213,1742511174.6544006
2,122.413,1742511174.6544006
3,119.179,1742511174.6544006
4,118.757,1742511174.6544006
5,122.264,1742511174.6544006
6,118.484,1742511174.6544006
7,126.81,1742511174.6544006
0,121.952,1742511174.7045267
1,118.095,1742511174.7045267
2,122.413,1742511174.7045267
3,119.125,1742511174.7045267
4,118.69,1742511174.7045267
5,122.264,1742511174.7045267
6,118.445,1742511174.7045267
7,126.804,1742511174.7045267
0,121.871,1742511174.7546258
1,118.095,1742511174.7546258
2,122.355,1742511174.7546258
3,119.125,1742511174.7546258
4,118.69,1742511174.7546258
5,122.176,1742511174.7546258
6,118.38,1742511174.7546258
7,126.804,1742511174.7546258
0,121.871,1742511174.8047643
1,118.13,1742511174.8047643
2,122.355,1742511174.8047643
3,119.079,1742511174.8047643
4,118.615,1742511174.8047643
5,122.176,1742511174.8047643
6,118.38,1742511174.8047643
7,126.838,1742511174.8047643
0,121.822,1742511174.854866
1,118.13,1742511174.854866
2,122.292,1742511174.854866
3,119.079,1742511174.854866
4,118.615,1742511174.854866
5,122.159,1742511174.854866
6,118.335,1742511174.854866
7,126.838,1742511174.854866
0,121.822,1742511174.9050083
1,117.964,1742511174.9050083
2,122.292,1742511174.9050083
3,119.074,1742511174.9050083
4,118.574,1742511174.9050083
5,122.159,1742511174.9050083
6,118.335,1742511174.9050083
7,126.804,1742511174.9050083
0,121.822,1742511174.9551086
1,117.964,1742511174.9551086
2,122.238,1742511174.9551086
3,119.074,1742511174.9551086
4,118.574,1742511174.9551086
5,122.08,1742511174.9551086
6,118.297,1742511174.9551086
7,126.804,1742511174.9551086
0,121.769,1742511175.0052354
1,118.041,1742511175.0052354
2,122.238,1742511175.0052354
3,119.104,1742511175.0052354
4,118.527,1742511175.0052354
5,122.08,1742511175.0052354
6,118.297,1742511175.0052354
7,126.749,1742511175.0052354
0,121.769,1742511175.0553343
1,118.041,1742511175.0553343
2,122.185,1742511175.0553343
3,119.104,1742511175.0553343
4,118.527,1742511175.0553343
5,122.057,1742511175.0553343
6,118.279,1742511175.0553343
7,126.749,1742511175.0553343
0,121.735,1742511175.1054397
1,117.884,1742511175.1054397
2,122.185,1742511175.1054397
3,119.125,1742511175.1054397
4,118.514,1742511175.1054397
5,122.057,1742511175.1054397
6,118.279,1742511175.1054397
7,126.706,1742511175.1054397
0,121.735,1742511175.1555548
1,117.884,1742511175.1555548
2,122.134,1742511175.1555548
3,119.125,1742511175.1555548
4,118.514,1742511175.1555548
5,121.972,1742511175.1555548
6,120.004,1742511175.1555548
7,126.706,1742511175.1555548
0,124.418,1742511175.205744
1,126.613,1742511175.205744
2,122.134,1742511175.205744
3,128.726,1742511175.205744
4,127.655,1742511175.205744
5,121.972,1742511175.205744
6,120.004,1742511175.205744
7,140.244,1742511175.205744
0,124.418,1742511175.255849
1,126.613,1742511175.255849
2,139.255,1742511175.255849
3,128.726,1742511175.255849
4,127.655,1742511175.255849
5,143.266,1742511175.255849
6,144.216,1742511175.255849
7,140.244,1742511175.255849
0,148.461,1742511175.3059845
1,150.974,1742511175.3059845
2,139.255,1742511175.3059845
3,153.818,1742511175.3059845
4,151.489,1742511175.3059845
5,143.266,1742511175.3059845
6,144.216,1742511175.3059845
7,165.15,1742511175.3059845
0,148.461,1742511175.356091
1,150.974,1742511175.356091
2,165.029,1742511175.356091
3,153.818,1742511175.356091
4,151.489,1742511175.356091
5,167.553,1742511175.356091
6,168.803,1742511175.356091
7,165.15,1742511175.356091
0,178.071,1742511175.406271
1,174.686,1742511175.406271
2,165.029,1742511175.406271
3,185.248,1742511175.406271
4,175.008,1742511175.406271
5,167.553,1742511175.406271
6,168.803,1742511175.406271
7,189.828,1742511175.406271
0,178.071,1742511175.4563732
1,174.686,1742511175.4563732
2,189.508,1742511175.4563732
3,185.248,1742511175.4563732
4,175.008,1742511175.4563732
5,195.598,1742511175.4563732
6,193.241,1742511175.4563732
7,189.828,1742511175.4563732
0,202.667,1742511175.5065184
1,196.584,1742511175.5065184
2,189.508,1742511175.5065184
3,185.248,1742511175.5065184
4,198.044,1742511175.5065184
5,195.598,1742511175.5065184
6,193.241,1742511175.5065184
7,189.828,1742511175.5065184
0,202.667,1742511175.5566242
1,196.584,1742511175.5566242
2,215.981,1742511175.5566242
3,209.897,1742511175.5566242
4,198.044,1742511175.5566242
5,223.291,1742511175.5566242
6,219.534,1742511175.5566242
7,215.005,1742511175.5566242
0,228.637,1742511175.6067631
1,221.056,1742511175.6067631
2,215.981,1742511175.6067631
3,209.897,1742511175.6067631
4,222.201,1742511175.6067631
5,223.291,1742511175.6067631
6,219.534,1742511175.6067631
7,215.005,1742511175.6067631
0,228.637,1742511175.656867
1,221.056,1742511175.656867
2,241.683,1742511175.656867
3,234.588,1742511175.656867
4,222.201,1742511175.656867
5,249.537,1742511175.656867
6,242.149,1742511175.656867
7,240.489,1742511175.656867
0,254.586,1742511175.7070084
1,244.776,1742511175.7070084
2,241.683,1742511175.7070084
3,234.588,1742511175.7070084
4,246.285,1742511175.7070084
5,249.537,1742511175.7070084
6,242.149,1742511175.7070084
7,240.489,1742511175.7070084
0,254.586,1742511175.7571096
1,244.776,1742511175.7571096
2,266.238,1742511175.7571096
3,260.025,1742511175.7571096
4,246.285,1742511175.7571096
5,272.267,1742511175.7571096
6,269.145,1742511175.7571096
7,265.701,1742511175.7571096
0,283.127,1742511175.807239
1,268.657,1742511175.807239
2,266.238,1742511175.807239
3,260.025,1742511175.807239
4,269.504,1742511175.807239
5,272.267,1742511175.807239
6,269.145,1742511175.807239
7,265.701,1742511175.807239
0,283.127,1742511175.8573458
1,268.657,1742511175.8573458
2,291.363,1742511175.8573458
3,285.295,1742511175.8573458
4,269.504,1742511175.8573458
5,300.353,1742511175.8573458
6,290.541,1742511175.8573458
7,291.45,1742511175.8573458
0,305.326,1742511175.907482
1,292.518,1742511175.907482
2,291.363,1742511175.907482
3,285.295,1742511175.907482
4,293.53,1742511175.907482
5,300.353,1742511175.907482
6,290.541,1742511175.907482
7,291.45,1742511175.907482
0,305.326,1742511175.9575853
1,292.518,1742511175.9575853
2,315.911,1742511175.9575853
3,306.814,1742511175.9575853
4,293.53,1742511175.9575853
5,321.516,1742511175.9575853
6,290.541,1742511175.9575853
7,323.303,1742511175.9575853
0,334.438,1742511176.0077264
1,316.71,1742511176.0077264
2,315.911,1742511176.0077264
3,306.814,1742511176.0077264
4,316.526,1742511176.0077264
5,321.516,1742511176.0077264
6,322.174,1742511176.0077264
7,323.303,1742511176.0077264
0,334.438,1742511176.057829
1,316.71,1742511176.057829
2,336.123,1742511176.057829
3,334.981,1742511176.057829
4,316.526,1742511176.057829
5,350.97,1742511176.057829
6,322.174,1742511176.057829
7,349.898,1742511176.057829
0,354.973,1742511176.1079526
1,341.854,1742511176.1079526
2,336.123,1742511176.1079526
3,334.981,1742511176.1079526
4,339.49,1742511176.1079526
5,350.97,1742511176.1079526
6,346.746,1742511176.1079526
7,349.898,1742511176.1079526
0,354.973,1742511176.1580544
1,341.854,1742511176.1580544
2,364.566,1742511176.1580544
3,358.0,1742511176.1580544
4,339.49,1742511176.1580544
5,371.524,1742511176.1580544
6,346.746,1742511176.1580544
7,374.802,1742511176.1580544
0,376.479,1742511176.2081943
1,363.204,1742511176.2081943
2,364.566,1742511176.2081943
3,358.0,1742511176.2081943
4,358.552,1742511176.2081943
5,371.524,1742511176.2081943
6,365.622,1742511176.2081943
7,374.802,1742511176.2081943
0,376.479,1742511176.258299
1,363.204,1742511176.258299
2,371.937,1742511176.258299
3,367.143,1742511176.258299
4,358.552,1742511176.258299
5,376.08,1742511176.258299
6,365.622,1742511176.258299
7,379.577,1742511176.258299
0,376.73,1742511176.3084695
1,363.632,1742511176.3084695
2,371.937,1742511176.3084695
3,367.143,1742511176.3084695
4,359.336,1742511176.3084695
5,376.08,1742511176.3084695
6,365.528,1742511176.3084695
7,379.577,1742511176.3084695
0,376.73,1742511176.3585718
1,363.632,1742511176.3585718
2,369.975,1742511176.3585718
3,366.478,1742511176.3585718
4,359.336,1742511176.3585718
5,376.993,1742511176.3585718
6,365.528,1742511176.3585718
7,378.814,1742511176.3585718
0,375.344,1742511176.4087186
1,363.247,1742511176.4087186
2,369.975,1742511176.4087186
3,366.478,1742511176.4087186
4,358.801,1742511176.4087186
5,376.993,1742511176.4087186
6,367.105,1742511176.4087186
7,378.814,1742511176.4087186
0,375.344,1742511176.458817
1,363.247,1742511176.458817
2,366.71,1742511176.458817
3,366.971,1742511176.458817
4,358.801,1742511176.458817
5,377.407,1742511176.458817
6,367.105,1742511176.458817
7,379.333,1742511176.458817
0,374.829,1742511176.5089595
1,365.255,1742511176.5089595
2,366.71,1742511176.5089595
3,366.971,1742511176.5089595
4,359.749,1742511176.5089595
5,377.407,1742511176.5089595
6,367.511,1742511176.5089595
7,379.333,1742511176.5089595
0,374.829,1742511176.5590613
1,365.255,1742511176.5590613
2,367.355,1742511176.5590613
3,366.913,1742511176.5590613
4,359.749,1742511176.5590613
5,376.127,1742511176.5590613
6,367.511,1742511176.5590613
7,379.231,1742511176.5590613
0,373.303,1742511176.6092007
1,363.599,1742511176.6092007
2,367.355,1742511176.6092007
3,366.913,1742511176.6092007
4,358.651,1742511176.6092007
5,376.127,1742511176.6092007
6,367.341,1742511176.6092007
7,379.231,1742511176.6092007
0,373.303,1742511176.6593015
1,363.599,1742511176.6593015
2,365.514,1742511176.6593015
3,366.596,1742511176.6593015
4,358.651,1742511176.6593015
5,373.45,1742511176.6593015
6,367.341,1742511176.6593015
7,378.18,1742511176.6593015
0,372.287,1742511176.709446
1,364.464,1742511176.709446
2,365.514,1742511176.709446
3,366.596,1742511176.709446
4,357.51,1742511176.709446
5,373.45,1742511176.709446
6,367.481,1742511176.709446
7,378.18,1742511176.709446
0,372.287,1742511176.7595465
1,364.464,1742511176.7595465
2,365.912,1742511176.7595465
3,366.993,1742511176.7595465
4,357.51,1742511176.7595465
5,370.757,1742511176.7595465
6,367.481,1742511176.7595465
7,378.559,1742511176.7595465
0,372.082,1742511176.8097098
1,365.476,1742511176.8097098
2,365.912,1742511176.8097098
3,366.993,1742511176.8097098
4,357.187,1742511176.8097098
5,370.757,1742511176.8097098
6,366.177,1742511176.8097098
7,378.559,1742511176.8097098
0,372.082,1742511176.859817
1,365.476,1742511176.859817
2,364.055,1742511176.859817
3,365.621,1742511176.859817
4,357.187,1742511176.859817
5,370.528,1742511176.859817
6,366.177,1742511176.859817
7,379.789,1742511176.859817
0,370.642,1742511176.9099512
1,365.486,1742511176.9099512
2,364.055,1742511176.9099512
3,365.621,1742511176.9099512
4,358.332,1742511176.9099512
5,370.528,1742511176.9099512
6,365.322,1742511176.9099512
7,379.789,1742511176.9099512
0,370.642,1742511176.9600506
1,365.486,1742511176.9600506
2,361.629,1742511176.9600506
3,363.314,1742511176.9600506
4,358.332,1742511176.9600506
5,370.715,1742511176.9600506
6,365.322,1742511176.9600506
7,379.278,1742511176.9600506
0,370.247,1742511177.0101774
1,365.445,1742511177.0101774
2,361.629,1742511177.0101774
3,363.314,1742511177.0101774
4,358.652,1742511177.0101774
5,370.715,1742511177.0101774
6,367.739,1742511177.0101774
7,379.278,1742511177.0101774
0,370.247,1742511177.0602689
1,365.445,1742511177.0602689
2,361.17,1742511177.0602689
3,364.814,1742511177.0602689
4,358.652,1742511177.0602689
5,371.661,1742511177.0602689
6,367.739,1742511177.0602689
7,377.448,1742511177.0602689
0,369.191,1742511177.1104023
1,364.56,1742511177.1104023
2,361.17,1742511177.1104023
3,364.814,1742511177.1104023
4,359.416,1742511177.1104023
5,371.661,1742511177.1104023
6,368.354,1742511177.1104023
7,377.448,1742511177.1104023
0,369.191,1742511177.1605022
1,364.56,1742511177.1605022
2,362.241,1742511177.1605022
3,367.015,1742511177.1605022
4,359.416,1742511177.1605022
5,370.473,1742511177.1605022
6,368.354,1742511177.1605022
7,377.058,1742511177.1605022
0,369.861,1742511177.2106404
1,362.397,1742511177.2106404
2,362.241,1742511177.2106404
3,367.015,1742511177.2106404
4,359.897,1742511177.2106404
5,370.473,1742511177.2106404
6,368.548,1742511177.2106404
7,377.058,1742511177.2106404
0,369.861,1742511177.2607434
1,362.397,1742511177.2607434
2,364.095,1742511177.2607434
3,368.616,1742511177.2607434
4,359.897,1742511177.2607434
5,369.257,1742511177.2607434
6,368.548,1742511177.2607434
7,377.104,1742511177.2607434
0,371.388,1742511177.3108928
1,361.911,1742511177.3108928
2,364.095,1742511177.3108928
3,368.616,1742511177.3108928
4,359.463,1742511177.3108928
5,369.257,1742511177.3108928
6,368.036,1742511177.3108928
7,377.104,1742511177.3108928
0,371.388,1742511177.3609967
1,361.911,1742511177.3609967
2,365.272,1742511177.3609967
3,368.961,1742511177.3609967
4,359.463,1742511177.3609967
5,369.123,1742511177.3609967
6,368.036,1742511177.3609967
7,378.094,1742511177.3609967
0,373.307,1742511177.4111457
1,362.473,1742511177.4111457
2,365.272,1742511177.4111457
3,368.961,1742511177.4111457
4,360.378,1742511177.4111457
5,369.123,1742511177.4111457
6,366.101,1742511177.4111457
7,378.094,1742511177.4111457
0,373.307,1742511177.4612532
1,362.473,1742511177.4612532
2,366.206,1742511177.4612532
3,367.854,1742511177.4612532
4,360.378,1742511177.4612532
5,370.465,1742511177.4612532
6,366.101,1742511177.4612532
7,377.433,1742511177.4612532
0,374.291,1742511177.5113993
1,363.673,1742511177.5113993
2,366.206,1742511177.5113993
3,367.854,1742511177.5113993
4,358.871,1742511177.5113993
5,370.465,1742511177.5113993
6,364.058,1742511177.5113993
7,377.433,1742511177.5113993
0,374.291,1742511177.5615025
1,363.673,1742511177.5615025
2,365.426,1742511177.5615025
3,368.64,1742511177.5615025
4,358.871,1742511177.5615025
5,369.815,1742511177.5615025
6,364.058,1742511177.5615025
7,378.623,1742511177.5615025
0,374.151,1742511177.611649
1,365.43,1742511177.611649
2,365.426,1742511177.611649
3,368.64,1742511177.611649
4,360.47,1742511177.611649
5,369.815,1742511177.611649
6,364.061,1742511177.611649
7,378.623,1742511177.611649
0,374.151,1742511177.6617525
1,365.43,1742511177.6617525
2,365.75,1742511177.6617525
3,367.772,1742511177.6617525
4,360.47,1742511177.6617525
5,372.123,1742511177.6617525
6,364.061,1742511177.6617525
7,380.248,1742511177.6617525
0,373.158,1742511177.7118938
1,366.384,1742511177.7118938
2,365.75,1742511177.7118938
3,367.772,1742511177.7118938
4,362.942,1742511177.7118938
5,372.123,1742511177.7118938
6,363.959,1742511177.7118938
7,380.248,1742511177.7118938
0,373.158,1742511177.761995
1,366.384,1742511177.761995
2,365.943,1742511177.761995
3,368.296,1742511177.761995
4,362.942,1742511177.761995
5,374.234,1742511177.761995
6,363.959,1742511177.761995
7,379.781,1742511177.761995
0,372.975,1742511177.8121362
1,366.106,1742511177.8121362
2,365.943,1742511177.8121362
3,368.296,1742511177.8121362
4,364.626,1742511177.8121362
5,374.234,1742511177.8121362
6,365.099,1742511177.8121362
7,379.781,1742511177.8121362
0,372.975,1742511177.8622386
1,366.106,1742511177.8622386
2,366.118,1742511177.8622386
3,369.403,1742511177.8622386
4,364.626,1742511177.8622386
5,374.509,1742511177.8622386
6,365.099,1742511177.8622386
7,380.754,1742511177.8622386
0,372.746,1742511177.9124136
1,366.775,1742511177.9124136
2,366.118,1742511177.9124136
3,369.403,1742511177.9124136
4,362.94,1742511177.9124136
5,374.509,1742511177.9124136
6,366.473,1742511177.9124136
7,380.754,1742511177.9124136
0,372.746,1742511177.9625175
1,366.775,1742511177.9625175
2,366.176,1742511177.9625175
3,370.223,1742511177.9625175
4,362.94,1742511177.9625175
5,376.307,1742511177.9625175
6,366.473,1742511177.9625175
7,379.521,1742511177.9625175
0,370.564,1742511178.012658
1,367.626,1742511178.012658
2,366.176,1742511178.012658
3,370.223,1742511178.012658
4,363.946,1742511178.012658
5,376.307,1742511178.012658
6,365.347,1742511178.012658
7,379.521,1742511178.012658
0,370.564,1742511178.0627587
1,367.626,1742511178.0627587
2,365.464,1742511178.0627587
3,370.972,1742511178.0627587
4,363.946,1742511178.0627587
5,376.687,1742511178.0627587
6,365.347,1742511178.0627587
7,380.837,1742511178.0627587
0,372.68,1742511178.112892
1,368.805,1742511178.112892
2,365.464,1742511178.112892
3,370.972,1742511178.112892
4,364.96,1742511178.112892
5,376.687,1742511178.112892
6,368.561,1742511178.112892
7,380.837,1742511178.112892
0,372.68,1742511178.1629915
1,368.805,1742511178.1629915
2,365.231,1742511178.1629915
3,372.32,1742511178.1629915
4,364.96,1742511178.1629915
5,376.963,1742511178.1629915
6,368.561,1742511178.1629915
7,380.944,1742511178.1629915
0,370.449,1742511178.213121
1,369.123,1742511178.213121
2,365.231,1742511178.213121
3,372.32,1742511178.213121
4,363.798,1742511178.213121
5,376.963,1742511178.213121
6,367.565,1742511178.213121
7,380.944,1742511178.213121
0,370.449,1742511178.2632215
1,369.123,1742511178.2632215
2,359.341,1742511178.2632215
3,367.062,1742511178.2632215
4,363.798,1742511178.2632215
5,362.702,1742511178.2632215
6,367.565,1742511178.2632215
7,374.147,1742511178.2632215
0,347.574,1742511178.3133478
1,345.604,1742511178.3133478
2,359.341,1742511178.3133478
3,367.062,1742511178.3133478
4,340.379,1742511178.3133478
5,362.702,1742511178.3133478
6,354.327,1742511178.3133478
7,374.147,1742511178.3133478
0,347.574,1742511178.3634508
1,345.604,1742511178.3634508
2,335.19,1742511178.3634508
3,342.377,1742511178.3634508
4,340.379,1742511178.3634508
5,340.258,1742511178.3634508
6,354.327,1742511178.3634508
7,349.059,1742511178.3634508
0,321.798,1742511178.4135811
1,320.343,1742511178.4135811
2,335.19,1742511178.4135811
3,342.377,1742511178.4135811
4,316.519,1742511178.4135811
5,340.258,1742511178.4135811
6,330.265,1742511178.4135811
7,349.059,1742511178.4135811
0,321.798,1742511178.4636846
1,320.343,1742511178.4636846
2,311.246,1742511178.4636846
3,318.629,1742511178.4636846
4,316.519,1742511178.4636846
5,317.268,1742511178.4636846
6,330.265,1742511178.4636846
7,324.223,1742511178.4636846
0,297.381,1742511178.513825
1,295.972,1742511178.513825
2,311.246,1742511178.513825
3,318.629,1742511178.513825
4,293.42,1742511178.513825
5,317.268,1742511178.513825
6,303.45,1742511178.513825
7,324.223,1742511178.513825
0,297.381,1742511178.563925
1,295.972,1742511178.563925
2,288.173,1742511178.563925
3,293.521,1742511178.563925
4,293.42,1742511178.563925
5,292.708,1742511178.563925
6,303.45,1742511178.563925
7,297.869,1742511178.563925
0,272.528,1742511178.614064
1,269.849,1742511178.614064
2,288.173,1742511178.614064
3,293.521,1742511178.614064
4,270.011,1742511178.614064
5,292.708,1742511178.614064
6,274.001,1742511178.614064
7,297.869,1742511178.614064
0,272.528,1742511178.6641643
1,269.849,1742511178.6641643
2,264.516,1742511178.6641643
3,269.529,1742511178.6641643
4,270.011,1742511178.6641643
5,267.26,1742511178.6641643
6,274.001,1742511178.6641643
7,272.411,1742511178.6641643
0,246.758,1742511178.7143023
1,245.903,1742511178.7143023
2,264.516,1742511178.7143023
3,269.529,1742511178.7143023
4,245.253,1742511178.7143023
5,267.26,1742511178.7143023
6,248.931,1742511178.7143023
7,272.411,1742511178.7143023
0,246.758,1742511178.7644012
1,245.903,1742511178.7644012
2,239.063,1742511178.7644012
3,244.577,1742511178.7644012
4,245.253,1742511178.7644012
5,236.693,1742511178.7644012
6,248.931,1742511178.7644012
7,246.18,1742511178.7644012
0,224.176,1742511178.8145263
1,221.235,1742511178.8145263
2,239.063,1742511178.8145263
3,244.577,1742511178.8145263
4,220.419,1742511178.8145263
5,236.693,1742511178.8145263
6,223.791,1742511178.8145263
7,246.18,1742511178.8145263
0,224.176,1742511178.8646257
1,221.235,1742511178.8646257
2,216.852,1742511178.8646257
3,218.919,1742511178.8646257
4,220.419,1742511178.8646257
5,215.467,1742511178.8646257
6,223.791,1742511178.8646257
7,220.741,1742511178.8646257
0,194.108,1742511178.9147618
1,196.768,1742511178.9147618
2,216.852,1742511178.9147618
3,218.919,1742511178.9147618
4,195.992,1742511178.9147618
5,215.467,1742511178.9147618
6,198.585,1742511178.9147618
7,220.741,1742511178.9147618
0,194.108,1742511178.964861
1,196.768,1742511178.964861
2,193.938,1742511178.964861
3,193.205,1742511178.964861
4,195.992,1742511178.964861
5,184.232,1742511178.964861
6,198.585,1742511178.964861
7,198.743,1742511178.964861
0,169.507,1742511179.0149684
1,171.79,1742511179.0149684
2,193.938,1742511179.0149684
3,193.205,1742511179.0149684
4,168.355,1742511179.0149684
5,184.232,1742511179.0149684
6,172.47,1742511179.0149684
7,198.743,1742511179.0149684
0,169.507,1742511179.0650673
1,171.79,1742511179.0650673
2,167.114,1742511179.0650673
3,166.814,1742511179.0650673
4,168.355,1742511179.0650673
5,163.694,1742511179.0650673
6,172.47,1742511179.0650673
7,169.819,1742511179.0650673
0,144.689,1742511179.1151967
1,146.754,1742511179.1151967
2,167.114,1742511179.1151967
3,166.814,1742511179.1151967
4,143.132,1742511179.1151967
5,163.694,1742511179.1151967
6,146.25,1742511179.1151967
7,169.819,1742511179.1151967
0,144.689,1742511179.1652963
1,146.754,1742511179.1652963
2,145.867,1742511179.1652963
3,144.047,1742511179.1652963
4,143.132,1742511179.1652963
5,138.657,1742511179.1652963
6,146.25,1742511179.1652963
7,148.251,1742511179.1652963
0,122.489,1742511179.215425
1,119.273,1742511179.215425
2,145.867,1742511179.215425
3,144.047,1742511179.215425
4,122.0,1742511179.215425
5,138.657,1742511179.215425
6,120.87,1742511179.215425
7,148.251,1742511179.215425
0,122.489,1742511179.2655237
1,119.273,1742511179.2655237
2,123.561,1742511179.2655237
3,119.999,1742511179.2655237
4,122.0,1742511179.2655237
5,122.579,1742511179.2655237
6,120.87,1742511179.2655237
7,126.672,1742511179.2655237
0,122.116,1742511179.3156552
1,118.448,1742511179.3156552
2,123.561,1742511179.3156552
3,119.999,1742511179.3156552
4,119.183,1742511179.3156552
5,122.579,1742511179.3156552
6,118.632,1742511179.3156552
7,126.672,1742511179.3156552
0,122.116,1742511179.3657608
1,118.448,1742511179.3657608
2,123.103,1742511179.3657608
3,119.867,1742511179.3657608
4,119.183,1742511179.3657608
5,122.447,1742511179.3657608
6,118.632,1742511179.3657608
7,126.54,1742511179.3657608
0,121.968,1742511179.4158885
1,118.219,1742511179.4158885
2,123.103,1742511179.4158885
3,119.867,1742511179.4158885
4,119.071,1742511179.4158885
5,122.447,1742511179.4158885
6,118.572,1742511179.4158885
7,126.54,1742511179.4158885
0,121.968,1742511179.4659886
1,118.219,1742511179.4659886
2,122.972,1742511179.4659886
3,119.831,1742511179.4659886
4,119.071,1742511179.4659886
5,122.447,1742511179.4659886
6,118.572,1742511179.4659886
7,126.398,1742511179.4659886
0,121.889,1742511179.5161257
1,118.265,1742511179.5161257
2,122.972,1742511179.5161257
3,119.831,1742511179.5161257
4,118.982,1742511179.5161257
5,122.381,1742511179.5161257
6,118.471,1742511179.5161257
7,126.398,1742511179.5161257
0,121.889,1742511179.566225
1,118.265,1742511179.566225
2,122.841,1742511179.566225
3,119.826,1742511179.566225
4,118.982,1742511179.566225
5,122.381,1742511179.566225
6,118.471,1742511179.566225
7,126.289,1742511179.566225
0,121.819,1742511179.6163585
1,118.054,1742511179.6163585
2,122.841,1742511179.6163585
3,119.826,1742511179.6163585
4,118.901,1742511179.6163585
5,122.249,1742511179.6163585
6,118.399,1742511179.6163585
7,126.289,1742511179.6163585
0,121.819,1742511179.666462
1,118.054,1742511179.666462
2,122.706,1742511179.666462
3,119.77,1742511179.666462
4,118.901,1742511179.666462
5,122.249,1742511179.666462
6,118.399,1742511179.666462
7,126.236,1742511179.666462
0,121.792,1742511179.716647
1,118.096,1742511179.716647
2,122.706,1742511179.716647
3,119.77,1742511179.716647
4,118.844,1742511179.716647
5,122.209,1742511179.716647
6,118.354,1742511179.716647
7,126.236,1742511179.716647
0,121.792,1742511179.766745
1,118.096,1742511179.766745
2,122.601,1742511179.766745
3,119.728,1742511179.766745
4,118.844,1742511179.766745
5,122.209,1742511179.766745
6,118.354,1742511179.766745
7,126.256,1742511179.766745
0,121.763,1742511179.8168812
1,118.034,1742511179.8168812
2,122.601,1742511179.8168812
3,119.728,1742511179.8168812
4,118.772,1742511179.8168812
5,122.122,1742511179.8168812
6,118.305,1742511179.8168812
7,126.256,1742511179.8168812
0,121.763,1742511179.8669958
1,118.034,1742511179.8669958
2,122.501,1742511179.8669958
3,119.658,1742511179.8669958
4,118.772,1742511179.8669958
5,122.122,1742511179.8669958
6,118.305,1742511179.8669958
7,126.264,1742511179.8669958
0,121.741,1742511179.917165
1,118.0,1742511179.917165
2,122.501,1742511179.917165
3,119.658,1742511179.917165
4,118.698,1742511179.917165
5,122.073,1742511179.917165
6,118.277,1742511179.917165
7,126.264,1742511179.917165
0,121.741,1742511179.9672694
1,118.0,1742511179.9672694
2,122.393,1742511179.9672694
3,120.715,1742511179.9672694
4,118.698,1742511179.9672694
5,122.073,1742511179.9672694
6,118.277,1742511179.9672694
7,128.473,1742511179.9672694
0,137.744,1742511180.0174623
1,128.744,1742511180.0174623
2,122.393,1742511180.0174623
3,120.715,1742511180.0174623
4,131.034,1742511180.0174623
5,125.21,1742511180.0174623
6,127.08,1742511180.0174623
7,128.473,1742511180.0174623
0,137.744,1742511180.067564
1,128.744,1742511180.067564
2,144.012,1742511180.067564
3,145.054,1742511180.067564
4,131.034,1742511180.067564
5,125.21,1742511180.067564
6,127.08,1742511180.067564
7,153.016,1742511180.067564
0,164.013,1742511180.1177068
1,152.916,1742511180.1177068
2,144.012,1742511180.1177068
3,145.054,1742511180.1177068
4,154.686,1742511180.1177068
5,150.645,1742511180.1177068
6,152.31,1742511180.1177068
7,153.016,1742511180.1177068
0,164.013,1742511180.1678169
1,152.916,1742511180.1678169
2,173.398,1742511180.1678169
3,170.26,1742511180.1678169
4,154.686,1742511180.1678169
5,150.645,1742511180.1678169
6,152.31,1742511180.1678169
7,179.488,1742511180.1678169
0,188.046,1742511180.2179587
1,185.459,1742511180.2179587
2,173.398,1742511180.2179587
3,170.26,1742511180.2179587
4,183.665,1742511180.2179587
5,174.854,1742511180.2179587
6,177.268,1742511180.2179587
7,179.488,1742511180.2179587
0,188.046,1742511180.26806
1,185.459,1742511180.26806
2,197.978,1742511180.26806
3,195.01,1742511180.26806
4,183.665,1742511180.26806
5,174.854,1742511180.26806
6,177.268,1742511180.26806
7,206.679,1742511180.26806
0,212.59,1742511180.3181996
1,211.271,1742511180.3181996
2,197.978,1742511180.3181996
3,195.01,1742511180.3181996
4,206.764,1742511180.3181996
5,204.484,1742511180.3181996
6,201.696,1742511180.3181996
7,206.679,1742511180.3181996
0,212.59,1742511180.368307
1,211.271,1742511180.368307
2,220.378,1742511180.368307
3,220.026,1742511180.368307
4,206.764,1742511180.368307
5,204.484,1742511180.368307
6,201.696,1742511180.368307
7,233.288,1742511180.368307
0,239.039,1742511180.4184463
1,237.621,1742511180.4184463
2,220.378,1742511180.4184463
3,220.026,1742511180.4184463
4,206.764,1742511180.4184463
5,230.24,1742511180.4184463
6,226.048,1742511180.4184463
7,233.288,1742511180.4184463
0,239.039,1742511180.4685678
1,237.621,1742511180.4685678
2,247.276,1742511180.4685678
3,242.352,1742511180.4685678
4,231.043,1742511180.4685678
5,230.24,1742511180.4685678
6,226.048,1742511180.4685678
7,256.841,1742511180.4685678
0,260.928,1742511180.5187075
1,237.621,1742511180.5187075
2,247.276,1742511180.5187075
3,242.352,1742511180.5187075
4,231.043,1742511180.5187075
5,256.297,1742511180.5187075
6,250.799,1742511180.5187075
7,256.841,1742511180.5187075
0,260.928,1742511180.5688267
1,263.353,1742511180.5688267
2,271.848,1742511180.5688267
3,269.195,1742511180.5688267
4,254.977,1742511180.5688267
5,256.297,1742511180.5688267
6,250.799,1742511180.5688267
7,282.376,1742511180.5688267
0,288.18,1742511180.6189659
1,263.353,1742511180.6189659
2,271.848,1742511180.6189659
3,269.195,1742511180.6189659
4,254.977,1742511180.6189659
5,282.538,1742511180.6189659
6,275.227,1742511180.6189659
7,282.376,1742511180.6189659
0,288.18,1742511180.6690667
1,289.47,1742511180.6690667
2,296.276,1742511180.6690667
3,293.662,1742511180.6690667
4,280.608,1742511180.6690667
5,282.538,1742511180.6690667
6,275.227,1742511180.6690667
7,308.023,1742511180.6690667
0,309.321,1742511180.7192
1,289.47,1742511180.7192
2,296.276,1742511180.7192
3,293.662,1742511180.7192
4,280.608,1742511180.7192
5,308.816,1742511180.7192
6,300.168,1742511180.7192
7,308.023,1742511180.7192
0,309.321,1742511180.769318
1,314.49,1742511180.769318
2,321.116,1742511180.769318
3,314.399,1742511180.769318
4,304.43,1742511180.769318
5,308.816,1742511180.769318
6,300.168,1742511180.769318
7,332.782,1742511180.769318
0,337.816,1742511180.81945
1,314.49,1742511180.81945
2,321.116,1742511180.81945
3,314.399,1742511180.81945
4,304.43,1742511180.81945
5,334.947,1742511180.81945
6,320.696,1742511180.81945
7,332.782,1742511180.81945
0,337.816,1742511180.8695693
1,339.123,1742511180.8695693
2,344.927,1742511180.8695693
3,343.667,1742511180.8695693
4,329.889,1742511180.8695693
5,334.947,1742511180.8695693
6,320.696,1742511180.8695693
7,357.066,1742511180.8695693
0,337.816,1742511180.9197094
1,339.123,1742511180.9197094
2,344.927,1742511180.9197094
3,343.667,1742511180.9197094
4,329.889,1742511180.9197094
5,361.274,1742511180.9197094
6,355.11,1742511180.9197094
7,357.066,1742511180.9197094
0,356.985,1742511180.9698174
1,363.208,1742511180.9698174
2,367.149,1742511180.9698174
3,368.515,1742511180.9698174
4,354.874,1742511180.9698174
5,361.274,1742511180.9698174
6,355.11,1742511180.9698174
7,384.166,1742511180.9698174
0,356.985,1742511181.0199828
1,363.208,1742511181.0199828
2,367.149,1742511181.0199828
3,368.515,1742511181.0199828
4,354.874,1742511181.0199828
5,379.368,1742511181.0199828
6,367.07,1742511181.0199828
7,384.166,1742511181.0199828
0,370.034,1742511181.0701041
1,370.84,1742511181.0701041
2,367.852,1742511181.0701041
3,370.569,1742511181.0701041
4,360.671,1742511181.0701041
5,379.368,1742511181.0701041
6,367.07,1742511181.0701041
7,384.47,1742511181.0701041
0,370.034,1742511181.1202335
1,370.84,1742511181.1202335
2,367.852,1742511181.1202335
3,370.569,1742511181.1202335
4,360.671,1742511181.1202335
5,380.235,1742511181.1202335
6,368.678,1742511181.1202335
7,384.47,1742511181.1202335
0,370.217,1742511181.1703527
1,372.419,1742511181.1703527
2,367.762,1742511181.1703527
3,372.574,1742511181.1703527
4,362.645,1742511181.1703527
5,380.235,1742511181.1703527
6,368.678,1742511181.1703527
7,382.441,1742511181.1703527
0,370.217,1742511181.2205222
1,372.419,1742511181.2205222
2,367.762,1742511181.2205222
3,372.574,1742511181.2205222
4,362.645,1742511181.2205222
5,381.921,1742511181.2205222
6,369.788,1742511181.2205222
7,382.441,1742511181.2205222
0,369.112,1742511181.270635
1,372.026,1742511181.270635
2,366.348,1742511181.270635
3,373.764,1742511181.270635
4,367.289,1742511181.270635
5,381.921,1742511181.270635
6,369.788,1742511181.270635
7,382.255,1742511181.270635
0,369.112,1742511181.3207638
1,372.026,1742511181.3207638
2,366.348,1742511181.3207638
3,373.764,1742511181.3207638
4,367.289,1742511181.3207638
5,382.4,1742511181.3207638
6,371.909,1742511181.3207638
7,382.255,1742511181.3207638
0,369.034,1742511181.3708792
1,370.821,1742511181.3708792
2,367.112,1742511181.3708792
3,375.15,1742511181.3708792
4,369.477,1742511181.3708792
5,382.4,1742511181.3708792
6,371.909,1742511181.3708792
7,381.846,1742511181.3708792
0,369.034,1742511181.4210265
1,370.821,1742511181.4210265
2,367.112,1742511181.4210265
3,375.15,1742511181.4210265
4,369.477,1742511181.4210265
5,381.907,1742511181.4210265
6,373.724,1742511181.4210265
7,381.846,1742511181.4210265
0,368.629,1742511181.4711463
1,368.032,1742511181.4711463
2,369.035,1742511181.4711463
3,376.7,1742511181.4711463
4,368.492,1742511181.4711463
5,381.907,1742511181.4711463
6,373.724,1742511181.4711463
7,381.474,1742511181.4711463
0,368.629,1742511181.5212915
1,368.032,1742511181.5212915
2,369.035,1742511181.5212915
3,376.7,1742511181.5212915
4,368.492,1742511181.5212915
5,381.388,1742511181.5212915
6,374.568,1742511181.5212915
7,381.474,1742511181.5212915
0,367.175,1742511181.5714068
1,367.004,1742511181.5714068
2,369.035,1742511181.5714068
3,378.023,1742511181.5714068
4,368.135,1742511181.5714068
5,381.388,1742511181.5714068
6,374.568,1742511181.5714068
7,381.474,1742511181.5714068
0,367.175,1742511181.6215491
1,367.004,1742511181.6215491
2,368.801,1742511181.6215491
3,378.023,1742511181.6215491
4,368.135,1742511181.6215491
5,379.246,1742511181.6215491
6,375.237,1742511181.6215491
7,380.403,1742511181.6215491
0,368.314,1742511181.6716678
1,362.893,1742511181.6716678
2,368.801,1742511181.6716678
3,377.15,1742511181.6716678
4,367.054,1742511181.6716678
5,379.246,1742511181.6716678
6,375.237,1742511181.6716678
7,380.403,1742511181.6716678
0,368.314,1742511181.7218103
1,362.893,1742511181.7218103
2,370.064,1742511181.7218103
3,377.15,1742511181.7218103
4,367.054,1742511181.7218103
5,378.268,1742511181.7218103
6,374.733,1742511181.7218103
7,380.452,1742511181.7218103
0,370.684,1742511181.7719302
1,361.887,1742511181.7719302
2,370.064,1742511181.7719302
3,378.662,1742511181.7719302
4,365.442,1742511181.7719302
5,378.268,1742511181.7719302
6,374.733,1742511181.7719302
7,380.452,1742511181.7719302
0,370.684,1742511181.8220856
1,361.887,1742511181.8220856
2,368.633,1742511181.8220856
3,378.662,1742511181.8220856
4,365.442,1742511181.8220856
5,378.153,1742511181.8220856
6,375.568,1742511181.8220856
7,380.422,1742511181.8220856
0,369.186,1742511181.8722012
1,363.512,1742511181.8722012
2,368.633,1742511181.8722012
3,380.164,1742511181.8722012
4,365.092,1742511181.8722012
5,378.153,1742511181.8722012
6,375.568,1742511181.8722012
7,380.422,1742511181.8722012
0,369.186,1742511181.9223406
1,363.512,1742511181.9223406
2,369.645,1742511181.9223406
3,380.164,1742511181.9223406
4,365.092,1742511181.9223406
5,377.596,1742511181.9223406
6,375.814,1742511181.9223406
7,383.465,1742511181.9223406
0,370.935,1742511181.9724505
1,364.956,1742511181.9724505
2,369.645,1742511181.9724505
3,376.676,1742511181.9724505
4,363.958,1742511181.9724505
5,377.596,1742511181.9724505
6,375.814,1742511181.9724505
7,383.465,1742511181.9724505
0,370.935,1742511182.0225985
1,364.956,1742511182.0225985
2,371.537,1742511182.0225985
3,376.676,1742511182.0225985
4,363.958,1742511182.0225985
5,377.206,1742511182.0225985
6,374.984,1742511182.0225985
7,384.678,1742511182.0225985
0,371.267,1742511182.0727181
1,365.606,1742511182.0727181
2,371.537,1742511182.0727181
3,377.702,1742511182.0727181
4,362.967,1742511182.0727181
5,377.206,1742511182.0727181
6,374.984,1742511182.0727181
7,384.678,1742511182.0727181
0,371.267,1742511182.1228473
1,365.606,1742511182.1228473
2,371.358,1742511182.1228473
3,377.702,1742511182.1228473
4,362.967,1742511182.1228473
5,376.141,1742511182.1228473
6,372.908,1742511182.1228473
7,385.134,1742511182.1228473
0,370.817,1742511182.172967
1,367.895,1742511182.172967
2,371.358,1742511182.172967
3,375.275,1742511182.172967
4,361.336,1742511182.172967
5,376.141,1742511182.172967
6,372.908,1742511182.172967
7,385.134,1742511182.172967
0,370.817,1742511182.2231672
1,367.895,1742511182.2231672
2,370.305,1742511182.2231672
3,375.275,1742511182.2231672
4,361.336,1742511182.2231672
5,376.051,1742511182.2231672
6,370.249,1742511182.2231672
7,384.138,1742511182.2231672
0,371.062,1742511182.2732863
1,368.338,1742511182.2732863
2,370.305,1742511182.2732863
3,373.263,1742511182.2732863
4,362.058,1742511182.2732863
5,376.051,1742511182.2732863
6,370.249,1742511182.2732863
7,384.138,1742511182.2732863
0,371.062,1742511182.3234303
1,368.338,1742511182.3234303
2,370.182,1742511182.3234303
3,373.263,1742511182.3234303
4,362.058,1742511182.3234303
5,376.374,1742511182.3234303
6,370.249,1742511182.3234303
7,384.081,1742511182.3234303
0,371.158,1742511182.373552
1,366.938,1742511182.373552
2,370.182,1742511182.373552
3,372.892,1742511182.373552
4,361.795,1742511182.373552
5,376.374,1742511182.373552
6,369.09,1742511182.373552
7,384.081,1742511182.373552
0,371.158,1742511182.4236946
1,366.938,1742511182.4236946
2,369.564,1742511182.4236946
3,372.892,1742511182.4236946
4,361.795,1742511182.4236946
5,376.164,1742511182.4236946
6,369.09,1742511182.4236946
7,383.5,1742511182.4236946
0,371.897,1742511182.4738116
1,368.087,1742511182.4738116
2,369.564,1742511182.4738116
3,372.486,1742511182.4738116
4,361.206,1742511182.4738116
5,376.164,1742511182.4738116
6,368.434,1742511182.4738116
7,383.5,1742511182.4738116
0,371.897,1742511182.5239413
1,368.087,1742511182.5239413
2,368.223,1742511182.5239413
3,372.486,1742511182.5239413
4,361.206,1742511182.5239413
5,376.002,1742511182.5239413
6,368.434,1742511182.5239413
7,384.47,1742511182.5239413
0,371.877,1742511182.57406
1,367.723,1742511182.57406
2,368.223,1742511182.57406
3,372.086,1742511182.57406
4,361.449,1742511182.57406
5,376.002,1742511182.57406
6,368.56,1742511182.57406
7,384.47,1742511182.57406
0,371.877,1742511182.6242027
1,367.723,1742511182.6242027
2,369.381,1742511182.6242027
3,372.086,1742511182.6242027
4,361.449,1742511182.6242027
5,377.196,1742511182.6242027
6,368.56,1742511182.6242027
7,382.65,1742511182.6242027
0,373.189,1742511182.6743104
1,369.842,1742511182.6743104
2,369.381,1742511182.6743104
3,373.168,1742511182.6743104
4,361.846,1742511182.6743104
5,377.196,1742511182.6743104
6,369.602,1742511182.6743104
7,382.65,1742511182.6743104
0,373.189,1742511182.7244408
1,369.842,1742511182.7244408
2,369.54,1742511182.7244408
3,373.168,1742511182.7244408
4,361.846,1742511182.7244408
5,377.027,1742511182.7244408
6,369.602,1742511182.7244408
7,384.536,1742511182.7244408
0,370.891,1742511182.7745583
1,367.652,1742511182.7745583
2,369.54,1742511182.7745583
3,372.399,1742511182.7745583
4,362.879,1742511182.7745583
5,377.027,1742511182.7745583
6,370.403,1742511182.7745583
7,384.536,1742511182.7745583
0,370.891,1742511182.8246996
1,367.652,1742511182.8246996
2,371.504,1742511182.8246996
3,372.399,1742511182.8246996
4,362.879,1742511182.8246996
5,376.653,1742511182.8246996
6,370.403,1742511182.8246996
7,383.023,1742511182.8246996
0,369.408,1742511182.8748074
1,366.493,1742511182.8748074
2,371.504,1742511182.8748074
3,372.308,1742511182.8748074
4,361.094,1742511182.8748074
5,376.653,1742511182.8748074
6,371.073,1742511182.8748074
7,383.023,1742511182.8748074
0,369.408,1742511182.924953
1,366.493,1742511182.924953
2,371.925,1742511182.924953
3,372.308,1742511182.924953
4,361.094,1742511182.924953
5,376.949,1742511182.924953
6,371.073,1742511182.924953
7,382.916,1742511182.924953
0,369.579,1742511182.9750755
1,365.445,1742511182.9750755
2,371.925,1742511182.9750755
3,371.722,1742511182.9750755
4,362.514,1742511182.9750755
5,376.949,1742511182.9750755
6,370.131,1742511182.9750755
7,382.916,1742511182.9750755
0,369.579,1742511183.0252168
1,365.445,1742511183.0252168
2,373.25,1742511183.0252168
3,371.722,1742511183.0252168
4,362.514,1742511183.0252168
5,377.442,1742511183.0252168
6,370.131,1742511183.0252168
7,381.868,1742511183.0252168
0,370.251,1742511183.07534
1,365.084,1742511183.07534
2,373.25,1742511183.07534
3,371.155,1742511183.07534
4,363.223,1742511183.07534
5,377.442,1742511183.07534
6,370.324,1742511183.07534
7,381.868,1742511183.07534
0,370.251,1742511183.1254702
1,365.084,1742511183.1254702
2,373.826,1742511183.1254702
3,371.155,1742511183.1254702
4,363.223,1742511183.1254702
5,378.666,1742511183.1254702
6,370.324,1742511183.1254702
7,382.005,1742511183.1254702
0,371.417,1742511183.1755946
1,365.741,1742511183.1755946
2,373.826,1742511183.1755946
3,371.956,1742511183.1755946
4,362.877,1742511183.1755946
5,378.666,1742511183.1755946
6,369.409,1742511183.1755946
7,382.005,1742511183.1755946
0,371.417,1742511183.2257397
1,365.741,1742511183.2257397
2,374.084,1742511183.2257397
3,371.956,1742511183.2257397
4,362.877,1742511183.2257397
5,377.523,1742511183.2257397
6,369.409,1742511183.2257397
7,381.833,1742511183.2257397
0,372.616,1742511183.275863
1,364.066,1742511183.275863
2,374.084,1742511183.275863
3,372.065,1742511183.275863
4,364.239,1742511183.275863
5,377.523,1742511183.275863
6,371.517,1742511183.275863
7,381.833,1742511183.275863
0,372.616,1742511183.3259711
1,364.066,1742511183.3259711
2,372.547,1742511183.3259711
3,372.065,1742511183.3259711
4,364.239,1742511183.3259711
5,369.559,1742511183.3259711
6,371.517,1742511183.3259711
7,380.284,1742511183.3259711
0,357.33,1742511183.3760886
1,348.921,1742511183.3760886
2,372.547,1742511183.3760886
3,353.122,1742511183.3760886
4,346.446,1742511183.3760886
5,369.559,1742511183.3760886
6,356.722,1742511183.3760886
7,380.284,1742511183.3760886
0,357.33,1742511183.4262714
1,348.921,1742511183.4262714
2,348.017,1742511183.4262714
3,353.122,1742511183.4262714
4,346.446,1742511183.4262714
5,344.233,1742511183.4262714
6,356.722,1742511183.4262714
7,351.114,1742511183.4262714
0,332.692,1742511183.476375
1,322.778,1742511183.476375
2,348.017,1742511183.476375
3,325.063,1742511183.476375
4,319.25,1742511183.476375
5,344.233,1742511183.476375
6,331.587,1742511183.476375
7,351.114,1742511183.476375
0,332.692,1742511183.5265098
1,322.778,1742511183.5265098
2,325.02,1742511183.5265098
3,325.063,1742511183.5265098
4,319.25,1742511183.5265098
5,319.264,1742511183.5265098
6,331.587,1742511183.5265098
7,326.344,1742511183.5265098
0,309.307,1742511183.576624
1,322.778,1742511183.576624
2,325.02,1742511183.576624
3,303.319,1742511183.576624
4,298.492,1742511183.576624
5,319.264,1742511183.576624
6,306.531,1742511183.576624
7,326.344,1742511183.576624
0,309.307,1742511183.6267595
1,293.714,1742511183.6267595
2,299.717,1742511183.6267595
3,303.319,1742511183.6267595
4,298.492,1742511183.6267595
5,293.759,1742511183.6267595
6,306.531,1742511183.6267595
7,301.776,1742511183.6267595
0,284.27,1742511183.6768618
1,269.93,1742511183.6768618
2,299.717,1742511183.6768618
3,278.355,1742511183.6768618
4,274.628,1742511183.6768618
5,293.759,1742511183.6768618
6,281.024,1742511183.6768618
7,301.776,1742511183.6768618
0,284.27,1742511183.7269964
1,269.93,1742511183.7269964
2,269.538,1742511183.7269964
3,278.355,1742511183.7269964
4,274.628,1742511183.7269964
5,268.85,1742511183.7269964
6,281.024,1742511183.7269964
7,276.668,1742511183.7269964
0,263.53,1742511183.7771127
1,247.963,1742511183.7771127
2,269.538,1742511183.7771127
3,253.868,1742511183.7771127
4,250.278,1742511183.7771127
5,268.85,1742511183.7771127
6,255.416,1742511183.7771127
7,276.668,1742511183.7771127
0,263.53,1742511183.8272383
1,247.963,1742511183.8272383
2,244.46,1742511183.8272383
3,253.868,1742511183.8272383
4,250.278,1742511183.8272383
5,243.728,1742511183.8272383
6,255.416,1742511183.8272383
7,249.947,1742511183.8272383
0,238.863,1742511183.8773527
1,220.702,1742511183.8773527
2,244.46,1742511183.8773527
3,229.028,1742511183.8773527
4,227.721,1742511183.8773527
5,243.728,1742511183.8773527
6,229.578,1742511183.8773527
7,249.947,1742511183.8773527
0,238.863,1742511183.927478
1,220.702,1742511183.927478
2,219.242,1742511183.927478
3,229.028,1742511183.927478
4,227.721,1742511183.927478
5,220.221,1742511183.927478
6,229.578,1742511183.927478
7,223.851,1742511183.927478
0,213.844,1742511183.9775925
1,199.782,1742511183.9775925
2,219.242,1742511183.9775925
3,204.514,1742511183.9775925
4,202.81,1742511183.9775925
5,220.221,1742511183.9775925
6,204.929,1742511183.9775925
7,223.851,1742511183.9775925
0,213.844,1742511184.0277178
1,199.782,1742511184.0277178
2,193.364,1742511184.0277178
3,204.514,1742511184.0277178
4,202.81,1742511184.0277178
5,194.881,1742511184.0277178
6,204.929,1742511184.0277178
7,198.503,1742511184.0277178
0,188.768,1742511184.0778317
1,171.212,1742511184.0778317
2,193.364,1742511184.0778317
3,180.439,1742511184.0778317
4,173.173,1742511184.0778317
5,194.881,1742511184.0778317
6,179.935,1742511184.0778317
7,198.503,1742511184.0778317
0,188.768,1742511184.127958
1,171.212,1742511184.127958
2,168.215,1742511184.127958
3,180.439,1742511184.127958
4,173.173,1742511184.127958
5,165.886,1742511184.127958
6,179.935,1742511184.127958
7,172.588,1742511184.127958
0,162.992,1742511184.1780734
1,151.142,1742511184.1780734
2,168.215,1742511184.1780734
3,155.375,1742511184.1780734
4,154.992,1742511184.1780734
5,165.886,1742511184.1780734
6,160.253,1742511184.1780734
7,172.588,1742511184.1780734
0,162.992,1742511184.2282584
1,151.142,1742511184.2282584
2,143.473,1742511184.2282584
3,155.375,1742511184.2282584
4,154.992,1742511184.2282584
5,141.359,1742511184.2282584
6,160.253,1742511184.2282584
7,146.898,1742511184.2282584
0,137.61,1742511184.2783718
1,121.022,1742511184.2783718
2,143.473,1742511184.2783718
3,131.941,1742511184.2783718
4,131.764,1742511184.2783718
5,141.359,1742511184.2783718
6,135.646,1742511184.2783718
7,146.898,1742511184.2783718
0,137.61,1742511184.3285077
1,121.022,1742511184.3285077
2,123.511,1742511184.3285077
3,131.941,1742511184.3285077
4,131.764,1742511184.3285077
5,122.677,1742511184.3285077
6,135.646,1742511184.3285077
7,127.256,1742511184.3285077
0,122.243,1742511184.3786244
1,118.788,1742511184.3786244
2,123.511,1742511184.3786244
3,131.941,1742511184.3786244
4,119.168,1742511184.3786244
5,122.677,1742511184.3786244
6,118.845,1742511184.3786244
7,127.256,1742511184.3786244
0,122.243,1742511184.4287627
1,118.788,1742511184.4287627
2,123.087,1742511184.4287627
3,119.518,1742511184.4287627
4,119.168,1742511184.4287627
5,122.631,1742511184.4287627
6,118.845,1742511184.4287627
7,126.63,1742511184.4287627
0,122.164,1742511184.478878
1,118.788,1742511184.478878
2,123.087,1742511184.478878
3,119.471,1742511184.478878
4,119.0,1742511184.478878
5,122.631,1742511184.478878
6,118.751,1742511184.478878
7,126.63,1742511184.478878
0,122.164,1742511184.5290146
1,118.776,1742511184.5290146
2,122.914,1742511184.5290146
3,119.471,1742511184.5290146
4,119.0,1742511184.5290146
5,122.521,1742511184.5290146
6,118.751,1742511184.5290146
7,126.435,1742511184.5290146
0,122.075,1742511184.5791283
1,118.776,1742511184.5791283
2,122.914,1742511184.5791283
3,119.457,1742511184.5791283
4,118.917,1742511184.5791283
5,122.521,1742511184.5791283
6,118.643,1742511184.5791283
7,126.435,1742511184.5791283
0,122.075,1742511184.6292646
1,118.534,1742511184.6292646
2,122.766,1742511184.6292646
3,119.457,1742511184.6292646
4,118.917,1742511184.6292646
5,122.442,1742511184.6292646
6,118.643,1742511184.6292646
7,126.258,1742511184.6292646
0,122.017,1742511184.6793792
1,118.433,1742511184.6793792
2,122.766,1742511184.6793792
3,119.443,1742511184.6793792
4,118.834,1742511184.6793792
5,122.442,1742511184.6793792
6,118.58,1742511184.6793792
7,126.258,1742511184.6793792
0,122.017,1742511184.729515
1,118.433,1742511184.729515
2,122.616,1742511184.729515
3,119.443,1742511184.729515
4,118.834,1742511184.729515
5,122.338,1742511184.729515
6,118.58,1742511184.729515
7,126.071,1742511184.729515
0,121.981,1742511184.7796283
1,118.302,1742511184.7796283
2,122.616,1742511184.7796283
3,119.443,1742511184.7796283
4,118.773,1742511184.7796283
5,122.338,1742511184.7796283
6,118.509,1742511184.7796283
7,126.071,1742511184.7796283
0,121.981,1742511184.8297656
1,118.302,1742511184.8297656
2,122.5,1742511184.8297656
3,119.443,1742511184.8297656
4,118.773,1742511184.8297656
5,122.296,1742511184.8297656
6,118.509,1742511184.8297656
7,125.928,1742511184.8297656
0,121.937,1742511184.87988
1,118.302,1742511184.87988
2,122.5,1742511184.87988
3,119.443,1742511184.87988
4,118.773,1742511184.87988
5,122.296,1742511184.87988
6,118.451,1742511184.87988
7,125.928,1742511184.87988
0,121.937,1742511184.9300225
1,118.192,1742511184.9300225
2,122.433,1742511184.9300225
3,119.442,1742511184.9300225
4,118.72,1742511184.9300225
5,122.235,1742511184.9300225
6,118.451,1742511184.9300225
7,125.774,1742511184.9300225
0,130.066,1742511184.9801939
1,118.192,1742511184.9801939
2,122.433,1742511184.9801939
3,119.442,1742511184.9801939
4,118.72,1742511184.9801939
5,122.235,1742511184.9801939
6,120.475,1742511184.9801939
7,125.774,1742511184.9801939
0,130.066,1742511185.0304785
1,128.475,1742511185.0304785
2,147.188,1742511185.0304785
3,130.28,1742511185.0304785
4,128.81,1742511185.0304785
5,147.093,1742511185.0304785
6,120.475,1742511185.0304785
7,147.782,1742511185.0304785
0,154.274,1742511185.0806015
1,128.475,1742511185.0806015
2,147.188,1742511185.0806015
3,130.28,1742511185.0806015
4,128.81,1742511185.0806015
5,147.093,1742511185.0806015
6,144.923,1742511185.0806015
7,147.782,1742511185.0806015
0,154.274,1742511185.1307824
1,152.755,1742511185.1307824
2,171.391,1742511185.1307824
3,155.903,1742511185.1307824
4,153.495,1742511185.1307824
5,172.304,1742511185.1307824
6,144.923,1742511185.1307824
7,173.721,1742511185.1307824
0,178.781,1742511185.1809008
1,152.755,1742511185.1809008
2,171.391,1742511185.1809008
3,155.903,1742511185.1809008
4,153.495,1742511185.1809008
5,172.304,1742511185.1809008
6,168.752,1742511185.1809008
7,173.721,1742511185.1809008
0,178.781,1742511185.231041
1,178.369,1742511185.231041
2,195.342,1742511185.231041
3,180.745,1742511185.231041
4,179.078,1742511185.231041
5,172.304,1742511185.231041
6,168.752,1742511185.231041
7,198.635,1742511185.231041
0,204.541,1742511185.2811594
1,178.369,1742511185.2811594
2,195.342,1742511185.2811594
3,180.745,1742511185.2811594
4,179.078,1742511185.2811594
5,198.078,1742511185.2811594
6,194.04,1742511185.2811594
7,198.635,1742511185.2811594
0,204.541,1742511185.331376
1,203.698,1742511185.331376
2,219.807,1742511185.331376
3,204.638,1742511185.331376
4,203.37,1742511185.331376
5,198.078,1742511185.331376
6,194.04,1742511185.331376
7,223.753,1742511185.331376
0,229.216,1742511185.3814983
1,203.698,1742511185.3814983
2,219.807,1742511185.3814983
3,204.638,1742511185.3814983
4,203.37,1742511185.3814983
5,224.952,1742511185.3814983
6,219.263,1742511185.3814983
7,223.753,1742511185.3814983
0,229.216,1742511185.4316468
1,228.698,1742511185.4316468
2,244.243,1742511185.4316468
3,229.741,1742511185.4316468
4,227.906,1742511185.4316468
5,224.952,1742511185.4316468
6,219.263,1742511185.4316468
7,249.06,1742511185.4316468
0,253.6,1742511185.4817638
1,228.698,1742511185.4817638
2,244.243,1742511185.4817638
3,229.741,1742511185.4817638
4,227.906,1742511185.4817638
5,253.566,1742511185.4817638
6,243.892,1742511185.4817638
7,249.06,1742511185.4817638
0,253.6,1742511185.531903
1,254.288,1742511185.531903
2,244.243,1742511185.531903
3,258.573,1742511185.531903
4,252.179,1742511185.531903
5,253.566,1742511185.531903
6,243.892,1742511185.531903
7,274.762,1742511185.531903
0,278.315,1742511185.582032
1,254.288,1742511185.582032
2,268.823,1742511185.582032
3,258.573,1742511185.582032
4,252.179,1742511185.582032
5,281.071,1742511185.582032
6,266.423,1742511185.582032
7,274.762,1742511185.582032
0,278.315,1742511185.632223
1,279.673,1742511185.632223
2,268.823,1742511185.632223
3,284.437,1742511185.632223
4,282.764,1742511185.632223
5,281.071,1742511185.632223
6,266.423,1742511185.632223
7,301.39,1742511185.632223
0,306.493,1742511185.682343
1,279.673,1742511185.682343
2,292.65,1742511185.682343
3,284.437,1742511185.682343
4,282.764,1742511185.682343
5,307.296,1742511185.682343
6,298.659,1742511185.682343
7,301.39,1742511185.682343
0,306.493,1742511185.7324798
1,310.925,1742511185.7324798
2,292.65,1742511185.7324798
3,309.054,1742511185.7324798
4,316.356,1742511185.7324798
5,307.296,1742511185.7324798
6,298.659,1742511185.7324798
7,327.36,1742511185.7324798
0,326.957,1742511185.782613
1,310.925,1742511185.782613
2,317.407,1742511185.782613
3,309.054,1742511185.782613
4,316.356,1742511185.782613
5,333.058,1742511185.782613
6,323.104,1742511185.782613
7,327.36,1742511185.782613
0,326.957,1742511185.8328483
1,336.187,1742511185.8328483
2,317.407,1742511185.8328483
3,333.696,1742511185.8328483
4,341.002,1742511185.8328483
5,333.058,1742511185.8328483
6,323.104,1742511185.8328483
7,352.486,1742511185.8328483
0,326.957,1742511185.8829527
1,336.187,1742511185.8829527
2,342.346,1742511185.8829527
3,333.696,1742511185.8829527
4,341.002,1742511185.8829527
5,358.915,1742511185.8829527
6,347.716,1742511185.8829527
7,352.486,1742511185.8829527
0,351.394,1742511185.933114
1,361.836,1742511185.933114
2,342.346,1742511185.933114
3,358.532,1742511185.933114
4,365.949,1742511185.933114
5,358.915,1742511185.933114
6,347.716,1742511185.933114
7,352.486,1742511185.933114
0,351.394,1742511185.9832466
1,361.836,1742511185.9832466
2,365.371,1742511185.9832466
3,358.532,1742511185.9832466
4,365.949,1742511185.9832466
5,387.279,1742511185.9832466
6,367.012,1742511185.9832466
7,380.349,1742511185.9832466
0,372.835,1742511186.0333815
1,371.079,1742511186.0333815
2,365.371,1742511186.0333815
3,372.893,1742511186.0333815
4,368.601,1742511186.0333815
5,387.279,1742511186.0333815
6,367.012,1742511186.0333815
7,380.349,1742511186.0333815
0,372.835,1742511186.083515
1,371.079,1742511186.083515
2,366.545,1742511186.083515
3,372.893,1742511186.083515
4,368.601,1742511186.083515
5,385.282,1742511186.083515
6,367.4,1742511186.083515
7,380.452,1742511186.083515
0,373.349,1742511186.1336377
1,370.153,1742511186.1336377
2,366.545,1742511186.1336377
3,373.716,1742511186.1336377
4,367.791,1742511186.1336377
5,385.282,1742511186.1336377
6,367.4,1742511186.1336377
7,380.452,1742511186.1336377
0,373.349,1742511186.1837707
1,370.153,1742511186.1837707
2,366.684,1742511186.1837707
3,373.716,1742511186.1837707
4,367.791,1742511186.1837707
5,385.108,1742511186.1837707
6,369.279,1742511186.1837707
7,380.21,1742511186.1837707
0,372.67,1742511186.2339723
1,369.874,1742511186.2339723
2,366.684,1742511186.2339723
3,375.665,1742511186.2339723
4,368.271,1742511186.2339723
5,385.108,1742511186.2339723
6,369.279,1742511186.2339723
7,380.21,1742511186.2339723
0,372.67,1742511186.2841108
1,369.874,1742511186.2841108
2,366.861,1742511186.2841108
3,375.665,1742511186.2841108
4,368.271,1742511186.2841108
5,384.655,1742511186.2841108
6,370.327,1742511186.2841108
7,379.559,1742511186.2841108
0,371.512,1742511186.3342557
1,369.895,1742511186.3342557
2,366.861,1742511186.3342557
3,376.445,1742511186.3342557
4,366.662,1742511186.3342557
5,384.655,1742511186.3342557
6,370.327,1742511186.3342557
7,379.559,1742511186.3342557
0,371.512,1742511186.3843904
1,369.895,1742511186.3843904
2,367.732,1742511186.3843904
3,376.445,1742511186.3843904
4,366.662,1742511186.3843904
5,383.637,1742511186.3843904
6,372.099,1742511186.3843904
7,381.375,1742511186.3843904
0,370.501,1742511186.4345233
1,368.173,1742511186.4345233
2,367.732,1742511186.4345233
3,378.471,1742511186.4345233
4,368.372,1742511186.4345233
5,383.637,1742511186.4345233
6,372.099,1742511186.4345233
7,381.375,1742511186.4345233
0,370.501,1742511186.48464
1,368.173,1742511186.48464
2,366.751,1742511186.48464
3,378.471,1742511186.48464
4,368.372,1742511186.48464
5,382.012,1742511186.48464
6,373.215,1742511186.48464
7,380.121,1742511186.48464
0,370.214,1742511186.5347807
1,367.633,1742511186.5347807
2,366.751,1742511186.5347807
3,376.468,1742511186.5347807
4,366.813,1742511186.5347807
5,382.012,1742511186.5347807
6,373.215,1742511186.5347807
7,380.121,1742511186.5347807
0,370.214,1742511186.5849292
1,367.633,1742511186.5849292
2,367.944,1742511186.5849292
3,376.468,1742511186.5849292
4,366.813,1742511186.5849292
5,381.71,1742511186.5849292
6,373.528,1742511186.5849292
7,380.71,1742511186.5849292
0,369.44,1742511186.6350722
1,367.076,1742511186.6350722
2,367.944,1742511186.6350722
3,376.12,1742511186.6350722
4,367.731,1742511186.6350722
5,381.71,1742511186.6350722
6,373.528,1742511186.6350722
7,380.71,1742511186.6350722
0,369.44,1742511186.6852012
1,367.076,1742511186.6852012
2,371.879,1742511186.6852012
3,376.12,1742511186.6852012
4,367.731,1742511186.6852012
5,380.312,1742511186.6852012
6,373.15,1742511186.6852012
7,379.633,1742511186.6852012
0,369.026,1742511186.7353349
1,366.402,1742511186.7353349
2,371.879,1742511186.7353349
3,376.249,1742511186.7353349
4,366.39,1742511186.7353349
5,380.312,1742511186.7353349
6,373.15,1742511186.7353349
7,379.633,1742511186.7353349
0,369.026,1742511186.7854698
1,366.402,1742511186.7854698
2,372.973,1742511186.7854698
3,376.249,1742511186.7854698
4,366.39,1742511186.7854698
5,379.513,1742511186.7854698
6,374.545,1742511186.7854698
7,378.144,1742511186.7854698
0,370.711,1742511186.8356135
1,365.292,1742511186.8356135
2,372.973,1742511186.8356135
3,376.931,1742511186.8356135
4,366.929,1742511186.8356135
5,379.513,1742511186.8356135
6,374.545,1742511186.8356135
7,377.803,1742511186.8356135
0,370.711,1742511186.885792
1,365.292,1742511186.885792
2,372.53,1742511186.885792
3,376.931,1742511186.885792
4,366.929,1742511186.885792
5,377.404,1742511186.885792
6,375.238,1742511186.885792
7,377.803,1742511186.885792
0,372.139,1742511186.9359438
1,363.744,1742511186.9359438
2,372.53,1742511186.9359438
3,377.106,1742511186.9359438
4,366.657,1742511186.9359438
5,377.404,1742511186.9359438
6,375.238,1742511186.9359438
7,377.803,1742511186.9359438
0,372.139,1742511186.9861636
1,363.744,1742511186.9861636
2,372.925,1742511186.9861636
3,377.106,1742511186.9861636
4,366.657,1742511186.9861636
5,377.657,1742511186.9861636
6,373.536,1742511186.9861636
7,378.117,1742511186.9861636
0,374.223,1742511187.0362983
1,360.861,1742511187.0362983
2,372.925,1742511187.0362983
3,378.759,1742511187.0362983
4,366.657,1742511187.0362983
5,377.657,1742511187.0362983
6,373.536,1742511187.0362983
7,378.117,1742511187.0362983
0,374.223,1742511187.0864365
1,360.861,1742511187.0864365
2,374.334,1742511187.0864365
3,378.759,1742511187.0864365
4,363.189,1742511187.0864365
5,378.661,1742511187.0864365
6,373.331,1742511187.0864365
7,379.224,1742511187.0864365
0,375.002,1742511187.1367438
1,361.295,1742511187.1367438
2,374.334,1742511187.1367438
3,377.196,1742511187.1367438
4,363.189,1742511187.1367438
5,378.661,1742511187.1367438
6,373.331,1742511187.1367438
7,379.224,1742511187.1367438
0,375.002,1742511187.1868744
1,361.295,1742511187.1868744
2,373.54,1742511187.1868744
3,377.196,1742511187.1868744
4,361.107,1742511187.1868744
5,377.672,1742511187.1868744
6,372.927,1742511187.1868744
7,378.854,1742511187.1868744
0,376.081,1742511187.2370677
1,361.002,1742511187.2370677
2,373.54,1742511187.2370677
3,375.57,1742511187.2370677
4,361.107,1742511187.2370677
5,377.672,1742511187.2370677
6,372.927,1742511187.2370677
7,378.854,1742511187.2370677
0,376.081,1742511187.2872016
1,361.002,1742511187.2872016
2,374.061,1742511187.2872016
3,375.57,1742511187.2872016
4,361.495,1742511187.2872016
5,377.01,1742511187.2872016
6,371.784,1742511187.2872016
7,379.592,1742511187.2872016
0,376.41,1742511187.3373926
1,361.274,1742511187.3373926
2,374.061,1742511187.3373926
3,374.184,1742511187.3373926
4,361.495,1742511187.3373926
5,377.01,1742511187.3373926
6,371.784,1742511187.3373926
7,379.592,1742511187.3373926
0,376.41,1742511187.387501
1,361.274,1742511187.387501
2,374.645,1742511187.387501
3,374.184,1742511187.387501
4,360.666,1742511187.387501
5,376.799,1742511187.387501
6,369.91,1742511187.387501
7,379.093,1742511187.387501
0,376.899,1742511187.4376447
1,363.274,1742511187.4376447
2,374.645,1742511187.4376447
3,371.065,1742511187.4376447
4,360.666,1742511187.4376447
5,376.799,1742511187.4376447
6,369.91,1742511187.4376447
7,379.093,1742511187.4376447
0,376.899,1742511187.4877908
1,363.274,1742511187.4877908
2,374.784,1742511187.4877908
3,371.065,1742511187.4877908
4,359.135,1742511187.4877908
5,377.47,1742511187.4877908
6,368.012,1742511187.4877908
7,380.202,1742511187.4877908
0,377.866,1742511187.5379186
1,364.008,1742511187.5379186
2,374.784,1742511187.5379186
3,369.836,1742511187.5379186
4,359.135,1742511187.5379186
5,377.47,1742511187.5379186
6,368.012,1742511187.5379186
7,380.202,1742511187.5379186
0,377.866,1742511187.5880466
1,364.008,1742511187.5880466
2,373.868,1742511187.5880466
3,369.836,1742511187.5880466
4,359.091,1742511187.5880466
5,377.239,1742511187.5880466
6,367.675,1742511187.5880466
7,381.428,1742511187.5880466
0,378.259,1742511187.6381793
1,365.742,1742511187.6381793
2,373.868,1742511187.6381793
3,370.295,1742511187.6381793
4,359.091,1742511187.6381793
5,377.239,1742511187.6381793
6,367.675,1742511187.6381793
7,381.428,1742511187.6381793
0,378.259,1742511187.688314
1,365.742,1742511187.688314
2,372.177,1742511187.688314
3,370.295,1742511187.688314
4,358.445,1742511187.688314
5,377.607,1742511187.688314
6,367.742,1742511187.688314
7,380.835,1742511187.688314
0,378.217,1742511187.7384555
1,367.495,1742511187.7384555
2,372.177,1742511187.7384555
3,370.221,1742511187.7384555
4,358.445,1742511187.7384555
5,377.607,1742511187.7384555
6,367.742,1742511187.7384555
7,380.835,1742511187.7384555
0,378.217,1742511187.7885854
1,367.495,1742511187.7885854
2,370.587,1742511187.7885854
3,370.221,1742511187.7885854
4,359.572,1742511187.7885854
5,378.229,1742511187.7885854
6,367.344,1742511187.7885854
7,382.276,1742511187.7885854
0,376.661,1742511187.838726
1,370.676,1742511187.838726
2,370.587,1742511187.838726
3,369.376,1742511187.838726
4,359.572,1742511187.838726
5,378.229,1742511187.838726
6,367.344,1742511187.838726
7,382.276,1742511187.838726
0,376.661,1742511187.888857
1,370.676,1742511187.888857
2,370.427,1742511187.888857
3,369.376,1742511187.888857
4,359.422,1742511187.888857
5,380.525,1742511187.888857
6,366.963,1742511187.888857
7,384.262,1742511187.888857
0,375.525,1742511187.9389966
1,371.688,1742511187.9389966
2,370.427,1742511187.9389966
3,369.685,1742511187.9389966
4,359.422,1742511187.9389966
5,380.525,1742511187.9389966
6,366.963,1742511187.9389966
7,384.262,1742511187.9389966
0,375.525,1742511187.9891286
1,371.688,1742511187.9891286
2,370.438,1742511187.9891286
3,369.685,1742511187.9891286
4,360.011,1742511187.9891286
5,379.814,1742511187.9891286
6,367.447,1742511187.9891286
7,384.209,1742511187.9891286
0,373.69,1742511188.0392709
1,374.265,1742511188.0392709
2,370.438,1742511188.0392709
3,369.357,1742511188.0392709
4,360.011,1742511188.0392709
5,379.814,1742511188.0392709
6,367.447,1742511188.0392709
7,384.209,1742511188.0392709
0,373.69,1742511188.089428
1,374.265,1742511188.089428
2,369.93,1742511188.089428
3,369.357,1742511188.089428
4,360.555,1742511188.089428
5,379.814,1742511188.089428
6,367.35,1742511188.089428
7,384.026,1742511188.089428
0,372.217,1742511188.1395626
1,373.941,1742511188.1395626
2,369.93,1742511188.1395626
3,369.207,1742511188.1395626
4,360.555,1742511188.1395626
5,380.899,1742511188.1395626
6,367.35,1742511188.1395626
7,384.026,1742511188.1395626
0,372.217,1742511188.189704
1,373.941,1742511188.189704
2,368.334,1742511188.189704
3,369.207,1742511188.189704
4,362.414,1742511188.189704
5,380.899,1742511188.189704
6,368.432,1742511188.189704
7,384.213,1742511188.189704
0,370.323,1742511188.2398212
1,373.355,1742511188.2398212
2,368.334,1742511188.2398212
3,369.828,1742511188.2398212
4,362.414,1742511188.2398212
5,381.899,1742511188.2398212
6,368.432,1742511188.2398212
7,384.213,1742511188.2398212
0,370.323,1742511188.2899468
1,373.355,1742511188.2899468
2,367.422,1742511188.2899468
3,369.828,1742511188.2899468
4,363.549,1742511188.2899468
5,381.899,1742511188.2899468
6,363.543,1742511188.2899468
7,382.82,1742511188.2899468
0,359.492,1742511188.3400817
1,352.072,1742511188.3400817
2,367.422,1742511188.3400817
3,354.445,1742511188.3400817
4,363.549,1742511188.3400817
5,376.258,1742511188.3400817
6,363.543,1742511188.3400817
7,382.82,1742511188.3400817
0,359.492,1742511188.3902078
1,352.072,1742511188.3902078
2,345.294,1742511188.3902078
3,354.445,1742511188.3902078
4,341.943,1742511188.3902078
5,376.258,1742511188.3902078
6,338.41,1742511188.3902078
7,357.646,1742511188.3902078
0,334.343,1742511188.4403336
1,326.281,1742511188.4403336
2,345.294,1742511188.4403336
3,329.443,1742511188.4403336
4,341.943,1742511188.4403336
5,347.271,1742511188.4403336
6,338.41,1742511188.4403336
7,357.646,1742511188.4403336
0,334.343,1742511188.490463
1,326.281,1742511188.490463
2,321.247,1742511188.490463
3,329.443,1742511188.490463
4,314.704,1742511188.490463
5,347.271,1742511188.490463
6,314.433,1742511188.490463
7,331.257,1742511188.490463
0,309.501,1742511188.5406027
1,300.564,1742511188.5406027
2,321.247,1742511188.5406027
3,308.069,1742511188.5406027
4,314.704,1742511188.5406027
5,322.117,1742511188.5406027
6,314.433,1742511188.5406027
7,331.257,1742511188.5406027
0,309.501,1742511188.590739
1,300.564,1742511188.590739
2,292.408,1742511188.590739
3,308.069,1742511188.590739
4,290.567,1742511188.590739
5,322.117,1742511188.590739
6,314.433,1742511188.590739
7,305.801,1742511188.590739
0,285.017,1742511188.6408823
1,275.184,1742511188.6408823
2,292.408,1742511188.6408823
3,282.621,1742511188.6408823
4,290.567,1742511188.6408823
5,296.374,1742511188.6408823
6,288.811,1742511188.6408823
7,305.801,1742511188.6408823
0,285.017,1742511188.6910088
1,275.184,1742511188.6910088
2,268.077,1742511188.6910088
3,282.621,1742511188.6910088
4,267.571,1742511188.6910088
5,296.374,1742511188.6910088
6,288.811,1742511188.6910088
7,280.845,1742511188.6910088
0,261.121,1742511188.7411473
1,253.427,1742511188.7411473
2,268.077,1742511188.7411473
3,258.819,1742511188.7411473
4,267.571,1742511188.7411473
5,272.031,1742511188.7411473
6,265.394,1742511188.7411473
7,280.845,1742511188.7411473
0,261.121,1742511188.7912781
1,253.427,1742511188.7912781
2,243.41,1742511188.7912781
3,258.819,1742511188.7912781
4,243.304,1742511188.7912781
5,272.031,1742511188.7912781
6,265.394,1742511188.7912781
7,255.537,1742511188.7912781
0,237.07,1742511188.8414197
1,223.351,1742511188.8414197
2,243.41,1742511188.8414197
3,230.42,1742511188.8414197
4,243.304,1742511188.8414197
5,244.077,1742511188.8414197
6,239.14,1742511188.8414197
7,255.537,1742511188.8414197
0,237.07,1742511188.891522
1,223.351,1742511188.891522
2,218.016,1742511188.891522
3,230.42,1742511188.891522
4,219.646,1742511188.891522
5,244.077,1742511188.891522
6,239.14,1742511188.891522
7,230.134,1742511188.891522
0,202.441,1742511188.9416177
1,197.555,1742511188.9416177
2,218.016,1742511188.9416177
3,209.856,1742511188.9416177
4,219.646,1742511188.9416177
5,216.924,1742511188.9416177
6,216.649,1742511188.9416177
7,230.134,1742511188.9416177
0,202.441,1742511188.9917316
1,197.555,1742511188.9917316
2,195.579,1742511188.9917316
3,209.856,1742511188.9917316
4,194.014,1742511188.9917316
5,216.924,1742511188.9917316
6,216.649,1742511188.9917316
7,202.972,1742511188.9917316
0,177.029,1742511189.0418513
1,172.261,1742511189.0418513
2,195.579,1742511189.0418513
3,185.071,1742511189.0418513
4,194.014,1742511189.0418513
5,190.758,1742511189.0418513
6,189.494,1742511189.0418513
7,202.972,1742511189.0418513
0,177.029,1742511189.091964
1,172.261,1742511189.091964
2,171.846,1742511189.091964
3,185.071,1742511189.091964
4,169.082,1742511189.091964
5,190.758,1742511189.091964
6,189.494,1742511189.091964
7,180.36,1742511189.091964
0,152.531,1742511189.1420925
1,153.615,1742511189.1420925
2,171.846,1742511189.1420925
3,160.384,1742511189.1420925
4,169.082,1742511189.1420925
5,164.621,1742511189.1420925
6,167.769,1742511189.1420925
7,180.36,1742511189.1420925
0,152.531,1742511189.1922693
1,153.615,1742511189.1922693
2,146.492,1742511189.1922693
3,160.384,1742511189.1922693
4,143.273,1742511189.1922693
5,164.621,1742511189.1922693
6,167.769,1742511189.1922693
7,155.662,1742511189.1922693
0,128.624,1742511189.242372
1,129.918,1742511189.242372
2,146.492,1742511189.242372
3,135.044,1742511189.242372
4,143.273,1742511189.242372
5,139.235,1742511189.242372
6,143.065,1742511189.242372
7,155.662,1742511189.242372
0,128.624,1742511189.2924993
1,129.918,1742511189.2924993
2,125.031,1742511189.2924993
3,135.044,1742511189.2924993
4,119.956,1742511189.2924993
5,139.235,1742511189.2924993
6,143.065,1742511189.2924993
7,130.958,1742511189.2924993
0,122.224,1742511189.342602
1,118.976,1742511189.342602
2,125.031,1742511189.342602
3,119.624,1742511189.342602
4,119.956,1742511189.342602
5,122.732,1742511189.342602
6,119.004,1742511189.342602
7,130.958,1742511189.342602
0,122.224,1742511189.392729
1,118.976,1742511189.392729
2,123.195,1742511189.392729
3,119.624,1742511189.392729
4,119.3,1742511189.392729
5,122.732,1742511189.392729
6,119.004,1742511189.392729
7,125.938,1742511189.392729
0,122.204,1742511189.4428725
1,118.756,1742511189.4428725
2,123.195,1742511189.4428725
3,119.499,1742511189.4428725
4,119.3,1742511189.4428725
5,122.683,1742511189.4428725
6,118.847,1742511189.4428725
7,125.938,1742511189.4428725
0,122.204,1742511189.4929998
1,118.756,1742511189.4929998
2,122.933,1742511189.4929998
3,119.499,1742511189.4929998
4,119.155,1742511189.4929998
5,122.683,1742511189.4929998
6,118.847,1742511189.4929998
7,125.784,1742511189.4929998
0,122.095,1742511189.5431538
1,118.756,1742511189.5431538
2,122.933,1742511189.5431538
3,119.391,1742511189.5431538
4,119.155,1742511189.5431538
5,122.571,1742511189.5431538
6,118.751,1742511189.5431538
7,125.784,1742511189.5431538
0,122.095,1742511189.5932803
1,118.594,1742511189.5932803
2,122.786,1742511189.5932803
3,119.391,1742511189.5932803
4,119.007,1742511189.5932803
5,122.571,1742511189.5932803
6,118.751,1742511189.5932803
7,125.642,1742511189.5932803
0,122.026,1742511189.6434216
1,118.594,1742511189.6434216
2,122.786,1742511189.6434216
3,119.33,1742511189.6434216
4,119.007,1742511189.6434216
5,122.461,1742511189.6434216
6,118.678,1742511189.6434216
7,125.642,1742511189.6434216
0,122.026,1742511189.6935513
1,118.297,1742511189.6935513
2,122.641,1742511189.6935513
3,119.33,1742511189.6935513
4,118.97,1742511189.6935513
5,122.461,1742511189.6935513
6,118.678,1742511189.6935513
7,125.572,1742511189.6935513
0,121.967,1742511189.7436538
1,118.297,1742511189.7436538
2,122.641,1742511189.7436538
3,119.233,1742511189.7436538
4,118.97,1742511189.7436538
5,122.403,1742511189.7436538
6,118.631,1742511189.7436538
7,125.572,1742511189.7436538
0,121.967,1742511189.7937768
1,118.221,1742511189.7937768
2,122.529,1742511189.7937768
3,119.233,1742511189.7937768
4,118.906,1742511189.7937768
5,122.403,1742511189.7937768
6,118.631,1742511189.7937768
7,125.481,1742511189.7937768
0,121.901,1742511189.843914
1,118.221,1742511189.843914
2,122.529,1742511189.843914
3,119.184,1742511189.843914
4,118.906,1742511189.843914
5,122.36,1742511189.843914
6,118.557,1742511189.843914
7,125.481,1742511189.843914
0,121.901,1742511189.89404
1,117.908,1742511189.89404
2,122.46,1742511189.89404
3,119.184,1742511189.89404
4,118.805,1742511189.89404
5,122.36,1742511189.89404
6,118.557,1742511189.89404
7,125.401,1742511189.89404
0,121.856,1742511189.9441793
1,117.908,1742511189.9441793
2,122.46,1742511189.9441793
3,119.143,1742511189.9441793
4,118.805,1742511189.9441793
5,122.285,1742511189.9441793
6,118.517,1742511189.9441793
7,125.401,1742511189.9441793
0,121.856,1742511189.9943042
1,117.88,1742511189.9943042
2,122.419,1742511189.9943042
3,119.143,1742511189.9943042
4,118.786,1742511189.9943042
5,122.285,1742511189.9943042
6,118.517,1742511189.9943042
7,125.34,1742511189.9943042
0,121.99,1742511190.044451
1,117.88,1742511190.044451
2,122.419,1742511190.044451
3,121.187,1742511190.044451
4,118.786,1742511190.044451
5,122.23,1742511190.044451
6,118.477,1742511190.044451
7,125.34,1742511190.044451
0,121.99,1742511190.0945694
1,118.968,1742511190.0945694
2,128.187,1742511190.0945694
3,121.187,1742511190.0945694
4,128.157,1742511190.0945694
5,122.23,1742511190.0945694
6,118.477,1742511190.0945694
7,133.811,1742511190.0945694
0,144.837,1742511190.1447113
1,118.968,1742511190.1447113
2,128.187,1742511190.1447113
3,145.975,1742511190.1447113
4,128.157,1742511190.1447113
5,138.135,1742511190.1447113
6,135.376,1742511190.1447113
7,133.811,1742511190.1447113
0,144.837,1742511190.194844
1,141.835,1742511190.194844
2,153.399,1742511190.194844
3,145.975,1742511190.194844
4,150.759,1742511190.194844
5,138.135,1742511190.194844
6,135.376,1742511190.194844
7,158.382,1742511190.194844
0,170.524,1742511190.2449841
1,141.835,1742511190.2449841
2,153.399,1742511190.2449841
3,170.508,1742511190.2449841
4,150.759,1742511190.2449841
5,162.516,1742511190.2449841
6,160.186,1742511190.2449841
7,158.382,1742511190.2449841
0,170.524,1742511190.2951167
1,166.765,1742511190.2951167
2,177.4,1742511190.2951167
3,170.508,1742511190.2951167
4,174.114,1742511190.2951167
5,162.516,1742511190.2951167
6,160.186,1742511190.2951167
7,183.412,1742511190.2951167
0,195.379,1742511190.345257
1,166.765,1742511190.345257
2,177.4,1742511190.345257
3,194.375,1742511190.345257
4,174.114,1742511190.345257
5,186.903,1742511190.345257
6,184.282,1742511190.345257
7,183.412,1742511190.345257
0,195.379,1742511190.3953876
1,190.529,1742511190.3953876
2,202.388,1742511190.3953876
3,194.375,1742511190.3953876
4,197.845,1742511190.3953876
5,186.903,1742511190.3953876
6,184.282,1742511190.3953876
7,209.291,1742511190.3953876
0,219.968,1742511190.4455214
1,190.529,1742511190.4455214
2,202.388,1742511190.4455214
3,194.375,1742511190.4455214
4,197.845,1742511190.4455214
5,208.926,1742511190.4455214
6,208.31,1742511190.4455214
7,209.291,1742511190.4455214
0,219.968,1742511190.4956558
1,217.33,1742511190.4956558
2,227.007,1742511190.4956558
3,216.589,1742511190.4956558
4,221.563,1742511190.4956558
5,208.926,1742511190.4956558
6,208.31,1742511190.4956558
7,235.321,1742511190.4956558
0,244.92,1742511190.5457869
1,217.33,1742511190.5457869
2,227.007,1742511190.5457869
3,216.589,1742511190.5457869
4,221.563,1742511190.5457869
5,236.465,1742511190.5457869
6,230.919,1742511190.5457869
7,235.321,1742511190.5457869
0,244.92,1742511190.5959163
1,244.204,1742511190.5959163
2,251.906,1742511190.5959163
3,241.629,1742511190.5959163
4,245.591,1742511190.5959163
5,236.465,1742511190.5959163
6,230.919,1742511190.5959163
7,261.316,1742511190.5959163
0,269.345,1742511190.6460526
1,244.204,1742511190.6460526
2,251.906,1742511190.6460526
3,241.629,1742511190.6460526
4,245.591,1742511190.6460526
5,262.67,1742511190.6460526
6,254.322,1742511190.6460526
7,261.316,1742511190.6460526
0,269.345,1742511190.6961858
1,268.676,1742511190.6961858
2,276.183,1742511190.6961858
3,266.621,1742511190.6961858
4,267.924,1742511190.6961858
5,262.67,1742511190.6961858
6,254.322,1742511190.6961858
7,286.66,1742511190.6961858
0,294.521,1742511190.7463224
1,268.676,1742511190.7463224
2,276.183,1742511190.7463224
3,266.621,1742511190.7463224
4,267.924,1742511190.7463224
5,289.012,1742511190.7463224
6,278.08,1742511190.7463224
7,286.66,1742511190.7463224
0,294.521,1742511190.7964976
1,289.246,1742511190.7964976
2,300.029,1742511190.7964976
3,295.995,1742511190.7964976
4,292.964,1742511190.7964976
5,289.012,1742511190.7964976
6,278.08,1742511190.7964976
7,308.263,1742511190.7964976
0,319.462,1742511190.8466408
1,289.246,1742511190.8466408
2,300.029,1742511190.8466408
3,295.995,1742511190.8466408
4,292.964,1742511190.8466408
5,321.315,1742511190.8466408
6,303.792,1742511190.8466408
7,308.263,1742511190.8466408
0,319.462,1742511190.8967717
1,317.24,1742511190.8967717
2,323.969,1742511190.8967717
3,322.539,1742511190.8967717
4,321.095,1742511190.8967717
5,321.315,1742511190.8967717
6,303.792,1742511190.8967717
7,333.485,1742511190.8967717
0,319.462,1742511190.9469035
1,317.24,1742511190.9469035
2,323.969,1742511190.9469035
3,322.539,1742511190.9469035
4,321.095,1742511190.9469035
5,347.356,1742511190.9469035
6,328.964,1742511190.9469035
7,333.485,1742511190.9469035
0,348.913,1742511190.99704
1,341.372,1742511190.99704
2,348.828,1742511190.99704
3,348.875,1742511190.99704
4,341.751,1742511190.99704
5,347.356,1742511190.99704
6,328.964,1742511190.99704
7,362.359,1742511190.99704
0,348.913,1742511191.0471823
1,341.372,1742511191.0471823
2,348.828,1742511191.0471823
3,348.875,1742511191.0471823
4,341.751,1742511191.0471823
5,372.478,1742511191.0471823
6,359.221,1742511191.0471823
7,362.359,1742511191.0471823
0,371.591,1742511191.097315
1,362.334,1742511191.097315
2,366.121,1742511191.097315
3,373.153,1742511191.097315
4,362.331,1742511191.097315
5,372.478,1742511191.097315
6,359.221,1742511191.097315
7,379.302,1742511191.097315
0,371.442,1742511191.1474452
1,362.334,1742511191.1474452
2,366.121,1742511191.1474452
3,373.153,1742511191.1474452
4,362.331,1742511191.1474452
5,375.1,1742511191.1474452
6,369.233,1742511191.1474452
7,379.302,1742511191.1474452
0,371.442,1742511191.1976318
1,362.674,1742511191.1976318
2,366.014,1742511191.1976318
3,373.23,1742511191.1976318
4,364.464,1742511191.1976318
5,375.1,1742511191.1976318
6,369.233,1742511191.1976318
7,379.041,1742511191.1976318
0,370.468,1742511191.247776
1,362.674,1742511191.247776
2,366.014,1742511191.247776
3,373.23,1742511191.247776
4,364.464,1742511191.247776
5,375.224,1742511191.247776
6,369.332,1742511191.247776
7,379.041,1742511191.247776
0,370.468,1742511191.297903
1,361.194,1742511191.297903
2,368.275,1742511191.297903
3,375.031,1742511191.297903
4,365.424,1742511191.297903
5,375.224,1742511191.297903
6,369.332,1742511191.297903
7,379.301,1742511191.297903
0,371.76,1742511191.3480432
1,361.194,1742511191.3480432
2,368.275,1742511191.3480432
3,375.031,1742511191.3480432
4,365.424,1742511191.3480432
5,376.781,1742511191.3480432
6,368.553,1742511191.3480432
7,379.301,1742511191.3480432
0,371.76,1742511191.398174
1,362.456,1742511191.398174
2,367.951,1742511191.398174
3,375.059,1742511191.398174
4,365.82,1742511191.398174
5,376.781,1742511191.398174
6,368.553,1742511191.398174
7,378.935,1742511191.398174
0,371.76,1742511191.4483175
1,362.456,1742511191.4483175
2,367.951,1742511191.4483175
3,375.059,1742511191.4483175
4,365.82,1742511191.4483175
5,380.146,1742511191.4483175
6,369.131,1742511191.4483175
7,378.935,1742511191.4483175
0,373.425,1742511191.4985654
1,363.267,1742511191.4985654
2,368.991,1742511191.4985654
3,376.525,1742511191.4985654
4,367.271,1742511191.4985654
5,380.146,1742511191.4985654
6,369.131,1742511191.4985654
7,378.415,1742511191.4985654
0,373.425,1742511191.5488448
1,363.267,1742511191.5488448
2,368.991,1742511191.5488448
3,376.525,1742511191.5488448
4,367.271,1742511191.5488448
5,379.138,1742511191.5488448
6,370.02,1742511191.5488448
7,378.415,1742511191.5488448
0,374.966,1742511191.5989735
1,361.721,1742511191.5989735
2,370.757,1742511191.5989735
3,376.322,1742511191.5989735
4,367.796,1742511191.5989735
5,379.138,1742511191.5989735
6,370.02,1742511191.5989735
7,377.945,1742511191.5989735
0,374.966,1742511191.649108
1,361.721,1742511191.649108
2,370.757,1742511191.649108
3,376.322,1742511191.649108
4,367.796,1742511191.649108
5,378.498,1742511191.649108
6,370.876,1742511191.649108
7,377.945,1742511191.649108
0,375.997,1742511191.6992407
1,361.482,1742511191.6992407
2,371.971,1742511191.6992407
3,376.656,1742511191.6992407
4,365.161,1742511191.6992407
5,378.498,1742511191.6992407
6,370.876,1742511191.6992407
7,377.922,1742511191.6992407
0,375.997,1742511191.7494085
1,361.482,1742511191.7494085
2,371.971,1742511191.7494085
3,376.656,1742511191.7494085
4,365.161,1742511191.7494085
5,378.297,1742511191.7494085
6,370.825,1742511191.7494085
7,377.922,1742511191.7494085
0,376.148,1742511191.7995617
1,361.838,1742511191.7995617
2,372.295,1742511191.7995617
3,377.899,1742511191.7995617
4,364.297,1742511191.7995617
5,378.297,1742511191.7995617
6,370.825,1742511191.7995617
7,377.664,1742511191.7995617
0,376.148,1742511191.8497121
1,361.838,1742511191.8497121
2,372.295,1742511191.8497121
3,377.899,1742511191.8497121
4,364.297,1742511191.8497121
5,376.785,1742511191.8497121
6,369.017,1742511191.8497121
7,377.664,1742511191.8497121
0,376.524,1742511191.8999252
1,362.442,1742511191.8999252
2,373.346,1742511191.8999252
3,376.301,1742511191.8999252
4,362.21,1742511191.8999252
5,376.785,1742511191.8999252
6,369.017,1742511191.8999252
7,377.664,1742511191.8999252
0,376.524,1742511191.9501204
1,362.442,1742511191.9501204
2,373.346,1742511191.9501204
3,376.301,1742511191.9501204
4,362.21,1742511191.9501204
5,376.27,1742511191.9501204
6,369.201,1742511191.9501204
7,379.669,1742511191.9501204
0,377.778,1742511192.0002487
1,363.896,1742511192.0002487
2,373.536,1742511192.0002487
3,374.894,1742511192.0002487
4,362.21,1742511192.0002487
5,376.27,1742511192.0002487
6,369.201,1742511192.0002487
7,379.669,1742511192.0002487
0,377.778,1742511192.0505059
1,363.896,1742511192.0505059
2,373.536,1742511192.0505059
3,374.894,1742511192.0505059
4,361.607,1742511192.0505059
5,375.732,1742511192.0505059
6,368.517,1742511192.0505059
7,381.133,1742511192.0505059
0,378.621,1742511192.1006417
1,365.418,1742511192.1006417
2,373.632,1742511192.1006417
3,373.822,1742511192.1006417
4,361.607,1742511192.1006417
5,375.732,1742511192.1006417
6,368.517,1742511192.1006417
7,381.133,1742511192.1006417
0,378.621,1742511192.1507752
1,365.418,1742511192.1507752
2,373.632,1742511192.1507752
3,373.822,1742511192.1507752
4,359.804,1742511192.1507752
5,375.882,1742511192.1507752
6,367.724,1742511192.1507752
7,381.913,1742511192.1507752
0,378.89,1742511192.20091
1,366.35,1742511192.20091
2,372.813,1742511192.20091
3,372.416,1742511192.20091
4,359.804,1742511192.20091
5,375.882,1742511192.20091
6,367.724,1742511192.20091
7,381.913,1742511192.20091
0,378.89,1742511192.2510507
1,366.35,1742511192.2510507
2,372.813,1742511192.2510507
3,372.416,1742511192.2510507
4,359.088,1742511192.2510507
5,377.951,1742511192.2510507
6,367.422,1742511192.2510507
7,382.099,1742511192.2510507
0,378.216,1742511192.301183
1,367.045,1742511192.301183
2,370.505,1742511192.301183
3,370.763,1742511192.301183
4,359.088,1742511192.301183
5,377.951,1742511192.301183
6,367.422,1742511192.301183
7,382.099,1742511192.301183
0,378.216,1742511192.3513217
1,367.045,1742511192.3513217
2,370.505,1742511192.3513217
3,370.763,1742511192.3513217
4,357.78,1742511192.3513217
5,378.149,1742511192.3513217
6,366.108,1742511192.3513217
7,382.602,1742511192.3513217
0,378.578,1742511192.401451
1,366.859,1742511192.401451
2,368.582,1742511192.401451
3,371.116,1742511192.401451
4,357.78,1742511192.401451
5,378.149,1742511192.401451
6,366.108,1742511192.401451
7,382.602,1742511192.401451
0,378.578,1742511192.451595
1,366.859,1742511192.451595
2,368.582,1742511192.451595
3,371.116,1742511192.451595
4,359.776,1742511192.451595
5,378.591,1742511192.451595
6,367.031,1742511192.451595
7,382.484,1742511192.451595
0,376.973,1742511192.5017316
1,367.199,1742511192.5017316
2,368.41,1742511192.5017316
3,371.661,1742511192.5017316
4,359.776,1742511192.5017316
5,378.591,1742511192.5017316
6,367.031,1742511192.5017316
7,382.484,1742511192.5017316
0,376.973,1742511192.551878
1,367.199,1742511192.551878
2,368.41,1742511192.551878
3,371.661,1742511192.551878
4,359.566,1742511192.551878
5,378.591,1742511192.551878
6,366.323,1742511192.551878
7,382.854,1742511192.551878
0,375.297,1742511192.6020117
1,366.778,1742511192.6020117
2,367.672,1742511192.6020117
3,372.585,1742511192.6020117
4,359.566,1742511192.6020117
5,378.505,1742511192.6020117
6,366.323,1742511192.6020117
7,382.854,1742511192.6020117
0,375.297,1742511192.6521502
1,366.778,1742511192.6521502
2,367.672,1742511192.6521502
3,372.585,1742511192.6521502
4,359.402,1742511192.6521502
5,378.774,1742511192.6521502
6,367.771,1742511192.6521502
7,382.467,1742511192.6521502
0,374.075,1742511192.7022843
1,367.474,1742511192.7022843
2,365.852,1742511192.7022843
3,372.837,1742511192.7022843
4,359.402,1742511192.7022843
5,378.774,1742511192.7022843
6,367.771,1742511192.7022843
7,382.467,1742511192.7022843
0,374.075,1742511192.7524228
1,367.474,1742511192.7524228
2,365.852,1742511192.7524228
3,372.837,1742511192.7524228
4,361.129,1742511192.7524228
5,378.774,1742511192.7524228
6,371.139,1742511192.7524228
7,383.676,1742511192.7524228
0,373.708,1742511192.8025942
1,369.406,1742511192.8025942
2,367.89,1742511192.8025942
3,372.52,1742511192.8025942
4,361.129,1742511192.8025942
5,379.614,1742511192.8025942
6,371.139,1742511192.8025942
7,383.676,1742511192.8025942
0,373.708,1742511192.8527336
1,369.406,1742511192.8527336
2,367.89,1742511192.8527336
3,372.52,1742511192.8527336
4,361.559,1742511192.8527336
5,380.438,1742511192.8527336
6,370.679,1742511192.8527336
7,384.523,1742511192.8527336
0,373.478,1742511192.9028656
1,369.235,1742511192.9028656
2,368.201,1742511192.9028656
3,374.274,1742511192.9028656
4,361.559,1742511192.9028656
5,380.438,1742511192.9028656
6,370.679,1742511192.9028656
7,384.523,1742511192.9028656
0,373.478,1742511192.9530065
1,369.235,1742511192.9530065
2,368.201,1742511192.9530065
3,374.274,1742511192.9530065
4,361.997,1742511192.9530065
5,377.966,1742511192.9530065
6,369.88,1742511192.9530065
7,381.418,1742511192.9530065
0,369.479,1742511193.0031216
1,367.539,1742511193.0031216
2,368.452,1742511193.0031216
3,373.362,1742511193.0031216
4,361.997,1742511193.0031216
5,377.966,1742511193.0031216
6,369.88,1742511193.0031216
7,381.418,1742511193.0031216
0,369.479,1742511193.0532382
1,367.539,1742511193.0532382
2,368.452,1742511193.0532382
3,373.362,1742511193.0532382
4,361.632,1742511193.0532382
5,379.224,1742511193.0532382
6,369.066,1742511193.0532382
7,380.358,1742511193.0532382
0,372.38,1742511193.1033726
1,365.308,1742511193.1033726
2,367.442,1742511193.1033726
3,373.023,1742511193.1033726
4,361.632,1742511193.1033726
5,379.224,1742511193.1033726
6,369.066,1742511193.1033726
7,380.358,1742511193.1033726
0,372.38,1742511193.153502
1,365.308,1742511193.153502
2,367.442,1742511193.153502
3,373.023,1742511193.153502
4,363.31,1742511193.153502
5,379.224,1742511193.153502
6,368.916,1742511193.153502
7,379.745,1742511193.153502
0,373.07,1742511193.2036316
1,362.942,1742511193.2036316
2,367.491,1742511193.2036316
3,374.024,1742511193.2036316
4,363.31,1742511193.2036316
5,378.381,1742511193.2036316
6,368.916,1742511193.2036316
7,379.745,1742511193.2036316
0,373.07,1742511193.2538016
1,362.942,1742511193.2538016
2,367.491,1742511193.2538016
3,374.024,1742511193.2538016
4,362.861,1742511193.2538016
5,378.381,1742511193.2538016
6,368.916,1742511193.2538016
7,379.389,1742511193.2538016
0,372.209,1742511193.304001
1,361.311,1742511193.304001
2,366.938,1742511193.304001
3,375.097,1742511193.304001
4,362.861,1742511193.304001
5,377.16,1742511193.304001
6,370.406,1742511193.304001
7,379.389,1742511193.304001
0,372.209,1742511193.3541439
1,361.311,1742511193.3541439
2,366.938,1742511193.3541439
3,375.097,1742511193.3541439
4,361.621,1742511193.3541439
5,363.975,1742511193.3541439
6,357.577,1742511193.3541439
7,374.755,1742511193.3541439
0,357.094,1742511193.4042888
1,340.953,1742511193.4042888
2,345.446,1742511193.4042888
3,355.305,1742511193.4042888
4,361.621,1742511193.4042888
5,363.975,1742511193.4042888
6,357.577,1742511193.4042888
7,374.755,1742511193.4042888
0,357.094,1742511193.4544532
1,340.953,1742511193.4544532
2,345.446,1742511193.4544532
3,355.305,1742511193.4544532
4,336.474,1742511193.4544532
5,337.81,1742511193.4544532
6,334.459,1742511193.4544532
7,349.53,1742511193.4544532
0,332.101,1742511193.5045805
1,316.435,1742511193.5045805
2,321.344,1742511193.5045805
3,329.507,1742511193.5045805
4,336.474,1742511193.5045805
5,337.81,1742511193.5045805
6,334.459,1742511193.5045805
7,349.53,1742511193.5045805
0,332.101,1742511193.5547972
1,316.435,1742511193.5547972
2,321.344,1742511193.5547972
3,329.507,1742511193.5547972
4,311.6,1742511193.5547972
5,312.194,1742511193.5547972
6,309.465,1742511193.5547972
7,324.275,1742511193.5547972
0,307.752,1742511193.6049323
1,291.167,1742511193.6049323
2,296.699,1742511193.6049323
3,303.752,1742511193.6049323
4,311.6,1742511193.6049323
5,312.194,1742511193.6049323
6,309.465,1742511193.6049323
7,324.275,1742511193.6049323
0,307.752,1742511193.6550772
1,291.167,1742511193.6550772
2,296.699,1742511193.6550772
3,303.752,1742511193.6550772
4,286.777,1742511193.6550772
5,286.462,1742511193.6550772
6,283.789,1742511193.6550772
7,299.526,1742511193.6550772
0,282.91,1742511193.7052238
1,266.869,1742511193.7052238
2,270.637,1742511193.7052238
3,277.671,1742511193.7052238
4,286.777,1742511193.7052238
5,286.462,1742511193.7052238
6,283.789,1742511193.7052238
7,299.526,1742511193.7052238
0,282.91,1742511193.7553625
1,266.869,1742511193.7553625
2,270.637,1742511193.7553625
3,277.671,1742511193.7553625
4,263.106,1742511193.7553625
5,286.462,1742511193.7553625
6,255.491,1742511193.7553625
7,274.162,1742511193.7553625
0,258.054,1742511193.8054929
1,242.225,1742511193.8054929
2,247.114,1742511193.8054929
3,256.662,1742511193.8054929
4,263.106,1742511193.8054929
5,253.602,1742511193.8054929
6,255.491,1742511193.8054929
7,274.162,1742511193.8054929
0,258.054,1742511193.8556283
1,242.225,1742511193.8556283
2,247.114,1742511193.8556283
3,256.662,1742511193.8556283
4,238.84,1742511193.8556283
5,253.602,1742511193.8556283
6,233.668,1742511193.8556283
7,248.095,1742511193.8556283
0,232.544,1742511193.9057553
1,218.326,1742511193.9057553
2,223.43,1742511193.9057553
3,230.584,1742511193.9057553
4,238.84,1742511193.9057553
5,228.17,1742511193.9057553
6,233.668,1742511193.9057553
7,248.095,1742511193.9057553
0,232.544,1742511193.9558952
1,218.326,1742511193.9558952
2,223.43,1742511193.9558952
3,230.584,1742511193.9558952
4,214.676,1742511193.9558952
5,228.17,1742511193.9558952
6,208.752,1742511193.9558952
7,221.549,1742511193.9558952
0,213.322,1742511194.0060236
1,194.379,1742511194.0060236
2,199.202,1742511194.0060236
3,206.141,1742511194.0060236
4,214.676,1742511194.0060236
5,203.714,1742511194.0060236
6,208.752,1742511194.0060236
7,221.549,1742511194.0060236
0,213.322,1742511194.0561488
1,194.379,1742511194.0561488
2,199.202,1742511194.0561488
3,206.141,1742511194.0561488
4,189.671,1742511194.0561488
5,179.11,1742511194.0561488
6,184.694,1742511194.0561488
7,196.919,1742511194.0561488
0,187.921,1742511194.1063561
1,170.13,1742511194.1063561
2,172.217,1742511194.1063561
3,181.643,1742511194.1063561
4,189.671,1742511194.1063561
5,179.11,1742511194.1063561
6,184.694,1742511194.1063561
7,196.919,1742511194.1063561
0,187.921,1742511194.1564837
1,170.13,1742511194.1564837
2,172.217,1742511194.1564837
3,181.643,1742511194.1564837
4,167.542,1742511194.1564837
5,179.11,1742511194.1564837
6,160.267,1742511194.1564837
7,172.022,1742511194.1564837
0,162.719,1742511194.2066684
1,146.14,1742511194.2066684
2,147.657,1742511194.2066684
3,156.503,1742511194.2066684
4,167.542,1742511194.2066684
5,154.484,1742511194.2066684
6,160.267,1742511194.2066684
7,172.022,1742511194.2066684
0,162.719,1742511194.2568028
1,146.14,1742511194.2568028
2,147.657,1742511194.2568028
3,156.503,1742511194.2568028
4,141.127,1742511194.2568028
5,154.484,1742511194.2568028
6,135.638,1742511194.2568028
7,146.804,1742511194.2568028
0,137.639,1742511194.3069277
1,126.843,1742511194.3069277
2,124.03,1742511194.3069277
3,120.743,1742511194.3069277
4,141.127,1742511194.3069277
5,129.806,1742511194.3069277
6,135.638,1742511194.3069277
7,146.804,1742511194.3069277
0,137.639,1742511194.357052
1,126.843,1742511194.357052
2,124.03,1742511194.357052
3,120.743,1742511194.357052
4,119.653,1742511194.357052
5,129.806,1742511194.357052
6,118.961,1742511194.357052
7,126.036,1742511194.357052
0,122.335,1742511194.407209
1,118.319,1742511194.407209
2,123.118,1742511194.407209
3,119.548,1742511194.407209
4,119.653,1742511194.407209
5,122.691,1742511194.407209
6,118.961,1742511194.407209
7,126.036,1742511194.407209
0,122.335,1742511194.4573357
1,118.319,1742511194.4573357
2,123.118,1742511194.4573357
3,119.548,1742511194.4573357
4,119.265,1742511194.4573357
5,122.691,1742511194.4573357
6,118.827,1742511194.4573357
7,125.871,1742511194.4573357
0,122.269,1742511194.5074775
1,118.308,1742511194.5074775
2,122.896,1742511194.5074775
3,119.48,1742511194.5074775
4,119.265,1742511194.5074775
5,122.659,1742511194.5074775
6,118.827,1742511194.5074775
7,125.871,1742511194.5074775
0,122.269,1742511194.557613
1,118.308,1742511194.557613
2,122.896,1742511194.557613
3,119.48,1742511194.557613
4,119.093,1742511194.557613
5,122.659,1742511194.557613
6,118.827,1742511194.557613
7,125.734,1742511194.557613
0,122.119,1742511194.6077402
1,118.089,1742511194.6077402
2,122.72,1742511194.6077402
3,119.461,1742511194.6077402
4,119.093,1742511194.6077402
5,122.522,1742511194.6077402
6,118.696,1742511194.6077402
7,125.734,1742511194.6077402
0,122.119,1742511194.6578796
1,118.089,1742511194.6578796
2,122.72,1742511194.6578796
3,119.461,1742511194.6578796
4,118.989,1742511194.6578796
5,122.522,1742511194.6578796
6,118.696,1742511194.6578796
7,125.64,1742511194.6578796
0,122.06,1742511194.708005
1,118.023,1742511194.708005
2,122.615,1742511194.708005
3,119.456,1742511194.708005
4,118.989,1742511194.708005
5,122.455,1742511194.708005
6,118.607,1742511194.708005
7,125.64,1742511194.708005
0,122.06,1742511194.7581398
1,118.023,1742511194.7581398
2,122.615,1742511194.7581398
3,119.456,1742511194.7581398
4,118.921,1742511194.7581398
5,122.455,1742511194.7581398
6,118.607,1742511194.7581398
7,125.563,1742511194.7581398
0,121.987,1742511194.8082714
1,117.878,1742511194.8082714
2,122.524,1742511194.8082714
3,119.47,1742511194.8082714
4,118.921,1742511194.8082714
5,122.378,1742511194.8082714
6,118.568,1742511194.8082714
7,125.563,1742511194.8082714
0,121.987,1742511194.8584104
1,117.878,1742511194.8584104
2,122.524,1742511194.8584104
3,119.47,1742511194.8584104
4,118.873,1742511194.8584104
5,122.378,1742511194.8584104
6,118.568,1742511194.8584104
7,125.483,1742511194.8584104
0,121.936,1742511194.9085715
1,117.731,1742511194.9085715
2,122.49,1742511194.9085715
3,119.495,1742511194.9085715
4,118.873,1742511194.9085715
5,122.325,1742511194.9085715
6,118.522,1742511194.9085715
7,125.483,1742511194.9085715
0,121.936,1742511194.958696
1,117.731,1742511194.958696
2,122.49,1742511194.958696
3,119.495,1742511194.958696
4,118.811,1742511194.958696
5,122.325,1742511194.958696
6,118.469,1742511194.958696
7,125.422,1742511194.958696
0,121.895,1742511195.008914
1,117.7,1742511195.008914
2,122.423,1742511195.008914
3,119.533,1742511195.008914
4,118.811,1742511195.008914
5,122.286,1742511195.008914
6,118.469,1742511195.008914
7,125.422,1742511195.008914
0,121.895,1742511195.0590377
1,117.7,1742511195.0590377
2,122.423,1742511195.0590377
3,119.533,1742511195.0590377
4,118.773,1742511195.0590377
5,122.286,1742511195.0590377
6,118.41,1742511195.0590377
7,125.389,1742511195.0590377
0,121.867,1742511195.1091423
1,117.491,1742511195.1091423
2,122.382,1742511195.1091423
3,119.568,1742511195.1091423
4,118.773,1742511195.1091423
5,122.247,1742511195.1091423
6,118.41,1742511195.1091423
7,125.389,1742511195.1091423
0,121.867,1742511195.1592863
1,117.491,1742511195.1592863
2,122.382,1742511195.1592863
3,119.568,1742511195.1592863
4,118.746,1742511195.1592863
5,122.247,1742511195.1592863
6,123.721,1742511195.1592863
7,126.799,1742511195.1592863
0,129.016,1742511195.2094593
1,125.968,1742511195.2094593
2,139.046,1742511195.2094593
3,129.375,1742511195.2094593
4,118.746,1742511195.2094593
5,128.33,1742511195.2094593
6,123.721,1742511195.2094593
7,126.799,1742511195.2094593
0,129.016,1742511195.2595935
1,125.968,1742511195.2595935
2,139.046,1742511195.2595935
3,129.375,1742511195.2595935
4,140.618,1742511195.2595935
5,128.33,1742511195.2595935
6,123.721,1742511195.2595935
7,150.924,1742511195.2595935
0,152.508,1742511195.3097374
1,155.147,1742511195.3097374
2,163.331,1742511195.3097374
3,155.281,1742511195.3097374
4,140.618,1742511195.3097374
5,153.842,1742511195.3097374
6,149.355,1742511195.3097374
7,150.924,1742511195.3097374
0,152.508,1742511195.359874
1,155.147,1742511195.359874
2,163.331,1742511195.359874
3,155.281,1742511195.359874
4,163.644,1742511195.359874
5,153.842,1742511195.359874
6,149.355,1742511195.359874
7,175.097,1742511195.359874
0,177.522,1742511195.4100173
1,179.448,1742511195.4100173
2,187.393,1742511195.4100173
3,179.649,1742511195.4100173
4,163.644,1742511195.4100173
5,178.404,1742511195.4100173
6,175.032,1742511195.4100173
7,175.097,1742511195.4100173
0,177.522,1742511195.4602277
1,179.448,1742511195.4602277
2,187.393,1742511195.4602277
3,179.649,1742511195.4602277
4,187.168,1742511195.4602277
5,178.404,1742511195.4602277
6,175.032,1742511195.4602277
7,200.677,1742511195.4602277
0,201.861,1742511195.5103648
1,203.563,1742511195.5103648
2,187.393,1742511195.5103648
3,206.562,1742511195.5103648
4,187.168,1742511195.5103648
5,203.36,1742511195.5103648
6,199.812,1742511195.5103648
7,200.677,1742511195.5103648
0,201.861,1742511195.5605013
1,203.563,1742511195.5605013
2,214.939,1742511195.5605013
3,206.562,1742511195.5605013
4,210.629,1742511195.5605013
5,203.36,1742511195.5605013
6,199.812,1742511195.5605013
7,223.766,1742511195.5605013
0,227.244,1742511195.610637
1,227.086,1742511195.610637
2,214.939,1742511195.610637
3,231.539,1742511195.610637
4,210.629,1742511195.610637
5,229.015,1742511195.610637
6,222.665,1742511195.610637
7,223.766,1742511195.610637
0,227.244,1742511195.6607683
1,227.086,1742511195.6607683
2,240.527,1742511195.6607683
3,231.539,1742511195.6607683
4,234.25,1742511195.6607683
5,229.015,1742511195.6607683
6,222.665,1742511195.6607683
7,250.419,1742511195.6607683
0,253.049,1742511195.710905
1,250.842,1742511195.710905
2,240.527,1742511195.710905
3,254.283,1742511195.710905
4,234.25,1742511195.710905
5,251.751,1742511195.710905
6,249.781,1742511195.710905
7,250.419,1742511195.710905
0,253.049,1742511195.7610376
1,250.842,1742511195.7610376
2,262.656,1742511195.7610376
3,254.283,1742511195.7610376
4,257.274,1742511195.7610376
5,251.751,1742511195.7610376
6,249.781,1742511195.7610376
7,278.842,1742511195.7610376
0,278.714,1742511195.8111484
1,274.697,1742511195.8111484
2,262.656,1742511195.8111484
3,281.635,1742511195.8111484
4,257.274,1742511195.8111484
5,279.639,1742511195.8111484
6,275.408,1742511195.8111484
7,278.842,1742511195.8111484
0,278.714,1742511195.8612518
1,274.697,1742511195.8612518
2,296.343,1742511195.8612518
3,281.635,1742511195.8612518
4,280.28,1742511195.8612518
5,279.639,1742511195.8612518
6,275.408,1742511195.8612518
7,278.842,1742511195.8612518
0,306.135,1742511195.9114566
1,298.245,1742511195.9114566
2,296.343,1742511195.9114566
3,306.178,1742511195.9114566
4,280.28,1742511195.9114566
5,304.638,1742511195.9114566
6,300.045,1742511195.9114566
7,304.088,1742511195.9114566
0,306.135,1742511195.9615636
1,298.245,1742511195.9615636
2,315.067,1742511195.9615636
3,306.178,1742511195.9615636
4,301.735,1742511195.9615636
5,304.638,1742511195.9615636
6,300.045,1742511195.9615636
7,328.189,1742511195.9615636
0,329.852,1742511196.011697
1,322.139,1742511196.011697
2,315.067,1742511196.011697
3,331.521,1742511196.011697
4,301.735,1742511196.011697
5,329.106,1742511196.011697
6,324.351,1742511196.011697
7,328.189,1742511196.011697
0,329.852,1742511196.0617743
1,322.139,1742511196.0617743
2,341.676,1742511196.0617743
3,331.521,1742511196.0617743
4,325.705,1742511196.0617743
5,329.106,1742511196.0617743
6,324.351,1742511196.0617743
7,352.312,1742511196.0617743
0,354.755,1742511196.1119068
1,345.9,1742511196.1119068
2,341.676,1742511196.1119068
3,356.638,1742511196.1119068
4,325.705,1742511196.1119068
5,349.43,1742511196.1119068
6,349.572,1742511196.1119068
7,352.312,1742511196.1119068
0,354.755,1742511196.162049
1,345.9,1742511196.162049
2,361.935,1742511196.162049
3,356.638,1742511196.162049
4,358.464,1742511196.162049
5,349.43,1742511196.162049
6,349.572,1742511196.162049
7,370.498,1742511196.162049
0,372.743,1742511196.212195
1,356.094,1742511196.212195
2,361.935,1742511196.212195
3,370.203,1742511196.212195
4,358.464,1742511196.212195
5,371.973,1742511196.212195
6,368.655,1742511196.212195
7,370.498,1742511196.212195
0,372.743,1742511196.262343
1,356.094,1742511196.262343
2,368.244,1742511196.262343
3,370.203,1742511196.262343
4,357.205,1742511196.262343
5,371.973,1742511196.262343
6,368.655,1742511196.262343
7,373.407,1742511196.262343
0,373.823,1742511196.3124804
1,357.824,1742511196.3124804
2,368.244,1742511196.3124804
3,368.385,1742511196.3124804
4,357.205,1742511196.3124804
5,371.576,1742511196.3124804
6,367.339,1742511196.3124804
7,373.407,1742511196.3124804
0,373.823,1742511196.3627062
1,357.824,1742511196.3627062
2,368.044,1742511196.3627062
3,368.385,1742511196.3627062
4,355.594,1742511196.3627062
5,371.576,1742511196.3627062
6,367.339,1742511196.3627062
7,373.165,1742511196.3627062
0,372.965,1742511196.4128377
1,358.421,1742511196.4128377
2,368.044,1742511196.4128377
3,365.618,1742511196.4128377
4,355.594,1742511196.4128377
5,373.143,1742511196.4128377
6,364.839,1742511196.4128377
7,373.165,1742511196.4128377
0,372.965,1742511196.4629784
1,358.421,1742511196.4629784
2,367.706,1742511196.4629784
3,365.618,1742511196.4629784
4,355.146,1742511196.4629784
5,373.143,1742511196.4629784
6,364.839,1742511196.4629784
7,371.747,1742511196.4629784
0,373.382,1742511196.51312
1,358.527,1742511196.51312
2,367.706,1742511196.51312
3,365.87,1742511196.51312
4,355.146,1742511196.51312
5,373.413,1742511196.51312
6,364.51,1742511196.51312
7,371.747,1742511196.51312
0,373.382,1742511196.5632527
1,358.527,1742511196.5632527
2,362.593,1742511196.5632527
3,365.87,1742511196.5632527
4,356.607,1742511196.5632527
5,373.413,1742511196.5632527
6,364.51,1742511196.5632527
7,371.948,1742511196.5632527
0,371.627,1742511196.6133826
1,359.391,1742511196.6133826
2,362.593,1742511196.6133826
3,366.642,1742511196.6133826
4,356.607,1742511196.6133826
5,372.603,1742511196.6133826
6,365.843,1742511196.6133826
7,371.948,1742511196.6133826
0,371.627,1742511196.6636577
1,359.391,1742511196.6636577
2,362.501,1742511196.6636577
3,366.642,1742511196.6636577
4,355.991,1742511196.6636577
5,372.603,1742511196.6636577
6,365.843,1742511196.6636577
7,371.591,1742511196.6636577
0,370.653,1742511196.7138364
1,360.432,1742511196.7138364
2,362.501,1742511196.7138364
3,364.843,1742511196.7138364
4,355.991,1742511196.7138364
5,372.598,1742511196.7138364
6,364.115,1742511196.7138364
7,371.591,1742511196.7138364
0,370.653,1742511196.7639637
1,360.432,1742511196.7639637
2,362.502,1742511196.7639637
3,364.843,1742511196.7639637
4,354.723,1742511196.7639637
5,372.598,1742511196.7639637
6,364.115,1742511196.7639637
7,371.591,1742511196.7639637
0,369.299,1742511196.8141036
1,358.92,1742511196.8141036
2,362.502,1742511196.8141036
3,362.123,1742511196.8141036
4,354.723,1742511196.8141036
5,372.338,1742511196.8141036
6,363.408,1742511196.8141036
7,369.851,1742511196.8141036
0,369.299,1742511196.8642514
1,358.92,1742511196.8642514
2,356.913,1742511196.8642514
3,362.123,1742511196.8642514
4,343.269,1742511196.8642514
5,372.338,1742511196.8642514
6,363.408,1742511196.8642514
7,369.851,1742511196.8642514
0,346.689,1742511196.9143977
1,336.003,1742511196.9143977
2,356.913,1742511196.9143977
3,338.933,1742511196.9143977
4,343.269,1742511196.9143977
5,349.884,1742511196.9143977
6,342.837,1742511196.9143977
7,355.06,1742511196.9143977
0,346.689,1742511196.964539
1,336.003,1742511196.964539
2,334.86,1742511196.964539
3,338.933,1742511196.964539
4,319.71,1742511196.964539
5,349.884,1742511196.964539
6,342.837,1742511196.964539
7,355.06,1742511196.964539
0,322.785,1742511197.0146706
1,336.003,1742511197.0146706
2,334.86,1742511197.0146706
3,314.061,1742511197.0146706
4,319.71,1742511197.0146706
5,325.737,1742511197.0146706
6,319.117,1742511197.0146706
7,331.862,1742511197.0146706
0,322.785,1742511197.064814
1,307.941,1742511197.064814
2,312.287,1742511197.064814
3,314.061,1742511197.064814
4,295.633,1742511197.064814
5,325.737,1742511197.064814
6,319.117,1742511197.064814
7,331.862,1742511197.064814
0,297.78,1742511197.1149457
1,307.941,1742511197.1149457
2,312.287,1742511197.1149457
3,288.911,1742511197.1149457
4,295.633,1742511197.1149457
5,300.904,1742511197.1149457
6,295.101,1742511197.1149457
7,309.343,1742511197.1149457
0,297.78,1742511197.1650906
1,284.99,1742511197.1650906
2,287.728,1742511197.1650906
3,288.911,1742511197.1650906
4,275.2,1742511197.1650906
5,300.904,1742511197.1650906
6,295.101,1742511197.1650906
7,309.343,1742511197.1650906
0,271.857,1742511197.2152338
1,284.99,1742511197.2152338
2,287.728,1742511197.2152338
3,266.343,1742511197.2152338
4,275.2,1742511197.2152338
5,276.778,1742511197.2152338
6,270.795,1742511197.2152338
7,286.471,1742511197.2152338
0,271.857,1742511197.265364
1,262.108,1742511197.265364
2,263.294,1742511197.265364
3,266.343,1742511197.265364
4,252.486,1742511197.265364
5,276.778,1742511197.265364
6,270.795,1742511197.265364
7,286.471,1742511197.265364
0,246.924,1742511197.3155065
1,262.108,1742511197.3155065
2,263.294,1742511197.3155065
3,242.483,1742511197.3155065
4,252.486,1742511197.3155065
5,251.145,1742511197.3155065
6,245.791,1742511197.3155065
7,262.118,1742511197.3155065
0,246.924,1742511197.3656373
1,236.653,1742511197.3656373
2,238.78,1742511197.3656373
3,242.483,1742511197.3656373
4,230.484,1742511197.3656373
5,251.145,1742511197.3656373
6,245.791,1742511197.3656373
7,262.118,1742511197.3656373
0,224.347,1742511197.4157689
1,236.653,1742511197.4157689
2,238.78,1742511197.4157689
3,218.553,1742511197.4157689
4,230.484,1742511197.4157689
5,225.306,1742511197.4157689
6,224.84,1742511197.4157689
7,237.971,1742511197.4157689
0,224.347,1742511197.465913
1,212.296,1742511197.465913
2,213.054,1742511197.465913
3,218.553,1742511197.465913
4,202.52,1742511197.465913
5,225.306,1742511197.465913
6,224.84,1742511197.465913
7,237.971,1742511197.465913
0,200.466,1742511197.5160277
1,212.296,1742511197.5160277
2,213.054,1742511197.5160277
3,193.227,1742511197.5160277
4,202.52,1742511197.5160277
5,201.92,1742511197.5160277
6,202.537,1742511197.5160277
7,213.587,1742511197.5160277
0,200.466,1742511197.5661583
1,187.557,1742511197.5661583
2,192.808,1742511197.5661583
3,193.227,1742511197.5661583
4,181.956,1742511197.5661583
5,201.92,1742511197.5661583
6,202.537,1742511197.5661583
7,213.587,1742511197.5661583
0,175.843,1742511197.616288
1,187.557,1742511197.616288
2,192.808,1742511197.616288
3,167.984,1742511197.616288
4,181.956,1742511197.616288
5,177.87,1742511197.616288
6,168.076,1742511197.616288
7,183.082,1742511197.616288
0,175.843,1742511197.6664174
1,163.207,1742511197.6664174
2,168.049,1742511197.6664174
3,167.984,1742511197.6664174
4,158.592,1742511197.6664174
5,177.87,1742511197.6664174
6,168.076,1742511197.6664174
7,183.082,1742511197.6664174
0,151.024,1742511197.7165496
1,163.207,1742511197.7165496
2,168.049,1742511197.7165496
3,144.289,1742511197.7165496
4,158.592,1742511197.7165496
5,153.711,1742511197.7165496
6,143.948,1742511197.7165496
7,153.433,1742511197.7165496
0,151.024,1742511197.766697
1,138.71,1742511197.766697
2,143.424,1742511197.766697
3,144.289,1742511197.766697
4,136.258,1742511197.766697
5,153.711,1742511197.766697
6,143.948,1742511197.766697
7,153.433,1742511197.766697
0,125.906,1742511197.8168356
1,138.71,1742511197.8168356
2,143.424,1742511197.8168356
3,121.347,1742511197.8168356
4,136.258,1742511197.8168356
5,124.749,1742511197.8168356
6,120.23,1742511197.8168356
7,128.518,1742511197.8168356
0,125.906,1742511197.8669899
1,119.385,1742511197.8669899
2,123.039,1742511197.8669899
3,121.347,1742511197.8669899
4,119.214,1742511197.8669899
5,124.749,1742511197.8669899
6,120.23,1742511197.8669899
7,128.518,1742511197.8669899
0,122.46,1742511197.917121
1,119.385,1742511197.917121
2,123.039,1742511197.917121
3,119.363,1742511197.917121
4,119.214,1742511197.917121
5,122.556,1742511197.917121
6,118.619,1742511197.917121
7,125.737,1742511197.917121
0,122.46,1742511197.967263
1,119.154,1742511197.967263
2,122.801,1742511197.967263
3,119.363,1742511197.967263
4,118.93,1742511197.967263
5,122.556,1742511197.967263
6,118.619,1742511197.967263
7,125.737,1742511197.967263
0,122.402,1742511198.0173929
1,119.154,1742511198.0173929
2,122.801,1742511198.0173929
3,119.26,1742511198.0173929
4,118.93,1742511198.0173929
5,122.423,1742511198.0173929
6,118.56,1742511198.0173929
7,125.629,1742511198.0173929
0,122.402,1742511198.0675354
1,118.942,1742511198.0675354
2,122.657,1742511198.0675354
3,119.26,1742511198.0675354
4,118.842,1742511198.0675354
5,122.423,1742511198.0675354
6,118.56,1742511198.0675354
7,125.629,1742511198.0675354
0,122.32,1742511198.1176786
1,118.942,1742511198.1176786
2,122.657,1742511198.1176786
3,119.249,1742511198.1176786
4,118.842,1742511198.1176786
5,122.328,1742511198.1176786
6,118.489,1742511198.1176786
7,125.516,1742511198.1176786
0,122.32,1742511198.167813
1,119.025,1742511198.167813
2,122.546,1742511198.167813
3,119.249,1742511198.167813
4,118.787,1742511198.167813
5,122.328,1742511198.167813
6,118.489,1742511198.167813
7,125.516,1742511198.167813
0,122.261,1742511198.2179444
1,119.025,1742511198.2179444
2,122.546,1742511198.2179444
3,119.255,1742511198.2179444
4,118.787,1742511198.2179444
5,122.261,1742511198.2179444
6,118.43,1742511198.2179444
7,125.422,1742511198.2179444
0,122.261,1742511198.2681167
1,118.875,1742511198.2681167
2,122.419,1742511198.2681167
3,119.255,1742511198.2681167
4,118.739,1742511198.2681167
5,122.261,1742511198.2681167
6,118.43,1742511198.2681167
7,125.422,1742511198.2681167
0,122.193,1742511198.31825
1,118.875,1742511198.31825
2,122.419,1742511198.31825
3,119.288,1742511198.31825
4,118.739,1742511198.31825
5,122.201,1742511198.31825
6,118.377,1742511198.31825
7,125.348,1742511198.31825
0,122.193,1742511198.3684003
1,118.896,1742511198.3684003
2,122.331,1742511198.3684003
3,119.288,1742511198.3684003
4,118.698,1742511198.3684003
5,122.201,1742511198.3684003
6,118.377,1742511198.3684003
7,125.348,1742511198.3684003
0,122.166,1742511198.4185476
1,118.896,1742511198.4185476
2,122.331,1742511198.4185476
3,119.331,1742511198.4185476
4,118.698,1742511198.4185476
5,122.14,1742511198.4185476
6,118.338,1742511198.4185476
7,125.288,1742511198.4185476
0,122.166,1742511198.4686966
1,118.816,1742511198.4686966
2,122.265,1742511198.4686966
3,119.331,1742511198.4686966
4,118.664,1742511198.4686966
5,122.14,1742511198.4686966
6,118.338,1742511198.4686966
7,125.288,1742511198.4686966
0,122.127,1742511198.518827
1,118.816,1742511198.518827
2,122.265,1742511198.518827
3,119.351,1742511198.518827
4,118.664,1742511198.518827
5,122.1,1742511198.518827
6,118.298,1742511198.518827
7,125.228,1742511198.518827
0,122.127,1742511198.5689683
1,118.723,1742511198.5689683
2,122.206,1742511198.5689683
3,119.351,1742511198.5689683
4,118.625,1742511198.5689683
5,122.1,1742511198.5689683
6,118.298,1742511198.5689683
7,125.228,1742511198.5689683
0,122.114,1742511198.6191475
1,118.723,1742511198.6191475
2,122.206,1742511198.6191475
3,119.385,1742511198.6191475
4,118.625,1742511198.6191475
5,122.069,1742511198.6191475
6,118.283,1742511198.6191475
7,125.218,1742511198.6191475
0,122.114,1742511198.6693015
1,118.79,1742511198.6693015
2,122.153,1742511198.6693015
3,119.385,1742511198.6693015
4,118.615,1742511198.6693015
5,122.069,1742511198.6693015
6,118.283,1742511198.6693015
7,125.218,1742511198.6693015
0,122.096,1742511198.7194448
1,118.79,1742511198.7194448
2,122.153,1742511198.7194448
3,119.425,1742511198.7194448
4,118.615,1742511198.7194448
5,122.032,1742511198.7194448
6,118.272,1742511198.7194448
7,125.178,1742511198.7194448
0,122.096,1742511198.7695951
1,118.644,1742511198.7695951
2,122.134,1742511198.7695951
3,119.425,1742511198.7695951
4,118.581,1742511198.7695951
5,122.032,1742511198.7695951
6,118.272,1742511198.7695951
7,125.178,1742511198.7695951
0,122.058,1742511198.8197005
1,118.644,1742511198.8197005
2,122.134,1742511198.8197005
3,119.473,1742511198.8197005
4,118.581,1742511198.8197005
5,121.973,1742511198.8197005
6,118.246,1742511198.8197005
7,125.131,1742511198.8197005
0,122.058,1742511198.8698096
1,118.757,1742511198.8698096
2,122.094,1742511198.8698096
3,119.473,1742511198.8698096
4,118.54,1742511198.8698096
5,121.973,1742511198.8698096
6,118.246,1742511198.8698096
7,125.131,1742511198.8698096
0,122.009,1742511198.9199338
1,118.757,1742511198.9199338
2,122.094,1742511198.9199338
3,119.517,1742511198.9199338
4,118.54,1742511198.9199338
5,121.961,1742511198.9199338
6,118.2,1742511198.9199338
7,125.084,1742511198.9199338
0,122.009,1742511198.9700556
1,118.614,1742511198.9700556
2,122.081,1742511198.9700556
3,119.517,1742511198.9700556
4,118.513,1742511198.9700556
5,121.961,1742511198.9700556
6,118.2,1742511198.9700556
7,125.084,1742511198.9700556
0,121.978,1742511199.0201757
1,118.614,1742511199.0201757
2,122.081,1742511199.0201757
3,119.531,1742511199.0201757
4,118.513,1742511199.0201757
5,121.928,1742511199.0201757
6,118.154,1742511199.0201757
7,125.043,1742511199.0201757
0,121.978,1742511199.0702968
1,118.751,1742511199.0702968
2,122.035,1742511199.0702968
3,119.531,1742511199.0702968
4,118.512,1742511199.0702968
5,121.928,1742511199.0702968
6,118.154,1742511199.0702968
7,125.043,1742511199.0702968
0,121.963,1742511199.1204193
1,118.751,1742511199.1204193
2,122.035,1742511199.1204193
3,119.531,1742511199.1204193
4,118.512,1742511199.1204193
5,121.928,1742511199.1204193
6,118.134,1742511199.1204193
7,125.029,1742511199.1204193
0,121.963,1742511199.1705384
1,118.704,1742511199.1705384
2,121.992,1742511199.1705384
3,119.531,1742511199.1705384
4,118.48,1742511199.1705384
5,121.928,1742511199.1705384
6,118.134,1742511199.1705384
7,125.029,1742511199.1705384
0,121.963,1742511199.2206533
1,118.704,1742511199.2206533
2,121.992,1742511199.2206533
3,119.5,1742511199.2206533
4,118.48,1742511199.2206533
5,121.878,1742511199.2206533
6,118.12,1742511199.2206533
7,125.022,1742511199.2206533
0,121.963,1742511199.2707772
1,118.743,1742511199.2707772
2,121.973,1742511199.2707772
3,119.5,1742511199.2707772
4,118.441,1742511199.2707772
5,121.878,1742511199.2707772
6,118.12,1742511199.2707772
7,125.022,1742511199.2707772
0,121.931,1742511199.3209918
1,118.743,1742511199.3209918
2,121.973,1742511199.3209918
3,119.486,1742511199.3209918
4,118.441,1742511199.3209918
5,121.875,1742511199.3209918
6,118.118,1742511199.3209918
7,125.007,1742511199.3209918
0,121.931,1742511199.3711174
1,118.847,1742511199.3711174
2,121.93,1742511199.3711174
3,119.486,1742511199.3711174
4,118.416,1742511199.3711174
5,121.875,1742511199.3711174
6,118.118,1742511199.3711174
7,125.007,1742511199.3711174
0,121.865,1742511199.42122
1,118.847,1742511199.42122
2,121.93,1742511199.42122
3,119.461,1742511199.42122
4,118.416,1742511199.42122
5,121.841,1742511199.42122
6,118.082,1742511199.42122
7,125.009,1742511199.42122
0,121.865,1742511199.4713461
1,118.815,1742511199.4713461
2,121.927,1742511199.4713461
3,119.461,1742511199.4713461
4,118.39,1742511199.4713461
5,121.841,1742511199.4713461
6,118.082,1742511199.4713461
7,125.009,1742511199.4713461
0,121.821,1742511199.5214894
1,118.815,1742511199.5214894
2,121.927,1742511199.5214894
3,119.455,1742511199.5214894
4,118.39,1742511199.5214894
5,121.834,1742511199.5214894
6,118.078,1742511199.5214894
7,124.981,1742511199.5214894
0,121.821,1742511199.571616
1,118.977,1742511199.571616
2,121.934,1742511199.571616
3,119.455,1742511199.571616
4,118.376,1742511199.571616
5,121.834,1742511199.571616
6,118.078,1742511199.571616
7,124.981,1742511199.571616
0,121.75,1742511199.6217663
1,118.977,1742511199.6217663
2,121.934,1742511199.6217663
3,119.427,1742511199.6217663
4,118.376,1742511199.6217663
5,121.775,1742511199.6217663
6,118.043,1742511199.6217663
7,124.923,1742511199.6217663
0,121.75,1742511199.6719024
1,118.902,1742511199.6719024
2,121.93,1742511199.6719024
3,119.427,1742511199.6719024
4,118.351,1742511199.6719024
5,121.775,1742511199.6719024
6,118.043,1742511199.6719024
7,124.923,1742511199.6719024
0,121.685,1742511199.7220314
1,118.902,1742511199.7220314
2,121.93,1742511199.7220314
3,119.407,1742511199.7220314
4,118.351,1742511199.7220314
5,121.774,1742511199.7220314
6,118.029,1742511199.7220314
7,124.882,1742511199.7220314
0,121.685,1742511199.7721546
1,119.057,1742511199.7721546
2,121.895,1742511199.7721546
3,119.407,1742511199.7721546
4,118.331,1742511199.7721546
5,121.774,1742511199.7721546
6,118.029,1742511199.7721546
7,124.882,1742511199.7721546
0,121.64,1742511199.8222835
1,119.057,1742511199.8222835
2,121.895,1742511199.8222835
3,119.373,1742511199.8222835
4,118.331,1742511199.8222835
5,121.742,1742511199.8222835
6,118.019,1742511199.8222835
7,124.855,1742511199.8222835
0,121.64,1742511199.8724275
1,118.961,1742511199.8724275
2,121.876,1742511199.8724275
3,119.373,1742511199.8724275
4,118.298,1742511199.8724275
5,121.742,1742511199.8724275
6,118.019,1742511199.8724275
7,124.855,1742511199.8724275
0,121.583,1742511199.9225688
1,118.961,1742511199.9225688
2,121.876,1742511199.9225688
3,119.351,1742511199.9225688
4,118.298,1742511199.9225688
5,121.743,1742511199.9225688
6,118.014,1742511199.9225688
7,124.841,1742511199.9225688
0,121.583,1742511199.9726975
1,119.073,1742511199.9726975
2,121.863,1742511199.9726975
3,119.351,1742511199.9726975
4,118.268,1742511199.9726975
5,121.743,1742511199.9726975
6,118.014,1742511199.9726975
7,124.841,1742511199.9726975
0,121.516,1742511200.022824
1,119.073,1742511200.022824
2,121.863,1742511200.022824
3,119.338,1742511200.022824
4,118.268,1742511200.022824
5,121.693,1742511200.022824
6,118.015,1742511200.022824
7,124.82,1742511200.022824
0,121.516,1742511200.072978
1,119.016,1742511200.072978
2,121.843,1742511200.072978
3,119.338,1742511200.072978
4,118.237,1742511200.072978
5,121.693,1742511200.072978
6,118.015,1742511200.072978
7,124.82,1742511200.072978
0,121.428,1742511200.1231046
1,119.016,1742511200.1231046
2,121.843,1742511200.1231046
3,119.317,1742511200.1231046
4,118.237,1742511200.1231046
5,121.673,1742511200.1231046
6,117.992,1742511200.1231046
7,124.793,1742511200.1231046
0,121.428,1742511200.173246
1,119.027,1742511200.173246
2,121.83,1742511200.173246
3,119.317,1742511200.173246
4,118.24,1742511200.173246
5,121.673,1742511200.173246
6,117.992,1742511200.173246
7,124.793,1742511200.173246
0,121.338,1742511200.2233772
1,119.027,1742511200.2233772
2,121.83,1742511200.2233772
3,119.298,1742511200.2233772
4,118.24,1742511200.2233772
5,121.655,1742511200.2233772
6,117.98,1742511200.2233772
7,124.771,1742511200.2233772
0,121.338,1742511200.2735286
1,119.072,1742511200.2735286
2,121.817,1742511200.2735286
3,119.298,1742511200.2735286
4,118.234,1742511200.2735286
5,121.655,1742511200.2735286
6,117.98,1742511200.2735286
7,124.771,1742511200.2735286
0,121.313,1742511200.3236706
1,119.072,1742511200.3236706
2,121.817,1742511200.3236706
3,119.262,1742511200.3236706
4,118.234,1742511200.3236706
5,121.655,1742511200.3236706
6,117.956,1742511200.3236706
7,124.75,1742511200.3236706
0,121.313,1742511200.3738003
1,118.958,1742511200.3738003
2,121.817,1742511200.3738003
3,119.262,1742511200.3738003
4,118.223,1742511200.3738003
5,121.655,1742511200.3738003
6,117.956,1742511200.3738003
7,124.75,1742511200.3738003
0,121.279,1742511200.4239464
1,118.958,1742511200.4239464
2,121.817,1742511200.4239464
3,119.255,1742511200.4239464
4,118.223,1742511200.4239464
5,121.632,1742511200.4239464
6,117.957,1742511200.4239464
7,124.709,1742511200.4239464
0,121.279,1742511200.4740908
1,119.054,1742511200.4740908
2,121.791,1742511200.4740908
3,119.255,1742511200.4740908
4,118.217,1742511200.4740908
5,121.632,1742511200.4740908
6,117.957,1742511200.4740908
7,124.709,1742511200.4740908
0,121.272,1742511200.5242355
1,119.054,1742511200.5242355
2,121.791,1742511200.5242355
3,119.235,1742511200.5242355
4,118.217,1742511200.5242355
5,121.632,1742511200.5242355
6,117.948,1742511200.5242355
7,124.689,1742511200.5242355
0,121.272,1742511200.5743651
1,118.91,1742511200.5743651
2,121.764,1742511200.5743651
3,119.235,1742511200.5743651
4,118.162,1742511200.5743651
5,121.632,1742511200.5743651
6,117.948,1742511200.5743651
7,124.689,1742511200.5743651
0,121.263,1742511200.6245077
1,118.91,1742511200.6245077
2,121.764,1742511200.6245077
3,119.228,1742511200.6245077
4,118.162,1742511200.6245077
5,121.638,1742511200.6245077
6,117.94,1742511200.6245077
7,124.668,1742511200.6245077
0,121.263,1742511200.6746986
1,119.018,1742511200.6746986
2,121.726,1742511200.6746986
3,119.228,1742511200.6746986
4,118.141,1742511200.6746986
5,121.638,1742511200.6746986
6,117.94,1742511200.6746986
7,124.668,1742511200.6746986
0,121.239,1742511200.724833
1,119.018,1742511200.724833
2,121.726,1742511200.724833
3,119.228,1742511200.724833
4,118.141,1742511200.724833
5,121.605,1742511200.724833
6,117.93,1742511200.724833
7,124.662,1742511200.724833
0,121.239,1742511200.774977
1,118.932,1742511200.774977
2,121.718,1742511200.774977
3,119.228,1742511200.774977
4,118.128,1742511200.774977
5,121.605,1742511200.774977
6,117.93,1742511200.774977
7,124.662,1742511200.774977
0,121.186,1742511200.825108
1,118.932,1742511200.825108
2,121.718,1742511200.825108
3,119.229,1742511200.825108
4,118.128,1742511200.825108
5,121.612,1742511200.825108
6,117.931,1742511200.825108
7,124.661,1742511200.825108
0,121.186,1742511200.8752382
1,119.014,1742511200.8752382
2,121.698,1742511200.8752382
3,119.229,1742511200.8752382
4,118.129,1742511200.8752382
5,121.612,1742511200.8752382
6,117.931,1742511200.8752382
7,124.661,1742511200.8752382
0,121.187,1742511200.9254248
1,119.014,1742511200.9254248
2,121.698,1742511200.9254248
3,119.202,1742511200.9254248
4,118.129,1742511200.9254248
5,121.596,1742511200.9254248
6,117.938,1742511200.9254248
7,124.655,1742511200.9254248
0,121.187,1742511200.97556
1,118.93,1742511200.97556
2,121.671,1742511200.97556
3,119.202,1742511200.97556
4,118.114,1742511200.97556
5,121.596,1742511200.97556
6,117.938,1742511200.97556
7,124.655,1742511200.97556
0,121.186,1742511201.025721
1,118.93,1742511201.025721
2,121.671,1742511201.025721
3,119.175,1742511201.025721
4,118.114,1742511201.025721
5,121.616,1742511201.025721
6,117.934,1742511201.025721
7,124.655,1742511201.025721
0,121.186,1742511201.0758548
1,118.805,1742511201.0758548
2,121.671,1742511201.0758548
3,119.175,1742511201.0758548
4,118.12,1742511201.0758548
5,121.616,1742511201.0758548
6,117.934,1742511201.0758548
7,124.655,1742511201.0758548
0,121.177,1742511201.1259882
1,118.805,1742511201.1259882
2,121.671,1742511201.1259882
3,119.161,1742511201.1259882
4,118.12,1742511201.1259882
5,121.595,1742511201.1259882
6,117.912,1742511201.1259882
7,124.64,1742511201.1259882
0,121.177,1742511201.1761794
1,118.825,1742511201.1761794
2,121.66,1742511201.1761794
3,119.161,1742511201.1761794
4,118.132,1742511201.1761794
5,121.595,1742511201.1761794
6,117.912,1742511201.1761794
7,124.64,1742511201.1761794
0,121.189,1742511201.2263288
1,118.825,1742511201.2263288
2,121.66,1742511201.2263288
3,119.157,1742511201.2263288
4,118.132,1742511201.2263288
5,121.595,1742511201.2263288
6,117.904,1742511201.2263288
7,124.642,1742511201.2263288
0,121.189,1742511201.2764657
1,118.618,1742511201.2764657
2,121.641,1742511201.2764657
3,119.157,1742511201.2764657
4,118.111,1742511201.2764657
5,121.595,1742511201.2764657
6,117.904,1742511201.2764657
7,124.642,1742511201.2764657
0,121.197,1742511201.3265986
1,118.618,1742511201.3265986
2,121.641,1742511201.3265986
3,119.154,1742511201.3265986
4,118.111,1742511201.3265986
5,121.573,1742511201.3265986
6,117.895,1742511201.3265986
7,124.641,1742511201.3265986
0,121.197,1742511201.3767407
1,118.633,1742511201.3767407
2,121.608,1742511201.3767407
3,119.154,1742511201.3767407
4,118.093,1742511201.3767407
5,121.573,1742511201.3767407
6,117.895,1742511201.3767407
7,124.641,1742511201.3767407
0,121.193,1742511201.426869
1,118.633,1742511201.426869
2,121.608,1742511201.426869
3,119.161,1742511201.426869
4,118.093,1742511201.426869
5,121.582,1742511201.426869
6,117.883,1742511201.426869
7,124.621,1742511201.426869
0,121.193,1742511201.477009
1,118.467,1742511201.477009
2,121.576,1742511201.477009
3,119.161,1742511201.477009
4,118.086,1742511201.477009
5,121.582,1742511201.477009
6,117.883,1742511201.477009
7,124.621,1742511201.477009
0,121.182,1742511201.5271394
1,118.467,1742511201.5271394
2,121.576,1742511201.5271394
3,119.143,1742511201.5271394
4,118.086,1742511201.5271394
5,121.535,1742511201.5271394
6,117.884,1742511201.5271394
7,124.625,1742511201.5271394
0,121.182,1742511201.5772865
1,118.542,1742511201.5772865
2,121.571,1742511201.5772865
3,119.143,1742511201.5772865
4,118.092,1742511201.5772865
5,121.535,1742511201.5772865
6,117.884,1742511201.5772865
7,124.625,1742511201.5772865
0,121.16,1742511201.6274385
1,118.542,1742511201.6274385
2,121.571,1742511201.6274385
3,119.101,1742511201.6274385
4,118.092,1742511201.6274385
5,121.516,1742511201.6274385
6,117.871,1742511201.6274385
7,124.593,1742511201.6274385
0,121.16,1742511201.6776173
1,118.342,1742511201.6776173
2,121.565,1742511201.6776173
3,119.101,1742511201.6776173
4,118.12,1742511201.6776173
5,121.516,1742511201.6776173
6,117.871,1742511201.6776173
7,124.593,1742511201.6776173
0,121.154,1742511201.727773
1,118.342,1742511201.727773
2,121.565,1742511201.727773
3,119.073,1742511201.727773
4,118.12,1742511201.727773
5,121.501,1742511201.727773
6,117.851,1742511201.727773
7,124.566,1742511201.727773
0,121.154,1742511201.7780123
1,118.404,1742511201.7780123
2,121.53,1742511201.7780123
3,119.073,1742511201.7780123
4,118.119,1742511201.7780123
5,121.501,1742511201.7780123
6,117.851,1742511201.7780123
7,124.566,1742511201.7780123
0,121.168,1742511201.8281577
1,118.404,1742511201.8281577
2,121.53,1742511201.8281577
3,119.053,1742511201.8281577
4,118.119,1742511201.8281577
5,121.501,1742511201.8281577
6,117.83,1742511201.8281577
7,124.563,1742511201.8281577
0,121.168,1742511201.8783019
1,118.276,1742511201.8783019
2,121.524,1742511201.8783019
3,119.053,1742511201.8783019
4,118.116,1742511201.8783019
5,121.501,1742511201.8783019
6,117.83,1742511201.8783019
7,124.563,1742511201.8783019
0,121.158,1742511201.9284465
1,118.276,1742511201.9284465
2,121.524,1742511201.9284465
3,119.067,1742511201.9284465
4,118.116,1742511201.9284465
5,121.473,1742511201.9284465
6,117.794,1742511201.9284465
7,124.548,1742511201.9284465
0,121.158,1742511201.9785898
1,118.359,1742511201.9785898
2,121.524,1742511201.9785898
3,119.067,1742511201.9785898
4,118.091,1742511201.9785898
5,121.473,1742511201.9785898
6,117.794,1742511201.9785898
7,124.548,1742511201.9785898
0,121.142,1742511202.0287187
1,118.359,1742511202.0287187
2,121.524,1742511202.0287187
3,119.059,1742511202.0287187
4,118.091,1742511202.0287187
5,121.447,1742511202.0287187
6,117.793,1742511202.0287187
7,124.527,1742511202.0287187
0,121.142,1742511202.078863
1,118.435,1742511202.078863
2,121.471,1742511202.078863
3,119.059,1742511202.078863
4,118.089,1742511202.078863
5,121.447,1742511202.078863
6,117.793,1742511202.078863
7,124.527,1742511202.078863
0,121.135,1742511202.1290028
1,118.435,1742511202.1290028
2,121.471,1742511202.1290028
3,119.045,1742511202.1290028
4,118.089,1742511202.1290028
5,121.427,1742511202.1290028
6,117.822,1742511202.1290028
7,124.527,1742511202.1290028
0,121.135,1742511202.179146
1,118.419,1742511202.179146
2,121.464,1742511202.179146
3,119.045,1742511202.179146
4,118.062,1742511202.179146
5,121.427,1742511202.179146
6,117.822,1742511202.179146
7,124.527,1742511202.179146
0,121.117,1742511202.2292907
1,118.419,1742511202.2292907
2,121.464,1742511202.2292907
3,119.031,1742511202.2292907
4,118.062,1742511202.2292907
5,121.436,1742511202.2292907
6,117.83,1742511202.2292907
7,124.507,1742511202.2292907
0,121.117,1742511202.2794409
1,118.609,1742511202.2794409
2,121.465,1742511202.2794409
3,119.031,1742511202.2794409
4,118.049,1742511202.2794409
5,121.436,1742511202.2794409
6,117.83,1742511202.2794409
7,124.507,1742511202.2794409
0,121.082,1742511202.3295777
1,118.609,1742511202.3295777
2,121.465,1742511202.3295777
3,119.044,1742511202.3295777
4,118.049,1742511202.3295777
5,121.384,1742511202.3295777
6,117.831,1742511202.3295777
7,124.492,1742511202.3295777
0,121.082,1742511202.3797107
1,118.529,1742511202.3797107
2,121.465,1742511202.3797107
3,119.044,1742511202.3797107
4,118.027,1742511202.3797107
5,121.384,1742511202.3797107
6,117.831,1742511202.3797107
7,124.492,1742511202.3797107
0,121.057,1742511202.4299057
1,118.529,1742511202.4299057
2,121.465,1742511202.4299057
3,119.044,1742511202.4299057
4,118.027,1742511202.4299057
5,121.384,1742511202.4299057
6,117.809,1742511202.4299057
7,124.453,1742511202.4299057
0,121.057,1742511202.4800391
1,118.714,1742511202.4800391
2,121.465,1742511202.4800391
3,119.018,1742511202.4800391
4,118.012,1742511202.4800391
5,121.384,1742511202.4800391
6,117.809,1742511202.4800391
7,124.453,1742511202.4800391
0,121.053,1742511202.5301745
1,118.714,1742511202.5301745
2,121.465,1742511202.5301745
3,119.018,1742511202.5301745
4,118.012,1742511202.5301745
5,121.376,1742511202.5301745
6,117.789,1742511202.5301745
7,124.419,1742511202.5301745
0,121.053,1742511202.5803127
1,118.589,1742511202.5803127
2,121.458,1742511202.5803127
3,119.004,1742511202.5803127
4,118.04,1742511202.5803127
5,121.376,1742511202.5803127
6,117.789,1742511202.5803127
7,124.419,1742511202.5803127
0,121.112,1742511202.6304424
1,118.589,1742511202.6304424
2,121.458,1742511202.6304424
3,119.004,1742511202.6304424
4,118.04,1742511202.6304424
5,121.401,1742511202.6304424
6,117.779,1742511202.6304424
7,124.419,1742511202.6304424
0,121.112,1742511202.6805866
1,118.654,1742511202.6805866
2,121.444,1742511202.6805866
3,119.025,1742511202.6805866
4,117.994,1742511202.6805866
5,121.401,1742511202.6805866
6,117.779,1742511202.6805866
7,124.419,1742511202.6805866
0,121.112,1742511202.7307172
1,118.654,1742511202.7307172
2,121.444,1742511202.7307172
3,119.025,1742511202.7307172
4,117.994,1742511202.7307172
5,121.379,1742511202.7307172
6,117.788,1742511202.7307172
7,124.412,1742511202.7307172
0,121.112,1742511202.7808626
1,118.594,1742511202.7808626
2,121.439,1742511202.7808626
3,119.01,1742511202.7808626
4,117.972,1742511202.7808626
5,121.379,1742511202.7808626
6,117.788,1742511202.7808626
7,124.412,1742511202.7808626
0,121.095,1742511202.8310063
1,118.594,1742511202.8310063
2,121.439,1742511202.8310063
3,119.01,1742511202.8310063
4,117.972,1742511202.8310063
5,121.371,1742511202.8310063
6,117.804,1742511202.8310063
7,124.398,1742511202.8310063
0,121.095,1742511202.881158
1,118.571,1742511202.881158
2,121.426,1742511202.881158
3,119.01,1742511202.881158
4,117.944,1742511202.881158
5,121.371,1742511202.881158
6,117.804,1742511202.881158
7,124.398,1742511202.881158
0,121.091,1742511202.9313145
1,118.571,1742511202.9313145
2,121.426,1742511202.9313145
3,119.01,1742511202.9313145
4,117.944,1742511202.9313145
5,121.344,1742511202.9313145
6,117.812,1742511202.9313145
7,124.407,1742511202.9313145
0,121.091,1742511202.9814725
1,118.583,1742511202.9814725
2,121.419,1742511202.9814725
3,118.99,1742511202.9814725
4,117.931,1742511202.9814725
5,121.344,1742511202.9814725
6,117.812,1742511202.9814725
7,124.407,1742511202.9814725
0,121.126,1742511203.0316255
1,118.583,1742511203.0316255
2,121.419,1742511203.0316255
3,118.99,1742511203.0316255
4,117.931,1742511203.0316255
5,121.356,1742511203.0316255
6,117.813,1742511203.0316255
7,124.393,1742511203.0316255
0,121.126,1742511203.0818357
1,118.456,1742511203.0818357
2,121.412,1742511203.0818357
3,118.977,1742511203.0818357
4,117.929,1742511203.0818357
5,121.356,1742511203.0818357
6,117.813,1742511203.0818357
7,124.393,1742511203.0818357
0,121.121,1742511203.131996
1,118.456,1742511203.131996
2,121.412,1742511203.131996
3,118.977,1742511203.131996
4,117.929,1742511203.131996
5,121.336,1742511203.131996
6,117.756,1742511203.131996
7,124.366,1742511203.131996
0,121.121,1742511203.1821566
1,118.584,1742511203.1821566
2,121.411,1742511203.1821566
3,118.976,1742511203.1821566
4,117.893,1742511203.1821566
5,121.336,1742511203.1821566
6,117.756,1742511203.1821566
7,124.366,1742511203.1821566
0,121.134,1742511203.232305
1,118.584,1742511203.232305
2,121.411,1742511203.232305
3,118.976,1742511203.232305
4,117.893,1742511203.232305
5,121.323,1742511203.232305
6,117.748,1742511203.232305
7,124.339,1742511203.232305
0,121.134,1742511203.2824926
1,118.378,1742511203.2824926
2,121.388,1742511203.2824926
3,118.984,1742511203.2824926
4,117.89,1742511203.2824926
5,121.323,1742511203.2824926
6,117.748,1742511203.2824926
7,124.339,1742511203.2824926
0,121.163,1742511203.3326225
1,118.378,1742511203.3326225
2,121.388,1742511203.3326225
3,118.984,1742511203.3326225
4,117.89,1742511203.3326225
5,121.325,1742511203.3326225
6,117.75,1742511203.3326225
7,124.318,1742511203.3326225
0,121.163,1742511203.3827562
1,118.492,1742511203.3827562
2,121.387,1742511203.3827562
3,118.976,1742511203.3827562
4,117.863,1742511203.3827562
5,121.325,1742511203.3827562
6,117.75,1742511203.3827562
7,124.318,1742511203.3827562
0,121.167,1742511203.432906
1,118.492,1742511203.432906
2,121.387,1742511203.432906
3,118.976,1742511203.432906
4,117.863,1742511203.432906
5,121.317,1742511203.432906
6,117.769,1742511203.432906
7,124.313,1742511203.432906
0,121.167,1742511203.4830449
1,118.376,1742511203.4830449
2,121.359,1742511203.4830449
3,118.977,1742511203.4830449
4,117.857,1742511203.4830449
5,121.317,1742511203.4830449
6,117.769,1742511203.4830449
7,124.313,1742511203.4830449
0,121.167,1742511203.5331845
1,118.376,1742511203.5331845
2,121.359,1742511203.5331845
3,118.977,1742511203.5331845
4,117.857,1742511203.5331845
5,121.317,1742511203.5331845
6,117.776,1742511203.5331845
7,124.327,1742511203.5331845
0,121.167,1742511203.5833247
1,118.48,1742511203.5833247
2,121.347,1742511203.5833247
3,118.985,1742511203.5833247
4,117.833,1742511203.5833247
5,121.317,1742511203.5833247
6,117.776,1742511203.5833247
7,124.327,1742511203.5833247
0,121.092,1742511203.6334655
1,118.48,1742511203.6334655
2,121.347,1742511203.6334655
3,118.985,1742511203.6334655
4,117.833,1742511203.6334655
5,121.301,1742511203.6334655
6,117.75,1742511203.6334655
7,124.314,1742511203.6334655
0,121.092,1742511203.6836402
1,118.469,1742511203.6836402
2,121.354,1742511203.6836402
3,118.985,1742511203.6836402
4,117.817,1742511203.6836402
5,121.301,1742511203.6836402
6,117.75,1742511203.6836402
7,124.314,1742511203.6836402
0,121.063,1742511203.7337813
1,118.469,1742511203.7337813
2,121.354,1742511203.7337813
3,118.985,1742511203.7337813
4,117.817,1742511203.7337813
5,121.292,1742511203.7337813
6,117.742,1742511203.7337813
7,124.307,1742511203.7337813
0,121.063,1742511203.783914
1,118.564,1742511203.783914
2,121.346,1742511203.783914
3,118.965,1742511203.783914
4,117.817,1742511203.783914
5,121.292,1742511203.783914
6,117.742,1742511203.783914
7,124.307,1742511203.783914
0,121.036,1742511203.834055
1,118.564,1742511203.834055
2,121.346,1742511203.834055
3,118.965,1742511203.834055
4,117.817,1742511203.834055
5,121.301,1742511203.834055
6,117.699,1742511203.834055
7,124.301,1742511203.834055
0,121.036,1742511203.8841815
1,118.622,1742511203.8841815
2,121.343,1742511203.8841815
3,118.965,1742511203.8841815
4,117.818,1742511203.8841815
5,121.301,1742511203.8841815
6,117.699,1742511203.8841815
7,124.301,1742511203.8841815
0,121.011,1742511203.9343169
1,118.622,1742511203.9343169
2,121.343,1742511203.9343169
3,118.965,1742511203.9343169
4,117.818,1742511203.9343169
5,121.322,1742511203.9343169
6,117.684,1742511203.9343169
7,124.28,1742511203.9343169
0,121.011,1742511203.9844415
1,118.609,1742511203.9844415
2,121.346,1742511203.9844415
3,118.945,1742511203.9844415
4,117.798,1742511203.9844415
5,121.322,1742511203.9844415
6,117.684,1742511203.9844415
7,124.28,1742511203.9844415
0,120.969,1742511204.0345664
1,118.609,1742511204.0345664
2,121.346,1742511204.0345664
3,118.945,1742511204.0345664
4,117.798,1742511204.0345664
5,121.289,1742511204.0345664
6,117.676,1742511204.0345664
7,124.302,1742511204.0345664
0,120.969,1742511204.0847049
1,118.7,1742511204.0847049
2,121.35,1742511204.0847049
3,118.939,1742511204.0847049
4,117.798,1742511204.0847049
5,121.289,1742511204.0847049
6,117.676,1742511204.0847049
7,124.302,1742511204.0847049
0,120.956,1742511204.134847
1,118.7,1742511204.134847
2,121.35,1742511204.134847
3,118.939,1742511204.134847
4,117.792,1742511204.134847
5,121.29,1742511204.134847
6,117.693,1742511204.134847
7,124.3,1742511204.134847
0,120.956,1742511204.1849716
1,118.554,1742511204.1849716
2,121.329,1742511204.1849716
3,118.926,1742511204.1849716
4,117.792,1742511204.1849716
5,121.29,1742511204.1849716
6,117.693,1742511204.1849716
7,124.3,1742511204.1849716
0,120.933,1742511204.235098
1,118.554,1742511204.235098
2,121.329,1742511204.235098
3,118.926,1742511204.235098
4,117.804,1742511204.235098
5,121.27,1742511204.235098
6,117.708,1742511204.235098
7,124.269,1742511204.235098
0,120.933,1742511204.2852223
1,118.72,1742511204.2852223
2,121.319,1742511204.2852223
3,118.919,1742511204.2852223
4,117.804,1742511204.2852223
5,121.27,1742511204.2852223
6,117.708,1742511204.2852223
7,124.269,1742511204.2852223
0,120.874,1742511204.3353484
1,118.72,1742511204.3353484
2,121.319,1742511204.3353484
3,118.919,1742511204.3353484
4,117.804,1742511204.3353484
5,121.265,1742511204.3353484
6,117.663,1742511204.3353484
7,124.268,1742511204.3353484
0,120.874,1742511204.3855124
1,118.598,1742511204.3855124
2,121.319,1742511204.3855124
3,118.905,1742511204.3855124
4,117.804,1742511204.3855124
5,121.265,1742511204.3855124
6,117.663,1742511204.3855124
7,124.268,1742511204.3855124
0,120.861,1742511204.43564
1,118.598,1742511204.43564
2,121.319,1742511204.43564
3,118.905,1742511204.43564
4,117.812,1742511204.43564
5,121.229,1742511204.43564
6,117.646,1742511204.43564
7,124.248,1742511204.43564
0,120.861,1742511204.4857957
1,118.704,1742511204.4857957
2,121.306,1742511204.4857957
3,118.891,1742511204.4857957
4,117.812,1742511204.4857957
5,121.229,1742511204.4857957
6,117.646,1742511204.4857957
7,124.248,1742511204.4857957
0,120.842,1742511204.5360441
1,118.704,1742511204.5360441
2,121.306,1742511204.5360441
3,118.891,1742511204.5360441
4,117.817,1742511204.5360441
5,121.23,1742511204.5360441
6,117.624,1742511204.5360441
7,124.234,1742511204.5360441
0,120.842,1742511204.586171
1,118.645,1742511204.586171
2,121.303,1742511204.586171
3,118.878,1742511204.586171
4,117.817,1742511204.586171
5,121.23,1742511204.586171
6,117.624,1742511204.586171
7,124.234,1742511204.586171
0,120.828,1742511204.63631
1,118.645,1742511204.63631
2,121.303,1742511204.63631
3,118.878,1742511204.63631
4,117.828,1742511204.63631
5,121.209,1742511204.63631
6,117.617,1742511204.63631
7,124.234,1742511204.63631
0,120.828,1742511204.6864455
1,118.652,1742511204.6864455
2,121.308,1742511204.6864455
3,118.851,1742511204.6864455
4,117.828,1742511204.6864455
5,121.209,1742511204.6864455
6,117.617,1742511204.6864455
7,124.234,1742511204.6864455
0,120.834,1742511204.736574
1,118.652,1742511204.736574
2,121.308,1742511204.736574
3,118.851,1742511204.736574
4,117.823,1742511204.736574
5,121.23,1742511204.736574
6,117.644,1742511204.736574
7,124.228,1742511204.736574
0,120.834,1742511204.7866988
1,118.662,1742511204.7866988
2,121.318,1742511204.7866988
3,118.842,1742511204.7866988
4,117.823,1742511204.7866988
5,121.23,1742511204.7866988
6,117.644,1742511204.7866988
7,124.228,1742511204.7866988
0,120.835,1742511204.8368502
1,118.662,1742511204.8368502
2,121.318,1742511204.8368502
3,118.842,1742511204.8368502
4,117.829,1742511204.8368502
5,121.189,1742511204.8368502
6,117.639,1742511204.8368502
7,124.231,1742511204.8368502
0,120.835,1742511204.8869808
1,118.607,1742511204.8869808
2,121.293,1742511204.8869808
3,118.829,1742511204.8869808
4,117.829,1742511204.8869808
5,121.189,1742511204.8869808
6,117.639,1742511204.8869808
7,124.231,1742511204.8869808
0,120.835,1742511204.937116
1,118.607,1742511204.937116
2,121.293,1742511204.937116
3,118.829,1742511204.937116
4,117.838,1742511204.937116
5,121.196,1742511204.937116
6,117.626,1742511204.937116
7,124.221,1742511204.937116
0,120.843,1742511204.9872553
1,118.72,1742511204.9872553
2,121.281,1742511204.9872553
3,118.83,1742511204.9872553
4,117.838,1742511204.9872553
5,121.196,1742511204.9872553
6,117.626,1742511204.9872553
7,124.221,1742511204.9872553
0,120.843,1742511205.037386
1,118.72,1742511205.037386
2,121.281,1742511205.037386
3,118.83,1742511205.037386
4,117.866,1742511205.037386
5,121.168,1742511205.037386
6,117.592,1742511205.037386
7,124.201,1742511205.037386
0,120.822,1742511205.087515
1,118.589,1742511205.087515
2,121.272,1742511205.087515
3,118.823,1742511205.087515
4,117.866,1742511205.087515
5,121.168,1742511205.087515
6,117.592,1742511205.087515
7,124.201,1742511205.087515
0,120.822,1742511205.1376553
1,118.589,1742511205.1376553
2,121.272,1742511205.1376553
3,118.823,1742511205.1376553
4,117.862,1742511205.1376553
5,121.195,1742511205.1376553
6,117.57,1742511205.1376553
7,124.188,1742511205.1376553
0,120.799,1742511205.1877778
1,118.705,1742511205.1877778
2,121.266,1742511205.1877778
3,118.829,1742511205.1877778
4,117.862,1742511205.1877778
5,121.195,1742511205.1877778
6,117.57,1742511205.1877778
7,124.188,1742511205.1877778
0,120.799,1742511205.2379282
1,118.705,1742511205.2379282
2,121.266,1742511205.2379282
3,118.829,1742511205.2379282
4,117.864,1742511205.2379282
5,121.18,1742511205.2379282
6,117.567,1742511205.2379282
7,124.155,1742511205.2379282
0,120.776,1742511205.2880616
1,118.523,1742511205.2880616
2,121.266,1742511205.2880616
3,118.821,1742511205.2880616
4,117.864,1742511205.2880616
5,121.18,1742511205.2880616
6,117.567,1742511205.2880616
7,124.155,1742511205.2880616
0,120.776,1742511205.3382158
1,118.523,1742511205.3382158
2,121.266,1742511205.3382158
3,118.821,1742511205.3382158
4,117.873,1742511205.3382158
5,121.178,1742511205.3382158
6,117.574,1742511205.3382158
7,124.141,1742511205.3382158
0,120.79,1742511205.3883748
1,118.575,1742511205.3883748
2,121.259,1742511205.3883748
3,118.811,1742511205.3883748
4,117.873,1742511205.3883748
5,121.178,1742511205.3883748
6,117.574,1742511205.3883748
7,124.141,1742511205.3883748
0,120.79,1742511205.4385345
1,118.575,1742511205.4385345
2,121.259,1742511205.4385345
3,118.811,1742511205.4385345
4,117.886,1742511205.4385345
5,121.191,1742511205.4385345
6,117.595,1742511205.4385345
7,124.132,1742511205.4385345
0,120.812,1742511205.488694
1,118.481,1742511205.488694
2,121.262,1742511205.488694
3,118.811,1742511205.488694
4,117.886,1742511205.488694
5,121.191,1742511205.488694
6,117.595,1742511205.488694
7,124.132,1742511205.488694
0,120.812,1742511205.538855
1,118.481,1742511205.538855
2,121.262,1742511205.538855
3,118.811,1742511205.538855
4,117.875,1742511205.538855
5,121.178,1742511205.538855
6,117.574,1742511205.538855
7,124.133,1742511205.538855
0,120.838,1742511205.5890067
1,118.495,1742511205.5890067
2,121.254,1742511205.5890067
3,118.831,1742511205.5890067
4,117.875,1742511205.5890067
5,121.178,1742511205.5890067
6,117.574,1742511205.5890067
7,124.133,1742511205.5890067
0,120.838,1742511205.6391385
1,118.495,1742511205.6391385
2,121.254,1742511205.6391385
3,118.831,1742511205.6391385
4,117.861,1742511205.6391385
5,121.17,1742511205.6391385
6,117.553,1742511205.6391385
7,124.114,1742511205.6391385
0,120.876,1742511205.6892827
1,118.515,1742511205.6892827
2,121.227,1742511205.6892827
3,118.809,1742511205.6892827
4,117.861,1742511205.6892827
5,121.17,1742511205.6892827
6,117.553,1742511205.6892827
7,124.114,1742511205.6892827
0,120.876,1742511205.7394168
1,118.515,1742511205.7394168
2,121.227,1742511205.7394168
3,118.809,1742511205.7394168
4,117.874,1742511205.7394168
5,121.135,1742511205.7394168
6,117.526,1742511205.7394168
7,124.115,1742511205.7394168
0,120.89,1742511205.789566
1,118.42,1742511205.789566
2,121.227,1742511205.789566
3,118.796,1742511205.789566
4,117.874,1742511205.789566
5,121.135,1742511205.789566
6,117.526,1742511205.789566
7,124.115,1742511205.789566
0,120.89,1742511205.8397095
1,118.42,1742511205.8397095
2,121.227,1742511205.8397095
3,118.796,1742511205.8397095
4,117.86,1742511205.8397095
5,121.137,1742511205.8397095
6,117.518,1742511205.8397095
7,124.094,1742511205.8397095
0,120.891,1742511205.8898532
1,118.525,1742511205.8898532
2,121.213,1742511205.8898532
3,118.782,1742511205.8898532
4,117.86,1742511205.8898532
5,121.137,1742511205.8898532
6,117.518,1742511205.8898532
7,124.094,1742511205.8898532
0,120.891,1742511205.9400036
1,118.525,1742511205.9400036
2,121.213,1742511205.9400036
3,118.782,1742511205.9400036
4,117.853,1742511205.9400036
5,121.128,1742511205.9400036
6,117.51,1742511205.9400036
7,124.081,1742511205.9400036
0,120.89,1742511205.9901571
1,118.403,1742511205.9901571
2,121.213,1742511205.9901571
3,118.773,1742511205.9901571
4,117.853,1742511205.9901571
5,121.128,1742511205.9901571
6,117.51,1742511205.9901571
7,124.081,1742511205.9901571
0,120.89,1742511206.0402925
1,118.403,1742511206.0402925
2,121.213,1742511206.0402925
3,118.773,1742511206.0402925
4,117.846,1742511206.0402925
5,121.123,1742511206.0402925
6,117.523,1742511206.0402925
7,124.06,1742511206.0402925
0,120.915,1742511206.090433
1,118.532,1742511206.090433
2,121.213,1742511206.090433
3,118.76,1742511206.090433
4,117.846,1742511206.090433
5,121.123,1742511206.090433
6,117.523,1742511206.090433
7,124.06,1742511206.090433
0,120.915,1742511206.1406207
1,118.532,1742511206.1406207
2,121.213,1742511206.1406207
3,118.76,1742511206.1406207
4,117.812,1742511206.1406207
5,121.094,1742511206.1406207
6,117.509,1742511206.1406207
7,124.06,1742511206.1406207
0,120.94,1742511206.190766
1,118.399,1742511206.190766
2,121.214,1742511206.190766
3,118.773,1742511206.190766
4,117.812,1742511206.190766
5,121.094,1742511206.190766
6,117.509,1742511206.190766
7,124.06,1742511206.190766
0,120.94,1742511206.240919
1,118.399,1742511206.240919
2,121.214,1742511206.240919
3,118.773,1742511206.240919
4,117.804,1742511206.240919
5,121.103,1742511206.240919
6,117.483,1742511206.240919
7,124.06,1742511206.240919
0,120.987,1742511206.2910626
1,118.507,1742511206.2910626
2,121.193,1742511206.2910626
3,118.782,1742511206.2910626
4,117.804,1742511206.2910626
5,121.103,1742511206.2910626
6,117.483,1742511206.2910626
7,124.06,1742511206.2910626
0,120.987,1742511206.341221
1,118.507,1742511206.341221
2,121.193,1742511206.341221
3,118.782,1742511206.341221
4,117.77,1742511206.341221
5,121.096,1742511206.341221
6,117.464,1742511206.341221
7,124.06,1742511206.341221
0,120.989,1742511206.391374
1,118.44,1742511206.391374
2,121.18,1742511206.391374
3,118.762,1742511206.391374
4,117.77,1742511206.391374
5,121.096,1742511206.391374
6,117.464,1742511206.391374
7,124.06,1742511206.391374
0,120.989,1742511206.4415302
1,118.44,1742511206.4415302
2,121.18,1742511206.4415302
3,118.762,1742511206.4415302
4,117.729,1742511206.4415302
5,121.093,1742511206.4415302
6,117.462,1742511206.4415302
7,124.048,1742511206.4415302
0,120.974,1742511206.4916663
1,118.379,1742511206.4916663
2,121.194,1742511206.4916663
3,118.749,1742511206.4916663
4,117.729,1742511206.4916663
5,121.093,1742511206.4916663
6,117.462,1742511206.4916663
7,124.048,1742511206.4916663
0,120.974,1742511206.5418336
1,118.379,1742511206.5418336
2,121.194,1742511206.5418336
3,118.749,1742511206.5418336
4,117.722,1742511206.5418336
5,121.072,1742511206.5418336
6,117.477,1742511206.5418336
7,124.041,1742511206.5418336
0,120.978,1742511206.5919802
1,118.37,1742511206.5919802
2,121.18,1742511206.5919802
3,118.755,1742511206.5919802
4,117.722,1742511206.5919802
5,121.072,1742511206.5919802
6,117.477,1742511206.5919802
7,124.041,1742511206.5919802
