GPU_ID,Power_Usage_W,Timestamp
0,379.333,1742519849.6418383
1,365.004,1742519849.6418383
2,370.186,1742519849.6418383
3,385.447,1742519849.6418383
4,368.778,1742519849.6418383
5,385.374,1742519849.6418383
6,374.284,1742519849.6418383
7,384.365,1742519849.6418383
0,379.333,1742519849.6919713
1,365.884,1742519849.6919713
2,370.186,1742519849.6919713
3,385.447,1742519849.6919713
4,369.183,1742519849.6919713
5,385.374,1742519849.6919713
6,374.284,1742519849.6919713
7,384.365,1742519849.6919713
0,376.855,1742519849.742105
1,365.884,1742519849.742105
2,368.673,1742519849.742105
3,383.796,1742519849.742105
4,369.183,1742519849.742105
5,385.072,1742519849.742105
6,375.31,1742519849.742105
7,382.713,1742519849.742105
0,376.855,1742519849.792241
1,362.915,1742519849.792241
2,368.673,1742519849.792241
3,383.796,1742519849.792241
4,370.054,1742519849.792241
5,385.072,1742519849.792241
6,375.31,1742519849.792241
7,382.713,1742519849.792241
0,375.785,1742519849.8424022
1,362.915,1742519849.8424022
2,369.08,1742519849.8424022
3,381.318,1742519849.8424022
4,370.054,1742519849.8424022
5,383.26,1742519849.8424022
6,374.394,1742519849.8424022
7,381.672,1742519849.8424022
0,375.785,1742519849.8925176
1,362.548,1742519849.8925176
2,369.08,1742519849.8925176
3,381.318,1742519849.8925176
4,371.878,1742519849.8925176
5,383.26,1742519849.8925176
6,374.394,1742519849.8925176
7,381.672,1742519849.8925176
0,374.707,1742519849.9426463
1,362.548,1742519849.9426463
2,367.717,1742519849.9426463
3,378.439,1742519849.9426463
4,371.878,1742519849.9426463
5,378.868,1742519849.9426463
6,374.97,1742519849.9426463
7,380.074,1742519849.9426463
0,374.707,1742519849.9927845
1,362.082,1742519849.9927845
2,367.717,1742519849.9927845
3,378.439,1742519849.9927845
4,372.984,1742519849.9927845
5,378.868,1742519849.9927845
6,374.97,1742519849.9927845
7,380.074,1742519849.9927845
0,375.596,1742519850.0429199
1,362.082,1742519850.0429199
2,368.674,1742519850.0429199
3,377.505,1742519850.0429199
4,372.984,1742519850.0429199
5,378.268,1742519850.0429199
6,375.267,1742519850.0429199
7,378.723,1742519850.0429199
0,375.596,1742519850.093058
1,362.814,1742519850.093058
2,368.674,1742519850.093058
3,377.505,1742519850.093058
4,373.694,1742519850.093058
5,378.268,1742519850.093058
6,375.267,1742519850.093058
7,378.723,1742519850.093058
0,375.474,1742519850.143195
1,362.814,1742519850.143195
2,369.524,1742519850.143195
3,377.033,1742519850.143195
4,373.694,1742519850.143195
5,377.08,1742519850.143195
6,374.633,1742519850.143195
7,379.235,1742519850.143195
0,375.474,1742519850.1933293
1,364.805,1742519850.1933293
2,369.524,1742519850.1933293
3,377.033,1742519850.1933293
4,374.019,1742519850.1933293
5,377.08,1742519850.1933293
6,374.633,1742519850.1933293
7,379.235,1742519850.1933293
0,375.476,1742519850.243464
1,364.805,1742519850.243464
2,370.381,1742519850.243464
3,376.283,1742519850.243464
4,374.019,1742519850.243464
5,376.153,1742519850.243464
6,374.995,1742519850.243464
7,377.057,1742519850.243464
0,375.476,1742519850.2935944
1,364.42,1742519850.2935944
2,370.381,1742519850.2935944
3,376.283,1742519850.2935944
4,371.27,1742519850.2935944
5,376.153,1742519850.2935944
6,374.995,1742519850.2935944
7,377.057,1742519850.2935944
0,376.815,1742519850.3437295
1,364.42,1742519850.3437295
2,372.218,1742519850.3437295
3,376.293,1742519850.3437295
4,371.27,1742519850.3437295
5,375.177,1742519850.3437295
6,373.156,1742519850.3437295
7,378.744,1742519850.3437295
0,376.815,1742519850.3938642
1,365.664,1742519850.3938642
2,372.218,1742519850.3938642
3,376.293,1742519850.3938642
4,371.085,1742519850.3938642
5,375.177,1742519850.3938642
6,373.156,1742519850.3938642
7,378.744,1742519850.3938642
0,377.482,1742519850.4439979
1,365.664,1742519850.4439979
2,372.218,1742519850.4439979
3,373.642,1742519850.4439979
4,371.085,1742519850.4439979
5,376.349,1742519850.4439979
6,373.006,1742519850.4439979
7,378.744,1742519850.4439979
0,377.482,1742519850.4941237
1,365.134,1742519850.4941237
2,373.039,1742519850.4941237
3,373.642,1742519850.4941237
4,371.629,1742519850.4941237
5,376.349,1742519850.4941237
6,373.006,1742519850.4941237
7,377.22,1742519850.4941237
0,377.09,1742519850.5442567
1,365.134,1742519850.5442567
2,373.563,1742519850.5442567
3,373.64,1742519850.5442567
4,371.629,1742519850.5442567
5,376.716,1742519850.5442567
6,371.813,1742519850.5442567
7,377.22,1742519850.5442567
0,377.09,1742519850.5943918
1,366.819,1742519850.5943918
2,373.563,1742519850.5943918
3,373.64,1742519850.5943918
4,368.391,1742519850.5943918
5,376.716,1742519850.5943918
6,371.813,1742519850.5943918
7,377.171,1742519850.5943918
0,377.09,1742519850.6445522
1,366.819,1742519850.6445522
2,373.563,1742519850.6445522
3,373.087,1742519850.6445522
4,368.391,1742519850.6445522
5,376.407,1742519850.6445522
6,368.935,1742519850.6445522
7,377.171,1742519850.6445522
0,376.392,1742519850.694679
1,366.819,1742519850.694679
2,373.623,1742519850.694679
3,373.087,1742519850.694679
4,369.49,1742519850.694679
5,376.407,1742519850.694679
6,368.935,1742519850.694679
7,377.651,1742519850.694679
0,376.392,1742519850.7448115
1,366.355,1742519850.7448115
2,373.623,1742519850.7448115
3,373.601,1742519850.7448115
4,369.49,1742519850.7448115
5,376.66,1742519850.7448115
6,367.507,1742519850.7448115
7,377.651,1742519850.7448115
0,377.652,1742519850.7949386
1,366.355,1742519850.7949386
2,375.372,1742519850.7949386
3,373.601,1742519850.7949386
4,368.187,1742519850.7949386
5,376.66,1742519850.7949386
6,367.507,1742519850.7949386
7,379.039,1742519850.7949386
0,377.652,1742519850.8451571
1,367.344,1742519850.8451571
2,375.372,1742519850.8451571
3,374.253,1742519850.8451571
4,368.187,1742519850.8451571
5,376.188,1742519850.8451571
6,367.745,1742519850.8451571
7,379.039,1742519850.8451571
0,377.205,1742519850.8952823
1,367.344,1742519850.8952823
2,375.567,1742519850.8952823
3,374.253,1742519850.8952823
4,367.671,1742519850.8952823
5,376.188,1742519850.8952823
6,367.745,1742519850.8952823
7,379.631,1742519850.8952823
0,377.205,1742519850.9454153
1,368.731,1742519850.9454153
2,375.567,1742519850.9454153
3,376.419,1742519850.9454153
4,367.671,1742519850.9454153
5,376.883,1742519850.9454153
6,367.837,1742519850.9454153
7,379.631,1742519850.9454153
0,377.619,1742519850.995549
1,368.731,1742519850.995549
2,376.869,1742519850.995549
3,376.419,1742519850.995549
4,366.931,1742519850.995549
5,376.883,1742519850.995549
6,367.837,1742519850.995549
7,382.587,1742519850.995549
0,377.619,1742519851.0456653
1,370.915,1742519851.0456653
2,376.869,1742519851.0456653
3,376.936,1742519851.0456653
4,366.931,1742519851.0456653
5,378.247,1742519851.0456653
6,367.252,1742519851.0456653
7,382.587,1742519851.0456653
0,377.792,1742519851.0958078
1,370.915,1742519851.0958078
2,375.649,1742519851.0958078
3,376.936,1742519851.0958078
4,343.674,1742519851.0958078
5,378.247,1742519851.0958078
6,367.252,1742519851.0958078
7,382.781,1742519851.0958078
0,377.792,1742519851.1459305
1,371.021,1742519851.1459305
2,375.649,1742519851.1459305
3,377.039,1742519851.1459305
4,365.71,1742519851.1459305
5,380.199,1742519851.1459305
6,366.149,1742519851.1459305
7,382.781,1742519851.1459305
0,377.61,1742519851.196066
1,371.021,1742519851.196066
2,376.563,1742519851.196066
3,377.039,1742519851.196066
4,365.71,1742519851.196066
5,380.199,1742519851.196066
6,366.149,1742519851.196066
7,383.978,1742519851.196066
0,377.61,1742519851.2461665
1,371.91,1742519851.2461665
2,376.563,1742519851.2461665
3,378.294,1742519851.2461665
4,364.708,1742519851.2461665
5,380.28,1742519851.2461665
6,366.192,1742519851.2461665
7,383.978,1742519851.2461665
0,378.391,1742519851.2962956
1,371.91,1742519851.2962956
2,377.328,1742519851.2962956
3,378.294,1742519851.2962956
4,364.708,1742519851.2962956
5,380.28,1742519851.2962956
6,366.192,1742519851.2962956
7,386.176,1742519851.2962956
0,378.391,1742519851.3464222
1,371.895,1742519851.3464222
2,377.328,1742519851.3464222
3,379.374,1742519851.3464222
4,366.038,1742519851.3464222
5,381.945,1742519851.3464222
6,366.396,1742519851.3464222
7,386.176,1742519851.3464222
0,379.789,1742519851.3965333
1,371.895,1742519851.3965333
2,376.893,1742519851.3965333
3,379.374,1742519851.3965333
4,366.038,1742519851.3965333
5,381.945,1742519851.3965333
6,366.396,1742519851.3965333
7,386.84,1742519851.3965333
0,379.789,1742519851.4466698
1,372.45,1742519851.4466698
2,376.893,1742519851.4466698
3,380.512,1742519851.4466698
4,366.38,1742519851.4466698
5,381.057,1742519851.4466698
6,366.204,1742519851.4466698
7,386.84,1742519851.4466698
0,381.374,1742519851.4968083
1,372.45,1742519851.4968083
2,375.713,1742519851.4968083
3,380.512,1742519851.4968083
4,366.38,1742519851.4968083
5,381.057,1742519851.4968083
6,366.204,1742519851.4968083
7,388.287,1742519851.4968083
0,381.374,1742519851.5469422
1,372.268,1742519851.5469422
2,375.713,1742519851.5469422
3,381.265,1742519851.5469422
4,365.784,1742519851.5469422
5,383.804,1742519851.5469422
6,367.598,1742519851.5469422
7,388.287,1742519851.5469422
0,381.936,1742519851.597151
1,372.268,1742519851.597151
2,376.071,1742519851.597151
3,381.265,1742519851.597151
4,365.784,1742519851.597151
5,383.804,1742519851.597151
6,367.598,1742519851.597151
7,389.201,1742519851.597151
0,381.936,1742519851.6473172
1,371.24,1742519851.6473172
2,376.071,1742519851.6473172
3,382.007,1742519851.6473172
4,366.827,1742519851.6473172
5,384.328,1742519851.6473172
6,369.176,1742519851.6473172
7,389.201,1742519851.6473172
0,381.806,1742519851.697473
1,371.24,1742519851.697473
2,374.231,1742519851.697473
3,382.007,1742519851.697473
4,366.827,1742519851.697473
5,384.328,1742519851.697473
6,369.176,1742519851.697473
7,390.484,1742519851.697473
0,381.806,1742519851.747607
1,372.317,1742519851.747607
2,374.231,1742519851.747607
3,382.806,1742519851.747607
4,366.898,1742519851.747607
5,386.168,1742519851.747607
6,370.755,1742519851.747607
7,390.484,1742519851.747607
0,382.469,1742519851.7977412
1,372.317,1742519851.7977412
2,373.855,1742519851.7977412
3,382.806,1742519851.7977412
4,366.898,1742519851.7977412
5,386.168,1742519851.7977412
6,370.755,1742519851.7977412
7,391.653,1742519851.7977412
0,382.469,1742519851.8478754
1,371.319,1742519851.8478754
2,373.855,1742519851.8478754
3,384.016,1742519851.8478754
4,367.581,1742519851.8478754
5,386.067,1742519851.8478754
6,371.815,1742519851.8478754
7,391.653,1742519851.8478754
0,382.752,1742519851.8980086
1,371.319,1742519851.8980086
2,373.001,1742519851.8980086
3,384.016,1742519851.8980086
4,367.581,1742519851.8980086
5,386.067,1742519851.8980086
6,371.815,1742519851.8980086
7,390.986,1742519851.8980086
0,382.752,1742519851.9481316
1,370.463,1742519851.9481316
2,373.001,1742519851.9481316
3,384.164,1742519851.9481316
4,367.592,1742519851.9481316
5,385.761,1742519851.9481316
6,373.64,1742519851.9481316
7,390.986,1742519851.9481316
0,382.344,1742519851.998267
1,370.463,1742519851.998267
2,372.641,1742519851.998267
3,384.164,1742519851.998267
4,367.592,1742519851.998267
5,385.761,1742519851.998267
6,373.64,1742519851.998267
7,388.952,1742519851.998267
0,382.344,1742519852.0484006
1,369.091,1742519852.0484006
2,372.641,1742519852.0484006
3,384.164,1742519852.0484006
4,368.477,1742519852.0484006
5,385.536,1742519852.0484006
6,374.193,1742519852.0484006
7,388.952,1742519852.0484006
0,381.629,1742519852.0985355
1,369.091,1742519852.0985355
2,373.591,1742519852.0985355
3,383.43,1742519852.0985355
4,368.477,1742519852.0985355
5,385.536,1742519852.0985355
6,374.193,1742519852.0985355
7,390.356,1742519852.0985355
0,381.629,1742519852.1486645
1,368.302,1742519852.1486645
2,373.591,1742519852.1486645
3,383.43,1742519852.1486645
4,368.32,1742519852.1486645
5,383.939,1742519852.1486645
6,374.909,1742519852.1486645
7,390.356,1742519852.1486645
0,380.785,1742519852.1987896
1,368.302,1742519852.1987896
2,374.87,1742519852.1987896
3,381.26,1742519852.1987896
4,368.32,1742519852.1987896
5,383.939,1742519852.1987896
6,374.909,1742519852.1987896
7,388.314,1742519852.1987896
0,380.785,1742519852.2489233
1,367.195,1742519852.2489233
2,374.87,1742519852.2489233
3,381.26,1742519852.2489233
4,369.935,1742519852.2489233
5,382.218,1742519852.2489233
6,376.247,1742519852.2489233
7,388.314,1742519852.2489233
0,379.386,1742519852.2990613
1,367.195,1742519852.2990613
2,373.485,1742519852.2990613
3,380.71,1742519852.2990613
4,369.935,1742519852.2990613
5,382.218,1742519852.2990613
6,376.247,1742519852.2990613
7,387.483,1742519852.2990613
0,379.386,1742519852.3491955
1,364.788,1742519852.3491955
2,373.485,1742519852.3491955
3,380.71,1742519852.3491955
4,369.171,1742519852.3491955
5,380.811,1742519852.3491955
6,376.871,1742519852.3491955
7,387.483,1742519852.3491955
0,378.015,1742519852.399382
1,364.788,1742519852.399382
2,371.361,1742519852.399382
3,378.138,1742519852.399382
4,369.171,1742519852.399382
5,380.811,1742519852.399382
6,376.871,1742519852.399382
7,385.874,1742519852.399382
0,378.015,1742519852.4495065
1,366.1,1742519852.4495065
2,371.361,1742519852.4495065
3,378.138,1742519852.4495065
4,368.384,1742519852.4495065
5,378.219,1742519852.4495065
6,376.511,1742519852.4495065
7,385.874,1742519852.4495065
0,374.379,1742519852.4996421
1,366.1,1742519852.4996421
2,371.182,1742519852.4996421
3,376.781,1742519852.4996421
4,368.384,1742519852.4996421
5,378.219,1742519852.4996421
6,376.511,1742519852.4996421
7,381.731,1742519852.4996421
0,374.379,1742519852.5497756
1,363.163,1742519852.5497756
2,371.182,1742519852.5497756
3,376.781,1742519852.5497756
4,367.754,1742519852.5497756
5,378.101,1742519852.5497756
6,377.121,1742519852.5497756
7,381.731,1742519852.5497756
0,373.926,1742519852.5999095
1,363.163,1742519852.5999095
2,369.552,1742519852.5999095
3,376.392,1742519852.5999095
4,367.754,1742519852.5999095
5,378.101,1742519852.5999095
6,377.121,1742519852.5999095
7,380.244,1742519852.5999095
0,373.926,1742519852.6500502
1,364.149,1742519852.6500502
2,369.552,1742519852.6500502
3,376.392,1742519852.6500502
4,367.359,1742519852.6500502
5,378.101,1742519852.6500502
6,377.121,1742519852.6500502
7,380.244,1742519852.6500502
0,373.534,1742519852.7001762
1,364.149,1742519852.7001762
2,371.172,1742519852.7001762
3,375.778,1742519852.7001762
4,367.359,1742519852.7001762
5,378.915,1742519852.7001762
6,377.158,1742519852.7001762
7,379.881,1742519852.7001762
0,373.534,1742519852.7503088
1,363.407,1742519852.7503088
2,371.172,1742519852.7503088
3,375.778,1742519852.7503088
4,368.121,1742519852.7503088
5,378.915,1742519852.7503088
6,377.158,1742519852.7503088
7,379.881,1742519852.7503088
0,374.71,1742519852.8004427
1,363.407,1742519852.8004427
2,371.646,1742519852.8004427
3,375.415,1742519852.8004427
4,368.121,1742519852.8004427
5,377.852,1742519852.8004427
6,376.075,1742519852.8004427
7,379.422,1742519852.8004427
0,374.71,1742519852.850577
1,363.979,1742519852.850577
2,371.646,1742519852.850577
3,375.415,1742519852.850577
4,368.777,1742519852.850577
5,377.852,1742519852.850577
6,376.075,1742519852.850577
7,379.422,1742519852.850577
0,374.16,1742519852.9007125
1,363.979,1742519852.9007125
2,371.627,1742519852.9007125
3,374.577,1742519852.9007125
4,368.777,1742519852.9007125
5,377.644,1742519852.9007125
6,374.91,1742519852.9007125
7,380.304,1742519852.9007125
0,374.16,1742519852.9508786
1,363.729,1742519852.9508786
2,371.627,1742519852.9508786
3,374.577,1742519852.9508786
4,368.519,1742519852.9508786
5,377.644,1742519852.9508786
6,374.91,1742519852.9508786
7,380.304,1742519852.9508786
0,373.8,1742519853.0010157
1,363.729,1742519853.0010157
2,370.936,1742519853.0010157
3,375.166,1742519853.0010157
4,368.519,1742519853.0010157
5,377.791,1742519853.0010157
6,373.543,1742519853.0010157
7,379.461,1742519853.0010157
0,373.8,1742519853.0511508
1,362.968,1742519853.0511508
2,370.936,1742519853.0511508
3,375.166,1742519853.0511508
4,367.969,1742519853.0511508
5,377.791,1742519853.0511508
6,373.543,1742519853.0511508
7,379.461,1742519853.0511508
0,373.105,1742519853.1012928
1,362.968,1742519853.1012928
2,369.895,1742519853.1012928
3,376.128,1742519853.1012928
4,367.969,1742519853.1012928
5,375.186,1742519853.1012928
6,373.61,1742519853.1012928
7,378.103,1742519853.1012928
0,373.105,1742519853.151416
1,363.405,1742519853.151416
2,369.895,1742519853.151416
3,376.128,1742519853.151416
4,368.922,1742519853.151416
5,375.186,1742519853.151416
6,373.61,1742519853.151416
7,378.103,1742519853.151416
0,374.671,1742519853.2015343
1,363.405,1742519853.2015343
2,369.962,1742519853.2015343
3,378.466,1742519853.2015343
4,368.922,1742519853.2015343
5,376.952,1742519853.2015343
6,374.746,1742519853.2015343
7,377.752,1742519853.2015343
0,374.671,1742519853.251668
1,363.97,1742519853.251668
2,369.962,1742519853.251668
3,378.466,1742519853.251668
4,368.549,1742519853.251668
5,376.952,1742519853.251668
6,374.746,1742519853.251668
7,377.752,1742519853.251668
0,374.228,1742519853.301792
1,363.97,1742519853.301792
2,368.406,1742519853.301792
3,376.792,1742519853.301792
4,368.549,1742519853.301792
5,377.33,1742519853.301792
6,374.021,1742519853.301792
7,378.467,1742519853.301792
0,374.228,1742519853.3519266
1,363.407,1742519853.3519266
2,368.406,1742519853.3519266
3,376.792,1742519853.3519266
4,368.277,1742519853.3519266
5,377.33,1742519853.3519266
6,374.021,1742519853.3519266
7,378.467,1742519853.3519266
0,374.247,1742519853.402085
1,363.407,1742519853.402085
2,369.714,1742519853.402085
3,379.497,1742519853.402085
4,368.277,1742519853.402085
5,380.516,1742519853.402085
6,373.532,1742519853.402085
7,380.301,1742519853.402085
0,374.247,1742519853.4522202
1,362.687,1742519853.4522202
2,369.714,1742519853.4522202
3,379.497,1742519853.4522202
4,369.22,1742519853.4522202
5,380.516,1742519853.4522202
6,373.532,1742519853.4522202
7,380.301,1742519853.4522202
0,375.556,1742519853.5023468
1,362.687,1742519853.5023468
2,371.671,1742519853.5023468
3,378.879,1742519853.5023468
4,369.22,1742519853.5023468
5,380.719,1742519853.5023468
6,374.17,1742519853.5023468
7,384.363,1742519853.5023468
0,375.556,1742519853.552481
1,364.944,1742519853.552481
2,371.671,1742519853.552481
3,378.879,1742519853.552481
4,368.915,1742519853.552481
5,380.719,1742519853.552481
6,374.17,1742519853.552481
7,384.363,1742519853.552481
0,377.572,1742519853.6026058
1,364.944,1742519853.6026058
2,371.19,1742519853.6026058
3,380.006,1742519853.6026058
4,368.915,1742519853.6026058
5,380.819,1742519853.6026058
6,373.644,1742519853.6026058
7,384.82,1742519853.6026058
0,377.572,1742519853.6527398
1,364.692,1742519853.6527398
2,371.19,1742519853.6527398
3,380.006,1742519853.6527398
4,368.689,1742519853.6527398
5,380.819,1742519853.6527398
6,373.644,1742519853.6527398
7,384.82,1742519853.6527398
0,379.61,1742519853.7028747
1,364.692,1742519853.7028747
2,369.054,1742519853.7028747
3,379.989,1742519853.7028747
4,368.689,1742519853.7028747
5,379.493,1742519853.7028747
6,372.212,1742519853.7028747
7,385.361,1742519853.7028747
0,379.61,1742519853.7530086
1,363.344,1742519853.7530086
2,369.054,1742519853.7530086
3,379.989,1742519853.7530086
4,366.936,1742519853.7530086
5,379.493,1742519853.7530086
6,372.212,1742519853.7530086
7,385.361,1742519853.7530086
0,379.29,1742519853.803143
1,363.344,1742519853.803143
2,369.546,1742519853.803143
3,380.45,1742519853.803143
4,366.936,1742519853.803143
5,381.732,1742519853.803143
6,372.262,1742519853.803143
7,386.112,1742519853.803143
0,379.29,1742519853.853279
1,363.21,1742519853.853279
2,369.546,1742519853.853279
3,380.45,1742519853.853279
4,366.745,1742519853.853279
5,381.732,1742519853.853279
6,372.262,1742519853.853279
7,386.112,1742519853.853279
0,380.414,1742519853.9034169
1,363.21,1742519853.9034169
2,369.397,1742519853.9034169
3,381.395,1742519853.9034169
4,366.745,1742519853.9034169
5,382.412,1742519853.9034169
6,370.499,1742519853.9034169
7,386.496,1742519853.9034169
0,380.414,1742519853.9535515
1,362.409,1742519853.9535515
2,369.397,1742519853.9535515
3,381.395,1742519853.9535515
4,364.813,1742519853.9535515
5,382.412,1742519853.9535515
6,370.499,1742519853.9535515
7,386.496,1742519853.9535515
0,381.327,1742519854.0036862
1,362.409,1742519854.0036862
2,366.663,1742519854.0036862
3,381.383,1742519854.0036862
4,364.813,1742519854.0036862
5,382.991,1742519854.0036862
6,369.42,1742519854.0036862
7,385.937,1742519854.0036862
0,381.327,1742519854.0538213
1,365.273,1742519854.0538213
2,366.663,1742519854.0538213
3,381.383,1742519854.0538213
4,363.556,1742519854.0538213
5,382.991,1742519854.0538213
6,369.42,1742519854.0538213
7,385.937,1742519854.0538213
0,381.631,1742519854.1039588
1,365.273,1742519854.1039588
2,366.667,1742519854.1039588
3,381.257,1742519854.1039588
4,363.556,1742519854.1039588
5,384.462,1742519854.1039588
6,369.34,1742519854.1039588
7,389.514,1742519854.1039588
0,381.631,1742519854.154094
1,365.188,1742519854.154094
2,366.667,1742519854.154094
3,381.257,1742519854.154094
4,362.256,1742519854.154094
5,384.462,1742519854.154094
6,369.34,1742519854.154094
7,389.514,1742519854.154094
0,382.574,1742519854.2042294
1,365.188,1742519854.2042294
2,366.162,1742519854.2042294
3,380.495,1742519854.2042294
4,362.256,1742519854.2042294
5,384.893,1742519854.2042294
6,368.206,1742519854.2042294
7,388.564,1742519854.2042294
0,382.574,1742519854.2543654
1,365.183,1742519854.2543654
2,366.162,1742519854.2543654
3,380.495,1742519854.2543654
4,361.122,1742519854.2543654
5,384.893,1742519854.2543654
6,368.206,1742519854.2543654
7,388.564,1742519854.2543654
0,381.098,1742519854.304503
1,365.183,1742519854.304503
2,366.129,1742519854.304503
3,380.98,1742519854.304503
4,361.122,1742519854.304503
5,383.784,1742519854.304503
6,367.516,1742519854.304503
7,388.883,1742519854.304503
0,381.098,1742519854.354637
1,367.772,1742519854.354637
2,366.129,1742519854.354637
3,380.98,1742519854.354637
4,362.107,1742519854.354637
5,383.784,1742519854.354637
6,367.516,1742519854.354637
7,388.883,1742519854.354637
0,380.884,1742519854.4047709
1,367.772,1742519854.4047709
2,367.883,1742519854.4047709
3,381.356,1742519854.4047709
4,362.107,1742519854.4047709
5,383.308,1742519854.4047709
6,367.168,1742519854.4047709
7,386.77,1742519854.4047709
0,380.884,1742519854.4548957
1,368.546,1742519854.4548957
2,367.883,1742519854.4548957
3,381.356,1742519854.4548957
4,361.614,1742519854.4548957
5,383.308,1742519854.4548957
6,367.168,1742519854.4548957
7,386.77,1742519854.4548957
0,381.247,1742519854.5050313
1,368.546,1742519854.5050313
2,367.493,1742519854.5050313
3,380.935,1742519854.5050313
4,361.614,1742519854.5050313
5,383.402,1742519854.5050313
6,365.477,1742519854.5050313
7,385.711,1742519854.5050313
0,381.247,1742519854.5551677
1,369.669,1742519854.5551677
2,367.493,1742519854.5551677
3,380.935,1742519854.5551677
4,361.967,1742519854.5551677
5,383.402,1742519854.5551677
6,365.477,1742519854.5551677
7,385.711,1742519854.5551677
0,382.16,1742519854.6053038
1,369.669,1742519854.6053038
2,368.019,1742519854.6053038
3,380.515,1742519854.6053038
4,361.967,1742519854.6053038
5,382.485,1742519854.6053038
6,366.205,1742519854.6053038
7,385.454,1742519854.6053038
0,382.16,1742519854.6554334
1,369.48,1742519854.6554334
2,368.019,1742519854.6554334
3,380.515,1742519854.6554334
4,360.588,1742519854.6554334
5,382.485,1742519854.6554334
6,366.205,1742519854.6554334
7,385.454,1742519854.6554334
0,380.28,1742519854.7055595
1,369.48,1742519854.7055595
2,368.478,1742519854.7055595
3,380.103,1742519854.7055595
4,360.588,1742519854.7055595
5,381.314,1742519854.7055595
6,366.195,1742519854.7055595
7,383.4,1742519854.7055595
0,380.28,1742519854.7557046
1,371.251,1742519854.7557046
2,368.478,1742519854.7557046
3,380.103,1742519854.7557046
4,359.656,1742519854.7557046
5,381.314,1742519854.7557046
6,366.195,1742519854.7557046
7,383.4,1742519854.7557046
0,376.797,1742519854.8058293
1,371.251,1742519854.8058293
2,369.13,1742519854.8058293
3,379.366,1742519854.8058293
4,359.656,1742519854.8058293
5,379.598,1742519854.8058293
6,365.6,1742519854.8058293
7,382.304,1742519854.8058293
0,376.797,1742519854.855956
1,371.059,1742519854.855956
2,369.13,1742519854.855956
3,379.366,1742519854.855956
4,359.462,1742519854.855956
5,379.598,1742519854.855956
6,365.6,1742519854.855956
7,382.304,1742519854.855956
0,375.764,1742519854.906105
1,371.059,1742519854.906105
2,370.214,1742519854.906105
3,378.005,1742519854.906105
4,359.462,1742519854.906105
5,378.654,1742519854.906105
6,365.222,1742519854.906105
7,383.048,1742519854.906105
0,375.764,1742519854.9562435
1,370.634,1742519854.9562435
2,370.214,1742519854.9562435
3,378.005,1742519854.9562435
4,359.96,1742519854.9562435
5,378.654,1742519854.9562435
6,365.222,1742519854.9562435
7,383.048,1742519854.9562435
0,377.05,1742519855.006378
1,370.634,1742519855.006378
2,371.549,1742519855.006378
3,377.153,1742519855.006378
4,359.96,1742519855.006378
5,377.268,1742519855.006378
6,367.838,1742519855.006378
7,382.17,1742519855.006378
0,377.05,1742519855.056518
1,371.463,1742519855.056518
2,371.549,1742519855.056518
3,377.153,1742519855.056518
4,359.361,1742519855.056518
5,377.268,1742519855.056518
6,367.838,1742519855.056518
7,382.17,1742519855.056518
0,375.76,1742519855.1066465
1,371.463,1742519855.1066465
2,371.358,1742519855.1066465
3,375.773,1742519855.1066465
4,359.361,1742519855.1066465
5,378.612,1742519855.1066465
6,365.572,1742519855.1066465
7,380.55,1742519855.1066465
0,375.76,1742519855.1567683
1,371.33,1742519855.1567683
2,371.358,1742519855.1567683
3,375.773,1742519855.1567683
4,360.819,1742519855.1567683
5,378.612,1742519855.1567683
6,365.572,1742519855.1567683
7,380.55,1742519855.1567683
0,376.605,1742519855.206903
1,371.33,1742519855.206903
2,371.985,1742519855.206903
3,375.65,1742519855.206903
4,360.819,1742519855.206903
5,376.389,1742519855.206903
6,367.866,1742519855.206903
7,381.14,1742519855.206903
0,376.605,1742519855.257036
1,371.322,1742519855.257036
2,371.985,1742519855.257036
3,375.65,1742519855.257036
4,361.966,1742519855.257036
5,376.389,1742519855.257036
6,367.866,1742519855.257036
7,381.14,1742519855.257036
0,376.367,1742519855.3071468
1,371.322,1742519855.3071468
2,373.24,1742519855.3071468
3,376.065,1742519855.3071468
4,361.966,1742519855.3071468
5,376.987,1742519855.3071468
6,366.941,1742519855.3071468
7,380.581,1742519855.3071468
0,376.367,1742519855.3572729
1,372.153,1742519855.3572729
2,373.24,1742519855.3572729
3,376.065,1742519855.3572729
4,361.763,1742519855.3572729
5,376.987,1742519855.3572729
6,366.941,1742519855.3572729
7,380.581,1742519855.3572729
0,376.645,1742519855.4073813
1,372.153,1742519855.4073813
2,372.797,1742519855.4073813
3,376.253,1742519855.4073813
4,361.763,1742519855.4073813
5,379.023,1742519855.4073813
6,367.662,1742519855.4073813
7,380.842,1742519855.4073813
0,376.645,1742519855.4575129
1,370.833,1742519855.4575129
2,372.797,1742519855.4575129
3,376.253,1742519855.4575129
4,361.694,1742519855.4575129
5,379.023,1742519855.4575129
6,367.662,1742519855.4575129
7,380.842,1742519855.4575129
0,376.485,1742519855.5076182
1,370.833,1742519855.5076182
2,373.374,1742519855.5076182
3,374.334,1742519855.5076182
4,361.694,1742519855.5076182
5,378.88,1742519855.5076182
6,368.352,1742519855.5076182
7,380.217,1742519855.5076182
0,376.485,1742519855.5577416
1,370.223,1742519855.5577416
2,373.374,1742519855.5577416
3,374.334,1742519855.5577416
4,361.82,1742519855.5577416
5,378.88,1742519855.5577416
6,368.352,1742519855.5577416
7,380.217,1742519855.5577416
0,376.152,1742519855.607875
1,370.223,1742519855.607875
2,374.559,1742519855.607875
3,376.289,1742519855.607875
4,361.82,1742519855.607875
5,379.052,1742519855.607875
6,368.12,1742519855.607875
7,378.868,1742519855.607875
0,376.152,1742519855.6580093
1,371.06,1742519855.6580093
2,374.559,1742519855.6580093
3,376.289,1742519855.6580093
4,363.364,1742519855.6580093
5,379.052,1742519855.6580093
6,368.12,1742519855.6580093
7,378.868,1742519855.6580093
0,376.665,1742519855.7081442
1,371.06,1742519855.7081442
2,376.612,1742519855.7081442
3,375.954,1742519855.7081442
4,363.364,1742519855.7081442
5,379.16,1742519855.7081442
6,366.829,1742519855.7081442
7,380.222,1742519855.7081442
0,376.665,1742519855.7582788
1,370.882,1742519855.7582788
2,376.612,1742519855.7582788
3,375.954,1742519855.7582788
4,363.251,1742519855.7582788
5,379.16,1742519855.7582788
6,366.829,1742519855.7582788
7,380.222,1742519855.7582788
0,376.571,1742519855.8083844
1,370.882,1742519855.8083844
2,375.526,1742519855.8083844
3,374.435,1742519855.8083844
4,363.251,1742519855.8083844
5,380.506,1742519855.8083844
6,368.93,1742519855.8083844
7,380.605,1742519855.8083844
0,376.571,1742519855.85852
1,372.467,1742519855.85852
2,375.526,1742519855.85852
3,374.435,1742519855.85852
4,364.226,1742519855.85852
5,380.506,1742519855.85852
6,368.93,1742519855.85852
7,380.605,1742519855.85852
0,376.397,1742519855.9086423
1,372.467,1742519855.9086423
2,375.434,1742519855.9086423
3,374.921,1742519855.9086423
4,364.226,1742519855.9086423
5,379.638,1742519855.9086423
6,369.079,1742519855.9086423
7,381.188,1742519855.9086423
0,376.397,1742519855.958765
1,373.026,1742519855.958765
2,375.434,1742519855.958765
3,374.921,1742519855.958765
4,365.116,1742519855.958765
5,379.638,1742519855.958765
6,369.079,1742519855.958765
7,381.188,1742519855.958765
0,374.991,1742519856.0088985
1,373.026,1742519856.0088985
2,376.923,1742519856.0088985
3,376.869,1742519856.0088985
4,365.116,1742519856.0088985
5,380.637,1742519856.0088985
6,367.38,1742519856.0088985
7,381.745,1742519856.0088985
0,374.991,1742519856.0590334
1,373.432,1742519856.0590334
2,376.923,1742519856.0590334
3,376.869,1742519856.0590334
4,364.752,1742519856.0590334
5,380.637,1742519856.0590334
6,367.38,1742519856.0590334
7,381.745,1742519856.0590334
0,375.385,1742519856.1091635
1,373.432,1742519856.1091635
2,377.072,1742519856.1091635
3,377.87,1742519856.1091635
4,364.752,1742519856.1091635
5,380.752,1742519856.1091635
6,369.163,1742519856.1091635
7,382.195,1742519856.1091635
0,375.385,1742519856.159286
1,374.068,1742519856.159286
2,377.072,1742519856.159286
3,377.87,1742519856.159286
4,363.627,1742519856.159286
5,380.752,1742519856.159286
6,369.163,1742519856.159286
7,382.195,1742519856.159286
0,376.293,1742519856.2093813
1,374.068,1742519856.2093813
2,377.264,1742519856.2093813
3,378.262,1742519856.2093813
4,363.627,1742519856.2093813
5,379.856,1742519856.2093813
6,367.733,1742519856.2093813
7,383.043,1742519856.2093813
0,376.293,1742519856.2595072
1,373.399,1742519856.2595072
2,377.264,1742519856.2595072
3,378.262,1742519856.2595072
4,362.396,1742519856.2595072
5,379.856,1742519856.2595072
6,367.733,1742519856.2595072
7,383.043,1742519856.2595072
0,375.975,1742519856.3096335
1,373.399,1742519856.3096335
2,372.831,1742519856.3096335
3,376.812,1742519856.3096335
4,362.396,1742519856.3096335
5,378.928,1742519856.3096335
6,367.143,1742519856.3096335
7,384.228,1742519856.3096335
0,375.975,1742519856.3597581
1,373.348,1742519856.3597581
2,372.831,1742519856.3597581
3,376.812,1742519856.3597581
4,362.313,1742519856.3597581
5,378.928,1742519856.3597581
6,367.143,1742519856.3597581
7,384.228,1742519856.3597581
0,376.786,1742519856.4098887
1,373.348,1742519856.4098887
2,372.998,1742519856.4098887
3,376.688,1742519856.4098887
4,362.313,1742519856.4098887
5,381.102,1742519856.4098887
6,367.687,1742519856.4098887
7,385.032,1742519856.4098887
0,376.786,1742519856.4600248
1,375.481,1742519856.4600248
2,372.998,1742519856.4600248
3,376.688,1742519856.4600248
4,362.717,1742519856.4600248
5,381.102,1742519856.4600248
6,367.687,1742519856.4600248
7,385.032,1742519856.4600248
0,377.584,1742519856.510178
1,375.481,1742519856.510178
2,373.426,1742519856.510178
3,377.799,1742519856.510178
4,362.717,1742519856.510178
5,378.964,1742519856.510178
6,369.557,1742519856.510178
7,385.888,1742519856.510178
0,377.584,1742519856.560316
1,375.038,1742519856.560316
2,373.426,1742519856.560316
3,377.799,1742519856.560316
4,361.333,1742519856.560316
5,378.964,1742519856.560316
6,369.557,1742519856.560316
7,385.888,1742519856.560316
0,378.68,1742519856.610477
1,375.038,1742519856.610477
2,371.607,1742519856.610477
3,377.329,1742519856.610477
4,361.333,1742519856.610477
5,378.969,1742519856.610477
6,369.773,1742519856.610477
7,385.01,1742519856.610477
0,378.68,1742519856.6606529
1,375.418,1742519856.6606529
2,371.607,1742519856.6606529
3,377.329,1742519856.6606529
4,361.482,1742519856.6606529
5,378.969,1742519856.6606529
6,369.773,1742519856.6606529
7,385.01,1742519856.6606529
0,379.677,1742519856.7107453
1,375.418,1742519856.7107453
2,370.042,1742519856.7107453
3,378.639,1742519856.7107453
4,361.482,1742519856.7107453
5,379.725,1742519856.7107453
6,371.452,1742519856.7107453
7,387.071,1742519856.7107453
0,379.677,1742519856.7609234
1,375.951,1742519856.7609234
2,370.042,1742519856.7609234
3,378.639,1742519856.7609234
4,361.268,1742519856.7609234
5,379.725,1742519856.7609234
6,371.452,1742519856.7609234
7,387.071,1742519856.7609234
0,380.924,1742519856.8110566
1,375.951,1742519856.8110566
2,368.034,1742519856.8110566
3,379.163,1742519856.8110566
4,361.268,1742519856.8110566
5,379.702,1742519856.8110566
6,371.452,1742519856.8110566
7,386.429,1742519856.8110566
0,380.924,1742519856.8611846
1,375.017,1742519856.8611846
2,368.034,1742519856.8611846
3,379.163,1742519856.8611846
4,361.487,1742519856.8611846
5,379.702,1742519856.8611846
6,371.452,1742519856.8611846
7,386.429,1742519856.8611846
0,381.344,1742519856.9113245
1,375.017,1742519856.9113245
2,366.838,1742519856.9113245
3,379.193,1742519856.9113245
4,361.487,1742519856.9113245
5,380.617,1742519856.9113245
6,372.678,1742519856.9113245
7,386.429,1742519856.9113245
0,381.344,1742519856.9614475
1,375.541,1742519856.9614475
2,366.838,1742519856.9614475
3,379.193,1742519856.9614475
4,361.101,1742519856.9614475
5,380.617,1742519856.9614475
6,372.678,1742519856.9614475
7,386.641,1742519856.9614475
0,381.973,1742519857.0115566
1,375.541,1742519857.0115566
2,366.312,1742519857.0115566
3,380.137,1742519857.0115566
4,361.101,1742519857.0115566
5,380.632,1742519857.0115566
6,372.677,1742519857.0115566
7,386.641,1742519857.0115566
0,381.973,1742519857.0617058
1,375.387,1742519857.0617058
2,366.312,1742519857.0617058
3,380.137,1742519857.0617058
4,361.924,1742519857.0617058
5,380.632,1742519857.0617058
6,372.677,1742519857.0617058
7,387.051,1742519857.0617058
0,382.293,1742519857.1118429
1,375.387,1742519857.1118429
2,366.117,1742519857.1118429
3,380.237,1742519857.1118429
4,361.924,1742519857.1118429
5,380.63,1742519857.1118429
6,371.03,1742519857.1118429
7,387.051,1742519857.1118429
0,382.293,1742519857.1619763
1,375.556,1742519857.1619763
2,366.117,1742519857.1619763
3,380.237,1742519857.1619763
4,362.289,1742519857.1619763
5,380.63,1742519857.1619763
6,371.03,1742519857.1619763
7,388.361,1742519857.1619763
0,382.562,1742519857.212109
1,375.556,1742519857.212109
2,365.818,1742519857.212109
3,379.796,1742519857.212109
4,362.289,1742519857.212109
5,380.175,1742519857.212109
6,370.332,1742519857.212109
7,388.361,1742519857.212109
0,382.562,1742519857.262246
1,375.485,1742519857.262246
2,365.818,1742519857.262246
3,379.796,1742519857.262246
4,363.44,1742519857.262246
5,380.175,1742519857.262246
6,370.332,1742519857.262246
7,388.611,1742519857.262246
0,383.726,1742519857.3123798
1,375.485,1742519857.3123798
2,366.912,1742519857.3123798
3,380.934,1742519857.3123798
4,363.44,1742519857.3123798
5,381.237,1742519857.3123798
6,370.877,1742519857.3123798
7,388.611,1742519857.3123798
0,383.726,1742519857.3625154
1,375.634,1742519857.3625154
2,366.912,1742519857.3625154
3,380.934,1742519857.3625154
4,362.685,1742519857.3625154
5,381.237,1742519857.3625154
6,370.877,1742519857.3625154
7,387.001,1742519857.3625154
0,382.521,1742519857.4126387
1,375.634,1742519857.4126387
2,367.547,1742519857.4126387
3,380.207,1742519857.4126387
4,362.685,1742519857.4126387
5,380.933,1742519857.4126387
6,369.974,1742519857.4126387
7,387.001,1742519857.4126387
0,382.521,1742519857.4627614
1,375.634,1742519857.4627614
2,367.547,1742519857.4627614
3,380.207,1742519857.4627614
4,362.139,1742519857.4627614
5,380.933,1742519857.4627614
6,369.974,1742519857.4627614
7,387.629,1742519857.4627614
0,381.432,1742519857.512853
1,373.758,1742519857.512853
2,366.705,1742519857.512853
3,378.746,1742519857.512853
4,362.139,1742519857.512853
5,380.78,1742519857.512853
6,368.862,1742519857.512853
7,387.629,1742519857.512853
0,381.432,1742519857.5629878
1,373.758,1742519857.5629878
2,366.705,1742519857.5629878
3,378.746,1742519857.5629878
4,363.442,1742519857.5629878
5,380.78,1742519857.5629878
6,368.862,1742519857.5629878
7,386.985,1742519857.5629878
0,381.432,1742519857.6131234
1,373.742,1742519857.6131234
2,368.785,1742519857.6131234
3,379.467,1742519857.6131234
4,363.442,1742519857.6131234
5,381.42,1742519857.6131234
6,369.438,1742519857.6131234
7,386.985,1742519857.6131234
0,381.823,1742519857.6632586
1,373.742,1742519857.6632586
2,368.785,1742519857.6632586
3,379.467,1742519857.6632586
4,362.882,1742519857.6632586
5,381.42,1742519857.6632586
6,369.438,1742519857.6632586
7,387.141,1742519857.6632586
0,381.823,1742519857.713394
1,375.318,1742519857.713394
2,367.306,1742519857.713394
3,379.173,1742519857.713394
4,362.882,1742519857.713394
5,381.835,1742519857.713394
6,370.252,1742519857.713394
7,387.141,1742519857.713394
0,381.012,1742519857.7635314
1,375.318,1742519857.7635314
2,367.306,1742519857.7635314
3,379.173,1742519857.7635314
4,362.86,1742519857.7635314
5,381.835,1742519857.7635314
6,370.252,1742519857.7635314
7,385.597,1742519857.7635314
0,381.012,1742519857.8136613
1,374.503,1742519857.8136613
2,367.306,1742519857.8136613
3,380.117,1742519857.8136613
4,362.86,1742519857.8136613
5,382.92,1742519857.8136613
6,369.87,1742519857.8136613
7,385.597,1742519857.8136613
0,381.336,1742519857.8637962
1,374.503,1742519857.8637962
2,370.079,1742519857.8637962
3,380.117,1742519857.8637962
4,363.07,1742519857.8637962
5,382.92,1742519857.8637962
6,369.87,1742519857.8637962
7,387.45,1742519857.8637962
0,381.336,1742519857.9139204
1,375.641,1742519857.9139204
2,370.079,1742519857.9139204
3,381.008,1742519857.9139204
4,363.07,1742519857.9139204
5,383.629,1742519857.9139204
6,370.306,1742519857.9139204
7,387.45,1742519857.9139204
0,382.492,1742519857.9640534
1,375.641,1742519857.9640534
2,370.764,1742519857.9640534
3,381.008,1742519857.9640534
4,363.03,1742519857.9640534
5,383.629,1742519857.9640534
6,370.306,1742519857.9640534
7,387.149,1742519857.9640534
0,382.492,1742519858.0141878
1,373.398,1742519858.0141878
2,370.764,1742519858.0141878
3,381.266,1742519858.0141878
4,363.03,1742519858.0141878
5,383.934,1742519858.0141878
6,370.514,1742519858.0141878
7,387.149,1742519858.0141878
0,382.676,1742519858.0643225
1,373.398,1742519858.0643225
2,372.361,1742519858.0643225
3,381.266,1742519858.0643225
4,364.133,1742519858.0643225
5,383.934,1742519858.0643225
6,370.514,1742519858.0643225
7,388.424,1742519858.0643225
0,382.676,1742519858.1144574
1,372.011,1742519858.1144574
2,372.361,1742519858.1144574
3,381.94,1742519858.1144574
4,364.133,1742519858.1144574
5,384.294,1742519858.1144574
6,371.49,1742519858.1144574
7,388.424,1742519858.1144574
0,382.574,1742519858.164594
1,372.011,1742519858.164594
2,371.972,1742519858.164594
3,381.94,1742519858.164594
4,365.017,1742519858.164594
5,384.294,1742519858.164594
6,371.49,1742519858.164594
7,387.043,1742519858.164594
0,382.574,1742519858.214731
1,369.604,1742519858.214731
2,371.972,1742519858.214731
3,382.621,1742519858.214731
4,365.017,1742519858.214731
5,384.117,1742519858.214731
6,372.829,1742519858.214731
7,387.043,1742519858.214731
0,381.931,1742519858.2648547
1,369.604,1742519858.2648547
2,373.521,1742519858.2648547
3,382.621,1742519858.2648547
4,366.475,1742519858.2648547
5,384.117,1742519858.2648547
6,372.829,1742519858.2648547
7,386.116,1742519858.2648547
0,381.931,1742519858.3151083
1,369.331,1742519858.3151083
2,373.521,1742519858.3151083
3,380.529,1742519858.3151083
4,366.475,1742519858.3151083
5,383.958,1742519858.3151083
6,372.526,1742519858.3151083
7,386.116,1742519858.3151083
0,381.553,1742519858.3652942
1,369.331,1742519858.3652942
2,374.272,1742519858.3652942
3,380.529,1742519858.3652942
4,367.62,1742519858.3652942
5,383.958,1742519858.3652942
6,372.526,1742519858.3652942
7,385.403,1742519858.3652942
0,381.553,1742519858.4154282
1,368.761,1742519858.4154282
2,374.272,1742519858.4154282
3,380.529,1742519858.4154282
4,367.62,1742519858.4154282
5,382.879,1742519858.4154282
6,374.061,1742519858.4154282
7,385.403,1742519858.4154282
0,380.116,1742519858.465563
1,368.761,1742519858.465563
2,374.284,1742519858.465563
3,380.956,1742519858.465563
4,368.543,1742519858.465563
5,382.879,1742519858.465563
6,374.061,1742519858.465563
7,386.174,1742519858.465563
0,380.116,1742519858.5156984
1,369.428,1742519858.5156984
2,374.284,1742519858.5156984
3,380.956,1742519858.5156984
4,368.543,1742519858.5156984
5,383.415,1742519858.5156984
6,376.328,1742519858.5156984
7,386.174,1742519858.5156984
0,381.331,1742519858.565816
1,369.428,1742519858.565816
2,374.229,1742519858.565816
3,382.649,1742519858.565816
4,368.684,1742519858.565816
5,383.415,1742519858.565816
6,376.328,1742519858.565816
7,386.251,1742519858.565816
0,381.331,1742519858.6159534
1,369.004,1742519858.6159534
2,374.229,1742519858.6159534
3,382.649,1742519858.6159534
4,368.684,1742519858.6159534
5,382.018,1742519858.6159534
6,376.625,1742519858.6159534
7,386.251,1742519858.6159534
0,380.725,1742519858.6660364
1,369.004,1742519858.6660364
2,373.663,1742519858.6660364
3,381.467,1742519858.6660364
4,368.825,1742519858.6660364
5,382.018,1742519858.6660364
6,376.625,1742519858.6660364
7,385.459,1742519858.6660364
0,380.725,1742519858.716155
1,370.471,1742519858.716155
2,373.663,1742519858.716155
3,381.467,1742519858.716155
4,368.825,1742519858.716155
5,382.316,1742519858.716155
6,375.394,1742519858.716155
7,385.459,1742519858.716155
0,380.666,1742519858.7662888
1,370.471,1742519858.7662888
2,374.649,1742519858.7662888
3,381.838,1742519858.7662888
4,368.994,1742519858.7662888
5,382.316,1742519858.7662888
6,375.394,1742519858.7662888
7,385.046,1742519858.7662888
0,380.666,1742519858.816422
1,367.838,1742519858.816422
2,374.649,1742519858.816422
3,381.838,1742519858.816422
4,368.994,1742519858.816422
5,380.879,1742519858.816422
6,375.687,1742519858.816422
7,385.046,1742519858.816422
0,379.707,1742519858.8665485
1,367.838,1742519858.8665485
2,375.172,1742519858.8665485
3,380.406,1742519858.8665485
4,370.495,1742519858.8665485
5,380.879,1742519858.8665485
6,375.687,1742519858.8665485
7,384.055,1742519858.8665485
0,379.707,1742519858.916682
1,370.631,1742519858.916682
2,375.172,1742519858.916682
3,380.406,1742519858.916682
4,370.495,1742519858.916682
5,380.316,1742519858.916682
6,374.698,1742519858.916682
7,384.055,1742519858.916682
0,377.724,1742519858.9668124
1,370.631,1742519858.9668124
2,377.093,1742519858.9668124
3,379.342,1742519858.9668124
4,370.611,1742519858.9668124
5,380.316,1742519858.9668124
6,374.698,1742519858.9668124
7,382.994,1742519858.9668124
0,377.724,1742519859.016947
1,371.421,1742519859.016947
2,377.093,1742519859.016947
3,379.342,1742519859.016947
4,370.611,1742519859.016947
5,379.818,1742519859.016947
6,376.115,1742519859.016947
7,382.994,1742519859.016947
0,378.249,1742519859.0670385
1,371.421,1742519859.0670385
2,377.611,1742519859.0670385
3,378.364,1742519859.0670385
4,370.611,1742519859.0670385
5,379.818,1742519859.0670385
6,376.115,1742519859.0670385
7,383.777,1742519859.0670385
0,378.249,1742519859.1171656
1,372.62,1742519859.1171656
2,377.611,1742519859.1171656
3,378.364,1742519859.1171656
4,369.98,1742519859.1171656
5,380.066,1742519859.1171656
6,374.133,1742519859.1171656
7,383.777,1742519859.1171656
0,378.537,1742519859.1673007
1,372.62,1742519859.1673007
2,377.494,1742519859.1673007
3,379.077,1742519859.1673007
4,369.98,1742519859.1673007
5,380.066,1742519859.1673007
6,374.133,1742519859.1673007
7,384.971,1742519859.1673007
0,378.537,1742519859.2174413
1,373.77,1742519859.2174413
2,377.494,1742519859.2174413
3,379.077,1742519859.2174413
4,369.718,1742519859.2174413
5,382.286,1742519859.2174413
6,374.448,1742519859.2174413
7,384.971,1742519859.2174413
0,380.907,1742519859.267574
1,373.77,1742519859.267574
2,378.696,1742519859.267574
3,378.273,1742519859.267574
4,369.718,1742519859.267574
5,382.286,1742519859.267574
6,374.448,1742519859.267574
7,386.87,1742519859.267574
0,380.907,1742519859.3177228
1,373.043,1742519859.3177228
2,378.696,1742519859.3177228
3,378.273,1742519859.3177228
4,369.171,1742519859.3177228
5,383.16,1742519859.3177228
6,373.762,1742519859.3177228
7,386.87,1742519859.3177228
0,381.708,1742519859.367845
1,373.043,1742519859.367845
2,377.951,1742519859.367845
3,381.523,1742519859.367845
4,369.171,1742519859.367845
5,383.16,1742519859.367845
6,373.762,1742519859.367845
7,387.311,1742519859.367845
0,381.708,1742519859.4179688
1,374.044,1742519859.4179688
2,377.951,1742519859.4179688
3,381.523,1742519859.4179688
4,368.025,1742519859.4179688
5,384.516,1742519859.4179688
6,372.465,1742519859.4179688
7,387.311,1742519859.4179688
0,383.165,1742519859.4680583
1,374.044,1742519859.4680583
2,376.699,1742519859.4680583
3,381.746,1742519859.4680583
4,368.025,1742519859.4680583
5,384.516,1742519859.4680583
6,372.465,1742519859.4680583
7,387.696,1742519859.4680583
0,383.165,1742519859.518195
1,374.976,1742519859.518195
2,376.699,1742519859.518195
3,381.746,1742519859.518195
4,367.587,1742519859.518195
5,386.667,1742519859.518195
6,370.524,1742519859.518195
7,387.696,1742519859.518195
0,384.113,1742519859.56833
1,374.976,1742519859.56833
2,376.208,1742519859.56833
3,382.956,1742519859.56833
4,367.587,1742519859.56833
5,386.667,1742519859.56833
6,370.524,1742519859.56833
7,388.091,1742519859.56833
0,384.113,1742519859.6184654
1,375.201,1742519859.6184654
2,376.208,1742519859.6184654
3,382.956,1742519859.6184654
4,367.986,1742519859.6184654
5,387.625,1742519859.6184654
6,369.979,1742519859.6184654
7,388.091,1742519859.6184654
0,383.911,1742519859.6686118
1,375.201,1742519859.6686118
2,376.088,1742519859.6686118
3,383.714,1742519859.6686118
4,367.986,1742519859.6686118
5,387.625,1742519859.6686118
6,369.979,1742519859.6686118
7,389.931,1742519859.6686118
0,383.911,1742519859.718751
1,373.38,1742519859.718751
2,376.088,1742519859.718751
3,383.714,1742519859.718751
4,368.344,1742519859.718751
5,387.276,1742519859.718751
6,370.237,1742519859.718751
7,389.931,1742519859.718751
0,383.901,1742519859.768877
1,373.38,1742519859.768877
2,373.826,1742519859.768877
3,383.642,1742519859.768877
4,368.344,1742519859.768877
5,387.276,1742519859.768877
6,370.237,1742519859.768877
7,390.481,1742519859.768877
0,383.901,1742519859.8190103
1,373.77,1742519859.8190103
2,373.826,1742519859.8190103
3,383.642,1742519859.8190103
4,366.975,1742519859.8190103
5,387.276,1742519859.8190103
6,368.957,1742519859.8190103
7,390.481,1742519859.8190103
0,383.315,1742519859.8690999
1,373.77,1742519859.8690999
2,368.694,1742519859.8690999
3,381.453,1742519859.8690999
4,366.975,1742519859.8690999
5,386.246,1742519859.8690999
6,368.957,1742519859.8690999
7,390.859,1742519859.8690999
0,383.315,1742519859.9192367
1,371.814,1742519859.9192367
2,368.694,1742519859.9192367
3,381.453,1742519859.9192367
4,364.154,1742519859.9192367
5,386.246,1742519859.9192367
6,366.64,1742519859.9192367
7,390.859,1742519859.9192367
0,383.15,1742519859.9694283
1,371.814,1742519859.9694283
2,367.867,1742519859.9694283
3,379.736,1742519859.9694283
4,364.154,1742519859.9694283
5,385.499,1742519859.9694283
6,366.64,1742519859.9694283
7,389.243,1742519859.9694283
0,383.15,1742519860.019562
1,369.241,1742519860.019562
2,367.867,1742519860.019562
3,379.736,1742519860.019562
4,362.918,1742519860.019562
5,385.499,1742519860.019562
6,366.64,1742519860.019562
7,389.243,1742519860.019562
0,381.596,1742519860.0697193
1,369.241,1742519860.0697193
2,367.25,1742519860.0697193
3,379.104,1742519860.0697193
4,362.918,1742519860.0697193
5,384.725,1742519860.0697193
6,365.467,1742519860.0697193
7,387.282,1742519860.0697193
0,381.596,1742519860.1198547
1,368.992,1742519860.1198547
2,367.25,1742519860.1198547
3,379.104,1742519860.1198547
4,362.303,1742519860.1198547
5,384.725,1742519860.1198547
6,365.467,1742519860.1198547
7,387.282,1742519860.1198547
0,381.717,1742519860.1700542
1,368.992,1742519860.1700542
2,368.637,1742519860.1700542
3,379.097,1742519860.1700542
4,362.303,1742519860.1700542
5,383.196,1742519860.1700542
6,365.307,1742519860.1700542
7,385.425,1742519860.1700542
0,381.717,1742519860.220189
1,368.76,1742519860.220189
2,368.637,1742519860.220189
3,379.097,1742519860.220189
4,361.417,1742519860.220189
5,383.196,1742519860.220189
6,365.307,1742519860.220189
7,385.425,1742519860.220189
0,380.387,1742519860.270282
1,368.76,1742519860.270282
2,369.611,1742519860.270282
3,378.982,1742519860.270282
4,361.417,1742519860.270282
5,380.895,1742519860.270282
6,365.234,1742519860.270282
7,384.042,1742519860.270282
0,380.387,1742519860.3204188
1,369.856,1742519860.3204188
2,369.611,1742519860.3204188
3,378.982,1742519860.3204188
4,361.01,1742519860.3204188
5,380.895,1742519860.3204188
6,365.234,1742519860.3204188
7,384.042,1742519860.3204188
0,378.866,1742519860.3705473
1,369.856,1742519860.3705473
2,373.477,1742519860.3705473
3,379.183,1742519860.3705473
4,361.01,1742519860.3705473
5,379.84,1742519860.3705473
6,365.279,1742519860.3705473
7,384.084,1742519860.3705473
0,378.866,1742519860.4206839
1,368.303,1742519860.4206839
2,373.477,1742519860.4206839
3,379.183,1742519860.4206839
4,361.89,1742519860.4206839
5,379.84,1742519860.4206839
6,365.279,1742519860.4206839
7,384.084,1742519860.4206839
0,376.847,1742519860.4708254
1,368.303,1742519860.4708254
2,375.603,1742519860.4708254
3,377.382,1742519860.4708254
4,361.89,1742519860.4708254
5,379.001,1742519860.4708254
6,364.949,1742519860.4708254
7,383.341,1742519860.4708254
0,376.847,1742519860.5209591
1,366.573,1742519860.5209591
2,375.603,1742519860.5209591
3,377.382,1742519860.5209591
4,362.239,1742519860.5209591
5,379.001,1742519860.5209591
6,364.949,1742519860.5209591
7,383.341,1742519860.5209591
0,376.81,1742519860.571137
1,366.573,1742519860.571137
2,376.176,1742519860.571137
3,375.611,1742519860.571137
4,362.239,1742519860.571137
5,377.955,1742519860.571137
6,366.275,1742519860.571137
7,384.576,1742519860.571137
0,376.81,1742519860.621269
1,366.694,1742519860.621269
2,376.176,1742519860.621269
3,375.611,1742519860.621269
4,360.94,1742519860.621269
5,377.955,1742519860.621269
6,366.275,1742519860.621269
7,384.576,1742519860.621269
0,373.419,1742519860.6713593
1,366.694,1742519860.6713593
2,376.434,1742519860.6713593
3,375.516,1742519860.6713593
4,360.94,1742519860.6713593
5,376.108,1742519860.6713593
6,364.951,1742519860.6713593
7,381.85,1742519860.6713593
0,373.419,1742519860.7215931
1,366.645,1742519860.7215931
2,376.434,1742519860.7215931
3,375.516,1742519860.7215931
4,361.313,1742519860.7215931
5,376.108,1742519860.7215931
6,364.951,1742519860.7215931
7,381.85,1742519860.7215931
0,375.387,1742519860.7717266
1,366.645,1742519860.7717266
2,377.892,1742519860.7717266
3,375.287,1742519860.7717266
4,361.313,1742519860.7717266
5,375.321,1742519860.7717266
6,366.416,1742519860.7717266
7,381.772,1742519860.7717266
0,375.387,1742519860.821853
1,366.633,1742519860.821853
2,377.892,1742519860.821853
3,375.287,1742519860.821853
4,362.318,1742519860.821853
5,375.321,1742519860.821853
6,366.416,1742519860.821853
7,381.772,1742519860.821853
0,374.611,1742519860.87203
1,366.633,1742519860.87203
2,382.366,1742519860.87203
3,375.5,1742519860.87203
4,362.318,1742519860.87203
5,376.306,1742519860.87203
6,366.899,1742519860.87203
7,380.52,1742519860.87203
0,374.611,1742519860.9222388
1,367.886,1742519860.9222388
2,382.366,1742519860.9222388
3,375.5,1742519860.9222388
4,363.46,1742519860.9222388
5,376.306,1742519860.9222388
6,366.899,1742519860.9222388
7,380.52,1742519860.9222388
0,376.163,1742519860.9724088
1,367.886,1742519860.9724088
2,382.116,1742519860.9724088
3,376.775,1742519860.9724088
4,363.46,1742519860.9724088
5,377.416,1742519860.9724088
6,367.792,1742519860.9724088
7,380.014,1742519860.9724088
0,376.163,1742519861.0225503
1,368.268,1742519861.0225503
2,382.116,1742519861.0225503
3,376.775,1742519861.0225503
4,363.587,1742519861.0225503
5,377.416,1742519861.0225503
6,367.792,1742519861.0225503
7,380.014,1742519861.0225503
0,377.322,1742519861.0726428
1,368.268,1742519861.0726428
2,381.957,1742519861.0726428
3,376.414,1742519861.0726428
4,363.587,1742519861.0726428
5,378.169,1742519861.0726428
6,368.007,1742519861.0726428
7,380.112,1742519861.0726428
0,377.322,1742519861.1227784
1,368.43,1742519861.1227784
2,381.957,1742519861.1227784
3,376.414,1742519861.1227784
4,363.518,1742519861.1227784
5,378.169,1742519861.1227784
6,368.007,1742519861.1227784
7,380.112,1742519861.1227784
0,376.619,1742519861.1729112
1,368.43,1742519861.1729112
2,382.101,1742519861.1729112
3,375.254,1742519861.1729112
4,363.518,1742519861.1729112
5,378.196,1742519861.1729112
6,367.443,1742519861.1729112
7,380.183,1742519861.1729112
0,376.619,1742519861.2230477
1,367.607,1742519861.2230477
2,382.101,1742519861.2230477
3,375.254,1742519861.2230477
4,364.373,1742519861.2230477
5,378.196,1742519861.2230477
6,367.443,1742519861.2230477
7,380.183,1742519861.2230477
0,377.166,1742519861.273217
1,367.607,1742519861.273217
2,381.618,1742519861.273217
3,374.494,1742519861.273217
4,364.373,1742519861.273217
5,378.671,1742519861.273217
6,367.41,1742519861.273217
7,380.514,1742519861.273217
0,377.166,1742519861.3233497
1,368.575,1742519861.3233497
2,381.618,1742519861.3233497
3,374.494,1742519861.3233497
4,364.55,1742519861.3233497
5,378.671,1742519861.3233497
6,367.41,1742519861.3233497
7,380.514,1742519861.3233497
0,375.907,1742519861.3735301
1,368.575,1742519861.3735301
2,380.238,1742519861.3735301
3,374.111,1742519861.3735301
4,364.55,1742519861.3735301
5,380.361,1742519861.3735301
6,367.506,1742519861.3735301
7,380.624,1742519861.3735301
0,375.907,1742519861.4236636
1,368.196,1742519861.4236636
2,380.238,1742519861.4236636
3,374.111,1742519861.4236636
4,363.202,1742519861.4236636
5,380.361,1742519861.4236636
6,367.506,1742519861.4236636
7,380.624,1742519861.4236636
0,377.713,1742519861.4737232
1,368.196,1742519861.4737232
2,380.829,1742519861.4737232
3,373.795,1742519861.4737232
4,363.202,1742519861.4737232
5,380.898,1742519861.4737232
6,366.596,1742519861.4737232
7,380.842,1742519861.4737232
0,377.713,1742519861.523863
1,367.86,1742519861.523863
2,380.829,1742519861.523863
3,373.795,1742519861.523863
4,364.463,1742519861.523863
5,380.898,1742519861.523863
6,366.596,1742519861.523863
7,380.842,1742519861.523863
0,377.366,1742519861.5739923
1,367.86,1742519861.5739923
2,379.985,1742519861.5739923
3,374.068,1742519861.5739923
4,364.463,1742519861.5739923
5,380.789,1742519861.5739923
6,366.003,1742519861.5739923
7,381.285,1742519861.5739923
0,377.366,1742519861.62412
1,366.699,1742519861.62412
2,379.985,1742519861.62412
3,374.068,1742519861.62412
4,363.897,1742519861.62412
5,380.789,1742519861.62412
6,366.003,1742519861.62412
7,381.285,1742519861.62412
0,377.542,1742519861.674266
1,366.699,1742519861.674266
2,380.484,1742519861.674266
3,372.855,1742519861.674266
4,363.897,1742519861.674266
5,379.778,1742519861.674266
6,365.446,1742519861.674266
7,381.274,1742519861.674266
0,377.542,1742519861.7244024
1,365.355,1742519861.7244024
2,380.484,1742519861.7244024
3,372.855,1742519861.7244024
4,363.094,1742519861.7244024
5,379.778,1742519861.7244024
6,365.446,1742519861.7244024
7,381.274,1742519861.7244024
0,376.658,1742519861.7745242
1,365.355,1742519861.7745242
2,380.45,1742519861.7745242
3,373.542,1742519861.7745242
4,363.094,1742519861.7745242
5,380.215,1742519861.7745242
6,366.895,1742519861.7745242
7,381.274,1742519861.7745242
0,376.658,1742519861.8246567
1,366.646,1742519861.8246567
2,380.45,1742519861.8246567
3,373.542,1742519861.8246567
4,363.221,1742519861.8246567
5,380.215,1742519861.8246567
6,366.895,1742519861.8246567
7,381.294,1742519861.8246567
0,376.952,1742519861.874746
1,366.646,1742519861.874746
2,378.235,1742519861.874746
3,372.988,1742519861.874746
4,363.221,1742519861.874746
5,379.36,1742519861.874746
6,366.884,1742519861.874746
7,381.294,1742519861.874746
0,376.952,1742519861.9248817
1,366.003,1742519861.9248817
2,378.235,1742519861.9248817
3,372.988,1742519861.9248817
4,363.71,1742519861.9248817
5,379.36,1742519861.9248817
6,366.884,1742519861.9248817
7,380.465,1742519861.9248817
0,375.775,1742519861.9750183
1,366.003,1742519861.9750183
2,377.576,1742519861.9750183
3,372.097,1742519861.9750183
4,363.71,1742519861.9750183
5,378.863,1742519861.9750183
6,367.509,1742519861.9750183
7,380.465,1742519861.9750183
0,375.775,1742519862.0251548
1,365.867,1742519862.0251548
2,377.576,1742519862.0251548
3,372.097,1742519862.0251548
4,364.328,1742519862.0251548
5,378.863,1742519862.0251548
6,367.509,1742519862.0251548
7,379.438,1742519862.0251548
0,374.757,1742519862.0753005
1,365.867,1742519862.0753005
2,376.545,1742519862.0753005
3,371.917,1742519862.0753005
4,364.328,1742519862.0753005
5,378.314,1742519862.0753005
6,368.798,1742519862.0753005
7,379.438,1742519862.0753005
0,374.757,1742519862.1254375
1,365.242,1742519862.1254375
2,376.545,1742519862.1254375
3,371.917,1742519862.1254375
4,364.914,1742519862.1254375
5,378.314,1742519862.1254375
6,368.798,1742519862.1254375
7,378.947,1742519862.1254375
0,375.47,1742519862.1755655
1,365.242,1742519862.1755655
2,375.663,1742519862.1755655
3,373.241,1742519862.1755655
4,364.914,1742519862.1755655
5,378.289,1742519862.1755655
6,370.543,1742519862.1755655
7,378.947,1742519862.1755655
0,375.47,1742519862.2257273
1,366.277,1742519862.2257273
2,375.663,1742519862.2257273
3,373.241,1742519862.2257273
4,363.898,1742519862.2257273
5,378.289,1742519862.2257273
6,370.543,1742519862.2257273
7,378.959,1742519862.2257273
0,375.07,1742519862.275819
1,366.277,1742519862.275819
2,374.833,1742519862.275819
3,373.346,1742519862.275819
4,363.898,1742519862.275819
5,376.733,1742519862.275819
6,371.1,1742519862.275819
7,378.959,1742519862.275819
0,375.07,1742519862.3259935
1,365.571,1742519862.3259935
2,374.833,1742519862.3259935
3,373.346,1742519862.3259935
4,363.892,1742519862.3259935
5,376.733,1742519862.3259935
6,371.1,1742519862.3259935
7,378.651,1742519862.3259935
0,374.053,1742519862.376116
1,365.571,1742519862.376116
2,373.546,1742519862.376116
3,375.021,1742519862.376116
4,363.892,1742519862.376116
5,374.887,1742519862.376116
6,371.523,1742519862.376116
7,378.651,1742519862.376116
0,374.053,1742519862.4262495
1,365.376,1742519862.4262495
2,373.546,1742519862.4262495
3,375.021,1742519862.4262495
4,364.588,1742519862.4262495
5,374.887,1742519862.4262495
6,371.523,1742519862.4262495
7,378.157,1742519862.4262495
0,373.509,1742519862.4763782
1,365.376,1742519862.4763782
2,371.9,1742519862.4763782
3,372.2,1742519862.4763782
4,364.588,1742519862.4763782
5,374.148,1742519862.4763782
6,374.074,1742519862.4763782
7,378.157,1742519862.4763782
0,373.509,1742519862.5265157
1,364.936,1742519862.5265157
2,371.9,1742519862.5265157
3,372.2,1742519862.5265157
4,364.644,1742519862.5265157
5,374.148,1742519862.5265157
6,374.074,1742519862.5265157
7,375.827,1742519862.5265157
0,373.509,1742519862.576619
1,364.936,1742519862.576619
2,369.645,1742519862.576619
3,373.364,1742519862.576619
4,364.644,1742519862.576619
5,372.459,1742519862.576619
6,374.289,1742519862.576619
7,375.827,1742519862.576619
0,372.942,1742519862.626755
1,364.937,1742519862.626755
2,369.645,1742519862.626755
3,373.364,1742519862.626755
4,364.28,1742519862.626755
5,372.459,1742519862.626755
6,374.289,1742519862.626755
7,376.584,1742519862.626755
0,372.942,1742519862.676839
1,364.937,1742519862.676839
2,368.497,1742519862.676839
3,372.682,1742519862.676839
4,364.28,1742519862.676839
5,373.651,1742519862.676839
6,375.328,1742519862.676839
7,376.584,1742519862.676839
0,372.749,1742519862.7269619
1,365.094,1742519862.7269619
2,368.497,1742519862.7269619
3,372.682,1742519862.7269619
4,364.044,1742519862.7269619
5,373.651,1742519862.7269619
6,375.328,1742519862.7269619
7,377.632,1742519862.7269619
0,372.749,1742519862.777089
1,365.094,1742519862.777089
2,366.911,1742519862.777089
3,373.396,1742519862.777089
4,364.044,1742519862.777089
5,373.164,1742519862.777089
6,372.844,1742519862.777089
7,377.632,1742519862.777089
0,371.181,1742519862.8272243
1,364.609,1742519862.8272243
2,366.911,1742519862.8272243
3,373.396,1742519862.8272243
4,364.447,1742519862.8272243
5,373.164,1742519862.8272243
6,372.844,1742519862.8272243
7,375.831,1742519862.8272243
0,371.181,1742519862.8773575
1,364.609,1742519862.8773575
2,366.719,1742519862.8773575
3,371.199,1742519862.8773575
4,364.447,1742519862.8773575
5,374.3,1742519862.8773575
6,371.661,1742519862.8773575
7,375.831,1742519862.8773575
0,370.309,1742519862.9274914
1,363.203,1742519862.9274914
2,366.719,1742519862.9274914
3,371.199,1742519862.9274914
4,362.935,1742519862.9274914
5,374.3,1742519862.9274914
6,371.661,1742519862.9274914
7,375.65,1742519862.9274914
0,370.309,1742519862.977625
1,363.203,1742519862.977625
2,369.167,1742519862.977625
3,370.27,1742519862.977625
4,362.935,1742519862.977625
5,373.153,1742519862.977625
6,371.266,1742519862.977625
7,375.65,1742519862.977625
0,369.84,1742519863.027763
1,363.244,1742519863.027763
2,369.167,1742519863.027763
3,370.27,1742519863.027763
4,361.217,1742519863.027763
5,373.153,1742519863.027763
6,371.266,1742519863.027763
7,375.986,1742519863.027763
0,369.84,1742519863.0779111
1,363.244,1742519863.0779111
2,369.936,1742519863.0779111
3,371.309,1742519863.0779111
4,361.217,1742519863.0779111
5,370.4,1742519863.0779111
6,368.322,1742519863.0779111
7,375.986,1742519863.0779111
0,368.86,1742519863.1280026
1,361.64,1742519863.1280026
2,369.936,1742519863.1280026
3,371.309,1742519863.1280026
4,360.25,1742519863.1280026
5,370.4,1742519863.1280026
6,368.322,1742519863.1280026
7,375.816,1742519863.1280026
0,368.86,1742519863.1781363
1,361.64,1742519863.1781363
2,369.164,1742519863.1781363
3,371.047,1742519863.1781363
4,360.25,1742519863.1781363
5,372.252,1742519863.1781363
6,369.175,1742519863.1781363
7,375.816,1742519863.1781363
0,369.277,1742519863.2282722
1,361.933,1742519863.2282722
2,369.164,1742519863.2282722
3,371.047,1742519863.2282722
4,361.05,1742519863.2282722
5,372.252,1742519863.2282722
6,369.175,1742519863.2282722
7,375.914,1742519863.2282722
0,369.277,1742519863.2784066
1,361.933,1742519863.2784066
2,369.368,1742519863.2784066
3,370.044,1742519863.2784066
4,361.05,1742519863.2784066
5,373.047,1742519863.2784066
6,368.437,1742519863.2784066
7,375.914,1742519863.2784066
0,368.492,1742519863.3285491
1,361.511,1742519863.3285491
2,369.368,1742519863.3285491
3,370.044,1742519863.3285491
4,363.183,1742519863.3285491
5,373.047,1742519863.3285491
6,368.437,1742519863.3285491
7,375.129,1742519863.3285491
0,368.492,1742519863.3786752
1,361.511,1742519863.3786752
2,368.696,1742519863.3786752
3,371.448,1742519863.3786752
4,363.183,1742519863.3786752
5,374.488,1742519863.3786752
6,370.132,1742519863.3786752
7,375.129,1742519863.3786752
0,371.113,1742519863.428852
1,360.776,1742519863.428852
2,368.696,1742519863.428852
3,371.448,1742519863.428852
4,362.415,1742519863.428852
5,374.488,1742519863.428852
6,370.132,1742519863.428852
7,375.618,1742519863.428852
0,371.113,1742519863.478985
1,360.776,1742519863.478985
2,368.089,1742519863.478985
3,373.609,1742519863.478985
4,362.415,1742519863.478985
5,374.927,1742519863.478985
6,369.048,1742519863.478985
7,375.618,1742519863.478985
0,371.14,1742519863.5290904
1,361.319,1742519863.5290904
2,368.089,1742519863.5290904
3,373.609,1742519863.5290904
4,362.08,1742519863.5290904
5,374.927,1742519863.5290904
6,369.048,1742519863.5290904
7,379.454,1742519863.5290904
0,371.14,1742519863.5792217
1,361.319,1742519863.5792217
2,369.144,1742519863.5792217
3,375.084,1742519863.5792217
4,362.08,1742519863.5792217
5,376.532,1742519863.5792217
6,368.749,1742519863.5792217
7,379.454,1742519863.5792217
0,374.35,1742519863.6293569
1,361.277,1742519863.6293569
2,369.144,1742519863.6293569
3,375.084,1742519863.6293569
4,362.635,1742519863.6293569
5,376.532,1742519863.6293569
6,368.749,1742519863.6293569
7,380.437,1742519863.6293569
0,374.35,1742519863.6794908
1,361.277,1742519863.6794908
2,370.51,1742519863.6794908
3,375.29,1742519863.6794908
4,362.635,1742519863.6794908
5,375.996,1742519863.6794908
6,369.681,1742519863.6794908
7,380.437,1742519863.6794908
0,375.115,1742519863.7296274
1,361.696,1742519863.7296274
2,370.51,1742519863.7296274
3,375.29,1742519863.7296274
4,364.293,1742519863.7296274
5,375.996,1742519863.7296274
6,369.681,1742519863.7296274
7,380.654,1742519863.7296274
0,375.115,1742519863.7797625
1,361.696,1742519863.7797625
2,370.667,1742519863.7797625
3,376.009,1742519863.7797625
4,364.293,1742519863.7797625
5,375.996,1742519863.7797625
6,370.748,1742519863.7797625
7,380.654,1742519863.7797625
0,377.309,1742519863.8298998
1,362.659,1742519863.8298998
2,370.667,1742519863.8298998
3,376.009,1742519863.8298998
4,364.089,1742519863.8298998
5,377.116,1742519863.8298998
6,370.748,1742519863.8298998
7,379.152,1742519863.8298998
0,377.309,1742519863.8800337
1,362.659,1742519863.8800337
2,369.33,1742519863.8800337
3,377.652,1742519863.8800337
4,364.089,1742519863.8800337
5,377.116,1742519863.8800337
6,372.975,1742519863.8800337
7,379.152,1742519863.8800337
0,377.601,1742519863.9301574
1,365.08,1742519863.9301574
2,369.33,1742519863.9301574
3,377.652,1742519863.9301574
4,365.361,1742519863.9301574
5,379.472,1742519863.9301574
6,372.975,1742519863.9301574
7,382.348,1742519863.9301574
0,377.601,1742519863.98032
1,365.08,1742519863.98032
2,368.451,1742519863.98032
3,379.926,1742519863.98032
4,365.361,1742519863.98032
5,381.529,1742519863.98032
6,373.939,1742519863.98032
7,382.348,1742519863.98032
0,379.473,1742519864.0305276
1,364.585,1742519864.0305276
2,368.451,1742519864.0305276
3,379.926,1742519864.0305276
4,367.837,1742519864.0305276
5,381.529,1742519864.0305276
6,373.939,1742519864.0305276
7,383.56,1742519864.0305276
0,379.473,1742519864.0806518
1,364.585,1742519864.0806518
2,367.997,1742519864.0806518
3,382.783,1742519864.0806518
4,367.837,1742519864.0806518
5,381.529,1742519864.0806518
6,373.869,1742519864.0806518
7,383.56,1742519864.0806518
0,381.888,1742519864.1307788
1,366.974,1742519864.1307788
2,367.997,1742519864.1307788
3,382.783,1742519864.1307788
4,367.789,1742519864.1307788
5,385.736,1742519864.1307788
6,373.869,1742519864.1307788
7,385.317,1742519864.1307788
0,381.888,1742519864.1809332
1,366.974,1742519864.1809332
2,367.852,1742519864.1809332
3,382.825,1742519864.1809332
4,367.789,1742519864.1809332
5,385.736,1742519864.1809332
6,372.711,1742519864.1809332
7,385.317,1742519864.1809332
0,382.15,1742519864.2310688
1,367.972,1742519864.2310688
2,367.852,1742519864.2310688
3,382.825,1742519864.2310688
4,366.863,1742519864.2310688
5,386.147,1742519864.2310688
6,372.711,1742519864.2310688
7,387.012,1742519864.2310688
0,382.15,1742519864.281202
1,367.972,1742519864.281202
2,366.69,1742519864.281202
3,383.137,1742519864.281202
4,366.863,1742519864.281202
5,386.657,1742519864.281202
6,372.163,1742519864.281202
7,387.012,1742519864.281202
0,384.59,1742519864.3313296
1,369.782,1742519864.3313296
2,366.69,1742519864.3313296
3,383.137,1742519864.3313296
4,365.448,1742519864.3313296
5,386.657,1742519864.3313296
6,372.163,1742519864.3313296
7,388.445,1742519864.3313296
0,384.59,1742519864.3814611
1,369.782,1742519864.3814611
2,367.101,1742519864.3814611
3,384.726,1742519864.3814611
4,365.448,1742519864.3814611
5,386.657,1742519864.3814611
6,371.658,1742519864.3814611
7,388.445,1742519864.3814611
0,384.896,1742519864.431595
1,370.445,1742519864.431595
2,367.101,1742519864.431595
3,384.726,1742519864.431595
4,365.794,1742519864.431595
5,387.736,1742519864.431595
6,371.658,1742519864.431595
7,389.793,1742519864.431595
0,384.896,1742519864.481721
1,370.445,1742519864.481721
2,368.169,1742519864.481721
3,384.585,1742519864.481721
4,365.794,1742519864.481721
5,387.736,1742519864.481721
6,371.514,1742519864.481721
7,389.793,1742519864.481721
0,385.847,1742519864.5318565
1,370.37,1742519864.5318565
2,368.169,1742519864.5318565
3,384.585,1742519864.5318565
4,365.813,1742519864.5318565
5,389.796,1742519864.5318565
6,371.514,1742519864.5318565
7,390.062,1742519864.5318565
0,385.847,1742519864.5819912
1,370.37,1742519864.5819912
2,367.233,1742519864.5819912
3,383.128,1742519864.5819912
4,365.813,1742519864.5819912
5,389.796,1742519864.5819912
6,370.406,1742519864.5819912
7,390.062,1742519864.5819912
0,386.29,1742519864.6321294
1,370.37,1742519864.6321294
2,367.233,1742519864.6321294
3,383.128,1742519864.6321294
4,365.134,1742519864.6321294
5,388.291,1742519864.6321294
6,370.406,1742519864.6321294
7,388.359,1742519864.6321294
0,386.29,1742519864.682262
1,371.331,1742519864.682262
2,365.469,1742519864.682262
3,382.124,1742519864.682262
4,365.134,1742519864.682262
5,388.291,1742519864.682262
6,368.554,1742519864.682262
7,388.359,1742519864.682262
0,384.075,1742519864.7323534
1,371.331,1742519864.7323534
2,365.469,1742519864.7323534
3,382.124,1742519864.7323534
4,362.733,1742519864.7323534
5,385.576,1742519864.7323534
6,368.554,1742519864.7323534
7,386.751,1742519864.7323534
0,384.075,1742519864.7824771
1,371.102,1742519864.7824771
2,365.803,1742519864.7824771
3,380.606,1742519864.7824771
4,362.733,1742519864.7824771
5,385.576,1742519864.7824771
6,365.623,1742519864.7824771
7,386.751,1742519864.7824771
0,383.244,1742519864.8326101
1,371.102,1742519864.8326101
2,365.803,1742519864.8326101
3,380.606,1742519864.8326101
4,362.716,1742519864.8326101
5,382.563,1742519864.8326101
6,365.623,1742519864.8326101
7,388.153,1742519864.8326101
0,383.244,1742519864.8827376
1,368.598,1742519864.8827376
2,366.419,1742519864.8827376
3,378.908,1742519864.8827376
4,362.716,1742519864.8827376
5,382.563,1742519864.8827376
6,365.662,1742519864.8827376
7,388.153,1742519864.8827376
0,381.639,1742519864.932873
1,368.598,1742519864.932873
2,366.419,1742519864.932873
3,378.908,1742519864.932873
4,362.192,1742519864.932873
5,380.536,1742519864.932873
6,365.662,1742519864.932873
7,384.89,1742519864.932873
0,381.639,1742519864.983006
1,366.952,1742519864.983006
2,367.858,1742519864.983006
3,376.899,1742519864.983006
4,362.192,1742519864.983006
5,380.536,1742519864.983006
6,365.371,1742519864.983006
7,384.89,1742519864.983006
0,379.691,1742519865.0331366
1,366.952,1742519865.0331366
2,367.858,1742519865.0331366
3,376.899,1742519865.0331366
4,360.925,1742519865.0331366
5,379.407,1742519865.0331366
6,365.371,1742519865.0331366
7,384.41,1742519865.0331366
0,379.691,1742519865.0832734
1,366.012,1742519865.0832734
2,365.39,1742519865.0832734
3,375.337,1742519865.0832734
4,360.925,1742519865.0832734
5,379.407,1742519865.0832734
6,365.253,1742519865.0832734
7,384.41,1742519865.0832734
0,378.917,1742519865.1333702
1,366.012,1742519865.1333702
2,365.39,1742519865.1333702
3,375.337,1742519865.1333702
4,359.928,1742519865.1333702
5,379.677,1742519865.1333702
6,365.253,1742519865.1333702
7,382.467,1742519865.1333702
0,378.917,1742519865.1835082
1,365.059,1742519865.1835082
2,365.933,1742519865.1835082
3,376.013,1742519865.1835082
4,359.928,1742519865.1835082
5,379.677,1742519865.1835082
6,365.934,1742519865.1835082
7,382.467,1742519865.1835082
0,378.368,1742519865.2337198
1,365.059,1742519865.2337198
2,365.933,1742519865.2337198
3,376.013,1742519865.2337198
4,359.768,1742519865.2337198
5,378.754,1742519865.2337198
6,365.934,1742519865.2337198
7,381.401,1742519865.2337198
0,378.368,1742519865.283845
1,365.194,1742519865.283845
2,366.298,1742519865.283845
3,376.5,1742519865.283845
4,359.768,1742519865.283845
5,378.754,1742519865.283845
6,366.147,1742519865.283845
7,381.401,1742519865.283845
0,379.171,1742519865.3340507
1,365.194,1742519865.3340507
2,366.298,1742519865.3340507
3,376.5,1742519865.3340507
4,359.768,1742519865.3340507
5,376.877,1742519865.3340507
6,366.147,1742519865.3340507
7,381.731,1742519865.3340507
0,379.171,1742519865.384176
1,364.224,1742519865.384176
2,367.823,1742519865.384176
3,377.521,1742519865.384176
4,359.974,1742519865.384176
5,376.877,1742519865.384176
6,366.058,1742519865.384176
7,381.731,1742519865.384176
0,377.495,1742519865.4343019
1,364.224,1742519865.4343019
2,367.823,1742519865.4343019
3,377.521,1742519865.4343019
4,359.974,1742519865.4343019
5,376.629,1742519865.4343019
6,366.058,1742519865.4343019
7,381.498,1742519865.4343019
0,377.495,1742519865.4844334
1,365.355,1742519865.4844334
2,367.815,1742519865.4844334
3,377.133,1742519865.4844334
4,359.499,1742519865.4844334
5,376.629,1742519865.4844334
6,365.983,1742519865.4844334
7,381.498,1742519865.4844334
0,376.761,1742519865.534522
1,365.355,1742519865.534522
2,367.815,1742519865.534522
3,377.133,1742519865.534522
4,359.499,1742519865.534522
5,376.64,1742519865.534522
6,365.983,1742519865.534522
7,381.223,1742519865.534522
0,376.761,1742519865.584644
1,365.696,1742519865.584644
2,370.26,1742519865.584644
3,378.934,1742519865.584644
4,360.354,1742519865.584644
5,376.64,1742519865.584644
6,368.086,1742519865.584644
7,381.223,1742519865.584644
0,377.081,1742519865.634778
1,365.696,1742519865.634778
2,370.26,1742519865.634778
3,378.934,1742519865.634778
4,360.354,1742519865.634778
5,379.495,1742519865.634778
6,368.086,1742519865.634778
7,380.323,1742519865.634778
0,377.081,1742519865.6849103
1,365.513,1742519865.6849103
2,371.842,1742519865.6849103
3,379.555,1742519865.6849103
4,362.026,1742519865.6849103
5,379.495,1742519865.6849103
6,370.876,1742519865.6849103
7,380.323,1742519865.6849103
0,378.612,1742519865.73504
1,365.513,1742519865.73504
2,371.842,1742519865.73504
3,379.555,1742519865.73504
4,362.026,1742519865.73504
5,380.903,1742519865.73504
6,370.876,1742519865.73504
7,381.272,1742519865.73504
0,378.612,1742519865.7851732
1,367.589,1742519865.7851732
2,372.324,1742519865.7851732
3,381.318,1742519865.7851732
4,363.022,1742519865.7851732
5,380.903,1742519865.7851732
6,374.091,1742519865.7851732
7,381.272,1742519865.7851732
0,380.16,1742519865.8353102
1,367.589,1742519865.8353102
2,372.324,1742519865.8353102
3,381.318,1742519865.8353102
4,363.423,1742519865.8353102
5,382.776,1742519865.8353102
6,374.091,1742519865.8353102
7,382.968,1742519865.8353102
0,380.16,1742519865.8854783
1,369.839,1742519865.8854783
2,373.266,1742519865.8854783
3,381.723,1742519865.8854783
4,363.423,1742519865.8854783
5,382.776,1742519865.8854783
6,373.526,1742519865.8854783
7,382.968,1742519865.8854783
0,380.32,1742519865.9355855
1,369.839,1742519865.9355855
2,373.266,1742519865.9355855
3,381.723,1742519865.9355855
4,364.667,1742519865.9355855
5,383.718,1742519865.9355855
6,373.526,1742519865.9355855
7,382.968,1742519865.9355855
0,380.32,1742519865.9857204
1,368.811,1742519865.9857204
2,372.396,1742519865.9857204
3,381.77,1742519865.9857204
4,364.667,1742519865.9857204
5,383.718,1742519865.9857204
6,373.807,1742519865.9857204
7,383.973,1742519865.9857204
0,380.481,1742519866.0359285
1,368.811,1742519866.0359285
2,372.396,1742519866.0359285
3,381.77,1742519866.0359285
4,365.354,1742519866.0359285
5,383.808,1742519866.0359285
6,373.807,1742519866.0359285
7,383.973,1742519866.0359285
0,380.481,1742519866.0860534
1,370.775,1742519866.0860534
2,373.839,1742519866.0860534
3,380.687,1742519866.0860534
4,365.354,1742519866.0860534
5,383.808,1742519866.0860534
6,373.373,1742519866.0860534
7,383.089,1742519866.0860534
0,380.099,1742519866.136177
1,370.775,1742519866.136177
2,373.839,1742519866.136177
3,380.687,1742519866.136177
4,365.354,1742519866.136177
5,382.802,1742519866.136177
6,373.373,1742519866.136177
7,383.089,1742519866.136177
0,380.099,1742519866.1863108
1,371.469,1742519866.1863108
2,375.476,1742519866.1863108
3,380.877,1742519866.1863108
4,366.977,1742519866.1863108
5,382.802,1742519866.1863108
6,374.244,1742519866.1863108
7,384.938,1742519866.1863108
0,379.57,1742519866.2364464
1,371.469,1742519866.2364464
2,375.476,1742519866.2364464
3,380.877,1742519866.2364464
4,366.977,1742519866.2364464
5,382.426,1742519866.2364464
6,374.244,1742519866.2364464
7,384.938,1742519866.2364464
0,379.57,1742519866.2865822
1,369.517,1742519866.2865822
2,375.476,1742519866.2865822
3,379.953,1742519866.2865822
4,367.305,1742519866.2865822
5,382.426,1742519866.2865822
6,372.995,1742519866.2865822
7,384.537,1742519866.2865822
0,378.999,1742519866.3366742
1,369.517,1742519866.3366742
2,375.58,1742519866.3366742
3,379.953,1742519866.3366742
4,367.305,1742519866.3366742
5,380.849,1742519866.3366742
6,372.995,1742519866.3366742
7,384.537,1742519866.3366742
0,378.999,1742519866.3868096
1,370.351,1742519866.3868096
2,375.58,1742519866.3868096
3,379.309,1742519866.3868096
4,368.224,1742519866.3868096
5,380.849,1742519866.3868096
6,373.533,1742519866.3868096
7,383.319,1742519866.3868096
0,377.643,1742519866.4369497
1,370.351,1742519866.4369497
2,377.143,1742519866.4369497
3,379.309,1742519866.4369497
4,368.224,1742519866.4369497
5,380.156,1742519866.4369497
6,373.533,1742519866.4369497
7,383.319,1742519866.4369497
0,377.643,1742519866.4870832
1,369.777,1742519866.4870832
2,377.143,1742519866.4870832
3,379.026,1742519866.4870832
4,369.031,1742519866.4870832
5,380.156,1742519866.4870832
6,373.267,1742519866.4870832
7,382.626,1742519866.4870832
0,378.739,1742519866.5372164
1,369.777,1742519866.5372164
2,378.393,1742519866.5372164
3,379.026,1742519866.5372164
4,369.031,1742519866.5372164
5,379.745,1742519866.5372164
6,373.267,1742519866.5372164
7,382.626,1742519866.5372164
0,378.739,1742519866.5873487
1,370.024,1742519866.5873487
2,378.393,1742519866.5873487
3,377.389,1742519866.5873487
4,368.85,1742519866.5873487
5,379.745,1742519866.5873487
6,372.122,1742519866.5873487
7,381.992,1742519866.5873487
0,378.739,1742519866.6375031
1,370.024,1742519866.6375031
2,379.037,1742519866.6375031
3,377.389,1742519866.6375031
4,368.85,1742519866.6375031
5,378.68,1742519866.6375031
6,372.122,1742519866.6375031
7,381.992,1742519866.6375031
0,376.694,1742519866.687626
1,366.942,1742519866.687626
2,379.037,1742519866.687626
3,377.389,1742519866.687626
4,366.34,1742519866.687626
5,378.68,1742519866.687626
6,368.104,1742519866.687626
7,383.14,1742519866.687626
0,376.694,1742519866.7377517
1,366.942,1742519866.7377517
2,378.849,1742519866.7377517
3,375.897,1742519866.7377517
4,366.34,1742519866.7377517
5,375.711,1742519866.7377517
6,368.104,1742519866.7377517
7,383.14,1742519866.7377517
0,375.425,1742519866.7878723
1,366.334,1742519866.7878723
2,378.849,1742519866.7878723
3,375.897,1742519866.7878723
4,365.508,1742519866.7878723
5,375.711,1742519866.7878723
6,368.183,1742519866.7878723
7,381.145,1742519866.7878723
0,375.425,1742519866.8380089
1,366.334,1742519866.8380089
2,377.915,1742519866.8380089
3,371.796,1742519866.8380089
4,365.508,1742519866.8380089
5,372.562,1742519866.8380089
6,368.183,1742519866.8380089
7,381.145,1742519866.8380089
0,373.489,1742519866.888149
1,364.188,1742519866.888149
2,377.915,1742519866.888149
3,371.796,1742519866.888149
4,366.308,1742519866.888149
5,372.562,1742519866.888149
6,367.809,1742519866.888149
7,382.025,1742519866.888149
0,373.489,1742519866.9382732
1,364.188,1742519866.9382732
2,376.202,1742519866.9382732
3,371.935,1742519866.9382732
4,366.308,1742519866.9382732
5,372.44,1742519866.9382732
6,367.809,1742519866.9382732
7,382.025,1742519866.9382732
0,375.796,1742519866.9884052
1,363.616,1742519866.9884052
2,376.202,1742519866.9884052
3,371.935,1742519866.9884052
4,363.782,1742519866.9884052
5,372.44,1742519866.9884052
6,366.585,1742519866.9884052
7,380.702,1742519866.9884052
0,375.796,1742519867.038541
1,363.616,1742519867.038541
2,375.424,1742519867.038541
3,371.593,1742519867.038541
4,363.782,1742519867.038541
5,373.843,1742519867.038541
6,366.585,1742519867.038541
7,380.702,1742519867.038541
0,374.976,1742519867.088679
1,363.785,1742519867.088679
2,375.424,1742519867.088679
3,371.593,1742519867.088679
4,363.977,1742519867.088679
5,373.843,1742519867.088679
6,366.353,1742519867.088679
7,381.722,1742519867.088679
0,374.976,1742519867.1387718
1,363.785,1742519867.1387718
2,374.387,1742519867.1387718
3,371.714,1742519867.1387718
4,363.977,1742519867.1387718
5,374.528,1742519867.1387718
6,366.353,1742519867.1387718
7,381.722,1742519867.1387718
0,375.509,1742519867.188905
1,364.891,1742519867.188905
2,374.387,1742519867.188905
3,371.714,1742519867.188905
4,363.869,1742519867.188905
5,374.528,1742519867.188905
6,367.83,1742519867.188905
7,381.11,1742519867.188905
0,375.509,1742519867.2390447
1,364.891,1742519867.2390447
2,373.73,1742519867.2390447
3,371.461,1742519867.2390447
4,363.869,1742519867.2390447
5,374.028,1742519867.2390447
6,367.83,1742519867.2390447
7,381.11,1742519867.2390447
0,375.215,1742519867.2891686
1,365.991,1742519867.2891686
2,373.73,1742519867.2891686
3,371.461,1742519867.2891686
4,363.282,1742519867.2891686
5,374.028,1742519867.2891686
6,365.946,1742519867.2891686
7,382.438,1742519867.2891686
0,375.215,1742519867.3393016
1,365.991,1742519867.3393016
2,373.716,1742519867.3393016
3,372.501,1742519867.3393016
4,363.282,1742519867.3393016
5,374.346,1742519867.3393016
6,365.946,1742519867.3393016
7,382.438,1742519867.3393016
0,375.995,1742519867.389437
1,365.919,1742519867.389437
2,373.716,1742519867.389437
3,372.501,1742519867.389437
4,362.203,1742519867.389437
5,374.346,1742519867.389437
6,366.108,1742519867.389437
7,383.189,1742519867.389437
0,375.995,1742519867.4395688
1,365.919,1742519867.4395688
2,374.709,1742519867.4395688
3,372.017,1742519867.4395688
4,362.203,1742519867.4395688
5,375.155,1742519867.4395688
6,366.108,1742519867.4395688
7,383.189,1742519867.4395688
0,376.273,1742519867.4897256
1,366.271,1742519867.4897256
2,374.709,1742519867.4897256
3,372.017,1742519867.4897256
4,360.732,1742519867.4897256
5,375.155,1742519867.4897256
6,366.108,1742519867.4897256
7,383.609,1742519867.4897256
0,376.273,1742519867.53982
1,366.271,1742519867.53982
2,371.218,1742519867.53982
3,370.232,1742519867.53982
4,360.732,1742519867.53982
5,373.888,1742519867.53982
6,365.817,1742519867.53982
7,383.609,1742519867.53982
0,375.312,1742519867.5899434
1,365.468,1742519867.5899434
2,371.218,1742519867.5899434
3,370.232,1742519867.5899434
4,359.181,1742519867.5899434
5,373.888,1742519867.5899434
6,365.817,1742519867.5899434
7,383.617,1742519867.5899434
0,375.312,1742519867.640079
1,365.468,1742519867.640079
2,368.446,1742519867.640079
3,372.86,1742519867.640079
4,359.181,1742519867.640079
5,373.812,1742519867.640079
6,366.471,1742519867.640079
7,383.617,1742519867.640079
0,377.269,1742519867.690203
1,367.815,1742519867.690203
2,368.446,1742519867.690203
3,372.86,1742519867.690203
4,359.909,1742519867.690203
5,373.812,1742519867.690203
6,366.471,1742519867.690203
7,384.813,1742519867.690203
0,377.269,1742519867.7403355
1,367.815,1742519867.7403355
2,369.678,1742519867.7403355
3,373.917,1742519867.7403355
4,359.909,1742519867.7403355
5,376.583,1742519867.7403355
6,368.724,1742519867.7403355
7,384.813,1742519867.7403355
0,378.375,1742519867.7904696
1,369.138,1742519867.7904696
2,369.678,1742519867.7904696
3,373.917,1742519867.7904696
4,360.569,1742519867.7904696
5,376.583,1742519867.7904696
6,368.724,1742519867.7904696
7,386.053,1742519867.7904696
0,378.375,1742519867.8406086
1,369.138,1742519867.8406086
2,370.603,1742519867.8406086
3,376.099,1742519867.8406086
4,360.569,1742519867.8406086
5,378.482,1742519867.8406086
6,367.867,1742519867.8406086
7,386.053,1742519867.8406086
0,381.453,1742519867.8907402
1,372.257,1742519867.8907402
2,370.603,1742519867.8907402
3,376.099,1742519867.8907402
4,359.701,1742519867.8907402
5,378.482,1742519867.8907402
6,367.867,1742519867.8907402
7,385.825,1742519867.8907402
0,381.453,1742519867.9408314
1,372.257,1742519867.9408314
2,372.486,1742519867.9408314
3,375.125,1742519867.9408314
4,359.701,1742519867.9408314
5,378.809,1742519867.9408314
6,367.227,1742519867.9408314
7,385.825,1742519867.9408314
0,379.668,1742519867.9909647
1,372.449,1742519867.9909647
2,372.486,1742519867.9909647
3,375.125,1742519867.9909647
4,359.686,1742519867.9909647
5,378.809,1742519867.9909647
6,367.227,1742519867.9909647
7,387.323,1742519867.9909647
0,379.668,1742519868.0410905
1,372.449,1742519868.0410905
2,374.692,1742519868.0410905
3,375.794,1742519868.0410905
4,359.686,1742519868.0410905
5,378.912,1742519868.0410905
6,366.805,1742519868.0410905
7,387.323,1742519868.0410905
0,379.021,1742519868.0912294
1,371.596,1742519868.0912294
2,374.692,1742519868.0912294
3,375.794,1742519868.0912294
4,360.265,1742519868.0912294
5,378.912,1742519868.0912294
6,366.805,1742519868.0912294
7,385.441,1742519868.0912294
0,379.021,1742519868.141368
1,371.596,1742519868.141368
2,379.173,1742519868.141368
3,375.535,1742519868.141368
4,360.265,1742519868.141368
5,378.748,1742519868.141368
6,366.708,1742519868.141368
7,385.441,1742519868.141368
0,379.602,1742519868.1915033
1,369.684,1742519868.1915033
2,379.173,1742519868.1915033
3,375.535,1742519868.1915033
4,360.224,1742519868.1915033
5,378.748,1742519868.1915033
6,366.708,1742519868.1915033
7,385.309,1742519868.1915033
0,379.602,1742519868.2416399
1,369.684,1742519868.2416399
2,380.227,1742519868.2416399
3,376.008,1742519868.2416399
4,360.224,1742519868.2416399
5,379.715,1742519868.2416399
6,367.615,1742519868.2416399
7,385.309,1742519868.2416399
0,378.537,1742519868.291774
1,368.868,1742519868.291774
2,380.227,1742519868.291774
3,376.008,1742519868.291774
4,360.854,1742519868.291774
5,379.715,1742519868.291774
6,367.615,1742519868.291774
7,385.412,1742519868.291774
0,378.537,1742519868.3418674
1,368.868,1742519868.3418674
2,377.194,1742519868.3418674
3,375.393,1742519868.3418674
4,360.854,1742519868.3418674
5,380.323,1742519868.3418674
6,367.725,1742519868.3418674
7,385.412,1742519868.3418674
0,377.626,1742519868.3920028
1,369.711,1742519868.3920028
2,377.194,1742519868.3920028
3,375.393,1742519868.3920028
4,361.3,1742519868.3920028
5,380.323,1742519868.3920028
6,367.725,1742519868.3920028
7,385.042,1742519868.3920028
0,377.626,1742519868.4421384
1,369.711,1742519868.4421384
2,377.982,1742519868.4421384
3,374.096,1742519868.4421384
4,361.3,1742519868.4421384
5,379.384,1742519868.4421384
6,366.882,1742519868.4421384
7,385.042,1742519868.4421384
0,376.478,1742519868.4922745
1,368.33,1742519868.4922745
2,377.982,1742519868.4922745
3,374.096,1742519868.4922745
4,362.107,1742519868.4922745
5,379.384,1742519868.4922745
6,366.882,1742519868.4922745
7,383.914,1742519868.4922745
0,376.478,1742519868.5424106
1,368.33,1742519868.5424106
2,378.705,1742519868.5424106
3,375.129,1742519868.5424106
4,362.107,1742519868.5424106
5,379.402,1742519868.5424106
6,369.126,1742519868.5424106
7,383.914,1742519868.5424106
0,376.777,1742519868.592545
1,370.877,1742519868.592545
2,378.705,1742519868.592545
3,375.129,1742519868.592545
4,362.77,1742519868.592545
5,379.402,1742519868.592545
6,369.126,1742519868.592545
7,385.561,1742519868.592545
0,376.777,1742519868.6426828
1,370.877,1742519868.6426828
2,379.074,1742519868.6426828
3,376.012,1742519868.6426828
4,362.77,1742519868.6426828
5,379.438,1742519868.6426828
6,368.154,1742519868.6426828
7,385.561,1742519868.6426828
0,377.457,1742519868.6928172
1,371.37,1742519868.6928172
2,379.074,1742519868.6928172
3,376.012,1742519868.6928172
4,362.738,1742519868.6928172
5,379.438,1742519868.6928172
6,368.154,1742519868.6928172
7,385.13,1742519868.6928172
0,377.457,1742519868.7429092
1,371.37,1742519868.7429092
2,377.08,1742519868.7429092
3,375.865,1742519868.7429092
4,362.738,1742519868.7429092
5,382.041,1742519868.7429092
6,368.534,1742519868.7429092
7,385.13,1742519868.7429092
0,377.104,1742519868.7930312
1,370.544,1742519868.7930312
2,377.08,1742519868.7930312
3,375.865,1742519868.7930312
4,361.952,1742519868.7930312
5,382.041,1742519868.7930312
6,368.534,1742519868.7930312
7,384.862,1742519868.7930312
0,377.104,1742519868.8431644
1,370.544,1742519868.8431644
2,377.178,1742519868.8431644
3,377.403,1742519868.8431644
4,361.952,1742519868.8431644
5,382.723,1742519868.8431644
6,369.044,1742519868.8431644
7,384.862,1742519868.8431644
0,376.494,1742519868.8933241
1,373.138,1742519868.8933241
2,377.178,1742519868.8933241
3,377.403,1742519868.8933241
4,362.259,1742519868.8933241
5,382.723,1742519868.8933241
6,369.044,1742519868.8933241
7,385.269,1742519868.8933241
0,376.494,1742519868.9434588
1,373.138,1742519868.9434588
2,377.728,1742519868.9434588
3,377.897,1742519868.9434588
4,362.259,1742519868.9434588
5,383.117,1742519868.9434588
6,369.743,1742519868.9434588
7,385.269,1742519868.9434588
0,378.104,1742519868.993587
1,374.529,1742519868.993587
2,377.728,1742519868.993587
3,377.897,1742519868.993587
4,362.435,1742519868.993587
5,383.117,1742519868.993587
6,369.743,1742519868.993587
7,385.567,1742519868.993587
0,378.104,1742519869.0437129
1,374.529,1742519869.0437129
2,375.681,1742519869.0437129
3,381.529,1742519869.0437129
4,362.435,1742519869.0437129
5,382.809,1742519869.0437129
6,371.321,1742519869.0437129
7,385.567,1742519869.0437129
0,378.514,1742519869.0938385
1,375.208,1742519869.0938385
2,375.681,1742519869.0938385
3,381.529,1742519869.0938385
4,361.743,1742519869.0938385
5,382.809,1742519869.0938385
6,371.321,1742519869.0938385
7,386.622,1742519869.0938385
0,378.514,1742519869.1439283
1,375.208,1742519869.1439283
2,375.384,1742519869.1439283
3,382.586,1742519869.1439283
4,361.743,1742519869.1439283
5,383.85,1742519869.1439283
6,370.99,1742519869.1439283
7,386.622,1742519869.1439283
0,379.977,1742519869.1940548
1,375.793,1742519869.1940548
2,375.384,1742519869.1940548
3,382.586,1742519869.1940548
4,361.876,1742519869.1940548
5,383.85,1742519869.1940548
6,370.99,1742519869.1940548
7,387.154,1742519869.1940548
0,379.977,1742519869.24418
1,375.793,1742519869.24418
2,371.884,1742519869.24418
3,382.389,1742519869.24418
4,361.876,1742519869.24418
5,383.912,1742519869.24418
6,370.959,1742519869.24418
7,387.154,1742519869.24418
0,380.853,1742519869.2943137
1,376.469,1742519869.2943137
2,371.884,1742519869.2943137
3,382.389,1742519869.2943137
4,360.702,1742519869.2943137
5,383.912,1742519869.2943137
6,370.959,1742519869.2943137
7,387.431,1742519869.2943137
0,380.853,1742519869.344448
1,376.469,1742519869.344448
2,374.353,1742519869.344448
3,384.111,1742519869.344448
4,360.702,1742519869.344448
5,384.013,1742519869.344448
6,371.312,1742519869.344448
7,387.431,1742519869.344448
0,382.393,1742519869.3945813
1,377.076,1742519869.3945813
2,374.353,1742519869.3945813
3,384.111,1742519869.3945813
4,360.646,1742519869.3945813
5,384.013,1742519869.3945813
6,371.312,1742519869.3945813
7,388.051,1742519869.3945813
0,382.393,1742519869.4447134
1,377.076,1742519869.4447134
2,373.013,1742519869.4447134
3,386.036,1742519869.4447134
4,360.646,1742519869.4447134
5,385.154,1742519869.4447134
6,372.006,1742519869.4447134
7,388.051,1742519869.4447134
0,383.244,1742519869.4948459
1,376.318,1742519869.4948459
2,373.013,1742519869.4948459
3,386.036,1742519869.4948459
4,361.49,1742519869.4948459
5,385.154,1742519869.4948459
6,372.006,1742519869.4948459
7,388.462,1742519869.4948459
0,383.244,1742519869.5449393
1,376.318,1742519869.5449393
2,373.443,1742519869.5449393
3,386.919,1742519869.5449393
4,361.49,1742519869.5449393
5,387.9,1742519869.5449393
6,371.534,1742519869.5449393
7,388.462,1742519869.5449393
0,382.334,1742519869.5950677
1,376.739,1742519869.5950677
2,373.443,1742519869.5950677
3,386.919,1742519869.5950677
4,361.398,1742519869.5950677
5,387.9,1742519869.5950677
6,371.534,1742519869.5950677
7,386.517,1742519869.5950677
0,382.334,1742519869.6451924
1,376.739,1742519869.6451924
2,372.09,1742519869.6451924
3,386.926,1742519869.6451924
4,361.398,1742519869.6451924
5,386.866,1742519869.6451924
6,373.333,1742519869.6451924
7,386.517,1742519869.6451924
0,382.286,1742519869.695325
1,375.07,1742519869.695325
2,372.09,1742519869.695325
3,386.926,1742519869.695325
4,363.307,1742519869.695325
5,386.866,1742519869.695325
6,373.333,1742519869.695325
7,385.952,1742519869.695325
0,382.286,1742519869.7454598
1,375.07,1742519869.7454598
2,373.281,1742519869.7454598
3,387.524,1742519869.7454598
4,363.307,1742519869.7454598
5,386.177,1742519869.7454598
6,373.964,1742519869.7454598
7,385.952,1742519869.7454598
0,382.585,1742519869.7955937
1,374.154,1742519869.7955937
2,373.281,1742519869.7955937
3,387.524,1742519869.7955937
4,365.306,1742519869.7955937
5,386.177,1742519869.7955937
6,373.964,1742519869.7955937
7,386.354,1742519869.7955937
0,382.585,1742519869.845747
1,374.154,1742519869.845747
2,373.194,1742519869.845747
3,387.224,1742519869.845747
4,365.306,1742519869.845747
5,387.214,1742519869.845747
6,375.059,1742519869.845747
7,386.354,1742519869.845747
0,381.653,1742519869.895879
1,372.646,1742519869.895879
2,373.194,1742519869.895879
3,387.224,1742519869.895879
4,366.638,1742519869.895879
5,387.214,1742519869.895879
6,375.059,1742519869.895879
7,384.744,1742519869.895879
0,381.653,1742519869.9460058
1,372.646,1742519869.9460058
2,374.097,1742519869.9460058
3,387.779,1742519869.9460058
4,366.638,1742519869.9460058
5,383.108,1742519869.9460058
6,375.05,1742519869.9460058
7,384.744,1742519869.9460058
0,380.416,1742519869.9961445
1,370.304,1742519869.9961445
2,374.097,1742519869.9961445
3,387.779,1742519869.9961445
4,365.987,1742519869.9961445
5,383.108,1742519869.9961445
6,375.05,1742519869.9961445
7,383.424,1742519869.9961445
0,380.416,1742519870.046276
1,370.304,1742519870.046276
2,371.879,1742519870.046276
3,384.371,1742519870.046276
4,365.987,1742519870.046276
5,383.011,1742519870.046276
6,375.475,1742519870.046276
7,383.424,1742519870.046276
0,380.756,1742519870.0964036
1,370.304,1742519870.0964036
2,371.879,1742519870.0964036
3,384.371,1742519870.0964036
4,366.337,1742519870.0964036
5,383.011,1742519870.0964036
6,375.475,1742519870.0964036
7,382.747,1742519870.0964036
0,380.756,1742519870.1465619
1,368.914,1742519870.1465619
2,371.395,1742519870.1465619
3,383.207,1742519870.1465619
4,366.337,1742519870.1465619
5,382.504,1742519870.1465619
6,374.75,1742519870.1465619
7,382.747,1742519870.1465619
0,379.674,1742519870.196684
1,368.914,1742519870.196684
2,371.395,1742519870.196684
3,383.207,1742519870.196684
4,365.162,1742519870.196684
5,382.504,1742519870.196684
6,374.75,1742519870.196684
7,381.919,1742519870.196684
0,379.674,1742519870.246811
1,369.574,1742519870.246811
2,372.396,1742519870.246811
3,381.985,1742519870.246811
4,365.162,1742519870.246811
5,382.451,1742519870.246811
6,372.115,1742519870.246811
7,381.919,1742519870.246811
0,379.311,1742519870.2969334
1,369.574,1742519870.2969334
2,372.396,1742519870.2969334
3,381.985,1742519870.2969334
4,364.392,1742519870.2969334
5,382.451,1742519870.2969334
6,372.115,1742519870.2969334
7,380.674,1742519870.2969334
0,379.311,1742519870.3470352
1,367.04,1742519870.3470352
2,372.342,1742519870.3470352
3,379.604,1742519870.3470352
4,364.392,1742519870.3470352
5,380.914,1742519870.3470352
6,371.012,1742519870.3470352
7,380.674,1742519870.3470352
0,377.623,1742519870.3971705
1,367.04,1742519870.3971705
2,372.342,1742519870.3971705
3,379.604,1742519870.3971705
4,363.506,1742519870.3971705
5,380.914,1742519870.3971705
6,371.012,1742519870.3971705
7,378.821,1742519870.3971705
0,377.623,1742519870.4473112
1,365.946,1742519870.4473112
2,372.399,1742519870.4473112
3,377.98,1742519870.4473112
4,363.506,1742519870.4473112
5,378.852,1742519870.4473112
6,367.323,1742519870.4473112
7,378.821,1742519870.4473112
0,377.345,1742519870.497437
1,365.946,1742519870.497437
2,372.399,1742519870.497437
3,377.98,1742519870.497437
4,362.505,1742519870.497437
5,378.852,1742519870.497437
6,367.323,1742519870.497437
7,377.182,1742519870.497437
0,377.345,1742519870.5475614
1,366.772,1742519870.5475614
2,371.203,1742519870.5475614
3,374.62,1742519870.5475614
4,362.505,1742519870.5475614
5,376.245,1742519870.5475614
6,367.763,1742519870.5475614
7,377.182,1742519870.5475614
0,376.217,1742519870.5976832
1,366.772,1742519870.5976832
2,371.203,1742519870.5976832
3,374.62,1742519870.5976832
4,362.551,1742519870.5976832
5,376.245,1742519870.5976832
6,367.763,1742519870.5976832
7,374.867,1742519870.5976832
0,376.217,1742519870.647854
1,364.475,1742519870.647854
2,369.063,1742519870.647854
3,372.481,1742519870.647854
4,362.551,1742519870.647854
5,375.604,1742519870.647854
6,367.312,1742519870.647854
7,374.867,1742519870.647854
0,375.163,1742519870.6979868
1,364.475,1742519870.6979868
2,369.063,1742519870.6979868
3,372.481,1742519870.6979868
4,361.697,1742519870.6979868
5,375.604,1742519870.6979868
6,367.312,1742519870.6979868
7,374.908,1742519870.6979868
0,375.163,1742519870.7480774
1,362.302,1742519870.7480774
2,367.071,1742519870.7480774
3,370.956,1742519870.7480774
4,361.697,1742519870.7480774
5,376.574,1742519870.7480774
6,367.221,1742519870.7480774
7,374.908,1742519870.7480774
0,376.484,1742519870.7982125
1,362.302,1742519870.7982125
2,367.071,1742519870.7982125
3,370.956,1742519870.7982125
4,361.212,1742519870.7982125
5,376.574,1742519870.7982125
6,367.221,1742519870.7982125
7,375.492,1742519870.7982125
0,376.484,1742519870.8484154
1,362.793,1742519870.8484154
2,366.185,1742519870.8484154
3,370.521,1742519870.8484154
4,361.212,1742519870.8484154
5,376.94,1742519870.8484154
6,363.26,1742519870.8484154
7,375.492,1742519870.8484154
0,377.081,1742519870.8985398
1,362.793,1742519870.8985398
2,366.185,1742519870.8985398
3,370.521,1742519870.8985398
4,359.891,1742519870.8985398
5,376.94,1742519870.8985398
6,363.26,1742519870.8985398
7,377.485,1742519870.8985398
0,377.081,1742519870.9486651
1,363.089,1742519870.9486651
2,365.746,1742519870.9486651
3,370.567,1742519870.9486651
4,359.891,1742519870.9486651
5,378.577,1742519870.9486651
6,364.582,1742519870.9486651
7,377.485,1742519870.9486651
0,378.0,1742519870.9987917
1,363.089,1742519870.9987917
2,365.746,1742519870.9987917
3,370.567,1742519870.9987917
4,360.465,1742519870.9987917
5,378.577,1742519870.9987917
6,364.582,1742519870.9987917
7,379.206,1742519870.9987917
0,378.0,1742519871.0489173
1,364.654,1742519871.0489173
2,365.311,1742519871.0489173
3,373.221,1742519871.0489173
4,360.465,1742519871.0489173
5,375.672,1742519871.0489173
6,363.203,1742519871.0489173
7,379.206,1742519871.0489173
0,376.413,1742519871.0990503
1,364.654,1742519871.0990503
2,365.311,1742519871.0990503
3,373.221,1742519871.0990503
4,359.742,1742519871.0990503
5,375.672,1742519871.0990503
6,363.203,1742519871.0990503
7,377.412,1742519871.0990503
0,376.413,1742519871.1491413
1,364.473,1742519871.1491413
2,364.998,1742519871.1491413
3,371.668,1742519871.1491413
4,359.742,1742519871.1491413
5,374.779,1742519871.1491413
6,362.01,1742519871.1491413
7,377.412,1742519871.1491413
0,375.226,1742519871.1992621
1,364.473,1742519871.1992621
2,364.998,1742519871.1992621
3,371.668,1742519871.1992621
4,360.926,1742519871.1992621
5,374.779,1742519871.1992621
6,362.01,1742519871.1992621
7,376.606,1742519871.1992621
0,375.226,1742519871.2494483
1,362.235,1742519871.2494483
2,363.878,1742519871.2494483
3,370.629,1742519871.2494483
4,360.926,1742519871.2494483
5,372.76,1742519871.2494483
6,363.836,1742519871.2494483
7,376.606,1742519871.2494483
0,374.299,1742519871.299583
1,362.235,1742519871.299583
2,363.878,1742519871.299583
3,370.629,1742519871.299583
4,361.115,1742519871.299583
5,372.76,1742519871.299583
6,363.836,1742519871.299583
7,375.747,1742519871.299583
0,374.299,1742519871.3497257
1,362.904,1742519871.3497257
2,364.405,1742519871.3497257
3,370.536,1742519871.3497257
4,361.115,1742519871.3497257
5,373.418,1742519871.3497257
6,365.23,1742519871.3497257
7,375.747,1742519871.3497257
0,375.119,1742519871.3998256
1,362.904,1742519871.3998256
2,364.405,1742519871.3998256
3,370.536,1742519871.3998256
4,362.427,1742519871.3998256
5,373.418,1742519871.3998256
6,365.23,1742519871.3998256
7,376.551,1742519871.3998256
0,375.119,1742519871.4499583
1,362.427,1742519871.4499583
2,360.75,1742519871.4499583
3,369.958,1742519871.4499583
4,362.427,1742519871.4499583
5,373.222,1742519871.4499583
6,367.399,1742519871.4499583
7,376.551,1742519871.4499583
0,374.893,1742519871.500128
1,362.427,1742519871.500128
2,360.75,1742519871.500128
3,369.958,1742519871.500128
4,362.009,1742519871.500128
5,373.222,1742519871.500128
6,367.399,1742519871.500128
7,378.039,1742519871.500128
0,374.893,1742519871.5502512
1,363.488,1742519871.5502512
2,362.645,1742519871.5502512
3,370.943,1742519871.5502512
4,362.009,1742519871.5502512
5,374.447,1742519871.5502512
6,367.299,1742519871.5502512
7,378.039,1742519871.5502512
0,376.144,1742519871.600349
1,363.488,1742519871.600349
2,362.645,1742519871.600349
3,370.943,1742519871.600349
4,363.202,1742519871.600349
5,374.447,1742519871.600349
6,367.299,1742519871.600349
7,379.706,1742519871.600349
0,376.144,1742519871.6504798
1,364.079,1742519871.6504798
2,365.235,1742519871.6504798
3,370.479,1742519871.6504798
4,363.202,1742519871.6504798
5,374.015,1742519871.6504798
6,365.251,1742519871.6504798
7,379.706,1742519871.6504798
0,376.614,1742519871.7006073
1,364.079,1742519871.7006073
2,365.235,1742519871.7006073
3,370.479,1742519871.7006073
4,363.206,1742519871.7006073
5,374.015,1742519871.7006073
6,365.251,1742519871.7006073
7,379.761,1742519871.7006073
0,376.614,1742519871.7507315
1,363.003,1742519871.7507315
2,367.153,1742519871.7507315
3,370.25,1742519871.7507315
4,363.206,1742519871.7507315
5,373.087,1742519871.7507315
6,363.931,1742519871.7507315
7,379.761,1742519871.7507315
0,375.941,1742519871.8008664
1,363.003,1742519871.8008664
2,367.153,1742519871.8008664
3,370.25,1742519871.8008664
4,362.143,1742519871.8008664
5,373.087,1742519871.8008664
6,363.931,1742519871.8008664
7,379.519,1742519871.8008664
0,375.941,1742519871.8509994
1,364.372,1742519871.8509994
2,367.906,1742519871.8509994
3,370.187,1742519871.8509994
4,362.143,1742519871.8509994
5,374.417,1742519871.8509994
6,365.206,1742519871.8509994
7,379.519,1742519871.8509994
0,375.852,1742519871.9011495
1,364.372,1742519871.9011495
2,367.906,1742519871.9011495
3,370.187,1742519871.9011495
4,361.226,1742519871.9011495
5,374.417,1742519871.9011495
6,365.206,1742519871.9011495
7,378.979,1742519871.9011495
0,375.852,1742519871.9512825
1,364.143,1742519871.9512825
2,369.659,1742519871.9512825
3,370.953,1742519871.9512825
4,361.226,1742519871.9512825
5,371.847,1742519871.9512825
6,366.199,1742519871.9512825
7,378.979,1742519871.9512825
0,374.541,1742519872.0014093
1,364.143,1742519872.0014093
2,369.659,1742519872.0014093
3,370.953,1742519872.0014093
4,361.229,1742519872.0014093
5,371.847,1742519872.0014093
6,366.199,1742519872.0014093
7,378.618,1742519872.0014093
0,374.541,1742519872.0515501
1,364.536,1742519872.0515501
2,370.258,1742519872.0515501
3,370.955,1742519872.0515501
4,361.229,1742519872.0515501
5,372.072,1742519872.0515501
6,365.986,1742519872.0515501
7,378.618,1742519872.0515501
0,374.295,1742519872.1017022
1,364.536,1742519872.1017022
2,370.258,1742519872.1017022
3,370.955,1742519872.1017022
4,361.174,1742519872.1017022
5,372.072,1742519872.1017022
6,365.986,1742519872.1017022
7,378.753,1742519872.1017022
0,374.295,1742519872.1518164
1,365.361,1742519872.1518164
2,373.916,1742519872.1518164
3,372.569,1742519872.1518164
4,361.174,1742519872.1518164
5,373.297,1742519872.1518164
6,367.227,1742519872.1518164
7,378.753,1742519872.1518164
0,376.978,1742519872.2020233
1,365.361,1742519872.2020233
2,373.916,1742519872.2020233
3,372.569,1742519872.2020233
4,360.623,1742519872.2020233
5,373.297,1742519872.2020233
6,367.227,1742519872.2020233
7,379.244,1742519872.2020233
0,376.978,1742519872.2521565
1,365.694,1742519872.2521565
2,375.046,1742519872.2521565
3,373.886,1742519872.2521565
4,360.623,1742519872.2521565
5,375.429,1742519872.2521565
6,367.886,1742519872.2521565
7,379.244,1742519872.2521565
0,376.681,1742519872.3022912
1,365.694,1742519872.3022912
2,375.046,1742519872.3022912
3,373.886,1742519872.3022912
4,361.388,1742519872.3022912
5,375.429,1742519872.3022912
6,367.886,1742519872.3022912
7,381.108,1742519872.3022912
0,376.681,1742519872.3524237
1,367.043,1742519872.3524237
2,377.269,1742519872.3524237
3,374.065,1742519872.3524237
4,361.388,1742519872.3524237
5,374.947,1742519872.3524237
6,367.523,1742519872.3524237
7,381.108,1742519872.3524237
0,375.76,1742519872.4026682
1,367.043,1742519872.4026682
2,377.269,1742519872.4026682
3,374.065,1742519872.4026682
4,361.347,1742519872.4026682
5,374.947,1742519872.4026682
6,367.523,1742519872.4026682
7,380.999,1742519872.4026682
0,375.76,1742519872.4528103
1,367.318,1742519872.4528103
2,379.178,1742519872.4528103
3,373.591,1742519872.4528103
4,361.347,1742519872.4528103
5,375.404,1742519872.4528103
6,369.228,1742519872.4528103
7,380.999,1742519872.4528103
0,377.027,1742519872.5029447
1,367.318,1742519872.5029447
2,379.178,1742519872.5029447
3,373.591,1742519872.5029447
4,361.77,1742519872.5029447
5,375.404,1742519872.5029447
6,369.228,1742519872.5029447
7,380.681,1742519872.5029447
0,377.027,1742519872.553081
1,366.646,1742519872.553081
2,379.206,1742519872.553081
3,374.171,1742519872.553081
4,361.77,1742519872.553081
5,374.486,1742519872.553081
6,370.66,1742519872.553081
7,380.681,1742519872.553081
0,374.611,1742519872.6032145
1,366.646,1742519872.6032145
2,379.206,1742519872.6032145
3,374.171,1742519872.6032145
4,361.872,1742519872.6032145
5,374.486,1742519872.6032145
6,370.66,1742519872.6032145
7,378.852,1742519872.6032145
0,374.611,1742519872.653347
1,365.473,1742519872.653347
2,378.829,1742519872.653347
3,374.569,1742519872.653347
4,361.872,1742519872.653347
5,375.71,1742519872.653347
6,371.542,1742519872.653347
7,378.852,1742519872.653347
0,375.392,1742519872.703482
1,365.473,1742519872.703482
2,378.829,1742519872.703482
3,374.569,1742519872.703482
4,361.948,1742519872.703482
5,375.71,1742519872.703482
6,371.542,1742519872.703482
7,380.478,1742519872.703482
0,375.392,1742519872.753615
1,366.247,1742519872.753615
2,377.655,1742519872.753615
3,374.936,1742519872.753615
4,361.948,1742519872.753615
5,375.71,1742519872.753615
6,373.54,1742519872.753615
7,380.478,1742519872.753615
0,375.903,1742519872.8037186
1,366.247,1742519872.8037186
2,377.655,1742519872.8037186
3,374.936,1742519872.8037186
4,363.48,1742519872.8037186
5,376.486,1742519872.8037186
6,373.54,1742519872.8037186
7,380.699,1742519872.8037186
0,375.903,1742519872.8538492
1,366.023,1742519872.8538492
2,378.041,1742519872.8538492
3,374.69,1742519872.8538492
4,363.48,1742519872.8538492
5,376.486,1742519872.8538492
6,373.598,1742519872.8538492
7,380.699,1742519872.8538492
0,375.486,1742519872.904045
1,366.023,1742519872.904045
2,378.041,1742519872.904045
3,374.69,1742519872.904045
4,363.621,1742519872.904045
5,376.928,1742519872.904045
6,373.598,1742519872.904045
7,380.492,1742519872.904045
0,375.486,1742519872.9541688
1,366.394,1742519872.9541688
2,378.606,1742519872.9541688
3,375.145,1742519872.9541688
4,363.621,1742519872.9541688
5,376.928,1742519872.9541688
6,372.428,1742519872.9541688
7,380.492,1742519872.9541688
0,376.244,1742519873.004301
1,366.394,1742519873.004301
2,378.606,1742519873.004301
3,375.145,1742519873.004301
4,363.994,1742519873.004301
5,376.112,1742519873.004301
6,372.428,1742519873.004301
7,381.258,1742519873.004301
0,376.244,1742519873.0544252
1,366.17,1742519873.0544252
2,379.011,1742519873.0544252
3,375.08,1742519873.0544252
4,363.994,1742519873.0544252
5,376.112,1742519873.0544252
6,372.282,1742519873.0544252
7,381.258,1742519873.0544252
0,376.687,1742519873.1045902
1,366.17,1742519873.1045902
2,379.011,1742519873.1045902
3,375.08,1742519873.1045902
4,366.086,1742519873.1045902
5,377.406,1742519873.1045902
6,372.282,1742519873.1045902
7,380.47,1742519873.1045902
0,376.687,1742519873.1547275
1,366.625,1742519873.1547275
2,377.873,1742519873.1547275
3,374.488,1742519873.1547275
4,366.086,1742519873.1547275
5,377.406,1742519873.1547275
6,372.5,1742519873.1547275
7,380.47,1742519873.1547275
0,376.004,1742519873.2048643
1,366.625,1742519873.2048643
2,377.873,1742519873.2048643
3,374.488,1742519873.2048643
4,363.854,1742519873.2048643
5,376.635,1742519873.2048643
6,372.5,1742519873.2048643
7,380.569,1742519873.2048643
0,376.004,1742519873.2550085
1,366.094,1742519873.2550085
2,379.39,1742519873.2550085
3,375.118,1742519873.2550085
4,363.854,1742519873.2550085
5,376.635,1742519873.2550085
6,372.856,1742519873.2550085
7,380.569,1742519873.2550085
0,376.095,1742519873.305169
1,366.094,1742519873.305169
2,379.39,1742519873.305169
3,375.118,1742519873.305169
4,365.648,1742519873.305169
5,378.613,1742519873.305169
6,372.856,1742519873.305169
7,380.854,1742519873.305169
0,376.095,1742519873.3553052
1,367.365,1742519873.3553052
2,379.835,1742519873.3553052
3,376.44,1742519873.3553052
4,365.648,1742519873.3553052
5,380.244,1742519873.3553052
6,372.978,1742519873.3553052
7,380.854,1742519873.3553052
0,377.008,1742519873.4054425
1,367.365,1742519873.4054425
2,379.835,1742519873.4054425
3,376.44,1742519873.4054425
4,365.275,1742519873.4054425
5,380.244,1742519873.4054425
6,372.978,1742519873.4054425
7,381.775,1742519873.4054425
0,377.008,1742519873.4555452
1,369.496,1742519873.4555452
2,380.201,1742519873.4555452
3,376.89,1742519873.4555452
4,365.275,1742519873.4555452
5,381.997,1742519873.4555452
6,372.822,1742519873.4555452
7,381.775,1742519873.4555452
0,378.93,1742519873.5058079
1,369.496,1742519873.5058079
2,380.201,1742519873.5058079
3,376.89,1742519873.5058079
4,364.603,1742519873.5058079
5,381.997,1742519873.5058079
6,372.822,1742519873.5058079
7,383.047,1742519873.5058079
0,378.93,1742519873.5558932
1,371.371,1742519873.5558932
2,379.315,1742519873.5558932
3,377.629,1742519873.5558932
4,364.603,1742519873.5558932
5,382.713,1742519873.5558932
6,372.006,1742519873.5558932
7,383.047,1742519873.5558932
0,380.406,1742519873.6060116
1,371.371,1742519873.6060116
2,379.315,1742519873.6060116
3,377.629,1742519873.6060116
4,363.87,1742519873.6060116
5,382.713,1742519873.6060116
6,372.006,1742519873.6060116
7,384.563,1742519873.6060116
0,380.406,1742519873.6561544
1,372.559,1742519873.6561544
2,378.629,1742519873.6561544
3,377.974,1742519873.6561544
4,363.87,1742519873.6561544
5,384.591,1742519873.6561544
6,371.999,1742519873.6561544
7,384.563,1742519873.6561544
0,381.69,1742519873.7062771
1,372.559,1742519873.7062771
2,378.629,1742519873.7062771
3,377.974,1742519873.7062771
4,364.043,1742519873.7062771
5,384.591,1742519873.7062771
6,371.999,1742519873.7062771
7,386.738,1742519873.7062771
0,381.69,1742519873.7563996
1,373.881,1742519873.7563996
2,379.564,1742519873.7563996
3,378.543,1742519873.7563996
4,364.043,1742519873.7563996
5,384.552,1742519873.7563996
6,370.681,1742519873.7563996
7,386.738,1742519873.7563996
0,382.297,1742519873.8065863
1,373.881,1742519873.8065863
2,379.564,1742519873.8065863
3,378.543,1742519873.8065863
4,365.145,1742519873.8065863
5,384.552,1742519873.8065863
6,370.681,1742519873.8065863
7,387.238,1742519873.8065863
0,382.297,1742519873.856714
1,375.267,1742519873.856714
2,379.039,1742519873.856714
3,380.596,1742519873.856714
4,365.145,1742519873.856714
5,384.552,1742519873.856714
6,371.288,1742519873.856714
7,387.238,1742519873.856714
0,381.74,1742519873.9068487
1,375.267,1742519873.9068487
2,379.039,1742519873.9068487
3,380.596,1742519873.9068487
4,364.831,1742519873.9068487
5,387.18,1742519873.9068487
6,371.288,1742519873.9068487
7,388.036,1742519873.9068487
0,381.74,1742519873.9569392
1,375.471,1742519873.9569392
2,377.688,1742519873.9569392
3,380.074,1742519873.9569392
4,364.831,1742519873.9569392
5,387.18,1742519873.9569392
6,373.569,1742519873.9569392
7,388.036,1742519873.9569392
0,381.321,1742519874.0070765
1,375.471,1742519874.0070765
2,377.688,1742519874.0070765
3,380.074,1742519874.0070765
4,365.736,1742519874.0070765
5,388.584,1742519874.0070765
6,373.569,1742519874.0070765
7,387.49,1742519874.0070765
0,381.321,1742519874.0572147
1,375.549,1742519874.0572147
2,376.857,1742519874.0572147
3,380.647,1742519874.0572147
4,365.736,1742519874.0572147
5,388.584,1742519874.0572147
6,374.45,1742519874.0572147
7,387.49,1742519874.0572147
0,381.322,1742519874.107334
1,375.549,1742519874.107334
2,376.857,1742519874.107334
3,380.647,1742519874.107334
4,367.793,1742519874.107334
5,388.738,1742519874.107334
6,374.45,1742519874.107334
7,387.116,1742519874.107334
0,381.322,1742519874.1575158
1,376.309,1742519874.1575158
2,377.747,1742519874.1575158
3,381.335,1742519874.1575158
4,367.793,1742519874.1575158
5,388.738,1742519874.1575158
6,376.271,1742519874.1575158
7,387.116,1742519874.1575158
0,381.398,1742519874.2076366
1,376.309,1742519874.2076366
2,377.747,1742519874.2076366
3,381.335,1742519874.2076366
4,367.793,1742519874.2076366
5,388.17,1742519874.2076366
6,376.271,1742519874.2076366
7,388.802,1742519874.2076366
0,381.398,1742519874.257759
1,376.928,1742519874.257759
2,377.747,1742519874.257759
3,381.82,1742519874.257759
4,368.871,1742519874.257759
5,388.17,1742519874.257759
6,377.395,1742519874.257759
7,388.802,1742519874.257759
0,381.857,1742519874.3078797
1,376.928,1742519874.3078797
2,372.836,1742519874.3078797
3,381.82,1742519874.3078797
4,369.016,1742519874.3078797
5,386.992,1742519874.3078797
6,377.395,1742519874.3078797
7,389.076,1742519874.3078797
0,381.857,1742519874.357972
1,375.473,1742519874.357972
2,372.836,1742519874.357972
3,383.309,1742519874.357972
4,369.016,1742519874.357972
5,386.992,1742519874.357972
6,379.024,1742519874.357972
7,389.076,1742519874.357972
0,380.417,1742519874.408105
1,375.473,1742519874.408105
2,373.02,1742519874.408105
3,383.309,1742519874.408105
4,369.016,1742519874.408105
5,387.871,1742519874.408105
6,379.024,1742519874.408105
7,388.883,1742519874.408105
0,380.417,1742519874.458236
1,375.895,1742519874.458236
2,373.02,1742519874.458236
3,382.783,1742519874.458236
4,370.144,1742519874.458236
5,387.871,1742519874.458236
6,378.9,1742519874.458236
7,388.883,1742519874.458236
0,379.885,1742519874.508368
1,375.895,1742519874.508368
2,374.345,1742519874.508368
3,382.783,1742519874.508368
4,370.144,1742519874.508368
5,385.076,1742519874.508368
6,378.9,1742519874.508368
7,386.896,1742519874.508368
0,379.885,1742519874.5585022
1,375.3,1742519874.5585022
2,374.345,1742519874.5585022
3,383.349,1742519874.5585022
4,369.497,1742519874.5585022
5,385.076,1742519874.5585022
6,379.48,1742519874.5585022
7,386.896,1742519874.5585022
0,379.885,1742519874.608642
1,375.3,1742519874.608642
2,375.5,1742519874.608642
3,383.349,1742519874.608642
4,369.497,1742519874.608642
5,386.412,1742519874.608642
6,379.48,1742519874.608642
7,386.68,1742519874.608642
0,378.861,1742519874.6587698
1,374.092,1742519874.6587698
2,375.5,1742519874.6587698
3,383.326,1742519874.6587698
4,369.989,1742519874.6587698
5,386.412,1742519874.6587698
6,378.463,1742519874.6587698
7,386.68,1742519874.6587698
0,378.861,1742519874.708898
1,374.092,1742519874.708898
2,376.405,1742519874.708898
3,383.326,1742519874.708898
4,369.989,1742519874.708898
5,385.8,1742519874.708898
6,378.463,1742519874.708898
7,384.96,1742519874.708898
0,379.292,1742519874.7590306
1,374.288,1742519874.7590306
2,376.405,1742519874.7590306
3,382.586,1742519874.7590306
4,370.193,1742519874.7590306
5,385.8,1742519874.7590306
6,378.023,1742519874.7590306
7,384.96,1742519874.7590306
0,379.292,1742519874.8091624
1,374.288,1742519874.8091624
2,377.639,1742519874.8091624
3,382.586,1742519874.8091624
4,370.193,1742519874.8091624
5,385.505,1742519874.8091624
6,378.023,1742519874.8091624
7,384.96,1742519874.8091624
0,380.209,1742519874.8593063
1,371.9,1742519874.8593063
2,377.639,1742519874.8593063
3,381.708,1742519874.8593063
4,369.208,1742519874.8593063
5,385.505,1742519874.8593063
6,377.323,1742519874.8593063
7,384.731,1742519874.8593063
0,380.199,1742519874.9094343
1,371.9,1742519874.9094343
2,378.168,1742519874.9094343
3,381.708,1742519874.9094343
4,369.208,1742519874.9094343
5,383.77,1742519874.9094343
6,377.323,1742519874.9094343
7,384.731,1742519874.9094343
0,380.199,1742519874.95957
1,372.797,1742519874.95957
2,378.168,1742519874.95957
3,381.454,1742519874.95957
4,368.336,1742519874.95957
5,383.77,1742519874.95957
6,375.57,1742519874.95957
7,385.988,1742519874.95957
0,380.199,1742519875.009711
1,372.797,1742519875.009711
2,377.915,1742519875.009711
3,381.454,1742519875.009711
4,368.336,1742519875.009711
5,381.526,1742519875.009711
6,375.57,1742519875.009711
7,385.988,1742519875.009711
0,381.498,1742519875.059851
1,374.372,1742519875.059851
2,377.915,1742519875.059851
3,381.766,1742519875.059851
4,367.654,1742519875.059851
5,381.526,1742519875.059851
6,373.0,1742519875.059851
7,386.81,1742519875.059851
0,381.498,1742519875.1099837
1,374.372,1742519875.1099837
2,378.49,1742519875.1099837
3,381.766,1742519875.1099837
4,367.654,1742519875.1099837
5,382.244,1742519875.1099837
6,373.0,1742519875.1099837
7,386.81,1742519875.1099837
0,381.48,1742519875.1601152
1,375.943,1742519875.1601152
2,378.49,1742519875.1601152
3,381.717,1742519875.1601152
4,366.53,1742519875.1601152
5,382.244,1742519875.1601152
6,371.713,1742519875.1601152
7,387.754,1742519875.1601152
0,381.48,1742519875.2102394
1,375.943,1742519875.2102394
2,377.997,1742519875.2102394
3,381.717,1742519875.2102394
4,366.53,1742519875.2102394
5,381.301,1742519875.2102394
6,371.713,1742519875.2102394
7,387.754,1742519875.2102394
0,383.138,1742519875.2603652
1,376.322,1742519875.2603652
2,377.997,1742519875.2603652
3,381.717,1742519875.2603652
4,366.468,1742519875.2603652
5,381.301,1742519875.2603652
6,371.356,1742519875.2603652
7,389.29,1742519875.2603652
0,383.138,1742519875.3104985
1,376.322,1742519875.3104985
2,378.743,1742519875.3104985
3,381.023,1742519875.3104985
4,366.468,1742519875.3104985
5,384.114,1742519875.3104985
6,371.356,1742519875.3104985
7,389.29,1742519875.3104985
0,384.89,1742519875.360633
1,373.038,1742519875.360633
2,378.743,1742519875.360633
3,381.023,1742519875.360633
4,366.982,1742519875.360633
5,384.114,1742519875.360633
6,370.656,1742519875.360633
7,390.854,1742519875.360633
0,384.89,1742519875.4107578
1,373.038,1742519875.4107578
2,378.113,1742519875.4107578
3,381.264,1742519875.4107578
4,366.982,1742519875.4107578
5,385.705,1742519875.4107578
6,370.656,1742519875.4107578
7,390.854,1742519875.4107578
0,386.173,1742519875.4608958
1,372.594,1742519875.4608958
2,378.113,1742519875.4608958
3,381.264,1742519875.4608958
4,367.741,1742519875.4608958
5,385.705,1742519875.4608958
6,370.93,1742519875.4608958
7,390.497,1742519875.4608958
0,386.173,1742519875.511035
1,372.594,1742519875.511035
2,377.013,1742519875.511035
3,382.881,1742519875.511035
4,367.741,1742519875.511035
5,386.465,1742519875.511035
6,370.93,1742519875.511035
7,390.497,1742519875.511035
0,386.964,1742519875.5611765
1,372.376,1742519875.5611765
2,377.013,1742519875.5611765
3,382.881,1742519875.5611765
4,368.541,1742519875.5611765
5,386.465,1742519875.5611765
6,372.055,1742519875.5611765
7,391.09,1742519875.5611765
0,386.964,1742519875.611309
1,372.376,1742519875.611309
2,375.565,1742519875.611309
3,381.654,1742519875.611309
4,368.541,1742519875.611309
5,386.475,1742519875.611309
6,372.055,1742519875.611309
7,391.09,1742519875.611309
0,386.227,1742519875.661444
1,370.997,1742519875.661444
2,375.565,1742519875.661444
3,381.654,1742519875.661444
4,368.946,1742519875.661444
5,386.475,1742519875.661444
6,373.036,1742519875.661444
7,390.974,1742519875.661444
0,386.227,1742519875.711614
1,370.997,1742519875.711614
2,374.438,1742519875.711614
3,382.01,1742519875.711614
4,368.946,1742519875.711614
5,387.457,1742519875.711614
6,373.036,1742519875.711614
7,390.974,1742519875.711614
0,386.781,1742519875.7617505
1,370.026,1742519875.7617505
2,374.438,1742519875.7617505
3,382.01,1742519875.7617505
4,368.409,1742519875.7617505
5,387.457,1742519875.7617505
6,373.036,1742519875.7617505
7,391.781,1742519875.7617505
0,386.781,1742519875.8118887
1,370.026,1742519875.8118887
2,372.097,1742519875.8118887
3,382.116,1742519875.8118887
4,368.409,1742519875.8118887
5,388.685,1742519875.8118887
6,371.416,1742519875.8118887
7,391.781,1742519875.8118887
0,387.744,1742519875.8620267
1,370.256,1742519875.8620267
2,372.097,1742519875.8620267
3,382.116,1742519875.8620267
4,369.196,1742519875.8620267
5,388.685,1742519875.8620267
6,371.416,1742519875.8620267
7,392.563,1742519875.8620267
0,387.744,1742519875.9121618
1,370.256,1742519875.9121618
2,371.277,1742519875.9121618
3,381.276,1742519875.9121618
4,369.196,1742519875.9121618
5,387.422,1742519875.9121618
6,372.342,1742519875.9121618
7,392.563,1742519875.9121618
0,385.331,1742519875.9623003
1,369.114,1742519875.9623003
2,371.277,1742519875.9623003
3,381.276,1742519875.9623003
4,368.166,1742519875.9623003
5,387.422,1742519875.9623003
6,372.342,1742519875.9623003
7,391.544,1742519875.9623003
0,385.331,1742519876.0124323
1,369.114,1742519876.0124323
2,372.425,1742519876.0124323
3,380.557,1742519876.0124323
4,368.166,1742519876.0124323
5,386.471,1742519876.0124323
6,369.84,1742519876.0124323
7,391.544,1742519876.0124323
0,384.402,1742519876.0625703
1,366.424,1742519876.0625703
2,372.425,1742519876.0625703
3,380.557,1742519876.0625703
4,367.361,1742519876.0625703
5,386.471,1742519876.0625703
6,369.84,1742519876.0625703
7,389.267,1742519876.0625703
0,384.402,1742519876.112702
1,366.424,1742519876.112702
2,373.05,1742519876.112702
3,380.104,1742519876.112702
4,367.361,1742519876.112702
5,385.486,1742519876.112702
6,368.095,1742519876.112702
7,389.267,1742519876.112702
0,383.328,1742519876.162826
1,364.77,1742519876.162826
2,373.05,1742519876.162826
3,380.104,1742519876.162826
4,367.05,1742519876.162826
5,385.486,1742519876.162826
6,368.095,1742519876.162826
7,388.498,1742519876.162826
0,383.328,1742519876.21296
1,364.77,1742519876.21296
2,373.225,1742519876.21296
3,379.406,1742519876.21296
4,367.05,1742519876.21296
5,382.482,1742519876.21296
6,367.595,1742519876.21296
7,388.498,1742519876.21296
0,381.136,1742519876.2630873
1,363.332,1742519876.2630873
2,373.225,1742519876.2630873
3,379.406,1742519876.2630873
4,366.218,1742519876.2630873
5,382.482,1742519876.2630873
6,367.595,1742519876.2630873
7,384.894,1742519876.2630873
0,381.136,1742519876.3132102
1,363.332,1742519876.3132102
2,372.932,1742519876.3132102
3,377.297,1742519876.3132102
4,366.218,1742519876.3132102
5,381.293,1742519876.3132102
6,368.857,1742519876.3132102
7,384.894,1742519876.3132102
0,377.318,1742519876.3633397
1,364.46,1742519876.3633397
2,372.932,1742519876.3633397
3,377.297,1742519876.3633397
4,363.64,1742519876.3633397
5,381.293,1742519876.3633397
6,368.857,1742519876.3633397
7,382.898,1742519876.3633397
0,377.318,1742519876.4134815
1,364.46,1742519876.4134815
2,373.506,1742519876.4134815
3,374.449,1742519876.4134815
4,363.64,1742519876.4134815
5,378.667,1742519876.4134815
6,368.47,1742519876.4134815
7,382.898,1742519876.4134815
0,376.542,1742519876.4636178
1,363.7,1742519876.4636178
2,373.506,1742519876.4636178
3,374.449,1742519876.4636178
4,364.786,1742519876.4636178
5,378.667,1742519876.4636178
6,368.47,1742519876.4636178
7,381.784,1742519876.4636178
0,376.542,1742519876.5137436
1,363.7,1742519876.5137436
2,373.754,1742519876.5137436
3,373.521,1742519876.5137436
4,364.786,1742519876.5137436
5,378.077,1742519876.5137436
6,369.026,1742519876.5137436
7,381.784,1742519876.5137436
0,376.326,1742519876.5638685
1,362.612,1742519876.5638685
2,373.754,1742519876.5638685
3,373.521,1742519876.5638685
4,363.696,1742519876.5638685
5,378.077,1742519876.5638685
6,369.026,1742519876.5638685
7,380.164,1742519876.5638685
0,376.326,1742519876.6140008
1,362.612,1742519876.6140008
2,374.787,1742519876.6140008
3,373.01,1742519876.6140008
4,363.696,1742519876.6140008
5,376.476,1742519876.6140008
6,369.778,1742519876.6140008
7,380.164,1742519876.6140008
0,376.44,1742519876.6641383
1,364.65,1742519876.6641383
2,374.787,1742519876.6641383
3,373.01,1742519876.6641383
4,366.182,1742519876.6641383
5,376.476,1742519876.6641383
6,369.778,1742519876.6641383
7,381.736,1742519876.6641383
0,376.44,1742519876.714278
1,364.65,1742519876.714278
2,376.736,1742519876.714278
3,373.11,1742519876.714278
4,366.182,1742519876.714278
5,374.937,1742519876.714278
6,368.049,1742519876.714278
7,381.736,1742519876.714278
0,375.667,1742519876.7644186
1,365.581,1742519876.7644186
2,376.736,1742519876.7644186
3,373.11,1742519876.7644186
4,364.471,1742519876.7644186
5,374.937,1742519876.7644186
6,368.049,1742519876.7644186
7,378.433,1742519876.7644186
0,375.667,1742519876.8145518
1,365.581,1742519876.8145518
2,377.294,1742519876.8145518
3,372.477,1742519876.8145518
4,364.471,1742519876.8145518
5,374.896,1742519876.8145518
6,369.871,1742519876.8145518
7,378.433,1742519876.8145518
0,375.105,1742519876.864682
1,365.397,1742519876.864682
2,377.294,1742519876.864682
3,372.477,1742519876.864682
4,366.503,1742519876.864682
5,374.896,1742519876.864682
6,369.871,1742519876.864682
7,380.45,1742519876.864682
0,375.105,1742519876.914815
1,365.397,1742519876.914815
2,378.95,1742519876.914815
3,373.241,1742519876.914815
4,366.503,1742519876.914815
5,375.126,1742519876.914815
6,368.323,1742519876.914815
7,380.45,1742519876.914815
0,377.339,1742519876.964948
1,367.644,1742519876.964948
2,378.95,1742519876.964948
3,373.241,1742519876.964948
4,367.828,1742519876.964948
5,375.126,1742519876.964948
6,368.323,1742519876.964948
7,380.203,1742519876.964948
0,377.339,1742519877.0150774
1,367.644,1742519877.0150774
2,377.354,1742519877.0150774
3,375.03,1742519877.0150774
4,367.828,1742519877.0150774
5,376.874,1742519877.0150774
6,371.191,1742519877.0150774
7,380.203,1742519877.0150774
0,379.01,1742519877.0652578
1,369.038,1742519877.0652578
2,377.354,1742519877.0652578
3,375.03,1742519877.0652578
4,369.118,1742519877.0652578
5,376.874,1742519877.0652578
6,371.191,1742519877.0652578
7,384.573,1742519877.0652578
0,379.01,1742519877.115379
1,369.038,1742519877.115379
2,377.1,1742519877.115379
3,376.051,1742519877.115379
4,369.118,1742519877.115379
5,378.788,1742519877.115379
6,372.699,1742519877.115379
7,384.573,1742519877.115379
0,381.212,1742519877.1655083
1,369.038,1742519877.1655083
2,377.1,1742519877.1655083
3,376.051,1742519877.1655083
4,370.423,1742519877.1655083
5,378.788,1742519877.1655083
6,372.699,1742519877.1655083
7,384.306,1742519877.1655083
0,381.212,1742519877.2156463
1,369.455,1742519877.2156463
2,376.914,1742519877.2156463
3,377.368,1742519877.2156463
4,370.423,1742519877.2156463
5,381.429,1742519877.2156463
6,372.707,1742519877.2156463
7,384.306,1742519877.2156463
0,383.693,1742519877.265776
1,369.455,1742519877.265776
2,376.914,1742519877.265776
3,377.368,1742519877.265776
4,371.614,1742519877.265776
5,381.429,1742519877.265776
6,372.707,1742519877.265776
7,388.303,1742519877.265776
0,383.693,1742519877.3159084
1,370.02,1742519877.3159084
2,377.06,1742519877.3159084
3,380.091,1742519877.3159084
4,371.614,1742519877.3159084
5,383.462,1742519877.3159084
6,372.997,1742519877.3159084
7,388.303,1742519877.3159084
0,385.85,1742519877.3660426
1,370.02,1742519877.3660426
2,377.06,1742519877.3660426
3,380.091,1742519877.3660426
4,374.18,1742519877.3660426
5,383.462,1742519877.3660426
6,372.997,1742519877.3660426
7,389.929,1742519877.3660426
0,385.85,1742519877.4161787
1,370.622,1742519877.4161787
2,377.474,1742519877.4161787
3,381.914,1742519877.4161787
4,374.18,1742519877.4161787
5,383.501,1742519877.4161787
6,371.605,1742519877.4161787
7,389.929,1742519877.4161787
0,386.453,1742519877.4663153
1,370.622,1742519877.4663153
2,377.474,1742519877.4663153
3,381.914,1742519877.4663153
4,373.628,1742519877.4663153
5,383.501,1742519877.4663153
6,371.605,1742519877.4663153
7,391.869,1742519877.4663153
0,386.453,1742519877.5164497
1,371.131,1742519877.5164497
2,376.358,1742519877.5164497
3,381.728,1742519877.5164497
4,373.628,1742519877.5164497
5,382.81,1742519877.5164497
6,369.826,1742519877.5164497
7,391.869,1742519877.5164497
0,383.549,1742519877.5665922
1,371.131,1742519877.5665922
2,376.358,1742519877.5665922
3,381.728,1742519877.5665922
4,371.668,1742519877.5665922
5,382.81,1742519877.5665922
6,369.826,1742519877.5665922
7,391.604,1742519877.5665922
0,383.549,1742519877.6167164
1,370.695,1742519877.6167164
2,375.161,1742519877.6167164
3,382.592,1742519877.6167164
4,371.668,1742519877.6167164
5,385.518,1742519877.6167164
6,371.262,1742519877.6167164
7,391.604,1742519877.6167164
0,383.791,1742519877.6668406
1,370.695,1742519877.6668406
2,375.161,1742519877.6668406
3,382.592,1742519877.6668406
4,371.727,1742519877.6668406
5,385.518,1742519877.6668406
6,371.262,1742519877.6668406
7,393.529,1742519877.6668406
0,383.791,1742519877.716996
1,369.981,1742519877.716996
2,373.9,1742519877.716996
3,383.906,1742519877.716996
4,371.727,1742519877.716996
5,388.162,1742519877.716996
6,371.267,1742519877.716996
7,393.529,1742519877.716996
0,384.231,1742519877.7671213
1,369.981,1742519877.7671213
2,373.9,1742519877.7671213
3,383.906,1742519877.7671213
4,371.759,1742519877.7671213
5,388.162,1742519877.7671213
6,371.267,1742519877.7671213
7,394.883,1742519877.7671213
0,384.231,1742519877.8173275
1,369.919,1742519877.8173275
2,372.682,1742519877.8173275
3,385.486,1742519877.8173275
4,371.759,1742519877.8173275
5,388.738,1742519877.8173275
6,371.195,1742519877.8173275
7,394.883,1742519877.8173275
0,386.356,1742519877.8675075
1,369.919,1742519877.8675075
2,372.682,1742519877.8675075
3,385.486,1742519877.8675075
4,371.954,1742519877.8675075
5,388.738,1742519877.8675075
6,371.195,1742519877.8675075
7,391.843,1742519877.8675075
0,386.356,1742519877.9176297
1,368.718,1742519877.9176297
2,371.547,1742519877.9176297
3,385.158,1742519877.9176297
4,371.954,1742519877.9176297
5,388.738,1742519877.9176297
6,371.903,1742519877.9176297
7,391.843,1742519877.9176297
0,386.637,1742519877.967768
1,368.718,1742519877.967768
2,371.547,1742519877.967768
3,385.158,1742519877.967768
4,372.204,1742519877.967768
5,389.241,1742519877.967768
6,371.903,1742519877.967768
7,390.98,1742519877.967768
0,386.637,1742519878.0179007
1,365.74,1742519878.0179007
2,372.863,1742519878.0179007
3,384.889,1742519878.0179007
4,372.204,1742519878.0179007
5,389.241,1742519878.0179007
6,372.707,1742519878.0179007
7,390.98,1742519878.0179007
0,384.88,1742519878.0680363
1,365.74,1742519878.0680363
2,372.863,1742519878.0680363
3,384.889,1742519878.0680363
4,372.857,1742519878.0680363
5,389.253,1742519878.0680363
6,372.707,1742519878.0680363
7,390.651,1742519878.0680363
0,384.88,1742519878.1182547
1,363.974,1742519878.1182547
2,371.533,1742519878.1182547
3,383.823,1742519878.1182547
4,372.857,1742519878.1182547
5,388.421,1742519878.1182547
6,372.063,1742519878.1182547
7,390.651,1742519878.1182547
0,383.499,1742519878.1683824
1,363.974,1742519878.1683824
2,371.533,1742519878.1683824
3,383.823,1742519878.1683824
4,371.72,1742519878.1683824
5,388.421,1742519878.1683824
6,372.063,1742519878.1683824
7,389.646,1742519878.1683824
0,383.499,1742519878.2185078
1,363.713,1742519878.2185078
2,370.389,1742519878.2185078
3,383.333,1742519878.2185078
4,371.72,1742519878.2185078
5,387.05,1742519878.2185078
6,371.763,1742519878.2185078
7,389.646,1742519878.2185078
0,382.882,1742519878.268676
1,363.713,1742519878.268676
2,370.389,1742519878.268676
3,383.333,1742519878.268676
4,370.602,1742519878.268676
5,387.05,1742519878.268676
6,371.763,1742519878.268676
7,387.906,1742519878.268676
0,382.882,1742519878.3188143
1,363.554,1742519878.3188143
2,370.075,1742519878.3188143
3,381.65,1742519878.3188143
4,370.602,1742519878.3188143
5,385.039,1742519878.3188143
6,369.557,1742519878.3188143
7,387.906,1742519878.3188143
0,381.163,1742519878.368945
1,363.554,1742519878.368945
2,370.075,1742519878.368945
3,381.65,1742519878.368945
4,368.334,1742519878.368945
5,385.039,1742519878.368945
6,369.557,1742519878.368945
7,386.5,1742519878.368945
0,381.163,1742519878.41908
1,363.235,1742519878.41908
2,369.624,1742519878.41908
3,379.87,1742519878.41908
4,368.334,1742519878.41908
5,383.248,1742519878.41908
6,367.177,1742519878.41908
7,386.5,1742519878.41908
0,380.818,1742519878.4692032
1,363.235,1742519878.4692032
2,369.624,1742519878.4692032
3,379.87,1742519878.4692032
4,365.565,1742519878.4692032
5,383.248,1742519878.4692032
6,367.177,1742519878.4692032
7,388.314,1742519878.4692032
0,380.818,1742519878.5193365
1,363.142,1742519878.5193365
2,370.382,1742519878.5193365
3,378.674,1742519878.5193365
4,365.565,1742519878.5193365
5,382.209,1742519878.5193365
6,365.97,1742519878.5193365
7,388.314,1742519878.5193365
0,379.694,1742519878.5694711
1,363.142,1742519878.5694711
2,370.382,1742519878.5694711
3,378.674,1742519878.5694711
4,365.601,1742519878.5694711
5,382.209,1742519878.5694711
6,365.97,1742519878.5694711
7,385.327,1742519878.5694711
0,379.694,1742519878.6196058
1,362.811,1742519878.6196058
2,371.305,1742519878.6196058
3,376.426,1742519878.6196058
4,365.601,1742519878.6196058
5,382.209,1742519878.6196058
6,367.06,1742519878.6196058
7,385.327,1742519878.6196058
0,378.624,1742519878.669746
1,362.811,1742519878.669746
2,371.305,1742519878.669746
3,376.426,1742519878.669746
4,365.863,1742519878.669746
5,378.679,1742519878.669746
6,367.06,1742519878.669746
7,383.913,1742519878.669746
0,378.624,1742519878.7198792
1,362.002,1742519878.7198792
2,371.285,1742519878.7198792
3,374.637,1742519878.7198792
4,365.863,1742519878.7198792
5,378.679,1742519878.7198792
6,367.977,1742519878.7198792
7,383.913,1742519878.7198792
0,375.981,1742519878.770008
1,362.002,1742519878.770008
2,371.285,1742519878.770008
3,374.637,1742519878.770008
4,366.808,1742519878.770008
5,376.81,1742519878.770008
6,367.977,1742519878.770008
7,380.805,1742519878.770008
0,375.981,1742519878.8201408
1,362.264,1742519878.8201408
2,371.944,1742519878.8201408
3,372.336,1742519878.8201408
4,366.808,1742519878.8201408
5,376.81,1742519878.8201408
6,368.566,1742519878.8201408
7,380.805,1742519878.8201408
0,375.212,1742519878.8702743
1,362.264,1742519878.8702743
2,371.944,1742519878.8702743
3,372.336,1742519878.8702743
4,366.897,1742519878.8702743
5,375.04,1742519878.8702743
6,368.566,1742519878.8702743
7,380.277,1742519878.8702743
0,375.212,1742519878.9204082
1,363.299,1742519878.9204082
2,373.079,1742519878.9204082
3,371.844,1742519878.9204082
4,366.897,1742519878.9204082
5,375.04,1742519878.9204082
6,370.077,1742519878.9204082
7,380.277,1742519878.9204082
0,375.212,1742519878.9705384
1,363.299,1742519878.9705384
2,373.079,1742519878.9705384
3,371.844,1742519878.9705384
4,366.59,1742519878.9705384
5,374.283,1742519878.9705384
6,370.077,1742519878.9705384
7,380.255,1742519878.9705384
0,373.105,1742519879.0206711
1,365.259,1742519879.0206711
2,372.234,1742519879.0206711
3,371.465,1742519879.0206711
4,366.59,1742519879.0206711
5,374.283,1742519879.0206711
6,370.354,1742519879.0206711
7,380.255,1742519879.0206711
0,373.105,1742519879.070803
1,365.259,1742519879.070803
2,372.234,1742519879.070803
3,371.465,1742519879.070803
4,366.512,1742519879.070803
5,372.531,1742519879.070803
6,370.354,1742519879.070803
7,380.695,1742519879.070803
0,371.802,1742519879.1209257
1,364.771,1742519879.1209257
2,373.258,1742519879.1209257
3,372.184,1742519879.1209257
4,366.512,1742519879.1209257
5,372.531,1742519879.1209257
6,371.218,1742519879.1209257
7,380.695,1742519879.1209257
0,371.802,1742519879.1710525
1,364.771,1742519879.1710525
2,373.258,1742519879.1710525
3,372.184,1742519879.1710525
4,366.84,1742519879.1710525
5,372.14,1742519879.1710525
6,371.218,1742519879.1710525
7,380.699,1742519879.1710525
0,372.703,1742519879.2211757
1,366.167,1742519879.2211757
2,375.71,1742519879.2211757
3,372.855,1742519879.2211757
4,366.84,1742519879.2211757
5,372.14,1742519879.2211757
6,373.407,1742519879.2211757
7,380.699,1742519879.2211757
0,372.703,1742519879.2713022
1,366.167,1742519879.2713022
2,375.71,1742519879.2713022
3,372.855,1742519879.2713022
4,367.445,1742519879.2713022
5,372.57,1742519879.2713022
6,373.407,1742519879.2713022
7,379.693,1742519879.2713022
0,373.828,1742519879.3214278
1,366.308,1742519879.3214278
2,375.686,1742519879.3214278
3,372.924,1742519879.3214278
4,367.445,1742519879.3214278
5,372.57,1742519879.3214278
6,374.186,1742519879.3214278
7,379.693,1742519879.3214278
0,373.828,1742519879.3715584
1,366.308,1742519879.3715584
2,375.686,1742519879.3715584
3,372.924,1742519879.3715584
4,368.186,1742519879.3715584
5,372.327,1742519879.3715584
6,374.186,1742519879.3715584
7,382.222,1742519879.3715584
0,373.055,1742519879.4216878
1,366.829,1742519879.4216878
2,376.696,1742519879.4216878
3,373.834,1742519879.4216878
4,368.186,1742519879.4216878
5,372.327,1742519879.4216878
6,376.175,1742519879.4216878
7,382.222,1742519879.4216878
0,373.055,1742519879.4718144
1,366.829,1742519879.4718144
2,376.696,1742519879.4718144
3,373.834,1742519879.4718144
4,369.474,1742519879.4718144
5,374.477,1742519879.4718144
6,376.175,1742519879.4718144
7,383.003,1742519879.4718144
0,373.605,1742519879.5219364
1,366.741,1742519879.5219364
2,377.362,1742519879.5219364
3,375.607,1742519879.5219364
4,369.474,1742519879.5219364
5,374.477,1742519879.5219364
6,376.901,1742519879.5219364
7,383.003,1742519879.5219364
0,373.605,1742519879.5720675
1,366.741,1742519879.5720675
2,377.362,1742519879.5720675
3,375.607,1742519879.5720675
4,369.22,1742519879.5720675
5,376.42,1742519879.5720675
6,376.901,1742519879.5720675
7,384.137,1742519879.5720675
0,376.27,1742519879.622204
1,368.54,1742519879.622204
2,378.169,1742519879.622204
3,377.499,1742519879.622204
4,369.22,1742519879.622204
5,376.42,1742519879.622204
6,375.74,1742519879.622204
7,384.137,1742519879.622204
0,376.27,1742519879.6723762
1,368.54,1742519879.6723762
2,378.169,1742519879.6723762
3,377.499,1742519879.6723762
4,368.278,1742519879.6723762
5,377.922,1742519879.6723762
6,375.74,1742519879.6723762
7,385.049,1742519879.6723762
0,375.43,1742519879.7224998
1,369.459,1742519879.7224998
2,379.721,1742519879.7224998
3,377.47,1742519879.7224998
4,368.278,1742519879.7224998
5,377.922,1742519879.7224998
6,373.103,1742519879.7224998
7,385.049,1742519879.7224998
0,375.43,1742519879.7726336
1,369.459,1742519879.7726336
2,379.721,1742519879.7726336
3,377.47,1742519879.7726336
4,366.171,1742519879.7726336
5,378.403,1742519879.7726336
6,373.103,1742519879.7726336
7,386.427,1742519879.7726336
0,377.03,1742519879.8227608
1,368.896,1742519879.8227608
2,380.275,1742519879.8227608
3,377.637,1742519879.8227608
4,366.171,1742519879.8227608
5,378.403,1742519879.8227608
6,372.354,1742519879.8227608
7,386.427,1742519879.8227608
0,377.03,1742519879.8728967
1,368.896,1742519879.8728967
2,380.275,1742519879.8728967
3,377.637,1742519879.8728967
4,365.775,1742519879.8728967
5,379.181,1742519879.8728967
6,372.354,1742519879.8728967
7,387.18,1742519879.8728967
0,375.756,1742519879.9230304
1,370.079,1742519879.9230304
2,381.091,1742519879.9230304
3,377.499,1742519879.9230304
4,365.775,1742519879.9230304
5,379.181,1742519879.9230304
6,372.178,1742519879.9230304
7,387.18,1742519879.9230304
0,375.756,1742519879.9731612
1,370.079,1742519879.9731612
2,381.091,1742519879.9731612
3,377.499,1742519879.9731612
4,364.721,1742519879.9731612
5,379.961,1742519879.9731612
6,372.178,1742519879.9731612
7,385.221,1742519879.9731612
0,376.873,1742519880.023286
1,370.415,1742519880.023286
2,381.862,1742519880.023286
3,378.408,1742519880.023286
4,364.721,1742519880.023286
5,379.961,1742519880.023286
6,370.759,1742519880.023286
7,385.221,1742519880.023286
0,376.873,1742519880.0734122
1,370.415,1742519880.0734122
2,381.862,1742519880.0734122
3,378.408,1742519880.0734122
4,364.721,1742519880.0734122
5,378.915,1742519880.0734122
6,370.759,1742519880.0734122
7,385.115,1742519880.0734122
0,378.363,1742519880.1235516
1,371.005,1742519880.1235516
2,382.393,1742519880.1235516
3,378.092,1742519880.1235516
4,365.359,1742519880.1235516
5,378.915,1742519880.1235516
6,369.459,1742519880.1235516
7,385.115,1742519880.1235516
0,378.363,1742519880.1736863
1,371.005,1742519880.1736863
2,382.393,1742519880.1736863
3,378.092,1742519880.1736863
4,365.359,1742519880.1736863
5,380.928,1742519880.1736863
6,369.459,1742519880.1736863
7,384.467,1742519880.1736863
0,378.001,1742519880.2238219
1,371.79,1742519880.2238219
2,381.253,1742519880.2238219
3,377.198,1742519880.2238219
4,365.013,1742519880.2238219
5,380.928,1742519880.2238219
6,368.665,1742519880.2238219
7,384.467,1742519880.2238219
0,378.001,1742519880.2739604
1,371.79,1742519880.2739604
2,381.253,1742519880.2739604
3,377.198,1742519880.2739604
4,365.013,1742519880.2739604
5,379.423,1742519880.2739604
6,368.665,1742519880.2739604
7,385.448,1742519880.2739604
0,378.26,1742519880.324093
1,372.691,1742519880.324093
2,381.885,1742519880.324093
3,378.162,1742519880.324093
4,365.069,1742519880.324093
5,379.423,1742519880.324093
6,369.019,1742519880.324093
7,385.448,1742519880.324093
0,378.26,1742519880.3742297
1,372.691,1742519880.3742297
2,381.885,1742519880.3742297
3,378.162,1742519880.3742297
4,365.069,1742519880.3742297
5,381.754,1742519880.3742297
6,369.019,1742519880.3742297
7,384.244,1742519880.3742297
0,379.508,1742519880.424353
1,372.626,1742519880.424353
2,381.008,1742519880.424353
3,378.081,1742519880.424353
4,366.007,1742519880.424353
5,381.754,1742519880.424353
6,369.934,1742519880.424353
7,384.244,1742519880.424353
0,379.508,1742519880.4744878
1,372.626,1742519880.4744878
2,381.008,1742519880.4744878
3,378.081,1742519880.4744878
4,366.007,1742519880.4744878
5,381.918,1742519880.4744878
6,369.934,1742519880.4744878
7,384.244,1742519880.4744878
0,379.437,1742519880.5246196
1,373.705,1742519880.5246196
2,380.324,1742519880.5246196
3,378.125,1742519880.5246196
4,366.186,1742519880.5246196
5,381.918,1742519880.5246196
6,370.397,1742519880.5246196
7,384.235,1742519880.5246196
0,379.437,1742519880.5747569
1,373.705,1742519880.5747569
2,380.324,1742519880.5747569
3,378.125,1742519880.5747569
4,366.186,1742519880.5747569
5,382.331,1742519880.5747569
6,370.397,1742519880.5747569
7,384.235,1742519880.5747569
0,377.814,1742519880.6249003
1,374.328,1742519880.6249003
2,379.207,1742519880.6249003
3,377.2,1742519880.6249003
4,365.567,1742519880.6249003
5,382.331,1742519880.6249003
6,369.008,1742519880.6249003
7,384.425,1742519880.6249003
0,377.814,1742519880.675027
1,374.328,1742519880.675027
2,379.207,1742519880.675027
3,377.2,1742519880.675027
4,365.567,1742519880.675027
5,380.16,1742519880.675027
6,369.008,1742519880.675027
7,384.425,1742519880.675027
0,378.31,1742519880.7251499
1,374.034,1742519880.7251499
2,377.86,1742519880.7251499
3,377.003,1742519880.7251499
4,365.004,1742519880.7251499
5,380.16,1742519880.7251499
6,367.408,1742519880.7251499
7,385.839,1742519880.7251499
0,378.31,1742519880.7752876
1,374.034,1742519880.7752876
2,377.86,1742519880.7752876
3,377.003,1742519880.7752876
4,365.004,1742519880.7752876
5,380.709,1742519880.7752876
6,367.408,1742519880.7752876
7,385.839,1742519880.7752876
0,376.758,1742519880.825412
1,373.579,1742519880.825412
2,377.037,1742519880.825412
3,375.895,1742519880.825412
4,364.694,1742519880.825412
5,380.709,1742519880.825412
6,366.583,1742519880.825412
7,384.56,1742519880.825412
0,376.758,1742519880.8755455
1,373.579,1742519880.8755455
2,377.037,1742519880.8755455
3,375.895,1742519880.8755455
4,364.694,1742519880.8755455
5,377.624,1742519880.8755455
6,366.583,1742519880.8755455
7,384.56,1742519880.8755455
0,377.866,1742519880.9256713
1,372.83,1742519880.9256713
2,374.187,1742519880.9256713
3,375.102,1742519880.9256713
4,363.597,1742519880.9256713
5,377.624,1742519880.9256713
6,367.285,1742519880.9256713
7,382.811,1742519880.9256713
0,377.866,1742519880.9758058
1,372.83,1742519880.9758058
2,374.187,1742519880.9758058
3,375.102,1742519880.9758058
4,363.597,1742519880.9758058
5,376.791,1742519880.9758058
6,367.285,1742519880.9758058
7,382.811,1742519880.9758058
0,375.68,1742519881.025937
1,371.991,1742519881.025937
2,373.775,1742519881.025937
3,373.977,1742519881.025937
4,362.58,1742519881.025937
5,376.791,1742519881.025937
6,369.315,1742519881.025937
7,381.333,1742519881.025937
0,375.68,1742519881.076122
1,371.991,1742519881.076122
2,373.775,1742519881.076122
3,373.977,1742519881.076122
4,362.58,1742519881.076122
5,376.437,1742519881.076122
6,369.315,1742519881.076122
7,381.333,1742519881.076122
0,375.671,1742519881.1262474
1,369.742,1742519881.1262474
2,373.775,1742519881.1262474
3,373.977,1742519881.1262474
4,363.353,1742519881.1262474
5,376.437,1742519881.1262474
6,369.597,1742519881.1262474
7,380.959,1742519881.1262474
0,375.671,1742519881.1763723
1,369.742,1742519881.1763723
2,371.826,1742519881.1763723
3,372.668,1742519881.1763723
4,363.353,1742519881.1763723
5,373.013,1742519881.1763723
6,369.597,1742519881.1763723
7,380.959,1742519881.1763723
0,374.992,1742519881.226507
1,369.168,1742519881.226507
2,371.826,1742519881.226507
3,372.668,1742519881.226507
4,364.78,1742519881.226507
5,373.013,1742519881.226507
6,371.516,1742519881.226507
7,380.084,1742519881.226507
0,374.992,1742519881.2766337
1,369.168,1742519881.2766337
2,373.152,1742519881.2766337
3,373.792,1742519881.2766337
4,364.78,1742519881.2766337
5,372.426,1742519881.2766337
6,371.516,1742519881.2766337
7,380.084,1742519881.2766337
0,374.243,1742519881.3267562
1,368.91,1742519881.3267562
2,373.152,1742519881.3267562
3,373.792,1742519881.3267562
4,366.948,1742519881.3267562
5,372.426,1742519881.3267562
6,371.967,1742519881.3267562
7,379.97,1742519881.3267562
0,374.243,1742519881.3768816
1,368.91,1742519881.3768816
2,373.937,1742519881.3768816
3,371.642,1742519881.3768816
4,366.948,1742519881.3768816
5,372.651,1742519881.3768816
6,371.967,1742519881.3768816
7,379.97,1742519881.3768816
0,374.29,1742519881.4270144
1,368.324,1742519881.4270144
2,373.937,1742519881.4270144
3,371.642,1742519881.4270144
4,367.15,1742519881.4270144
5,372.651,1742519881.4270144
6,374.822,1742519881.4270144
7,378.795,1742519881.4270144
0,374.29,1742519881.4771516
1,368.324,1742519881.4771516
2,373.472,1742519881.4771516
3,374.379,1742519881.4771516
4,367.15,1742519881.4771516
5,374.65,1742519881.4771516
6,374.822,1742519881.4771516
7,378.795,1742519881.4771516
0,374.03,1742519881.5272853
1,366.673,1742519881.5272853
2,373.472,1742519881.5272853
3,374.379,1742519881.5272853
4,366.315,1742519881.5272853
5,374.65,1742519881.5272853
6,374.822,1742519881.5272853
7,379.745,1742519881.5272853
0,374.03,1742519881.577417
1,366.673,1742519881.577417
2,373.303,1742519881.577417
3,371.45,1742519881.577417
4,366.315,1742519881.577417
5,371.345,1742519881.577417
6,374.531,1742519881.577417
7,379.745,1742519881.577417
0,373.809,1742519881.6275399
1,366.615,1742519881.6275399
2,373.303,1742519881.6275399
3,371.45,1742519881.6275399
4,366.512,1742519881.6275399
5,371.345,1742519881.6275399
6,374.531,1742519881.6275399
7,378.23,1742519881.6275399
0,373.809,1742519881.6776745
1,366.615,1742519881.6776745
2,374.273,1742519881.6776745
3,373.401,1742519881.6776745
4,366.512,1742519881.6776745
5,373.027,1742519881.6776745
6,375.678,1742519881.6776745
7,378.23,1742519881.6776745
0,373.985,1742519881.7278116
1,366.424,1742519881.7278116
2,374.273,1742519881.7278116
3,373.401,1742519881.7278116
4,367.413,1742519881.7278116
5,373.027,1742519881.7278116
6,375.678,1742519881.7278116
7,377.117,1742519881.7278116
0,373.985,1742519881.778003
1,366.424,1742519881.778003
2,372.329,1742519881.778003
3,371.443,1742519881.778003
4,367.413,1742519881.778003
5,370.679,1742519881.778003
6,377.75,1742519881.778003
7,377.117,1742519881.778003
0,374.241,1742519881.8281398
1,365.025,1742519881.8281398
2,372.329,1742519881.8281398
3,371.443,1742519881.8281398
4,368.096,1742519881.8281398
5,370.679,1742519881.8281398
6,377.75,1742519881.8281398
7,377.478,1742519881.8281398
0,374.241,1742519881.878277
1,365.025,1742519881.878277
2,371.557,1742519881.878277
3,372.605,1742519881.878277
4,368.096,1742519881.878277
5,371.245,1742519881.878277
6,376.668,1742519881.878277
7,377.478,1742519881.878277
0,373.418,1742519881.92841
1,365.363,1742519881.92841
2,371.557,1742519881.92841
3,372.605,1742519881.92841
4,367.185,1742519881.92841
5,371.245,1742519881.92841
6,376.668,1742519881.92841
7,378.48,1742519881.92841
0,373.418,1742519881.9785461
1,365.363,1742519881.9785461
2,369.61,1742519881.9785461
3,372.679,1742519881.9785461
4,367.185,1742519881.9785461
5,372.925,1742519881.9785461
6,373.317,1742519881.9785461
7,378.48,1742519881.9785461
0,374.006,1742519882.0286818
1,364.66,1742519882.0286818
2,369.61,1742519882.0286818
3,372.679,1742519882.0286818
4,366.087,1742519882.0286818
5,372.925,1742519882.0286818
6,373.317,1742519882.0286818
7,377.132,1742519882.0286818
0,374.006,1742519882.0788171
1,364.66,1742519882.0788171
2,368.697,1742519882.0788171
3,371.783,1742519882.0788171
4,366.087,1742519882.0788171
5,372.339,1742519882.0788171
6,370.977,1742519882.0788171
7,377.132,1742519882.0788171
0,373.018,1742519882.1289444
1,364.66,1742519882.1289444
2,368.697,1742519882.1289444
3,371.783,1742519882.1289444
4,365.01,1742519882.1289444
5,372.339,1742519882.1289444
6,370.977,1742519882.1289444
7,378.265,1742519882.1289444
0,373.018,1742519882.1790926
1,365.86,1742519882.1790926
2,368.215,1742519882.1790926
3,371.798,1742519882.1790926
4,365.01,1742519882.1790926
5,372.796,1742519882.1790926
6,371.326,1742519882.1790926
7,378.265,1742519882.1790926
0,372.995,1742519882.2292287
1,365.86,1742519882.2292287
2,368.215,1742519882.2292287
3,371.798,1742519882.2292287
4,364.519,1742519882.2292287
5,372.796,1742519882.2292287
6,371.326,1742519882.2292287
7,376.857,1742519882.2292287
0,372.995,1742519882.2793648
1,366.375,1742519882.2793648
2,368.419,1742519882.2793648
3,371.502,1742519882.2793648
4,364.519,1742519882.2793648
5,372.188,1742519882.2793648
6,372.014,1742519882.2793648
7,376.857,1742519882.2793648
0,372.825,1742519882.3295014
1,366.375,1742519882.3295014
2,368.419,1742519882.3295014
3,371.502,1742519882.3295014
4,363.48,1742519882.3295014
5,372.188,1742519882.3295014
6,372.014,1742519882.3295014
7,376.616,1742519882.3295014
0,372.825,1742519882.3796256
1,364.547,1742519882.3796256
2,368.193,1742519882.3796256
3,369.625,1742519882.3796256
4,363.48,1742519882.3796256
5,372.903,1742519882.3796256
6,371.316,1742519882.3796256
7,376.616,1742519882.3796256
0,372.528,1742519882.4297595
1,364.547,1742519882.4297595
2,368.193,1742519882.4297595
3,369.625,1742519882.4297595
4,363.555,1742519882.4297595
5,372.903,1742519882.4297595
6,371.316,1742519882.4297595
7,376.493,1742519882.4297595
0,372.528,1742519882.4798849
1,363.619,1742519882.4798849
2,368.236,1742519882.4798849
3,370.43,1742519882.4798849
4,363.555,1742519882.4798849
5,372.424,1742519882.4798849
6,371.099,1742519882.4798849
7,376.493,1742519882.4798849
0,373.172,1742519882.530019
1,363.619,1742519882.530019
2,368.236,1742519882.530019
3,370.43,1742519882.530019
4,363.397,1742519882.530019
5,372.424,1742519882.530019
6,371.099,1742519882.530019
7,375.954,1742519882.530019
0,373.172,1742519882.5801663
1,363.47,1742519882.5801663
2,368.188,1742519882.5801663
3,367.351,1742519882.5801663
4,363.397,1742519882.5801663
5,370.818,1742519882.5801663
6,368.73,1742519882.5801663
7,375.954,1742519882.5801663
0,374.144,1742519882.630292
1,363.47,1742519882.630292
2,368.188,1742519882.630292
3,367.351,1742519882.630292
4,363.772,1742519882.630292
5,370.818,1742519882.630292
6,368.73,1742519882.630292
7,376.372,1742519882.630292
0,374.144,1742519882.6804194
1,363.84,1742519882.6804194
2,371.153,1742519882.6804194
3,369.467,1742519882.6804194
4,363.772,1742519882.6804194
5,371.998,1742519882.6804194
6,371.75,1742519882.6804194
7,376.372,1742519882.6804194
0,375.315,1742519882.7305517
1,363.84,1742519882.7305517
2,371.153,1742519882.7305517
3,369.467,1742519882.7305517
4,362.332,1742519882.7305517
5,371.998,1742519882.7305517
6,371.75,1742519882.7305517
7,376.905,1742519882.7305517
0,375.315,1742519882.7806787
1,364.326,1742519882.7806787
2,371.334,1742519882.7806787
3,367.01,1742519882.7806787
4,362.332,1742519882.7806787
5,370.868,1742519882.7806787
6,373.009,1742519882.7806787
7,376.905,1742519882.7806787
0,373.8,1742519882.8308105
1,364.326,1742519882.8308105
2,371.334,1742519882.8308105
3,367.01,1742519882.8308105
4,362.674,1742519882.8308105
5,370.868,1742519882.8308105
6,373.009,1742519882.8308105
7,376.719,1742519882.8308105
0,373.8,1742519882.8809395
1,365.625,1742519882.8809395
2,372.541,1742519882.8809395
3,366.466,1742519882.8809395
4,362.674,1742519882.8809395
5,371.455,1742519882.8809395
6,374.87,1742519882.8809395
7,376.719,1742519882.8809395
0,374.336,1742519882.9310718
1,365.625,1742519882.9310718
2,372.541,1742519882.9310718
3,366.466,1742519882.9310718
4,364.37,1742519882.9310718
5,371.455,1742519882.9310718
6,374.87,1742519882.9310718
7,374.759,1742519882.9310718
0,374.336,1742519882.9812016
1,365.201,1742519882.9812016
2,374.171,1742519882.9812016
3,367.837,1742519882.9812016
4,364.37,1742519882.9812016
5,370.953,1742519882.9812016
6,377.207,1742519882.9812016
7,374.759,1742519882.9812016
0,375.552,1742519883.031337
1,365.201,1742519883.031337
2,374.171,1742519883.031337
3,367.837,1742519883.031337
4,367.056,1742519883.031337
5,370.953,1742519883.031337
6,377.207,1742519883.031337
7,376.421,1742519883.031337
0,375.552,1742519883.0814636
1,366.642,1742519883.0814636
2,373.927,1742519883.0814636
3,370.276,1742519883.0814636
4,367.056,1742519883.0814636
5,374.574,1742519883.0814636
6,377.26,1742519883.0814636
7,376.421,1742519883.0814636
0,376.225,1742519883.1315851
1,366.642,1742519883.1315851
2,373.927,1742519883.1315851
3,370.276,1742519883.1315851
4,364.951,1742519883.1315851
5,374.574,1742519883.1315851
6,377.26,1742519883.1315851
7,379.207,1742519883.1315851
0,376.225,1742519883.1816883
1,366.193,1742519883.1816883
2,371.656,1742519883.1816883
3,370.482,1742519883.1816883
4,364.951,1742519883.1816883
5,374.532,1742519883.1816883
6,376.189,1742519883.1816883
7,379.207,1742519883.1816883
0,376.626,1742519883.2318206
1,366.193,1742519883.2318206
2,371.656,1742519883.2318206
3,370.482,1742519883.2318206
4,364.662,1742519883.2318206
5,374.532,1742519883.2318206
6,376.189,1742519883.2318206
7,379.546,1742519883.2318206
0,376.626,1742519883.2819564
1,365.333,1742519883.2819564
2,372.145,1742519883.2819564
3,370.744,1742519883.2819564
4,364.662,1742519883.2819564
5,375.652,1742519883.2819564
6,374.026,1742519883.2819564
7,379.546,1742519883.2819564
0,375.6,1742519883.3320916
1,365.333,1742519883.3320916
2,372.145,1742519883.3320916
3,370.744,1742519883.3320916
4,364.156,1742519883.3320916
5,375.652,1742519883.3320916
6,374.026,1742519883.3320916
7,379.168,1742519883.3320916
0,375.6,1742519883.3822284
1,366.281,1742519883.3822284
2,372.551,1742519883.3822284
3,369.294,1742519883.3822284
4,364.156,1742519883.3822284
5,375.829,1742519883.3822284
6,370.965,1742519883.3822284
7,379.168,1742519883.3822284
0,374.393,1742519883.4324088
1,366.281,1742519883.4324088
2,372.551,1742519883.4324088
3,369.294,1742519883.4324088
4,362.738,1742519883.4324088
5,375.829,1742519883.4324088
6,370.965,1742519883.4324088
7,378.693,1742519883.4324088
0,374.393,1742519883.4825091
1,365.307,1742519883.4825091
2,370.541,1742519883.4825091
3,367.757,1742519883.4825091
4,362.738,1742519883.4825091
5,374.827,1742519883.4825091
6,367.912,1742519883.4825091
7,378.693,1742519883.4825091
0,373.488,1742519883.5326505
1,365.307,1742519883.5326505
2,370.541,1742519883.5326505
3,367.757,1742519883.5326505
4,362.474,1742519883.5326505
5,374.827,1742519883.5326505
6,367.912,1742519883.5326505
7,378.126,1742519883.5326505
0,373.488,1742519883.5827749
1,364.692,1742519883.5827749
2,371.645,1742519883.5827749
3,370.116,1742519883.5827749
4,362.474,1742519883.5827749
5,375.232,1742519883.5827749
6,369.626,1742519883.5827749
7,378.126,1742519883.5827749
0,374.183,1742519883.6329095
1,364.692,1742519883.6329095
2,371.645,1742519883.6329095
3,370.116,1742519883.6329095
4,363.295,1742519883.6329095
5,375.232,1742519883.6329095
6,369.626,1742519883.6329095
7,377.712,1742519883.6329095
0,374.183,1742519883.6830425
1,362.745,1742519883.6830425
2,370.572,1742519883.6830425
3,367.199,1742519883.6830425
4,363.295,1742519883.6830425
5,372.402,1742519883.6830425
6,368.141,1742519883.6830425
7,377.712,1742519883.6830425
0,374.291,1742519883.7331777
1,362.745,1742519883.7331777
2,370.572,1742519883.7331777
3,367.199,1742519883.7331777
4,363.228,1742519883.7331777
5,372.402,1742519883.7331777
6,368.141,1742519883.7331777
7,376.24,1742519883.7331777
0,374.291,1742519883.7833018
1,361.222,1742519883.7833018
2,370.286,1742519883.7833018
3,371.728,1742519883.7833018
4,363.228,1742519883.7833018
5,375.28,1742519883.7833018
6,365.373,1742519883.7833018
7,376.24,1742519883.7833018
0,376.378,1742519883.8334842
1,361.222,1742519883.8334842
2,370.286,1742519883.8334842
3,371.728,1742519883.8334842
4,362.689,1742519883.8334842
5,375.28,1742519883.8334842
6,365.373,1742519883.8334842
7,379.406,1742519883.8334842
0,376.378,1742519883.883617
1,362.994,1742519883.883617
2,370.941,1742519883.883617
3,372.276,1742519883.883617
4,362.689,1742519883.883617
5,376.873,1742519883.883617
6,366.195,1742519883.883617
7,379.406,1742519883.883617
0,378.286,1742519883.9337528
1,362.994,1742519883.9337528
2,370.941,1742519883.9337528
3,372.276,1742519883.9337528
4,363.365,1742519883.9337528
5,376.873,1742519883.9337528
6,366.195,1742519883.9337528
7,380.397,1742519883.9337528
0,378.286,1742519883.9838862
1,366.715,1742519883.9838862
2,371.984,1742519883.9838862
3,375.181,1742519883.9838862
4,363.365,1742519883.9838862
5,377.499,1742519883.9838862
6,366.36,1742519883.9838862
7,380.397,1742519883.9838862
0,380.106,1742519884.0340219
1,366.715,1742519884.0340219
2,371.984,1742519884.0340219
3,375.181,1742519884.0340219
4,363.129,1742519884.0340219
5,377.499,1742519884.0340219
6,366.36,1742519884.0340219
7,380.908,1742519884.0340219
0,380.106,1742519884.0841572
1,366.63,1742519884.0841572
2,372.338,1742519884.0841572
3,374.909,1742519884.0841572
4,363.129,1742519884.0841572
5,380.785,1742519884.0841572
6,366.754,1742519884.0841572
7,380.908,1742519884.0841572
0,380.652,1742519884.1343179
1,366.63,1742519884.1343179
2,372.338,1742519884.1343179
3,374.909,1742519884.1343179
4,365.038,1742519884.1343179
5,380.785,1742519884.1343179
6,366.754,1742519884.1343179
7,380.728,1742519884.1343179
0,380.652,1742519884.18445
1,366.9,1742519884.18445
2,374.93,1742519884.18445
3,376.969,1742519884.18445
4,365.038,1742519884.18445
5,382.622,1742519884.18445
6,368.049,1742519884.18445
7,380.728,1742519884.18445
0,382.268,1742519884.2345836
1,366.9,1742519884.2345836
2,374.93,1742519884.2345836
3,376.969,1742519884.2345836
4,366.761,1742519884.2345836
5,382.622,1742519884.2345836
6,368.049,1742519884.2345836
7,380.921,1742519884.2345836
0,382.268,1742519884.2846808
1,367.716,1742519884.2846808
2,373.034,1742519884.2846808
3,377.597,1742519884.2846808
4,366.761,1742519884.2846808
5,381.724,1742519884.2846808
6,370.009,1742519884.2846808
7,380.921,1742519884.2846808
0,382.175,1742519884.334813
1,367.716,1742519884.334813
2,373.034,1742519884.334813
3,377.597,1742519884.334813
4,367.063,1742519884.334813
5,381.724,1742519884.334813
6,370.009,1742519884.334813
7,381.326,1742519884.334813
0,382.175,1742519884.3849175
1,368.156,1742519884.3849175
2,373.099,1742519884.3849175
3,378.263,1742519884.3849175
4,367.063,1742519884.3849175
5,383.219,1742519884.3849175
6,374.149,1742519884.3849175
7,381.326,1742519884.3849175
0,382.175,1742519884.4351318
1,368.156,1742519884.4351318
2,373.099,1742519884.4351318
3,378.263,1742519884.4351318
4,370.002,1742519884.4351318
5,383.219,1742519884.4351318
6,374.149,1742519884.4351318
7,381.312,1742519884.4351318
0,383.449,1742519884.485256
1,369.113,1742519884.485256
2,373.865,1742519884.485256
3,379.853,1742519884.485256
4,370.002,1742519884.485256
5,383.072,1742519884.485256
6,377.123,1742519884.485256
7,381.312,1742519884.485256
0,383.449,1742519884.5353887
1,369.113,1742519884.5353887
2,373.865,1742519884.5353887
3,379.853,1742519884.5353887
4,368.997,1742519884.5353887
5,383.072,1742519884.5353887
6,377.123,1742519884.5353887
7,383.307,1742519884.5353887
0,384.153,1742519884.5855157
1,370.116,1742519884.5855157
2,374.508,1742519884.5855157
3,381.129,1742519884.5855157
4,368.997,1742519884.5855157
5,386.081,1742519884.5855157
6,378.366,1742519884.5855157
7,383.307,1742519884.5855157
0,384.153,1742519884.6356497
1,370.116,1742519884.6356497
2,374.508,1742519884.6356497
3,381.129,1742519884.6356497
4,368.652,1742519884.6356497
5,386.081,1742519884.6356497
6,378.366,1742519884.6356497
7,381.741,1742519884.6356497
0,383.537,1742519884.6857526
1,372.18,1742519884.6857526
2,376.255,1742519884.6857526
3,382.14,1742519884.6857526
4,368.652,1742519884.6857526
5,386.695,1742519884.6857526
6,379.13,1742519884.6857526
7,381.741,1742519884.6857526
0,383.537,1742519884.7358785
1,372.18,1742519884.7358785
2,376.255,1742519884.7358785
3,382.14,1742519884.7358785
4,369.217,1742519884.7358785
5,386.695,1742519884.7358785
6,379.13,1742519884.7358785
7,382.194,1742519884.7358785
0,383.21,1742519884.7859857
1,372.305,1742519884.7859857
2,376.796,1742519884.7859857
3,380.298,1742519884.7859857
4,369.217,1742519884.7859857
5,387.122,1742519884.7859857
6,379.718,1742519884.7859857
7,382.194,1742519884.7859857
0,383.21,1742519884.8361337
1,372.305,1742519884.8361337
2,376.796,1742519884.8361337
3,380.298,1742519884.8361337
4,368.762,1742519884.8361337
5,387.122,1742519884.8361337
6,379.718,1742519884.8361337
7,381.814,1742519884.8361337
0,382.898,1742519884.8862596
1,372.015,1742519884.8862596
2,376.528,1742519884.8862596
3,379.711,1742519884.8862596
4,368.762,1742519884.8862596
5,384.338,1742519884.8862596
6,380.98,1742519884.8862596
7,381.814,1742519884.8862596
0,382.898,1742519884.9363823
1,372.015,1742519884.9363823
2,376.528,1742519884.9363823
3,379.711,1742519884.9363823
4,369.063,1742519884.9363823
5,384.338,1742519884.9363823
6,380.98,1742519884.9363823
7,381.946,1742519884.9363823
0,381.22,1742519884.9865177
1,370.374,1742519884.9865177
2,377.24,1742519884.9865177
3,379.188,1742519884.9865177
4,369.063,1742519884.9865177
5,384.763,1742519884.9865177
6,381.945,1742519884.9865177
7,381.946,1742519884.9865177
0,381.22,1742519885.036653
1,370.374,1742519885.036653
2,377.24,1742519885.036653
3,379.188,1742519885.036653
4,368.926,1742519885.036653
5,384.763,1742519885.036653
6,381.945,1742519885.036653
7,381.459,1742519885.036653
0,379.866,1742519885.0867825
1,370.604,1742519885.0867825
2,378.377,1742519885.0867825
3,378.823,1742519885.0867825
4,368.926,1742519885.0867825
5,382.706,1742519885.0867825
6,382.693,1742519885.0867825
7,381.459,1742519885.0867825
0,379.866,1742519885.1369045
1,370.604,1742519885.1369045
2,378.377,1742519885.1369045
3,378.823,1742519885.1369045
4,367.85,1742519885.1369045
5,382.706,1742519885.1369045
6,382.693,1742519885.1369045
7,381.926,1742519885.1369045
0,379.679,1742519885.1870096
1,370.001,1742519885.1870096
2,379.002,1742519885.1870096
3,377.501,1742519885.1870096
4,367.85,1742519885.1870096
5,382.1,1742519885.1870096
6,379.545,1742519885.1870096
7,381.926,1742519885.1870096
0,379.679,1742519885.2371535
1,370.001,1742519885.2371535
2,379.002,1742519885.2371535
3,377.501,1742519885.2371535
4,366.612,1742519885.2371535
5,382.1,1742519885.2371535
6,379.545,1742519885.2371535
7,382.572,1742519885.2371535
0,379.424,1742519885.2872868
1,369.495,1742519885.2872868
2,381.074,1742519885.2872868
3,376.397,1742519885.2872868
4,366.612,1742519885.2872868
5,381.94,1742519885.2872868
6,378.735,1742519885.2872868
7,382.572,1742519885.2872868
0,379.424,1742519885.3374178
1,369.495,1742519885.3374178
2,381.074,1742519885.3374178
3,376.397,1742519885.3374178
4,367.259,1742519885.3374178
5,381.94,1742519885.3374178
6,378.735,1742519885.3374178
7,384.691,1742519885.3374178
0,379.446,1742519885.3875434
1,370.052,1742519885.3875434
2,382.242,1742519885.3875434
3,378.022,1742519885.3875434
4,367.259,1742519885.3875434
5,380.868,1742519885.3875434
6,378.096,1742519885.3875434
7,384.691,1742519885.3875434
0,379.446,1742519885.4376776
1,370.052,1742519885.4376776
2,382.242,1742519885.4376776
3,378.022,1742519885.4376776
4,365.723,1742519885.4376776
5,380.868,1742519885.4376776
6,378.096,1742519885.4376776
7,386.074,1742519885.4376776
0,378.65,1742519885.4878142
1,370.703,1742519885.4878142
2,384.117,1742519885.4878142
3,377.73,1742519885.4878142
4,365.723,1742519885.4878142
5,383.493,1742519885.4878142
6,377.476,1742519885.4878142
7,386.074,1742519885.4878142
0,378.65,1742519885.5379474
1,370.703,1742519885.5379474
2,384.117,1742519885.5379474
3,377.73,1742519885.5379474
4,365.116,1742519885.5379474
5,383.493,1742519885.5379474
6,377.476,1742519885.5379474
7,386.212,1742519885.5379474
0,379.876,1742519885.588077
1,370.256,1742519885.588077
2,384.25,1742519885.588077
3,377.487,1742519885.588077
4,365.116,1742519885.588077
5,381.276,1742519885.588077
6,375.793,1742519885.588077
7,386.212,1742519885.588077
0,379.876,1742519885.6382232
1,370.256,1742519885.6382232
2,384.25,1742519885.6382232
3,377.487,1742519885.6382232
4,364.655,1742519885.6382232
5,381.276,1742519885.6382232
6,375.793,1742519885.6382232
7,386.726,1742519885.6382232
0,379.721,1742519885.6884482
1,371.798,1742519885.6884482
2,384.45,1742519885.6884482
3,378.562,1742519885.6884482
4,364.655,1742519885.6884482
5,381.697,1742519885.6884482
6,374.835,1742519885.6884482
7,386.726,1742519885.6884482
0,379.721,1742519885.7385812
1,371.798,1742519885.7385812
2,384.45,1742519885.7385812
3,378.562,1742519885.7385812
4,365.292,1742519885.7385812
5,381.697,1742519885.7385812
6,374.835,1742519885.7385812
7,387.714,1742519885.7385812
0,379.391,1742519885.7887383
1,372.495,1742519885.7887383
2,383.295,1742519885.7887383
3,378.795,1742519885.7887383
4,365.292,1742519885.7887383
5,383.624,1742519885.7887383
6,375.708,1742519885.7887383
7,387.714,1742519885.7887383
0,379.391,1742519885.8389552
1,372.495,1742519885.8389552
2,383.295,1742519885.8389552
3,378.795,1742519885.8389552
4,365.343,1742519885.8389552
5,383.624,1742519885.8389552
6,375.708,1742519885.8389552
7,387.536,1742519885.8389552
0,379.818,1742519885.8891356
1,373.385,1742519885.8891356
2,383.383,1742519885.8891356
3,379.367,1742519885.8891356
4,365.343,1742519885.8891356
5,382.732,1742519885.8891356
6,374.374,1742519885.8891356
7,387.536,1742519885.8891356
0,379.818,1742519885.9392762
1,373.385,1742519885.9392762
2,383.383,1742519885.9392762
3,379.367,1742519885.9392762
4,365.133,1742519885.9392762
5,382.732,1742519885.9392762
6,374.374,1742519885.9392762
7,388.253,1742519885.9392762
0,380.311,1742519885.9894366
1,374.233,1742519885.9894366
2,383.327,1742519885.9894366
3,378.35,1742519885.9894366
4,365.133,1742519885.9894366
5,381.921,1742519885.9894366
6,372.786,1742519885.9894366
7,388.253,1742519885.9894366
0,380.311,1742519886.0395832
1,374.233,1742519886.0395832
2,383.327,1742519886.0395832
3,378.35,1742519886.0395832
4,363.71,1742519886.0395832
5,381.921,1742519886.0395832
6,372.786,1742519886.0395832
7,387.799,1742519886.0395832
0,380.961,1742519886.089735
1,377.085,1742519886.089735
2,382.062,1742519886.089735
3,378.171,1742519886.089735
4,363.71,1742519886.089735
5,381.921,1742519886.089735
6,373.26,1742519886.089735
7,387.799,1742519886.089735
0,380.961,1742519886.1398692
1,377.085,1742519886.1398692
2,382.062,1742519886.1398692
3,378.171,1742519886.1398692
4,363.765,1742519886.1398692
5,383.178,1742519886.1398692
6,373.26,1742519886.1398692
7,389.539,1742519886.1398692
0,382.171,1742519886.1902032
1,378.188,1742519886.1902032
2,378.927,1742519886.1902032
3,379.092,1742519886.1902032
4,363.765,1742519886.1902032
5,383.178,1742519886.1902032
6,373.072,1742519886.1902032
7,389.539,1742519886.1902032
0,382.171,1742519886.2403374
1,378.188,1742519886.2403374
2,378.927,1742519886.2403374
3,379.092,1742519886.2403374
4,363.154,1742519886.2403374
5,385.0,1742519886.2403374
6,373.072,1742519886.2403374
7,389.717,1742519886.2403374
0,383.458,1742519886.290525
1,378.649,1742519886.290525
2,378.108,1742519886.290525
3,379.253,1742519886.290525
4,363.154,1742519886.290525
5,385.0,1742519886.290525
6,374.19,1742519886.290525
7,389.717,1742519886.290525
0,383.458,1742519886.3406491
1,378.649,1742519886.3406491
2,378.108,1742519886.3406491
3,379.253,1742519886.3406491
4,361.302,1742519886.3406491
5,385.766,1742519886.3406491
6,374.19,1742519886.3406491
7,392.014,1742519886.3406491
0,385.054,1742519886.3907762
1,376.237,1742519886.3907762
2,375.869,1742519886.3907762
3,380.493,1742519886.3907762
4,361.302,1742519886.3907762
5,385.766,1742519886.3907762
6,374.067,1742519886.3907762
7,392.014,1742519886.3907762
0,385.054,1742519886.4409173
1,376.237,1742519886.4409173
2,375.869,1742519886.4409173
3,380.493,1742519886.4409173
4,361.302,1742519886.4409173
5,386.819,1742519886.4409173
6,374.067,1742519886.4409173
7,392.234,1742519886.4409173
0,386.126,1742519886.4910479
1,378.02,1742519886.4910479
2,375.023,1742519886.4910479
3,380.061,1742519886.4910479
4,362.383,1742519886.4910479
5,386.819,1742519886.4910479
6,373.498,1742519886.4910479
7,392.234,1742519886.4910479
0,386.126,1742519886.5411735
1,378.02,1742519886.5411735
2,375.023,1742519886.5411735
3,380.061,1742519886.5411735
4,362.383,1742519886.5411735
5,387.31,1742519886.5411735
6,373.498,1742519886.5411735
7,394.318,1742519886.5411735
0,387.483,1742519886.5912993
1,378.02,1742519886.5912993
2,374.436,1742519886.5912993
3,382.548,1742519886.5912993
4,363.624,1742519886.5912993
5,387.31,1742519886.5912993
6,375.204,1742519886.5912993
7,394.318,1742519886.5912993
0,387.483,1742519886.6414223
1,375.706,1742519886.6414223
2,374.436,1742519886.6414223
3,382.548,1742519886.6414223
4,363.624,1742519886.6414223
5,387.421,1742519886.6414223
6,375.204,1742519886.6414223
7,393.597,1742519886.6414223
0,387.594,1742519886.6915483
1,375.706,1742519886.6915483
2,373.573,1742519886.6915483
3,383.338,1742519886.6915483
4,364.226,1742519886.6915483
5,387.421,1742519886.6915483
6,376.464,1742519886.6915483
7,393.597,1742519886.6915483
0,387.594,1742519886.7416813
1,373.545,1742519886.7416813
2,373.573,1742519886.7416813
3,383.338,1742519886.7416813
4,364.226,1742519886.7416813
5,387.282,1742519886.7416813
6,376.464,1742519886.7416813
7,392.123,1742519886.7416813
0,387.554,1742519886.7918088
1,373.545,1742519886.7918088
2,374.079,1742519886.7918088
3,381.908,1742519886.7918088
4,364.122,1742519886.7918088
5,387.282,1742519886.7918088
6,377.434,1742519886.7918088
7,392.123,1742519886.7918088
0,387.554,1742519886.8419602
1,372.004,1742519886.8419602
2,374.079,1742519886.8419602
3,381.908,1742519886.8419602
4,364.122,1742519886.8419602
5,386.02,1742519886.8419602
6,377.434,1742519886.8419602
7,392.123,1742519886.8419602
0,386.476,1742519886.8920977
1,372.004,1742519886.8920977
2,372.507,1742519886.8920977
3,380.407,1742519886.8920977
4,365.411,1742519886.8920977
5,386.02,1742519886.8920977
6,377.331,1742519886.8920977
7,390.838,1742519886.8920977
0,386.476,1742519886.9422317
1,372.928,1742519886.9422317
2,372.507,1742519886.9422317
3,380.407,1742519886.9422317
4,365.411,1742519886.9422317
5,385.885,1742519886.9422317
6,377.331,1742519886.9422317
7,390.838,1742519886.9422317
0,386.207,1742519886.9923596
1,372.928,1742519886.9923596
2,372.44,1742519886.9923596
3,383.1,1742519886.9923596
4,366.816,1742519886.9923596
5,385.885,1742519886.9923596
6,379.37,1742519886.9923596
7,390.566,1742519886.9923596
0,386.207,1742519887.0424924
1,370.676,1742519887.0424924
2,372.44,1742519887.0424924
3,383.1,1742519887.0424924
4,366.816,1742519887.0424924
5,386.283,1742519887.0424924
6,379.37,1742519887.0424924
7,390.566,1742519887.0424924
0,386.964,1742519887.092664
1,370.676,1742519887.092664
2,373.361,1742519887.092664
3,382.892,1742519887.092664
4,368.619,1742519887.092664
5,386.283,1742519887.092664
6,382.241,1742519887.092664
7,390.579,1742519887.092664
0,386.964,1742519887.1427963
1,370.302,1742519887.1427963
2,373.361,1742519887.1427963
3,382.892,1742519887.1427963
4,368.619,1742519887.1427963
5,384.977,1742519887.1427963
6,382.241,1742519887.1427963
7,390.579,1742519887.1427963
0,385.077,1742519887.1929243
1,370.302,1742519887.1929243
2,374.383,1742519887.1929243
3,382.613,1742519887.1929243
4,369.835,1742519887.1929243
5,384.977,1742519887.1929243
6,381.959,1742519887.1929243
7,389.967,1742519887.1929243
0,385.077,1742519887.2430665
1,369.615,1742519887.2430665
2,374.383,1742519887.2430665
3,382.613,1742519887.2430665
4,369.835,1742519887.2430665
5,385.11,1742519887.2430665
6,381.959,1742519887.2430665
7,389.967,1742519887.2430665
0,383.99,1742519887.2932017
1,369.615,1742519887.2932017
2,373.562,1742519887.2932017
3,382.236,1742519887.2932017
4,370.483,1742519887.2932017
5,385.11,1742519887.2932017
6,382.994,1742519887.2932017
7,389.664,1742519887.2932017
0,383.99,1742519887.3433356
1,370.222,1742519887.3433356
2,373.562,1742519887.3433356
3,382.236,1742519887.3433356
4,370.483,1742519887.3433356
5,384.114,1742519887.3433356
6,382.994,1742519887.3433356
7,389.664,1742519887.3433356
0,382.856,1742519887.393457
1,370.222,1742519887.393457
2,374.741,1742519887.393457
3,379.932,1742519887.393457
4,372.116,1742519887.393457
5,384.114,1742519887.393457
6,382.966,1742519887.393457
7,388.271,1742519887.393457
0,382.856,1742519887.44358
1,371.276,1742519887.44358
2,374.741,1742519887.44358
3,379.932,1742519887.44358
4,372.116,1742519887.44358
5,382.487,1742519887.44358
6,382.966,1742519887.44358
7,388.271,1742519887.44358
0,382.007,1742519887.4937193
1,371.276,1742519887.4937193
2,374.506,1742519887.4937193
3,380.294,1742519887.4937193
4,371.957,1742519887.4937193
5,382.487,1742519887.4937193
6,382.966,1742519887.4937193
7,388.05,1742519887.4937193
0,382.007,1742519887.5438404
1,370.159,1742519887.5438404
2,374.506,1742519887.5438404
3,380.294,1742519887.5438404
4,371.957,1742519887.5438404
5,382.366,1742519887.5438404
6,381.913,1742519887.5438404
7,388.05,1742519887.5438404
0,380.187,1742519887.5939698
1,370.159,1742519887.5939698
2,373.827,1742519887.5939698
3,377.013,1742519887.5939698
4,369.69,1742519887.5939698
5,382.366,1742519887.5939698
6,381.913,1742519887.5939698
7,386.324,1742519887.5939698
0,380.187,1742519887.6441185
1,370.369,1742519887.6441185
2,373.827,1742519887.6441185
3,377.013,1742519887.6441185
4,369.69,1742519887.6441185
5,380.308,1742519887.6441185
6,381.985,1742519887.6441185
7,386.324,1742519887.6441185
0,379.88,1742519887.694251
1,370.369,1742519887.694251
2,375.164,1742519887.694251
3,374.698,1742519887.694251
4,369.747,1742519887.694251
5,380.308,1742519887.694251
6,381.985,1742519887.694251
7,384.995,1742519887.694251
0,379.88,1742519887.7443905
1,371.359,1742519887.7443905
2,375.164,1742519887.7443905
3,374.698,1742519887.7443905
4,369.747,1742519887.7443905
5,381.43,1742519887.7443905
6,381.355,1742519887.7443905
7,384.995,1742519887.7443905
0,381.251,1742519887.794513
1,371.359,1742519887.794513
2,376.535,1742519887.794513
3,373.574,1742519887.794513
4,371.017,1742519887.794513
5,381.43,1742519887.794513
6,381.355,1742519887.794513
7,386.754,1742519887.794513
0,381.251,1742519887.8446498
1,372.203,1742519887.8446498
2,376.535,1742519887.8446498
3,373.574,1742519887.8446498
4,371.017,1742519887.8446498
5,382.861,1742519887.8446498
6,380.376,1742519887.8446498
7,386.754,1742519887.8446498
0,382.032,1742519887.8947866
1,372.203,1742519887.8947866
2,376.709,1742519887.8947866
3,374.966,1742519887.8947866
4,370.245,1742519887.8947866
5,382.861,1742519887.8947866
6,380.376,1742519887.8947866
7,387.003,1742519887.8947866
0,382.032,1742519887.9449203
1,371.932,1742519887.9449203
2,376.709,1742519887.9449203
3,374.966,1742519887.9449203
4,370.245,1742519887.9449203
5,383.289,1742519887.9449203
6,380.622,1742519887.9449203
7,387.003,1742519887.9449203
0,379.715,1742519887.9950519
1,371.932,1742519887.9950519
2,378.024,1742519887.9950519
3,374.682,1742519887.9950519
4,370.14,1742519887.9950519
5,383.289,1742519887.9950519
6,380.622,1742519887.9950519
7,388.337,1742519887.9950519
0,379.715,1742519888.0451758
1,373.761,1742519888.0451758
2,378.024,1742519888.0451758
3,374.682,1742519888.0451758
4,370.14,1742519888.0451758
5,382.859,1742519888.0451758
6,379.887,1742519888.0451758
7,388.337,1742519888.0451758
0,379.023,1742519888.095302
1,373.761,1742519888.095302
2,379.243,1742519888.095302
3,374.814,1742519888.095302
4,368.586,1742519888.095302
5,382.859,1742519888.095302
6,379.887,1742519888.095302
7,389.055,1742519888.095302
0,379.023,1742519888.1454246
1,374.825,1742519888.1454246
2,379.243,1742519888.1454246
3,374.814,1742519888.1454246
4,368.586,1742519888.1454246
5,382.473,1742519888.1454246
6,377.494,1742519888.1454246
7,389.055,1742519888.1454246
0,380.45,1742519888.1955528
1,374.825,1742519888.1955528
2,380.78,1742519888.1955528
3,375.621,1742519888.1955528
4,367.297,1742519888.1955528
5,382.473,1742519888.1955528
6,377.494,1742519888.1955528
7,389.521,1742519888.1955528
0,380.45,1742519888.2456868
1,376.041,1742519888.2456868
2,380.78,1742519888.2456868
3,375.621,1742519888.2456868
4,367.297,1742519888.2456868
5,383.112,1742519888.2456868
6,378.451,1742519888.2456868
7,389.521,1742519888.2456868
0,380.873,1742519888.2958572
1,376.041,1742519888.2958572
2,380.78,1742519888.2958572
3,376.381,1742519888.2958572
4,367.156,1742519888.2958572
5,383.112,1742519888.2958572
6,378.451,1742519888.2958572
7,389.953,1742519888.2958572
0,380.873,1742519888.3459818
1,376.146,1742519888.3459818
2,380.084,1742519888.3459818
3,376.381,1742519888.3459818
4,367.156,1742519888.3459818
5,383.773,1742519888.3459818
6,376.252,1742519888.3459818
7,389.953,1742519888.3459818
0,381.121,1742519888.3961174
1,376.146,1742519888.3961174
2,380.084,1742519888.3961174
3,376.381,1742519888.3961174
4,363.838,1742519888.3961174
5,383.773,1742519888.3961174
6,376.252,1742519888.3961174
7,391.559,1742519888.3961174
0,381.121,1742519888.4462552
1,377.736,1742519888.4462552
2,378.967,1742519888.4462552
3,376.856,1742519888.4462552
4,363.838,1742519888.4462552
5,384.692,1742519888.4462552
6,376.507,1742519888.4462552
7,391.559,1742519888.4462552
0,381.4,1742519888.4963908
1,377.736,1742519888.4963908
2,378.967,1742519888.4963908
3,376.856,1742519888.4963908
4,364.468,1742519888.4963908
5,384.692,1742519888.4963908
6,376.507,1742519888.4963908
7,390.615,1742519888.4963908
0,381.4,1742519888.5465262
1,378.375,1742519888.5465262
2,378.266,1742519888.5465262
3,377.583,1742519888.5465262
4,364.468,1742519888.5465262
5,385.39,1742519888.5465262
6,375.095,1742519888.5465262
7,390.615,1742519888.5465262
0,382.784,1742519888.5966623
1,378.375,1742519888.5966623
2,378.266,1742519888.5966623
3,377.583,1742519888.5966623
4,366.207,1742519888.5966623
5,385.39,1742519888.5966623
6,375.095,1742519888.5966623
7,391.186,1742519888.5966623
0,382.784,1742519888.6468225
1,379.506,1742519888.6468225
2,379.582,1742519888.6468225
3,379.007,1742519888.6468225
4,366.207,1742519888.6468225
5,386.018,1742519888.6468225
6,375.229,1742519888.6468225
7,391.186,1742519888.6468225
0,384.091,1742519888.6969566
1,379.506,1742519888.6969566
2,379.582,1742519888.6969566
3,379.007,1742519888.6969566
4,365.192,1742519888.6969566
5,386.018,1742519888.6969566
6,375.229,1742519888.6969566
7,392.575,1742519888.6969566
0,384.091,1742519888.7470896
1,380.137,1742519888.7470896
2,378.388,1742519888.7470896
3,378.931,1742519888.7470896
4,365.192,1742519888.7470896
5,386.957,1742519888.7470896
6,375.181,1742519888.7470896
7,392.575,1742519888.7470896
0,384.245,1742519888.7972262
1,380.137,1742519888.7972262
2,378.388,1742519888.7972262
3,378.931,1742519888.7972262
4,365.172,1742519888.7972262
5,386.957,1742519888.7972262
6,375.181,1742519888.7972262
7,391.619,1742519888.7972262
0,384.245,1742519888.8473625
1,379.091,1742519888.8473625
2,375.548,1742519888.8473625
3,382.701,1742519888.8473625
4,365.172,1742519888.8473625
5,386.172,1742519888.8473625
6,375.238,1742519888.8473625
7,391.619,1742519888.8473625
0,385.065,1742519888.8976777
1,379.091,1742519888.8976777
2,375.548,1742519888.8976777
3,382.701,1742519888.8976777
4,365.447,1742519888.8976777
5,386.172,1742519888.8976777
6,375.238,1742519888.8976777
7,391.124,1742519888.8976777
0,385.065,1742519888.947821
1,379.242,1742519888.947821
2,376.179,1742519888.947821
3,384.076,1742519888.947821
4,365.447,1742519888.947821
5,389.652,1742519888.947821
6,376.027,1742519888.947821
7,391.124,1742519888.947821
0,384.423,1742519888.998007
1,379.242,1742519888.998007
2,376.179,1742519888.998007
3,384.076,1742519888.998007
4,365.636,1742519888.998007
5,389.652,1742519888.998007
6,376.027,1742519888.998007
7,390.748,1742519888.998007
0,384.423,1742519889.0481083
1,378.226,1742519889.0481083
2,374.49,1742519889.0481083
3,384.522,1742519889.0481083
4,365.636,1742519889.0481083
5,389.192,1742519889.0481083
6,377.285,1742519889.0481083
7,390.748,1742519889.0481083
0,384.183,1742519889.0982218
1,378.226,1742519889.0982218
2,374.49,1742519889.0982218
3,384.522,1742519889.0982218
4,366.202,1742519889.0982218
5,389.192,1742519889.0982218
6,377.285,1742519889.0982218
7,390.078,1742519889.0982218
0,384.183,1742519889.1483266
1,376.856,1742519889.1483266
2,373.767,1742519889.1483266
3,384.348,1742519889.1483266
4,366.202,1742519889.1483266
5,389.274,1742519889.1483266
6,377.471,1742519889.1483266
7,390.078,1742519889.1483266
0,383.27,1742519889.198464
1,376.856,1742519889.198464
2,373.767,1742519889.198464
3,384.348,1742519889.198464
4,364.958,1742519889.198464
5,389.274,1742519889.198464
6,377.471,1742519889.198464
7,388.761,1742519889.198464
0,383.27,1742519889.2485983
1,376.856,1742519889.2485983
2,374.095,1742519889.2485983
3,383.52,1742519889.2485983
4,364.958,1742519889.2485983
5,389.039,1742519889.2485983
6,378.298,1742519889.2485983
7,388.761,1742519889.2485983
0,379.518,1742519889.2987792
1,377.408,1742519889.2987792
2,374.095,1742519889.2987792
3,383.52,1742519889.2987792
4,363.98,1742519889.2987792
5,389.039,1742519889.2987792
6,378.298,1742519889.2987792
7,385.396,1742519889.2987792
0,379.518,1742519889.3489108
1,377.408,1742519889.3489108
2,366.314,1742519889.3489108
3,371.542,1742519889.3489108
4,363.98,1742519889.3489108
5,368.378,1742519889.3489108
6,369.098,1742519889.3489108
7,385.396,1742519889.3489108
0,353.798,1742519889.399071
1,357.156,1742519889.399071
2,366.314,1742519889.399071
3,371.542,1742519889.399071
4,341.333,1742519889.399071
5,368.378,1742519889.399071
6,369.098,1742519889.399071
7,359.265,1742519889.399071
0,353.798,1742519889.449206
1,357.156,1742519889.449206
2,341.888,1742519889.449206
3,346.468,1742519889.449206
4,341.333,1742519889.449206
5,341.814,1742519889.449206
6,344.429,1742519889.449206
7,359.265,1742519889.449206
0,328.385,1742519889.4993727
1,328.84,1742519889.4993727
2,341.888,1742519889.4993727
3,346.468,1742519889.4993727
4,317.856,1742519889.4993727
5,341.814,1742519889.4993727
6,344.429,1742519889.4993727
7,333.146,1742519889.4993727
0,328.385,1742519889.549506
1,328.84,1742519889.549506
2,317.756,1742519889.549506
3,320.427,1742519889.549506
4,317.856,1742519889.549506
5,315.703,1742519889.549506
6,320.085,1742519889.549506
7,333.146,1742519889.549506
0,298.23,1742519889.5996392
1,303.49,1742519889.5996392
2,317.756,1742519889.5996392
3,320.427,1742519889.5996392
4,293.326,1742519889.5996392
5,315.703,1742519889.5996392
6,320.085,1742519889.5996392
7,307.535,1742519889.5996392
0,298.23,1742519889.6498191
1,303.49,1742519889.6498191
2,292.855,1742519889.6498191
3,295.296,1742519889.6498191
4,293.326,1742519889.6498191
5,289.203,1742519889.6498191
6,295.789,1742519889.6498191
7,307.535,1742519889.6498191
0,271.565,1742519889.6999397
1,280.316,1742519889.6999397
2,292.855,1742519889.6999397
3,295.296,1742519889.6999397
4,269.573,1742519889.6999397
5,289.203,1742519889.6999397
6,295.789,1742519889.6999397
7,281.085,1742519889.6999397
0,271.565,1742519889.750075
1,280.316,1742519889.750075
2,266.511,1742519889.750075
3,267.522,1742519889.750075
4,269.573,1742519889.750075
5,262.716,1742519889.750075
6,269.011,1742519889.750075
7,281.085,1742519889.750075
0,245.327,1742519889.800197
1,244.923,1742519889.800197
2,266.511,1742519889.800197
3,267.522,1742519889.800197
4,243.638,1742519889.800197
5,262.716,1742519889.800197
6,269.011,1742519889.800197
7,255.372,1742519889.800197
0,245.327,1742519889.850329
1,244.923,1742519889.850329
2,243.753,1742519889.850329
3,242.977,1742519889.850329
4,243.638,1742519889.850329
5,236.321,1742519889.850329
6,245.184,1742519889.850329
7,255.372,1742519889.850329
0,218.631,1742519889.9004638
1,220.89,1742519889.9004638
2,243.753,1742519889.9004638
3,242.977,1742519889.9004638
4,218.829,1742519889.9004638
5,236.321,1742519889.9004638
6,245.184,1742519889.9004638
7,230.347,1742519889.9004638
0,218.631,1742519889.9505892
1,220.89,1742519889.9505892
2,219.301,1742519889.9505892
3,216.895,1742519889.9505892
4,218.829,1742519889.9505892
5,212.756,1742519889.9505892
6,219.403,1742519889.9505892
7,230.347,1742519889.9505892
0,193.104,1742519890.0007226
1,196.331,1742519890.0007226
2,219.301,1742519890.0007226
3,216.895,1742519890.0007226
4,193.371,1742519890.0007226
5,212.756,1742519890.0007226
6,219.403,1742519890.0007226
7,204.949,1742519890.0007226
0,193.104,1742519890.0508585
1,196.331,1742519890.0508585
2,194.7,1742519890.0508585
3,186.542,1742519890.0508585
4,193.371,1742519890.0508585
5,187.51,1742519890.0508585
6,193.438,1742519890.0508585
7,204.949,1742519890.0508585
0,171.062,1742519890.1009948
1,171.045,1742519890.1009948
2,194.7,1742519890.1009948
3,186.542,1742519890.1009948
4,170.654,1742519890.1009948
5,187.51,1742519890.1009948
6,193.438,1742519890.1009948
7,180.068,1742519890.1009948
0,171.062,1742519890.151129
1,171.045,1742519890.151129
2,165.911,1742519890.151129
3,165.947,1742519890.151129
4,170.654,1742519890.151129
5,161.557,1742519890.151129
6,162.157,1742519890.151129
7,180.068,1742519890.151129
0,142.765,1742519890.2012649
1,146.078,1742519890.2012649
2,165.911,1742519890.2012649
3,165.947,1742519890.2012649
4,143.999,1742519890.2012649
5,161.557,1742519890.2012649
6,162.157,1742519890.2012649
7,150.876,1742519890.2012649
0,142.765,1742519890.2514002
1,146.078,1742519890.2514002
2,139.975,1742519890.2514002
3,140.483,1742519890.2514002
4,143.999,1742519890.2514002
5,136.297,1742519890.2514002
6,129.16,1742519890.2514002
7,150.876,1742519890.2514002
0,124.239,1742519890.3015616
1,121.087,1742519890.3015616
2,139.975,1742519890.3015616
3,140.483,1742519890.3015616
4,120.732,1742519890.3015616
5,136.297,1742519890.3015616
6,129.16,1742519890.3015616
7,128.226,1742519890.3015616
0,124.239,1742519890.3516936
1,121.087,1742519890.3516936
2,123.571,1742519890.3516936
3,121.589,1742519890.3516936
4,120.732,1742519890.3516936
5,123.088,1742519890.3516936
6,120.048,1742519890.3516936
7,128.226,1742519890.3516936
0,123.931,1742519890.401828
1,119.177,1742519890.401828
2,123.571,1742519890.401828
3,121.589,1742519890.401828
4,119.722,1742519890.401828
5,123.088,1742519890.401828
6,120.048,1742519890.401828
7,127.366,1742519890.401828
0,123.931,1742519890.4519641
1,119.177,1742519890.4519641
2,123.282,1742519890.4519641
3,121.331,1742519890.4519641
4,119.722,1742519890.4519641
5,122.95,1742519890.4519641
6,119.802,1742519890.4519641
7,127.366,1742519890.4519641
0,123.806,1742519890.502098
1,119.025,1742519890.502098
2,123.282,1742519890.502098
3,121.331,1742519890.502098
4,119.601,1742519890.502098
5,122.95,1742519890.502098
6,119.802,1742519890.502098
7,127.197,1742519890.502098
0,123.806,1742519890.5522344
1,119.025,1742519890.5522344
2,123.139,1742519890.5522344
3,121.203,1742519890.5522344
4,119.601,1742519890.5522344
5,122.778,1742519890.5522344
6,119.59,1742519890.5522344
7,127.197,1742519890.5522344
0,123.713,1742519890.6023574
1,118.705,1742519890.6023574
2,123.139,1742519890.6023574
3,121.203,1742519890.6023574
4,119.52,1742519890.6023574
5,122.778,1742519890.6023574
6,119.59,1742519890.6023574
7,127.089,1742519890.6023574
0,123.713,1742519890.6524866
1,118.705,1742519890.6524866
2,123.008,1742519890.6524866
3,121.122,1742519890.6524866
4,119.52,1742519890.6524866
5,122.708,1742519890.6524866
6,119.371,1742519890.6524866
7,127.089,1742519890.6524866
0,123.582,1742519890.7026236
1,118.629,1742519890.7026236
2,123.008,1742519890.7026236
3,121.122,1742519890.7026236
4,119.463,1742519890.7026236
5,122.708,1742519890.7026236
6,119.371,1742519890.7026236
7,127.001,1742519890.7026236
0,123.582,1742519890.7527578
1,118.629,1742519890.7527578
2,122.91,1742519890.7527578
3,121.053,1742519890.7527578
4,119.463,1742519890.7527578
5,122.607,1742519890.7527578
6,119.166,1742519890.7527578
7,127.001,1742519890.7527578
0,123.53,1742519890.802892
1,118.345,1742519890.802892
2,122.91,1742519890.802892
3,121.053,1742519890.802892
4,119.406,1742519890.802892
5,122.607,1742519890.802892
6,119.166,1742519890.802892
7,126.913,1742519890.802892
0,123.53,1742519890.8530211
1,118.345,1742519890.8530211
2,122.834,1742519890.8530211
3,120.999,1742519890.8530211
4,119.406,1742519890.8530211
5,122.587,1742519890.8530211
6,118.978,1742519890.8530211
7,126.913,1742519890.8530211
0,123.464,1742519890.9031544
1,118.209,1742519890.9031544
2,122.834,1742519890.9031544
3,120.999,1742519890.9031544
4,119.329,1742519890.9031544
5,122.587,1742519890.9031544
6,118.978,1742519890.9031544
7,126.847,1742519890.9031544
0,123.464,1742519890.9532888
1,118.209,1742519890.9532888
2,122.79,1742519890.9532888
3,120.942,1742519890.9532888
4,119.329,1742519890.9532888
5,122.508,1742519890.9532888
6,118.831,1742519890.9532888
7,126.847,1742519890.9532888
0,123.416,1742519891.0034227
1,117.95,1742519891.0034227
2,122.79,1742519891.0034227
3,120.942,1742519891.0034227
4,119.288,1742519891.0034227
5,122.508,1742519891.0034227
6,118.831,1742519891.0034227
7,126.779,1742519891.0034227
0,123.416,1742519891.0535605
1,117.95,1742519891.0535605
2,122.709,1742519891.0535605
3,120.91,1742519891.0535605
4,119.288,1742519891.0535605
5,122.459,1742519891.0535605
6,118.635,1742519891.0535605
7,126.779,1742519891.0535605
0,123.372,1742519891.1036956
1,117.81,1742519891.1036956
2,122.709,1742519891.1036956
3,120.91,1742519891.1036956
4,119.231,1742519891.1036956
5,122.459,1742519891.1036956
6,118.635,1742519891.1036956
7,126.718,1742519891.1036956
0,123.372,1742519891.1538742
1,117.81,1742519891.1538742
2,122.667,1742519891.1538742
3,120.848,1742519891.1538742
4,119.231,1742519891.1538742
5,122.384,1742519891.1538742
6,118.522,1742519891.1538742
7,126.718,1742519891.1538742
0,123.349,1742519891.2040074
1,117.778,1742519891.2040074
2,122.667,1742519891.2040074
3,120.848,1742519891.2040074
4,119.162,1742519891.2040074
5,122.384,1742519891.2040074
6,118.522,1742519891.2040074
7,126.676,1742519891.2040074
0,123.349,1742519891.2541418
1,117.778,1742519891.2541418
2,122.616,1742519891.2541418
3,120.82,1742519891.2541418
4,119.162,1742519891.2541418
5,122.364,1742519891.2541418
6,118.503,1742519891.2541418
7,126.676,1742519891.2541418
0,123.302,1742519891.304278
1,117.714,1742519891.304278
2,122.616,1742519891.304278
3,120.82,1742519891.304278
4,119.134,1742519891.304278
5,122.364,1742519891.304278
6,118.503,1742519891.304278
7,126.611,1742519891.304278
0,123.302,1742519891.3544126
1,117.714,1742519891.3544126
2,122.549,1742519891.3544126
3,120.767,1742519891.3544126
4,119.134,1742519891.3544126
5,122.316,1742519891.3544126
6,118.477,1742519891.3544126
7,126.611,1742519891.3544126
0,123.292,1742519891.404527
1,117.758,1742519891.404527
2,122.549,1742519891.404527
3,120.767,1742519891.404527
4,119.12,1742519891.404527
5,122.316,1742519891.404527
6,118.477,1742519891.404527
7,126.573,1742519891.404527
0,123.292,1742519891.45466
1,117.758,1742519891.45466
2,122.482,1742519891.45466
3,120.71,1742519891.45466
4,119.12,1742519891.45466
5,122.284,1742519891.45466
6,118.445,1742519891.45466
7,126.573,1742519891.45466
0,123.256,1742519891.504793
1,117.628,1742519891.504793
2,122.482,1742519891.504793
3,120.71,1742519891.504793
4,119.083,1742519891.504793
5,122.284,1742519891.504793
6,118.445,1742519891.504793
7,126.546,1742519891.504793
0,123.256,1742519891.5549269
1,117.628,1742519891.5549269
2,122.43,1742519891.5549269
3,120.684,1742519891.5549269
4,119.083,1742519891.5549269
5,122.251,1742519891.5549269
6,118.397,1742519891.5549269
7,126.546,1742519891.5549269
0,123.21,1742519891.6050544
1,117.704,1742519891.6050544
2,122.43,1742519891.6050544
3,120.684,1742519891.6050544
4,119.06,1742519891.6050544
5,122.251,1742519891.6050544
6,118.397,1742519891.6050544
7,126.512,1742519891.6050544
0,123.21,1742519891.6551864
1,117.704,1742519891.6551864
2,122.404,1742519891.6551864
3,120.652,1742519891.6551864
4,119.06,1742519891.6551864
5,122.219,1742519891.6551864
6,118.371,1742519891.6551864
7,126.512,1742519891.6551864
0,123.198,1742519891.7053256
1,117.566,1742519891.7053256
2,122.404,1742519891.7053256
3,120.652,1742519891.7053256
4,118.998,1742519891.7053256
5,122.219,1742519891.7053256
6,118.371,1742519891.7053256
7,126.463,1742519891.7053256
0,123.198,1742519891.7554579
1,117.566,1742519891.7554579
2,122.39,1742519891.7554579
3,120.609,1742519891.7554579
4,118.998,1742519891.7554579
5,122.193,1742519891.7554579
6,118.354,1742519891.7554579
7,126.463,1742519891.7554579
0,123.18,1742519891.8055925
1,117.656,1742519891.8055925
2,122.39,1742519891.8055925
3,120.609,1742519891.8055925
4,118.973,1742519891.8055925
5,122.193,1742519891.8055925
6,118.354,1742519891.8055925
7,126.429,1742519891.8055925
0,123.18,1742519891.8557262
1,117.656,1742519891.8557262
2,122.359,1742519891.8557262
3,120.583,1742519891.8557262
4,118.973,1742519891.8557262
5,122.152,1742519891.8557262
6,118.335,1742519891.8557262
7,126.429,1742519891.8557262
0,123.129,1742519891.9058628
1,117.551,1742519891.9058628
2,122.359,1742519891.9058628
3,120.583,1742519891.9058628
4,118.917,1742519891.9058628
5,122.152,1742519891.9058628
6,118.335,1742519891.9058628
7,126.394,1742519891.9058628
0,123.129,1742519891.956034
1,117.551,1742519891.956034
2,122.311,1742519891.956034
3,120.556,1742519891.956034
4,118.917,1742519891.956034
5,122.139,1742519891.956034
6,118.309,1742519891.956034
7,126.394,1742519891.956034
0,123.075,1742519892.0061662
1,117.599,1742519892.0061662
2,122.311,1742519892.0061662
3,120.556,1742519892.0061662
4,118.888,1742519892.0061662
5,122.139,1742519892.0061662
6,118.309,1742519892.0061662
7,126.347,1742519892.0061662
0,123.075,1742519892.0563009
1,117.599,1742519892.0563009
2,122.274,1742519892.0563009
3,120.532,1742519892.0563009
4,118.888,1742519892.0563009
5,122.083,1742519892.0563009
6,118.258,1742519892.0563009
7,126.347,1742519892.0563009
0,122.982,1742519892.106472
1,117.532,1742519892.106472
2,122.274,1742519892.106472
3,120.532,1742519892.106472
4,118.894,1742519892.106472
5,122.083,1742519892.106472
6,118.258,1742519892.106472
7,126.327,1742519892.106472
0,122.982,1742519892.1565971
1,117.532,1742519892.1565971
2,122.236,1742519892.1565971
3,120.5,1742519892.1565971
4,118.894,1742519892.1565971
5,122.089,1742519892.1565971
6,118.245,1742519892.1565971
7,126.327,1742519892.1565971
0,122.919,1742519892.2067294
1,117.519,1742519892.2067294
2,122.236,1742519892.2067294
3,120.5,1742519892.2067294
4,118.88,1742519892.2067294
5,122.089,1742519892.2067294
6,118.245,1742519892.2067294
7,126.289,1742519892.2067294
0,122.919,1742519892.2568638
1,117.519,1742519892.2568638
2,122.217,1742519892.2568638
3,120.48,1742519892.2568638
4,118.88,1742519892.2568638
5,122.053,1742519892.2568638
6,118.225,1742519892.2568638
7,126.289,1742519892.2568638
0,122.838,1742519892.3069994
1,117.471,1742519892.3069994
2,122.217,1742519892.3069994
3,120.48,1742519892.3069994
4,118.86,1742519892.3069994
5,122.053,1742519892.3069994
6,118.225,1742519892.3069994
7,126.239,1742519892.3069994
0,122.838,1742519892.3571346
1,117.471,1742519892.3571346
2,122.205,1742519892.3571346
3,120.468,1742519892.3571346
4,118.86,1742519892.3571346
5,122.058,1742519892.3571346
6,118.22,1742519892.3571346
7,126.239,1742519892.3571346
0,122.766,1742519892.4073153
1,117.421,1742519892.4073153
2,122.205,1742519892.4073153
3,120.468,1742519892.4073153
4,118.792,1742519892.4073153
5,122.058,1742519892.4073153
6,118.22,1742519892.4073153
7,126.213,1742519892.4073153
0,122.766,1742519892.4574475
1,117.421,1742519892.4574475
2,122.199,1742519892.4574475
3,120.463,1742519892.4574475
4,118.792,1742519892.4574475
5,122.013,1742519892.4574475
6,118.2,1742519892.4574475
7,126.213,1742519892.4574475
0,122.696,1742519892.5075822
1,117.481,1742519892.5075822
2,122.199,1742519892.5075822
3,120.463,1742519892.5075822
4,118.789,1742519892.5075822
5,122.013,1742519892.5075822
6,118.2,1742519892.5075822
7,126.18,1742519892.5075822
0,122.696,1742519892.5577207
1,117.481,1742519892.5577207
2,122.179,1742519892.5577207
3,120.436,1742519892.5577207
4,118.789,1742519892.5577207
5,122.006,1742519892.5577207
6,118.186,1742519892.5577207
7,126.18,1742519892.5577207
0,122.696,1742519892.6078534
1,117.367,1742519892.6078534
2,122.179,1742519892.6078534
3,120.436,1742519892.6078534
4,118.744,1742519892.6078534
5,122.006,1742519892.6078534
6,118.186,1742519892.6078534
7,126.147,1742519892.6078534
0,122.656,1742519892.6579883
1,117.367,1742519892.6579883
2,122.159,1742519892.6579883
3,120.41,1742519892.6579883
4,118.744,1742519892.6579883
5,121.968,1742519892.6579883
6,118.179,1742519892.6579883
7,126.147,1742519892.6579883
0,122.589,1742519892.7081113
1,117.448,1742519892.7081113
2,122.159,1742519892.7081113
3,120.41,1742519892.7081113
4,118.718,1742519892.7081113
5,121.968,1742519892.7081113
6,118.179,1742519892.7081113
7,126.125,1742519892.7081113
0,122.589,1742519892.7582638
1,117.448,1742519892.7582638
2,122.121,1742519892.7582638
3,120.39,1742519892.7582638
4,118.718,1742519892.7582638
5,121.986,1742519892.7582638
6,118.147,1742519892.7582638
7,126.125,1742519892.7582638
0,122.488,1742519892.8083978
1,117.331,1742519892.8083978
2,122.121,1742519892.8083978
3,120.39,1742519892.8083978
4,118.727,1742519892.8083978
5,121.986,1742519892.8083978
6,118.147,1742519892.8083978
7,126.09,1742519892.8083978
0,122.488,1742519892.8585312
1,117.331,1742519892.8585312
2,122.081,1742519892.8585312
3,120.358,1742519892.8585312
4,118.727,1742519892.8585312
5,121.961,1742519892.8585312
6,118.133,1742519892.8585312
7,126.09,1742519892.8585312
0,122.458,1742519892.9086668
1,117.414,1742519892.9086668
2,122.081,1742519892.9086668
3,120.358,1742519892.9086668
4,118.713,1742519892.9086668
5,121.961,1742519892.9086668
6,118.133,1742519892.9086668
7,126.07,1742519892.9086668
0,122.458,1742519892.958802
1,117.414,1742519892.958802
2,122.057,1742519892.958802
3,120.351,1742519892.958802
4,118.713,1742519892.958802
5,121.948,1742519892.958802
6,118.107,1742519892.958802
7,126.07,1742519892.958802
0,122.449,1742519893.008938
1,117.314,1742519893.008938
2,122.057,1742519893.008938
3,120.351,1742519893.008938
4,118.702,1742519893.008938
5,121.948,1742519893.008938
6,118.107,1742519893.008938
7,126.05,1742519893.008938
0,122.449,1742519893.0590742
1,117.314,1742519893.0590742
2,122.048,1742519893.0590742
3,120.338,1742519893.0590742
4,118.702,1742519893.0590742
5,121.953,1742519893.0590742
6,118.111,1742519893.0590742
7,126.05,1742519893.0590742
0,122.449,1742519893.1092656
1,117.367,1742519893.1092656
2,122.048,1742519893.1092656
3,120.338,1742519893.1092656
4,118.639,1742519893.1092656
5,121.953,1742519893.1092656
6,118.111,1742519893.1092656
7,126.031,1742519893.1092656
0,122.429,1742519893.15939
1,117.367,1742519893.15939
2,122.037,1742519893.15939
3,120.318,1742519893.15939
4,118.639,1742519893.15939
5,121.92,1742519893.15939
6,118.081,1742519893.15939
7,126.031,1742519893.15939
0,122.429,1742519893.209523
1,117.334,1742519893.209523
2,122.037,1742519893.209523
3,120.318,1742519893.209523
4,118.634,1742519893.209523
5,121.92,1742519893.209523
6,118.081,1742519893.209523
7,126.03,1742519893.209523
0,122.387,1742519893.2596562
1,117.334,1742519893.2596562
2,122.021,1742519893.2596562
3,120.312,1742519893.2596562
4,118.634,1742519893.2596562
5,121.905,1742519893.2596562
6,118.061,1742519893.2596562
7,126.03,1742519893.2596562
0,122.387,1742519893.3097827
1,117.382,1742519893.3097827
2,122.021,1742519893.3097827
3,120.312,1742519893.3097827
4,118.605,1742519893.3097827
5,121.905,1742519893.3097827
6,118.061,1742519893.3097827
7,126.021,1742519893.3097827
0,122.357,1742519893.3599172
1,117.382,1742519893.3599172
2,122.005,1742519893.3599172
3,120.303,1742519893.3599172
4,118.605,1742519893.3599172
5,121.858,1742519893.3599172
6,118.055,1742519893.3599172
7,126.021,1742519893.3599172
0,122.357,1742519893.410054
1,117.293,1742519893.410054
2,122.005,1742519893.410054
3,120.303,1742519893.410054
4,118.605,1742519893.410054
5,121.858,1742519893.410054
6,118.055,1742519893.410054
7,125.968,1742519893.410054
0,122.342,1742519893.460189
1,117.293,1742519893.460189
2,121.979,1742519893.460189
3,120.289,1742519893.460189
4,118.605,1742519893.460189
5,121.865,1742519893.460189
6,118.021,1742519893.460189
7,125.968,1742519893.460189
0,122.342,1742519893.51039
1,117.328,1742519893.51039
2,121.979,1742519893.51039
3,120.289,1742519893.51039
4,118.574,1742519893.51039
5,121.865,1742519893.51039
6,118.021,1742519893.51039
7,125.958,1742519893.51039
0,122.306,1742519893.5605235
1,117.328,1742519893.5605235
2,121.947,1742519893.5605235
3,120.275,1742519893.5605235
4,118.574,1742519893.5605235
5,121.818,1742519893.5605235
6,118.018,1742519893.5605235
7,125.958,1742519893.5605235
0,122.306,1742519893.6106565
1,117.294,1742519893.6106565
2,121.947,1742519893.6106565
3,120.275,1742519893.6106565
4,118.566,1742519893.6106565
5,121.818,1742519893.6106565
6,118.018,1742519893.6106565
7,125.93,1742519893.6106565
0,122.282,1742519893.6607866
1,117.294,1742519893.6607866
2,121.923,1742519893.6607866
3,120.277,1742519893.6607866
4,118.566,1742519893.6607866
5,121.819,1742519893.6607866
6,117.997,1742519893.6607866
7,125.93,1742519893.6607866
0,122.282,1742519893.7109194
1,117.275,1742519893.7109194
2,121.923,1742519893.7109194
3,120.277,1742519893.7109194
4,118.543,1742519893.7109194
5,121.819,1742519893.7109194
6,117.997,1742519893.7109194
7,125.897,1742519893.7109194
0,122.248,1742519893.7610524
1,117.275,1742519893.7610524
2,121.909,1742519893.7610524
3,120.249,1742519893.7610524
4,118.543,1742519893.7610524
5,121.776,1742519893.7610524
6,117.987,1742519893.7610524
7,125.897,1742519893.7610524
0,122.248,1742519893.8111887
1,117.313,1742519893.8111887
2,121.909,1742519893.8111887
3,120.249,1742519893.8111887
4,118.499,1742519893.8111887
5,121.776,1742519893.8111887
6,117.987,1742519893.8111887
7,125.948,1742519893.8111887
0,122.217,1742519893.8613238
1,117.313,1742519893.8613238
2,121.902,1742519893.8613238
3,120.244,1742519893.8613238
4,118.499,1742519893.8613238
5,121.769,1742519893.8613238
6,117.957,1742519893.8613238
7,125.948,1742519893.8613238
0,122.217,1742519893.9114437
1,117.202,1742519893.9114437
2,121.902,1742519893.9114437
3,120.244,1742519893.9114437
4,118.487,1742519893.9114437
5,121.769,1742519893.9114437
6,117.957,1742519893.9114437
7,126.002,1742519893.9114437
0,122.201,1742519893.9615667
1,117.202,1742519893.9615667
2,121.903,1742519893.9615667
3,120.242,1742519893.9615667
4,118.487,1742519893.9615667
5,121.72,1742519893.9615667
6,117.95,1742519893.9615667
7,126.002,1742519893.9615667
0,122.201,1742519894.0117006
1,117.273,1742519894.0117006
2,121.903,1742519894.0117006
3,120.242,1742519894.0117006
4,118.449,1742519894.0117006
5,121.72,1742519894.0117006
6,117.95,1742519894.0117006
7,126.055,1742519894.0117006
0,122.155,1742519894.0618358
1,117.273,1742519894.0618358
2,121.863,1742519894.0618358
3,120.222,1742519894.0618358
4,118.449,1742519894.0618358
5,121.724,1742519894.0618358
6,117.932,1742519894.0618358
7,126.055,1742519894.0618358
0,122.155,1742519894.1119723
1,117.149,1742519894.1119723
2,121.863,1742519894.1119723
3,120.222,1742519894.1119723
4,118.443,1742519894.1119723
5,121.724,1742519894.1119723
6,117.932,1742519894.1119723
7,126.101,1742519894.1119723
0,122.109,1742519894.1622148
1,117.149,1742519894.1622148
2,121.83,1742519894.1622148
3,120.202,1742519894.1622148
4,118.443,1742519894.1622148
5,121.711,1742519894.1622148
6,117.942,1742519894.1622148
7,126.101,1742519894.1622148
0,122.109,1742519894.212348
1,117.242,1742519894.212348
2,121.83,1742519894.212348
3,120.202,1742519894.212348
4,118.445,1742519894.212348
5,121.711,1742519894.212348
6,117.942,1742519894.212348
7,126.128,1742519894.212348
0,122.152,1742519894.2625248
1,117.242,1742519894.2625248
2,121.797,1742519894.2625248
3,120.186,1742519894.2625248
4,118.445,1742519894.2625248
5,121.699,1742519894.2625248
6,117.93,1742519894.2625248
7,126.128,1742519894.2625248
0,122.152,1742519894.3126574
1,117.122,1742519894.3126574
2,121.797,1742519894.3126574
3,120.186,1742519894.3126574
4,118.446,1742519894.3126574
5,121.699,1742519894.3126574
6,117.93,1742519894.3126574
7,126.182,1742519894.3126574
0,122.125,1742519894.3627918
1,117.122,1742519894.3627918
2,121.764,1742519894.3627918
3,120.16,1742519894.3627918
4,118.446,1742519894.3627918
5,121.694,1742519894.3627918
6,117.9,1742519894.3627918
7,126.182,1742519894.3627918
0,122.125,1742519894.4128942
1,117.212,1742519894.4128942
2,121.764,1742519894.4128942
3,120.16,1742519894.4128942
4,118.425,1742519894.4128942
5,121.694,1742519894.4128942
6,117.9,1742519894.4128942
7,126.216,1742519894.4128942
0,122.113,1742519894.4630253
1,117.212,1742519894.4630253
2,121.757,1742519894.4630253
3,120.151,1742519894.4630253
4,118.425,1742519894.4630253
5,121.672,1742519894.4630253
6,117.904,1742519894.4630253
7,126.216,1742519894.4630253
0,122.113,1742519894.5131588
1,117.131,1742519894.5131588
2,121.757,1742519894.5131588
3,120.151,1742519894.5131588
4,118.407,1742519894.5131588
5,121.672,1742519894.5131588
6,117.904,1742519894.5131588
7,126.264,1742519894.5131588
0,122.131,1742519894.5632935
1,117.131,1742519894.5632935
2,121.752,1742519894.5632935
3,120.151,1742519894.5632935
4,118.407,1742519894.5632935
5,121.672,1742519894.5632935
6,117.89,1742519894.5632935
7,126.264,1742519894.5632935
0,122.131,1742519894.6134226
1,117.124,1742519894.6134226
2,121.752,1742519894.6134226
3,120.151,1742519894.6134226
4,118.393,1742519894.6134226
5,121.672,1742519894.6134226
6,117.89,1742519894.6134226
7,126.337,1742519894.6134226
0,122.109,1742519894.6635537
1,117.124,1742519894.6635537
2,121.743,1742519894.6635537
3,120.131,1742519894.6635537
4,118.393,1742519894.6635537
5,121.639,1742519894.6635537
6,117.87,1742519894.6635537
7,126.337,1742519894.6635537
0,122.109,1742519894.7136745
1,117.11,1742519894.7136745
2,121.743,1742519894.7136745
3,120.131,1742519894.7136745
4,118.38,1742519894.7136745
5,121.639,1742519894.7136745
6,117.87,1742519894.7136745
7,126.378,1742519894.7136745
0,122.168,1742519894.7637992
1,117.11,1742519894.7637992
2,121.732,1742519894.7637992
3,120.122,1742519894.7637992
4,118.38,1742519894.7637992
5,121.632,1742519894.7637992
6,117.857,1742519894.7637992
7,126.378,1742519894.7637992
0,122.168,1742519894.813932
1,117.087,1742519894.813932
2,121.732,1742519894.813932
3,120.122,1742519894.813932
4,118.376,1742519894.813932
5,121.632,1742519894.813932
6,117.857,1742519894.813932
7,126.376,1742519894.813932
0,122.194,1742519894.864066
1,117.087,1742519894.864066
2,121.693,1742519894.864066
3,120.09,1742519894.864066
4,118.376,1742519894.864066
5,121.583,1742519894.864066
6,117.838,1742519894.864066
7,126.376,1742519894.864066
0,122.194,1742519894.9142022
1,117.135,1742519894.9142022
2,121.693,1742519894.9142022
3,120.09,1742519894.9142022
4,118.371,1742519894.9142022
5,121.583,1742519894.9142022
6,117.838,1742519894.9142022
7,126.356,1742519894.9142022
0,122.226,1742519894.9643378
1,117.135,1742519894.9643378
2,121.666,1742519894.9643378
3,120.076,1742519894.9643378
4,118.371,1742519894.9643378
5,121.583,1742519894.9643378
6,117.822,1742519894.9643378
7,126.356,1742519894.9643378
0,122.226,1742519895.0144737
1,117.054,1742519895.0144737
2,121.666,1742519895.0144737
3,120.076,1742519895.0144737
4,118.372,1742519895.0144737
5,121.583,1742519895.0144737
6,117.822,1742519895.0144737
7,126.322,1742519895.0144737
0,122.264,1742519895.0646029
1,117.054,1742519895.0646029
2,121.66,1742519895.0646029
3,120.056,1742519895.0646029
4,118.372,1742519895.0646029
5,121.562,1742519895.0646029
6,117.807,1742519895.0646029
7,126.322,1742519895.0646029
0,122.264,1742519895.11478
1,117.114,1742519895.11478
2,121.66,1742519895.11478
3,120.056,1742519895.11478
4,118.364,1742519895.11478
5,121.562,1742519895.11478
6,117.807,1742519895.11478
7,126.297,1742519895.11478
0,122.284,1742519895.1649115
1,117.114,1742519895.1649115
2,121.646,1742519895.1649115
3,120.063,1742519895.1649115
4,118.364,1742519895.1649115
5,121.541,1742519895.1649115
6,117.777,1742519895.1649115
7,126.297,1742519895.1649115
0,122.284,1742519895.2150466
1,116.985,1742519895.2150466
2,121.646,1742519895.2150466
3,120.063,1742519895.2150466
4,118.322,1742519895.2150466
5,121.541,1742519895.2150466
6,117.777,1742519895.2150466
7,126.291,1742519895.2150466
0,122.244,1742519895.2651749
1,116.985,1742519895.2651749
2,121.643,1742519895.2651749
3,120.057,1742519895.2651749
4,118.322,1742519895.2651749
5,121.528,1742519895.2651749
6,117.777,1742519895.2651749
7,126.291,1742519895.2651749
0,122.244,1742519895.3153076
1,117.081,1742519895.3153076
2,121.643,1742519895.3153076
3,120.057,1742519895.3153076
4,118.301,1742519895.3153076
5,121.528,1742519895.3153076
6,117.777,1742519895.3153076
7,126.277,1742519895.3153076
0,122.29,1742519895.3654428
1,117.081,1742519895.3654428
2,121.64,1742519895.3654428
3,120.043,1742519895.3654428
4,118.301,1742519895.3654428
5,121.529,1742519895.3654428
6,117.779,1742519895.3654428
7,126.277,1742519895.3654428
0,122.29,1742519895.415579
1,116.974,1742519895.415579
2,121.64,1742519895.415579
3,120.043,1742519895.415579
4,118.301,1742519895.415579
5,121.529,1742519895.415579
6,117.779,1742519895.415579
7,126.276,1742519895.415579
0,122.307,1742519895.4657207
1,116.974,1742519895.4657207
2,121.627,1742519895.4657207
3,120.017,1742519895.4657207
4,118.305,1742519895.4657207
5,121.5,1742519895.4657207
6,117.752,1742519895.4657207
7,126.276,1742519895.4657207
0,122.307,1742519895.5158536
1,117.072,1742519895.5158536
2,121.627,1742519895.5158536
3,120.017,1742519895.5158536
4,118.305,1742519895.5158536
5,121.5,1742519895.5158536
6,117.752,1742519895.5158536
7,126.267,1742519895.5158536
0,122.313,1742519895.5659862
1,117.072,1742519895.5659862
2,121.59,1742519895.5659862
3,119.989,1742519895.5659862
4,118.273,1742519895.5659862
5,121.495,1742519895.5659862
6,117.747,1742519895.5659862
7,126.267,1742519895.5659862
0,122.313,1742519895.6161253
1,116.99,1742519895.6161253
2,121.59,1742519895.6161253
3,119.989,1742519895.6161253
4,118.269,1742519895.6161253
5,121.495,1742519895.6161253
6,117.747,1742519895.6161253
7,126.232,1742519895.6161253
0,122.321,1742519895.6662498
1,116.99,1742519895.6662498
2,121.562,1742519895.6662498
3,119.981,1742519895.6662498
4,118.269,1742519895.6662498
5,121.492,1742519895.6662498
6,117.718,1742519895.6662498
7,126.232,1742519895.6662498
0,122.321,1742519895.7163715
1,117.021,1742519895.7163715
2,121.562,1742519895.7163715
3,119.981,1742519895.7163715
4,118.264,1742519895.7163715
5,121.492,1742519895.7163715
6,117.718,1742519895.7163715
7,126.213,1742519895.7163715
0,122.29,1742519895.7664936
1,117.021,1742519895.7664936
2,121.562,1742519895.7664936
3,119.973,1742519895.7664936
4,118.264,1742519895.7664936
5,121.488,1742519895.7664936
6,117.719,1742519895.7664936
7,126.213,1742519895.7664936
0,122.29,1742519895.8166163
1,117.001,1742519895.8166163
2,121.562,1742519895.8166163
3,119.973,1742519895.8166163
4,118.25,1742519895.8166163
5,121.488,1742519895.8166163
6,117.719,1742519895.8166163
7,126.2,1742519895.8166163
0,122.291,1742519895.8667483
1,117.001,1742519895.8667483
2,121.549,1742519895.8667483
3,119.974,1742519895.8667483
4,118.25,1742519895.8667483
5,121.507,1742519895.8667483
6,117.72,1742519895.8667483
7,126.2,1742519895.8667483
0,122.291,1742519895.9168828
1,116.962,1742519895.9168828
2,121.549,1742519895.9168828
3,119.974,1742519895.9168828
4,118.248,1742519895.9168828
5,121.507,1742519895.9168828
6,117.72,1742519895.9168828
7,126.174,1742519895.9168828
0,122.238,1742519895.967018
1,116.962,1742519895.967018
2,121.543,1742519895.967018
3,119.961,1742519895.967018
4,118.248,1742519895.967018
5,121.487,1742519895.967018
6,117.724,1742519895.967018
7,126.174,1742519895.967018
0,122.238,1742519896.0172713
1,116.966,1742519896.0172713
2,121.543,1742519896.0172713
3,119.961,1742519896.0172713
4,118.227,1742519896.0172713
5,121.487,1742519896.0172713
6,117.724,1742519896.0172713
7,126.188,1742519896.0172713
0,122.218,1742519896.0674272
1,116.966,1742519896.0674272
2,121.524,1742519896.0674272
3,119.954,1742519896.0674272
4,118.227,1742519896.0674272
5,121.469,1742519896.0674272
6,117.732,1742519896.0674272
7,126.188,1742519896.0674272
0,122.218,1742519896.11756
1,116.964,1742519896.11756
2,121.524,1742519896.11756
3,119.954,1742519896.11756
4,118.231,1742519896.11756
5,121.469,1742519896.11756
6,117.732,1742519896.11756
7,126.186,1742519896.11756
0,122.2,1742519896.1676934
1,116.964,1742519896.1676934
2,121.511,1742519896.1676934
3,119.926,1742519896.1676934
4,118.231,1742519896.1676934
5,121.439,1742519896.1676934
6,117.691,1742519896.1676934
7,126.186,1742519896.1676934
0,122.2,1742519896.2178435
1,117.003,1742519896.2178435
2,121.511,1742519896.2178435
3,119.926,1742519896.2178435
4,118.226,1742519896.2178435
5,121.439,1742519896.2178435
6,117.691,1742519896.2178435
7,126.165,1742519896.2178435
0,122.182,1742519896.267952
1,117.003,1742519896.267952
2,121.491,1742519896.267952
3,119.92,1742519896.267952
4,118.226,1742519896.267952
5,121.432,1742519896.267952
6,117.686,1742519896.267952
7,126.165,1742519896.267952
0,122.182,1742519896.3180325
1,116.917,1742519896.3180325
2,121.491,1742519896.3180325
3,119.92,1742519896.3180325
4,118.221,1742519896.3180325
5,121.432,1742519896.3180325
6,117.686,1742519896.3180325
7,126.166,1742519896.3180325
0,122.175,1742519896.368152
1,116.917,1742519896.368152
2,121.471,1742519896.368152
3,119.908,1742519896.368152
4,118.221,1742519896.368152
5,121.389,1742519896.368152
6,117.659,1742519896.368152
7,126.166,1742519896.368152
0,122.175,1742519896.4182734
1,117.003,1742519896.4182734
2,121.471,1742519896.4182734
3,119.908,1742519896.4182734
4,118.221,1742519896.4182734
5,121.389,1742519896.4182734
6,117.659,1742519896.4182734
7,126.132,1742519896.4182734
0,122.13,1742519896.468394
1,117.003,1742519896.468394
2,121.438,1742519896.468394
3,119.915,1742519896.468394
4,118.217,1742519896.468394
5,121.423,1742519896.468394
6,117.651,1742519896.468394
7,126.132,1742519896.468394
0,122.13,1742519896.518515
1,116.879,1742519896.518515
2,121.438,1742519896.518515
3,119.915,1742519896.518515
4,118.217,1742519896.518515
5,121.423,1742519896.518515
6,117.651,1742519896.518515
7,126.107,1742519896.518515
0,122.089,1742519896.5686905
1,116.879,1742519896.5686905
2,121.427,1742519896.5686905
3,119.923,1742519896.5686905
4,118.225,1742519896.5686905
5,121.357,1742519896.5686905
6,117.668,1742519896.5686905
7,126.107,1742519896.5686905
0,122.089,1742519896.6188235
1,116.98,1742519896.6188235
2,121.427,1742519896.6188235
3,119.923,1742519896.6188235
4,118.225,1742519896.6188235
5,121.357,1742519896.6188235
6,117.668,1742519896.6188235
7,126.088,1742519896.6188235
0,122.069,1742519896.6689565
1,116.98,1742519896.6689565
2,121.412,1742519896.6689565
3,119.922,1742519896.6689565
4,118.238,1742519896.6689565
5,121.331,1742519896.6689565
6,117.66,1742519896.6689565
7,126.088,1742519896.6689565
0,122.069,1742519896.719093
1,116.878,1742519896.719093
2,121.412,1742519896.719093
3,119.922,1742519896.719093
4,118.238,1742519896.719093
5,121.331,1742519896.719093
6,117.66,1742519896.719093
7,126.074,1742519896.719093
0,122.06,1742519896.7692277
1,116.878,1742519896.7692277
2,121.391,1742519896.7692277
3,119.93,1742519896.7692277
4,118.236,1742519896.7692277
5,121.309,1742519896.7692277
6,117.668,1742519896.7692277
7,126.074,1742519896.7692277
0,122.06,1742519896.819364
1,116.945,1742519896.819364
2,121.391,1742519896.819364
3,119.93,1742519896.819364
4,118.236,1742519896.819364
5,121.309,1742519896.819364
6,117.668,1742519896.819364
7,126.066,1742519896.819364
0,122.021,1742519896.8694992
1,116.945,1742519896.8694992
2,121.379,1742519896.8694992
3,119.93,1742519896.8694992
4,118.247,1742519896.8694992
5,121.315,1742519896.8694992
6,117.647,1742519896.8694992
7,126.066,1742519896.8694992
0,122.021,1742519896.919635
1,116.886,1742519896.919635
2,121.379,1742519896.919635
3,119.93,1742519896.919635
4,118.247,1742519896.919635
5,121.315,1742519896.919635
6,117.647,1742519896.919635
7,126.065,1742519896.919635
0,122.006,1742519896.969774
1,116.886,1742519896.969774
2,121.358,1742519896.969774
3,119.903,1742519896.969774
4,118.227,1742519896.969774
5,121.315,1742519896.969774
6,117.619,1742519896.969774
7,126.065,1742519896.969774
0,122.006,1742519897.019921
1,116.924,1742519897.019921
2,121.358,1742519897.019921
3,119.903,1742519897.019921
4,118.227,1742519897.019921
5,121.294,1742519897.019921
6,117.619,1742519897.019921
7,126.023,1742519897.019921
0,122.019,1742519897.070054
1,116.924,1742519897.070054
2,121.346,1742519897.070054
3,119.873,1742519897.070054
4,118.22,1742519897.070054
5,121.294,1742519897.070054
6,117.62,1742519897.070054
7,126.023,1742519897.070054
0,122.019,1742519897.120188
1,116.903,1742519897.120188
2,121.346,1742519897.120188
3,119.873,1742519897.120188
4,118.22,1742519897.120188
5,121.295,1742519897.120188
6,117.62,1742519897.120188
7,125.996,1742519897.120188
0,122.015,1742519897.1703227
1,116.903,1742519897.1703227
2,121.346,1742519897.1703227
3,119.863,1742519897.1703227
4,118.219,1742519897.1703227
5,121.295,1742519897.1703227
6,117.617,1742519897.1703227
7,125.996,1742519897.1703227
0,122.015,1742519897.2204592
1,116.898,1742519897.2204592
2,121.346,1742519897.2204592
3,119.863,1742519897.2204592
4,118.219,1742519897.2204592
5,121.296,1742519897.2204592
6,117.617,1742519897.2204592
7,125.97,1742519897.2204592
0,121.966,1742519897.2705932
1,116.898,1742519897.2705932
2,121.333,1742519897.2705932
3,119.836,1742519897.2705932
4,118.223,1742519897.2705932
5,121.296,1742519897.2705932
6,117.613,1742519897.2705932
7,125.97,1742519897.2705932
0,121.966,1742519897.3207293
1,116.905,1742519897.3207293
2,121.333,1742519897.3207293
3,119.836,1742519897.3207293
4,118.223,1742519897.3207293
5,121.296,1742519897.3207293
6,117.613,1742519897.3207293
7,125.939,1742519897.3207293
0,121.912,1742519897.3708677
1,116.905,1742519897.3708677
2,121.33,1742519897.3708677
3,119.842,1742519897.3708677
4,118.197,1742519897.3708677
5,121.296,1742519897.3708677
6,117.611,1742519897.3708677
7,125.939,1742519897.3708677
0,121.912,1742519897.4209964
1,116.852,1742519897.4209964
2,121.33,1742519897.4209964
3,119.842,1742519897.4209964
4,118.197,1742519897.4209964
5,121.29,1742519897.4209964
6,117.611,1742519897.4209964
7,125.933,1742519897.4209964
0,121.912,1742519897.4711199
1,116.852,1742519897.4711199
2,121.33,1742519897.4711199
3,119.842,1742519897.4711199
4,118.172,1742519897.4711199
5,121.29,1742519897.4711199
6,117.618,1742519897.4711199
7,125.933,1742519897.4711199
0,121.912,1742519897.5212147
1,116.916,1742519897.5212147
2,121.33,1742519897.5212147
3,119.842,1742519897.5212147
4,118.172,1742519897.5212147
5,121.256,1742519897.5212147
6,117.618,1742519897.5212147
7,125.927,1742519897.5212147
0,121.909,1742519897.571348
1,116.916,1742519897.571348
2,121.329,1742519897.571348
3,119.831,1742519897.571348
4,118.16,1742519897.571348
5,121.256,1742519897.571348
6,117.596,1742519897.571348
7,125.927,1742519897.571348
0,121.909,1742519897.621492
1,116.809,1742519897.621492
2,121.329,1742519897.621492
3,119.831,1742519897.621492
4,118.16,1742519897.621492
5,121.264,1742519897.621492
6,117.596,1742519897.621492
7,125.913,1742519897.621492
0,121.903,1742519897.6717136
1,116.809,1742519897.6717136
2,121.328,1742519897.6717136
3,119.834,1742519897.6717136
4,118.134,1742519897.6717136
5,121.264,1742519897.6717136
6,117.556,1742519897.6717136
7,125.913,1742519897.6717136
0,121.903,1742519897.7218323
1,116.921,1742519897.7218323
2,121.328,1742519897.7218323
3,119.834,1742519897.7218323
4,118.134,1742519897.7218323
5,121.243,1742519897.7218323
6,117.556,1742519897.7218323
7,125.906,1742519897.7218323
0,121.877,1742519897.7719648
1,116.921,1742519897.7719648
2,121.329,1742519897.7719648
3,119.801,1742519897.7719648
4,118.11,1742519897.7719648
5,121.243,1742519897.7719648
6,117.542,1742519897.7719648
7,125.906,1742519897.7719648
0,121.877,1742519897.8220978
1,116.81,1742519897.8220978
2,121.329,1742519897.8220978
3,119.801,1742519897.8220978
4,118.11,1742519897.8220978
5,121.27,1742519897.8220978
6,117.542,1742519897.8220978
7,125.87,1742519897.8220978
0,121.9,1742519897.872231
1,116.81,1742519897.872231
2,121.327,1742519897.872231
3,119.762,1742519897.872231
4,118.092,1742519897.872231
5,121.27,1742519897.872231
6,117.541,1742519897.872231
7,125.87,1742519897.872231
0,121.9,1742519897.9223666
1,116.888,1742519897.9223666
2,121.327,1742519897.9223666
3,119.762,1742519897.9223666
4,118.092,1742519897.9223666
5,121.243,1742519897.9223666
6,117.541,1742519897.9223666
7,125.849,1742519897.9223666
0,121.882,1742519897.9725013
1,116.888,1742519897.9725013
2,121.307,1742519897.9725013
3,119.753,1742519897.9725013
4,118.08,1742519897.9725013
5,121.243,1742519897.9725013
6,117.54,1742519897.9725013
7,125.849,1742519897.9725013
0,121.882,1742519898.0226388
1,116.774,1742519898.0226388
2,121.307,1742519898.0226388
3,119.753,1742519898.0226388
4,118.08,1742519898.0226388
5,121.229,1742519898.0226388
6,117.54,1742519898.0226388
7,125.829,1742519898.0226388
0,121.855,1742519898.0727742
1,116.774,1742519898.0727742
2,121.298,1742519898.0727742
3,119.752,1742519898.0727742
4,118.058,1742519898.0727742
5,121.229,1742519898.0727742
6,117.56,1742519898.0727742
7,125.829,1742519898.0727742
0,121.855,1742519898.1229098
1,116.847,1742519898.1229098
2,121.298,1742519898.1229098
3,119.752,1742519898.1229098
4,118.058,1742519898.1229098
5,121.219,1742519898.1229098
6,117.56,1742519898.1229098
7,125.829,1742519898.1229098
0,121.84,1742519898.1730452
1,116.847,1742519898.1730452
2,121.28,1742519898.1730452
3,119.745,1742519898.1730452
4,118.038,1742519898.1730452
5,121.219,1742519898.1730452
6,117.54,1742519898.1730452
7,125.829,1742519898.1730452
0,121.84,1742519898.22318
1,116.789,1742519898.22318
2,121.28,1742519898.22318
3,119.745,1742519898.22318
4,118.038,1742519898.22318
5,121.203,1742519898.22318
6,117.54,1742519898.22318
7,125.83,1742519898.22318
0,121.873,1742519898.2733161
1,116.789,1742519898.2733161
2,121.27,1742519898.2733161
3,119.745,1742519898.2733161
4,118.006,1742519898.2733161
5,121.203,1742519898.2733161
6,117.526,1742519898.2733161
7,125.83,1742519898.2733161
0,121.873,1742519898.3234513
1,116.781,1742519898.3234513
2,121.27,1742519898.3234513
3,119.745,1742519898.3234513
4,118.006,1742519898.3234513
5,121.211,1742519898.3234513
6,117.526,1742519898.3234513
7,125.824,1742519898.3234513
0,121.899,1742519898.3735805
1,116.781,1742519898.3735805
2,121.262,1742519898.3735805
3,119.73,1742519898.3735805
4,117.973,1742519898.3735805
5,121.211,1742519898.3735805
6,117.501,1742519898.3735805
7,125.824,1742519898.3735805
0,121.899,1742519898.423723
1,116.799,1742519898.423723
2,121.262,1742519898.423723
3,119.73,1742519898.423723
4,117.973,1742519898.423723
5,121.188,1742519898.423723
6,117.501,1742519898.423723
7,125.805,1742519898.423723
0,121.903,1742519898.473858
1,116.799,1742519898.473858
2,121.248,1742519898.473858
3,119.697,1742519898.473858
4,117.946,1742519898.473858
5,121.188,1742519898.473858
6,117.468,1742519898.473858
7,125.805,1742519898.473858
0,121.903,1742519898.5239878
1,116.745,1742519898.5239878
2,121.248,1742519898.5239878
3,119.697,1742519898.5239878
4,117.946,1742519898.5239878
5,121.197,1742519898.5239878
6,117.468,1742519898.5239878
7,125.771,1742519898.5239878
0,121.893,1742519898.5741193
1,116.745,1742519898.5741193
2,121.233,1742519898.5741193
3,119.69,1742519898.5741193
4,117.951,1742519898.5741193
5,121.197,1742519898.5741193
6,117.473,1742519898.5741193
7,125.771,1742519898.5741193
0,121.893,1742519898.6242545
1,116.799,1742519898.6242545
2,121.233,1742519898.6242545
3,119.69,1742519898.6242545
4,117.951,1742519898.6242545
5,121.161,1742519898.6242545
6,117.473,1742519898.6242545
7,125.744,1742519898.6242545
0,121.873,1742519898.6743698
1,116.799,1742519898.6743698
2,121.221,1742519898.6743698
3,119.677,1742519898.6743698
4,117.953,1742519898.6743698
5,121.161,1742519898.6743698
6,117.479,1742519898.6743698
7,125.744,1742519898.6743698
0,121.873,1742519898.7245054
1,116.676,1742519898.7245054
2,121.221,1742519898.7245054
3,119.677,1742519898.7245054
4,117.953,1742519898.7245054
5,121.181,1742519898.7245054
6,117.479,1742519898.7245054
7,125.715,1742519898.7245054
0,121.875,1742519898.7746406
1,116.676,1742519898.7746406
2,121.201,1742519898.7746406
3,119.676,1742519898.7746406
4,117.949,1742519898.7746406
5,121.181,1742519898.7746406
6,117.471,1742519898.7746406
7,125.715,1742519898.7746406
0,121.875,1742519898.8247867
1,116.762,1742519898.8247867
2,121.201,1742519898.8247867
3,119.676,1742519898.8247867
4,117.949,1742519898.8247867
5,121.133,1742519898.8247867
6,117.471,1742519898.8247867
7,125.723,1742519898.8247867
0,121.865,1742519898.8749216
1,116.762,1742519898.8749216
2,121.195,1742519898.8749216
3,119.661,1742519898.8749216
4,117.92,1742519898.8749216
5,121.133,1742519898.8749216
6,117.472,1742519898.8749216
7,125.723,1742519898.8749216
0,121.865,1742519898.9250572
1,116.648,1742519898.9250572
2,121.195,1742519898.9250572
3,119.661,1742519898.9250572
4,117.92,1742519898.9250572
5,121.134,1742519898.9250572
6,117.472,1742519898.9250572
7,125.717,1742519898.9250572
0,121.824,1742519898.9751923
1,116.648,1742519898.9751923
2,121.183,1742519898.9751923
3,119.636,1742519898.9751923
4,117.909,1742519898.9751923
5,121.134,1742519898.9751923
6,117.459,1742519898.9751923
7,125.717,1742519898.9751923
0,121.824,1742519899.0253286
1,116.753,1742519899.0253286
2,121.183,1742519899.0253286
3,119.636,1742519899.0253286
4,117.909,1742519899.0253286
5,121.096,1742519899.0253286
6,117.459,1742519899.0253286
7,125.726,1742519899.0253286
0,121.858,1742519899.075468
1,116.753,1742519899.075468
2,121.161,1742519899.075468
3,119.629,1742519899.075468
4,117.907,1742519899.075468
5,121.096,1742519899.075468
6,117.432,1742519899.075468
7,125.726,1742519899.075468
0,121.858,1742519899.125602
1,116.636,1742519899.125602
2,121.161,1742519899.125602
3,119.629,1742519899.125602
4,117.907,1742519899.125602
5,121.114,1742519899.125602
6,117.432,1742519899.125602
7,125.726,1742519899.125602
0,121.851,1742519899.1757393
1,116.636,1742519899.1757393
2,121.14,1742519899.1757393
3,119.608,1742519899.1757393
4,117.901,1742519899.1757393
5,121.114,1742519899.1757393
6,117.425,1742519899.1757393
7,125.715,1742519899.1757393
0,121.851,1742519899.2259362
1,116.703,1742519899.2259362
2,121.14,1742519899.2259362
3,119.608,1742519899.2259362
4,117.901,1742519899.2259362
5,121.078,1742519899.2259362
6,117.425,1742519899.2259362
7,125.715,1742519899.2259362
0,121.841,1742519899.2760618
1,116.703,1742519899.2760618
2,121.152,1742519899.2760618
3,119.616,1742519899.2760618
4,117.906,1742519899.2760618
5,121.078,1742519899.2760618
6,117.426,1742519899.2760618
7,125.686,1742519899.2760618
0,121.841,1742519899.3261943
1,116.627,1742519899.3261943
2,121.152,1742519899.3261943
3,119.616,1742519899.3261943
4,117.906,1742519899.3261943
5,121.09,1742519899.3261943
6,117.426,1742519899.3261943
7,125.686,1742519899.3261943
0,121.784,1742519899.376328
1,116.627,1742519899.376328
2,121.146,1742519899.376328
3,119.602,1742519899.376328
4,117.9,1742519899.376328
5,121.09,1742519899.376328
6,117.432,1742519899.376328
7,125.665,1742519899.376328
0,121.784,1742519899.4264584
1,116.681,1742519899.4264584
2,121.146,1742519899.4264584
3,119.602,1742519899.4264584
4,117.9,1742519899.4264584
5,121.052,1742519899.4264584
6,117.432,1742519899.4264584
7,125.665,1742519899.4264584
0,121.753,1742519899.476591
1,116.681,1742519899.476591
2,121.125,1742519899.476591
3,119.606,1742519899.476591
4,117.9,1742519899.476591
5,121.052,1742519899.476591
6,117.451,1742519899.476591
7,125.665,1742519899.476591
0,121.753,1742519899.5267255
1,116.585,1742519899.5267255
2,121.125,1742519899.5267255
3,119.606,1742519899.5267255
4,117.9,1742519899.5267255
5,121.062,1742519899.5267255
6,117.451,1742519899.5267255
7,125.665,1742519899.5267255
0,121.709,1742519899.5768616
1,116.585,1742519899.5768616
2,121.12,1742519899.5768616
3,119.601,1742519899.5768616
4,117.852,1742519899.5768616
5,121.062,1742519899.5768616
6,117.436,1742519899.5768616
7,125.671,1742519899.5768616
0,121.709,1742519899.6269834
1,116.632,1742519899.6269834
2,121.12,1742519899.6269834
3,119.601,1742519899.6269834
4,117.852,1742519899.6269834
5,121.071,1742519899.6269834
6,117.436,1742519899.6269834
7,125.671,1742519899.6269834
0,121.702,1742519899.6771054
1,116.632,1742519899.6771054
2,121.114,1742519899.6771054
3,119.586,1742519899.6771054
4,117.853,1742519899.6771054
5,121.071,1742519899.6771054
6,117.403,1742519899.6771054
7,125.684,1742519899.6771054
0,121.702,1742519899.7272818
1,116.585,1742519899.7272818
2,121.114,1742519899.7272818
3,119.586,1742519899.7272818
4,117.853,1742519899.7272818
5,121.05,1742519899.7272818
6,117.403,1742519899.7272818
7,125.684,1742519899.7272818
0,121.701,1742519899.7774143
1,116.585,1742519899.7774143
2,121.106,1742519899.7774143
3,119.548,1742519899.7774143
4,117.824,1742519899.7774143
5,121.05,1742519899.7774143
6,117.372,1742519899.7774143
7,125.686,1742519899.7774143
0,121.701,1742519899.8275487
1,116.585,1742519899.8275487
2,121.106,1742519899.8275487
3,119.548,1742519899.8275487
4,117.824,1742519899.8275487
5,121.062,1742519899.8275487
6,117.372,1742519899.8275487
7,125.686,1742519899.8275487
0,121.7,1742519899.8776839
1,116.585,1742519899.8776839
2,121.071,1742519899.8776839
3,119.562,1742519899.8776839
4,117.824,1742519899.8776839
5,121.062,1742519899.8776839
6,117.377,1742519899.8776839
7,125.658,1742519899.8776839
0,121.7,1742519899.927819
1,116.598,1742519899.927819
2,121.071,1742519899.927819
3,119.562,1742519899.927819
4,117.824,1742519899.927819
5,121.034,1742519899.927819
6,117.377,1742519899.927819
7,125.658,1742519899.927819
0,121.723,1742519899.9779549
1,116.598,1742519899.9779549
2,121.071,1742519899.9779549
3,119.567,1742519899.9779549
4,117.82,1742519899.9779549
5,121.034,1742519899.9779549
6,117.377,1742519899.9779549
7,125.614,1742519899.9779549
0,121.723,1742519900.028085
1,116.514,1742519900.028085
2,121.071,1742519900.028085
3,119.567,1742519900.028085
4,117.82,1742519900.028085
5,121.048,1742519900.028085
6,117.372,1742519900.028085
7,125.614,1742519900.028085
0,121.691,1742519900.0782182
1,116.514,1742519900.0782182
2,121.069,1742519900.0782182
3,119.574,1742519900.0782182
4,117.816,1742519900.0782182
5,121.048,1742519900.0782182
6,117.372,1742519900.0782182
7,125.58,1742519900.0782182
0,121.691,1742519900.1283567
1,116.59,1742519900.1283567
2,121.069,1742519900.1283567
3,119.574,1742519900.1283567
4,117.816,1742519900.1283567
5,121.014,1742519900.1283567
6,117.365,1742519900.1283567
7,125.58,1742519900.1283567
0,121.692,1742519900.178512
1,116.59,1742519900.178512
2,121.047,1742519900.178512
3,119.567,1742519900.178512
4,117.819,1742519900.178512
5,121.014,1742519900.178512
6,117.365,1742519900.178512
7,125.547,1742519900.178512
0,121.692,1742519900.228646
1,116.488,1742519900.228646
2,121.047,1742519900.228646
3,119.567,1742519900.228646
4,117.819,1742519900.228646
5,121.027,1742519900.228646
6,117.383,1742519900.228646
7,125.547,1742519900.228646
0,121.672,1742519900.2787783
1,116.488,1742519900.2787783
2,121.042,1742519900.2787783
3,119.556,1742519900.2787783
4,117.79,1742519900.2787783
5,121.027,1742519900.2787783
6,117.383,1742519900.2787783
7,125.538,1742519900.2787783
0,121.672,1742519900.3289142
1,116.581,1742519900.3289142
2,121.042,1742519900.3289142
3,119.556,1742519900.3289142
4,117.79,1742519900.3289142
5,120.97,1742519900.3289142
6,117.357,1742519900.3289142
7,125.538,1742519900.3289142
0,121.691,1742519900.3790648
1,116.581,1742519900.3790648
2,120.994,1742519900.3790648
3,119.543,1742519900.3790648
4,117.774,1742519900.3790648
5,120.97,1742519900.3790648
6,117.357,1742519900.3790648
7,125.545,1742519900.3790648
0,121.691,1742519900.4292076
1,116.481,1742519900.4292076
2,120.994,1742519900.4292076
3,119.543,1742519900.4292076
4,117.774,1742519900.4292076
5,120.977,1742519900.4292076
6,117.326,1742519900.4292076
7,125.545,1742519900.4292076
0,121.682,1742519900.479342
1,116.481,1742519900.479342
2,120.994,1742519900.479342
3,119.53,1742519900.479342
4,117.779,1742519900.479342
5,120.977,1742519900.479342
6,117.326,1742519900.479342
7,125.551,1742519900.479342
0,121.682,1742519900.5294762
1,116.576,1742519900.5294762
2,120.994,1742519900.5294762
3,119.53,1742519900.5294762
4,117.779,1742519900.5294762
5,120.955,1742519900.5294762
6,117.306,1742519900.5294762
7,125.551,1742519900.5294762
0,121.695,1742519900.5796072
1,116.576,1742519900.5796072
2,120.956,1742519900.5796072
3,119.519,1742519900.5796072
4,117.784,1742519900.5796072
5,120.955,1742519900.5796072
6,117.306,1742519900.5796072
7,125.555,1742519900.5796072
0,121.695,1742519900.6297414
1,116.486,1742519900.6297414
2,120.956,1742519900.6297414
3,119.519,1742519900.6297414
4,117.784,1742519900.6297414
5,120.947,1742519900.6297414
6,117.3,1742519900.6297414
7,125.555,1742519900.6297414
0,121.675,1742519900.679918
1,116.486,1742519900.679918
2,120.954,1742519900.679918
3,119.51,1742519900.679918
4,117.78,1742519900.679918
5,120.947,1742519900.679918
6,117.3,1742519900.679918
7,125.533,1742519900.679918
0,121.675,1742519900.730043
1,116.526,1742519900.730043
2,120.954,1742519900.730043
3,119.51,1742519900.730043
4,117.78,1742519900.730043
5,120.934,1742519900.730043
6,117.316,1742519900.730043
7,125.533,1742519900.730043
0,121.697,1742519900.780178
1,116.526,1742519900.780178
2,120.954,1742519900.780178
3,119.523,1742519900.780178
4,117.755,1742519900.780178
5,120.934,1742519900.780178
6,117.316,1742519900.780178
7,125.495,1742519900.780178
0,121.697,1742519900.830311
1,116.485,1742519900.830311
2,120.954,1742519900.830311
3,119.523,1742519900.830311
4,117.755,1742519900.830311
5,120.921,1742519900.830311
6,117.328,1742519900.830311
7,125.495,1742519900.830311
0,121.698,1742519900.8804452
1,116.485,1742519900.8804452
2,120.942,1742519900.8804452
3,119.517,1742519900.8804452
4,117.755,1742519900.8804452
5,120.921,1742519900.8804452
6,117.328,1742519900.8804452
7,125.487,1742519900.8804452
0,121.698,1742519900.9305656
1,116.5,1742519900.9305656
2,120.942,1742519900.9305656
3,119.517,1742519900.9305656
4,117.755,1742519900.9305656
5,120.921,1742519900.9305656
6,117.304,1742519900.9305656
7,125.487,1742519900.9305656
0,121.647,1742519900.9807725
1,116.5,1742519900.9807725
2,120.924,1742519900.9807725
3,119.491,1742519900.9807725
4,117.747,1742519900.9807725
5,120.921,1742519900.9807725
6,117.304,1742519900.9807725
7,125.486,1742519900.9807725
0,121.647,1742519901.0309067
1,116.52,1742519901.0309067
2,120.924,1742519901.0309067
3,119.491,1742519901.0309067
4,117.747,1742519901.0309067
5,120.894,1742519901.0309067
6,117.274,1742519901.0309067
7,125.486,1742519901.0309067
0,121.636,1742519901.0810328
1,116.52,1742519901.0810328
2,120.9,1742519901.0810328
3,119.474,1742519901.0810328
4,117.718,1742519901.0810328
5,120.894,1742519901.0810328
6,117.274,1742519901.0810328
7,125.498,1742519901.0810328
0,121.636,1742519901.1311665
1,116.466,1742519901.1311665
2,120.9,1742519901.1311665
3,119.474,1742519901.1311665
4,117.718,1742519901.1311665
5,120.914,1742519901.1311665
6,117.233,1742519901.1311665
7,125.498,1742519901.1311665
0,121.608,1742519901.1813002
1,116.466,1742519901.1813002
2,120.918,1742519901.1813002
3,119.442,1742519901.1813002
4,117.716,1742519901.1813002
5,120.914,1742519901.1813002
6,117.233,1742519901.1813002
7,125.504,1742519901.1813002
0,121.608,1742519901.2314363
1,116.536,1742519901.2314363
2,120.918,1742519901.2314363
3,119.442,1742519901.2314363
4,117.716,1742519901.2314363
5,120.858,1742519901.2314363
6,117.225,1742519901.2314363
7,125.504,1742519901.2314363
0,121.576,1742519901.281568
1,116.536,1742519901.281568
2,120.916,1742519901.281568
3,119.433,1742519901.281568
4,117.707,1742519901.281568
5,120.858,1742519901.281568
6,117.225,1742519901.281568
7,125.486,1742519901.281568
0,121.576,1742519901.3317008
1,116.441,1742519901.3317008
2,120.916,1742519901.3317008
3,119.433,1742519901.3317008
4,117.707,1742519901.3317008
5,120.895,1742519901.3317008
6,117.229,1742519901.3317008
7,125.486,1742519901.3317008
0,121.53,1742519901.3818233
1,116.441,1742519901.3818233
2,120.919,1742519901.3818233
3,119.429,1742519901.3818233
4,117.7,1742519901.3818233
5,120.895,1742519901.3818233
6,117.229,1742519901.3818233
7,125.461,1742519901.3818233
0,121.53,1742519901.4319577
1,116.544,1742519901.4319577
2,120.919,1742519901.4319577
3,119.429,1742519901.4319577
4,117.7,1742519901.4319577
5,120.86,1742519901.4319577
6,117.244,1742519901.4319577
7,125.461,1742519901.4319577
0,121.559,1742519901.482128
1,116.544,1742519901.482128
2,120.925,1742519901.482128
3,119.426,1742519901.482128
4,117.696,1742519901.482128
5,120.86,1742519901.482128
6,117.244,1742519901.482128
7,125.435,1742519901.482128
0,121.559,1742519901.5322602
1,116.442,1742519901.5322602
2,120.925,1742519901.5322602
3,119.426,1742519901.5322602
4,117.696,1742519901.5322602
5,120.89,1742519901.5322602
6,117.237,1742519901.5322602
7,125.435,1742519901.5322602
0,121.523,1742519901.5823946
1,116.442,1742519901.5823946
2,120.918,1742519901.5823946
3,119.434,1742519901.5823946
4,117.691,1742519901.5823946
5,120.89,1742519901.5823946
6,117.237,1742519901.5823946
7,125.389,1742519901.5823946
0,121.523,1742519901.6325307
1,116.523,1742519901.6325307
2,120.918,1742519901.6325307
3,119.434,1742519901.6325307
4,117.691,1742519901.6325307
5,120.827,1742519901.6325307
6,117.222,1742519901.6325307
7,125.389,1742519901.6325307
0,121.508,1742519901.6826665
1,116.523,1742519901.6826665
2,120.908,1742519901.6826665
3,119.413,1742519901.6826665
4,117.685,1742519901.6826665
5,120.827,1742519901.6826665
6,117.222,1742519901.6826665
7,125.39,1742519901.6826665
0,121.508,1742519901.7327712
1,116.421,1742519901.7327712
2,120.908,1742519901.7327712
3,119.413,1742519901.7327712
4,117.685,1742519901.7327712
5,120.862,1742519901.7327712
6,117.2,1742519901.7327712
7,125.39,1742519901.7327712
0,121.462,1742519901.7829072
1,116.421,1742519901.7829072
2,120.883,1742519901.7829072
3,119.399,1742519901.7829072
4,117.691,1742519901.7829072
5,120.862,1742519901.7829072
6,117.2,1742519901.7829072
7,125.39,1742519901.7829072
0,121.462,1742519901.8331184
1,116.494,1742519901.8331184
2,120.883,1742519901.8331184
3,119.399,1742519901.8331184
4,117.691,1742519901.8331184
5,120.827,1742519901.8331184
6,117.154,1742519901.8331184
7,125.39,1742519901.8331184
0,121.418,1742519901.883251
1,116.494,1742519901.883251
2,120.882,1742519901.883251
3,119.391,1742519901.883251
4,117.689,1742519901.883251
5,120.827,1742519901.883251
6,117.154,1742519901.883251
7,125.396,1742519901.883251
0,121.418,1742519901.9333794
1,116.433,1742519901.9333794
2,120.882,1742519901.9333794
3,119.391,1742519901.9333794
4,117.689,1742519901.9333794
5,120.826,1742519901.9333794
6,117.16,1742519901.9333794
7,125.396,1742519901.9333794
0,121.419,1742519901.983505
1,116.433,1742519901.983505
2,120.899,1742519901.983505
3,119.397,1742519901.983505
4,117.688,1742519901.983505
5,120.826,1742519901.983505
6,117.16,1742519901.983505
7,125.384,1742519901.983505
0,121.419,1742519902.0336547
1,116.472,1742519902.0336547
2,120.899,1742519902.0336547
3,119.397,1742519902.0336547
4,117.688,1742519902.0336547
5,120.815,1742519902.0336547
6,117.187,1742519902.0336547
7,125.384,1742519902.0336547
0,121.403,1742519902.0837924
1,116.472,1742519902.0837924
2,120.905,1742519902.0837924
3,119.391,1742519902.0837924
4,117.689,1742519902.0837924
5,120.815,1742519902.0837924
6,117.187,1742519902.0837924
7,125.357,1742519902.0837924
0,121.403,1742519902.1338847
1,116.472,1742519902.1338847
2,120.905,1742519902.1338847
3,119.391,1742519902.1338847
4,117.689,1742519902.1338847
5,120.812,1742519902.1338847
6,117.193,1742519902.1338847
7,125.357,1742519902.1338847
0,121.394,1742519902.1840565
1,116.472,1742519902.1840565
2,120.891,1742519902.1840565
3,119.404,1742519902.1840565
4,117.704,1742519902.1840565
5,120.812,1742519902.1840565
6,117.193,1742519902.1840565
7,125.333,1742519902.1840565
0,121.394,1742519902.2341883
1,116.424,1742519902.2341883
2,120.891,1742519902.2341883
3,119.404,1742519902.2341883
4,117.704,1742519902.2341883
5,120.749,1742519902.2341883
6,117.199,1742519902.2341883
7,125.333,1742519902.2341883
0,121.393,1742519902.284324
1,116.424,1742519902.284324
2,120.862,1742519902.284324
3,119.39,1742519902.284324
4,117.728,1742519902.284324
5,120.749,1742519902.284324
6,117.199,1742519902.284324
7,125.332,1742519902.284324
0,121.393,1742519902.3344588
1,116.458,1742519902.3344588
2,120.862,1742519902.3344588
3,119.39,1742519902.3344588
4,117.728,1742519902.3344588
5,120.681,1742519902.3344588
6,117.18,1742519902.3344588
7,125.332,1742519902.3344588
0,121.423,1742519902.3845966
1,116.458,1742519902.3845966
2,120.847,1742519902.3845966
3,119.368,1742519902.3845966
4,117.731,1742519902.3845966
5,120.681,1742519902.3845966
6,117.18,1742519902.3845966
7,125.336,1742519902.3845966
0,121.423,1742519902.434724
1,116.377,1742519902.434724
2,120.847,1742519902.434724
3,119.368,1742519902.434724
4,117.731,1742519902.434724
5,120.67,1742519902.434724
6,117.159,1742519902.434724
7,125.336,1742519902.434724
0,121.374,1742519902.4848573
1,116.377,1742519902.4848573
2,120.831,1742519902.4848573
3,119.369,1742519902.4848573
4,117.736,1742519902.4848573
5,120.67,1742519902.4848573
6,117.159,1742519902.4848573
7,125.342,1742519902.4848573
0,121.374,1742519902.5349543
1,116.465,1742519902.5349543
2,120.831,1742519902.5349543
3,119.369,1742519902.5349543
4,117.736,1742519902.5349543
5,120.6,1742519902.5349543
6,117.147,1742519902.5349543
7,125.342,1742519902.5349543
0,121.381,1742519902.585087
1,116.465,1742519902.585087
2,120.811,1742519902.585087
3,119.356,1742519902.585087
4,117.733,1742519902.585087
5,120.6,1742519902.585087
6,117.147,1742519902.585087
7,125.349,1742519902.585087
0,121.381,1742519902.6352277
1,116.357,1742519902.6352277
2,120.811,1742519902.6352277
3,119.356,1742519902.6352277
4,117.733,1742519902.6352277
5,120.601,1742519902.6352277
6,117.146,1742519902.6352277
7,125.349,1742519902.6352277
0,121.363,1742519902.685351
1,116.357,1742519902.685351
2,120.932,1742519902.685351
3,119.384,1742519902.685351
4,117.731,1742519902.685351
5,120.601,1742519902.685351
6,117.146,1742519902.685351
7,125.329,1742519902.685351
0,121.363,1742519902.735488
1,127.094,1742519902.735488
2,120.932,1742519902.735488
3,119.384,1742519902.735488
4,117.731,1742519902.735488
5,122.494,1742519902.735488
6,118.532,1742519902.735488
7,125.329,1742519902.735488
0,143.695,1742519902.7856133
1,127.094,1742519902.7856133
2,144.047,1742519902.7856133
3,141.12,1742519902.7856133
4,130.403,1742519902.7856133
5,122.494,1742519902.7856133
6,118.532,1742519902.7856133
7,140.771,1742519902.7856133
0,143.695,1742519902.8357475
1,150.948,1742519902.8357475
2,144.047,1742519902.8357475
3,141.12,1742519902.8357475
4,130.403,1742519902.8357475
5,146.329,1742519902.8357475
6,141.728,1742519902.8357475
7,140.771,1742519902.8357475
0,166.79,1742519902.8858476
1,150.948,1742519902.8858476
2,168.414,1742519902.8858476
3,164.858,1742519902.8858476
4,151.556,1742519902.8858476
5,146.329,1742519902.8858476
6,141.728,1742519902.8858476
7,164.916,1742519902.8858476
0,166.79,1742519902.935983
1,174.56,1742519902.935983
2,168.414,1742519902.935983
3,164.858,1742519902.935983
4,151.556,1742519902.935983
5,174.071,1742519902.935983
6,166.279,1742519902.935983
7,164.916,1742519902.935983
0,189.223,1742519902.9860864
1,174.56,1742519902.9860864
2,191.63,1742519902.9860864
3,164.858,1742519902.9860864
4,176.346,1742519902.9860864
5,174.071,1742519902.9860864
6,166.279,1742519902.9860864
7,187.326,1742519902.9860864
0,189.223,1742519903.0362082
1,198.215,1742519903.0362082
2,191.63,1742519903.0362082
3,188.778,1742519903.0362082
4,176.346,1742519903.0362082
5,197.316,1742519903.0362082
6,191.384,1742519903.0362082
7,187.326,1742519903.0362082
0,214.072,1742519903.0863416
1,198.215,1742519903.0863416
2,213.434,1742519903.0863416
3,188.778,1742519903.0863416
4,200.832,1742519903.0863416
5,197.316,1742519903.0863416
6,191.384,1742519903.0863416
7,211.817,1742519903.0863416
0,214.072,1742519903.1364655
1,222.536,1742519903.1364655
2,213.434,1742519903.1364655
3,221.34,1742519903.1364655
4,200.832,1742519903.1364655
5,224.885,1742519903.1364655
6,217.082,1742519903.1364655
7,211.817,1742519903.1364655
0,240.223,1742519903.186599
1,222.536,1742519903.186599
2,237.069,1742519903.186599
3,221.34,1742519903.186599
4,224.971,1742519903.186599
5,224.885,1742519903.186599
6,217.082,1742519903.186599
7,238.531,1742519903.186599
0,240.223,1742519903.236726
1,247.869,1742519903.236726
2,237.069,1742519903.236726
3,245.454,1742519903.236726
4,224.971,1742519903.236726
5,250.907,1742519903.236726
6,239.482,1742519903.236726
7,238.531,1742519903.236726
0,266.718,1742519903.2868545
1,247.869,1742519903.2868545
2,237.069,1742519903.2868545
3,245.454,1742519903.2868545
4,249.378,1742519903.2868545
5,250.907,1742519903.2868545
6,239.482,1742519903.2868545
7,264.607,1742519903.2868545
0,266.718,1742519903.3369887
1,273.604,1742519903.3369887
2,263.462,1742519903.3369887
3,271.339,1742519903.3369887
4,249.378,1742519903.3369887
5,277.676,1742519903.3369887
6,264.135,1742519903.3369887
7,264.607,1742519903.3369887
0,293.173,1742519903.3871222
1,273.604,1742519903.3871222
2,263.462,1742519903.3871222
3,271.339,1742519903.3871222
4,278.988,1742519903.3871222
5,277.676,1742519903.3871222
6,264.135,1742519903.3871222
7,290.788,1742519903.3871222
0,293.173,1742519903.4373443
1,273.604,1742519903.4373443
2,287.597,1742519903.4373443
3,297.951,1742519903.4373443
4,278.988,1742519903.4373443
5,304.243,1742519903.4373443
6,291.779,1742519903.4373443
7,290.788,1742519903.4373443
0,318.994,1742519903.4874678
1,299.589,1742519903.4874678
2,287.597,1742519903.4874678
3,297.951,1742519903.4874678
4,302.88,1742519903.4874678
5,304.243,1742519903.4874678
6,291.779,1742519903.4874678
7,316.684,1742519903.4874678
0,318.994,1742519903.537594
1,299.589,1742519903.537594
2,312.064,1742519903.537594
3,323.839,1742519903.537594
4,302.88,1742519903.537594
5,330.142,1742519903.537594
6,321.357,1742519903.537594
7,316.684,1742519903.537594
0,345.133,1742519903.587727
1,324.883,1742519903.587727
2,312.064,1742519903.587727
3,323.839,1742519903.587727
4,326.572,1742519903.587727
5,330.142,1742519903.587727
6,321.357,1742519903.587727
7,342.847,1742519903.587727
0,345.133,1742519903.6378863
1,324.883,1742519903.6378863
2,336.359,1742519903.6378863
3,349.227,1742519903.6378863
4,326.572,1742519903.6378863
5,355.989,1742519903.6378863
6,341.708,1742519903.6378863
7,342.847,1742519903.6378863
0,366.122,1742519903.6880193
1,350.798,1742519903.6880193
2,336.359,1742519903.6880193
3,349.227,1742519903.6880193
4,350.642,1742519903.6880193
5,355.989,1742519903.6880193
6,341.708,1742519903.6880193
7,369.168,1742519903.6880193
0,366.122,1742519903.7381787
1,350.798,1742519903.7381787
2,360.491,1742519903.7381787
3,373.153,1742519903.7381787
4,350.642,1742519903.7381787
5,376.559,1742519903.7381787
6,367.195,1742519903.7381787
7,369.168,1742519903.7381787
0,373.895,1742519903.7883027
1,365.345,1742519903.7883027
2,360.491,1742519903.7883027
3,373.153,1742519903.7883027
4,355.776,1742519903.7883027
5,376.559,1742519903.7883027
6,367.195,1742519903.7883027
7,377.86,1742519903.7883027
0,373.895,1742519903.8384483
1,365.345,1742519903.8384483
2,362.109,1742519903.8384483
3,373.985,1742519903.8384483
4,355.776,1742519903.8384483
5,378.151,1742519903.8384483
6,366.323,1742519903.8384483
7,377.86,1742519903.8384483
0,378.113,1742519903.8885806
1,366.339,1742519903.8885806
2,362.109,1742519903.8885806
3,373.985,1742519903.8885806
4,359.403,1742519903.8885806
5,378.151,1742519903.8885806
6,366.323,1742519903.8885806
7,377.921,1742519903.8885806
0,378.113,1742519903.93871
1,366.339,1742519903.93871
2,362.151,1742519903.93871
3,374.009,1742519903.93871
4,359.403,1742519903.93871
5,377.41,1742519903.93871
6,367.921,1742519903.93871
7,377.921,1742519903.93871
0,379.832,1742519903.9888344
1,367.272,1742519903.9888344
2,362.151,1742519903.9888344
3,374.009,1742519903.9888344
4,359.675,1742519903.9888344
5,377.41,1742519903.9888344
6,367.921,1742519903.9888344
7,380.994,1742519903.9888344
0,379.832,1742519904.0389607
1,367.272,1742519904.0389607
2,367.229,1742519904.0389607
3,375.942,1742519904.0389607
4,359.675,1742519904.0389607
5,380.034,1742519904.0389607
6,366.095,1742519904.0389607
7,380.994,1742519904.0389607
0,381.394,1742519904.0890963
1,369.906,1742519904.0890963
2,367.229,1742519904.0890963
3,375.942,1742519904.0890963
4,361.914,1742519904.0890963
5,380.034,1742519904.0890963
6,366.095,1742519904.0890963
7,382.179,1742519904.0890963
0,381.394,1742519904.1392233
1,369.906,1742519904.1392233
2,368.151,1742519904.1392233
3,376.136,1742519904.1392233
4,361.914,1742519904.1392233
5,378.296,1742519904.1392233
6,365.378,1742519904.1392233
7,382.179,1742519904.1392233
0,381.28,1742519904.1893568
1,371.295,1742519904.1893568
2,368.151,1742519904.1893568
3,376.136,1742519904.1893568
4,361.557,1742519904.1893568
5,378.296,1742519904.1893568
6,365.378,1742519904.1893568
7,381.301,1742519904.1893568
0,381.28,1742519904.239482
1,371.295,1742519904.239482
2,369.943,1742519904.239482
3,377.366,1742519904.239482
4,361.557,1742519904.239482
5,377.689,1742519904.239482
6,366.609,1742519904.239482
7,381.301,1742519904.239482
0,381.894,1742519904.2896156
1,371.85,1742519904.2896156
2,369.943,1742519904.2896156
3,377.366,1742519904.2896156
4,362.225,1742519904.2896156
5,377.689,1742519904.2896156
6,366.609,1742519904.2896156
7,381.081,1742519904.2896156
0,381.894,1742519904.3397439
1,371.85,1742519904.3397439
2,370.663,1742519904.3397439
3,377.394,1742519904.3397439
4,362.225,1742519904.3397439
5,377.726,1742519904.3397439
6,367.129,1742519904.3397439
7,381.081,1742519904.3397439
0,381.372,1742519904.3898776
1,371.749,1742519904.3898776
2,370.663,1742519904.3898776
3,377.394,1742519904.3898776
4,362.349,1742519904.3898776
5,377.726,1742519904.3898776
6,367.129,1742519904.3898776
7,381.33,1742519904.3898776
0,381.372,1742519904.4400237
1,371.749,1742519904.4400237
2,371.392,1742519904.4400237
3,375.21,1742519904.4400237
4,362.349,1742519904.4400237
5,377.283,1742519904.4400237
6,368.055,1742519904.4400237
7,381.33,1742519904.4400237
0,381.278,1742519904.490155
1,370.332,1742519904.490155
2,371.392,1742519904.490155
3,375.21,1742519904.490155
4,362.72,1742519904.490155
5,377.283,1742519904.490155
6,368.055,1742519904.490155
7,382.196,1742519904.490155
0,381.278,1742519904.5402942
1,370.332,1742519904.5402942
2,371.108,1742519904.5402942
3,375.222,1742519904.5402942
4,362.72,1742519904.5402942
5,376.758,1742519904.5402942
6,367.338,1742519904.5402942
7,382.196,1742519904.5402942
0,379.447,1742519904.5904288
1,371.426,1742519904.5904288
2,371.108,1742519904.5904288
3,375.222,1742519904.5904288
4,362.364,1742519904.5904288
5,376.758,1742519904.5904288
6,367.338,1742519904.5904288
7,381.63,1742519904.5904288
0,379.447,1742519904.6405203
1,371.426,1742519904.6405203
2,372.65,1742519904.6405203
3,374.119,1742519904.6405203
4,362.364,1742519904.6405203
5,375.74,1742519904.6405203
6,366.897,1742519904.6405203
7,381.63,1742519904.6405203
0,378.991,1742519904.6906552
1,370.743,1742519904.6906552
2,372.65,1742519904.6906552
3,374.119,1742519904.6906552
4,362.271,1742519904.6906552
5,375.74,1742519904.6906552
6,366.897,1742519904.6906552
7,379.956,1742519904.6906552
0,378.991,1742519904.7407854
1,370.743,1742519904.7407854
2,374.589,1742519904.7407854
3,374.046,1742519904.7407854
4,362.271,1742519904.7407854
5,375.658,1742519904.7407854
6,365.774,1742519904.7407854
7,379.956,1742519904.7407854
0,378.856,1742519904.79091
1,369.444,1742519904.79091
2,374.589,1742519904.79091
3,374.046,1742519904.79091
4,361.402,1742519904.79091
5,375.658,1742519904.79091
6,365.774,1742519904.79091
7,381.683,1742519904.79091
0,378.856,1742519904.8410516
1,369.444,1742519904.8410516
2,376.348,1742519904.8410516
3,374.63,1742519904.8410516
4,361.402,1742519904.8410516
5,376.013,1742519904.8410516
6,365.17,1742519904.8410516
7,381.683,1742519904.8410516
0,377.812,1742519904.8911881
1,369.644,1742519904.8911881
2,376.348,1742519904.8911881
3,374.63,1742519904.8911881
4,361.177,1742519904.8911881
5,376.013,1742519904.8911881
6,365.17,1742519904.8911881
7,382.607,1742519904.8911881
0,377.812,1742519904.941325
1,369.644,1742519904.941325
2,379.004,1742519904.941325
3,375.448,1742519904.941325
4,361.177,1742519904.941325
5,376.291,1742519904.941325
6,366.25,1742519904.941325
7,382.607,1742519904.941325
0,377.343,1742519904.991459
1,369.23,1742519904.991459
2,379.004,1742519904.991459
3,375.448,1742519904.991459
4,360.062,1742519904.991459
5,376.291,1742519904.991459
6,366.25,1742519904.991459
7,381.326,1742519904.991459
0,377.343,1742519905.041596
1,369.23,1742519905.041596
2,378.273,1742519905.041596
3,374.763,1742519905.041596
4,360.062,1742519905.041596
5,376.103,1742519905.041596
6,365.747,1742519905.041596
7,381.326,1742519905.041596
0,375.746,1742519905.091756
1,368.957,1742519905.091756
2,378.273,1742519905.091756
3,374.763,1742519905.091756
4,358.357,1742519905.091756
5,376.103,1742519905.091756
6,365.747,1742519905.091756
7,381.31,1742519905.091756
0,375.746,1742519905.141917
1,368.957,1742519905.141917
2,379.372,1742519905.141917
3,374.573,1742519905.141917
4,358.357,1742519905.141917
5,376.589,1742519905.141917
6,364.927,1742519905.141917
7,381.31,1742519905.141917
0,374.675,1742519905.192051
1,367.428,1742519905.192051
2,379.372,1742519905.192051
3,374.573,1742519905.192051
4,357.306,1742519905.192051
5,376.589,1742519905.192051
6,364.927,1742519905.192051
7,381.991,1742519905.192051
0,374.675,1742519905.2421834
1,367.428,1742519905.2421834
2,377.816,1742519905.2421834
3,374.927,1742519905.2421834
4,357.306,1742519905.2421834
5,376.851,1742519905.2421834
6,364.438,1742519905.2421834
7,381.991,1742519905.2421834
0,374.675,1742519905.2923582
1,366.484,1742519905.2923582
2,377.816,1742519905.2923582
3,374.927,1742519905.2923582
4,357.699,1742519905.2923582
5,376.851,1742519905.2923582
6,364.438,1742519905.2923582
7,380.624,1742519905.2923582
0,373.426,1742519905.3424935
1,366.484,1742519905.3424935
2,379.799,1742519905.3424935
3,375.018,1742519905.3424935
4,357.699,1742519905.3424935
5,376.457,1742519905.3424935
6,363.677,1742519905.3424935
7,380.624,1742519905.3424935
0,372.962,1742519905.3926275
1,365.505,1742519905.3926275
2,379.799,1742519905.3926275
3,375.018,1742519905.3926275
4,357.655,1742519905.3926275
5,376.457,1742519905.3926275
6,363.677,1742519905.3926275
7,380.412,1742519905.3926275
0,372.962,1742519905.4427643
1,365.505,1742519905.4427643
2,380.35,1742519905.4427643
3,373.552,1742519905.4427643
4,357.655,1742519905.4427643
5,377.174,1742519905.4427643
6,363.528,1742519905.4427643
7,380.412,1742519905.4427643
0,372.962,1742519905.492887
1,365.045,1742519905.492887
2,380.35,1742519905.492887
3,373.552,1742519905.492887
4,357.892,1742519905.492887
5,377.174,1742519905.492887
6,363.528,1742519905.492887
7,380.258,1742519905.492887
0,372.751,1742519905.543028
1,365.045,1742519905.543028
2,381.152,1742519905.543028
3,373.378,1742519905.543028
4,357.892,1742519905.543028
5,376.685,1742519905.543028
6,364.146,1742519905.543028
7,380.258,1742519905.543028
0,372.751,1742519905.5931516
1,365.413,1742519905.5931516
2,381.152,1742519905.5931516
3,373.378,1742519905.5931516
4,357.892,1742519905.5931516
5,376.685,1742519905.5931516
6,364.146,1742519905.5931516
7,380.131,1742519905.5931516
0,373.115,1742519905.6432855
1,365.413,1742519905.6432855
2,380.791,1742519905.6432855
3,374.432,1742519905.6432855
4,359.223,1742519905.6432855
5,377.714,1742519905.6432855
6,364.609,1742519905.6432855
7,380.131,1742519905.6432855
0,373.115,1742519905.6934195
1,365.136,1742519905.6934195
2,380.791,1742519905.6934195
3,374.432,1742519905.6934195
4,359.223,1742519905.6934195
5,377.714,1742519905.6934195
6,364.609,1742519905.6934195
7,382.025,1742519905.6934195
0,374.619,1742519905.7435584
1,365.136,1742519905.7435584
2,380.966,1742519905.7435584
3,374.028,1742519905.7435584
4,361.561,1742519905.7435584
5,377.651,1742519905.7435584
6,365.76,1742519905.7435584
7,382.025,1742519905.7435584
0,374.619,1742519905.793703
1,365.508,1742519905.793703
2,380.966,1742519905.793703
3,374.028,1742519905.793703
4,361.561,1742519905.793703
5,377.651,1742519905.793703
6,365.76,1742519905.793703
7,383.09,1742519905.793703
0,375.172,1742519905.8438141
1,365.508,1742519905.8438141
2,381.122,1742519905.8438141
3,373.665,1742519905.8438141
4,363.369,1742519905.8438141
5,376.349,1742519905.8438141
6,366.179,1742519905.8438141
7,383.09,1742519905.8438141
0,375.172,1742519905.89395
1,364.716,1742519905.89395
2,381.122,1742519905.89395
3,373.665,1742519905.89395
4,363.369,1742519905.89395
5,376.349,1742519905.89395
6,366.179,1742519905.89395
7,382.453,1742519905.89395
0,375.378,1742519905.9440866
1,364.716,1742519905.9440866
2,381.433,1742519905.9440866
3,373.225,1742519905.9440866
4,363.791,1742519905.9440866
5,376.811,1742519905.9440866
6,365.628,1742519905.9440866
7,382.453,1742519905.9440866
0,375.378,1742519905.9942198
1,365.154,1742519905.9942198
2,381.433,1742519905.9942198
3,373.225,1742519905.9942198
4,363.791,1742519905.9942198
5,376.811,1742519905.9942198
6,365.628,1742519905.9942198
7,384.291,1742519905.9942198
0,378.843,1742519906.0443661
1,365.154,1742519906.0443661
2,381.482,1742519906.0443661
3,373.575,1742519906.0443661
4,365.115,1742519906.0443661
5,378.869,1742519906.0443661
6,368.668,1742519906.0443661
7,384.291,1742519906.0443661
0,378.843,1742519906.0944731
1,366.169,1742519906.0944731
2,381.482,1742519906.0944731
3,373.575,1742519906.0944731
4,365.115,1742519906.0944731
5,378.869,1742519906.0944731
6,368.668,1742519906.0944731
7,384.232,1742519906.0944731
0,380.009,1742519906.144609
1,366.169,1742519906.144609
2,380.809,1742519906.144609
3,374.352,1742519906.144609
4,367.477,1742519906.144609
5,377.94,1742519906.144609
6,367.996,1742519906.144609
7,384.232,1742519906.144609
0,380.009,1742519906.1947002
1,369.066,1742519906.1947002
2,380.809,1742519906.1947002
3,374.352,1742519906.1947002
4,367.477,1742519906.1947002
5,377.94,1742519906.1947002
6,367.996,1742519906.1947002
7,386.731,1742519906.1947002
0,380.765,1742519906.2448213
1,369.066,1742519906.2448213
2,379.595,1742519906.2448213
3,374.57,1742519906.2448213
4,368.29,1742519906.2448213
5,379.047,1742519906.2448213
6,370.067,1742519906.2448213
7,386.731,1742519906.2448213
0,380.765,1742519906.294997
1,369.013,1742519906.294997
2,379.595,1742519906.294997
3,374.57,1742519906.294997
4,368.29,1742519906.294997
5,379.047,1742519906.294997
6,370.067,1742519906.294997
7,385.813,1742519906.294997
0,382.644,1742519906.3451312
1,369.013,1742519906.3451312
2,377.489,1742519906.3451312
3,374.976,1742519906.3451312
4,366.71,1742519906.3451312
5,378.709,1742519906.3451312
6,370.274,1742519906.3451312
7,385.813,1742519906.3451312
0,382.644,1742519906.3953028
1,371.791,1742519906.3953028
2,377.489,1742519906.3953028
3,374.976,1742519906.3953028
4,366.71,1742519906.3953028
5,378.709,1742519906.3953028
6,370.274,1742519906.3953028
7,389.042,1742519906.3953028
0,383.409,1742519906.4454775
1,371.791,1742519906.4454775
2,377.011,1742519906.4454775
3,376.094,1742519906.4454775
4,366.451,1742519906.4454775
5,379.169,1742519906.4454775
6,368.537,1742519906.4454775
7,389.042,1742519906.4454775
0,383.409,1742519906.4955807
1,372.875,1742519906.4955807
2,377.011,1742519906.4955807
3,376.094,1742519906.4955807
4,366.451,1742519906.4955807
5,379.169,1742519906.4955807
6,368.537,1742519906.4955807
7,388.138,1742519906.4955807
0,382.372,1742519906.5457227
1,372.875,1742519906.5457227
2,375.629,1742519906.5457227
3,376.861,1742519906.5457227
4,365.983,1742519906.5457227
5,378.038,1742519906.5457227
6,368.473,1742519906.5457227
7,388.138,1742519906.5457227
0,382.372,1742519906.5958269
1,373.45,1742519906.5958269
2,375.629,1742519906.5958269
3,376.861,1742519906.5958269
4,365.983,1742519906.5958269
5,378.038,1742519906.5958269
6,368.473,1742519906.5958269
7,391.278,1742519906.5958269
0,385.459,1742519906.6459634
1,373.45,1742519906.6459634
2,374.991,1742519906.6459634
3,377.36,1742519906.6459634
4,366.359,1742519906.6459634
5,378.017,1742519906.6459634
6,369.133,1742519906.6459634
7,391.278,1742519906.6459634
0,385.459,1742519906.6960871
1,373.896,1742519906.6960871
2,374.991,1742519906.6960871
3,377.36,1742519906.6960871
4,366.359,1742519906.6960871
5,378.017,1742519906.6960871
6,369.133,1742519906.6960871
7,389.55,1742519906.6960871
0,385.02,1742519906.7462268
1,373.896,1742519906.7462268
2,374.864,1742519906.7462268
3,379.113,1742519906.7462268
4,364.416,1742519906.7462268
5,378.017,1742519906.7462268
6,369.451,1742519906.7462268
7,389.55,1742519906.7462268
0,385.02,1742519906.796362
1,375.615,1742519906.796362
2,374.864,1742519906.796362
3,379.113,1742519906.796362
4,364.416,1742519906.796362
5,379.694,1742519906.796362
6,369.451,1742519906.796362
7,389.719,1742519906.796362
0,387.689,1742519906.8464856
1,375.615,1742519906.8464856
2,372.925,1742519906.8464856
3,380.667,1742519906.8464856
4,364.476,1742519906.8464856
5,379.694,1742519906.8464856
6,370.04,1742519906.8464856
7,389.719,1742519906.8464856
0,387.689,1742519906.8966362
1,376.301,1742519906.8966362
2,372.925,1742519906.8966362
3,380.667,1742519906.8966362
4,364.476,1742519906.8966362
5,383.319,1742519906.8966362
6,370.04,1742519906.8966362
7,390.948,1742519906.8966362
0,386.715,1742519906.9467692
1,376.301,1742519906.9467692
2,372.229,1742519906.9467692
3,382.095,1742519906.9467692
4,365.882,1742519906.9467692
5,383.319,1742519906.9467692
6,371.123,1742519906.9467692
7,390.948,1742519906.9467692
0,386.715,1742519906.9969163
1,375.143,1742519906.9969163
2,372.229,1742519906.9969163
3,382.095,1742519906.9969163
4,365.882,1742519906.9969163
5,382.952,1742519906.9969163
6,371.123,1742519906.9969163
7,390.171,1742519906.9969163
0,385.135,1742519907.0470548
1,375.143,1742519907.0470548
2,369.52,1742519907.0470548
3,380.838,1742519907.0470548
4,366.201,1742519907.0470548
5,382.952,1742519907.0470548
6,371.856,1742519907.0470548
7,390.171,1742519907.0470548
0,385.135,1742519907.0971963
1,373.206,1742519907.0971963
2,369.52,1742519907.0971963
3,380.838,1742519907.0971963
4,366.201,1742519907.0971963
5,383.004,1742519907.0971963
6,371.856,1742519907.0971963
7,390.171,1742519907.0971963
0,382.947,1742519907.1473315
1,373.206,1742519907.1473315
2,369.329,1742519907.1473315
3,382.978,1742519907.1473315
4,366.545,1742519907.1473315
5,383.004,1742519907.1473315
6,371.678,1742519907.1473315
7,389.716,1742519907.1473315
0,382.947,1742519907.1974664
1,371.429,1742519907.1974664
2,369.329,1742519907.1974664
3,382.978,1742519907.1974664
4,366.545,1742519907.1974664
5,383.629,1742519907.1974664
6,371.678,1742519907.1974664
7,389.716,1742519907.1974664
0,383.044,1742519907.2476015
1,371.429,1742519907.2476015
2,368.687,1742519907.2476015
3,383.548,1742519907.2476015
4,367.321,1742519907.2476015
5,383.629,1742519907.2476015
6,371.873,1742519907.2476015
7,389.286,1742519907.2476015
0,383.044,1742519907.2977293
1,371.35,1742519907.2977293
2,368.687,1742519907.2977293
3,383.548,1742519907.2977293
4,367.321,1742519907.2977293
5,384.122,1742519907.2977293
6,371.873,1742519907.2977293
7,389.286,1742519907.2977293
0,382.951,1742519907.347975
1,371.35,1742519907.347975
2,366.945,1742519907.347975
3,383.764,1742519907.347975
4,366.67,1742519907.347975
5,384.122,1742519907.347975
6,372.754,1742519907.347975
7,390.024,1742519907.347975
0,382.951,1742519907.398067
1,369.688,1742519907.398067
2,366.945,1742519907.398067
3,383.764,1742519907.398067
4,366.67,1742519907.398067
5,383.566,1742519907.398067
6,372.754,1742519907.398067
7,390.024,1742519907.398067
0,383.036,1742519907.4481847
1,369.688,1742519907.4481847
2,366.416,1742519907.4481847
3,383.641,1742519907.4481847
4,367.157,1742519907.4481847
5,383.566,1742519907.4481847
6,373.21,1742519907.4481847
7,389.026,1742519907.4481847
0,383.036,1742519907.49832
1,368.966,1742519907.49832
2,366.416,1742519907.49832
3,383.641,1742519907.49832
4,367.157,1742519907.49832
5,383.941,1742519907.49832
6,373.21,1742519907.49832
7,389.026,1742519907.49832
0,382.84,1742519907.5484533
1,368.966,1742519907.5484533
2,366.383,1742519907.5484533
3,382.047,1742519907.5484533
4,367.847,1742519907.5484533
5,383.941,1742519907.5484533
6,373.21,1742519907.5484533
7,389.315,1742519907.5484533
0,382.84,1742519907.5986805
1,367.466,1742519907.5986805
2,366.383,1742519907.5986805
3,382.047,1742519907.5986805
4,367.847,1742519907.5986805
5,385.381,1742519907.5986805
6,372.423,1742519907.5986805
7,389.315,1742519907.5986805
0,382.182,1742519907.648811
1,367.466,1742519907.648811
2,366.012,1742519907.648811
3,382.727,1742519907.648811
4,366.784,1742519907.648811
5,385.381,1742519907.648811
6,372.423,1742519907.648811
7,386.56,1742519907.648811
0,382.182,1742519907.6989405
1,367.347,1742519907.6989405
2,366.012,1742519907.6989405
3,382.727,1742519907.6989405
4,366.784,1742519907.6989405
5,385.636,1742519907.6989405
6,371.588,1742519907.6989405
7,386.56,1742519907.6989405
0,378.792,1742519907.749074
1,367.347,1742519907.749074
2,360.23,1742519907.749074
3,376.249,1742519907.749074
4,365.183,1742519907.749074
5,385.636,1742519907.749074
6,371.588,1742519907.749074
7,384.509,1742519907.749074
0,378.792,1742519907.7992067
1,367.347,1742519907.7992067
2,360.23,1742519907.7992067
3,376.249,1742519907.7992067
4,365.183,1742519907.7992067
5,374.997,1742519907.7992067
6,363.941,1742519907.7992067
7,384.509,1742519907.7992067
0,352.481,1742519907.8493338
1,344.004,1742519907.8493338
2,335.653,1742519907.8493338
3,349.696,1742519907.8493338
4,342.29,1742519907.8493338
5,374.997,1742519907.8493338
6,363.941,1742519907.8493338
7,359.73,1742519907.8493338
0,352.481,1742519907.899463
1,344.004,1742519907.899463
2,335.653,1742519907.899463
3,349.696,1742519907.899463
4,342.29,1742519907.899463
5,348.631,1742519907.899463
6,338.706,1742519907.899463
7,359.73,1742519907.899463
0,326.879,1742519907.9495957
1,319.474,1742519907.9495957
2,311.042,1742519907.9495957
3,349.696,1742519907.9495957
4,316.431,1742519907.9495957
5,348.631,1742519907.9495957
6,338.706,1742519907.9495957
7,335.213,1742519907.9495957
0,326.879,1742519907.9997272
1,319.474,1742519907.9997272
2,311.042,1742519907.9997272
3,317.538,1742519907.9997272
4,316.431,1742519907.9997272
5,322.808,1742519907.9997272
6,306.287,1742519907.9997272
7,335.213,1742519907.9997272
0,298.865,1742519908.0498533
1,296.493,1742519908.0498533
2,287.25,1742519908.0498533
3,317.538,1742519908.0498533
4,291.022,1742519908.0498533
5,322.808,1742519908.0498533
6,306.287,1742519908.0498533
7,310.281,1742519908.0498533
0,298.865,1742519908.0999837
1,296.493,1742519908.0999837
2,287.25,1742519908.0999837
3,293.529,1742519908.0999837
4,291.022,1742519908.0999837
5,296.936,1742519908.0999837
6,283.725,1742519908.0999837
7,310.281,1742519908.0999837
0,274.743,1742519908.1501143
1,273.027,1742519908.1501143
2,263.486,1742519908.1501143
3,293.529,1742519908.1501143
4,265.906,1742519908.1501143
5,296.936,1742519908.1501143
6,283.725,1742519908.1501143
7,285.059,1742519908.1501143
0,274.743,1742519908.200248
1,273.027,1742519908.200248
2,263.486,1742519908.200248
3,266.2,1742519908.200248
4,265.906,1742519908.200248
5,272.244,1742519908.200248
6,258.639,1742519908.200248
7,285.059,1742519908.200248
0,247.775,1742519908.2503667
1,245.873,1742519908.2503667
2,239.702,1742519908.2503667
3,266.2,1742519908.2503667
4,240.922,1742519908.2503667
5,272.244,1742519908.2503667
6,258.639,1742519908.2503667
7,258.361,1742519908.2503667
0,247.775,1742519908.3004925
1,245.873,1742519908.3004925
2,239.702,1742519908.3004925
3,239.683,1742519908.3004925
4,240.922,1742519908.3004925
5,246.38,1742519908.3004925
6,233.387,1742519908.3004925
7,258.361,1742519908.3004925
0,223.309,1742519908.3506308
1,220.732,1742519908.3506308
2,216.495,1742519908.3506308
3,239.683,1742519908.3506308
4,216.337,1742519908.3506308
5,246.38,1742519908.3506308
6,233.387,1742519908.3506308
7,233.387,1742519908.3506308
0,223.309,1742519908.4008093
1,220.732,1742519908.4008093
2,216.495,1742519908.4008093
3,216.16,1742519908.4008093
4,216.337,1742519908.4008093
5,220.949,1742519908.4008093
6,208.622,1742519908.4008093
7,233.387,1742519908.4008093
0,197.667,1742519908.4509418
1,201.393,1742519908.4509418
2,190.208,1742519908.4509418
3,216.16,1742519908.4509418
4,190.08,1742519908.4509418
5,220.949,1742519908.4509418
6,208.622,1742519908.4509418
7,208.07,1742519908.4509418
0,197.667,1742519908.5010757
1,201.393,1742519908.5010757
2,190.208,1742519908.5010757
3,188.072,1742519908.5010757
4,190.08,1742519908.5010757
5,194.833,1742519908.5010757
6,183.547,1742519908.5010757
7,208.07,1742519908.5010757
0,168.632,1742519908.5512118
1,176.391,1742519908.5512118
2,168.86,1742519908.5512118
3,188.072,1742519908.5512118
4,165.642,1742519908.5512118
5,194.833,1742519908.5512118
6,183.547,1742519908.5512118
7,181.975,1742519908.5512118
0,168.632,1742519908.6013467
1,176.391,1742519908.6013467
2,168.86,1742519908.6013467
3,165.597,1742519908.6013467
4,165.642,1742519908.6013467
5,168.657,1742519908.6013467
6,159.041,1742519908.6013467
7,181.975,1742519908.6013467
0,142.885,1742519908.6514823
1,151.332,1742519908.6514823
2,140.971,1742519908.6514823
3,165.597,1742519908.6514823
4,138.693,1742519908.6514823
5,168.657,1742519908.6514823
6,159.041,1742519908.6514823
7,151.233,1742519908.6514823
0,142.885,1742519908.7016177
1,151.332,1742519908.7016177
2,140.971,1742519908.7016177
3,136.688,1742519908.7016177
4,138.693,1742519908.7016177
5,138.53,1742519908.7016177
6,134.539,1742519908.7016177
7,151.233,1742519908.7016177
0,122.541,1742519908.7517507
1,126.285,1742519908.7517507
2,122.45,1742519908.7517507
3,136.688,1742519908.7517507
4,119.713,1742519908.7517507
5,138.53,1742519908.7517507
6,134.539,1742519908.7517507
7,128.959,1742519908.7517507
0,122.541,1742519908.8018832
1,126.285,1742519908.8018832
2,122.45,1742519908.8018832
3,120.219,1742519908.8018832
4,119.713,1742519908.8018832
5,121.614,1742519908.8018832
6,117.881,1742519908.8018832
7,128.959,1742519908.8018832
0,122.232,1742519908.8520112
1,117.041,1742519908.8520112
2,121.745,1742519908.8520112
3,120.219,1742519908.8520112
4,118.441,1742519908.8520112
5,121.614,1742519908.8520112
6,117.881,1742519908.8520112
7,125.659,1742519908.8520112
0,122.232,1742519908.902133
1,117.041,1742519908.902133
2,121.745,1742519908.902133
3,120.083,1742519908.902133
4,118.441,1742519908.902133
5,121.54,1742519908.902133
6,117.764,1742519908.902133
7,125.659,1742519908.902133
0,122.111,1742519908.9522662
1,116.834,1742519908.9522662
2,121.618,1742519908.9522662
3,120.083,1742519908.9522662
4,118.33,1742519908.9522662
5,121.54,1742519908.9522662
6,117.764,1742519908.9522662
7,125.575,1742519908.9522662
0,122.111,1742519909.0024
1,116.834,1742519909.0024
2,121.618,1742519909.0024
3,119.996,1742519909.0024
4,118.33,1742519909.0024
5,121.455,1742519909.0024
6,117.627,1742519909.0024
7,125.575,1742519909.0024
0,122.001,1742519909.0525403
1,116.834,1742519909.0525403
2,121.516,1742519909.0525403
3,119.996,1742519909.0525403
4,118.259,1742519909.0525403
5,121.455,1742519909.0525403
6,117.627,1742519909.0525403
7,125.521,1742519909.0525403
0,122.001,1742519909.1026723
1,116.834,1742519909.1026723
2,121.516,1742519909.1026723
3,119.892,1742519909.1026723
4,118.259,1742519909.1026723
5,121.341,1742519909.1026723
6,117.553,1742519909.1026723
7,125.521,1742519909.1026723
0,121.914,1742519909.1527946
1,116.69,1742519909.1527946
2,121.437,1742519909.1527946
3,119.892,1742519909.1527946
4,118.188,1742519909.1527946
5,121.341,1742519909.1527946
6,117.553,1742519909.1527946
7,125.506,1742519909.1527946
0,121.914,1742519909.202927
1,116.69,1742519909.202927
2,121.437,1742519909.202927
3,119.834,1742519909.202927
4,118.188,1742519909.202927
5,121.276,1742519909.202927
6,117.463,1742519909.202927
7,125.506,1742519909.202927
0,121.86,1742519909.2530606
1,116.682,1742519909.2530606
2,121.437,1742519909.2530606
3,119.834,1742519909.2530606
4,118.11,1742519909.2530606
5,121.276,1742519909.2530606
6,117.463,1742519909.2530606
7,125.494,1742519909.2530606
0,121.86,1742519909.303193
1,116.682,1742519909.303193
2,121.355,1742519909.303193
3,119.807,1742519909.303193
4,118.11,1742519909.303193
5,121.174,1742519909.303193
6,117.423,1742519909.303193
7,125.494,1742519909.303193
0,121.815,1742519909.353313
1,116.619,1742519909.353313
2,121.355,1742519909.353313
3,119.807,1742519909.353313
4,118.064,1742519909.353313
5,121.174,1742519909.353313
6,117.423,1742519909.353313
7,125.526,1742519909.353313
0,121.815,1742519909.4034421
1,116.619,1742519909.4034421
2,121.313,1742519909.4034421
3,119.768,1742519909.4034421
4,118.064,1742519909.4034421
5,121.126,1742519909.4034421
6,117.378,1742519909.4034421
7,125.526,1742519909.4034421
0,121.752,1742519909.4535646
1,116.577,1742519909.4535646
2,121.313,1742519909.4535646
3,119.768,1742519909.4535646
4,118.007,1742519909.4535646
5,121.126,1742519909.4535646
6,117.378,1742519909.4535646
7,125.553,1742519909.4535646
0,121.752,1742519909.5036964
1,116.577,1742519909.5036964
2,121.251,1742519909.5036964
3,119.726,1742519909.5036964
4,118.007,1742519909.5036964
5,121.087,1742519909.5036964
6,117.357,1742519909.5036964
7,125.553,1742519909.5036964
0,121.727,1742519909.5538282
1,116.589,1742519909.5538282
2,121.251,1742519909.5538282
3,119.726,1742519909.5538282
4,117.979,1742519909.5538282
5,121.087,1742519909.5538282
6,117.357,1742519909.5538282
7,125.555,1742519909.5538282
0,121.727,1742519909.603957
1,116.589,1742519909.603957
2,121.204,1742519909.603957
3,119.698,1742519909.603957
4,117.979,1742519909.603957
5,121.033,1742519909.603957
6,117.335,1742519909.603957
7,125.555,1742519909.603957
