GPU_ID,Power_Usage_W,Timestamp
0,193.805,1742519970.265363
1,187.154,1742519970.265363
2,192.052,1742519970.265363
3,169.958,1742519970.265363
4,161.737,1742519970.265363
5,171.78,1742519970.265363
6,171.291,1742519970.265363
7,184.789,1742519970.265363
0,163.803,1742519970.3154964
1,165.114,1742519970.3154964
2,164.034,1742519970.3154964
3,169.958,1742519970.3154964
4,161.737,1742519970.3154964
5,171.78,1742519970.3154964
6,153.052,1742519970.3154964
7,160.647,1742519970.3154964
0,163.803,1742519970.3656316
1,165.114,1742519970.3656316
2,164.034,1742519970.3656316
3,144.746,1742519970.3656316
4,138.722,1742519970.3656316
5,147.412,1742519970.3656316
6,153.052,1742519970.3656316
7,160.647,1742519970.3656316
0,139.054,1742519970.4157755
1,137.583,1742519970.4157755
2,141.714,1742519970.4157755
3,144.746,1742519970.4157755
4,138.722,1742519970.4157755
5,147.412,1742519970.4157755
6,130.657,1742519970.4157755
7,136.128,1742519970.4157755
0,139.054,1742519970.4659114
1,137.583,1742519970.4659114
2,141.714,1742519970.4659114
3,121.01,1742519970.4659114
4,120.745,1742519970.4659114
5,122.553,1742519970.4659114
6,130.657,1742519970.4659114
7,136.128,1742519970.4659114
0,121.934,1742519970.516092
1,118.518,1742519970.516092
2,122.23,1742519970.516092
3,121.01,1742519970.516092
4,120.745,1742519970.516092
5,122.553,1742519970.516092
6,117.81,1742519970.516092
7,124.684,1742519970.516092
0,121.934,1742519970.566224
1,118.518,1742519970.566224
2,122.23,1742519970.566224
3,120.033,1742519970.566224
4,118.504,1742519970.566224
5,121.607,1742519970.566224
6,117.81,1742519970.566224
7,124.684,1742519970.566224
0,121.805,1742519970.6163843
1,117.617,1742519970.6163843
2,122.095,1742519970.6163843
3,120.033,1742519970.6163843
4,118.504,1742519970.6163843
5,121.607,1742519970.6163843
6,117.77,1742519970.6163843
7,124.484,1742519970.6163843
0,121.805,1742519970.666509
1,117.617,1742519970.666509
2,122.095,1742519970.666509
3,119.983,1742519970.666509
4,118.359,1742519970.666509
5,121.478,1742519970.666509
6,117.77,1742519970.666509
7,124.484,1742519970.666509
0,121.736,1742519970.716642
1,117.642,1742519970.716642
2,121.999,1742519970.716642
3,119.983,1742519970.716642
4,118.359,1742519970.716642
5,121.478,1742519970.716642
6,117.675,1742519970.716642
7,124.407,1742519970.716642
0,121.736,1742519970.7667754
1,117.642,1742519970.7667754
2,121.999,1742519970.7667754
3,119.917,1742519970.7667754
4,118.294,1742519970.7667754
5,121.398,1742519970.7667754
6,117.675,1742519970.7667754
7,124.407,1742519970.7667754
0,121.675,1742519970.8169117
1,117.46,1742519970.8169117
2,121.92,1742519970.8169117
3,119.917,1742519970.8169117
4,118.294,1742519970.8169117
5,121.398,1742519970.8169117
6,117.604,1742519970.8169117
7,124.318,1742519970.8169117
0,121.675,1742519970.867047
1,117.46,1742519970.867047
2,121.92,1742519970.867047
3,119.876,1742519970.867047
4,118.249,1742519970.867047
5,121.312,1742519970.867047
6,117.604,1742519970.867047
7,124.318,1742519970.867047
0,121.622,1742519970.9171824
1,117.523,1742519970.9171824
2,121.843,1742519970.9171824
3,119.876,1742519970.9171824
4,118.249,1742519970.9171824
5,121.312,1742519970.9171824
6,117.569,1742519970.9171824
7,124.246,1742519970.9171824
0,121.622,1742519970.967302
1,117.523,1742519970.967302
2,121.843,1742519970.967302
3,119.859,1742519970.967302
4,118.229,1742519970.967302
5,121.258,1742519970.967302
6,117.569,1742519970.967302
7,124.246,1742519970.967302
0,121.564,1742519971.017426
1,117.372,1742519971.017426
2,121.811,1742519971.017426
3,119.859,1742519971.017426
4,118.229,1742519971.017426
5,121.258,1742519971.017426
6,117.539,1742519971.017426
7,124.155,1742519971.017426
0,121.564,1742519971.0675573
1,117.372,1742519971.0675573
2,121.811,1742519971.0675573
3,119.835,1742519971.0675573
4,118.201,1742519971.0675573
5,121.231,1742519971.0675573
6,117.539,1742519971.0675573
7,124.155,1742519971.0675573
0,121.468,1742519971.1177084
1,117.453,1742519971.1177084
2,121.757,1742519971.1177084
3,119.835,1742519971.1177084
4,118.201,1742519971.1177084
5,121.231,1742519971.1177084
6,117.519,1742519971.1177084
7,124.119,1742519971.1177084
0,121.468,1742519971.1678398
1,117.453,1742519971.1678398
2,121.757,1742519971.1678398
3,119.803,1742519971.1678398
4,118.184,1742519971.1678398
5,121.18,1742519971.1678398
6,117.519,1742519971.1678398
7,124.119,1742519971.1678398
0,121.402,1742519971.2179873
1,117.297,1742519971.2179873
2,121.737,1742519971.2179873
3,119.803,1742519971.2179873
4,118.184,1742519971.2179873
5,121.18,1742519971.2179873
6,117.489,1742519971.2179873
7,124.087,1742519971.2179873
0,121.402,1742519971.2681196
1,117.297,1742519971.2681196
2,121.737,1742519971.2681196
3,119.753,1742519971.2681196
4,118.145,1742519971.2681196
5,121.168,1742519971.2681196
6,117.489,1742519971.2681196
7,124.087,1742519971.2681196
0,121.369,1742519971.318259
1,117.352,1742519971.318259
2,121.697,1742519971.318259
3,119.753,1742519971.318259
4,118.145,1742519971.318259
5,121.168,1742519971.318259
6,117.451,1742519971.318259
7,124.066,1742519971.318259
0,121.369,1742519971.3683867
1,117.352,1742519971.3683867
2,121.697,1742519971.3683867
3,119.718,1742519971.3683867
4,118.093,1742519971.3683867
5,121.121,1742519971.3683867
6,117.451,1742519971.3683867
7,124.066,1742519971.3683867
0,121.326,1742519971.41852
1,117.276,1742519971.41852
2,121.681,1742519971.41852
3,119.718,1742519971.41852
4,118.093,1742519971.41852
5,121.121,1742519971.41852
6,117.401,1742519971.41852
7,124.042,1742519971.41852
0,121.326,1742519971.4686532
1,117.276,1742519971.4686532
2,121.681,1742519971.4686532
3,119.712,1742519971.4686532
4,118.093,1742519971.4686532
5,121.083,1742519971.4686532
6,117.401,1742519971.4686532
7,124.042,1742519971.4686532
0,121.304,1742519971.5187871
1,117.284,1742519971.5187871
2,121.641,1742519971.5187871
3,119.712,1742519971.5187871
4,118.093,1742519971.5187871
5,121.083,1742519971.5187871
6,117.389,1742519971.5187871
7,124.029,1742519971.5187871
0,121.304,1742519971.568922
1,117.284,1742519971.568922
2,121.641,1742519971.568922
3,119.685,1742519971.568922
4,118.069,1742519971.568922
5,121.039,1742519971.568922
6,117.389,1742519971.568922
7,124.029,1742519971.568922
0,121.303,1742519971.61902
1,117.291,1742519971.61902
2,123.722,1742519971.61902
3,119.685,1742519971.61902
4,118.069,1742519971.61902
5,121.039,1742519971.61902
6,119.931,1742519971.61902
7,126.854,1742519971.61902
0,121.303,1742519971.6691573
1,117.291,1742519971.6691573
2,123.722,1742519971.6691573
3,119.685,1742519971.6691573
4,129.278,1742519971.6691573
5,128.114,1742519971.6691573
6,119.931,1742519971.6691573
7,126.854,1742519971.6691573
0,141.315,1742519971.7192888
1,137.912,1742519971.7192888
2,148.006,1742519971.7192888
3,138.929,1742519971.7192888
4,129.278,1742519971.7192888
5,128.114,1742519971.7192888
6,119.931,1742519971.7192888
7,126.854,1742519971.7192888
0,141.315,1742519971.769424
1,137.912,1742519971.769424
2,148.006,1742519971.769424
3,138.929,1742519971.769424
4,154.094,1742519971.769424
5,153.638,1742519971.769424
6,145.363,1742519971.769424
7,151.786,1742519971.769424
0,167.665,1742519971.8195477
1,163.715,1742519971.8195477
2,173.14,1742519971.8195477
3,164.216,1742519971.8195477
4,154.094,1742519971.8195477
5,153.638,1742519971.8195477
6,145.363,1742519971.8195477
7,151.786,1742519971.8195477
0,167.665,1742519971.8696845
1,163.715,1742519971.8696845
2,173.14,1742519971.8696845
3,164.216,1742519971.8696845
4,178.33,1742519971.8696845
5,178.804,1742519971.8696845
6,170.284,1742519971.8696845
7,179.046,1742519971.8696845
0,193.307,1742519971.9198143
1,188.901,1742519971.9198143
2,198.434,1742519971.9198143
3,189.675,1742519971.9198143
4,178.33,1742519971.9198143
5,178.804,1742519971.9198143
6,170.284,1742519971.9198143
7,179.046,1742519971.9198143
0,193.307,1742519971.96995
1,188.901,1742519971.96995
2,198.434,1742519971.96995
3,189.675,1742519971.96995
4,209.409,1742519971.96995
5,209.363,1742519971.96995
6,195.078,1742519971.96995
7,202.822,1742519971.96995
0,219.568,1742519972.020076
1,213.922,1742519972.020076
2,223.664,1742519972.020076
3,215.265,1742519972.020076
4,209.409,1742519972.020076
5,209.363,1742519972.020076
6,195.078,1742519972.020076
7,202.822,1742519972.020076
0,219.568,1742519972.0702019
1,213.922,1742519972.0702019
2,223.664,1742519972.0702019
3,215.265,1742519972.0702019
4,233.715,1742519972.0702019
5,234.621,1742519972.0702019
6,217.699,1742519972.0702019
7,228.154,1742519972.0702019
0,245.156,1742519972.120337
1,239.809,1742519972.120337
2,248.969,1742519972.120337
3,240.115,1742519972.120337
4,233.715,1742519972.120337
5,234.621,1742519972.120337
6,217.699,1742519972.120337
7,228.154,1742519972.120337
0,245.156,1742519972.170462
1,239.809,1742519972.170462
2,248.969,1742519972.170462
3,240.115,1742519972.170462
4,258.0,1742519972.170462
5,260.313,1742519972.170462
6,249.51,1742519972.170462
7,255.42,1742519972.170462
0,270.262,1742519972.2205658
1,265.461,1742519972.2205658
2,274.294,1742519972.2205658
3,265.766,1742519972.2205658
4,258.0,1742519972.2205658
5,260.313,1742519972.2205658
6,249.51,1742519972.2205658
7,255.42,1742519972.2205658
0,270.262,1742519972.2706974
1,265.461,1742519972.2706974
2,274.294,1742519972.2706974
3,265.766,1742519972.2706974
4,258.0,1742519972.2706974
5,286.194,1742519972.2706974
6,274.987,1742519972.2706974
7,284.264,1742519972.2706974
0,293.375,1742519972.3208344
1,291.006,1742519972.3208344
2,303.122,1742519972.3208344
3,291.729,1742519972.3208344
4,283.106,1742519972.3208344
5,286.194,1742519972.3208344
6,274.987,1742519972.3208344
7,284.264,1742519972.3208344
0,293.375,1742519972.3709686
1,291.006,1742519972.3709686
2,303.122,1742519972.3709686
3,291.729,1742519972.3709686
4,283.106,1742519972.3709686
5,312.249,1742519972.3709686
6,300.203,1742519972.3709686
7,311.001,1742519972.3709686
0,322.964,1742519972.421095
1,317.256,1742519972.421095
2,331.881,1742519972.421095
3,318.213,1742519972.421095
4,304.585,1742519972.421095
5,312.249,1742519972.421095
6,300.203,1742519972.421095
7,311.001,1742519972.421095
0,322.964,1742519972.4712741
1,317.256,1742519972.4712741
2,331.881,1742519972.4712741
3,318.213,1742519972.4712741
4,304.585,1742519972.4712741
5,339.058,1742519972.4712741
6,326.183,1742519972.4712741
7,337.584,1742519972.4712741
0,350.098,1742519972.5214064
1,344.315,1742519972.5214064
2,358.463,1742519972.5214064
3,344.525,1742519972.5214064
4,333.522,1742519972.5214064
5,339.058,1742519972.5214064
6,326.183,1742519972.5214064
7,337.584,1742519972.5214064
0,350.098,1742519972.5715005
1,344.315,1742519972.5715005
2,358.463,1742519972.5715005
3,344.525,1742519972.5715005
4,333.522,1742519972.5715005
5,366.673,1742519972.5715005
6,346.178,1742519972.5715005
7,364.321,1742519972.5715005
0,380.54,1742519972.6216223
1,369.957,1742519972.6216223
2,377.549,1742519972.6216223
3,371.155,1742519972.6216223
4,358.31,1742519972.6216223
5,366.673,1742519972.6216223
6,346.178,1742519972.6216223
7,364.321,1742519972.6216223
0,380.54,1742519972.671808
1,369.957,1742519972.671808
2,377.549,1742519972.671808
3,371.155,1742519972.671808
4,358.31,1742519972.671808
5,382.586,1742519972.671808
6,368.53,1742519972.671808
7,384.113,1742519972.671808
0,382.931,1742519972.7219293
1,375.355,1742519972.7219293
2,377.886,1742519972.7219293
3,379.775,1742519972.7219293
4,367.402,1742519972.7219293
5,382.586,1742519972.7219293
6,368.53,1742519972.7219293
7,384.113,1742519972.7219293
0,382.931,1742519972.7720683
1,375.355,1742519972.7720683
2,377.886,1742519972.7720683
3,379.775,1742519972.7720683
4,367.402,1742519972.7720683
5,383.653,1742519972.7720683
6,369.118,1742519972.7720683
7,384.867,1742519972.7720683
0,382.788,1742519972.8222058
1,375.015,1742519972.8222058
2,377.6,1742519972.8222058
3,381.475,1742519972.8222058
4,368.728,1742519972.8222058
5,383.653,1742519972.8222058
6,369.118,1742519972.8222058
7,384.867,1742519972.8222058
0,382.788,1742519972.8723454
1,375.015,1742519972.8723454
2,377.6,1742519972.8723454
3,381.475,1742519972.8723454
4,368.728,1742519972.8723454
5,383.589,1742519972.8723454
6,369.727,1742519972.8723454
7,383.804,1742519972.8723454
0,382.721,1742519972.9224799
1,372.298,1742519972.9224799
2,377.6,1742519972.9224799
3,380.372,1742519972.9224799
4,369.711,1742519972.9224799
5,383.589,1742519972.9224799
6,369.727,1742519972.9224799
7,383.804,1742519972.9224799
0,382.721,1742519972.9725723
1,372.298,1742519972.9725723
2,376.872,1742519972.9725723
3,380.372,1742519972.9725723
4,369.711,1742519972.9725723
5,384.521,1742519972.9725723
6,371.008,1742519972.9725723
7,383.915,1742519972.9725723
0,381.361,1742519973.0226908
1,373.789,1742519973.0226908
2,376.872,1742519973.0226908
3,382.629,1742519973.0226908
4,366.976,1742519973.0226908
5,384.521,1742519973.0226908
6,371.008,1742519973.0226908
7,383.915,1742519973.0226908
0,381.361,1742519973.0728292
1,373.789,1742519973.0728292
2,376.035,1742519973.0728292
3,382.629,1742519973.0728292
4,366.976,1742519973.0728292
5,384.481,1742519973.0728292
6,371.819,1742519973.0728292
7,383.976,1742519973.0728292
0,381.599,1742519973.122963
1,371.095,1742519973.122963
2,376.035,1742519973.122963
3,382.059,1742519973.122963
4,367.725,1742519973.122963
5,384.481,1742519973.122963
6,371.819,1742519973.122963
7,383.976,1742519973.122963
0,381.599,1742519973.1731827
1,371.095,1742519973.1731827
2,373.674,1742519973.1731827
3,382.059,1742519973.1731827
4,367.725,1742519973.1731827
5,384.239,1742519973.1731827
6,372.399,1742519973.1731827
7,384.908,1742519973.1731827
0,380.235,1742519973.2233193
1,370.09,1742519973.2233193
2,373.674,1742519973.2233193
3,382.942,1742519973.2233193
4,368.382,1742519973.2233193
5,384.239,1742519973.2233193
6,372.399,1742519973.2233193
7,384.908,1742519973.2233193
0,380.235,1742519973.2735023
1,370.09,1742519973.2735023
2,373.064,1742519973.2735023
3,382.942,1742519973.2735023
4,368.382,1742519973.2735023
5,384.292,1742519973.2735023
6,373.731,1742519973.2735023
7,384.284,1742519973.2735023
0,378.778,1742519973.323637
1,370.678,1742519973.323637
2,373.064,1742519973.323637
3,382.025,1742519973.323637
4,368.427,1742519973.323637
5,384.292,1742519973.323637
6,373.731,1742519973.323637
7,384.284,1742519973.323637
0,378.778,1742519973.3737247
1,370.678,1742519973.3737247
2,372.077,1742519973.3737247
3,382.025,1742519973.3737247
4,368.427,1742519973.3737247
5,383.82,1742519973.3737247
6,374.369,1742519973.3737247
7,381.857,1742519973.3737247
0,377.574,1742519973.4238467
1,369.487,1742519973.4238467
2,372.077,1742519973.4238467
3,377.566,1742519973.4238467
4,368.793,1742519973.4238467
5,383.82,1742519973.4238467
6,374.369,1742519973.4238467
7,381.857,1742519973.4238467
0,377.574,1742519973.473981
1,369.487,1742519973.473981
2,372.556,1742519973.473981
3,377.566,1742519973.473981
4,368.793,1742519973.473981
5,382.177,1742519973.473981
6,375.808,1742519973.473981
7,381.491,1742519973.473981
0,375.932,1742519973.524105
1,368.069,1742519973.524105
2,372.556,1742519973.524105
3,376.388,1742519973.524105
4,369.586,1742519973.524105
5,382.177,1742519973.524105
6,375.808,1742519973.524105
7,381.491,1742519973.524105
0,375.932,1742519973.5742333
1,368.069,1742519973.5742333
2,370.975,1742519973.5742333
3,376.388,1742519973.5742333
4,369.586,1742519973.5742333
5,381.102,1742519973.5742333
6,377.746,1742519973.5742333
7,378.694,1742519973.5742333
0,372.726,1742519973.6243677
1,366.412,1742519973.6243677
2,370.975,1742519973.6243677
3,375.914,1742519973.6243677
4,370.514,1742519973.6243677
5,381.102,1742519973.6243677
6,377.746,1742519973.6243677
7,378.694,1742519973.6243677
0,372.726,1742519973.6744628
1,366.412,1742519973.6744628
2,370.627,1742519973.6744628
3,375.914,1742519973.6744628
4,370.514,1742519973.6744628
5,375.796,1742519973.6744628
6,377.932,1742519973.6744628
7,377.052,1742519973.6744628
0,371.29,1742519973.7245963
1,367.51,1742519973.7245963
2,370.627,1742519973.7245963
3,374.195,1742519973.7245963
4,369.658,1742519973.7245963
5,375.796,1742519973.7245963
6,377.932,1742519973.7245963
7,377.052,1742519973.7245963
0,371.29,1742519973.7746854
1,367.51,1742519973.7746854
2,370.323,1742519973.7746854
3,374.195,1742519973.7746854
4,369.658,1742519973.7746854
5,374.899,1742519973.7746854
6,377.44,1742519973.7746854
7,376.117,1742519973.7746854
0,370.521,1742519973.8248093
1,365.112,1742519973.8248093
2,370.323,1742519973.8248093
3,372.162,1742519973.8248093
4,368.517,1742519973.8248093
5,374.899,1742519973.8248093
6,377.44,1742519973.8248093
7,376.117,1742519973.8248093
0,370.521,1742519973.8750572
1,365.112,1742519973.8750572
2,369.07,1742519973.8750572
3,372.162,1742519973.8750572
4,368.517,1742519973.8750572
5,376.499,1742519973.8750572
6,378.759,1742519973.8750572
7,376.295,1742519973.8750572
0,370.543,1742519973.9252036
1,365.323,1742519973.9252036
2,369.07,1742519973.9252036
3,371.08,1742519973.9252036
4,368.469,1742519973.9252036
5,376.499,1742519973.9252036
6,378.759,1742519973.9252036
7,376.295,1742519973.9252036
0,370.543,1742519973.975328
1,365.323,1742519973.975328
2,369.653,1742519973.975328
3,371.08,1742519973.975328
4,368.469,1742519973.975328
5,376.499,1742519973.975328
6,378.573,1742519973.975328
7,376.589,1742519973.975328
0,370.692,1742519974.0254507
1,364.84,1742519974.0254507
2,369.653,1742519974.0254507
3,370.263,1742519974.0254507
4,371.004,1742519974.0254507
5,375.093,1742519974.0254507
6,378.573,1742519974.0254507
7,376.589,1742519974.0254507
0,370.692,1742519974.0755794
1,364.84,1742519974.0755794
2,370.341,1742519974.0755794
3,370.263,1742519974.0755794
4,371.004,1742519974.0755794
5,375.093,1742519974.0755794
6,378.399,1742519974.0755794
7,376.47,1742519974.0755794
0,370.924,1742519974.1257374
1,365.174,1742519974.1257374
2,370.341,1742519974.1257374
3,370.664,1742519974.1257374
4,370.598,1742519974.1257374
5,376.598,1742519974.1257374
6,378.399,1742519974.1257374
7,376.47,1742519974.1257374
0,370.924,1742519974.1758292
1,365.174,1742519974.1758292
2,371.026,1742519974.1758292
3,370.664,1742519974.1758292
4,370.598,1742519974.1758292
5,376.598,1742519974.1758292
6,378.695,1742519974.1758292
7,378.346,1742519974.1758292
0,372.269,1742519974.225963
1,365.293,1742519974.225963
2,371.026,1742519974.225963
3,371.232,1742519974.225963
4,369.84,1742519974.225963
5,375.967,1742519974.225963
6,378.695,1742519974.225963
7,378.346,1742519974.225963
0,372.269,1742519974.2761312
1,365.293,1742519974.2761312
2,372.065,1742519974.2761312
3,371.232,1742519974.2761312
4,369.84,1742519974.2761312
5,375.967,1742519974.2761312
6,379.62,1742519974.2761312
7,376.16,1742519974.2761312
0,374.62,1742519974.3262649
1,363.401,1742519974.3262649
2,372.065,1742519974.3262649
3,372.62,1742519974.3262649
4,368.047,1742519974.3262649
5,376.913,1742519974.3262649
6,379.62,1742519974.3262649
7,376.16,1742519974.3262649
0,374.62,1742519974.3764236
1,363.401,1742519974.3764236
2,373.336,1742519974.3764236
3,372.62,1742519974.3764236
4,368.047,1742519974.3764236
5,376.913,1742519974.3764236
6,378.873,1742519974.3764236
7,377.098,1742519974.3764236
0,375.913,1742519974.4265785
1,363.932,1742519974.4265785
2,373.336,1742519974.4265785
3,372.255,1742519974.4265785
4,367.809,1742519974.4265785
5,376.842,1742519974.4265785
6,378.873,1742519974.4265785
7,377.098,1742519974.4265785
0,375.913,1742519974.4767034
1,363.932,1742519974.4767034
2,373.821,1742519974.4767034
3,372.255,1742519974.4767034
4,367.809,1742519974.4767034
5,376.842,1742519974.4767034
6,377.863,1742519974.4767034
7,379.189,1742519974.4767034
0,375.245,1742519974.5268366
1,363.603,1742519974.5268366
2,373.821,1742519974.5268366
3,372.881,1742519974.5268366
4,368.193,1742519974.5268366
5,376.888,1742519974.5268366
6,377.863,1742519974.5268366
7,379.189,1742519974.5268366
0,375.245,1742519974.5769267
1,363.603,1742519974.5769267
2,375.111,1742519974.5769267
3,372.881,1742519974.5769267
4,368.193,1742519974.5769267
5,376.888,1742519974.5769267
6,376.731,1742519974.5769267
7,380.916,1742519974.5769267
0,367.826,1742519974.6270213
1,358.89,1742519974.6270213
2,375.111,1742519974.6270213
3,368.588,1742519974.6270213
4,364.079,1742519974.6270213
5,375.62,1742519974.6270213
6,376.731,1742519974.6270213
7,380.916,1742519974.6270213
0,367.826,1742519974.6771433
1,358.89,1742519974.6771433
2,360.403,1742519974.6771433
3,368.588,1742519974.6771433
4,364.079,1742519974.6771433
5,375.62,1742519974.6771433
6,357.76,1742519974.6771433
7,360.195,1742519974.6771433
0,343.642,1742519974.727268
1,335.218,1742519974.727268
2,360.403,1742519974.727268
3,344.069,1742519974.727268
4,339.808,1742519974.727268
5,351.674,1742519974.727268
6,357.76,1742519974.727268
7,360.195,1742519974.727268
0,343.642,1742519974.7773998
1,335.218,1742519974.7773998
2,336.496,1742519974.7773998
3,344.069,1742519974.7773998
4,339.808,1742519974.7773998
5,327.141,1742519974.7773998
6,334.157,1742519974.7773998
7,329.102,1742519974.7773998
0,319.657,1742519974.8275344
1,307.496,1742519974.8275344
2,336.496,1742519974.8275344
3,318.721,1742519974.8275344
4,314.232,1742519974.8275344
5,327.141,1742519974.8275344
6,334.157,1742519974.8275344
7,329.102,1742519974.8275344
0,319.657,1742519974.8776698
1,307.496,1742519974.8776698
2,311.995,1742519974.8776698
3,318.721,1742519974.8776698
4,314.232,1742519974.8776698
5,327.141,1742519974.8776698
6,305.569,1742519974.8776698
7,310.632,1742519974.8776698
0,293.546,1742519974.9278057
1,283.694,1742519974.9278057
2,311.995,1742519974.9278057
3,295.329,1742519974.9278057
4,287.545,1742519974.9278057
5,302.094,1742519974.9278057
6,305.569,1742519974.9278057
7,310.632,1742519974.9278057
0,293.546,1742519974.9779415
1,283.694,1742519974.9779415
2,287.774,1742519974.9779415
3,295.329,1742519974.9779415
4,287.545,1742519974.9779415
5,302.094,1742519974.9779415
6,279.751,1742519974.9779415
7,286.1,1742519974.9779415
0,269.708,1742519975.028076
1,260.43,1742519975.028076
2,287.774,1742519975.028076
3,270.672,1742519975.028076
4,264.652,1742519975.028076
5,277.019,1742519975.028076
6,279.751,1742519975.028076
7,286.1,1742519975.028076
0,269.708,1742519975.078213
1,260.43,1742519975.078213
2,262.729,1742519975.078213
3,270.672,1742519975.078213
4,264.652,1742519975.078213
5,277.019,1742519975.078213
6,256.883,1742519975.078213
7,261.427,1742519975.078213
0,245.111,1742519975.128348
1,233.79,1742519975.128348
2,262.729,1742519975.128348
3,246.073,1742519975.128348
4,238.711,1742519975.128348
5,248.963,1742519975.128348
6,256.883,1742519975.128348
7,261.427,1742519975.128348
0,245.111,1742519975.1784694
1,233.79,1742519975.1784694
2,238.294,1742519975.1784694
3,246.073,1742519975.1784694
4,238.711,1742519975.1784694
5,248.963,1742519975.1784694
6,231.297,1742519975.1784694
7,236.076,1742519975.1784694
0,220.066,1742519975.2285717
1,208.983,1742519975.2285717
2,238.294,1742519975.2285717
3,217.251,1742519975.2285717
4,214.609,1742519975.2285717
5,226.802,1742519975.2285717
6,231.297,1742519975.2285717
7,236.076,1742519975.2285717
0,220.066,1742519975.2787385
1,208.983,1742519975.2787385
2,213.345,1742519975.2787385
3,217.251,1742519975.2787385
4,214.609,1742519975.2787385
5,201.665,1742519975.2787385
6,205.009,1742519975.2787385
7,211.828,1742519975.2787385
0,190.857,1742519975.3288398
1,184.435,1742519975.3288398
2,213.345,1742519975.3288398
3,191.731,1742519975.3288398
4,190.17,1742519975.3288398
5,201.665,1742519975.3288398
6,205.009,1742519975.3288398
7,211.828,1742519975.3288398
0,190.857,1742519975.3790395
1,184.435,1742519975.3790395
2,187.74,1742519975.3790395
3,191.731,1742519975.3790395
4,190.17,1742519975.3790395
5,176.595,1742519975.3790395
6,180.71,1742519975.3790395
7,181.394,1742519975.3790395
0,168.636,1742519975.4291866
1,159.167,1742519975.4291866
2,187.74,1742519975.4291866
3,166.391,1742519975.4291866
4,164.498,1742519975.4291866
5,176.595,1742519975.4291866
6,180.71,1742519975.4291866
7,181.394,1742519975.4291866
0,168.636,1742519975.4793108
1,159.167,1742519975.4793108
2,162.872,1742519975.4793108
3,166.391,1742519975.4793108
4,164.498,1742519975.4793108
5,150.976,1742519975.4793108
6,150.538,1742519975.4793108
7,154.81,1742519975.4793108
0,139.199,1742519975.5294368
1,134.163,1742519975.5294368
2,162.872,1742519975.5294368
3,141.52,1742519975.5294368
4,140.128,1742519975.5294368
5,150.976,1742519975.5294368
6,150.538,1742519975.5294368
7,154.81,1742519975.5294368
0,139.199,1742519975.5795588
1,134.163,1742519975.5795588
2,131.916,1742519975.5795588
3,141.52,1742519975.5795588
4,140.128,1742519975.5795588
5,150.976,1742519975.5795588
6,130.816,1742519975.5795588
7,129.131,1742519975.5795588
0,122.182,1742519975.6297026
1,117.931,1742519975.6297026
2,131.916,1742519975.6297026
3,120.645,1742519975.6297026
4,119.053,1742519975.6297026
5,122.031,1742519975.6297026
6,130.816,1742519975.6297026
7,129.131,1742519975.6297026
0,122.182,1742519975.6798387
1,117.931,1742519975.6798387
2,122.515,1742519975.6798387
3,120.645,1742519975.6798387
4,119.053,1742519975.6798387
5,122.031,1742519975.6798387
6,118.051,1742519975.6798387
7,124.89,1742519975.6798387
0,122.085,1742519975.7299745
1,117.942,1742519975.7299745
2,122.515,1742519975.7299745
3,120.372,1742519975.7299745
4,118.704,1742519975.7299745
5,121.763,1742519975.7299745
6,118.051,1742519975.7299745
7,124.89,1742519975.7299745
0,122.085,1742519975.7801094
1,117.942,1742519975.7801094
2,122.329,1742519975.7801094
3,120.372,1742519975.7801094
4,118.704,1742519975.7801094
5,121.763,1742519975.7801094
6,117.971,1742519975.7801094
7,124.743,1742519975.7801094
0,121.966,1742519975.830244
1,117.752,1742519975.830244
2,122.329,1742519975.830244
3,120.241,1742519975.830244
4,118.603,1742519975.830244
5,121.678,1742519975.830244
6,117.971,1742519975.830244
7,124.743,1742519975.830244
0,121.966,1742519975.8803961
1,117.752,1742519975.8803961
2,122.212,1742519975.8803961
3,120.241,1742519975.8803961
4,118.603,1742519975.8803961
5,121.678,1742519975.8803961
6,117.866,1742519975.8803961
7,124.612,1742519975.8803961
0,121.901,1742519975.9305294
1,117.738,1742519975.9305294
2,122.212,1742519975.9305294
3,120.173,1742519975.9305294
4,118.509,1742519975.9305294
5,121.582,1742519975.9305294
6,117.866,1742519975.9305294
7,124.612,1742519975.9305294
0,121.901,1742519975.980627
1,117.738,1742519975.980627
2,122.153,1742519975.980627
3,120.173,1742519975.980627
4,118.509,1742519975.980627
5,121.582,1742519975.980627
6,117.785,1742519975.980627
7,124.535,1742519975.980627
0,121.835,1742519976.0307505
1,117.615,1742519976.0307505
2,122.153,1742519976.0307505
3,120.114,1742519976.0307505
4,118.448,1742519976.0307505
5,121.522,1742519976.0307505
6,117.785,1742519976.0307505
7,124.535,1742519976.0307505
0,121.835,1742519976.0808828
1,117.615,1742519976.0808828
2,122.081,1742519976.0808828
3,120.114,1742519976.0808828
4,118.448,1742519976.0808828
5,121.522,1742519976.0808828
6,117.735,1742519976.0808828
7,124.467,1742519976.0808828
0,121.77,1742519976.1310165
1,117.605,1742519976.1310165
2,122.081,1742519976.1310165
3,120.068,1742519976.1310165
4,118.391,1742519976.1310165
5,121.446,1742519976.1310165
6,117.735,1742519976.1310165
7,124.467,1742519976.1310165
0,121.77,1742519976.181152
1,117.605,1742519976.181152
2,122.035,1742519976.181152
3,120.068,1742519976.181152
4,118.391,1742519976.181152
5,121.446,1742519976.181152
6,117.697,1742519976.181152
7,124.385,1742519976.181152
0,121.741,1742519976.2312841
1,117.613,1742519976.2312841
2,122.035,1742519976.2312841
3,120.022,1742519976.2312841
4,118.331,1742519976.2312841
5,121.393,1742519976.2312841
6,117.697,1742519976.2312841
7,124.385,1742519976.2312841
0,121.741,1742519976.2814171
1,117.613,1742519976.2814171
2,121.998,1742519976.2814171
3,120.022,1742519976.2814171
4,118.331,1742519976.2814171
5,121.393,1742519976.2814171
6,117.676,1742519976.2814171
7,124.359,1742519976.2814171
0,121.715,1742519976.3315482
1,117.513,1742519976.3315482
2,121.998,1742519976.3315482
3,119.974,1742519976.3315482
4,118.298,1742519976.3315482
5,121.331,1742519976.3315482
6,117.676,1742519976.3315482
7,124.359,1742519976.3315482
0,121.715,1742519976.3817196
1,117.513,1742519976.3817196
2,121.946,1742519976.3817196
3,119.974,1742519976.3817196
4,118.298,1742519976.3817196
5,121.331,1742519976.3817196
6,117.645,1742519976.3817196
7,124.292,1742519976.3817196
0,121.688,1742519976.4318147
1,117.572,1742519976.4318147
2,121.946,1742519976.4318147
3,119.949,1742519976.4318147
4,118.246,1742519976.4318147
5,121.298,1742519976.4318147
6,117.645,1742519976.4318147
7,124.292,1742519976.4318147
0,121.688,1742519976.4819589
1,117.572,1742519976.4819589
2,121.894,1742519976.4819589
3,119.949,1742519976.4819589
4,118.246,1742519976.4819589
5,121.298,1742519976.4819589
6,117.597,1742519976.4819589
7,124.226,1742519976.4819589
0,121.653,1742519976.5320947
1,117.437,1742519976.5320947
2,121.894,1742519976.5320947
3,119.909,1742519976.5320947
4,118.209,1742519976.5320947
5,121.277,1742519976.5320947
6,117.597,1742519976.5320947
7,124.226,1742519976.5320947
0,121.653,1742519976.5822196
1,117.437,1742519976.5822196
2,121.855,1742519976.5822196
3,119.909,1742519976.5822196
4,118.209,1742519976.5822196
5,121.277,1742519976.5822196
6,117.556,1742519976.5822196
7,124.193,1742519976.5822196
0,121.612,1742519976.6323545
1,117.52,1742519976.6323545
2,121.855,1742519976.6323545
3,119.889,1742519976.6323545
4,118.196,1742519976.6323545
5,121.257,1742519976.6323545
6,117.556,1742519976.6323545
7,124.193,1742519976.6323545
0,121.612,1742519976.6824865
1,117.52,1742519976.6824865
2,121.803,1742519976.6824865
3,119.889,1742519976.6824865
4,118.196,1742519976.6824865
5,121.257,1742519976.6824865
6,117.512,1742519976.6824865
7,124.15,1742519976.6824865
0,121.564,1742519976.732622
1,117.369,1742519976.732622
2,121.803,1742519976.732622
3,119.847,1742519976.732622
4,118.164,1742519976.732622
5,121.225,1742519976.732622
6,117.512,1742519976.732622
7,124.15,1742519976.732622
0,121.564,1742519976.7827568
1,117.369,1742519976.7827568
2,121.776,1742519976.7827568
3,119.847,1742519976.7827568
4,118.164,1742519976.7827568
5,121.225,1742519976.7827568
6,117.504,1742519976.7827568
7,124.128,1742519976.7827568
0,121.552,1742519976.832893
1,117.464,1742519976.832893
2,121.776,1742519976.832893
3,119.826,1742519976.832893
4,118.147,1742519976.832893
5,121.191,1742519976.832893
6,117.504,1742519976.832893
7,124.128,1742519976.832893
0,121.552,1742519976.8830242
1,117.464,1742519976.8830242
2,121.738,1742519976.8830242
3,119.826,1742519976.8830242
4,118.147,1742519976.8830242
5,121.191,1742519976.8830242
6,117.496,1742519976.8830242
7,124.101,1742519976.8830242
0,127.622,1742519976.9331512
1,128.014,1742519976.9331512
2,121.738,1742519976.9331512
3,125.908,1742519976.9331512
4,123.099,1742519976.9331512
5,123.394,1742519976.9331512
6,117.496,1742519976.9331512
7,124.101,1742519976.9331512
0,127.622,1742519976.983283
1,128.014,1742519976.983283
2,133.319,1742519976.983283
3,125.908,1742519976.983283
4,123.099,1742519976.983283
5,123.394,1742519976.983283
6,139.161,1742519976.983283
7,140.826,1742519976.983283
0,153.381,1742519977.0333765
1,153.875,1742519977.0333765
2,133.319,1742519977.0333765
3,150.952,1742519977.0333765
4,147.958,1742519977.0333765
5,149.085,1742519977.0333765
6,139.161,1742519977.0333765
7,140.826,1742519977.0333765
0,153.381,1742519977.0835652
1,153.875,1742519977.0835652
2,157.197,1742519977.0835652
3,150.952,1742519977.0835652
4,147.958,1742519977.0835652
5,149.085,1742519977.0835652
6,164.209,1742519977.0835652
7,167.211,1742519977.0835652
0,183.874,1742519977.1337113
1,178.947,1742519977.1337113
2,157.197,1742519977.1337113
3,177.648,1742519977.1337113
4,172.262,1742519977.1337113
5,175.347,1742519977.1337113
6,164.209,1742519977.1337113
7,167.211,1742519977.1337113
0,183.874,1742519977.1838453
1,178.947,1742519977.1838453
2,181.756,1742519977.1838453
3,177.648,1742519977.1838453
4,172.262,1742519977.1838453
5,175.347,1742519977.1838453
6,189.26,1742519977.1838453
7,200.196,1742519977.1838453
0,210.097,1742519977.23398
1,204.713,1742519977.23398
2,181.756,1742519977.23398
3,204.18,1742519977.23398
4,196.329,1742519977.23398
5,201.64,1742519977.23398
6,189.26,1742519977.23398
7,200.196,1742519977.23398
0,210.097,1742519977.2840698
1,204.713,1742519977.2840698
2,212.352,1742519977.2840698
3,204.18,1742519977.2840698
4,196.329,1742519977.2840698
5,201.64,1742519977.2840698
6,214.587,1742519977.2840698
7,226.044,1742519977.2840698
0,236.795,1742519977.3341916
1,230.366,1742519977.3341916
2,212.352,1742519977.3341916
3,232.745,1742519977.3341916
4,220.856,1742519977.3341916
5,227.42,1742519977.3341916
6,214.587,1742519977.3341916
7,226.044,1742519977.3341916
0,236.795,1742519977.3842843
1,230.366,1742519977.3842843
2,238.088,1742519977.3842843
3,232.745,1742519977.3842843
4,220.856,1742519977.3842843
5,227.42,1742519977.3842843
6,237.416,1742519977.3842843
7,252.207,1742519977.3842843
0,263.284,1742519977.4344432
1,256.673,1742519977.4344432
2,238.088,1742519977.4344432
3,259.185,1742519977.4344432
4,250.278,1742519977.4344432
5,252.826,1742519977.4344432
6,237.416,1742519977.4344432
7,252.207,1742519977.4344432
0,263.284,1742519977.4845715
1,256.673,1742519977.4845715
2,262.755,1742519977.4845715
3,259.185,1742519977.4845715
4,250.278,1742519977.4845715
5,252.826,1742519977.4845715
6,265.427,1742519977.4845715
7,278.915,1742519977.4845715
0,289.235,1742519977.5347097
1,282.779,1742519977.5347097
2,262.755,1742519977.5347097
3,285.283,1742519977.5347097
4,270.493,1742519977.5347097
5,276.147,1742519977.5347097
6,265.427,1742519977.5347097
7,278.915,1742519977.5347097
0,289.235,1742519977.5848439
1,282.779,1742519977.5848439
2,287.659,1742519977.5848439
3,285.283,1742519977.5848439
4,270.493,1742519977.5848439
5,276.147,1742519977.5848439
6,290.793,1742519977.5848439
7,305.615,1742519977.5848439
0,315.97,1742519977.6349676
1,308.35,1742519977.6349676
2,287.659,1742519977.6349676
3,311.612,1742519977.6349676
4,298.294,1742519977.6349676
5,302.231,1742519977.6349676
6,290.793,1742519977.6349676
7,305.615,1742519977.6349676
0,315.97,1742519977.6850572
1,308.35,1742519977.6850572
2,312.815,1742519977.6850572
3,311.612,1742519977.6850572
4,298.294,1742519977.6850572
5,302.231,1742519977.6850572
6,316.768,1742519977.6850572
7,332.184,1742519977.6850572
0,342.532,1742519977.7351918
1,308.35,1742519977.7351918
2,312.815,1742519977.7351918
3,337.483,1742519977.7351918
4,323.112,1742519977.7351918
5,328.463,1742519977.7351918
6,316.768,1742519977.7351918
7,332.184,1742519977.7351918
0,342.532,1742519977.7852836
1,329.073,1742519977.7852836
2,336.675,1742519977.7852836
3,337.483,1742519977.7852836
4,323.112,1742519977.7852836
5,328.463,1742519977.7852836
6,341.339,1742519977.7852836
7,357.85,1742519977.7852836
0,342.532,1742519977.8354218
1,329.073,1742519977.8354218
2,336.675,1742519977.8354218
3,363.235,1742519977.8354218
4,342.112,1742519977.8354218
5,362.371,1742519977.8354218
6,341.339,1742519977.8354218
7,357.85,1742519977.8354218
0,367.4,1742519977.8855498
1,353.237,1742519977.8855498
2,359.809,1742519977.8855498
3,363.235,1742519977.8855498
4,342.112,1742519977.8855498
5,362.371,1742519977.8855498
6,365.617,1742519977.8855498
7,382.624,1742519977.8855498
0,367.4,1742519977.9356847
1,353.237,1742519977.9356847
2,359.809,1742519977.9356847
3,382.617,1742519977.9356847
4,360.653,1742519977.9356847
5,381.952,1742519977.9356847
6,365.617,1742519977.9356847
7,382.624,1742519977.9356847
0,382.246,1742519977.9858096
1,372.865,1742519977.9858096
2,366.214,1742519977.9858096
3,382.617,1742519977.9858096
4,360.653,1742519977.9858096
5,381.952,1742519977.9858096
6,370.502,1742519977.9858096
7,385.634,1742519977.9858096
0,382.246,1742519978.0359113
1,372.865,1742519978.0359113
2,366.214,1742519978.0359113
3,382.874,1742519978.0359113
4,360.8,1742519978.0359113
5,381.765,1742519978.0359113
6,370.502,1742519978.0359113
7,385.634,1742519978.0359113
0,381.242,1742519978.0860026
1,372.711,1742519978.0860026
2,367.487,1742519978.0860026
3,382.874,1742519978.0860026
4,360.8,1742519978.0860026
5,381.765,1742519978.0860026
6,370.891,1742519978.0860026
7,383.65,1742519978.0860026
0,381.242,1742519978.1361241
1,372.711,1742519978.1361241
2,367.487,1742519978.1361241
3,382.527,1742519978.1361241
4,361.005,1742519978.1361241
5,380.797,1742519978.1361241
6,370.891,1742519978.1361241
7,383.65,1742519978.1361241
0,381.149,1742519978.186216
1,373.656,1742519978.186216
2,367.779,1742519978.186216
3,382.527,1742519978.186216
4,361.005,1742519978.186216
5,380.797,1742519978.186216
6,370.696,1742519978.186216
7,384.792,1742519978.186216
0,381.149,1742519978.2363534
1,373.656,1742519978.2363534
2,367.779,1742519978.2363534
3,380.962,1742519978.2363534
4,361.138,1742519978.2363534
5,379.768,1742519978.2363534
6,370.696,1742519978.2363534
7,384.792,1742519978.2363534
0,380.658,1742519978.2864802
1,373.684,1742519978.2864802
2,369.069,1742519978.2864802
3,380.962,1742519978.2864802
4,361.138,1742519978.2864802
5,379.768,1742519978.2864802
6,370.907,1742519978.2864802
7,384.892,1742519978.2864802
0,380.658,1742519978.3366148
1,373.684,1742519978.3366148
2,369.069,1742519978.3366148
3,378.372,1742519978.3366148
4,361.686,1742519978.3366148
5,380.228,1742519978.3366148
6,370.907,1742519978.3366148
7,384.892,1742519978.3366148
0,380.088,1742519978.3867404
1,373.814,1742519978.3867404
2,368.543,1742519978.3867404
3,378.372,1742519978.3867404
4,361.686,1742519978.3867404
5,380.228,1742519978.3867404
6,369.974,1742519978.3867404
7,384.457,1742519978.3867404
0,380.088,1742519978.4368787
1,373.814,1742519978.4368787
2,368.543,1742519978.4368787
3,376.192,1742519978.4368787
4,360.422,1742519978.4368787
5,380.614,1742519978.4368787
6,369.974,1742519978.4368787
7,384.457,1742519978.4368787
0,379.109,1742519978.4869704
1,373.667,1742519978.4869704
2,367.186,1742519978.4869704
3,376.192,1742519978.4869704
4,360.422,1742519978.4869704
5,380.614,1742519978.4869704
6,369.397,1742519978.4869704
7,383.779,1742519978.4869704
0,379.109,1742519978.5370936
1,373.667,1742519978.5370936
2,367.186,1742519978.5370936
3,375.94,1742519978.5370936
4,361.413,1742519978.5370936
5,379.238,1742519978.5370936
6,369.397,1742519978.5370936
7,383.779,1742519978.5370936
0,377.853,1742519978.5871851
1,372.779,1742519978.5871851
2,369.079,1742519978.5871851
3,375.94,1742519978.5871851
4,361.413,1742519978.5871851
5,379.238,1742519978.5871851
6,367.032,1742519978.5871851
7,382.089,1742519978.5871851
0,377.853,1742519978.6373143
1,372.779,1742519978.6373143
2,369.079,1742519978.6373143
3,374.212,1742519978.6373143
4,359.725,1742519978.6373143
5,377.709,1742519978.6373143
6,367.032,1742519978.6373143
7,382.089,1742519978.6373143
0,377.4,1742519978.6874473
1,372.415,1742519978.6874473
2,369.392,1742519978.6874473
3,374.212,1742519978.6874473
4,359.725,1742519978.6874473
5,377.709,1742519978.6874473
6,367.792,1742519978.6874473
7,380.539,1742519978.6874473
0,377.4,1742519978.737582
1,372.415,1742519978.737582
2,369.392,1742519978.737582
3,373.187,1742519978.737582
4,359.067,1742519978.737582
5,377.646,1742519978.737582
6,367.792,1742519978.737582
7,380.539,1742519978.737582
0,375.958,1742519978.7877102
1,372.216,1742519978.7877102
2,369.515,1742519978.7877102
3,373.187,1742519978.7877102
4,359.067,1742519978.7877102
5,377.646,1742519978.7877102
6,367.057,1742519978.7877102
7,379.634,1742519978.7877102
0,375.958,1742519978.837857
1,372.216,1742519978.837857
2,369.515,1742519978.837857
3,371.689,1742519978.837857
4,359.618,1742519978.837857
5,377.428,1742519978.837857
6,367.057,1742519978.837857
7,379.634,1742519978.837857
0,375.203,1742519978.887949
1,373.866,1742519978.887949
2,373.548,1742519978.887949
3,371.689,1742519978.887949
4,359.618,1742519978.887949
5,377.428,1742519978.887949
6,368.355,1742519978.887949
7,379.456,1742519978.887949
0,375.203,1742519978.9380825
1,373.866,1742519978.9380825
2,373.548,1742519978.9380825
3,372.193,1742519978.9380825
4,360.113,1742519978.9380825
5,378.045,1742519978.9380825
6,368.355,1742519978.9380825
7,379.456,1742519978.9380825
0,376.046,1742519978.9881723
1,372.758,1742519978.9881723
2,374.579,1742519978.9881723
3,372.193,1742519978.9881723
4,360.113,1742519978.9881723
5,378.045,1742519978.9881723
6,369.756,1742519978.9881723
7,382.409,1742519978.9881723
0,376.046,1742519979.0382955
1,372.758,1742519979.0382955
2,374.579,1742519979.0382955
3,371.77,1742519979.0382955
4,358.613,1742519979.0382955
5,378.806,1742519979.0382955
6,369.756,1742519979.0382955
7,382.409,1742519979.0382955
0,376.571,1742519979.0884259
1,372.717,1742519979.0884259
2,374.693,1742519979.0884259
3,371.77,1742519979.0884259
4,358.613,1742519979.0884259
5,378.806,1742519979.0884259
6,369.996,1742519979.0884259
7,382.463,1742519979.0884259
0,376.571,1742519979.1385634
1,372.717,1742519979.1385634
2,374.693,1742519979.1385634
3,372.132,1742519979.1385634
4,359.003,1742519979.1385634
5,378.161,1742519979.1385634
6,369.996,1742519979.1385634
7,382.463,1742519979.1385634
0,376.215,1742519979.1886926
1,372.44,1742519979.1886926
2,373.407,1742519979.1886926
3,372.132,1742519979.1886926
4,359.003,1742519979.1886926
5,378.161,1742519979.1886926
6,368.569,1742519979.1886926
7,380.457,1742519979.1886926
0,376.215,1742519979.2388246
1,372.44,1742519979.2388246
2,373.407,1742519979.2388246
3,372.071,1742519979.2388246
4,360.167,1742519979.2388246
5,377.67,1742519979.2388246
6,368.569,1742519979.2388246
7,380.457,1742519979.2388246
0,376.78,1742519979.2889156
1,372.173,1742519979.2889156
2,376.164,1742519979.2889156
3,372.071,1742519979.2889156
4,360.167,1742519979.2889156
5,377.67,1742519979.2889156
6,368.892,1742519979.2889156
7,380.382,1742519979.2889156
0,376.78,1742519979.339099
1,372.173,1742519979.339099
2,376.164,1742519979.339099
3,372.068,1742519979.339099
4,360.19,1742519979.339099
5,376.272,1742519979.339099
6,368.892,1742519979.339099
7,380.382,1742519979.339099
0,376.638,1742519979.3892226
1,371.505,1742519979.3892226
2,374.314,1742519979.3892226
3,372.068,1742519979.3892226
4,360.19,1742519979.3892226
5,376.272,1742519979.3892226
6,368.342,1742519979.3892226
7,379.514,1742519979.3892226
0,376.638,1742519979.4393563
1,371.505,1742519979.4393563
2,374.314,1742519979.4393563
3,363.803,1742519979.4393563
4,352.98,1742519979.4393563
5,367.308,1742519979.4393563
6,368.342,1742519979.4393563
7,379.514,1742519979.4393563
0,361.313,1742519979.4894893
1,355.446,1742519979.4894893
2,359.321,1742519979.4894893
3,363.803,1742519979.4894893
4,352.98,1742519979.4894893
5,367.308,1742519979.4894893
6,345.635,1742519979.4894893
7,354.793,1742519979.4894893
0,361.313,1742519979.5396252
1,355.446,1742519979.5396252
2,359.321,1742519979.5396252
3,339.429,1742519979.5396252
4,329.514,1742519979.5396252
5,341.913,1742519979.5396252
6,345.635,1742519979.5396252
7,354.793,1742519979.5396252
0,336.651,1742519979.589761
1,329.589,1742519979.589761
2,334.539,1742519979.589761
3,339.429,1742519979.589761
4,329.514,1742519979.589761
5,341.913,1742519979.589761
6,320.115,1742519979.589761
7,354.793,1742519979.589761
0,336.651,1742519979.6398723
1,329.589,1742519979.6398723
2,334.539,1742519979.6398723
3,339.429,1742519979.6398723
4,306.311,1742519979.6398723
5,316.986,1742519979.6398723
6,320.115,1742519979.6398723
7,330.83,1742519979.6398723
0,311.252,1742519979.6899993
1,304.909,1742519979.6899993
2,309.689,1742519979.6899993
3,315.495,1742519979.6899993
4,306.311,1742519979.6899993
5,316.986,1742519979.6899993
6,295.396,1742519979.6899993
7,330.83,1742519979.6899993
0,311.252,1742519979.7401521
1,304.909,1742519979.7401521
2,309.689,1742519979.7401521
3,291.101,1742519979.7401521
4,283.445,1742519979.7401521
5,291.551,1742519979.7401521
6,295.396,1742519979.7401521
7,306.09,1742519979.7401521
0,288.274,1742519979.7902849
1,282.78,1742519979.7902849
2,284.715,1742519979.7902849
3,291.101,1742519979.7902849
4,283.445,1742519979.7902849
5,291.551,1742519979.7902849
6,273.676,1742519979.7902849
7,306.09,1742519979.7902849
0,288.274,1742519979.8404183
1,282.78,1742519979.8404183
2,284.715,1742519979.8404183
3,291.101,1742519979.8404183
4,258.572,1742519979.8404183
5,267.811,1742519979.8404183
6,273.676,1742519979.8404183
7,280.259,1742519979.8404183
0,263.584,1742519979.890553
1,258.173,1742519979.890553
2,259.614,1742519979.890553
3,265.269,1742519979.890553
4,258.572,1742519979.890553
5,267.811,1742519979.890553
6,245.82,1742519979.890553
7,280.259,1742519979.890553
0,263.584,1742519979.940724
1,258.173,1742519979.940724
2,259.614,1742519979.940724
3,265.269,1742519979.940724
4,234.096,1742519979.940724
5,242.09,1742519979.940724
6,245.82,1742519979.940724
7,253.654,1742519979.940724
0,238.888,1742519979.9908383
1,233.648,1742519979.9908383
2,234.719,1742519979.9908383
3,239.312,1742519979.9908383
4,234.096,1742519979.9908383
5,242.09,1742519979.9908383
6,219.73,1742519979.9908383
7,229.82,1742519979.9908383
0,238.888,1742519980.040964
1,233.648,1742519980.040964
2,234.719,1742519980.040964
3,239.312,1742519980.040964
4,209.982,1742519980.040964
5,213.765,1742519980.040964
6,219.73,1742519980.040964
7,229.82,1742519980.040964
0,213.594,1742519980.0910966
1,208.364,1742519980.0910966
2,209.982,1742519980.0910966
3,213.784,1742519980.0910966
4,209.982,1742519980.0910966
5,213.765,1742519980.0910966
6,194.482,1742519980.0910966
7,204.432,1742519980.0910966
0,213.594,1742519980.1412299
1,208.364,1742519980.1412299
2,209.982,1742519980.1412299
3,213.784,1742519980.1412299
4,188.169,1742519980.1412299
5,191.319,1742519980.1412299
6,194.482,1742519980.1412299
7,204.432,1742519980.1412299
0,188.64,1742519980.191351
1,183.274,1742519980.191351
2,185.634,1742519980.191351
3,186.397,1742519980.191351
4,188.169,1742519980.191351
5,191.319,1742519980.191351
6,173.008,1742519980.191351
7,204.432,1742519980.191351
0,188.64,1742519980.2414715
1,183.274,1742519980.2414715
2,185.634,1742519980.2414715
3,186.397,1742519980.2414715
4,160.49,1742519980.2414715
5,166.973,1742519980.2414715
6,173.008,1742519980.2414715
7,179.464,1742519980.2414715
0,162.862,1742519980.291606
1,152.327,1742519980.291606
2,154.455,1742519980.291606
3,156.201,1742519980.291606
4,160.49,1742519980.291606
5,166.973,1742519980.291606
6,147.975,1742519980.291606
7,179.464,1742519980.291606
0,162.862,1742519980.341742
1,152.327,1742519980.341742
2,154.455,1742519980.341742
3,156.201,1742519980.341742
4,139.544,1742519980.341742
5,166.973,1742519980.341742
6,147.975,1742519980.341742
7,149.93,1742519980.341742
0,138.11,1742519980.3918772
1,133.031,1742519980.3918772
2,130.402,1742519980.3918772
3,136.298,1742519980.3918772
4,139.544,1742519980.3918772
5,132.682,1742519980.3918772
6,123.276,1742519980.3918772
7,149.93,1742519980.3918772
0,138.11,1742519980.4420166
1,133.031,1742519980.4420166
2,130.402,1742519980.4420166
3,136.298,1742519980.4420166
4,118.968,1742519980.4420166
5,132.682,1742519980.4420166
6,123.276,1742519980.4420166
7,128.361,1742519980.4420166
0,122.125,1742519980.4921415
1,117.592,1742519980.4921415
2,122.256,1742519980.4921415
3,120.02,1742519980.4921415
4,118.968,1742519980.4921415
5,121.58,1742519980.4921415
6,117.699,1742519980.4921415
7,128.361,1742519980.4921415
0,122.125,1742519980.5422738
1,117.592,1742519980.5422738
2,122.256,1742519980.5422738
3,120.02,1742519980.5422738
4,118.452,1742519980.5422738
5,121.58,1742519980.5422738
6,117.699,1742519980.5422738
7,124.47,1742519980.5422738
0,122.008,1742519980.5924125
1,117.571,1742519980.5924125
2,122.051,1742519980.5924125
3,119.978,1742519980.5924125
4,118.452,1742519980.5924125
5,121.432,1742519980.5924125
6,117.599,1742519980.5924125
7,124.47,1742519980.5924125
0,122.008,1742519980.6425455
1,117.571,1742519980.6425455
2,122.051,1742519980.6425455
3,119.978,1742519980.6425455
4,118.334,1742519980.6425455
5,121.432,1742519980.6425455
6,117.599,1742519980.6425455
7,124.291,1742519980.6425455
0,121.93,1742519980.6926794
1,117.45,1742519980.6926794
2,121.953,1742519980.6926794
3,119.921,1742519980.6926794
4,118.334,1742519980.6926794
5,121.337,1742519980.6926794
6,117.498,1742519980.6926794
7,124.291,1742519980.6926794
0,121.93,1742519980.742816
1,117.45,1742519980.742816
2,121.953,1742519980.742816
3,119.921,1742519980.742816
4,118.25,1742519980.742816
5,121.337,1742519980.742816
6,117.498,1742519980.742816
7,124.226,1742519980.742816
0,121.871,1742519980.7929502
1,117.4,1742519980.7929502
2,121.875,1742519980.7929502
3,119.863,1742519980.7929502
4,118.25,1742519980.7929502
5,121.232,1742519980.7929502
6,117.498,1742519980.7929502
7,124.226,1742519980.7929502
0,121.871,1742519980.843086
1,117.4,1742519980.843086
2,121.875,1742519980.843086
3,119.863,1742519980.843086
4,118.161,1742519980.843086
5,121.232,1742519980.843086
6,117.429,1742519980.843086
7,124.147,1742519980.843086
0,121.841,1742519980.8932133
1,117.292,1742519980.8932133
2,121.804,1742519980.8932133
3,119.815,1742519980.8932133
4,118.161,1742519980.8932133
5,121.19,1742519980.8932133
6,117.429,1742519980.8932133
7,124.073,1742519980.8932133
0,121.841,1742519980.9433467
1,117.292,1742519980.9433467
2,121.804,1742519980.9433467
3,119.815,1742519980.9433467
4,118.106,1742519980.9433467
5,121.19,1742519980.9433467
6,117.382,1742519980.9433467
7,124.073,1742519980.9433467
0,121.78,1742519980.9934864
1,117.258,1742519980.9934864
2,121.764,1742519980.9934864
3,119.778,1742519980.9934864
4,118.106,1742519980.9934864
5,121.122,1742519980.9934864
6,117.382,1742519980.9934864
7,124.028,1742519980.9934864
0,121.78,1742519981.0436182
1,117.258,1742519981.0436182
2,121.764,1742519981.0436182
3,119.778,1742519981.0436182
4,118.057,1742519981.0436182
5,121.122,1742519981.0436182
6,117.371,1742519981.0436182
7,124.028,1742519981.0436182
0,121.751,1742519981.0937595
1,117.237,1742519981.0937595
2,121.706,1742519981.0937595
3,119.724,1742519981.0937595
4,118.057,1742519981.0937595
5,121.085,1742519981.0937595
6,117.371,1742519981.0937595
7,123.973,1742519981.0937595
0,121.751,1742519981.1439338
1,117.237,1742519981.1439338
2,121.706,1742519981.1439338
3,119.724,1742519981.1439338
4,118.011,1742519981.1439338
5,121.085,1742519981.1439338
6,117.336,1742519981.1439338
7,123.973,1742519981.1439338
0,121.734,1742519981.1940658
1,117.147,1742519981.1940658
2,121.654,1742519981.1940658
3,119.703,1742519981.1940658
4,118.011,1742519981.1940658
5,121.003,1742519981.1940658
6,117.336,1742519981.1940658
7,123.973,1742519981.1940658
0,121.734,1742519981.2442005
1,117.147,1742519981.2442005
2,121.654,1742519981.2442005
3,119.703,1742519981.2442005
4,118.007,1742519981.2442005
5,121.003,1742519981.2442005
6,117.305,1742519981.2442005
7,123.934,1742519981.2442005
0,121.701,1742519981.2943358
1,117.216,1742519981.2943358
2,121.604,1742519981.2943358
3,119.643,1742519981.2943358
4,118.007,1742519981.2943358
5,120.974,1742519981.2943358
6,117.305,1742519981.2943358
7,123.934,1742519981.2943358
0,121.701,1742519981.3444715
1,117.216,1742519981.3444715
2,121.604,1742519981.3444715
3,119.643,1742519981.3444715
4,117.966,1742519981.3444715
5,120.974,1742519981.3444715
6,117.26,1742519981.3444715
7,123.919,1742519981.3444715
0,121.685,1742519981.394606
1,117.079,1742519981.394606
2,121.563,1742519981.394606
3,119.581,1742519981.394606
4,117.966,1742519981.394606
5,120.92,1742519981.394606
6,117.26,1742519981.394606
7,123.919,1742519981.394606
0,121.685,1742519981.444727
1,117.079,1742519981.444727
2,121.563,1742519981.444727
3,119.581,1742519981.444727
4,117.939,1742519981.444727
5,120.92,1742519981.444727
6,117.246,1742519981.444727
7,123.878,1742519981.444727
0,121.644,1742519981.4948592
1,117.182,1742519981.4948592
2,121.521,1742519981.4948592
3,119.564,1742519981.4948592
4,117.939,1742519981.4948592
5,120.906,1742519981.4948592
6,117.246,1742519981.4948592
7,123.878,1742519981.4948592
0,121.644,1742519981.5449538
1,117.182,1742519981.5449538
2,121.521,1742519981.5449538
3,119.564,1742519981.5449538
4,119.86,1742519981.5449538
5,120.906,1742519981.5449538
6,117.246,1742519981.5449538
7,123.832,1742519981.5449538
0,125.31,1742519981.5950878
1,126.057,1742519981.5950878
2,130.858,1742519981.5950878
3,122.464,1742519981.5950878
4,119.86,1742519981.5950878
5,124.083,1742519981.5950878
6,117.246,1742519981.5950878
7,123.832,1742519981.5950878
0,125.31,1742519981.645223
1,126.057,1742519981.645223
2,130.858,1742519981.645223
3,122.464,1742519981.645223
4,141.615,1742519981.645223
5,124.083,1742519981.645223
6,127.731,1742519981.645223
7,136.765,1742519981.645223
0,147.485,1742519981.6953583
1,142.633,1742519981.6953583
2,146.172,1742519981.6953583
3,144.116,1742519981.6953583
4,141.615,1742519981.6953583
5,146.204,1742519981.6953583
6,127.731,1742519981.6953583
7,136.765,1742519981.6953583
0,147.485,1742519981.7454937
1,142.633,1742519981.7454937
2,146.172,1742519981.7454937
3,144.116,1742519981.7454937
4,142.428,1742519981.7454937
5,146.204,1742519981.7454937
6,142.545,1742519981.7454937
7,149.238,1742519981.7454937
0,147.737,1742519981.7956283
1,143.096,1742519981.7956283
2,146.694,1742519981.7956283
3,144.942,1742519981.7956283
4,142.428,1742519981.7956283
5,146.432,1742519981.7956283
6,142.545,1742519981.7956283
7,149.238,1742519981.7956283
0,147.737,1742519981.845749
1,143.096,1742519981.845749
2,146.694,1742519981.845749
3,144.942,1742519981.845749
4,142.01,1742519981.845749
5,146.432,1742519981.845749
6,143.098,1742519981.845749
7,149.838,1742519981.845749
0,147.242,1742519981.8958807
1,142.678,1742519981.8958807
2,146.267,1742519981.8958807
3,144.49,1742519981.8958807
4,142.01,1742519981.8958807
5,145.967,1742519981.8958807
6,143.098,1742519981.8958807
7,149.838,1742519981.8958807
0,147.242,1742519981.9460142
1,142.678,1742519981.9460142
2,146.267,1742519981.9460142
3,144.49,1742519981.9460142
4,142.062,1742519981.9460142
5,145.967,1742519981.9460142
6,143.13,1742519981.9460142
7,149.399,1742519981.9460142
0,147.777,1742519981.996135
1,142.722,1742519981.996135
2,146.794,1742519981.996135
3,145.008,1742519981.996135
4,142.062,1742519981.996135
5,146.549,1742519981.996135
6,143.13,1742519981.996135
7,149.399,1742519981.996135
0,147.777,1742519982.0462606
1,142.722,1742519982.0462606
2,146.794,1742519982.0462606
3,145.008,1742519982.0462606
4,144.448,1742519982.0462606
5,146.549,1742519982.0462606
6,143.179,1742519982.0462606
7,149.938,1742519982.0462606
0,151.983,1742519982.096394
1,151.542,1742519982.096394
2,157.441,1742519982.096394
3,148.941,1742519982.096394
4,144.448,1742519982.096394
5,154.263,1742519982.096394
6,143.179,1742519982.096394
7,149.938,1742519982.096394
0,151.983,1742519982.1465204
1,151.542,1742519982.1465204
2,157.441,1742519982.1465204
3,148.941,1742519982.1465204
4,168.175,1742519982.1465204
5,154.263,1742519982.1465204
6,160.649,1742519982.1465204
7,164.205,1742519982.1465204
0,177.216,1742519982.1966536
1,177.521,1742519982.1966536
2,182.929,1742519982.1966536
3,174.361,1742519982.1966536
4,168.175,1742519982.1966536
5,179.483,1742519982.1966536
6,160.649,1742519982.1966536
7,164.205,1742519982.1966536
0,177.216,1742519982.2467487
1,177.521,1742519982.2467487
2,182.929,1742519982.2467487
3,174.361,1742519982.2467487
4,192.023,1742519982.2467487
5,179.483,1742519982.2467487
6,185.7,1742519982.2467487
7,190.127,1742519982.2467487
0,200.64,1742519982.2968822
1,201.339,1742519982.2968822
2,208.606,1742519982.2968822
3,200.91,1742519982.2968822
4,192.023,1742519982.2968822
5,205.935,1742519982.2968822
6,185.7,1742519982.2968822
7,190.127,1742519982.2968822
0,200.64,1742519982.3469727
1,201.339,1742519982.3469727
2,208.606,1742519982.3469727
3,200.91,1742519982.3469727
4,192.023,1742519982.3469727
5,205.935,1742519982.3469727
6,211.776,1742519982.3469727
7,214.681,1742519982.3469727
0,228.109,1742519982.397095
1,228.578,1742519982.397095
2,234.467,1742519982.397095
3,232.449,1742519982.397095
4,215.249,1742519982.397095
5,229.175,1742519982.397095
6,211.776,1742519982.397095
7,214.681,1742519982.397095
0,228.109,1742519982.4472823
1,228.578,1742519982.4472823
2,234.467,1742519982.4472823
3,232.449,1742519982.4472823
4,215.249,1742519982.4472823
5,229.175,1742519982.4472823
6,236.569,1742519982.4472823
7,248.081,1742519982.4472823
0,258.246,1742519982.4974482
1,254.289,1742519982.4974482
2,259.805,1742519982.4974482
3,256.232,1742519982.4974482
4,239.06,1742519982.4974482
5,256.737,1742519982.4974482
6,236.569,1742519982.4974482
7,248.081,1742519982.4974482
0,258.246,1742519982.5475814
1,254.289,1742519982.5475814
2,259.805,1742519982.5475814
3,256.232,1742519982.5475814
4,239.06,1742519982.5475814
5,256.737,1742519982.5475814
6,261.391,1742519982.5475814
7,273.743,1742519982.5475814
0,276.478,1742519982.5977268
1,271.935,1742519982.5977268
2,275.84,1742519982.5977268
3,277.999,1742519982.5977268
4,262.893,1742519982.5977268
5,275.641,1742519982.5977268
6,261.391,1742519982.5977268
7,273.743,1742519982.5977268
0,276.478,1742519982.6478186
1,271.935,1742519982.6478186
2,275.84,1742519982.6478186
3,277.999,1742519982.6478186
4,262.893,1742519982.6478186
5,275.641,1742519982.6478186
6,269.973,1742519982.6478186
7,280.289,1742519982.6478186
0,284.538,1742519982.6979537
1,281.265,1742519982.6979537
2,285.17,1742519982.6979537
3,281.955,1742519982.6979537
4,265.447,1742519982.6979537
5,279.803,1742519982.6979537
6,269.973,1742519982.6979537
7,280.289,1742519982.6979537
0,284.538,1742519982.7480764
1,281.265,1742519982.7480764
2,285.17,1742519982.7480764
3,281.955,1742519982.7480764
4,265.447,1742519982.7480764
5,279.803,1742519982.7480764
6,287.306,1742519982.7480764
7,300.911,1742519982.7480764
0,311.2,1742519982.7981997
1,304.039,1742519982.7981997
2,310.215,1742519982.7981997
3,311.284,1742519982.7981997
4,287.857,1742519982.7981997
5,279.803,1742519982.7981997
6,287.306,1742519982.7981997
7,300.911,1742519982.7981997
0,311.2,1742519982.8483267
1,304.039,1742519982.8483267
2,310.215,1742519982.8483267
3,311.284,1742519982.8483267
4,287.857,1742519982.8483267
5,316.462,1742519982.8483267
6,309.259,1742519982.8483267
7,327.703,1742519982.8483267
0,337.408,1742519982.8984506
1,333.136,1742519982.8984506
2,335.222,1742519982.8984506
3,337.74,1742519982.8984506
4,315.726,1742519982.8984506
5,316.462,1742519982.8984506
6,309.259,1742519982.8984506
7,327.703,1742519982.8984506
0,337.408,1742519982.9485767
1,333.136,1742519982.9485767
2,335.222,1742519982.9485767
3,337.74,1742519982.9485767
4,315.726,1742519982.9485767
5,341.857,1742519982.9485767
6,334.277,1742519982.9485767
7,353.748,1742519982.9485767
0,359.87,1742519982.9987013
1,359.454,1742519982.9987013
2,359.175,1742519982.9987013
3,360.598,1742519982.9987013
4,340.322,1742519982.9987013
5,341.857,1742519982.9987013
6,334.277,1742519982.9987013
7,353.748,1742519982.9987013
0,359.87,1742519983.0487943
1,359.454,1742519983.0487943
2,359.175,1742519983.0487943
3,360.598,1742519983.0487943
4,340.322,1742519983.0487943
5,376.503,1742519983.0487943
6,364.758,1742519983.0487943
7,380.091,1742519983.0487943
0,382.443,1742519983.0989273
1,376.041,1742519983.0989273
2,373.254,1742519983.0989273
3,384.283,1742519983.0989273
4,360.28,1742519983.0989273
5,376.503,1742519983.0989273
6,364.758,1742519983.0989273
7,380.091,1742519983.0989273
0,382.443,1742519983.149057
1,376.041,1742519983.149057
2,373.254,1742519983.149057
3,384.283,1742519983.149057
4,360.28,1742519983.149057
5,384.046,1742519983.149057
6,373.239,1742519983.149057
7,385.986,1742519983.149057
0,383.276,1742519983.199189
1,375.713,1742519983.199189
2,373.663,1742519983.199189
3,384.198,1742519983.199189
4,363.521,1742519983.199189
5,384.046,1742519983.199189
6,373.239,1742519983.199189
7,385.986,1742519983.199189
0,383.276,1742519983.2493258
1,375.713,1742519983.2493258
2,373.663,1742519983.2493258
3,384.198,1742519983.2493258
4,363.521,1742519983.2493258
5,383.699,1742519983.2493258
6,374.185,1742519983.2493258
7,388.06,1742519983.2493258
0,383.426,1742519983.2994957
1,374.245,1742519983.2994957
2,373.663,1742519983.2994957
3,384.774,1742519983.2994957
4,362.496,1742519983.2994957
5,383.699,1742519983.2994957
6,374.185,1742519983.2994957
7,388.06,1742519983.2994957
0,383.426,1742519983.3496194
1,374.245,1742519983.3496194
2,372.934,1742519983.3496194
3,384.774,1742519983.3496194
4,362.496,1742519983.3496194
5,384.805,1742519983.3496194
6,374.858,1742519983.3496194
7,389.144,1742519983.3496194
0,382.656,1742519983.3997426
1,373.174,1742519983.3997426
2,372.934,1742519983.3997426
3,384.382,1742519983.3997426
4,364.778,1742519983.3997426
5,384.805,1742519983.3997426
6,374.858,1742519983.3997426
7,389.144,1742519983.3997426
0,382.656,1742519983.4498243
1,373.174,1742519983.4498243
2,370.475,1742519983.4498243
3,384.382,1742519983.4498243
4,364.778,1742519983.4498243
5,386.309,1742519983.4498243
6,373.58,1742519983.4498243
7,389.859,1742519983.4498243
0,384.191,1742519983.4999583
1,373.174,1742519983.4999583
2,370.475,1742519983.4999583
3,383.456,1742519983.4999583
4,364.64,1742519983.4999583
5,386.309,1742519983.4999583
6,373.58,1742519983.4999583
7,389.859,1742519983.4999583
0,384.191,1742519983.5500422
1,373.586,1742519983.5500422
2,369.23,1742519983.5500422
3,383.456,1742519983.5500422
4,364.64,1742519983.5500422
5,386.589,1742519983.5500422
6,375.666,1742519983.5500422
7,390.993,1742519983.5500422
0,383.69,1742519983.6001835
1,373.586,1742519983.6001835
2,369.23,1742519983.6001835
3,385.237,1742519983.6001835
4,364.548,1742519983.6001835
5,386.589,1742519983.6001835
6,375.666,1742519983.6001835
7,390.993,1742519983.6001835
0,383.69,1742519983.6503167
1,372.078,1742519983.6503167
2,370.988,1742519983.6503167
3,385.237,1742519983.6503167
4,364.548,1742519983.6503167
5,388.598,1742519983.6503167
6,374.744,1742519983.6503167
7,391.58,1742519983.6503167
0,384.035,1742519983.700451
1,372.078,1742519983.700451
2,370.988,1742519983.700451
3,386.178,1742519983.700451
4,364.548,1742519983.700451
5,388.598,1742519983.700451
6,374.744,1742519983.700451
7,391.58,1742519983.700451
0,384.035,1742519983.7505846
1,370.691,1742519983.7505846
2,369.972,1742519983.7505846
3,386.178,1742519983.7505846
4,364.548,1742519983.7505846
5,388.2,1742519983.7505846
6,376.252,1742519983.7505846
7,390.372,1742519983.7505846
0,383.232,1742519983.8007193
1,370.691,1742519983.8007193
2,369.972,1742519983.8007193
3,385.31,1742519983.8007193
4,364.273,1742519983.8007193
5,388.2,1742519983.8007193
6,376.252,1742519983.8007193
7,390.372,1742519983.8007193
0,383.232,1742519983.8508408
1,367.35,1742519983.8508408
2,371.995,1742519983.8508408
3,385.31,1742519983.8508408
4,364.273,1742519983.8508408
5,388.284,1742519983.8508408
6,374.189,1742519983.8508408
7,389.47,1742519983.8508408
0,382.864,1742519983.9009726
1,367.35,1742519983.9009726
2,371.995,1742519983.9009726
3,385.545,1742519983.9009726
4,364.175,1742519983.9009726
5,388.284,1742519983.9009726
6,374.189,1742519983.9009726
7,389.47,1742519983.9009726
0,382.864,1742519983.9510705
1,368.027,1742519983.9510705
2,372.335,1742519983.9510705
3,385.545,1742519983.9510705
4,364.175,1742519983.9510705
5,387.911,1742519983.9510705
6,376.526,1742519983.9510705
7,389.261,1742519983.9510705
0,380.566,1742519984.0012014
1,368.027,1742519984.0012014
2,372.335,1742519984.0012014
3,382.965,1742519984.0012014
4,364.153,1742519984.0012014
5,387.911,1742519984.0012014
6,376.526,1742519984.0012014
7,389.261,1742519984.0012014
0,380.566,1742519984.051337
1,367.174,1742519984.051337
2,373.474,1742519984.051337
3,382.965,1742519984.051337
4,364.153,1742519984.051337
5,384.387,1742519984.051337
6,377.022,1742519984.051337
7,387.791,1742519984.051337
0,380.07,1742519984.1014714
1,367.174,1742519984.1014714
2,373.474,1742519984.1014714
3,382.62,1742519984.1014714
4,365.847,1742519984.1014714
5,384.387,1742519984.1014714
6,377.022,1742519984.1014714
7,387.791,1742519984.1014714
0,380.07,1742519984.1516068
1,365.42,1742519984.1516068
2,373.594,1742519984.1516068
3,382.62,1742519984.1516068
4,365.847,1742519984.1516068
5,382.848,1742519984.1516068
6,375.577,1742519984.1516068
7,386.093,1742519984.1516068
0,378.195,1742519984.2017436
1,365.42,1742519984.2017436
2,373.594,1742519984.2017436
3,381.604,1742519984.2017436
4,365.888,1742519984.2017436
5,382.848,1742519984.2017436
6,375.577,1742519984.2017436
7,386.093,1742519984.2017436
0,378.195,1742519984.2518814
1,366.232,1742519984.2518814
2,373.533,1742519984.2518814
3,381.604,1742519984.2518814
4,365.888,1742519984.2518814
5,380.302,1742519984.2518814
6,375.487,1742519984.2518814
7,384.445,1742519984.2518814
0,376.922,1742519984.3020163
1,366.232,1742519984.3020163
2,373.533,1742519984.3020163
3,380.026,1742519984.3020163
4,366.431,1742519984.3020163
5,380.302,1742519984.3020163
6,375.487,1742519984.3020163
7,384.445,1742519984.3020163
0,376.922,1742519984.3521454
1,365.927,1742519984.3521454
2,372.324,1742519984.3521454
3,380.026,1742519984.3521454
4,366.431,1742519984.3521454
5,379.844,1742519984.3521454
6,375.816,1742519984.3521454
7,383.694,1742519984.3521454
0,377.971,1742519984.402279
1,365.927,1742519984.402279
2,372.324,1742519984.402279
3,379.184,1742519984.402279
4,367.052,1742519984.402279
5,379.844,1742519984.402279
6,375.816,1742519984.402279
7,383.694,1742519984.402279
0,377.971,1742519984.4524055
1,365.288,1742519984.4524055
2,373.711,1742519984.4524055
3,379.184,1742519984.4524055
4,367.052,1742519984.4524055
5,379.173,1742519984.4524055
6,375.269,1742519984.4524055
7,382.241,1742519984.4524055
0,375.839,1742519984.5025299
1,365.288,1742519984.5025299
2,373.711,1742519984.5025299
3,378.506,1742519984.5025299
4,367.814,1742519984.5025299
5,379.173,1742519984.5025299
6,375.269,1742519984.5025299
7,382.241,1742519984.5025299
0,375.839,1742519984.5527081
1,364.2,1742519984.5527081
2,372.981,1742519984.5527081
3,378.506,1742519984.5527081
4,367.814,1742519984.5527081
5,377.859,1742519984.5527081
6,375.422,1742519984.5527081
7,378.155,1742519984.5527081
0,375.616,1742519984.6030462
1,364.2,1742519984.6030462
2,372.981,1742519984.6030462
3,377.833,1742519984.6030462
4,368.167,1742519984.6030462
5,377.859,1742519984.6030462
6,375.422,1742519984.6030462
7,378.155,1742519984.6030462
0,375.616,1742519984.653134
1,364.051,1742519984.653134
2,372.266,1742519984.653134
3,377.833,1742519984.653134
4,368.167,1742519984.653134
5,378.062,1742519984.653134
6,375.339,1742519984.653134
7,379.475,1742519984.653134
0,375.126,1742519984.703265
1,364.051,1742519984.703265
2,372.266,1742519984.703265
3,375.818,1742519984.703265
4,367.748,1742519984.703265
5,378.062,1742519984.703265
6,375.339,1742519984.703265
7,379.475,1742519984.703265
0,375.126,1742519984.753392
1,362.937,1742519984.753392
2,370.71,1742519984.753392
3,375.818,1742519984.753392
4,367.748,1742519984.753392
5,375.32,1742519984.753392
6,374.603,1742519984.753392
7,377.233,1742519984.753392
0,373.387,1742519984.803524
1,362.937,1742519984.803524
2,370.71,1742519984.803524
3,374.545,1742519984.803524
4,368.069,1742519984.803524
5,375.32,1742519984.803524
6,374.603,1742519984.803524
7,377.233,1742519984.803524
0,373.387,1742519984.8536594
1,363.24,1742519984.8536594
2,369.767,1742519984.8536594
3,374.545,1742519984.8536594
4,368.069,1742519984.8536594
5,374.499,1742519984.8536594
6,374.81,1742519984.8536594
7,376.868,1742519984.8536594
0,373.545,1742519984.9037948
1,363.24,1742519984.9037948
2,369.767,1742519984.9037948
3,376.73,1742519984.9037948
4,369.403,1742519984.9037948
5,374.499,1742519984.9037948
6,374.81,1742519984.9037948
7,376.868,1742519984.9037948
0,373.545,1742519984.9539301
1,361.955,1742519984.9539301
2,370.982,1742519984.9539301
3,376.73,1742519984.9539301
4,369.403,1742519984.9539301
5,375.924,1742519984.9539301
6,373.925,1742519984.9539301
7,375.294,1742519984.9539301
0,375.291,1742519985.0040894
1,361.955,1742519985.0040894
2,370.982,1742519985.0040894
3,377.146,1742519985.0040894
4,369.925,1742519985.0040894
5,375.924,1742519985.0040894
6,373.925,1742519985.0040894
7,375.294,1742519985.0040894
0,375.291,1742519985.0542152
1,363.727,1742519985.0542152
2,371.268,1742519985.0542152
3,377.146,1742519985.0542152
4,369.925,1742519985.0542152
5,375.879,1742519985.0542152
6,374.071,1742519985.0542152
7,376.456,1742519985.0542152
0,374.847,1742519985.1043403
1,363.727,1742519985.1043403
2,371.268,1742519985.1043403
3,377.146,1742519985.1043403
4,368.809,1742519985.1043403
5,375.879,1742519985.1043403
6,374.071,1742519985.1043403
7,376.456,1742519985.1043403
0,374.847,1742519985.1544662
1,364.924,1742519985.1544662
2,371.061,1742519985.1544662
3,378.453,1742519985.1544662
4,368.809,1742519985.1544662
5,376.196,1742519985.1544662
6,374.421,1742519985.1544662
7,377.156,1742519985.1544662
0,375.421,1742519985.2046626
1,364.924,1742519985.2046626
2,371.061,1742519985.2046626
3,378.453,1742519985.2046626
4,368.259,1742519985.2046626
5,376.196,1742519985.2046626
6,374.421,1742519985.2046626
7,377.156,1742519985.2046626
0,375.421,1742519985.2547994
1,362.8,1742519985.2547994
2,368.622,1742519985.2547994
3,379.974,1742519985.2547994
4,368.259,1742519985.2547994
5,379.678,1742519985.2547994
6,374.152,1742519985.2547994
7,379.591,1742519985.2547994
0,375.884,1742519985.3049233
1,362.8,1742519985.3049233
2,368.622,1742519985.3049233
3,379.974,1742519985.3049233
4,366.82,1742519985.3049233
5,379.678,1742519985.3049233
6,374.152,1742519985.3049233
7,379.591,1742519985.3049233
0,375.884,1742519985.355059
1,363.344,1742519985.355059
2,369.504,1742519985.355059
3,378.537,1742519985.355059
4,366.82,1742519985.355059
5,380.813,1742519985.355059
6,373.571,1742519985.355059
7,379.822,1742519985.355059
0,377.444,1742519985.4051836
1,363.344,1742519985.4051836
2,369.504,1742519985.4051836
3,378.537,1742519985.4051836
4,366.156,1742519985.4051836
5,380.813,1742519985.4051836
6,373.571,1742519985.4051836
7,379.822,1742519985.4051836
0,377.444,1742519985.4552836
1,365.234,1742519985.4552836
2,369.585,1742519985.4552836
3,378.178,1742519985.4552836
4,366.156,1742519985.4552836
5,379.55,1742519985.4552836
6,373.954,1742519985.4552836
7,381.642,1742519985.4552836
0,379.53,1742519985.5054212
1,365.234,1742519985.5054212
2,369.585,1742519985.5054212
3,378.178,1742519985.5054212
4,365.133,1742519985.5054212
5,379.55,1742519985.5054212
6,373.954,1742519985.5054212
7,381.642,1742519985.5054212
0,379.53,1742519985.5555067
1,366.282,1742519985.5555067
2,369.688,1742519985.5555067
3,379.437,1742519985.5555067
4,365.133,1742519985.5555067
5,382.114,1742519985.5555067
6,374.405,1742519985.5555067
7,384.385,1742519985.5555067
0,379.667,1742519985.6056387
1,366.282,1742519985.6056387
2,369.688,1742519985.6056387
3,379.437,1742519985.6056387
4,364.136,1742519985.6056387
5,382.114,1742519985.6056387
6,374.405,1742519985.6056387
7,384.385,1742519985.6056387
0,379.667,1742519985.6557689
1,366.781,1742519985.6557689
2,369.119,1742519985.6557689
3,379.869,1742519985.6557689
4,364.136,1742519985.6557689
5,381.573,1742519985.6557689
6,374.492,1742519985.6557689
7,383.955,1742519985.6557689
0,381.047,1742519985.705891
1,366.781,1742519985.705891
2,369.119,1742519985.705891
3,379.869,1742519985.705891
4,362.518,1742519985.705891
5,381.573,1742519985.705891
6,374.492,1742519985.705891
7,383.955,1742519985.705891
0,381.047,1742519985.7560282
1,366.715,1742519985.7560282
2,369.002,1742519985.7560282
3,380.645,1742519985.7560282
4,362.518,1742519985.7560282
5,383.874,1742519985.7560282
6,373.285,1742519985.7560282
7,385.174,1742519985.7560282
0,382.779,1742519985.8061552
1,366.715,1742519985.8061552
2,369.002,1742519985.8061552
3,380.645,1742519985.8061552
4,362.826,1742519985.8061552
5,383.874,1742519985.8061552
6,373.285,1742519985.8061552
7,385.174,1742519985.8061552
0,382.779,1742519985.8562791
1,366.276,1742519985.8562791
2,369.124,1742519985.8562791
3,381.476,1742519985.8562791
4,362.826,1742519985.8562791
5,382.873,1742519985.8562791
6,374.317,1742519985.8562791
7,387.674,1742519985.8562791
0,385.115,1742519985.906412
1,366.276,1742519985.906412
2,369.124,1742519985.906412
3,381.476,1742519985.906412
4,360.996,1742519985.906412
5,382.873,1742519985.906412
6,374.317,1742519985.906412
7,387.674,1742519985.906412
0,385.115,1742519985.956549
1,368.265,1742519985.956549
2,368.786,1742519985.956549
3,381.476,1742519985.956549
4,360.996,1742519985.956549
5,384.714,1742519985.956549
6,373.757,1742519985.956549
7,388.031,1742519985.956549
0,385.237,1742519986.0066822
1,368.265,1742519986.0066822
2,368.786,1742519986.0066822
3,381.476,1742519986.0066822
4,359.876,1742519986.0066822
5,384.714,1742519986.0066822
6,373.757,1742519986.0066822
7,388.031,1742519986.0066822
0,385.237,1742519986.0568125
1,367.592,1742519986.0568125
2,368.161,1742519986.0568125
3,379.685,1742519986.0568125
4,359.876,1742519986.0568125
5,383.795,1742519986.0568125
6,373.027,1742519986.0568125
7,388.192,1742519986.0568125
0,387.204,1742519986.106938
1,367.592,1742519986.106938
2,368.161,1742519986.106938
3,379.685,1742519986.106938
4,359.61,1742519986.106938
5,383.795,1742519986.106938
6,373.027,1742519986.106938
7,388.192,1742519986.106938
0,387.204,1742519986.1571774
1,366.571,1742519986.1571774
2,367.699,1742519986.1571774
3,381.81,1742519986.1571774
4,359.61,1742519986.1571774
5,384.699,1742519986.1571774
6,371.577,1742519986.1571774
7,387.946,1742519986.1571774
0,388.014,1742519986.2074325
1,366.571,1742519986.2074325
2,367.699,1742519986.2074325
3,381.81,1742519986.2074325
4,360.019,1742519986.2074325
5,384.699,1742519986.2074325
6,371.577,1742519986.2074325
7,387.946,1742519986.2074325
0,388.014,1742519986.257558
1,368.997,1742519986.257558
2,368.919,1742519986.257558
3,379.454,1742519986.257558
4,360.019,1742519986.257558
5,383.833,1742519986.257558
6,371.701,1742519986.257558
7,388.664,1742519986.257558
0,389.118,1742519986.3077743
1,368.997,1742519986.3077743
2,368.919,1742519986.3077743
3,379.454,1742519986.3077743
4,359.532,1742519986.3077743
5,383.833,1742519986.3077743
6,371.701,1742519986.3077743
7,388.664,1742519986.3077743
0,389.118,1742519986.3579829
1,368.375,1742519986.3579829
2,369.741,1742519986.3579829
3,382.345,1742519986.3579829
4,359.532,1742519986.3579829
5,384.796,1742519986.3579829
6,371.994,1742519986.3579829
7,386.948,1742519986.3579829
0,387.417,1742519986.4081151
1,368.375,1742519986.4081151
2,369.741,1742519986.4081151
3,382.345,1742519986.4081151
4,359.648,1742519986.4081151
5,384.796,1742519986.4081151
6,371.994,1742519986.4081151
7,386.948,1742519986.4081151
0,387.417,1742519986.4582543
1,371.1,1742519986.4582543
2,369.001,1742519986.4582543
3,381.267,1742519986.4582543
4,359.648,1742519986.4582543
5,383.424,1742519986.4582543
6,371.441,1742519986.4582543
7,386.885,1742519986.4582543
0,386.069,1742519986.5083873
1,371.1,1742519986.5083873
2,369.001,1742519986.5083873
3,381.267,1742519986.5083873
4,358.575,1742519986.5083873
5,383.424,1742519986.5083873
6,371.441,1742519986.5083873
7,386.885,1742519986.5083873
0,386.069,1742519986.5585134
1,371.512,1742519986.5585134
2,369.039,1742519986.5585134
3,382.367,1742519986.5585134
4,358.575,1742519986.5585134
5,383.233,1742519986.5585134
6,370.39,1742519986.5585134
7,385.749,1742519986.5585134
0,385.905,1742519986.6086457
1,371.512,1742519986.6086457
2,369.039,1742519986.6086457
3,382.367,1742519986.6086457
4,360.112,1742519986.6086457
5,383.233,1742519986.6086457
6,370.39,1742519986.6086457
7,385.749,1742519986.6086457
0,385.905,1742519986.658777
1,370.827,1742519986.658777
2,370.371,1742519986.658777
3,382.691,1742519986.658777
4,360.112,1742519986.658777
5,384.312,1742519986.658777
6,371.144,1742519986.658777
7,385.963,1742519986.658777
0,387.501,1742519986.7088988
1,370.827,1742519986.7088988
2,370.371,1742519986.7088988
3,382.691,1742519986.7088988
4,361.731,1742519986.7088988
5,384.312,1742519986.7088988
6,371.144,1742519986.7088988
7,385.963,1742519986.7088988
0,387.501,1742519986.7590256
1,368.91,1742519986.7590256
2,369.787,1742519986.7590256
3,382.034,1742519986.7590256
4,361.731,1742519986.7590256
5,382.495,1742519986.7590256
6,367.085,1742519986.7590256
7,380.042,1742519986.7590256
0,370.877,1742519986.809158
1,368.91,1742519986.809158
2,369.787,1742519986.809158
3,382.034,1742519986.809158
4,347.098,1742519986.809158
5,382.495,1742519986.809158
6,367.085,1742519986.809158
7,380.042,1742519986.809158
0,370.877,1742519986.859291
1,344.854,1742519986.859291
2,347.258,1742519986.859291
3,361.08,1742519986.859291
4,347.098,1742519986.859291
5,357.583,1742519986.859291
6,341.736,1742519986.859291
7,354.281,1742519986.859291
0,343.23,1742519986.909426
1,344.854,1742519986.909426
2,347.258,1742519986.909426
3,361.08,1742519986.909426
4,324.647,1742519986.909426
5,357.583,1742519986.909426
6,341.736,1742519986.909426
7,354.281,1742519986.909426
0,343.23,1742519986.9595878
1,319.868,1742519986.9595878
2,323.883,1742519986.9595878
3,336.003,1742519986.9595878
4,324.647,1742519986.9595878
5,327.656,1742519986.9595878
6,316.777,1742519986.9595878
7,354.281,1742519986.9595878
0,319.018,1742519987.0097206
1,319.868,1742519987.0097206
2,323.883,1742519987.0097206
3,336.003,1742519987.0097206
4,301.1,1742519987.0097206
5,327.656,1742519987.0097206
6,316.777,1742519987.0097206
7,328.73,1742519987.0097206
0,319.018,1742519987.059853
1,294.394,1742519987.059853
2,299.723,1742519987.059853
3,310.011,1742519987.059853
4,301.1,1742519987.059853
5,301.682,1742519987.059853
6,316.777,1742519987.059853
7,303.546,1742519987.059853
0,292.548,1742519987.1099763
1,294.394,1742519987.1099763
2,299.723,1742519987.1099763
3,310.011,1742519987.1099763
4,277.18,1742519987.1099763
5,301.682,1742519987.1099763
6,288.758,1742519987.1099763
7,303.546,1742519987.1099763
0,292.548,1742519987.16016
1,269.28,1742519987.16016
2,273.674,1742519987.16016
3,278.673,1742519987.16016
4,277.18,1742519987.16016
5,275.665,1742519987.16016
6,266.708,1742519987.16016
7,303.546,1742519987.16016
0,266.982,1742519987.2102833
1,269.28,1742519987.2102833
2,273.674,1742519987.2102833
3,278.673,1742519987.2102833
4,253.029,1742519987.2102833
5,275.665,1742519987.2102833
6,266.708,1742519987.2102833
7,277.217,1742519987.2102833
0,266.982,1742519987.2604153
1,245.303,1742519987.2604153
2,248.497,1742519987.2604153
3,258.55,1742519987.2604153
4,253.029,1742519987.2604153
5,250.276,1742519987.2604153
6,240.851,1742519987.2604153
7,277.217,1742519987.2604153
0,237.175,1742519987.310551
1,245.303,1742519987.310551
2,248.497,1742519987.310551
3,258.55,1742519987.310551
4,229.957,1742519987.310551
5,250.276,1742519987.310551
6,240.851,1742519987.310551
7,252.484,1742519987.310551
0,237.175,1742519987.3606863
1,218.537,1742519987.3606863
2,221.09,1742519987.3606863
3,232.507,1742519987.3606863
4,229.957,1742519987.3606863
5,222.165,1742519987.3606863
6,215.758,1742519987.3606863
7,252.484,1742519987.3606863
0,215.602,1742519987.4108148
1,218.537,1742519987.4108148
2,221.09,1742519987.4108148
3,232.507,1742519987.4108148
4,206.161,1742519987.4108148
5,222.165,1742519987.4108148
6,215.758,1742519987.4108148
7,223.198,1742519987.4108148
0,215.602,1742519987.4609475
1,195.099,1742519987.4609475
2,197.213,1742519987.4609475
3,196.996,1742519987.4609475
4,206.161,1742519987.4609475
5,195.492,1742519987.4609475
6,190.578,1742519987.4609475
7,223.198,1742519987.4609475
0,190.168,1742519987.5111277
1,195.099,1742519987.5111277
2,197.213,1742519987.5111277
3,196.996,1742519987.5111277
4,183.028,1742519987.5111277
5,195.492,1742519987.5111277
6,190.578,1742519987.5111277
7,197.397,1742519987.5111277
0,190.168,1742519987.5612595
1,166.826,1742519987.5612595
2,169.903,1742519987.5612595
3,175.335,1742519987.5612595
4,183.028,1742519987.5612595
5,169.93,1742519987.5612595
6,165.235,1742519987.5612595
7,197.397,1742519987.5612595
0,152.147,1742519987.6113944
1,166.826,1742519987.6113944
2,169.903,1742519987.6113944
3,175.335,1742519987.6113944
4,158.924,1742519987.6113944
5,169.93,1742519987.6113944
6,165.235,1742519987.6113944
7,168.278,1742519987.6113944
0,152.147,1742519987.6615307
1,141.364,1742519987.6615307
2,147.659,1742519987.6615307
3,145.728,1742519987.6615307
4,158.924,1742519987.6615307
5,143.006,1742519987.6615307
6,139.482,1742519987.6615307
7,168.278,1742519987.6615307
0,124.528,1742519987.7116647
1,141.364,1742519987.7116647
2,147.659,1742519987.7116647
3,145.728,1742519987.7116647
4,134.399,1742519987.7116647
5,143.006,1742519987.7116647
6,139.482,1742519987.7116647
7,145.727,1742519987.7116647
0,124.528,1742519987.761787
1,118.504,1742519987.761787
2,123.037,1742519987.761787
3,121.118,1742519987.761787
4,134.399,1742519987.761787
5,122.219,1742519987.761787
6,119.756,1742519987.761787
7,145.727,1742519987.761787
0,122.294,1742519987.8119724
1,118.504,1742519987.8119724
2,123.037,1742519987.8119724
3,121.118,1742519987.8119724
4,119.067,1742519987.8119724
5,122.219,1742519987.8119724
6,119.756,1742519987.8119724
7,125.3,1742519987.8119724
0,122.294,1742519987.862105
1,118.113,1742519987.862105
2,122.618,1742519987.862105
3,120.558,1742519987.862105
4,119.067,1742519987.862105
5,122.008,1742519987.862105
6,119.042,1742519987.862105
7,125.3,1742519987.862105
0,122.223,1742519987.9122255
1,118.113,1742519987.9122255
2,122.618,1742519987.9122255
3,120.558,1742519987.9122255
4,118.897,1742519987.9122255
5,122.008,1742519987.9122255
6,119.042,1742519987.9122255
7,125.122,1742519987.9122255
0,122.223,1742519987.9623528
1,117.999,1742519987.9623528
2,122.494,1742519987.9623528
3,120.497,1742519987.9623528
4,118.897,1742519987.9623528
5,121.886,1742519987.9623528
6,118.984,1742519987.9623528
7,125.122,1742519987.9623528
0,122.119,1742519988.0124876
1,117.999,1742519988.0124876
2,122.494,1742519988.0124876
3,120.497,1742519988.0124876
4,118.814,1742519988.0124876
5,121.886,1742519988.0124876
6,118.984,1742519988.0124876
7,124.955,1742519988.0124876
0,122.119,1742519988.0626233
1,117.904,1742519988.0626233
2,122.397,1742519988.0626233
3,120.436,1742519988.0626233
4,118.814,1742519988.0626233
5,121.828,1742519988.0626233
6,118.93,1742519988.0626233
7,124.955,1742519988.0626233
0,122.073,1742519988.1127534
1,117.904,1742519988.1127534
2,122.397,1742519988.1127534
3,120.436,1742519988.1127534
4,118.736,1742519988.1127534
5,121.828,1742519988.1127534
6,118.93,1742519988.1127534
7,124.859,1742519988.1127534
0,122.073,1742519988.162886
1,117.891,1742519988.162886
2,122.322,1742519988.162886
3,120.36,1742519988.162886
4,118.736,1742519988.162886
5,121.71,1742519988.162886
6,118.822,1742519988.162886
7,124.859,1742519988.162886
0,122.033,1742519988.2130337
1,117.891,1742519988.2130337
2,122.322,1742519988.2130337
3,120.36,1742519988.2130337
4,118.684,1742519988.2130337
5,121.71,1742519988.2130337
6,118.822,1742519988.2130337
7,124.79,1742519988.2130337
0,122.033,1742519988.2631657
1,117.75,1742519988.2631657
2,122.245,1742519988.2631657
3,120.299,1742519988.2631657
4,118.684,1742519988.2631657
5,121.665,1742519988.2631657
6,118.756,1742519988.2631657
7,124.79,1742519988.2631657
0,121.968,1742519988.3133004
1,117.75,1742519988.3133004
2,122.245,1742519988.3133004
3,120.299,1742519988.3133004
4,118.643,1742519988.3133004
5,121.665,1742519988.3133004
6,118.756,1742519988.3133004
7,124.707,1742519988.3133004
0,121.968,1742519988.3634355
1,117.817,1742519988.3634355
2,122.16,1742519988.3634355
3,120.247,1742519988.3634355
4,118.643,1742519988.3634355
5,121.597,1742519988.3634355
6,118.688,1742519988.3634355
7,124.707,1742519988.3634355
0,121.936,1742519988.4135673
1,117.817,1742519988.4135673
2,122.16,1742519988.4135673
3,120.247,1742519988.4135673
4,118.602,1742519988.4135673
5,121.597,1742519988.4135673
6,118.688,1742519988.4135673
7,124.632,1742519988.4135673
0,121.936,1742519988.4636903
1,117.663,1742519988.4636903
2,122.128,1742519988.4636903
3,120.212,1742519988.4636903
4,118.602,1742519988.4636903
5,121.59,1742519988.4636903
6,118.687,1742519988.4636903
7,124.632,1742519988.4636903
0,121.897,1742519988.5138266
1,117.663,1742519988.5138266
2,122.128,1742519988.5138266
3,120.212,1742519988.5138266
4,118.568,1742519988.5138266
5,121.59,1742519988.5138266
6,118.687,1742519988.5138266
7,124.573,1742519988.5138266
0,121.897,1742519988.563959
1,117.725,1742519988.563959
2,122.089,1742519988.563959
3,120.171,1742519988.563959
4,118.568,1742519988.563959
5,121.543,1742519988.563959
6,118.654,1742519988.563959
7,124.573,1742519988.563959
0,121.866,1742519988.6140924
1,117.725,1742519988.6140924
2,122.089,1742519988.6140924
3,120.171,1742519988.6140924
4,118.537,1742519988.6140924
5,121.543,1742519988.6140924
6,118.654,1742519988.6140924
7,124.499,1742519988.6140924
0,121.866,1742519988.6642148
1,117.598,1742519988.6642148
2,122.042,1742519988.6642148
3,120.162,1742519988.6642148
4,118.537,1742519988.6642148
5,121.509,1742519988.6642148
6,118.639,1742519988.6642148
7,124.499,1742519988.6642148
0,121.826,1742519988.7143893
1,117.598,1742519988.7143893
2,122.042,1742519988.7143893
3,120.162,1742519988.7143893
4,118.494,1742519988.7143893
5,121.509,1742519988.7143893
6,118.639,1742519988.7143893
7,124.458,1742519988.7143893
0,121.826,1742519988.764522
1,120.362,1742519988.764522
2,123.149,1742519988.764522
3,120.117,1742519988.764522
4,118.494,1742519988.764522
5,124.149,1742519988.764522
6,120.639,1742519988.764522
7,124.458,1742519988.764522
0,121.826,1742519988.8146555
1,120.362,1742519988.8146555
2,123.149,1742519988.8146555
3,120.117,1742519988.8146555
4,128.751,1742519988.8146555
5,124.149,1742519988.8146555
6,120.639,1742519988.8146555
7,130.003,1742519988.8146555
0,139.221,1742519988.8647907
1,144.138,1742519988.8647907
2,145.344,1742519988.8647907
3,144.35,1742519988.8647907
4,128.751,1742519988.8647907
5,149.417,1742519988.8647907
6,146.297,1742519988.8647907
7,130.003,1742519988.8647907
0,139.221,1742519988.914927
1,144.138,1742519988.914927
2,145.344,1742519988.914927
3,144.35,1742519988.914927
4,154.104,1742519988.914927
5,149.417,1742519988.914927
6,146.297,1742519988.914927
7,155.331,1742519988.914927
0,164.555,1742519988.9650688
1,168.217,1742519988.9650688
2,169.742,1742519988.9650688
3,170.672,1742519988.9650688
4,154.104,1742519988.9650688
5,174.374,1742519988.9650688
6,146.297,1742519988.9650688
7,155.331,1742519988.9650688
0,164.555,1742519989.0151923
1,168.217,1742519989.0151923
2,169.742,1742519989.0151923
3,170.672,1742519989.0151923
4,184.482,1742519989.0151923
5,174.374,1742519989.0151923
6,177.592,1742519989.0151923
7,182.901,1742519989.0151923
0,189.987,1742519989.0652838
1,192.783,1742519989.0652838
2,193.929,1742519989.0652838
3,197.429,1742519989.0652838
4,184.482,1742519989.0652838
5,202.563,1742519989.0652838
6,177.592,1742519989.0652838
7,182.901,1742519989.0652838
0,189.987,1742519989.115418
1,192.783,1742519989.115418
2,193.929,1742519989.115418
3,197.429,1742519989.115418
4,209.103,1742519989.115418
5,202.563,1742519989.115418
6,200.085,1742519989.115418
7,209.23,1742519989.115418
0,215.455,1742519989.1655064
1,216.752,1742519989.1655064
2,217.512,1742519989.1655064
3,222.892,1742519989.1655064
4,209.103,1742519989.1655064
5,229.221,1742519989.1655064
6,200.085,1742519989.1655064
7,209.23,1742519989.1655064
0,215.455,1742519989.2156336
1,216.752,1742519989.2156336
2,217.512,1742519989.2156336
3,222.892,1742519989.2156336
4,233.934,1742519989.2156336
5,229.221,1742519989.2156336
6,224.575,1742519989.2156336
7,236.062,1742519989.2156336
0,243.147,1742519989.2657585
1,242.389,1742519989.2657585
2,241.615,1742519989.2657585
3,248.427,1742519989.2657585
4,233.934,1742519989.2657585
5,256.066,1742519989.2657585
6,224.575,1742519989.2657585
7,236.062,1742519989.2657585
0,243.147,1742519989.3158922
1,242.389,1742519989.3158922
2,241.615,1742519989.3158922
3,248.427,1742519989.3158922
4,258.396,1742519989.3158922
5,256.066,1742519989.3158922
6,252.228,1742519989.3158922
7,263.457,1742519989.3158922
0,267.184,1742519989.3660169
1,265.03,1742519989.3660169
2,265.542,1742519989.3660169
3,274.315,1742519989.3660169
4,258.396,1742519989.3660169
5,256.066,1742519989.3660169
6,252.228,1742519989.3660169
7,263.457,1742519989.3660169
0,267.184,1742519989.4161544
1,265.03,1742519989.4161544
2,265.542,1742519989.4161544
3,274.315,1742519989.4161544
4,282.802,1742519989.4161544
5,281.807,1742519989.4161544
6,274.254,1742519989.4161544
7,290.865,1742519989.4161544
0,292.387,1742519989.4662483
1,293.721,1742519989.4662483
2,290.17,1742519989.4662483
3,300.381,1742519989.4662483
4,282.802,1742519989.4662483
5,281.807,1742519989.4662483
6,274.254,1742519989.4662483
7,290.865,1742519989.4662483
0,292.387,1742519989.5163813
1,293.721,1742519989.5163813
2,290.17,1742519989.5163813
3,300.381,1742519989.5163813
4,306.913,1742519989.5163813
5,308.296,1742519989.5163813
6,302.094,1742519989.5163813
7,317.095,1742519989.5163813
0,318.436,1742519989.5664904
1,319.723,1742519989.5664904
2,314.253,1742519989.5664904
3,326.511,1742519989.5664904
4,306.913,1742519989.5664904
5,308.296,1742519989.5664904
6,302.094,1742519989.5664904
7,317.095,1742519989.5664904
0,318.436,1742519989.6166131
1,319.723,1742519989.6166131
2,314.253,1742519989.6166131
3,326.511,1742519989.6166131
4,330.941,1742519989.6166131
5,338.854,1742519989.6166131
6,323.478,1742519989.6166131
7,343.287,1742519989.6166131
0,344.871,1742519989.6667583
1,341.754,1742519989.6667583
2,338.039,1742519989.6667583
3,352.479,1742519989.6667583
4,330.941,1742519989.6667583
5,338.854,1742519989.6667583
6,323.478,1742519989.6667583
7,343.287,1742519989.6667583
0,344.871,1742519989.7168913
1,341.754,1742519989.7168913
2,338.039,1742519989.7168913
3,352.479,1742519989.7168913
4,355.329,1742519989.7168913
5,360.345,1742519989.7168913
6,348.108,1742519989.7168913
7,369.032,1742519989.7168913
0,370.794,1742519989.767019
1,341.754,1742519989.767019
2,361.932,1742519989.767019
3,378.264,1742519989.767019
4,355.329,1742519989.767019
5,360.345,1742519989.767019
6,348.108,1742519989.767019
7,369.032,1742519989.767019
0,370.794,1742519989.8171558
1,368.175,1742519989.8171558
2,361.932,1742519989.8171558
3,378.264,1742519989.8171558
4,364.413,1742519989.8171558
5,383.782,1742519989.8171558
6,372.325,1742519989.8171558
7,389.394,1742519989.8171558
0,385.921,1742519989.867249
1,368.175,1742519989.867249
2,367.32,1742519989.867249
3,381.423,1742519989.867249
4,364.413,1742519989.867249
5,383.782,1742519989.867249
6,372.325,1742519989.867249
7,389.394,1742519989.867249
0,385.921,1742519989.917384
1,371.422,1742519989.917384
2,367.32,1742519989.917384
3,381.423,1742519989.917384
4,362.886,1742519989.917384
5,383.233,1742519989.917384
6,371.397,1742519989.917384
7,388.579,1742519989.917384
0,384.884,1742519989.9674788
1,371.422,1742519989.9674788
2,367.528,1742519989.9674788
3,378.885,1742519989.9674788
4,362.886,1742519989.9674788
5,383.233,1742519989.9674788
6,371.397,1742519989.9674788
7,388.579,1742519989.9674788
0,384.884,1742519990.017615
1,373.572,1742519990.017615
2,367.528,1742519990.017615
3,378.885,1742519990.017615
4,362.066,1742519990.017615
5,384.007,1742519990.017615
6,370.411,1742519990.017615
7,387.636,1742519990.017615
0,383.146,1742519990.0677402
1,373.572,1742519990.0677402
2,367.702,1742519990.0677402
3,379.014,1742519990.0677402
4,362.066,1742519990.0677402
5,384.007,1742519990.0677402
6,370.411,1742519990.0677402
7,387.636,1742519990.0677402
0,383.146,1742519990.1178718
1,373.982,1742519990.1178718
2,367.702,1742519990.1178718
3,379.014,1742519990.1178718
4,362.066,1742519990.1178718
5,380.831,1742519990.1178718
6,370.483,1742519990.1178718
7,385.818,1742519990.1178718
0,382.929,1742519990.1680052
1,373.982,1742519990.1680052
2,368.668,1742519990.1680052
3,376.349,1742519990.1680052
4,362.363,1742519990.1680052
5,380.831,1742519990.1680052
6,370.483,1742519990.1680052
7,385.818,1742519990.1680052
0,382.929,1742519990.2181447
1,375.92,1742519990.2181447
2,368.668,1742519990.2181447
3,376.349,1742519990.2181447
4,362.363,1742519990.2181447
5,380.628,1742519990.2181447
6,369.076,1742519990.2181447
7,385.259,1742519990.2181447
0,382.411,1742519990.2682388
1,375.92,1742519990.2682388
2,368.373,1742519990.2682388
3,378.878,1742519990.2682388
4,361.425,1742519990.2682388
5,380.628,1742519990.2682388
6,369.076,1742519990.2682388
7,385.259,1742519990.2682388
0,382.411,1742519990.3183722
1,375.68,1742519990.3183722
2,368.373,1742519990.3183722
3,378.878,1742519990.3183722
4,361.425,1742519990.3183722
5,377.959,1742519990.3183722
6,369.05,1742519990.3183722
7,383.292,1742519990.3183722
0,380.668,1742519990.3684657
1,375.68,1742519990.3684657
2,369.117,1742519990.3684657
3,376.883,1742519990.3684657
4,362.18,1742519990.3684657
5,377.959,1742519990.3684657
6,369.05,1742519990.3684657
7,383.292,1742519990.3684657
0,380.668,1742519990.418635
1,375.632,1742519990.418635
2,369.117,1742519990.418635
3,376.883,1742519990.418635
4,362.18,1742519990.418635
5,377.011,1742519990.418635
6,369.567,1742519990.418635
7,381.379,1742519990.418635
0,379.634,1742519990.4687696
1,375.632,1742519990.4687696
2,369.454,1742519990.4687696
3,376.703,1742519990.4687696
4,361.931,1742519990.4687696
5,377.011,1742519990.4687696
6,369.567,1742519990.4687696
7,381.379,1742519990.4687696
0,379.634,1742519990.5188959
1,375.072,1742519990.5188959
2,369.454,1742519990.5188959
3,376.703,1742519990.5188959
4,361.931,1742519990.5188959
5,376.123,1742519990.5188959
6,368.64,1742519990.5188959
7,380.762,1742519990.5188959
0,378.186,1742519990.5690215
1,375.072,1742519990.5690215
2,371.328,1742519990.5690215
3,375.353,1742519990.5690215
4,362.243,1742519990.5690215
5,376.123,1742519990.5690215
6,368.64,1742519990.5690215
7,380.762,1742519990.5690215
0,378.186,1742519990.6191552
1,373.951,1742519990.6191552
2,371.328,1742519990.6191552
3,375.353,1742519990.6191552
4,362.243,1742519990.6191552
5,374.941,1742519990.6191552
6,367.611,1742519990.6191552
7,379.949,1742519990.6191552
0,377.275,1742519990.6692498
1,373.951,1742519990.6692498
2,372.934,1742519990.6692498
3,374.162,1742519990.6692498
4,364.402,1742519990.6692498
5,374.941,1742519990.6692498
6,367.611,1742519990.6692498
7,379.949,1742519990.6692498
0,377.275,1742519990.719382
1,373.003,1742519990.719382
2,372.934,1742519990.719382
3,374.162,1742519990.719382
4,364.402,1742519990.719382
5,374.649,1742519990.719382
6,367.61,1742519990.719382
7,380.451,1742519990.719382
0,376.538,1742519990.7694733
1,373.003,1742519990.7694733
2,372.161,1742519990.7694733
3,373.187,1742519990.7694733
4,363.902,1742519990.7694733
5,374.649,1742519990.7694733
6,367.61,1742519990.7694733
7,380.451,1742519990.7694733
0,376.538,1742519990.8195963
1,371.469,1742519990.8195963
2,372.161,1742519990.8195963
3,373.187,1742519990.8195963
4,363.902,1742519990.8195963
5,373.469,1742519990.8195963
6,366.314,1742519990.8195963
7,378.817,1742519990.8195963
0,375.116,1742519990.8697248
1,371.469,1742519990.8697248
2,373.764,1742519990.8697248
3,373.522,1742519990.8697248
4,363.71,1742519990.8697248
5,373.469,1742519990.8697248
6,366.314,1742519990.8697248
7,378.817,1742519990.8697248
0,375.116,1742519990.9198463
1,370.071,1742519990.9198463
2,373.764,1742519990.9198463
3,373.522,1742519990.9198463
4,363.71,1742519990.9198463
5,373.946,1742519990.9198463
6,366.022,1742519990.9198463
7,377.86,1742519990.9198463
0,374.606,1742519990.9699829
1,370.071,1742519990.9699829
2,373.5,1742519990.9699829
3,373.169,1742519990.9699829
4,362.267,1742519990.9699829
5,373.946,1742519990.9699829
6,366.022,1742519990.9699829
7,377.86,1742519990.9699829
0,374.606,1742519991.0201185
1,369.009,1742519991.0201185
2,373.5,1742519991.0201185
3,373.169,1742519991.0201185
4,362.267,1742519991.0201185
5,372.935,1742519991.0201185
6,365.702,1742519991.0201185
7,377.795,1742519991.0201185
0,374.656,1742519991.0702128
1,369.009,1742519991.0702128
2,374.861,1742519991.0702128
3,375.642,1742519991.0702128
4,364.545,1742519991.0702128
5,372.935,1742519991.0702128
6,365.702,1742519991.0702128
7,377.795,1742519991.0702128
0,374.656,1742519991.1203458
1,370.087,1742519991.1203458
2,374.861,1742519991.1203458
3,375.642,1742519991.1203458
4,364.545,1742519991.1203458
5,373.688,1742519991.1203458
6,367.059,1742519991.1203458
7,379.653,1742519991.1203458
0,376.637,1742519991.1704516
1,370.087,1742519991.1704516
2,374.859,1742519991.1704516
3,375.558,1742519991.1704516
4,365.07,1742519991.1704516
5,373.688,1742519991.1704516
6,367.059,1742519991.1704516
7,379.653,1742519991.1704516
0,376.637,1742519991.220571
1,368.994,1742519991.220571
2,374.859,1742519991.220571
3,375.558,1742519991.220571
4,365.07,1742519991.220571
5,375.25,1742519991.220571
6,366.898,1742519991.220571
7,378.689,1742519991.220571
0,377.095,1742519991.2706642
1,368.994,1742519991.2706642
2,375.793,1742519991.2706642
3,374.972,1742519991.2706642
4,364.896,1742519991.2706642
5,375.25,1742519991.2706642
6,366.898,1742519991.2706642
7,378.689,1742519991.2706642
0,377.095,1742519991.3208015
1,368.441,1742519991.3208015
2,375.793,1742519991.3208015
3,374.972,1742519991.3208015
4,364.896,1742519991.3208015
5,376.066,1742519991.3208015
6,366.776,1742519991.3208015
7,378.488,1742519991.3208015
0,376.635,1742519991.3709943
1,368.441,1742519991.3709943
2,376.87,1742519991.3709943
3,374.169,1742519991.3709943
4,365.388,1742519991.3709943
5,376.066,1742519991.3709943
6,366.776,1742519991.3709943
7,378.488,1742519991.3709943
0,376.635,1742519991.4211185
1,368.867,1742519991.4211185
2,376.87,1742519991.4211185
3,374.169,1742519991.4211185
4,365.388,1742519991.4211185
5,374.92,1742519991.4211185
6,365.011,1742519991.4211185
7,377.537,1742519991.4211185
0,377.155,1742519991.4712098
1,368.867,1742519991.4712098
2,377.94,1742519991.4712098
3,374.457,1742519991.4712098
4,364.714,1742519991.4712098
5,374.92,1742519991.4712098
6,365.011,1742519991.4712098
7,377.537,1742519991.4712098
0,377.155,1742519991.5213459
1,367.927,1742519991.5213459
2,377.94,1742519991.5213459
3,374.457,1742519991.5213459
4,364.714,1742519991.5213459
5,376.694,1742519991.5213459
6,366.304,1742519991.5213459
7,378.129,1742519991.5213459
0,375.575,1742519991.5715306
1,367.927,1742519991.5715306
2,376.647,1742519991.5715306
3,375.117,1742519991.5715306
4,364.922,1742519991.5715306
5,376.694,1742519991.5715306
6,366.304,1742519991.5715306
7,378.129,1742519991.5715306
0,375.575,1742519991.6216683
1,368.446,1742519991.6216683
2,376.647,1742519991.6216683
3,375.117,1742519991.6216683
4,364.922,1742519991.6216683
5,377.579,1742519991.6216683
6,367.871,1742519991.6216683
7,377.992,1742519991.6216683
0,377.272,1742519991.6717772
1,368.446,1742519991.6717772
2,376.152,1742519991.6717772
3,375.008,1742519991.6717772
4,363.205,1742519991.6717772
5,377.579,1742519991.6717772
6,367.871,1742519991.6717772
7,377.992,1742519991.6717772
0,377.272,1742519991.7219117
1,369.71,1742519991.7219117
2,376.152,1742519991.7219117
3,375.008,1742519991.7219117
4,363.205,1742519991.7219117
5,376.346,1742519991.7219117
6,369.037,1742519991.7219117
7,378.13,1742519991.7219117
0,374.42,1742519991.7720573
1,369.71,1742519991.7720573
2,376.152,1742519991.7720573
3,375.185,1742519991.7720573
4,363.943,1742519991.7720573
5,376.346,1742519991.7720573
6,369.037,1742519991.7720573
7,378.13,1742519991.7720573
0,374.42,1742519991.8221822
1,369.574,1742519991.8221822
2,377.258,1742519991.8221822
3,375.185,1742519991.8221822
4,363.943,1742519991.8221822
5,376.45,1742519991.8221822
6,369.617,1742519991.8221822
7,379.709,1742519991.8221822
0,376.198,1742519991.87229
1,369.574,1742519991.87229
2,377.258,1742519991.87229
3,375.906,1742519991.87229
4,364.718,1742519991.87229
5,376.45,1742519991.87229
6,369.617,1742519991.87229
7,379.709,1742519991.87229
0,376.198,1742519991.922422
1,371.389,1742519991.922422
2,376.3,1742519991.922422
3,375.906,1742519991.922422
4,364.718,1742519991.922422
5,378.155,1742519991.922422
6,370.429,1742519991.922422
7,381.457,1742519991.922422
0,377.862,1742519991.972548
1,371.389,1742519991.972548
2,376.3,1742519991.972548
3,376.5,1742519991.972548
4,365.583,1742519991.972548
5,378.155,1742519991.972548
6,370.429,1742519991.972548
7,381.457,1742519991.972548
0,377.862,1742519992.0226734
1,372.446,1742519992.0226734
2,376.199,1742519992.0226734
3,376.5,1742519992.0226734
4,365.583,1742519992.0226734
5,380.181,1742519992.0226734
6,371.182,1742519992.0226734
7,382.442,1742519992.0226734
0,379.409,1742519992.0727975
1,372.446,1742519992.0727975
2,376.199,1742519992.0727975
3,377.304,1742519992.0727975
4,366.283,1742519992.0727975
5,380.181,1742519992.0727975
6,371.182,1742519992.0727975
7,382.442,1742519992.0727975
0,379.409,1742519992.1229293
1,372.855,1742519992.1229293
2,374.131,1742519992.1229293
3,377.304,1742519992.1229293
4,366.283,1742519992.1229293
5,380.834,1742519992.1229293
6,372.211,1742519992.1229293
7,383.836,1742519992.1229293
0,380.629,1742519992.1730535
1,372.855,1742519992.1730535
2,374.131,1742519992.1730535
3,378.775,1742519992.1730535
4,366.539,1742519992.1730535
5,380.834,1742519992.1730535
6,372.211,1742519992.1730535
7,383.836,1742519992.1730535
0,380.629,1742519992.2232664
1,373.522,1742519992.2232664
2,374.806,1742519992.2232664
3,378.775,1742519992.2232664
4,366.539,1742519992.2232664
5,381.409,1742519992.2232664
6,373.039,1742519992.2232664
7,386.575,1742519992.2232664
0,380.881,1742519992.2733932
1,373.522,1742519992.2733932
2,374.806,1742519992.2733932
3,379.527,1742519992.2733932
4,368.575,1742519992.2733932
5,381.409,1742519992.2733932
6,373.039,1742519992.2733932
7,386.575,1742519992.2733932
0,380.881,1742519992.3235478
1,373.932,1742519992.3235478
2,373.742,1742519992.3235478
3,379.527,1742519992.3235478
4,368.575,1742519992.3235478
5,384.016,1742519992.3235478
6,375.194,1742519992.3235478
7,387.702,1742519992.3235478
0,381.38,1742519992.3737645
1,373.932,1742519992.3737645
2,373.742,1742519992.3737645
3,378.885,1742519992.3737645
4,369.654,1742519992.3737645
5,384.016,1742519992.3737645
6,375.194,1742519992.3737645
7,387.702,1742519992.3737645
0,381.38,1742519992.4238596
1,373.941,1742519992.4238596
2,374.139,1742519992.4238596
3,378.885,1742519992.4238596
4,369.654,1742519992.4238596
5,385.0,1742519992.4238596
6,376.612,1742519992.4238596
7,389.324,1742519992.4238596
0,381.05,1742519992.473979
1,373.941,1742519992.473979
2,374.139,1742519992.473979
3,379.97,1742519992.473979
4,369.397,1742519992.473979
5,385.0,1742519992.473979
6,376.612,1742519992.473979
7,389.324,1742519992.473979
0,381.05,1742519992.5241096
1,374.751,1742519992.5241096
2,373.948,1742519992.5241096
3,379.97,1742519992.5241096
4,369.397,1742519992.5241096
5,385.458,1742519992.5241096
6,377.944,1742519992.5241096
7,390.041,1742519992.5241096
0,382.066,1742519992.5742426
1,374.751,1742519992.5742426
2,373.948,1742519992.5742426
3,380.085,1742519992.5742426
4,369.792,1742519992.5742426
5,385.458,1742519992.5742426
6,377.944,1742519992.5742426
7,390.041,1742519992.5742426
0,382.066,1742519992.624328
1,375.308,1742519992.624328
2,374.222,1742519992.624328
3,380.085,1742519992.624328
4,369.792,1742519992.624328
5,386.007,1742519992.624328
6,377.739,1742519992.624328
7,391.223,1742519992.624328
0,381.481,1742519992.6744616
1,375.308,1742519992.6744616
2,374.222,1742519992.6744616
3,381.525,1742519992.6744616
4,370.862,1742519992.6744616
5,386.007,1742519992.6744616
6,377.739,1742519992.6744616
7,391.223,1742519992.6744616
0,381.481,1742519992.7245536
1,377.646,1742519992.7245536
2,374.367,1742519992.7245536
3,381.525,1742519992.7245536
4,370.862,1742519992.7245536
5,387.419,1742519992.7245536
6,376.786,1742519992.7245536
7,393.061,1742519992.7245536
0,382.589,1742519992.7746916
1,377.646,1742519992.7746916
2,374.367,1742519992.7746916
3,382.332,1742519992.7746916
4,370.174,1742519992.7746916
5,387.419,1742519992.7746916
6,376.786,1742519992.7746916
7,393.061,1742519992.7746916
0,382.589,1742519992.8247855
1,376.757,1742519992.8247855
2,375.759,1742519992.8247855
3,382.332,1742519992.8247855
4,370.174,1742519992.8247855
5,386.963,1742519992.8247855
6,378.408,1742519992.8247855
7,393.066,1742519992.8247855
0,382.507,1742519992.87492
1,376.757,1742519992.87492
2,375.759,1742519992.87492
3,381.747,1742519992.87492
4,370.057,1742519992.87492
5,386.963,1742519992.87492
6,378.408,1742519992.87492
7,393.066,1742519992.87492
0,382.507,1742519992.9250998
1,376.651,1742519992.9250998
2,375.777,1742519992.9250998
3,381.747,1742519992.9250998
4,370.057,1742519992.9250998
5,386.715,1742519992.9250998
6,376.287,1742519992.9250998
7,392.359,1742519992.9250998
0,381.546,1742519992.975233
1,376.651,1742519992.975233
2,375.777,1742519992.975233
3,381.874,1742519992.975233
4,369.274,1742519992.975233
5,386.715,1742519992.975233
6,376.287,1742519992.975233
7,392.359,1742519992.975233
0,381.546,1742519993.0253248
1,377.095,1742519993.0253248
2,376.84,1742519993.0253248
3,381.874,1742519993.0253248
4,369.274,1742519993.0253248
5,386.425,1742519993.0253248
6,375.706,1742519993.0253248
7,391.896,1742519993.0253248
0,381.342,1742519993.0754628
1,377.095,1742519993.0754628
2,376.84,1742519993.0754628
3,381.15,1742519993.0754628
4,368.027,1742519993.0754628
5,386.425,1742519993.0754628
6,375.706,1742519993.0754628
7,391.896,1742519993.0754628
0,381.342,1742519993.1255548
1,376.463,1742519993.1255548
2,377.481,1742519993.1255548
3,381.15,1742519993.1255548
4,368.027,1742519993.1255548
5,387.325,1742519993.1255548
6,376.72,1742519993.1255548
7,393.268,1742519993.1255548
0,381.177,1742519993.1756907
1,376.463,1742519993.1756907
2,377.481,1742519993.1756907
3,380.718,1742519993.1756907
4,366.772,1742519993.1756907
5,387.325,1742519993.1756907
6,376.72,1742519993.1756907
7,393.268,1742519993.1756907
0,381.177,1742519993.2257798
1,375.284,1742519993.2257798
2,375.999,1742519993.2257798
3,380.718,1742519993.2257798
4,366.772,1742519993.2257798
5,388.305,1742519993.2257798
6,376.516,1742519993.2257798
7,391.379,1742519993.2257798
0,380.982,1742519993.2759047
1,375.284,1742519993.2759047
2,375.999,1742519993.2759047
3,381.214,1742519993.2759047
4,366.936,1742519993.2759047
5,388.305,1742519993.2759047
6,376.516,1742519993.2759047
7,391.379,1742519993.2759047
0,380.982,1742519993.3259945
1,374.903,1742519993.3259945
2,377.517,1742519993.3259945
3,381.214,1742519993.3259945
4,366.936,1742519993.3259945
5,386.935,1742519993.3259945
6,376.292,1742519993.3259945
7,391.649,1742519993.3259945
0,383.046,1742519993.3761566
1,374.903,1742519993.3761566
2,377.517,1742519993.3761566
3,381.214,1742519993.3761566
4,366.187,1742519993.3761566
5,386.935,1742519993.3761566
6,376.292,1742519993.3761566
7,391.649,1742519993.3761566
0,383.046,1742519993.426252
1,374.599,1742519993.426252
2,377.548,1742519993.426252
3,381.755,1742519993.426252
4,366.187,1742519993.426252
5,386.402,1742519993.426252
6,377.399,1742519993.426252
7,390.459,1742519993.426252
0,382.472,1742519993.476377
1,374.599,1742519993.476377
2,377.548,1742519993.476377
3,381.755,1742519993.476377
4,367.098,1742519993.476377
5,386.402,1742519993.476377
6,377.399,1742519993.476377
7,390.459,1742519993.476377
0,382.472,1742519993.5264716
1,374.089,1742519993.5264716
2,377.967,1742519993.5264716
3,381.777,1742519993.5264716
4,367.098,1742519993.5264716
5,386.438,1742519993.5264716
6,376.551,1742519993.5264716
7,391.299,1742519993.5264716
0,382.919,1742519993.5766056
1,374.089,1742519993.5766056
2,377.967,1742519993.5766056
3,381.777,1742519993.5766056
4,368.56,1742519993.5766056
5,386.438,1742519993.5766056
6,376.551,1742519993.5766056
7,391.299,1742519993.5766056
0,382.919,1742519993.6266963
1,373.52,1742519993.6266963
2,377.507,1742519993.6266963
3,384.12,1742519993.6266963
4,368.56,1742519993.6266963
5,385.301,1742519993.6266963
6,376.742,1742519993.6266963
7,390.279,1742519993.6266963
0,382.326,1742519993.6768308
1,373.52,1742519993.6768308
2,377.507,1742519993.6768308
3,384.12,1742519993.6768308
4,367.523,1742519993.6768308
5,385.301,1742519993.6768308
6,376.742,1742519993.6768308
7,390.279,1742519993.6768308
0,382.326,1742519993.7269194
1,374.662,1742519993.7269194
2,376.693,1742519993.7269194
3,383.224,1742519993.7269194
4,367.523,1742519993.7269194
5,384.964,1742519993.7269194
6,377.02,1742519993.7269194
7,389.117,1742519993.7269194
0,382.588,1742519993.777045
1,374.662,1742519993.777045
2,376.693,1742519993.777045
3,383.224,1742519993.777045
4,367.892,1742519993.777045
5,384.964,1742519993.777045
6,377.02,1742519993.777045
7,389.117,1742519993.777045
0,382.588,1742519993.8271356
1,374.151,1742519993.8271356
2,378.157,1742519993.8271356
3,383.224,1742519993.8271356
4,367.892,1742519993.8271356
5,386.735,1742519993.8271356
6,377.308,1742519993.8271356
7,388.352,1742519993.8271356
0,382.617,1742519993.877272
1,374.151,1742519993.877272
2,378.157,1742519993.877272
3,383.224,1742519993.877272
4,366.272,1742519993.877272
5,386.735,1742519993.877272
6,377.308,1742519993.877272
7,388.352,1742519993.877272
0,382.617,1742519993.9273634
1,371.734,1742519993.9273634
2,378.423,1742519993.9273634
3,383.249,1742519993.9273634
4,366.272,1742519993.9273634
5,383.832,1742519993.9273634
6,376.894,1742519993.9273634
7,388.352,1742519993.9273634
0,368.32,1742519993.9774842
1,371.734,1742519993.9774842
2,378.423,1742519993.9774842
3,383.249,1742519993.9774842
4,360.651,1742519993.9774842
5,383.832,1742519993.9774842
6,376.894,1742519993.9774842
7,381.434,1742519993.9774842
0,368.32,1742519994.027619
1,346.847,1742519994.027619
2,358.026,1742519994.027619
3,369.228,1742519994.027619
4,360.651,1742519994.027619
5,358.701,1742519994.027619
6,355.841,1742519994.027619
7,381.434,1742519994.027619
0,341.821,1742519994.0777543
1,346.847,1742519994.0777543
2,358.026,1742519994.0777543
3,369.228,1742519994.0777543
4,336.071,1742519994.0777543
5,358.701,1742519994.0777543
6,355.841,1742519994.0777543
7,355.597,1742519994.0777543
0,341.821,1742519994.1278868
1,321.68,1742519994.1278868
2,333.707,1742519994.1278868
3,343.333,1742519994.1278868
4,336.071,1742519994.1278868
5,331.14,1742519994.1278868
6,331.143,1742519994.1278868
7,355.597,1742519994.1278868
0,316.747,1742519994.1780212
1,321.68,1742519994.1780212
2,333.707,1742519994.1780212
3,343.333,1742519994.1780212
4,311.965,1742519994.1780212
5,331.14,1742519994.1780212
6,331.143,1742519994.1780212
7,328.352,1742519994.1780212
0,316.747,1742519994.2281566
1,296.846,1742519994.2281566
2,309.453,1742519994.2281566
3,316.977,1742519994.2281566
4,311.965,1742519994.2281566
5,308.153,1742519994.2281566
6,305.968,1742519994.2281566
7,328.352,1742519994.2281566
0,290.459,1742519994.278292
1,296.846,1742519994.278292
2,309.453,1742519994.278292
3,316.977,1742519994.278292
4,311.965,1742519994.278292
5,308.153,1742519994.278292
6,305.968,1742519994.278292
7,301.415,1742519994.278292
0,290.459,1742519994.3284283
1,269.131,1742519994.3284283
2,284.61,1742519994.3284283
3,289.539,1742519994.3284283
4,286.437,1742519994.3284283
5,281.678,1742519994.3284283
6,280.261,1742519994.3284283
7,301.415,1742519994.3284283
0,265.137,1742519994.3785641
1,269.131,1742519994.3785641
2,284.61,1742519994.3785641
3,289.539,1742519994.3785641
4,256.487,1742519994.3785641
5,281.678,1742519994.3785641
6,280.261,1742519994.3785641
7,275.513,1742519994.3785641
0,265.137,1742519994.4286997
1,246.661,1742519994.4286997
2,259.648,1742519994.4286997
3,260.694,1742519994.4286997
4,256.487,1742519994.4286997
5,249.837,1742519994.4286997
6,254.613,1742519994.4286997
7,275.513,1742519994.4286997
0,240.812,1742519994.4788423
1,246.661,1742519994.4788423
2,259.648,1742519994.4788423
3,260.694,1742519994.4788423
4,231.677,1742519994.4788423
5,249.837,1742519994.4788423
6,254.613,1742519994.4788423
7,251.053,1742519994.4788423
0,240.812,1742519994.528987
1,222.106,1742519994.528987
2,234.733,1742519994.528987
3,235.678,1742519994.528987
4,231.677,1742519994.528987
5,222.588,1742519994.528987
6,228.865,1742519994.528987
7,251.053,1742519994.528987
0,212.281,1742519994.5791094
1,222.106,1742519994.5791094
2,234.733,1742519994.5791094
3,235.678,1742519994.5791094
4,208.443,1742519994.5791094
5,222.588,1742519994.5791094
6,228.865,1742519994.5791094
7,226.449,1742519994.5791094
0,212.281,1742519994.629203
1,196.951,1742519994.629203
2,209.458,1742519994.629203
3,209.246,1742519994.629203
4,208.443,1742519994.629203
5,199.135,1742519994.629203
6,203.409,1742519994.629203
7,226.449,1742519994.629203
0,212.281,1742519994.6793363
1,196.951,1742519994.6793363
2,209.458,1742519994.6793363
3,209.246,1742519994.6793363
4,184.584,1742519994.6793363
5,199.135,1742519994.6793363
6,203.409,1742519994.6793363
7,201.68,1742519994.6793363
0,190.909,1742519994.7294707
1,196.951,1742519994.7294707
2,184.391,1742519994.7294707
3,184.447,1742519994.7294707
4,184.584,1742519994.7294707
5,173.596,1742519994.7294707
6,172.473,1742519994.7294707
7,201.68,1742519994.7294707
0,190.909,1742519994.7796004
1,171.951,1742519994.7796004
2,184.391,1742519994.7796004
3,184.447,1742519994.7796004
4,160.299,1742519994.7796004
5,173.596,1742519994.7796004
6,172.473,1742519994.7796004
7,173.453,1742519994.7796004
0,165.736,1742519994.8297353
1,171.951,1742519994.8297353
2,158.926,1742519994.8297353
3,158.545,1742519994.8297353
4,160.299,1742519994.8297353
5,173.596,1742519994.8297353
6,151.155,1742519994.8297353
7,173.453,1742519994.8297353
0,140.041,1742519994.8798716
1,143.192,1742519994.8798716
2,158.926,1742519994.8798716
3,158.545,1742519994.8798716
4,137.208,1742519994.8798716
5,144.494,1742519994.8798716
6,151.155,1742519994.8798716
7,147.269,1742519994.8798716
0,140.041,1742519994.9300027
1,143.192,1742519994.9300027
2,133.4,1742519994.9300027
3,133.334,1742519994.9300027
4,137.208,1742519994.9300027
5,144.494,1742519994.9300027
6,126.224,1742519994.9300027
7,147.269,1742519994.9300027
0,123.076,1742519994.980143
1,118.789,1742519994.980143
2,133.4,1742519994.980143
3,133.334,1742519994.980143
4,119.367,1742519994.980143
5,124.034,1742519994.980143
6,126.224,1742519994.980143
7,126.179,1742519994.980143
0,123.076,1742519995.0302777
1,118.789,1742519995.0302777
2,123.587,1742519995.0302777
3,120.849,1742519995.0302777
4,119.367,1742519995.0302777
5,124.034,1742519995.0302777
6,119.383,1742519995.0302777
7,126.179,1742519995.0302777
0,122.952,1742519995.0804129
1,118.337,1742519995.0804129
2,123.587,1742519995.0804129
3,120.849,1742519995.0804129
4,119.159,1742519995.0804129
5,122.325,1742519995.0804129
6,119.383,1742519995.0804129
7,125.417,1742519995.0804129
0,122.952,1742519995.130545
1,118.179,1742519995.130545
2,123.505,1742519995.130545
3,120.706,1742519995.130545
4,119.159,1742519995.130545
5,122.325,1742519995.130545
6,119.289,1742519995.130545
7,125.417,1742519995.130545
0,122.834,1742519995.1806393
1,118.179,1742519995.1806393
2,123.505,1742519995.1806393
3,120.706,1742519995.1806393
4,119.027,1742519995.1806393
5,122.189,1742519995.1806393
6,119.289,1742519995.1806393
7,125.282,1742519995.1806393
0,122.834,1742519995.230779
1,118.199,1742519995.230779
2,123.377,1742519995.230779
3,120.598,1742519995.230779
4,119.027,1742519995.230779
5,122.189,1742519995.230779
6,119.192,1742519995.230779
7,125.282,1742519995.230779
0,122.77,1742519995.2809122
1,118.199,1742519995.2809122
2,123.377,1742519995.2809122
3,120.598,1742519995.2809122
4,118.951,1742519995.2809122
5,122.074,1742519995.2809122
6,119.192,1742519995.2809122
7,125.186,1742519995.2809122
0,122.77,1742519995.3310454
1,118.013,1742519995.3310454
2,123.32,1742519995.3310454
3,120.528,1742519995.3310454
4,118.951,1742519995.3310454
5,122.074,1742519995.3310454
6,119.119,1742519995.3310454
7,125.186,1742519995.3310454
0,122.77,1742519995.3811812
1,118.013,1742519995.3811812
2,123.32,1742519995.3811812
3,120.528,1742519995.3811812
4,118.833,1742519995.3811812
5,121.986,1742519995.3811812
6,119.119,1742519995.3811812
7,125.093,1742519995.3811812
0,122.744,1742519995.4313152
1,118.013,1742519995.4313152
2,123.246,1742519995.4313152
3,120.491,1742519995.4313152
4,118.833,1742519995.4313152
5,121.986,1742519995.4313152
6,119.04,1742519995.4313152
7,125.093,1742519995.4313152
0,122.744,1742519995.4814515
1,118.081,1742519995.4814515
2,123.246,1742519995.4814515
3,120.491,1742519995.4814515
4,118.775,1742519995.4814515
5,121.928,1742519995.4814515
6,119.04,1742519995.4814515
7,125.041,1742519995.4814515
0,122.683,1742519995.5316527
1,118.081,1742519995.5316527
2,123.198,1742519995.5316527
3,120.431,1742519995.5316527
4,118.775,1742519995.5316527
5,121.928,1742519995.5316527
6,119.009,1742519995.5316527
7,125.041,1742519995.5316527
0,122.683,1742519995.5817857
1,117.924,1742519995.5817857
2,123.198,1742519995.5817857
3,120.431,1742519995.5817857
4,118.724,1742519995.5817857
5,121.842,1742519995.5817857
6,119.009,1742519995.5817857
7,124.981,1742519995.5817857
0,122.655,1742519995.6319196
1,117.924,1742519995.6319196
2,123.108,1742519995.6319196
3,120.384,1742519995.6319196
4,118.724,1742519995.6319196
5,121.842,1742519995.6319196
6,118.967,1742519995.6319196
7,124.981,1742519995.6319196
0,122.655,1742519995.6820543
1,117.965,1742519995.6820543
2,123.108,1742519995.6820543
3,120.384,1742519995.6820543
4,118.67,1742519995.6820543
5,121.81,1742519995.6820543
6,118.967,1742519995.6820543
7,124.924,1742519995.6820543
0,122.586,1742519995.7321875
1,117.965,1742519995.7321875
2,123.07,1742519995.7321875
3,120.325,1742519995.7321875
4,118.67,1742519995.7321875
5,121.81,1742519995.7321875
6,118.934,1742519995.7321875
7,124.924,1742519995.7321875
0,122.586,1742519995.782322
1,117.89,1742519995.782322
2,123.07,1742519995.782322
3,120.325,1742519995.782322
4,118.608,1742519995.782322
5,121.728,1742519995.782322
6,118.934,1742519995.782322
7,124.881,1742519995.782322
0,122.568,1742519995.8324542
1,117.89,1742519995.8324542
2,123.027,1742519995.8324542
3,120.293,1742519995.8324542
4,118.608,1742519995.8324542
5,121.728,1742519995.8324542
6,118.901,1742519995.8324542
7,124.881,1742519995.8324542
0,122.568,1742519995.8825877
1,117.868,1742519995.8825877
2,123.027,1742519995.8825877
3,120.293,1742519995.8825877
4,118.555,1742519995.8825877
5,121.705,1742519995.8825877
6,118.901,1742519995.8825877
7,124.842,1742519995.8825877
0,122.564,1742519995.932722
1,117.868,1742519995.932722
2,122.997,1742519995.932722
3,120.261,1742519995.932722
4,118.555,1742519995.932722
5,121.705,1742519995.932722
6,118.854,1742519995.932722
7,124.842,1742519995.932722
0,122.564,1742519995.982858
1,117.875,1742519995.982858
2,122.997,1742519995.982858
3,120.261,1742519995.982858
4,118.515,1742519995.982858
5,121.661,1742519995.982858
6,118.854,1742519995.982858
7,124.786,1742519995.982858
0,122.515,1742519996.0329943
1,117.875,1742519996.0329943
2,122.969,1742519996.0329943
3,120.228,1742519996.0329943
4,118.515,1742519996.0329943
5,121.661,1742519996.0329943
6,118.837,1742519996.0329943
7,124.786,1742519996.0329943
0,122.515,1742519996.08313
1,117.773,1742519996.08313
2,122.969,1742519996.08313
3,120.228,1742519996.08313
4,118.481,1742519996.08313
5,121.645,1742519996.08313
6,118.837,1742519996.08313
7,124.759,1742519996.08313
0,122.51,1742519996.1332638
1,117.773,1742519996.1332638
2,122.93,1742519996.1332638
3,120.208,1742519996.1332638
4,118.481,1742519996.1332638
5,121.645,1742519996.1332638
6,118.803,1742519996.1332638
7,124.759,1742519996.1332638
0,122.51,1742519996.1833994
1,117.83,1742519996.1833994
2,122.93,1742519996.1833994
3,120.208,1742519996.1833994
4,118.463,1742519996.1833994
5,121.611,1742519996.1833994
6,118.803,1742519996.1833994
7,124.724,1742519996.1833994
0,122.466,1742519996.233535
1,117.83,1742519996.233535
2,122.894,1742519996.233535
3,120.209,1742519996.233535
4,118.463,1742519996.233535
5,121.611,1742519996.233535
6,118.777,1742519996.233535
7,124.724,1742519996.233535
0,122.466,1742519996.283671
1,117.702,1742519996.283671
2,122.894,1742519996.283671
3,120.209,1742519996.283671
4,118.438,1742519996.283671
5,121.577,1742519996.283671
6,118.777,1742519996.283671
7,124.711,1742519996.283671
0,122.45,1742519996.333804
1,117.702,1742519996.333804
2,122.84,1742519996.333804
3,120.189,1742519996.333804
4,118.438,1742519996.333804
5,121.577,1742519996.333804
6,118.763,1742519996.333804
7,124.711,1742519996.333804
0,122.45,1742519996.3839254
1,117.791,1742519996.3839254
2,122.84,1742519996.3839254
3,120.189,1742519996.3839254
4,118.391,1742519996.3839254
5,121.57,1742519996.3839254
6,118.763,1742519996.3839254
7,124.698,1742519996.3839254
0,122.409,1742519996.4340577
1,117.791,1742519996.4340577
2,122.819,1742519996.4340577
3,120.152,1742519996.4340577
4,118.391,1742519996.4340577
5,121.57,1742519996.4340577
6,118.743,1742519996.4340577
7,124.698,1742519996.4340577
0,122.409,1742519996.4841928
1,117.663,1742519996.4841928
2,122.819,1742519996.4841928
3,120.152,1742519996.4841928
4,118.383,1742519996.4841928
5,121.528,1742519996.4841928
6,118.743,1742519996.4841928
7,124.669,1742519996.4841928
0,122.359,1742519996.534327
1,117.663,1742519996.534327
2,122.779,1742519996.534327
3,120.119,1742519996.534327
4,118.383,1742519996.534327
5,121.528,1742519996.534327
6,118.714,1742519996.534327
7,124.669,1742519996.534327
0,122.359,1742519996.5844626
1,117.735,1742519996.5844626
2,122.779,1742519996.5844626
3,120.119,1742519996.5844626
4,118.354,1742519996.5844626
5,121.521,1742519996.5844626
6,118.714,1742519996.5844626
7,124.655,1742519996.5844626
0,122.287,1742519996.6345978
1,117.735,1742519996.6345978
2,122.772,1742519996.6345978
3,120.1,1742519996.6345978
4,118.354,1742519996.6345978
5,121.521,1742519996.6345978
6,118.698,1742519996.6345978
7,124.655,1742519996.6345978
0,122.287,1742519996.6847336
1,117.646,1742519996.6847336
2,122.772,1742519996.6847336
3,120.1,1742519996.6847336
4,118.345,1742519996.6847336
5,121.487,1742519996.6847336
6,118.698,1742519996.6847336
7,124.649,1742519996.6847336
0,122.21,1742519996.7348695
1,117.646,1742519996.7348695
2,122.743,1742519996.7348695
3,120.08,1742519996.7348695
4,118.345,1742519996.7348695
5,121.487,1742519996.7348695
6,118.673,1742519996.7348695
7,124.649,1742519996.7348695
0,122.21,1742519996.7850056
1,117.68,1742519996.7850056
2,122.743,1742519996.7850056
3,120.08,1742519996.7850056
4,118.327,1742519996.7850056
5,121.501,1742519996.7850056
6,118.673,1742519996.7850056
7,124.608,1742519996.7850056
0,122.15,1742519996.83514
1,117.68,1742519996.83514
2,122.716,1742519996.83514
3,120.052,1742519996.83514
4,118.327,1742519996.83514
5,121.501,1742519996.83514
6,118.653,1742519996.83514
7,124.608,1742519996.83514
0,122.15,1742519996.885276
1,117.677,1742519996.885276
2,122.716,1742519996.885276
3,120.052,1742519996.885276
4,118.326,1742519996.885276
5,121.459,1742519996.885276
6,118.653,1742519996.885276
7,124.581,1742519996.885276
0,122.053,1742519996.935411
1,117.677,1742519996.935411
2,122.687,1742519996.935411
3,120.052,1742519996.935411
4,118.326,1742519996.935411
5,121.459,1742519996.935411
6,118.653,1742519996.935411
7,124.581,1742519996.935411
0,122.053,1742519996.9855473
1,117.611,1742519996.9855473
2,122.687,1742519996.9855473
3,120.052,1742519996.9855473
4,118.31,1742519996.9855473
5,121.475,1742519996.9855473
6,118.653,1742519996.9855473
7,124.574,1742519996.9855473
0,121.996,1742519997.035682
1,117.611,1742519997.035682
2,122.673,1742519997.035682
3,120.018,1742519997.035682
4,118.31,1742519997.035682
5,121.475,1742519997.035682
6,118.612,1742519997.035682
7,124.574,1742519997.035682
0,121.996,1742519997.0858045
1,117.679,1742519997.0858045
2,122.673,1742519997.0858045
3,120.018,1742519997.0858045
4,118.304,1742519997.0858045
5,121.414,1742519997.0858045
6,118.612,1742519997.0858045
7,124.536,1742519997.0858045
0,121.914,1742519997.1359384
1,117.679,1742519997.1359384
2,122.659,1742519997.1359384
3,119.998,1742519997.1359384
4,118.304,1742519997.1359384
5,121.414,1742519997.1359384
6,118.606,1742519997.1359384
7,124.536,1742519997.1359384
0,121.914,1742519997.186093
1,117.572,1742519997.186093
2,122.659,1742519997.186093
3,119.998,1742519997.186093
4,118.279,1742519997.186093
5,121.408,1742519997.186093
6,118.606,1742519997.186093
7,124.53,1742519997.186093
0,121.847,1742519997.2362494
1,117.572,1742519997.2362494
2,122.631,1742519997.2362494
3,119.971,1742519997.2362494
4,118.279,1742519997.2362494
5,121.408,1742519997.2362494
6,118.574,1742519997.2362494
7,124.53,1742519997.2362494
0,121.847,1742519997.2863827
1,117.678,1742519997.2863827
2,122.631,1742519997.2863827
3,119.971,1742519997.2863827
4,118.258,1742519997.2863827
5,121.363,1742519997.2863827
6,118.574,1742519997.2863827
7,124.488,1742519997.2863827
0,121.823,1742519997.3365152
1,117.678,1742519997.3365152
2,122.616,1742519997.3365152
3,119.971,1742519997.3365152
4,118.258,1742519997.3365152
5,121.363,1742519997.3365152
6,118.555,1742519997.3365152
7,124.488,1742519997.3365152
0,121.823,1742519997.3866508
1,117.551,1742519997.3866508
2,122.616,1742519997.3866508
3,119.971,1742519997.3866508
4,118.264,1742519997.3866508
5,121.381,1742519997.3866508
6,118.555,1742519997.3866508
7,124.447,1742519997.3866508
0,121.723,1742519997.4367862
1,117.551,1742519997.4367862
2,122.608,1742519997.4367862
3,119.95,1742519997.4367862
4,118.264,1742519997.4367862
5,121.381,1742519997.4367862
6,118.549,1742519997.4367862
7,124.447,1742519997.4367862
0,121.723,1742519997.486923
1,117.651,1742519997.486923
2,122.608,1742519997.486923
3,119.95,1742519997.486923
4,118.25,1742519997.486923
5,121.354,1742519997.486923
6,118.549,1742519997.486923
7,124.401,1742519997.486923
0,121.697,1742519997.537053
1,117.651,1742519997.537053
2,122.58,1742519997.537053
3,119.943,1742519997.537053
4,118.25,1742519997.537053
5,121.354,1742519997.537053
6,118.523,1742519997.537053
7,124.401,1742519997.537053
0,121.697,1742519997.5871873
1,117.557,1742519997.5871873
2,122.58,1742519997.5871873
3,119.943,1742519997.5871873
4,118.249,1742519997.5871873
5,121.341,1742519997.5871873
6,118.523,1742519997.5871873
7,124.367,1742519997.5871873
0,121.671,1742519997.6373181
1,117.557,1742519997.6373181
2,122.559,1742519997.6373181
3,119.92,1742519997.6373181
4,118.249,1742519997.6373181
5,121.341,1742519997.6373181
6,118.53,1742519997.6373181
7,124.367,1742519997.6373181
0,121.671,1742519997.6874533
1,117.597,1742519997.6874533
2,122.559,1742519997.6874533
3,119.92,1742519997.6874533
4,118.238,1742519997.6874533
5,121.319,1742519997.6874533
6,118.53,1742519997.6874533
7,124.327,1742519997.6874533
0,121.659,1742519997.7375886
1,117.597,1742519997.7375886
2,122.557,1742519997.7375886
3,119.914,1742519997.7375886
4,118.238,1742519997.7375886
5,121.319,1742519997.7375886
6,118.502,1742519997.7375886
7,124.327,1742519997.7375886
0,121.659,1742519997.7877247
1,117.51,1742519997.7877247
2,122.557,1742519997.7877247
3,119.914,1742519997.7877247
4,118.224,1742519997.7877247
5,121.319,1742519997.7877247
6,118.502,1742519997.7877247
7,124.321,1742519997.7877247
0,121.631,1742519997.837861
1,117.51,1742519997.837861
2,122.543,1742519997.837861
3,119.922,1742519997.837861
4,118.224,1742519997.837861
5,121.319,1742519997.837861
6,118.496,1742519997.837861
7,124.321,1742519997.837861
0,121.631,1742519997.8879962
1,117.55,1742519997.8879962
2,122.543,1742519997.8879962
3,119.922,1742519997.8879962
4,118.21,1742519997.8879962
5,121.285,1742519997.8879962
6,118.496,1742519997.8879962
7,124.314,1742519997.8879962
0,121.635,1742519997.9381306
1,117.55,1742519997.9381306
2,122.515,1742519997.9381306
3,119.906,1742519997.9381306
4,118.21,1742519997.9381306
5,121.285,1742519997.9381306
6,118.463,1742519997.9381306
7,124.314,1742519997.9381306
0,121.635,1742519997.988267
1,117.502,1742519997.988267
2,122.515,1742519997.988267
3,119.906,1742519997.988267
4,118.199,1742519997.988267
5,121.258,1742519997.988267
6,118.463,1742519997.988267
7,124.288,1742519997.988267
0,121.621,1742519998.0384035
1,117.502,1742519998.0384035
2,122.48,1742519998.0384035
3,119.894,1742519998.0384035
4,118.199,1742519998.0384035
5,121.258,1742519998.0384035
6,118.463,1742519998.0384035
7,124.288,1742519998.0384035
0,121.621,1742519998.088538
1,117.495,1742519998.088538
2,122.48,1742519998.088538
3,119.894,1742519998.088538
4,118.198,1742519998.088538
5,121.259,1742519998.088538
6,118.463,1742519998.088538
7,124.282,1742519998.088538
0,121.593,1742519998.1386728
1,117.495,1742519998.1386728
2,122.46,1742519998.1386728
3,119.887,1742519998.1386728
4,118.198,1742519998.1386728
5,121.259,1742519998.1386728
6,118.449,1742519998.1386728
7,124.282,1742519998.1386728
0,121.593,1742519998.1888092
1,117.531,1742519998.1888092
2,122.46,1742519998.1888092
3,119.887,1742519998.1888092
4,118.222,1742519998.1888092
5,121.233,1742519998.1888092
6,118.449,1742519998.1888092
7,124.246,1742519998.1888092
0,121.588,1742519998.2389438
1,117.531,1742519998.2389438
2,122.442,1742519998.2389438
3,119.877,1742519998.2389438
4,118.222,1742519998.2389438
5,121.233,1742519998.2389438
6,118.449,1742519998.2389438
7,124.246,1742519998.2389438
0,121.588,1742519998.2890792
1,117.443,1742519998.2890792
2,122.442,1742519998.2890792
3,119.877,1742519998.2890792
4,118.22,1742519998.2890792
5,121.233,1742519998.2890792
6,118.449,1742519998.2890792
7,124.235,1742519998.2890792
0,121.544,1742519998.3392146
1,117.443,1742519998.3392146
2,122.422,1742519998.3392146
3,119.845,1742519998.3392146
4,118.22,1742519998.3392146
5,121.233,1742519998.3392146
6,118.451,1742519998.3392146
7,124.235,1742519998.3392146
0,121.544,1742519998.3893507
1,117.527,1742519998.3893507
2,122.422,1742519998.3893507
3,119.845,1742519998.3893507
4,118.188,1742519998.3893507
5,121.179,1742519998.3893507
6,118.451,1742519998.3893507
7,124.201,1742519998.3893507
0,121.533,1742519998.4394813
1,117.527,1742519998.4394813
2,122.409,1742519998.4394813
3,119.855,1742519998.4394813
4,118.188,1742519998.4394813
5,121.179,1742519998.4394813
6,118.411,1742519998.4394813
7,124.201,1742519998.4394813
0,121.533,1742519998.4896672
1,117.397,1742519998.4896672
2,122.409,1742519998.4896672
3,119.855,1742519998.4896672
4,118.181,1742519998.4896672
5,121.18,1742519998.4896672
6,118.411,1742519998.4896672
7,124.201,1742519998.4896672
0,121.531,1742519998.5398004
1,117.397,1742519998.5398004
2,122.384,1742519998.5398004
3,119.858,1742519998.5398004
4,118.181,1742519998.5398004
5,121.18,1742519998.5398004
6,118.418,1742519998.5398004
7,124.201,1742519998.5398004
0,121.531,1742519998.589934
1,117.501,1742519998.589934
2,122.384,1742519998.589934
3,119.858,1742519998.589934
4,118.164,1742519998.589934
5,121.153,1742519998.589934
6,118.418,1742519998.589934
7,124.18,1742519998.589934
0,121.533,1742519998.6400685
1,117.501,1742519998.6400685
2,122.377,1742519998.6400685
3,119.835,1742519998.6400685
4,118.164,1742519998.6400685
5,121.153,1742519998.6400685
6,118.39,1742519998.6400685
7,124.18,1742519998.6400685
0,121.533,1742519998.6902041
1,117.391,1742519998.6902041
2,122.377,1742519998.6902041
3,119.835,1742519998.6902041
4,118.166,1742519998.6902041
5,121.146,1742519998.6902041
6,118.39,1742519998.6902041
7,124.16,1742519998.6902041
0,121.532,1742519998.740339
1,117.391,1742519998.740339
2,122.358,1742519998.740339
3,119.818,1742519998.740339
4,118.166,1742519998.740339
5,121.146,1742519998.740339
6,118.366,1742519998.740339
7,124.16,1742519998.740339
0,121.532,1742519998.7904747
1,117.468,1742519998.7904747
2,122.358,1742519998.7904747
3,119.818,1742519998.7904747
4,118.176,1742519998.7904747
5,121.125,1742519998.7904747
6,118.366,1742519998.7904747
7,124.147,1742519998.7904747
0,121.586,1742519998.8406103
1,117.468,1742519998.8406103
2,122.336,1742519998.8406103
3,119.766,1742519998.8406103
4,118.176,1742519998.8406103
5,121.125,1742519998.8406103
6,118.364,1742519998.8406103
7,124.147,1742519998.8406103
0,121.586,1742519998.8907506
1,117.448,1742519998.8907506
2,122.336,1742519998.8907506
3,119.766,1742519998.8907506
4,118.171,1742519998.8907506
5,121.142,1742519998.8907506
6,118.364,1742519998.8907506
7,124.133,1742519998.8907506
0,121.555,1742519998.9408777
1,117.448,1742519998.9408777
2,122.327,1742519998.9408777
3,119.765,1742519998.9408777
4,118.171,1742519998.9408777
5,121.142,1742519998.9408777
6,118.36,1742519998.9408777
7,124.133,1742519998.9408777
0,121.555,1742519998.9910626
1,117.435,1742519998.9910626
2,122.327,1742519998.9910626
3,119.765,1742519998.9910626
4,118.168,1742519998.9910626
5,121.109,1742519998.9910626
6,118.36,1742519998.9910626
7,124.141,1742519998.9910626
0,121.546,1742519999.0411952
1,117.435,1742519999.0411952
2,122.324,1742519999.0411952
3,119.773,1742519999.0411952
4,118.168,1742519999.0411952
5,121.109,1742519999.0411952
6,118.357,1742519999.0411952
7,124.141,1742519999.0411952
0,121.546,1742519999.0913434
1,117.433,1742519999.0913434
2,122.324,1742519999.0913434
3,119.773,1742519999.0913434
4,118.148,1742519999.0913434
5,121.143,1742519999.0913434
6,118.357,1742519999.0913434
7,124.114,1742519999.0913434
0,121.56,1742519999.141476
1,117.433,1742519999.141476
2,122.343,1742519999.141476
3,119.771,1742519999.141476
4,118.148,1742519999.141476
5,121.143,1742519999.141476
6,118.335,1742519999.141476
7,124.114,1742519999.141476
0,121.56,1742519999.1916451
1,117.361,1742519999.1916451
2,122.343,1742519999.1916451
3,119.771,1742519999.1916451
4,118.104,1742519999.1916451
5,121.101,1742519999.1916451
6,118.335,1742519999.1916451
7,124.107,1742519999.1916451
0,121.595,1742519999.2417648
1,117.361,1742519999.2417648
2,122.343,1742519999.2417648
3,119.759,1742519999.2417648
4,118.104,1742519999.2417648
5,121.101,1742519999.2417648
6,118.341,1742519999.2417648
7,124.107,1742519999.2417648
0,121.595,1742519999.2919161
1,117.447,1742519999.2919161
2,122.343,1742519999.2919161
3,119.759,1742519999.2919161
4,118.073,1742519999.2919161
5,121.099,1742519999.2919161
6,118.341,1742519999.2919161
7,124.081,1742519999.2919161
0,121.585,1742519999.3420482
1,117.447,1742519999.3420482
2,122.32,1742519999.3420482
3,119.739,1742519999.3420482
4,118.073,1742519999.3420482
5,121.099,1742519999.3420482
6,118.318,1742519999.3420482
7,124.081,1742519999.3420482
0,121.585,1742519999.3921828
1,117.326,1742519999.3921828
2,122.32,1742519999.3921828
3,119.739,1742519999.3921828
4,118.055,1742519999.3921828
5,121.081,1742519999.3921828
6,118.318,1742519999.3921828
7,124.093,1742519999.3921828
0,121.615,1742519999.442318
1,117.326,1742519999.442318
2,122.301,1742519999.442318
3,119.718,1742519999.442318
4,118.055,1742519999.442318
5,121.081,1742519999.442318
6,118.325,1742519999.442318
7,124.093,1742519999.442318
0,121.615,1742519999.4924538
1,117.426,1742519999.4924538
2,122.301,1742519999.4924538
3,119.718,1742519999.4924538
4,118.067,1742519999.4924538
5,121.084,1742519999.4924538
6,118.325,1742519999.4924538
7,124.067,1742519999.4924538
0,121.593,1742519999.542589
1,117.426,1742519999.542589
2,122.284,1742519999.542589
3,119.724,1742519999.542589
4,118.067,1742519999.542589
5,121.084,1742519999.542589
6,118.305,1742519999.542589
7,124.067,1742519999.542589
0,121.593,1742519999.592725
1,117.301,1742519999.592725
2,122.284,1742519999.592725
3,119.724,1742519999.592725
4,118.035,1742519999.592725
5,121.066,1742519999.592725
6,118.305,1742519999.592725
7,124.068,1742519999.592725
0,121.62,1742519999.6428955
1,117.301,1742519999.6428955
2,122.271,1742519999.6428955
3,119.725,1742519999.6428955
4,118.035,1742519999.6428955
5,121.066,1742519999.6428955
6,118.312,1742519999.6428955
7,124.068,1742519999.6428955
0,121.62,1742519999.6930509
1,117.397,1742519999.6930509
2,122.271,1742519999.6930509
3,119.725,1742519999.6930509
4,118.011,1742519999.6930509
5,121.055,1742519999.6930509
6,118.312,1742519999.6930509
7,124.074,1742519999.6930509
0,121.621,1742519999.7431765
1,117.397,1742519999.7431765
2,122.269,1742519999.7431765
3,119.719,1742519999.7431765
4,118.011,1742519999.7431765
5,121.055,1742519999.7431765
6,118.304,1742519999.7431765
7,124.074,1742519999.7431765
0,121.621,1742519999.7933428
1,117.301,1742519999.7933428
2,122.269,1742519999.7933428
3,119.719,1742519999.7933428
4,117.969,1742519999.7933428
5,121.059,1742519999.7933428
6,118.304,1742519999.7933428
7,124.047,1742519999.7933428
0,121.58,1742519999.8434758
1,117.301,1742519999.8434758
2,122.268,1742519999.8434758
3,119.711,1742519999.8434758
4,117.969,1742519999.8434758
5,121.059,1742519999.8434758
6,118.305,1742519999.8434758
7,124.047,1742519999.8434758
0,121.58,1742519999.8936088
1,117.343,1742519999.8936088
2,122.268,1742519999.8936088
3,119.711,1742519999.8936088
4,117.965,1742519999.8936088
5,121.039,1742519999.8936088
6,118.305,1742519999.8936088
7,124.04,1742519999.8936088
0,121.619,1742519999.9437444
1,117.343,1742519999.9437444
2,122.278,1742519999.9437444
3,119.69,1742519999.9437444
4,117.965,1742519999.9437444
5,121.039,1742519999.9437444
6,118.31,1742519999.9437444
7,124.04,1742519999.9437444
0,121.619,1742519999.9938598
1,117.309,1742519999.9938598
2,122.278,1742519999.9938598
3,119.69,1742519999.9938598
4,117.924,1742519999.9938598
5,121.06,1742519999.9938598
6,118.31,1742519999.9938598
7,123.993,1742519999.9938598
0,121.612,1742520000.043995
1,117.309,1742520000.043995
2,122.256,1742520000.043995
3,119.664,1742520000.043995
4,117.924,1742520000.043995
5,121.06,1742520000.043995
6,118.292,1742520000.043995
7,123.993,1742520000.043995
0,121.612,1742520000.0941312
1,117.294,1742520000.0941312
2,122.256,1742520000.0941312
3,119.664,1742520000.0941312
4,117.915,1742520000.0941312
5,121.011,1742520000.0941312
6,118.292,1742520000.0941312
7,123.998,1742520000.0941312
0,121.603,1742520000.1442673
1,117.294,1742520000.1442673
2,122.224,1742520000.1442673
3,119.651,1742520000.1442673
4,117.915,1742520000.1442673
5,121.011,1742520000.1442673
6,118.291,1742520000.1442673
7,123.998,1742520000.1442673
0,121.603,1742520000.1944368
1,117.343,1742520000.1944368
2,122.224,1742520000.1944368
3,119.651,1742520000.1944368
4,117.936,1742520000.1944368
5,121.017,1742520000.1944368
6,118.291,1742520000.1944368
7,123.998,1742520000.1944368
0,121.593,1742520000.244575
1,117.343,1742520000.244575
2,122.205,1742520000.244575
3,119.643,1742520000.244575
4,117.936,1742520000.244575
5,121.017,1742520000.244575
6,118.258,1742520000.244575
7,123.998,1742520000.244575
0,121.593,1742520000.2946987
1,117.248,1742520000.2946987
2,122.205,1742520000.2946987
3,119.643,1742520000.2946987
4,117.918,1742520000.2946987
5,120.987,1742520000.2946987
6,118.258,1742520000.2946987
7,123.992,1742520000.2946987
0,121.616,1742520000.3448327
1,117.248,1742520000.3448327
2,122.199,1742520000.3448327
3,119.664,1742520000.3448327
4,117.918,1742520000.3448327
5,120.987,1742520000.3448327
6,118.271,1742520000.3448327
7,123.992,1742520000.3448327
0,121.616,1742520000.3949666
1,117.355,1742520000.3949666
2,122.199,1742520000.3949666
3,119.664,1742520000.3949666
4,117.917,1742520000.3949666
5,120.993,1742520000.3949666
6,118.271,1742520000.3949666
7,124.0,1742520000.3949666
0,121.596,1742520000.445101
1,117.355,1742520000.445101
2,122.211,1742520000.445101
3,119.673,1742520000.445101
4,117.917,1742520000.445101
5,120.993,1742520000.445101
6,118.243,1742520000.445101
7,124.0,1742520000.445101
0,121.596,1742520000.4952497
1,117.216,1742520000.4952497
2,122.211,1742520000.4952497
3,119.673,1742520000.4952497
4,117.917,1742520000.4952497
5,120.965,1742520000.4952497
6,118.243,1742520000.4952497
7,123.994,1742520000.4952497
0,121.601,1742520000.5453854
1,117.216,1742520000.5453854
2,122.219,1742520000.5453854
3,119.645,1742520000.5453854
4,117.858,1742520000.5453854
5,120.965,1742520000.5453854
6,118.23,1742520000.5453854
7,123.994,1742520000.5453854
0,121.601,1742520000.5955172
1,117.313,1742520000.5955172
2,122.219,1742520000.5955172
3,119.645,1742520000.5955172
4,117.858,1742520000.5955172
5,120.965,1742520000.5955172
6,118.23,1742520000.5955172
7,123.974,1742520000.5955172
0,121.588,1742520000.6456518
1,117.313,1742520000.6456518
2,122.199,1742520000.6456518
3,119.631,1742520000.6456518
4,117.857,1742520000.6456518
5,120.965,1742520000.6456518
6,118.237,1742520000.6456518
7,123.974,1742520000.6456518
0,121.588,1742520000.6957884
1,117.221,1742520000.6957884
2,122.199,1742520000.6957884
3,119.631,1742520000.6957884
4,117.857,1742520000.6957884
5,120.957,1742520000.6957884
6,118.237,1742520000.6957884
7,123.983,1742520000.6957884
0,121.595,1742520000.745947
1,117.221,1742520000.745947
2,122.186,1742520000.745947
3,119.585,1742520000.745947
4,117.832,1742520000.745947
5,120.957,1742520000.745947
6,118.204,1742520000.745947
7,123.983,1742520000.745947
0,121.595,1742520000.7960823
1,117.31,1742520000.7960823
2,122.186,1742520000.7960823
3,119.585,1742520000.7960823
4,117.832,1742520000.7960823
5,120.943,1742520000.7960823
6,118.204,1742520000.7960823
7,123.949,1742520000.7960823
0,121.599,1742520000.8462157
1,117.31,1742520000.8462157
2,122.153,1742520000.8462157
3,119.578,1742520000.8462157
4,117.828,1742520000.8462157
5,120.943,1742520000.8462157
6,118.197,1742520000.8462157
7,123.949,1742520000.8462157
0,121.599,1742520000.8963501
1,117.2,1742520000.8963501
2,122.153,1742520000.8963501
3,119.578,1742520000.8963501
4,117.828,1742520000.8963501
5,120.95,1742520000.8963501
6,118.197,1742520000.8963501
7,123.932,1742520000.8963501
0,121.577,1742520000.9464846
1,117.2,1742520000.9464846
2,122.101,1742520000.9464846
3,119.57,1742520000.9464846
4,117.845,1742520000.9464846
5,120.95,1742520000.9464846
6,118.165,1742520000.9464846
7,123.932,1742520000.9464846
0,121.577,1742520000.996621
1,117.276,1742520000.996621
2,122.101,1742520000.996621
3,119.57,1742520000.996621
4,117.845,1742520000.996621
5,120.923,1742520000.996621
6,118.165,1742520000.996621
7,123.932,1742520000.996621
0,121.538,1742520001.0467563
1,117.276,1742520001.0467563
2,122.095,1742520001.0467563
3,119.583,1742520001.0467563
4,117.842,1742520001.0467563
5,120.923,1742520001.0467563
6,118.165,1742520001.0467563
7,123.932,1742520001.0467563
0,121.538,1742520001.0968971
1,117.215,1742520001.0968971
2,122.095,1742520001.0968971
3,119.583,1742520001.0968971
4,117.842,1742520001.0968971
5,120.938,1742520001.0968971
6,118.165,1742520001.0968971
7,123.92,1742520001.0968971
0,121.514,1742520001.1470287
1,117.215,1742520001.1470287
2,122.087,1742520001.1470287
3,119.557,1742520001.1470287
4,117.839,1742520001.1470287
5,120.938,1742520001.1470287
6,118.158,1742520001.1470287
7,123.92,1742520001.1470287
0,121.514,1742520001.1971629
1,117.236,1742520001.1971629
2,122.087,1742520001.1971629
3,119.557,1742520001.1971629
4,117.839,1742520001.1971629
5,120.91,1742520001.1971629
6,118.158,1742520001.1971629
7,123.922,1742520001.1971629
0,121.521,1742520001.2472978
1,117.236,1742520001.2472978
2,122.081,1742520001.2472978
3,119.552,1742520001.2472978
4,117.798,1742520001.2472978
5,120.91,1742520001.2472978
6,118.171,1742520001.2472978
7,123.922,1742520001.2472978
0,121.521,1742520001.2974336
1,117.222,1742520001.2974336
2,122.081,1742520001.2974336
3,119.552,1742520001.2974336
4,117.798,1742520001.2974336
5,120.947,1742520001.2974336
6,118.171,1742520001.2974336
7,123.924,1742520001.2974336
0,121.506,1742520001.3475695
1,117.222,1742520001.3475695
2,122.067,1742520001.3475695
3,119.565,1742520001.3475695
4,117.814,1742520001.3475695
5,120.947,1742520001.3475695
6,118.186,1742520001.3475695
7,123.924,1742520001.3475695
0,121.506,1742520001.397716
1,117.188,1742520001.397716
2,122.067,1742520001.397716
3,119.565,1742520001.397716
4,117.814,1742520001.397716
5,120.907,1742520001.397716
6,118.186,1742520001.397716
7,123.884,1742520001.397716
0,121.502,1742520001.44785
1,117.188,1742520001.44785
2,122.047,1742520001.44785
3,119.53,1742520001.44785
4,117.786,1742520001.44785
5,120.907,1742520001.44785
6,118.164,1742520001.44785
7,123.884,1742520001.44785
0,121.502,1742520001.4979858
1,117.256,1742520001.4979858
2,122.047,1742520001.4979858
3,119.53,1742520001.4979858
4,117.786,1742520001.4979858
5,120.923,1742520001.4979858
6,118.164,1742520001.4979858
7,123.864,1742520001.4979858
0,121.494,1742520001.5481153
1,117.256,1742520001.5481153
2,122.014,1742520001.5481153
3,119.52,1742520001.5481153
4,117.788,1742520001.5481153
5,120.923,1742520001.5481153
6,118.164,1742520001.5481153
7,123.864,1742520001.5481153
0,121.494,1742520001.5982482
1,117.142,1742520001.5982482
2,122.014,1742520001.5982482
3,119.52,1742520001.5982482
4,117.788,1742520001.5982482
5,120.868,1742520001.5982482
6,118.155,1742520001.5982482
7,123.868,1742520001.5982482
0,121.482,1742520001.6483822
1,117.142,1742520001.6483822
2,121.991,1742520001.6483822
3,119.505,1742520001.6483822
4,117.792,1742520001.6483822
5,120.868,1742520001.6483822
6,118.155,1742520001.6483822
7,123.868,1742520001.6483822
0,121.482,1742520001.6985168
1,117.258,1742520001.6985168
2,121.991,1742520001.6985168
3,119.505,1742520001.6985168
4,117.792,1742520001.6985168
5,120.896,1742520001.6985168
6,118.122,1742520001.6985168
7,123.838,1742520001.6985168
0,121.477,1742520001.7486525
1,117.258,1742520001.7486525
2,121.991,1742520001.7486525
3,119.533,1742520001.7486525
4,117.806,1742520001.7486525
5,120.896,1742520001.7486525
6,118.122,1742520001.7486525
7,123.838,1742520001.7486525
0,121.477,1742520001.798762
1,117.129,1742520001.798762
2,121.991,1742520001.798762
3,119.533,1742520001.798762
4,117.806,1742520001.798762
5,120.863,1742520001.798762
6,118.148,1742520001.798762
7,123.826,1742520001.798762
0,121.444,1742520001.8488562
1,117.129,1742520001.8488562
2,121.988,1742520001.8488562
3,119.526,1742520001.8488562
4,117.809,1742520001.8488562
5,120.863,1742520001.8488562
6,118.148,1742520001.8488562
7,123.826,1742520001.8488562
0,121.444,1742520001.8989892
1,117.203,1742520001.8989892
2,121.988,1742520001.8989892
3,119.526,1742520001.8989892
4,117.809,1742520001.8989892
5,120.855,1742520001.8989892
6,118.142,1742520001.8989892
7,123.826,1742520001.8989892
0,121.428,1742520001.949082
1,117.203,1742520001.949082
2,121.991,1742520001.949082
3,119.529,1742520001.949082
4,117.78,1742520001.949082
5,120.855,1742520001.949082
6,118.142,1742520001.949082
7,123.826,1742520001.949082
0,121.428,1742520001.9991653
1,117.142,1742520001.9991653
2,121.991,1742520001.9991653
3,119.529,1742520001.9991653
4,117.78,1742520001.9991653
5,120.842,1742520001.9991653
6,118.156,1742520001.9991653
7,123.809,1742520001.9991653
0,121.47,1742520002.0492852
1,117.142,1742520002.0492852
2,121.984,1742520002.0492852
3,119.522,1742520002.0492852
4,117.773,1742520002.0492852
5,120.842,1742520002.0492852
6,118.156,1742520002.0492852
7,123.809,1742520002.0492852
0,121.47,1742520002.099402
1,117.162,1742520002.099402
2,121.984,1742520002.099402
3,119.522,1742520002.099402
4,117.773,1742520002.099402
5,120.863,1742520002.099402
6,118.155,1742520002.099402
7,123.802,1742520002.099402
0,121.498,1742520002.1495557
1,117.162,1742520002.1495557
2,121.985,1742520002.1495557
3,119.514,1742520002.1495557
4,117.766,1742520002.1495557
5,120.863,1742520002.1495557
6,118.155,1742520002.1495557
7,123.802,1742520002.1495557
0,121.498,1742520002.199698
1,117.127,1742520002.199698
2,121.985,1742520002.199698
3,119.514,1742520002.199698
4,117.766,1742520002.199698
5,120.835,1742520002.199698
6,118.134,1742520002.199698
7,123.761,1742520002.199698
0,121.454,1742520002.2498894
1,117.127,1742520002.2498894
2,121.968,1742520002.2498894
3,119.508,1742520002.2498894
4,117.76,1742520002.2498894
5,120.835,1742520002.2498894
6,118.134,1742520002.2498894
7,123.761,1742520002.2498894
0,121.454,1742520002.3001187
1,117.121,1742520002.3001187
2,121.968,1742520002.3001187
3,119.508,1742520002.3001187
4,117.76,1742520002.3001187
5,120.827,1742520002.3001187
6,118.105,1742520002.3001187
7,123.753,1742520002.3001187
0,121.441,1742520002.3502429
1,117.121,1742520002.3502429
2,121.939,1742520002.3502429
3,119.488,1742520002.3502429
4,117.741,1742520002.3502429
5,120.827,1742520002.3502429
6,118.105,1742520002.3502429
7,123.753,1742520002.3502429
0,121.441,1742520002.4003768
1,117.175,1742520002.4003768
2,121.939,1742520002.4003768
3,119.488,1742520002.4003768
4,117.741,1742520002.4003768
5,120.804,1742520002.4003768
6,118.088,1742520002.4003768
7,123.733,1742520002.4003768
0,121.433,1742520002.450513
1,117.175,1742520002.450513
2,121.94,1742520002.450513
3,119.468,1742520002.450513
4,117.764,1742520002.450513
5,120.804,1742520002.450513
6,118.088,1742520002.450513
7,123.733,1742520002.450513
0,121.433,1742520002.5006459
1,117.081,1742520002.5006459
2,121.94,1742520002.5006459
3,119.468,1742520002.5006459
4,117.764,1742520002.5006459
5,120.81,1742520002.5006459
6,118.107,1742520002.5006459
7,123.732,1742520002.5006459
0,121.388,1742520002.5507836
1,117.081,1742520002.5507836
2,121.933,1742520002.5507836
3,119.482,1742520002.5507836
4,117.764,1742520002.5507836
5,120.81,1742520002.5507836
6,118.107,1742520002.5507836
7,123.732,1742520002.5507836
0,121.388,1742520002.6009161
1,117.182,1742520002.6009161
2,121.933,1742520002.6009161
3,119.482,1742520002.6009161
4,117.764,1742520002.6009161
5,120.812,1742520002.6009161
6,118.124,1742520002.6009161
7,123.724,1742520002.6009161
0,121.375,1742520002.6510506
1,117.182,1742520002.6510506
2,121.933,1742520002.6510506
3,119.504,1742520002.6510506
4,117.75,1742520002.6510506
5,120.812,1742520002.6510506
6,118.124,1742520002.6510506
7,123.724,1742520002.6510506
0,121.375,1742520002.7011857
1,117.047,1742520002.7011857
2,121.933,1742520002.7011857
3,119.504,1742520002.7011857
4,117.75,1742520002.7011857
5,120.784,1742520002.7011857
6,118.138,1742520002.7011857
7,123.725,1742520002.7011857
0,121.378,1742520002.7513208
1,117.047,1742520002.7513208
2,121.915,1742520002.7513208
3,119.49,1742520002.7513208
4,117.725,1742520002.7513208
5,120.784,1742520002.7513208
6,118.138,1742520002.7513208
7,123.725,1742520002.7513208
0,121.378,1742520002.8014576
1,117.162,1742520002.8014576
2,121.915,1742520002.8014576
3,119.49,1742520002.8014576
4,117.725,1742520002.8014576
5,120.776,1742520002.8014576
6,118.151,1742520002.8014576
7,123.705,1742520002.8014576
0,121.385,1742520002.8515866
1,117.162,1742520002.8515866
2,121.909,1742520002.8515866
3,119.476,1742520002.8515866
4,117.731,1742520002.8515866
5,120.776,1742520002.8515866
6,118.151,1742520002.8515866
7,123.705,1742520002.8515866
0,121.385,1742520002.9017227
1,117.048,1742520002.9017227
2,121.909,1742520002.9017227
3,119.476,1742520002.9017227
4,117.731,1742520002.9017227
5,120.762,1742520002.9017227
6,118.102,1742520002.9017227
7,123.667,1742520002.9017227
0,121.375,1742520002.9518554
1,117.048,1742520002.9518554
2,121.889,1742520002.9518554
3,119.461,1742520002.9518554
4,117.725,1742520002.9518554
5,120.762,1742520002.9518554
6,118.102,1742520002.9518554
7,123.667,1742520002.9518554
0,121.375,1742520003.00199
1,117.15,1742520003.00199
2,121.889,1742520003.00199
3,119.461,1742520003.00199
4,117.725,1742520003.00199
5,120.768,1742520003.00199
6,118.087,1742520003.00199
7,123.665,1742520003.00199
0,121.377,1742520003.0521114
1,117.15,1742520003.0521114
2,121.889,1742520003.0521114
3,119.434,1742520003.0521114
4,117.725,1742520003.0521114
5,120.768,1742520003.0521114
6,118.087,1742520003.0521114
7,123.665,1742520003.0521114
0,121.377,1742520003.102244
1,117.069,1742520003.102244
2,121.889,1742520003.102244
3,119.434,1742520003.102244
4,117.725,1742520003.102244
5,120.745,1742520003.102244
6,118.075,1742520003.102244
7,123.64,1742520003.102244
0,121.324,1742520003.1523752
1,117.069,1742520003.1523752
2,121.87,1742520003.1523752
3,119.434,1742520003.1523752
4,117.72,1742520003.1523752
5,120.745,1742520003.1523752
6,118.075,1742520003.1523752
7,123.64,1742520003.1523752
0,121.324,1742520003.2025104
1,117.116,1742520003.2025104
2,121.87,1742520003.2025104
3,119.434,1742520003.2025104
4,117.72,1742520003.2025104
5,120.741,1742520003.2025104
6,118.095,1742520003.2025104
7,123.64,1742520003.2025104
0,121.323,1742520003.252645
1,117.116,1742520003.252645
2,121.862,1742520003.252645
3,119.456,1742520003.252645
4,117.727,1742520003.252645
5,120.741,1742520003.252645
6,118.095,1742520003.252645
7,123.64,1742520003.252645
0,121.323,1742520003.302781
1,117.082,1742520003.302781
2,121.862,1742520003.302781
3,119.456,1742520003.302781
4,117.727,1742520003.302781
5,120.722,1742520003.302781
6,118.122,1742520003.302781
7,123.644,1742520003.302781
0,121.322,1742520003.3529165
1,117.082,1742520003.3529165
2,121.857,1742520003.3529165
3,119.439,1742520003.3529165
4,117.725,1742520003.3529165
5,120.722,1742520003.3529165
6,118.122,1742520003.3529165
7,123.644,1742520003.3529165
0,121.322,1742520003.4030313
1,117.041,1742520003.4030313
2,121.857,1742520003.4030313
3,119.439,1742520003.4030313
4,117.725,1742520003.4030313
5,120.723,1742520003.4030313
6,118.116,1742520003.4030313
7,123.658,1742520003.4030313
0,121.322,1742520003.4531646
1,117.041,1742520003.4531646
2,121.843,1742520003.4531646
3,119.441,1742520003.4531646
4,117.707,1742520003.4531646
5,120.723,1742520003.4531646
6,118.116,1742520003.4531646
7,123.658,1742520003.4531646
0,121.322,1742520003.5033488
1,117.089,1742520003.5033488
2,121.843,1742520003.5033488
3,119.441,1742520003.5033488
4,117.707,1742520003.5033488
5,120.689,1742520003.5033488
6,118.093,1742520003.5033488
7,123.657,1742520003.5033488
0,121.358,1742520003.553535
1,117.089,1742520003.553535
2,121.83,1742520003.553535
3,119.432,1742520003.553535
4,117.705,1742520003.553535
5,120.689,1742520003.553535
6,118.093,1742520003.553535
7,123.657,1742520003.553535
0,121.358,1742520003.6036553
1,116.996,1742520003.6036553
2,121.83,1742520003.6036553
3,119.432,1742520003.6036553
4,117.705,1742520003.6036553
5,120.679,1742520003.6036553
6,118.061,1742520003.6036553
7,123.651,1742520003.6036553
0,121.342,1742520003.6537907
1,116.996,1742520003.6537907
2,121.817,1742520003.6537907
3,119.399,1742520003.6537907
4,117.698,1742520003.6537907
5,120.679,1742520003.6537907
6,118.061,1742520003.6537907
7,123.651,1742520003.6537907
0,121.342,1742520003.7039263
1,117.115,1742520003.7039263
2,121.817,1742520003.7039263
3,119.399,1742520003.7039263
4,117.698,1742520003.7039263
5,120.677,1742520003.7039263
6,118.026,1742520003.7039263
7,123.626,1742520003.7039263
0,121.346,1742520003.7540607
1,117.115,1742520003.7540607
2,121.804,1742520003.7540607
3,119.385,1742520003.7540607
4,117.686,1742520003.7540607
5,120.677,1742520003.7540607
6,118.026,1742520003.7540607
7,123.626,1742520003.7540607
0,121.346,1742520003.8042119
1,116.996,1742520003.8042119
2,121.804,1742520003.8042119
3,119.385,1742520003.8042119
4,117.686,1742520003.8042119
5,120.668,1742520003.8042119
6,118.037,1742520003.8042119
7,123.6,1742520003.8042119
0,121.318,1742520003.8543472
1,116.996,1742520003.8543472
2,121.804,1742520003.8543472
3,119.398,1742520003.8543472
4,117.683,1742520003.8543472
5,120.668,1742520003.8543472
6,118.037,1742520003.8543472
7,123.6,1742520003.8543472
0,121.318,1742520003.9044828
1,117.096,1742520003.9044828
2,121.804,1742520003.9044828
3,119.398,1742520003.9044828
4,117.683,1742520003.9044828
5,120.676,1742520003.9044828
6,118.058,1742520003.9044828
7,123.591,1742520003.9044828
0,121.273,1742520003.9546163
1,117.096,1742520003.9546163
2,121.804,1742520003.9546163
3,119.393,1742520003.9546163
4,117.67,1742520003.9546163
5,120.676,1742520003.9546163
6,118.058,1742520003.9546163
7,123.591,1742520003.9546163
0,121.273,1742520004.0047493
1,116.996,1742520004.0047493
2,121.811,1742520004.0047493
3,119.393,1742520004.0047493
4,117.67,1742520004.0047493
5,120.669,1742520004.0047493
6,118.06,1742520004.0047493
7,123.574,1742520004.0047493
0,121.248,1742520004.0548847
1,116.996,1742520004.0548847
2,121.811,1742520004.0548847
3,119.377,1742520004.0548847
4,117.699,1742520004.0548847
5,120.669,1742520004.0548847
6,118.06,1742520004.0548847
7,123.574,1742520004.0548847
0,121.248,1742520004.105019
1,117.067,1742520004.105019
2,121.804,1742520004.105019
3,119.377,1742520004.105019
4,117.699,1742520004.105019
5,120.684,1742520004.105019
6,118.049,1742520004.105019
7,123.584,1742520004.105019
0,121.256,1742520004.1551552
1,117.067,1742520004.1551552
2,121.804,1742520004.1551552
3,119.394,1742520004.1551552
4,117.69,1742520004.1551552
5,120.684,1742520004.1551552
6,118.049,1742520004.1551552
7,123.584,1742520004.1551552
0,121.256,1742520004.2052915
1,117.01,1742520004.2052915
2,121.804,1742520004.2052915
3,119.394,1742520004.2052915
4,117.69,1742520004.2052915
5,120.658,1742520004.2052915
6,118.003,1742520004.2052915
7,123.562,1742520004.2052915
0,121.236,1742520004.255427
1,117.01,1742520004.255427
2,121.804,1742520004.255427
3,119.373,1742520004.255427
4,117.678,1742520004.255427
5,120.658,1742520004.255427
6,118.003,1742520004.255427
7,123.562,1742520004.255427
0,121.236,1742520004.3055623
1,117.03,1742520004.3055623
2,121.792,1742520004.3055623
3,119.373,1742520004.3055623
4,117.678,1742520004.3055623
5,120.686,1742520004.3055623
6,117.98,1742520004.3055623
7,123.548,1742520004.3055623
0,121.213,1742520004.3556967
1,117.03,1742520004.3556967
2,121.792,1742520004.3556967
3,119.375,1742520004.3556967
4,117.652,1742520004.3556967
5,120.686,1742520004.3556967
6,117.98,1742520004.3556967
7,123.548,1742520004.3556967
0,121.213,1742520004.4058323
1,117.069,1742520004.4058323
2,121.791,1742520004.4058323
3,119.375,1742520004.4058323
4,117.652,1742520004.4058323
5,120.658,1742520004.4058323
6,117.972,1742520004.4058323
7,123.516,1742520004.4058323
0,121.206,1742520004.4559674
1,117.069,1742520004.4559674
2,121.791,1742520004.4559674
3,119.382,1742520004.4559674
4,117.662,1742520004.4559674
5,120.658,1742520004.4559674
6,117.972,1742520004.4559674
7,123.516,1742520004.4559674
0,121.206,1742520004.5061038
1,117.001,1742520004.5061038
2,121.785,1742520004.5061038
3,119.382,1742520004.5061038
4,117.662,1742520004.5061038
5,120.672,1742520004.5061038
6,117.996,1742520004.5061038
7,123.504,1742520004.5061038
0,121.195,1742520004.5562384
1,117.001,1742520004.5562384
2,121.785,1742520004.5562384
3,119.375,1742520004.5562384
4,117.665,1742520004.5562384
5,120.672,1742520004.5562384
6,117.996,1742520004.5562384
7,123.504,1742520004.5562384
0,121.195,1742520004.6063988
1,117.068,1742520004.6063988
2,121.792,1742520004.6063988
3,119.375,1742520004.6063988
4,117.665,1742520004.6063988
5,120.657,1742520004.6063988
6,118.001,1742520004.6063988
7,123.499,1742520004.6063988
0,121.162,1742520004.6565306
1,117.068,1742520004.6565306
2,121.792,1742520004.6565306
3,119.381,1742520004.6565306
4,117.652,1742520004.6565306
5,120.657,1742520004.6565306
6,118.001,1742520004.6565306
7,123.499,1742520004.6565306
0,121.162,1742520004.7066653
1,116.953,1742520004.7066653
2,121.779,1742520004.7066653
3,119.381,1742520004.7066653
4,117.652,1742520004.7066653
5,120.664,1742520004.7066653
6,118.002,1742520004.7066653
7,123.497,1742520004.7066653
0,121.121,1742520004.756795
1,116.953,1742520004.756795
2,121.779,1742520004.756795
3,119.365,1742520004.756795
4,117.652,1742520004.756795
5,120.664,1742520004.756795
6,118.002,1742520004.756795
7,123.497,1742520004.756795
0,121.121,1742520004.8069274
1,117.047,1742520004.8069274
2,121.785,1742520004.8069274
3,119.365,1742520004.8069274
4,117.652,1742520004.8069274
5,120.636,1742520004.8069274
6,117.995,1742520004.8069274
7,123.498,1742520004.8069274
0,121.106,1742520004.8570616
1,117.047,1742520004.8570616
2,121.785,1742520004.8570616
3,119.358,1742520004.8570616
4,117.62,1742520004.8570616
5,120.636,1742520004.8570616
6,117.995,1742520004.8570616
7,123.498,1742520004.8570616
0,121.106,1742520004.9072025
1,116.932,1742520004.9072025
2,121.785,1742520004.9072025
3,119.358,1742520004.9072025
4,117.62,1742520004.9072025
5,120.642,1742520004.9072025
6,117.946,1742520004.9072025
7,123.504,1742520004.9072025
0,121.125,1742520004.957334
1,116.932,1742520004.957334
2,121.785,1742520004.957334
3,119.33,1742520004.957334
4,117.61,1742520004.957334
5,120.642,1742520004.957334
6,117.946,1742520004.957334
7,123.504,1742520004.957334
0,121.125,1742520005.007465
1,117.039,1742520005.007465
2,121.772,1742520005.007465
3,119.33,1742520005.007465
4,117.61,1742520005.007465
5,120.607,1742520005.007465
6,117.926,1742520005.007465
7,123.49,1742520005.007465
0,121.095,1742520005.0575967
1,117.039,1742520005.0575967
2,121.759,1742520005.0575967
3,119.329,1742520005.0575967
4,117.568,1742520005.0575967
5,120.607,1742520005.0575967
6,117.926,1742520005.0575967
7,123.49,1742520005.0575967
0,121.095,1742520005.1077173
1,116.938,1742520005.1077173
2,121.759,1742520005.1077173
3,119.329,1742520005.1077173
4,117.568,1742520005.1077173
5,120.633,1742520005.1077173
6,117.926,1742520005.1077173
7,123.476,1742520005.1077173
0,121.071,1742520005.1578982
1,116.938,1742520005.1578982
2,121.759,1742520005.1578982
3,119.314,1742520005.1578982
4,117.535,1742520005.1578982
5,120.633,1742520005.1578982
6,117.926,1742520005.1578982
7,123.476,1742520005.1578982
0,121.071,1742520005.208086
1,117.006,1742520005.208086
2,121.746,1742520005.208086
3,119.314,1742520005.208086
4,117.535,1742520005.208086
5,120.606,1742520005.208086
6,117.944,1742520005.208086
7,123.476,1742520005.208086
0,121.056,1742520005.2582211
1,117.006,1742520005.2582211
2,121.746,1742520005.2582211
3,119.294,1742520005.2582211
4,117.532,1742520005.2582211
5,120.606,1742520005.2582211
6,117.944,1742520005.2582211
7,123.481,1742520005.2582211
0,121.056,1742520005.3083534
1,116.937,1742520005.3083534
2,121.752,1742520005.3083534
3,119.294,1742520005.3083534
4,117.532,1742520005.3083534
5,120.612,1742520005.3083534
6,117.946,1742520005.3083534
7,123.481,1742520005.3083534
0,121.049,1742520005.3584883
1,116.937,1742520005.3584883
2,121.752,1742520005.3584883
3,119.281,1742520005.3584883
4,117.539,1742520005.3584883
5,120.612,1742520005.3584883
6,117.946,1742520005.3584883
7,123.451,1742520005.3584883
0,121.049,1742520005.4086242
1,116.97,1742520005.4086242
2,121.745,1742520005.4086242
3,119.281,1742520005.4086242
4,117.539,1742520005.4086242
5,120.6,1742520005.4086242
6,117.945,1742520005.4086242
7,123.451,1742520005.4086242
0,121.025,1742520005.4587586
1,116.97,1742520005.4587586
2,121.745,1742520005.4587586
3,119.294,1742520005.4587586
4,117.528,1742520005.4587586
5,120.6,1742520005.4587586
6,117.945,1742520005.4587586
7,123.451,1742520005.4587586
0,121.025,1742520005.5088935
1,116.956,1742520005.5088935
2,121.737,1742520005.5088935
3,119.294,1742520005.5088935
4,117.528,1742520005.5088935
5,120.584,1742520005.5088935
6,117.939,1742520005.5088935
7,123.451,1742520005.5088935
0,121.049,1742520005.5590143
1,116.956,1742520005.5590143
2,121.737,1742520005.5590143
3,119.287,1742520005.5590143
4,117.485,1742520005.5590143
5,120.584,1742520005.5590143
6,117.939,1742520005.5590143
7,123.458,1742520005.5590143
0,121.049,1742520005.6091478
1,116.93,1742520005.6091478
2,121.73,1742520005.6091478
3,119.287,1742520005.6091478
4,117.485,1742520005.6091478
5,120.578,1742520005.6091478
6,117.908,1742520005.6091478
7,123.458,1742520005.6091478
0,121.063,1742520005.6592796
1,116.93,1742520005.6592796
2,121.73,1742520005.6592796
3,119.266,1742520005.6592796
4,117.5,1742520005.6592796
5,120.578,1742520005.6592796
6,117.908,1742520005.6592796
7,123.443,1742520005.6592796
0,121.063,1742520005.7094097
1,116.983,1742520005.7094097
2,121.724,1742520005.7094097
3,119.266,1742520005.7094097
4,117.5,1742520005.7094097
5,120.585,1742520005.7094097
6,117.9,1742520005.7094097
7,123.443,1742520005.7094097
0,121.058,1742520005.759546
1,116.983,1742520005.759546
2,121.724,1742520005.759546
3,119.275,1742520005.759546
4,117.472,1742520005.759546
5,120.585,1742520005.759546
6,117.9,1742520005.759546
7,123.451,1742520005.759546
0,121.058,1742520005.8096788
1,116.911,1742520005.8096788
2,121.717,1742520005.8096788
3,119.275,1742520005.8096788
4,117.472,1742520005.8096788
5,120.585,1742520005.8096788
6,117.901,1742520005.8096788
7,123.451,1742520005.8096788
0,121.068,1742520005.8598032
1,116.911,1742520005.8598032
2,121.717,1742520005.8598032
3,119.268,1742520005.8598032
4,117.483,1742520005.8598032
5,120.585,1742520005.8598032
6,117.901,1742520005.8598032
7,123.442,1742520005.8598032
0,121.068,1742520005.9099307
1,116.989,1742520005.9099307
2,121.691,1742520005.9099307
3,119.268,1742520005.9099307
4,117.483,1742520005.9099307
5,120.571,1742520005.9099307
6,117.929,1742520005.9099307
7,123.442,1742520005.9099307
0,121.055,1742520005.9600642
1,116.989,1742520005.9600642
2,121.691,1742520005.9600642
3,119.255,1742520005.9600642
4,117.477,1742520005.9600642
5,120.571,1742520005.9600642
6,117.929,1742520005.9600642
7,123.429,1742520005.9600642
0,121.055,1742520006.0101986
1,116.871,1742520006.0101986
2,121.697,1742520006.0101986
3,119.255,1742520006.0101986
4,117.477,1742520006.0101986
5,120.578,1742520006.0101986
6,117.958,1742520006.0101986
7,123.429,1742520006.0101986
0,121.093,1742520006.0603325
1,116.871,1742520006.0603325
2,121.697,1742520006.0603325
3,119.263,1742520006.0603325
4,117.493,1742520006.0603325
5,120.578,1742520006.0603325
6,117.958,1742520006.0603325
7,123.429,1742520006.0603325
0,121.093,1742520006.1104689
1,116.964,1742520006.1104689
2,121.686,1742520006.1104689
3,119.263,1742520006.1104689
4,117.493,1742520006.1104689
5,120.57,1742520006.1104689
6,117.93,1742520006.1104689
7,123.429,1742520006.1104689
0,121.075,1742520006.160604
1,116.964,1742520006.160604
2,121.686,1742520006.160604
3,119.241,1742520006.160604
4,117.503,1742520006.160604
5,120.57,1742520006.160604
6,117.93,1742520006.160604
7,123.402,1742520006.160604
0,121.075,1742520006.2107396
1,116.865,1742520006.2107396
2,121.683,1742520006.2107396
3,119.241,1742520006.2107396
4,117.503,1742520006.2107396
5,120.583,1742520006.2107396
6,117.916,1742520006.2107396
7,123.402,1742520006.2107396
0,121.078,1742520006.260869
1,116.865,1742520006.260869
2,121.683,1742520006.260869
3,119.247,1742520006.260869
4,117.48,1742520006.260869
5,120.583,1742520006.260869
6,117.916,1742520006.260869
7,123.4,1742520006.260869
0,121.078,1742520006.3110023
1,116.953,1742520006.3110023
2,121.671,1742520006.3110023
3,119.247,1742520006.3110023
4,117.48,1742520006.3110023
5,120.55,1742520006.3110023
6,117.892,1742520006.3110023
7,123.4,1742520006.3110023
0,121.074,1742520006.3611357
1,116.953,1742520006.3611357
2,121.671,1742520006.3611357
3,119.225,1742520006.3611357
4,117.459,1742520006.3611357
5,120.55,1742520006.3611357
6,117.892,1742520006.3611357
7,123.4,1742520006.3611357
0,121.074,1742520006.4112713
1,116.893,1742520006.4112713
2,121.671,1742520006.4112713
3,119.225,1742520006.4112713
4,117.459,1742520006.4112713
5,120.542,1742520006.4112713
6,117.872,1742520006.4112713
7,123.4,1742520006.4112713
0,121.041,1742520006.4614112
1,116.893,1742520006.4614112
2,121.671,1742520006.4614112
3,119.199,1742520006.4614112
4,117.457,1742520006.4614112
5,120.542,1742520006.4614112
6,117.872,1742520006.4614112
7,123.392,1742520006.4614112
0,121.041,1742520006.5115373
1,116.926,1742520006.5115373
2,121.677,1742520006.5115373
3,119.199,1742520006.5115373
4,117.457,1742520006.5115373
5,120.522,1742520006.5115373
6,117.867,1742520006.5115373
7,123.392,1742520006.5115373
0,121.011,1742520006.561715
1,116.926,1742520006.561715
2,121.677,1742520006.561715
3,119.186,1742520006.561715
4,117.451,1742520006.561715
5,120.522,1742520006.561715
6,117.867,1742520006.561715
7,123.397,1742520006.561715
0,121.011,1742520006.6118388
1,116.901,1742520006.6118388
2,121.667,1742520006.6118388
3,119.186,1742520006.6118388
4,117.451,1742520006.6118388
5,120.544,1742520006.6118388
6,117.897,1742520006.6118388
7,123.397,1742520006.6118388
0,121.014,1742520006.6619709
1,116.901,1742520006.6619709
2,121.667,1742520006.6619709
3,119.199,1742520006.6619709
4,117.46,1742520006.6619709
5,120.544,1742520006.6619709
6,117.897,1742520006.6619709
7,123.391,1742520006.6619709
0,121.014,1742520006.712104
1,116.859,1742520006.712104
2,121.667,1742520006.712104
3,119.199,1742520006.712104
4,117.46,1742520006.712104
5,120.495,1742520006.712104
6,117.884,1742520006.712104
7,123.391,1742520006.712104
0,121.001,1742520006.7622395
1,116.859,1742520006.7622395
2,121.667,1742520006.7622395
3,119.198,1742520006.7622395
4,117.462,1742520006.7622395
5,120.495,1742520006.7622395
6,117.884,1742520006.7622395
7,123.363,1742520006.7622395
0,121.001,1742520006.8123684
1,116.925,1742520006.8123684
2,121.667,1742520006.8123684
3,119.198,1742520006.8123684
4,117.462,1742520006.8123684
5,120.49,1742520006.8123684
6,117.87,1742520006.8123684
7,123.363,1742520006.8123684
0,120.998,1742520006.862501
1,116.925,1742520006.862501
2,121.667,1742520006.862501
3,119.19,1742520006.862501
4,117.458,1742520006.862501
5,120.49,1742520006.862501
6,117.87,1742520006.862501
7,123.35,1742520006.862501
0,120.998,1742520006.912635
1,116.834,1742520006.912635
2,121.647,1742520006.912635
3,119.19,1742520006.912635
4,117.458,1742520006.912635
5,120.484,1742520006.912635
6,117.854,1742520006.912635
7,123.35,1742520006.912635
0,121.007,1742520006.9627693
1,116.834,1742520006.9627693
2,121.647,1742520006.9627693
3,119.191,1742520006.9627693
4,117.445,1742520006.9627693
5,120.484,1742520006.9627693
6,117.854,1742520006.9627693
7,123.342,1742520006.9627693
0,121.007,1742520007.0129008
1,116.934,1742520007.0129008
2,121.644,1742520007.0129008
3,119.191,1742520007.0129008
4,117.445,1742520007.0129008
5,120.484,1742520007.0129008
6,117.824,1742520007.0129008
7,123.342,1742520007.0129008
0,120.975,1742520007.0630352
1,116.934,1742520007.0630352
2,121.644,1742520007.0630352
3,119.161,1742520007.0630352
4,117.409,1742520007.0630352
5,120.484,1742520007.0630352
6,117.824,1742520007.0630352
7,123.329,1742520007.0630352
0,120.975,1742520007.11317
1,116.826,1742520007.11317
2,121.629,1742520007.11317
3,119.161,1742520007.11317
4,117.409,1742520007.11317
5,120.478,1742520007.11317
6,117.846,1742520007.11317
7,123.329,1742520007.11317
0,120.982,1742520007.1633036
1,116.826,1742520007.1633036
2,121.629,1742520007.1633036
3,119.168,1742520007.1633036
4,117.42,1742520007.1633036
5,120.478,1742520007.1633036
6,117.846,1742520007.1633036
7,123.311,1742520007.1633036
0,120.982,1742520007.2134385
1,116.826,1742520007.2134385
2,121.631,1742520007.2134385
3,119.168,1742520007.2134385
4,117.42,1742520007.2134385
5,120.454,1742520007.2134385
6,117.854,1742520007.2134385
7,123.311,1742520007.2134385
0,125.913,1742520007.2635744
1,116.974,1742520007.2635744
2,121.631,1742520007.2635744
3,123.359,1742520007.2635744
4,118.933,1742520007.2635744
5,120.454,1742520007.2635744
6,117.854,1742520007.2635744
7,125.087,1742520007.2635744
0,125.913,1742520007.3137202
1,116.974,1742520007.3137202
2,132.149,1742520007.3137202
3,123.359,1742520007.3137202
4,118.933,1742520007.3137202
5,134.741,1742520007.3137202
6,124.994,1742520007.3137202
7,125.087,1742520007.3137202
0,125.913,1742520007.3638597
1,137.984,1742520007.3638597
2,132.149,1742520007.3638597
3,148.638,1742520007.3638597
4,141.349,1742520007.3638597
5,134.741,1742520007.3638597
6,124.994,1742520007.3638597
7,149.256,1742520007.3638597
0,150.395,1742520007.4139786
1,137.984,1742520007.4139786
2,158.214,1742520007.4139786
3,148.638,1742520007.4139786
4,141.349,1742520007.4139786
5,160.268,1742520007.4139786
6,150.412,1742520007.4139786
7,149.256,1742520007.4139786
0,175.815,1742520007.4641616
1,163.905,1742520007.4641616
2,158.214,1742520007.4641616
3,175.026,1742520007.4641616
4,166.306,1742520007.4641616
5,160.268,1742520007.4641616
6,150.412,1742520007.4641616
7,175.358,1742520007.4641616
0,175.815,1742520007.5142934
1,163.905,1742520007.5142934
2,183.334,1742520007.5142934
3,175.026,1742520007.5142934
4,166.306,1742520007.5142934
5,193.21,1742520007.5142934
6,180.552,1742520007.5142934
7,175.358,1742520007.5142934
0,201.683,1742520007.5644639
1,189.899,1742520007.5644639
2,183.334,1742520007.5644639
3,201.1,1742520007.5644639
4,191.079,1742520007.5644639
5,193.21,1742520007.5644639
6,180.552,1742520007.5644639
7,200.107,1742520007.5644639
0,201.683,1742520007.6147048
1,189.899,1742520007.6147048
2,209.285,1742520007.6147048
3,201.1,1742520007.6147048
4,191.079,1742520007.6147048
5,219.281,1742520007.6147048
6,206.231,1742520007.6147048
7,200.107,1742520007.6147048
0,201.683,1742520007.6648347
1,216.239,1742520007.6648347
2,209.285,1742520007.6648347
3,226.39,1742520007.6648347
4,215.517,1742520007.6648347
5,219.281,1742520007.6648347
6,206.231,1742520007.6648347
7,228.466,1742520007.6648347
0,229.925,1742520007.7149155
1,216.239,1742520007.7149155
2,234.564,1742520007.7149155
3,226.39,1742520007.7149155
4,215.517,1742520007.7149155
5,245.551,1742520007.7149155
6,232.357,1742520007.7149155
7,228.466,1742520007.7149155
0,229.925,1742520007.7650332
1,246.71,1742520007.7650332
2,234.564,1742520007.7650332
3,226.39,1742520007.7650332
4,240.957,1742520007.7650332
5,245.551,1742520007.7650332
6,232.357,1742520007.7650332
7,255.27,1742520007.7650332
0,253.66,1742520007.8151689
1,246.71,1742520007.8151689
2,259.09,1742520007.8151689
3,252.648,1742520007.8151689
4,240.957,1742520007.8151689
5,272.479,1742520007.8151689
6,258.316,1742520007.8151689
7,255.27,1742520007.8151689
0,253.66,1742520007.8653352
1,269.4,1742520007.8653352
2,259.09,1742520007.8653352
3,252.648,1742520007.8653352
4,269.356,1742520007.8653352
5,272.479,1742520007.8653352
6,258.316,1742520007.8653352
7,281.91,1742520007.8653352
0,279.385,1742520007.9154193
1,269.4,1742520007.9154193
2,282.978,1742520007.9154193
3,283.376,1742520007.9154193
4,269.356,1742520007.9154193
5,298.422,1742520007.9154193
6,282.706,1742520007.9154193
7,281.91,1742520007.9154193
0,279.385,1742520007.965552
1,298.271,1742520007.965552
2,282.978,1742520007.965552
3,283.376,1742520007.965552
4,293.751,1742520007.965552
5,298.422,1742520007.965552
6,282.706,1742520007.965552
7,308.086,1742520007.965552
0,305.022,1742520008.0156798
1,298.271,1742520008.0156798
2,308.165,1742520008.0156798
3,309.846,1742520008.0156798
4,293.751,1742520008.0156798
5,298.422,1742520008.0156798
6,308.494,1742520008.0156798
7,308.086,1742520008.0156798
0,305.022,1742520008.0658584
1,323.557,1742520008.0658584
2,308.165,1742520008.0658584
3,309.846,1742520008.0658584
4,318.788,1742520008.0658584
5,325.449,1742520008.0658584
6,308.494,1742520008.0658584
7,330.864,1742520008.0658584
0,331.239,1742520008.1159506
1,323.557,1742520008.1159506
2,333.794,1742520008.1159506
3,336.58,1742520008.1159506
4,318.788,1742520008.1159506
5,325.449,1742520008.1159506
6,335.049,1742520008.1159506
7,330.864,1742520008.1159506
0,331.239,1742520008.1660876
1,344.099,1742520008.1660876
2,333.794,1742520008.1660876
3,336.58,1742520008.1660876
4,343.756,1742520008.1660876
5,351.35,1742520008.1660876
6,335.049,1742520008.1660876
7,357.148,1742520008.1660876
0,356.48,1742520008.2162282
1,344.099,1742520008.2162282
2,359.196,1742520008.2162282
3,358.121,1742520008.2162282
4,343.756,1742520008.2162282
5,351.35,1742520008.2162282
6,361.379,1742520008.2162282
7,357.148,1742520008.2162282
0,356.48,1742520008.2663686
1,372.108,1742520008.2663686
2,359.196,1742520008.2663686
3,358.121,1742520008.2663686
4,365.459,1742520008.2663686
5,378.879,1742520008.2663686
6,361.379,1742520008.2663686
7,382.048,1742520008.2663686
0,379.135,1742520008.3164582
1,372.108,1742520008.3164582
2,372.935,1742520008.3164582
3,379.803,1742520008.3164582
4,365.459,1742520008.3164582
5,378.879,1742520008.3164582
6,375.701,1742520008.3164582
7,382.048,1742520008.3164582
0,379.135,1742520008.366595
1,371.245,1742520008.366595
2,372.935,1742520008.366595
3,379.803,1742520008.366595
4,364.78,1742520008.366595
5,386.305,1742520008.366595
6,375.701,1742520008.366595
7,385.906,1742520008.366595
0,380.531,1742520008.4167657
1,371.245,1742520008.4167657
2,371.57,1742520008.4167657
3,379.512,1742520008.4167657
4,364.78,1742520008.4167657
5,386.305,1742520008.4167657
6,376.31,1742520008.4167657
7,385.906,1742520008.4167657
0,380.531,1742520008.4668987
1,371.731,1742520008.4668987
2,371.57,1742520008.4668987
3,379.512,1742520008.4668987
4,366.444,1742520008.4668987
5,384.017,1742520008.4668987
6,376.31,1742520008.4668987
7,385.481,1742520008.4668987
0,381.592,1742520008.5169883
1,371.731,1742520008.5169883
2,370.648,1742520008.5169883
3,379.342,1742520008.5169883
4,366.444,1742520008.5169883
5,384.017,1742520008.5169883
6,378.04,1742520008.5169883
7,385.481,1742520008.5169883
0,381.592,1742520008.5671299
1,371.338,1742520008.5671299
2,370.648,1742520008.5671299
3,379.342,1742520008.5671299
4,366.844,1742520008.5671299
5,382.735,1742520008.5671299
6,378.04,1742520008.5671299
7,385.842,1742520008.5671299
0,379.855,1742520008.6172628
1,371.338,1742520008.6172628
2,369.986,1742520008.6172628
3,379.016,1742520008.6172628
4,366.844,1742520008.6172628
5,382.735,1742520008.6172628
6,378.522,1742520008.6172628
7,385.842,1742520008.6172628
0,379.855,1742520008.667397
1,370.558,1742520008.667397
2,369.986,1742520008.667397
3,379.016,1742520008.667397
4,366.56,1742520008.667397
5,384.047,1742520008.667397
6,378.522,1742520008.667397
7,384.981,1742520008.667397
0,378.596,1742520008.7174861
1,370.558,1742520008.7174861
2,369.65,1742520008.7174861
3,379.074,1742520008.7174861
4,366.56,1742520008.7174861
5,384.047,1742520008.7174861
6,378.42,1742520008.7174861
7,384.981,1742520008.7174861
0,378.596,1742520008.76764
1,368.202,1742520008.76764
2,369.65,1742520008.76764
3,379.074,1742520008.76764
4,365.407,1742520008.76764
5,383.242,1742520008.76764
6,378.42,1742520008.76764
7,383.749,1742520008.76764
0,378.412,1742520008.8177767
1,368.202,1742520008.8177767
2,370.559,1742520008.8177767
3,377.482,1742520008.8177767
4,365.407,1742520008.8177767
5,383.242,1742520008.8177767
6,378.372,1742520008.8177767
7,383.749,1742520008.8177767
0,378.412,1742520008.8679104
1,368.195,1742520008.8679104
2,370.559,1742520008.8679104
3,377.482,1742520008.8679104
4,364.874,1742520008.8679104
5,383.103,1742520008.8679104
6,378.372,1742520008.8679104
7,381.226,1742520008.8679104
0,378.363,1742520008.918108
1,368.195,1742520008.918108
2,371.48,1742520008.918108
3,377.786,1742520008.918108
4,364.874,1742520008.918108
5,383.103,1742520008.918108
6,379.395,1742520008.918108
7,381.226,1742520008.918108
0,378.363,1742520008.9682417
1,366.606,1742520008.9682417
2,371.48,1742520008.9682417
3,377.786,1742520008.9682417
4,365.073,1742520008.9682417
5,382.2,1742520008.9682417
6,379.395,1742520008.9682417
7,381.926,1742520008.9682417
0,377.668,1742520009.0183413
1,366.606,1742520009.0183413
2,372.273,1742520009.0183413
3,377.487,1742520009.0183413
4,365.073,1742520009.0183413
5,382.2,1742520009.0183413
6,378.881,1742520009.0183413
7,381.926,1742520009.0183413
0,377.668,1742520009.0685172
1,366.285,1742520009.0685172
2,372.273,1742520009.0685172
3,377.487,1742520009.0685172
4,366.806,1742520009.0685172
5,380.357,1742520009.0685172
6,378.881,1742520009.0685172
7,380.93,1742520009.0685172
0,377.002,1742520009.1187036
1,366.285,1742520009.1187036
2,371.95,1742520009.1187036
3,376.901,1742520009.1187036
4,366.806,1742520009.1187036
5,380.357,1742520009.1187036
6,379.382,1742520009.1187036
7,380.93,1742520009.1187036
0,377.002,1742520009.1688385
1,365.854,1742520009.1688385
2,371.95,1742520009.1688385
3,376.901,1742520009.1688385
4,366.739,1742520009.1688385
5,379.448,1742520009.1688385
6,379.382,1742520009.1688385
7,379.729,1742520009.1688385
0,376.241,1742520009.2189627
1,365.854,1742520009.2189627
2,372.278,1742520009.2189627
3,376.393,1742520009.2189627
4,366.739,1742520009.2189627
5,379.448,1742520009.2189627
6,376.45,1742520009.2189627
7,379.729,1742520009.2189627
0,376.241,1742520009.2690885
1,366.349,1742520009.2690885
2,372.278,1742520009.2690885
3,376.393,1742520009.2690885
4,365.386,1742520009.2690885
5,376.588,1742520009.2690885
6,376.45,1742520009.2690885
7,380.228,1742520009.2690885
0,377.146,1742520009.3192112
1,366.349,1742520009.3192112
2,375.936,1742520009.3192112
3,376.805,1742520009.3192112
4,365.386,1742520009.3192112
5,376.588,1742520009.3192112
6,378.412,1742520009.3192112
7,380.228,1742520009.3192112
0,377.146,1742520009.3693445
1,367.147,1742520009.3693445
2,375.936,1742520009.3693445
3,376.805,1742520009.3693445
4,366.409,1742520009.3693445
5,374.848,1742520009.3693445
6,378.412,1742520009.3693445
7,379.708,1742520009.3693445
0,376.478,1742520009.419586
1,367.147,1742520009.419586
2,375.276,1742520009.419586
3,376.085,1742520009.419586
4,366.409,1742520009.419586
5,374.848,1742520009.419586
6,377.46,1742520009.419586
7,379.708,1742520009.419586
0,376.478,1742520009.4697225
1,366.98,1742520009.4697225
2,375.276,1742520009.4697225
3,376.085,1742520009.4697225
4,364.887,1742520009.4697225
5,373.818,1742520009.4697225
6,377.46,1742520009.4697225
7,378.815,1742520009.4697225
0,377.368,1742520009.5198462
1,366.98,1742520009.5198462
2,378.526,1742520009.5198462
3,375.893,1742520009.5198462
4,364.887,1742520009.5198462
5,373.818,1742520009.5198462
6,376.209,1742520009.5198462
7,378.815,1742520009.5198462
0,377.368,1742520009.5699794
1,367.189,1742520009.5699794
2,378.526,1742520009.5699794
3,375.893,1742520009.5699794
4,364.573,1742520009.5699794
5,376.157,1742520009.5699794
6,376.209,1742520009.5699794
7,378.071,1742520009.5699794
0,377.855,1742520009.620112
1,367.189,1742520009.620112
2,378.085,1742520009.620112
3,376.773,1742520009.620112
4,364.573,1742520009.620112
5,376.157,1742520009.620112
6,373.466,1742520009.620112
7,378.071,1742520009.620112
0,377.855,1742520009.6702435
1,365.419,1742520009.6702435
2,378.085,1742520009.6702435
3,376.773,1742520009.6702435
4,364.162,1742520009.6702435
5,374.656,1742520009.6702435
6,373.466,1742520009.6702435
7,377.898,1742520009.6702435
0,377.829,1742520009.720367
1,365.419,1742520009.720367
2,378.816,1742520009.720367
3,375.51,1742520009.720367
4,364.162,1742520009.720367
5,374.656,1742520009.720367
6,372.744,1742520009.720367
7,377.898,1742520009.720367
0,377.829,1742520009.7704937
1,365.419,1742520009.7704937
2,378.816,1742520009.7704937
3,375.51,1742520009.7704937
4,362.873,1742520009.7704937
5,373.429,1742520009.7704937
6,372.744,1742520009.7704937
7,377.945,1742520009.7704937
0,377.668,1742520009.8206172
1,365.399,1742520009.8206172
2,378.368,1742520009.8206172
3,376.263,1742520009.8206172
4,362.873,1742520009.8206172
5,373.429,1742520009.8206172
6,372.947,1742520009.8206172
7,377.945,1742520009.8206172
0,377.668,1742520009.8707507
1,365.399,1742520009.8707507
2,378.368,1742520009.8707507
3,376.263,1742520009.8707507
4,363.724,1742520009.8707507
5,373.208,1742520009.8707507
6,372.947,1742520009.8707507
7,377.335,1742520009.8707507
0,377.27,1742520009.9209201
1,366.466,1742520009.9209201
2,379.358,1742520009.9209201
3,375.543,1742520009.9209201
4,363.724,1742520009.9209201
5,373.208,1742520009.9209201
6,372.325,1742520009.9209201
7,377.335,1742520009.9209201
0,377.27,1742520009.971046
1,366.466,1742520009.971046
2,379.358,1742520009.971046
3,375.543,1742520009.971046
4,364.754,1742520009.971046
5,372.779,1742520009.971046
6,372.325,1742520009.971046
7,376.994,1742520009.971046
0,377.419,1742520010.0211701
1,365.599,1742520010.0211701
2,380.249,1742520010.0211701
3,374.58,1742520010.0211701
4,364.754,1742520010.0211701
5,372.779,1742520010.0211701
6,374.197,1742520010.0211701
7,376.994,1742520010.0211701
0,377.419,1742520010.071306
1,365.599,1742520010.071306
2,380.249,1742520010.071306
3,374.58,1742520010.071306
4,362.316,1742520010.071306
5,375.014,1742520010.071306
6,374.197,1742520010.071306
7,376.687,1742520010.071306
0,376.777,1742520010.1214406
1,364.982,1742520010.1214406
2,382.706,1742520010.1214406
3,374.261,1742520010.1214406
4,362.316,1742520010.1214406
5,375.014,1742520010.1214406
6,372.56,1742520010.1214406
7,376.687,1742520010.1214406
0,376.777,1742520010.1715765
1,364.982,1742520010.1715765
2,382.706,1742520010.1715765
3,374.261,1742520010.1715765
4,363.115,1742520010.1715765
5,376.095,1742520010.1715765
6,372.56,1742520010.1715765
7,376.068,1742520010.1715765
0,376.734,1742520010.2217162
1,365.299,1742520010.2217162
2,383.596,1742520010.2217162
3,374.954,1742520010.2217162
4,363.115,1742520010.2217162
5,376.095,1742520010.2217162
6,373.135,1742520010.2217162
7,376.068,1742520010.2217162
0,376.734,1742520010.2718496
1,365.299,1742520010.2718496
2,383.596,1742520010.2718496
3,374.954,1742520010.2718496
4,362.085,1742520010.2718496
5,375.566,1742520010.2718496
6,373.135,1742520010.2718496
7,376.099,1742520010.2718496
0,376.456,1742520010.3219736
1,365.382,1742520010.3219736
2,381.37,1742520010.3219736
3,374.699,1742520010.3219736
4,362.085,1742520010.3219736
5,375.566,1742520010.3219736
6,371.354,1742520010.3219736
7,376.099,1742520010.3219736
0,376.456,1742520010.3721077
1,365.382,1742520010.3721077
2,381.37,1742520010.3721077
3,374.699,1742520010.3721077
4,362.16,1742520010.3721077
5,375.809,1742520010.3721077
6,371.354,1742520010.3721077
7,376.526,1742520010.3721077
0,377.189,1742520010.4222338
1,365.007,1742520010.4222338
2,383.344,1742520010.4222338
3,375.679,1742520010.4222338
4,362.16,1742520010.4222338
5,375.809,1742520010.4222338
6,371.45,1742520010.4222338
7,376.526,1742520010.4222338
0,377.189,1742520010.4723668
1,365.007,1742520010.4723668
2,383.344,1742520010.4723668
3,375.679,1742520010.4723668
4,362.494,1742520010.4723668
5,377.149,1742520010.4723668
6,371.45,1742520010.4723668
7,378.065,1742520010.4723668
0,376.879,1742520010.5225017
1,364.366,1742520010.5225017
2,383.472,1742520010.5225017
3,376.264,1742520010.5225017
4,362.494,1742520010.5225017
5,377.149,1742520010.5225017
6,369.766,1742520010.5225017
7,378.065,1742520010.5225017
0,376.879,1742520010.5726347
1,364.366,1742520010.5726347
2,383.472,1742520010.5726347
3,376.264,1742520010.5726347
4,362.284,1742520010.5726347
5,377.584,1742520010.5726347
6,369.766,1742520010.5726347
7,377.515,1742520010.5726347
0,377.39,1742520010.6227636
1,364.347,1742520010.6227636
2,383.377,1742520010.6227636
3,375.23,1742520010.6227636
4,362.284,1742520010.6227636
5,377.584,1742520010.6227636
6,369.756,1742520010.6227636
7,377.515,1742520010.6227636
0,377.39,1742520010.6728954
1,364.347,1742520010.6728954
2,383.377,1742520010.6728954
3,375.23,1742520010.6728954
4,364.327,1742520010.6728954
5,377.476,1742520010.6728954
6,369.756,1742520010.6728954
7,378.399,1742520010.6728954
0,378.239,1742520010.723032
1,366.408,1742520010.723032
2,382.52,1742520010.723032
3,376.091,1742520010.723032
4,364.327,1742520010.723032
5,377.476,1742520010.723032
6,370.274,1742520010.723032
7,378.399,1742520010.723032
0,378.239,1742520010.7731676
1,366.408,1742520010.7731676
2,382.52,1742520010.7731676
3,376.091,1742520010.7731676
4,366.124,1742520010.7731676
5,378.629,1742520010.7731676
6,370.274,1742520010.7731676
7,379.394,1742520010.7731676
0,378.602,1742520010.823302
1,369.284,1742520010.823302
2,382.086,1742520010.823302
3,376.149,1742520010.823302
4,366.124,1742520010.823302
5,378.629,1742520010.823302
6,371.535,1742520010.823302
7,379.394,1742520010.823302
0,378.602,1742520010.873437
1,369.284,1742520010.873437
2,382.086,1742520010.873437
3,376.149,1742520010.873437
4,365.787,1742520010.873437
5,379.303,1742520010.873437
6,371.535,1742520010.873437
7,380.959,1742520010.873437
0,379.816,1742520010.923529
1,370.232,1742520010.923529
2,380.417,1742520010.923529
3,377.413,1742520010.923529
4,365.787,1742520010.923529
5,379.303,1742520010.923529
6,371.485,1742520010.923529
7,380.959,1742520010.923529
0,379.816,1742520010.9736507
1,370.232,1742520010.9736507
2,380.417,1742520010.9736507
3,377.413,1742520010.9736507
4,365.528,1742520010.9736507
5,380.969,1742520010.9736507
6,371.485,1742520010.9736507
7,382.813,1742520010.9736507
0,381.204,1742520011.0237405
1,371.936,1742520011.0237405
2,378.35,1742520011.0237405
3,378.343,1742520011.0237405
4,365.528,1742520011.0237405
5,380.969,1742520011.0237405
6,372.356,1742520011.0237405
7,382.813,1742520011.0237405
0,381.204,1742520011.0738616
1,371.936,1742520011.0738616
2,378.35,1742520011.0738616
3,378.343,1742520011.0738616
4,365.528,1742520011.0738616
5,380.631,1742520011.0738616
6,372.356,1742520011.0738616
7,383.325,1742520011.0738616
0,382.865,1742520011.124001
1,372.844,1742520011.124001
2,376.877,1742520011.124001
3,378.746,1742520011.124001
4,366.29,1742520011.124001
5,380.631,1742520011.124001
6,374.012,1742520011.124001
7,383.325,1742520011.124001
0,382.865,1742520011.174139
1,372.844,1742520011.174139
2,376.877,1742520011.174139
3,378.746,1742520011.174139
4,366.29,1742520011.174139
5,382.557,1742520011.174139
6,374.012,1742520011.174139
7,383.325,1742520011.174139
0,382.546,1742520011.224249
1,373.724,1742520011.224249
2,375.855,1742520011.224249
3,378.094,1742520011.224249
4,366.687,1742520011.224249
5,382.557,1742520011.224249
6,374.012,1742520011.224249
7,383.962,1742520011.224249
0,382.546,1742520011.2743719
1,373.724,1742520011.2743719
2,375.855,1742520011.2743719
3,378.094,1742520011.2743719
4,366.687,1742520011.2743719
5,381.985,1742520011.2743719
6,374.854,1742520011.2743719
7,383.962,1742520011.2743719
0,383.615,1742520011.324498
1,374.404,1742520011.324498
2,375.969,1742520011.324498
3,378.102,1742520011.324498
4,368.676,1742520011.324498
5,381.985,1742520011.324498
6,374.854,1742520011.324498
7,383.989,1742520011.324498
0,383.615,1742520011.3746321
1,374.404,1742520011.3746321
2,375.969,1742520011.3746321
3,378.102,1742520011.3746321
4,368.676,1742520011.3746321
5,382.272,1742520011.3746321
6,376.321,1742520011.3746321
7,383.989,1742520011.3746321
0,383.462,1742520011.4247682
1,374.981,1742520011.4247682
2,375.339,1742520011.4247682
3,378.608,1742520011.4247682
4,369.008,1742520011.4247682
5,382.272,1742520011.4247682
6,377.24,1742520011.4247682
7,384.227,1742520011.4247682
0,383.462,1742520011.4748695
1,374.981,1742520011.4748695
2,375.339,1742520011.4748695
3,378.608,1742520011.4748695
4,369.008,1742520011.4748695
5,382.744,1742520011.4748695
6,377.24,1742520011.4748695
7,384.227,1742520011.4748695
0,383.29,1742520011.5250084
1,375.587,1742520011.5250084
2,374.398,1742520011.5250084
3,377.882,1742520011.5250084
4,369.709,1742520011.5250084
5,382.744,1742520011.5250084
6,377.24,1742520011.5250084
7,384.0,1742520011.5250084
0,383.29,1742520011.5751424
1,375.587,1742520011.5751424
2,374.398,1742520011.5751424
3,377.882,1742520011.5751424
4,369.709,1742520011.5751424
5,382.374,1742520011.5751424
6,377.855,1742520011.5751424
7,384.0,1742520011.5751424
0,383.562,1742520011.625279
1,374.768,1742520011.625279
2,371.191,1742520011.625279
3,377.93,1742520011.625279
4,370.657,1742520011.625279
5,382.374,1742520011.625279
6,377.855,1742520011.625279
7,385.479,1742520011.625279
0,383.562,1742520011.6754045
1,374.768,1742520011.6754045
2,371.191,1742520011.6754045
3,377.93,1742520011.6754045
4,370.657,1742520011.6754045
5,384.546,1742520011.6754045
6,377.985,1742520011.6754045
7,385.479,1742520011.6754045
0,383.006,1742520011.7255294
1,374.278,1742520011.7255294
2,371.758,1742520011.7255294
3,379.043,1742520011.7255294
4,370.727,1742520011.7255294
5,384.546,1742520011.7255294
6,377.985,1742520011.7255294
7,385.993,1742520011.7255294
0,383.006,1742520011.7756693
1,374.278,1742520011.7756693
2,371.758,1742520011.7756693
3,379.043,1742520011.7756693
4,370.727,1742520011.7756693
5,384.174,1742520011.7756693
6,377.135,1742520011.7756693
7,386.554,1742520011.7756693
0,383.314,1742520011.825874
1,373.244,1742520011.825874
2,373.34,1742520011.825874
3,378.414,1742520011.825874
4,370.398,1742520011.825874
5,384.174,1742520011.825874
6,377.135,1742520011.825874
7,386.554,1742520011.825874
0,383.314,1742520011.8759565
1,373.244,1742520011.8759565
2,373.34,1742520011.8759565
3,378.414,1742520011.8759565
4,370.398,1742520011.8759565
5,384.521,1742520011.8759565
6,376.756,1742520011.8759565
7,386.828,1742520011.8759565
0,383.499,1742520011.9260876
1,370.893,1742520011.9260876
2,374.033,1742520011.9260876
3,378.924,1742520011.9260876
4,370.509,1742520011.9260876
5,384.521,1742520011.9260876
6,376.756,1742520011.9260876
7,386.828,1742520011.9260876
0,383.499,1742520011.9761705
1,370.893,1742520011.9761705
2,374.033,1742520011.9761705
3,378.924,1742520011.9761705
4,370.509,1742520011.9761705
5,384.411,1742520011.9761705
6,376.261,1742520011.9761705
7,386.198,1742520011.9761705
0,385.62,1742520012.0262923
1,371.498,1742520012.0262923
2,374.987,1742520012.0262923
3,377.913,1742520012.0262923
4,370.649,1742520012.0262923
5,384.411,1742520012.0262923
6,376.261,1742520012.0262923
7,386.198,1742520012.0262923
0,385.62,1742520012.0763822
1,371.498,1742520012.0763822
2,374.987,1742520012.0763822
3,377.913,1742520012.0763822
4,370.649,1742520012.0763822
5,385.559,1742520012.0763822
6,376.07,1742520012.0763822
7,386.198,1742520012.0763822
0,385.102,1742520012.1265182
1,371.116,1742520012.1265182
2,374.589,1742520012.1265182
3,379.99,1742520012.1265182
4,370.741,1742520012.1265182
5,385.559,1742520012.1265182
6,376.07,1742520012.1265182
7,387.17,1742520012.1265182
0,385.102,1742520012.176609
1,371.116,1742520012.176609
2,374.589,1742520012.176609
3,379.99,1742520012.176609
4,370.741,1742520012.176609
5,385.323,1742520012.176609
6,375.841,1742520012.176609
7,387.17,1742520012.176609
0,384.787,1742520012.2267308
1,370.638,1742520012.2267308
2,374.007,1742520012.2267308
3,381.149,1742520012.2267308
4,368.843,1742520012.2267308
5,385.323,1742520012.2267308
6,375.841,1742520012.2267308
7,387.629,1742520012.2267308
0,384.787,1742520012.27682
1,370.638,1742520012.27682
2,374.007,1742520012.27682
3,381.149,1742520012.27682
4,368.843,1742520012.27682
5,385.163,1742520012.27682
6,375.881,1742520012.27682
7,387.629,1742520012.27682
0,383.458,1742520012.3269403
1,371.72,1742520012.3269403
2,374.007,1742520012.3269403
3,383.428,1742520012.3269403
4,368.008,1742520012.3269403
5,385.163,1742520012.3269403
6,375.881,1742520012.3269403
7,389.016,1742520012.3269403
0,383.458,1742520012.377031
1,371.72,1742520012.377031
2,373.647,1742520012.377031
3,383.428,1742520012.377031
4,368.008,1742520012.377031
5,385.059,1742520012.377031
6,376.149,1742520012.377031
7,389.016,1742520012.377031
0,383.577,1742520012.4271665
1,371.185,1742520012.4271665
2,373.647,1742520012.4271665
3,383.778,1742520012.4271665
4,370.716,1742520012.4271665
5,385.059,1742520012.4271665
6,376.149,1742520012.4271665
7,387.802,1742520012.4271665
0,383.577,1742520012.477257
1,371.185,1742520012.477257
2,372.705,1742520012.477257
3,383.778,1742520012.477257
4,370.716,1742520012.477257
5,384.866,1742520012.477257
6,375.549,1742520012.477257
7,387.802,1742520012.477257
0,384.288,1742520012.5273798
1,372.049,1742520012.5273798
2,372.705,1742520012.5273798
3,383.468,1742520012.5273798
4,370.325,1742520012.5273798
5,384.866,1742520012.5273798
6,375.549,1742520012.5273798
7,388.688,1742520012.5273798
0,384.288,1742520012.5774703
1,372.049,1742520012.5774703
2,373.612,1742520012.5774703
3,383.468,1742520012.5774703
4,370.325,1742520012.5774703
5,384.116,1742520012.5774703
6,376.897,1742520012.5774703
7,388.688,1742520012.5774703
0,383.156,1742520012.6276002
1,372.951,1742520012.6276002
2,373.612,1742520012.6276002
3,384.519,1742520012.6276002
4,369.416,1742520012.6276002
5,384.116,1742520012.6276002
6,376.897,1742520012.6276002
7,388.334,1742520012.6276002
0,383.156,1742520012.6776884
1,372.951,1742520012.6776884
2,373.981,1742520012.6776884
3,384.519,1742520012.6776884
4,369.416,1742520012.6776884
5,384.61,1742520012.6776884
6,377.576,1742520012.6776884
7,388.334,1742520012.6776884
0,383.698,1742520012.727824
1,371.848,1742520012.727824
2,373.981,1742520012.727824
3,383.215,1742520012.727824
4,368.295,1742520012.727824
5,384.61,1742520012.727824
6,377.576,1742520012.727824
7,388.394,1742520012.727824
0,383.698,1742520012.7779136
1,371.848,1742520012.7779136
2,374.448,1742520012.7779136
3,383.215,1742520012.7779136
4,368.295,1742520012.7779136
5,384.154,1742520012.7779136
6,379.111,1742520012.7779136
7,388.394,1742520012.7779136
0,383.394,1742520012.82804
1,371.014,1742520012.82804
2,374.448,1742520012.82804
3,383.826,1742520012.82804
4,368.35,1742520012.82804
5,384.154,1742520012.82804
6,379.111,1742520012.82804
7,386.471,1742520012.82804
0,383.394,1742520012.8781295
1,371.014,1742520012.8781295
2,376.057,1742520012.8781295
3,383.826,1742520012.8781295
4,368.35,1742520012.8781295
5,381.075,1742520012.8781295
6,379.559,1742520012.8781295
7,386.471,1742520012.8781295
0,380.896,1742520012.9282644
1,369.085,1742520012.9282644
2,376.057,1742520012.9282644
3,382.538,1742520012.9282644
4,368.278,1742520012.9282644
5,381.075,1742520012.9282644
6,379.559,1742520012.9282644
7,384.379,1742520012.9282644
0,380.896,1742520012.9783545
1,369.085,1742520012.9783545
2,376.448,1742520012.9783545
3,382.538,1742520012.9783545
4,368.278,1742520012.9783545
5,381.15,1742520012.9783545
6,379.184,1742520012.9783545
7,384.379,1742520012.9783545
0,380.635,1742520013.0284889
1,370.01,1742520013.0284889
2,376.448,1742520013.0284889
3,382.538,1742520013.0284889
4,368.031,1742520013.0284889
5,381.15,1742520013.0284889
6,379.184,1742520013.0284889
7,383.981,1742520013.0284889
0,380.635,1742520013.0785792
1,370.01,1742520013.0785792
2,378.148,1742520013.0785792
3,382.539,1742520013.0785792
4,368.031,1742520013.0785792
5,379.868,1742520013.0785792
6,379.699,1742520013.0785792
7,383.981,1742520013.0785792
0,379.119,1742520013.1287146
1,369.682,1742520013.1287146
2,378.148,1742520013.1287146
3,382.539,1742520013.1287146
4,367.76,1742520013.1287146
5,379.868,1742520013.1287146
6,379.699,1742520013.1287146
7,381.179,1742520013.1287146
0,379.119,1742520013.178811
1,369.682,1742520013.178811
2,379.175,1742520013.178811
3,381.657,1742520013.178811
4,367.76,1742520013.178811
5,379.868,1742520013.178811
6,379.006,1742520013.178811
7,381.179,1742520013.178811
0,380.139,1742520013.228934
1,371.284,1742520013.228934
2,379.175,1742520013.228934
3,381.657,1742520013.228934
4,366.346,1742520013.228934
5,377.074,1742520013.228934
6,379.006,1742520013.228934
7,380.114,1742520013.228934
0,380.139,1742520013.2790265
1,371.284,1742520013.2790265
2,378.996,1742520013.2790265
3,380.262,1742520013.2790265
4,366.346,1742520013.2790265
5,377.074,1742520013.2790265
6,379.84,1742520013.2790265
7,380.114,1742520013.2790265
0,380.713,1742520013.3291473
1,371.957,1742520013.3291473
2,378.996,1742520013.3291473
3,380.262,1742520013.3291473
4,365.745,1742520013.3291473
5,377.259,1742520013.3291473
6,379.84,1742520013.3291473
7,382.737,1742520013.3291473
0,380.713,1742520013.379256
1,371.957,1742520013.379256
2,379.279,1742520013.379256
3,379.424,1742520013.379256
4,365.745,1742520013.379256
5,379.534,1742520013.379256
6,378.294,1742520013.379256
7,382.737,1742520013.379256
0,381.372,1742520013.429389
1,373.988,1742520013.429389
2,379.279,1742520013.429389
3,379.424,1742520013.429389
4,365.658,1742520013.429389
5,379.534,1742520013.429389
6,378.294,1742520013.429389
7,382.351,1742520013.429389
0,381.372,1742520013.479497
1,373.988,1742520013.479497
2,378.918,1742520013.479497
3,379.587,1742520013.479497
4,365.658,1742520013.479497
5,381.059,1742520013.479497
6,377.079,1742520013.479497
7,382.351,1742520013.479497
0,382.777,1742520013.5296333
1,371.829,1742520013.5296333
2,378.918,1742520013.5296333
3,379.587,1742520013.5296333
4,366.329,1742520013.5296333
5,381.059,1742520013.5296333
6,377.079,1742520013.5296333
7,384.986,1742520013.5296333
0,382.777,1742520013.579737
1,371.829,1742520013.579737
2,379.104,1742520013.579737
3,380.237,1742520013.579737
4,366.329,1742520013.579737
5,382.477,1742520013.579737
6,378.687,1742520013.579737
7,384.986,1742520013.579737
0,384.387,1742520013.6298738
1,371.467,1742520013.6298738
2,379.104,1742520013.6298738
3,380.237,1742520013.6298738
4,366.78,1742520013.6298738
5,382.477,1742520013.6298738
6,378.687,1742520013.6298738
7,384.605,1742520013.6298738
0,384.387,1742520013.6799638
1,371.467,1742520013.6799638
2,378.772,1742520013.6799638
3,382.083,1742520013.6799638
4,366.78,1742520013.6799638
5,382.477,1742520013.6799638
6,377.312,1742520013.6799638
7,384.605,1742520013.6799638
0,384.833,1742520013.7300973
1,373.152,1742520013.7300973
2,378.772,1742520013.7300973
3,382.083,1742520013.7300973
4,367.583,1742520013.7300973
5,383.482,1742520013.7300973
6,377.312,1742520013.7300973
7,384.92,1742520013.7300973
0,384.833,1742520013.7801874
1,373.152,1742520013.7801874
2,379.235,1742520013.7801874
3,382.6,1742520013.7801874
4,367.583,1742520013.7801874
5,383.482,1742520013.7801874
6,378.732,1742520013.7801874
7,384.92,1742520013.7801874
0,383.82,1742520013.8303213
1,372.442,1742520013.8303213
2,379.235,1742520013.8303213
3,382.6,1742520013.8303213
4,367.497,1742520013.8303213
5,383.593,1742520013.8303213
6,378.732,1742520013.8303213
7,384.647,1742520013.8303213
0,383.82,1742520013.880411
1,372.442,1742520013.880411
2,377.655,1742520013.880411
3,380.616,1742520013.880411
4,367.497,1742520013.880411
5,384.166,1742520013.880411
6,377.806,1742520013.880411
7,384.647,1742520013.880411
0,384.868,1742520013.930544
1,373.257,1742520013.930544
2,377.655,1742520013.930544
3,380.616,1742520013.930544
4,368.34,1742520013.930544
5,384.166,1742520013.930544
6,377.806,1742520013.930544
7,385.918,1742520013.930544
0,384.868,1742520013.9806335
1,373.257,1742520013.9806335
2,376.942,1742520013.9806335
3,381.789,1742520013.9806335
4,368.34,1742520013.9806335
5,384.166,1742520013.9806335
6,379.908,1742520013.9806335
7,385.918,1742520013.9806335
0,382.922,1742520014.0307558
1,372.344,1742520014.0307558
2,376.942,1742520014.0307558
3,381.789,1742520014.0307558
4,367.624,1742520014.0307558
5,385.335,1742520014.0307558
6,379.908,1742520014.0307558
7,384.614,1742520014.0307558
0,382.922,1742520014.0808475
1,372.344,1742520014.0808475
2,375.195,1742520014.0808475
3,381.416,1742520014.0808475
4,367.624,1742520014.0808475
5,385.335,1742520014.0808475
6,380.884,1742520014.0808475
7,384.614,1742520014.0808475
0,383.101,1742520014.1309762
1,372.624,1742520014.1309762
2,375.195,1742520014.1309762
3,381.416,1742520014.1309762
4,369.539,1742520014.1309762
5,384.681,1742520014.1309762
6,380.884,1742520014.1309762
7,386.66,1742520014.1309762
0,383.101,1742520014.1811004
1,372.624,1742520014.1811004
2,375.325,1742520014.1811004
3,380.981,1742520014.1811004
4,369.539,1742520014.1811004
5,384.681,1742520014.1811004
6,380.123,1742520014.1811004
7,386.66,1742520014.1811004
0,382.72,1742520014.231233
1,370.304,1742520014.231233
2,375.325,1742520014.231233
3,380.981,1742520014.231233
4,369.068,1742520014.231233
5,384.345,1742520014.231233
6,380.123,1742520014.231233
7,385.717,1742520014.231233
0,382.72,1742520014.2813635
1,370.304,1742520014.2813635
2,374.932,1742520014.2813635
3,381.416,1742520014.2813635
4,369.068,1742520014.2813635
5,384.345,1742520014.2813635
6,379.99,1742520014.2813635
7,385.717,1742520014.2813635
0,381.81,1742520014.3314967
1,369.841,1742520014.3314967
2,374.932,1742520014.3314967
3,381.416,1742520014.3314967
4,370.138,1742520014.3314967
5,384.058,1742520014.3314967
6,379.99,1742520014.3314967
7,383.088,1742520014.3314967
0,381.81,1742520014.3816032
1,369.841,1742520014.3816032
2,373.429,1742520014.3816032
3,379.065,1742520014.3816032
4,370.138,1742520014.3816032
5,384.058,1742520014.3816032
6,381.147,1742520014.3816032
7,383.088,1742520014.3816032
0,380.839,1742520014.4317343
1,368.84,1742520014.4317343
2,373.429,1742520014.4317343
3,379.065,1742520014.4317343
4,368.482,1742520014.4317343
5,383.153,1742520014.4317343
6,381.147,1742520014.4317343
7,383.157,1742520014.4317343
0,380.839,1742520014.4819238
1,368.84,1742520014.4819238
2,373.07,1742520014.4819238
3,380.012,1742520014.4819238
4,368.482,1742520014.4819238
5,383.153,1742520014.4819238
6,382.483,1742520014.4819238
7,383.157,1742520014.4819238
0,378.666,1742520014.5320568
1,368.889,1742520014.5320568
2,373.07,1742520014.5320568
3,380.012,1742520014.5320568
4,368.326,1742520014.5320568
5,382.47,1742520014.5320568
6,382.483,1742520014.5320568
7,381.47,1742520014.5320568
0,378.666,1742520014.5821502
1,368.889,1742520014.5821502
2,371.961,1742520014.5821502
3,376.146,1742520014.5821502
4,368.326,1742520014.5821502
5,382.47,1742520014.5821502
6,381.881,1742520014.5821502
7,381.47,1742520014.5821502
0,376.333,1742520014.6322846
1,367.896,1742520014.6322846
2,371.961,1742520014.6322846
3,376.146,1742520014.6322846
4,367.852,1742520014.6322846
5,379.17,1742520014.6322846
6,381.881,1742520014.6322846
7,381.364,1742520014.6322846
0,376.333,1742520014.6824145
1,367.896,1742520014.6824145
2,372.271,1742520014.6824145
3,375.12,1742520014.6824145
4,367.852,1742520014.6824145
5,379.17,1742520014.6824145
6,383.156,1742520014.6824145
7,381.364,1742520014.6824145
0,375.788,1742520014.7325466
1,366.719,1742520014.7325466
2,372.271,1742520014.7325466
3,375.12,1742520014.7325466
4,367.838,1742520014.7325466
5,379.704,1742520014.7325466
6,383.156,1742520014.7325466
7,379.219,1742520014.7325466
0,375.788,1742520014.78264
1,366.719,1742520014.78264
2,369.562,1742520014.78264
3,374.189,1742520014.78264
4,367.838,1742520014.78264
5,379.704,1742520014.78264
6,380.853,1742520014.78264
7,379.219,1742520014.78264
0,376.868,1742520014.832775
1,365.567,1742520014.832775
2,369.562,1742520014.832775
3,374.189,1742520014.832775
4,368.045,1742520014.832775
5,378.186,1742520014.832775
6,380.853,1742520014.832775
7,378.876,1742520014.832775
0,376.868,1742520014.8828971
1,365.567,1742520014.8828971
2,370.976,1742520014.8828971
3,375.532,1742520014.8828971
4,368.045,1742520014.8828971
5,378.186,1742520014.8828971
6,383.363,1742520014.8828971
7,378.876,1742520014.8828971
0,375.647,1742520014.9330301
1,366.445,1742520014.9330301
2,370.976,1742520014.9330301
3,375.532,1742520014.9330301
4,368.675,1742520014.9330301
5,377.042,1742520014.9330301
6,383.363,1742520014.9330301
7,378.535,1742520014.9330301
0,375.647,1742520014.9831555
1,366.445,1742520014.9831555
2,369.924,1742520014.9831555
3,373.755,1742520014.9831555
4,368.675,1742520014.9831555
5,377.042,1742520014.9831555
6,380.662,1742520014.9831555
7,378.535,1742520014.9831555
0,376.649,1742520015.0332875
1,366.018,1742520015.0332875
2,369.924,1742520015.0332875
3,373.755,1742520015.0332875
4,369.034,1742520015.0332875
5,377.47,1742520015.0332875
6,380.662,1742520015.0332875
7,377.922,1742520015.0332875
0,376.649,1742520015.0834086
1,366.018,1742520015.0834086
2,371.133,1742520015.0834086
3,374.66,1742520015.0834086
4,369.034,1742520015.0834086
5,377.47,1742520015.0834086
6,380.352,1742520015.0834086
7,377.922,1742520015.0834086
0,377.413,1742520015.1335306
1,364.932,1742520015.1335306
2,371.133,1742520015.1335306
3,374.66,1742520015.1335306
4,367.93,1742520015.1335306
5,376.029,1742520015.1335306
6,380.352,1742520015.1335306
7,375.201,1742520015.1335306
0,377.413,1742520015.1836553
1,364.932,1742520015.1836553
2,368.96,1742520015.1836553
3,373.289,1742520015.1836553
4,367.93,1742520015.1836553
5,376.029,1742520015.1836553
6,380.064,1742520015.1836553
7,375.201,1742520015.1836553
0,375.871,1742520015.2338316
1,365.229,1742520015.2338316
2,368.96,1742520015.2338316
3,373.289,1742520015.2338316
4,368.901,1742520015.2338316
5,375.095,1742520015.2338316
6,380.064,1742520015.2338316
7,375.481,1742520015.2338316
0,375.871,1742520015.2839432
1,365.229,1742520015.2839432
2,369.378,1742520015.2839432
3,373.54,1742520015.2839432
4,368.901,1742520015.2839432
5,375.095,1742520015.2839432
6,378.67,1742520015.2839432
7,375.481,1742520015.2839432
0,375.038,1742520015.3340864
1,365.032,1742520015.3340864
2,369.378,1742520015.3340864
3,373.54,1742520015.3340864
4,367.922,1742520015.3340864
5,373.933,1742520015.3340864
6,378.67,1742520015.3340864
7,375.02,1742520015.3340864
0,375.038,1742520015.3843212
1,365.032,1742520015.3843212
2,368.69,1742520015.3843212
3,372.582,1742520015.3843212
4,367.922,1742520015.3843212
5,373.933,1742520015.3843212
6,378.167,1742520015.3843212
7,375.02,1742520015.3843212
0,373.866,1742520015.4344566
1,364.176,1742520015.4344566
2,368.69,1742520015.4344566
3,372.582,1742520015.4344566
4,368.736,1742520015.4344566
5,373.385,1742520015.4344566
6,378.167,1742520015.4344566
7,373.246,1742520015.4344566
0,373.866,1742520015.4845476
1,364.176,1742520015.4845476
2,367.394,1742520015.4845476
3,371.344,1742520015.4845476
4,368.736,1742520015.4845476
5,373.385,1742520015.4845476
6,374.691,1742520015.4845476
7,373.246,1742520015.4845476
0,375.444,1742520015.5346813
1,363.92,1742520015.5346813
2,367.394,1742520015.5346813
3,371.344,1742520015.5346813
4,368.808,1742520015.5346813
5,374.171,1742520015.5346813
6,374.691,1742520015.5346813
7,374.976,1742520015.5346813
0,375.444,1742520015.58477
1,363.92,1742520015.58477
2,367.51,1742520015.58477
3,372.523,1742520015.58477
4,368.808,1742520015.58477
5,374.171,1742520015.58477
6,375.819,1742520015.58477
7,374.976,1742520015.58477
0,377.436,1742520015.6349037
1,364.404,1742520015.6349037
2,367.51,1742520015.6349037
3,372.523,1742520015.6349037
4,368.068,1742520015.6349037
5,374.761,1742520015.6349037
6,375.819,1742520015.6349037
7,376.003,1742520015.6349037
0,377.436,1742520015.6849928
1,364.404,1742520015.6849928
2,367.637,1742520015.6849928
3,373.056,1742520015.6849928
4,368.068,1742520015.6849928
5,374.761,1742520015.6849928
6,375.278,1742520015.6849928
7,376.003,1742520015.6849928
0,377.436,1742520015.7351155
1,364.696,1742520015.7351155
2,367.637,1742520015.7351155
3,373.056,1742520015.7351155
4,367.298,1742520015.7351155
5,374.984,1742520015.7351155
6,375.278,1742520015.7351155
7,377.585,1742520015.7351155
0,379.081,1742520015.7852042
1,364.696,1742520015.7852042
2,366.797,1742520015.7852042
3,375.354,1742520015.7852042
4,367.298,1742520015.7852042
5,374.984,1742520015.7852042
6,374.598,1742520015.7852042
7,377.585,1742520015.7852042
0,379.081,1742520015.8353262
1,364.573,1742520015.8353262
2,366.797,1742520015.8353262
3,375.354,1742520015.8353262
4,366.691,1742520015.8353262
5,376.021,1742520015.8353262
6,374.598,1742520015.8353262
7,378.024,1742520015.8353262
0,377.957,1742520015.8854203
1,364.573,1742520015.8854203
2,366.615,1742520015.8854203
3,374.71,1742520015.8854203
4,366.691,1742520015.8854203
5,376.021,1742520015.8854203
6,373.585,1742520015.8854203
7,378.024,1742520015.8854203
0,377.957,1742520015.9355545
1,364.409,1742520015.9355545
2,366.615,1742520015.9355545
3,374.71,1742520015.9355545
4,365.885,1742520015.9355545
5,377.139,1742520015.9355545
6,373.585,1742520015.9355545
7,379.492,1742520015.9355545
0,380.891,1742520015.9856455
1,364.409,1742520015.9856455
2,365.421,1742520015.9856455
3,376.224,1742520015.9856455
4,365.885,1742520015.9856455
5,377.139,1742520015.9856455
6,373.666,1742520015.9856455
7,379.492,1742520015.9856455
0,380.891,1742520016.0357785
1,364.892,1742520016.0357785
2,365.421,1742520016.0357785
3,376.224,1742520016.0357785
4,365.5,1742520016.0357785
5,377.998,1742520016.0357785
6,373.666,1742520016.0357785
7,381.295,1742520016.0357785
0,381.452,1742520016.0858867
1,364.892,1742520016.0858867
2,365.472,1742520016.0858867
3,376.428,1742520016.0858867
4,365.5,1742520016.0858867
5,377.998,1742520016.0858867
6,372.133,1742520016.0858867
7,381.295,1742520016.0858867
0,381.452,1742520016.1360204
1,364.485,1742520016.1360204
2,365.472,1742520016.1360204
3,376.428,1742520016.1360204
4,366.019,1742520016.1360204
5,380.729,1742520016.1360204
6,372.133,1742520016.1360204
7,385.234,1742520016.1360204
0,381.535,1742520016.1862142
1,364.485,1742520016.1862142
2,365.156,1742520016.1862142
3,377.751,1742520016.1862142
4,366.019,1742520016.1862142
5,380.729,1742520016.1862142
6,371.691,1742520016.1862142
7,385.234,1742520016.1862142
0,381.535,1742520016.236351
1,366.514,1742520016.236351
2,365.156,1742520016.236351
3,377.751,1742520016.236351
4,365.458,1742520016.236351
5,381.246,1742520016.236351
6,371.691,1742520016.236351
7,386.244,1742520016.236351
0,383.426,1742520016.2864878
1,366.514,1742520016.2864878
2,364.293,1742520016.2864878
3,379.084,1742520016.2864878
4,365.458,1742520016.2864878
5,381.246,1742520016.2864878
6,372.662,1742520016.2864878
7,386.244,1742520016.2864878
0,383.426,1742520016.3366222
1,367.776,1742520016.3366222
2,364.293,1742520016.3366222
3,379.084,1742520016.3366222
4,365.101,1742520016.3366222
5,382.682,1742520016.3366222
6,372.662,1742520016.3366222
7,387.912,1742520016.3366222
0,382.908,1742520016.3867583
1,367.776,1742520016.3867583
2,363.967,1742520016.3867583
3,381.944,1742520016.3867583
4,365.101,1742520016.3867583
5,382.682,1742520016.3867583
6,370.793,1742520016.3867583
7,387.912,1742520016.3867583
0,382.908,1742520016.436938
1,370.379,1742520016.436938
2,363.967,1742520016.436938
3,381.944,1742520016.436938
4,364.195,1742520016.436938
5,383.905,1742520016.436938
6,370.793,1742520016.436938
7,389.082,1742520016.436938
0,385.734,1742520016.4870448
1,370.379,1742520016.4870448
2,364.711,1742520016.4870448
3,382.794,1742520016.4870448
4,364.195,1742520016.4870448
5,383.905,1742520016.4870448
6,373.531,1742520016.4870448
7,389.082,1742520016.4870448
0,385.734,1742520016.5371685
1,371.935,1742520016.5371685
2,364.711,1742520016.5371685
3,382.794,1742520016.5371685
4,365.517,1742520016.5371685
5,384.087,1742520016.5371685
6,373.531,1742520016.5371685
7,389.84,1742520016.5371685
0,385.905,1742520016.587315
1,371.935,1742520016.587315
2,364.303,1742520016.587315
3,381.135,1742520016.587315
4,365.517,1742520016.587315
5,384.087,1742520016.587315
6,372.783,1742520016.587315
7,389.84,1742520016.587315
0,385.905,1742520016.6374397
1,373.168,1742520016.6374397
2,364.303,1742520016.6374397
3,381.135,1742520016.6374397
4,365.635,1742520016.6374397
5,385.968,1742520016.6374397
6,372.783,1742520016.6374397
7,389.177,1742520016.6374397
0,384.979,1742520016.6875775
1,373.168,1742520016.6875775
2,364.109,1742520016.6875775
3,382.89,1742520016.6875775
4,365.635,1742520016.6875775
5,385.968,1742520016.6875775
6,372.048,1742520016.6875775
7,389.177,1742520016.6875775
0,384.979,1742520016.7377455
1,373.168,1742520016.7377455
2,364.109,1742520016.7377455
3,382.89,1742520016.7377455
4,366.067,1742520016.7377455
5,385.198,1742520016.7377455
6,372.048,1742520016.7377455
7,389.193,1742520016.7377455
0,385.092,1742520016.7878866
1,375.523,1742520016.7878866
2,364.997,1742520016.7878866
3,382.144,1742520016.7878866
4,366.067,1742520016.7878866
5,385.198,1742520016.7878866
6,371.163,1742520016.7878866
7,389.193,1742520016.7878866
0,385.092,1742520016.838074
1,375.523,1742520016.838074
2,364.997,1742520016.838074
3,382.144,1742520016.838074
4,365.609,1742520016.838074
5,384.649,1742520016.838074
6,371.163,1742520016.838074
7,390.293,1742520016.838074
0,384.677,1742520016.8881636
1,376.869,1742520016.8881636
2,365.287,1742520016.8881636
3,383.484,1742520016.8881636
4,365.609,1742520016.8881636
5,384.649,1742520016.8881636
6,371.023,1742520016.8881636
7,390.293,1742520016.8881636
0,384.677,1742520016.9382994
1,376.869,1742520016.9382994
2,365.287,1742520016.9382994
3,383.484,1742520016.9382994
4,365.144,1742520016.9382994
5,385.797,1742520016.9382994
6,371.023,1742520016.9382994
7,388.995,1742520016.9382994
0,384.106,1742520016.9884357
1,378.425,1742520016.9884357
2,365.506,1742520016.9884357
3,383.034,1742520016.9884357
4,365.144,1742520016.9884357
5,385.797,1742520016.9884357
6,369.911,1742520016.9884357
7,388.995,1742520016.9884357
0,384.106,1742520017.0385706
1,378.425,1742520017.0385706
2,365.506,1742520017.0385706
3,383.034,1742520017.0385706
4,363.958,1742520017.0385706
5,384.56,1742520017.0385706
6,369.911,1742520017.0385706
7,388.021,1742520017.0385706
0,384.869,1742520017.0887022
1,378.422,1742520017.0887022
2,365.461,1742520017.0887022
3,381.703,1742520017.0887022
4,363.958,1742520017.0887022
5,384.56,1742520017.0887022
6,368.976,1742520017.0887022
7,388.021,1742520017.0887022
0,384.869,1742520017.1388266
1,378.422,1742520017.1388266
2,365.461,1742520017.1388266
3,381.703,1742520017.1388266
4,363.767,1742520017.1388266
5,384.062,1742520017.1388266
6,368.976,1742520017.1388266
7,388.021,1742520017.1388266
0,385.063,1742520017.1890466
1,378.791,1742520017.1890466
2,366.643,1742520017.1890466
3,381.381,1742520017.1890466
4,363.767,1742520017.1890466
5,384.062,1742520017.1890466
6,369.376,1742520017.1890466
7,387.689,1742520017.1890466
0,385.063,1742520017.2391849
1,378.413,1742520017.2391849
2,366.643,1742520017.2391849
3,381.381,1742520017.2391849
4,361.839,1742520017.2391849
5,383.548,1742520017.2391849
6,369.376,1742520017.2391849
7,387.689,1742520017.2391849
0,383.673,1742520017.2892742
1,378.413,1742520017.2892742
2,366.875,1742520017.2892742
3,380.383,1742520017.2892742
4,361.839,1742520017.2892742
5,383.548,1742520017.2892742
6,368.014,1742520017.2892742
7,386.783,1742520017.2892742
0,383.673,1742520017.3393984
1,378.341,1742520017.3393984
2,366.875,1742520017.3393984
3,380.383,1742520017.3393984
4,361.378,1742520017.3393984
5,382.783,1742520017.3393984
6,368.014,1742520017.3393984
7,386.783,1742520017.3393984
0,381.052,1742520017.3895438
1,378.341,1742520017.3895438
2,367.181,1742520017.3895438
3,379.388,1742520017.3895438
4,361.378,1742520017.3895438
5,382.783,1742520017.3895438
6,368.327,1742520017.3895438
7,386.021,1742520017.3895438
0,381.052,1742520017.4396782
1,377.429,1742520017.4396782
2,367.181,1742520017.4396782
3,379.388,1742520017.4396782
4,361.887,1742520017.4396782
5,381.73,1742520017.4396782
6,368.327,1742520017.4396782
7,386.021,1742520017.4396782
0,381.851,1742520017.4898047
1,377.429,1742520017.4898047
2,368.086,1742520017.4898047
3,378.031,1742520017.4898047
4,361.887,1742520017.4898047
5,381.73,1742520017.4898047
6,367.1,1742520017.4898047
7,386.385,1742520017.4898047
0,381.851,1742520017.5399394
1,376.95,1742520017.5399394
2,368.086,1742520017.5399394
3,378.031,1742520017.5399394
4,360.345,1742520017.5399394
5,380.288,1742520017.5399394
6,367.1,1742520017.5399394
7,386.385,1742520017.5399394
0,379.633,1742520017.5900729
1,376.95,1742520017.5900729
2,370.278,1742520017.5900729
3,377.831,1742520017.5900729
4,360.345,1742520017.5900729
5,380.288,1742520017.5900729
6,366.607,1742520017.5900729
7,385.202,1742520017.5900729
0,379.633,1742520017.6402073
1,375.909,1742520017.6402073
2,370.278,1742520017.6402073
3,377.831,1742520017.6402073
4,361.197,1742520017.6402073
5,380.993,1742520017.6402073
6,366.607,1742520017.6402073
7,385.202,1742520017.6402073
0,380.133,1742520017.6903038
1,375.909,1742520017.6903038
2,370.492,1742520017.6903038
3,376.651,1742520017.6903038
4,361.197,1742520017.6903038
5,380.993,1742520017.6903038
6,367.586,1742520017.6903038
7,386.268,1742520017.6903038
0,380.133,1742520017.7404518
1,377.25,1742520017.7404518
2,370.492,1742520017.7404518
3,376.651,1742520017.7404518
4,360.396,1742520017.7404518
5,379.715,1742520017.7404518
6,367.586,1742520017.7404518
7,386.268,1742520017.7404518
0,380.357,1742520017.7906067
1,377.25,1742520017.7906067
2,371.557,1742520017.7906067
3,375.853,1742520017.7906067
4,360.396,1742520017.7906067
5,379.715,1742520017.7906067
6,366.712,1742520017.7906067
7,385.768,1742520017.7906067
0,380.357,1742520017.8407407
1,374.544,1742520017.8407407
2,371.557,1742520017.8407407
3,375.853,1742520017.8407407
4,360.396,1742520017.8407407
5,379.57,1742520017.8407407
6,366.712,1742520017.8407407
7,385.768,1742520017.8407407
0,375.681,1742520017.8908403
1,374.544,1742520017.8908403
2,369.721,1742520017.8908403
3,373.463,1742520017.8908403
4,358.988,1742520017.8908403
5,379.57,1742520017.8908403
6,367.055,1742520017.8908403
7,383.009,1742520017.8908403
0,375.681,1742520017.9409182
1,371.162,1742520017.9409182
2,369.721,1742520017.9409182
3,373.463,1742520017.9409182
4,358.988,1742520017.9409182
5,375.718,1742520017.9409182
6,367.055,1742520017.9409182
7,383.009,1742520017.9409182
0,371.121,1742520017.990994
1,371.162,1742520017.990994
2,369.392,1742520017.990994
3,371.499,1742520017.990994
4,357.263,1742520017.990994
5,375.718,1742520017.990994
6,367.531,1742520017.990994
7,379.579,1742520017.990994
0,371.121,1742520018.0411277
1,369.837,1742520018.0411277
2,369.392,1742520018.0411277
3,371.499,1742520018.0411277
4,357.263,1742520018.0411277
5,375.178,1742520018.0411277
6,367.531,1742520018.0411277
7,379.579,1742520018.0411277
0,369.543,1742520018.0912206
1,369.837,1742520018.0912206
2,370.007,1742520018.0912206
3,369.928,1742520018.0912206
4,356.179,1742520018.0912206
5,375.178,1742520018.0912206
6,366.518,1742520018.0912206
7,377.775,1742520018.0912206
0,369.543,1742520018.1413589
1,369.386,1742520018.1413589
2,370.007,1742520018.1413589
3,369.928,1742520018.1413589
4,356.179,1742520018.1413589
5,373.414,1742520018.1413589
6,366.518,1742520018.1413589
7,377.775,1742520018.1413589
0,368.095,1742520018.1914864
1,369.386,1742520018.1914864
2,367.106,1742520018.1914864
3,366.499,1742520018.1914864
4,352.949,1742520018.1914864
5,373.414,1742520018.1914864
6,366.984,1742520018.1914864
7,374.868,1742520018.1914864
0,368.095,1742520018.2416139
1,368.339,1742520018.2416139
2,367.106,1742520018.2416139
3,366.499,1742520018.2416139
4,352.949,1742520018.2416139
5,372.375,1742520018.2416139
6,366.984,1742520018.2416139
7,374.868,1742520018.2416139
0,368.234,1742520018.291753
1,368.339,1742520018.291753
2,367.423,1742520018.291753
3,365.215,1742520018.291753
4,354.242,1742520018.291753
5,372.375,1742520018.291753
6,367.496,1742520018.291753
7,375.61,1742520018.291753
0,368.234,1742520018.3419857
1,367.108,1742520018.3419857
2,367.423,1742520018.3419857
3,365.215,1742520018.3419857
4,354.242,1742520018.3419857
5,372.847,1742520018.3419857
6,367.496,1742520018.3419857
7,375.61,1742520018.3419857
0,366.579,1742520018.392072
1,367.108,1742520018.392072
2,367.752,1742520018.392072
3,366.529,1742520018.392072
4,355.158,1742520018.392072
5,372.847,1742520018.392072
6,369.126,1742520018.392072
7,375.64,1742520018.392072
0,366.579,1742520018.4421978
1,366.734,1742520018.4421978
2,367.752,1742520018.4421978
3,366.529,1742520018.4421978
4,355.158,1742520018.4421978
5,373.632,1742520018.4421978
6,369.126,1742520018.4421978
7,375.64,1742520018.4421978
0,368.045,1742520018.4922912
1,366.734,1742520018.4922912
2,369.208,1742520018.4922912
3,368.404,1742520018.4922912
4,357.106,1742520018.4922912
5,373.632,1742520018.4922912
6,371.183,1742520018.4922912
7,375.967,1742520018.4922912
0,368.045,1742520018.5424137
1,366.356,1742520018.5424137
2,369.208,1742520018.5424137
3,368.404,1742520018.5424137
4,357.106,1742520018.5424137
5,374.507,1742520018.5424137
6,371.183,1742520018.5424137
7,375.967,1742520018.5424137
0,368.041,1742520018.5925033
1,366.356,1742520018.5925033
2,369.265,1742520018.5925033
3,371.019,1742520018.5925033
4,358.158,1742520018.5925033
5,374.507,1742520018.5925033
6,371.183,1742520018.5925033
7,375.19,1742520018.5925033
0,368.041,1742520018.6426275
1,366.132,1742520018.6426275
2,369.265,1742520018.6426275
3,371.019,1742520018.6426275
4,358.158,1742520018.6426275
5,374.42,1742520018.6426275
6,372.302,1742520018.6426275
7,375.19,1742520018.6426275
0,367.742,1742520018.6927176
1,366.132,1742520018.6927176
2,369.336,1742520018.6927176
3,371.509,1742520018.6927176
4,360.7,1742520018.6927176
5,374.42,1742520018.6927176
6,372.302,1742520018.6927176
7,374.69,1742520018.6927176
0,367.742,1742520018.7428536
1,366.132,1742520018.7428536
2,369.336,1742520018.7428536
3,371.509,1742520018.7428536
4,360.7,1742520018.7428536
5,373.529,1742520018.7428536
6,371.89,1742520018.7428536
7,374.69,1742520018.7428536
0,370.104,1742520018.7929451
1,363.28,1742520018.7929451
2,369.685,1742520018.7929451
3,372.047,1742520018.7929451
4,360.832,1742520018.7929451
5,373.529,1742520018.7929451
6,371.89,1742520018.7929451
7,373.836,1742520018.7929451
0,370.104,1742520018.8430808
1,363.28,1742520018.8430808
2,369.685,1742520018.8430808
3,372.047,1742520018.8430808
4,360.832,1742520018.8430808
5,375.965,1742520018.8430808
6,371.486,1742520018.8430808
7,373.836,1742520018.8430808
0,372.191,1742520018.8931713
1,365.688,1742520018.8931713
2,372.465,1742520018.8931713
3,374.221,1742520018.8931713
4,364.602,1742520018.8931713
5,375.965,1742520018.8931713
6,371.486,1742520018.8931713
7,375.982,1742520018.8931713
0,372.191,1742520018.9432921
1,365.688,1742520018.9432921
2,372.465,1742520018.9432921
3,374.221,1742520018.9432921
4,364.602,1742520018.9432921
5,379.116,1742520018.9432921
6,373.064,1742520018.9432921
7,375.982,1742520018.9432921
0,373.813,1742520018.993381
1,368.212,1742520018.993381
2,373.563,1742520018.993381
3,375.139,1742520018.993381
4,367.216,1742520018.993381
5,379.116,1742520018.993381
6,373.064,1742520018.993381
7,379.086,1742520018.993381
0,373.813,1742520019.043517
1,368.212,1742520019.043517
2,373.563,1742520019.043517
3,375.139,1742520019.043517
4,367.216,1742520019.043517
5,379.015,1742520019.043517
6,375.008,1742520019.043517
7,379.086,1742520019.043517
0,376.147,1742520019.0936363
1,369.287,1742520019.0936363
2,374.944,1742520019.0936363
3,376.161,1742520019.0936363
4,369.077,1742520019.0936363
5,379.015,1742520019.0936363
6,375.008,1742520019.0936363
7,379.953,1742520019.0936363
0,376.147,1742520019.1437929
1,369.287,1742520019.1437929
2,374.944,1742520019.1437929
3,376.161,1742520019.1437929
4,369.077,1742520019.1437929
5,380.521,1742520019.1437929
6,376.762,1742520019.1437929
7,379.953,1742520019.1437929
0,377.483,1742520019.1939783
1,370.593,1742520019.1939783
2,378.206,1742520019.1939783
3,377.223,1742520019.1939783
4,371.075,1742520019.1939783
5,380.521,1742520019.1939783
6,376.762,1742520019.1939783
7,380.789,1742520019.1939783
0,377.483,1742520019.2441354
1,370.593,1742520019.2441354
2,378.206,1742520019.2441354
3,377.223,1742520019.2441354
4,371.075,1742520019.2441354
5,382.554,1742520019.2441354
6,376.165,1742520019.2441354
7,380.789,1742520019.2441354
0,380.241,1742520019.2942257
1,371.77,1742520019.2942257
2,377.669,1742520019.2942257
3,376.724,1742520019.2942257
4,369.691,1742520019.2942257
5,382.554,1742520019.2942257
6,376.165,1742520019.2942257
7,382.803,1742520019.2942257
0,380.241,1742520019.3443663
1,371.77,1742520019.3443663
2,377.669,1742520019.3443663
3,376.724,1742520019.3443663
4,369.691,1742520019.3443663
5,381.369,1742520019.3443663
6,378.228,1742520019.3443663
7,382.803,1742520019.3443663
0,379.067,1742520019.39446
1,372.237,1742520019.39446
2,378.266,1742520019.39446
3,377.097,1742520019.39446
4,369.334,1742520019.39446
5,381.369,1742520019.39446
6,378.228,1742520019.39446
7,381.971,1742520019.39446
0,379.067,1742520019.444597
1,372.237,1742520019.444597
2,378.266,1742520019.444597
3,377.097,1742520019.444597
4,369.334,1742520019.444597
5,380.299,1742520019.444597
6,376.841,1742520019.444597
7,381.971,1742520019.444597
0,377.684,1742520019.4947202
1,372.188,1742520019.4947202
2,377.949,1742520019.4947202
3,375.211,1742520019.4947202
4,368.009,1742520019.4947202
5,380.299,1742520019.4947202
6,376.841,1742520019.4947202
7,381.731,1742520019.4947202
0,377.684,1742520019.5448534
1,372.188,1742520019.5448534
2,377.949,1742520019.5448534
3,375.211,1742520019.5448534
4,368.009,1742520019.5448534
5,378.359,1742520019.5448534
6,375.293,1742520019.5448534
7,381.731,1742520019.5448534
0,376.936,1742520019.5949862
1,372.12,1742520019.5949862
2,377.949,1742520019.5949862
3,374.3,1742520019.5949862
4,367.617,1742520019.5949862
5,378.359,1742520019.5949862
6,375.293,1742520019.5949862
7,381.657,1742520019.5949862
0,376.936,1742520019.6451223
1,372.12,1742520019.6451223
2,377.883,1742520019.6451223
3,374.3,1742520019.6451223
4,367.617,1742520019.6451223
5,378.053,1742520019.6451223
6,373.131,1742520019.6451223
7,381.657,1742520019.6451223
0,377.772,1742520019.6952145
1,372.387,1742520019.6952145
2,377.883,1742520019.6952145
3,373.052,1742520019.6952145
4,365.884,1742520019.6952145
5,378.053,1742520019.6952145
6,373.131,1742520019.6952145
7,380.803,1742520019.6952145
0,377.772,1742520019.7453349
1,372.387,1742520019.7453349
2,378.57,1742520019.7453349
3,373.052,1742520019.7453349
4,365.884,1742520019.7453349
5,376.948,1742520019.7453349
6,371.176,1742520019.7453349
7,380.803,1742520019.7453349
0,377.023,1742520019.7954252
1,371.891,1742520019.7954252
2,378.57,1742520019.7954252
3,371.533,1742520019.7954252
4,364.987,1742520019.7954252
5,376.948,1742520019.7954252
6,371.176,1742520019.7954252
7,380.78,1742520019.7954252
0,377.023,1742520019.8455448
1,371.891,1742520019.8455448
2,377.791,1742520019.8455448
3,371.533,1742520019.8455448
4,364.987,1742520019.8455448
5,377.579,1742520019.8455448
6,368.028,1742520019.8455448
7,380.78,1742520019.8455448
0,376.865,1742520019.895753
1,370.937,1742520019.895753
2,377.791,1742520019.895753
3,371.865,1742520019.895753
4,363.36,1742520019.895753
5,377.579,1742520019.895753
6,368.028,1742520019.895753
7,381.592,1742520019.895753
0,376.865,1742520019.9459386
1,370.937,1742520019.9459386
2,378.371,1742520019.9459386
3,371.865,1742520019.9459386
4,363.36,1742520019.9459386
5,375.696,1742520019.9459386
6,367.716,1742520019.9459386
7,381.592,1742520019.9459386
0,375.203,1742520019.996049
1,371.313,1742520019.996049
2,377.625,1742520019.996049
3,372.547,1742520019.996049
4,362.218,1742520019.996049
5,375.696,1742520019.996049
6,367.716,1742520019.996049
7,381.365,1742520019.996049
0,375.203,1742520020.0461867
1,371.313,1742520020.0461867
2,377.625,1742520020.0461867
3,372.547,1742520020.0461867
4,362.218,1742520020.0461867
5,374.136,1742520020.0461867
6,366.906,1742520020.0461867
7,381.365,1742520020.0461867
0,376.412,1742520020.0962775
1,371.076,1742520020.0962775
2,379.613,1742520020.0962775
3,372.097,1742520020.0962775
4,361.906,1742520020.0962775
5,374.136,1742520020.0962775
6,366.906,1742520020.0962775
7,378.668,1742520020.0962775
0,376.412,1742520020.1464114
1,371.076,1742520020.1464114
2,379.613,1742520020.1464114
3,372.097,1742520020.1464114
4,361.906,1742520020.1464114
5,373.55,1742520020.1464114
6,366.102,1742520020.1464114
7,378.668,1742520020.1464114
0,375.681,1742520020.1965
1,369.781,1742520020.1965
2,377.75,1742520020.1965
3,372.088,1742520020.1965
4,360.924,1742520020.1965
5,373.55,1742520020.1965
6,366.102,1742520020.1965
7,380.602,1742520020.1965
0,375.681,1742520020.2466364
1,369.781,1742520020.2466364
2,377.75,1742520020.2466364
3,372.088,1742520020.2466364
4,360.924,1742520020.2466364
5,373.46,1742520020.2466364
6,364.985,1742520020.2466364
7,380.602,1742520020.2466364
0,373.16,1742520020.2967727
1,370.597,1742520020.2967727
2,377.75,1742520020.2967727
3,372.264,1742520020.2967727
4,360.235,1742520020.2967727
5,373.46,1742520020.2967727
6,364.985,1742520020.2967727
7,379.275,1742520020.2967727
0,373.16,1742520020.3468964
1,370.597,1742520020.3468964
2,377.631,1742520020.3468964
3,372.264,1742520020.3468964
4,360.235,1742520020.3468964
5,374.461,1742520020.3468964
6,366.062,1742520020.3468964
7,379.275,1742520020.3468964
0,375.935,1742520020.3970325
1,369.825,1742520020.3970325
2,377.631,1742520020.3970325
3,372.264,1742520020.3970325
4,360.338,1742520020.3970325
5,374.461,1742520020.3970325
6,366.062,1742520020.3970325
7,379.136,1742520020.3970325
0,375.935,1742520020.447168
1,369.825,1742520020.447168
2,377.645,1742520020.447168
3,371.804,1742520020.447168
4,360.338,1742520020.447168
5,374.684,1742520020.447168
6,366.173,1742520020.447168
7,379.136,1742520020.447168
0,375.413,1742520020.4972582
1,368.567,1742520020.4972582
2,377.645,1742520020.4972582
3,371.804,1742520020.4972582
4,360.323,1742520020.4972582
5,374.684,1742520020.4972582
6,366.173,1742520020.4972582
7,379.243,1742520020.4972582
0,375.413,1742520020.5473928
1,368.567,1742520020.5473928
2,377.754,1742520020.5473928
3,372.656,1742520020.5473928
4,360.323,1742520020.5473928
5,375.437,1742520020.5473928
6,366.771,1742520020.5473928
7,379.243,1742520020.5473928
0,376.135,1742520020.5974846
1,367.117,1742520020.5974846
2,377.754,1742520020.5974846
3,372.656,1742520020.5974846
4,360.199,1742520020.5974846
5,375.437,1742520020.5974846
6,366.771,1742520020.5974846
7,379.216,1742520020.5974846
0,376.135,1742520020.6476192
1,367.117,1742520020.6476192
2,377.85,1742520020.6476192
3,372.762,1742520020.6476192
4,360.199,1742520020.6476192
5,375.781,1742520020.6476192
6,368.067,1742520020.6476192
7,379.216,1742520020.6476192
0,376.216,1742520020.6977568
1,367.113,1742520020.6977568
2,377.85,1742520020.6977568
3,372.762,1742520020.6977568
4,360.982,1742520020.6977568
5,375.781,1742520020.6977568
6,368.067,1742520020.6977568
7,380.536,1742520020.6977568
0,376.216,1742520020.747884
1,367.113,1742520020.747884
2,376.955,1742520020.747884
3,371.941,1742520020.747884
4,360.982,1742520020.747884
5,377.36,1742520020.747884
6,368.55,1742520020.747884
7,380.536,1742520020.747884
0,376.778,1742520020.7980378
1,366.125,1742520020.7980378
2,376.955,1742520020.7980378
3,371.941,1742520020.7980378
4,361.134,1742520020.7980378
5,377.36,1742520020.7980378
6,368.55,1742520020.7980378
7,377.73,1742520020.7980378
0,376.778,1742520020.8481724
1,366.125,1742520020.8481724
2,378.142,1742520020.8481724
3,372.276,1742520020.8481724
4,361.134,1742520020.8481724
5,377.109,1742520020.8481724
6,371.011,1742520020.8481724
7,377.73,1742520020.8481724
0,376.397,1742520020.8982644
1,365.336,1742520020.8982644
2,378.142,1742520020.8982644
3,372.276,1742520020.8982644
4,362.575,1742520020.8982644
5,377.109,1742520020.8982644
6,371.011,1742520020.8982644
7,379.477,1742520020.8982644
0,376.397,1742520020.9483995
1,365.336,1742520020.9483995
2,376.71,1742520020.9483995
3,371.725,1742520020.9483995
4,362.575,1742520020.9483995
5,376.986,1742520020.9483995
6,371.026,1742520020.9483995
7,379.477,1742520020.9483995
0,375.421,1742520020.9984896
1,364.311,1742520020.9984896
2,376.71,1742520020.9984896
3,371.725,1742520020.9984896
4,361.966,1742520020.9984896
5,376.986,1742520020.9984896
6,371.026,1742520020.9984896
7,377.419,1742520020.9984896
0,375.421,1742520021.048614
1,364.311,1742520021.048614
2,375.054,1742520021.048614
3,370.573,1742520021.048614
4,361.966,1742520021.048614
5,376.352,1742520021.048614
6,371.907,1742520021.048614
7,377.419,1742520021.048614
0,375.96,1742520021.0987449
1,364.525,1742520021.0987449
2,375.054,1742520021.0987449
3,370.573,1742520021.0987449
4,362.297,1742520021.0987449
5,376.352,1742520021.0987449
6,371.907,1742520021.0987449
7,379.658,1742520021.0987449
0,375.96,1742520021.1488822
1,364.525,1742520021.1488822
2,373.356,1742520021.1488822
3,369.756,1742520021.1488822
4,362.297,1742520021.1488822
5,375.946,1742520021.1488822
6,372.552,1742520021.1488822
7,379.658,1742520021.1488822
0,376.421,1742520021.1990108
1,364.727,1742520021.1990108
2,373.356,1742520021.1990108
3,369.756,1742520021.1990108
4,363.057,1742520021.1990108
5,375.946,1742520021.1990108
6,372.552,1742520021.1990108
7,377.994,1742520021.1990108
0,376.421,1742520021.2491803
1,364.727,1742520021.2491803
2,373.89,1742520021.2491803
3,370.434,1742520021.2491803
4,363.057,1742520021.2491803
5,375.801,1742520021.2491803
6,376.257,1742520021.2491803
7,377.994,1742520021.2491803
0,376.66,1742520021.2992716
1,364.939,1742520021.2992716
2,373.89,1742520021.2992716
3,370.434,1742520021.2992716
4,364.339,1742520021.2992716
5,375.801,1742520021.2992716
6,376.257,1742520021.2992716
7,381.253,1742520021.2992716
0,376.66,1742520021.3494067
1,364.939,1742520021.3494067
2,373.292,1742520021.3494067
3,369.331,1742520021.3494067
4,364.339,1742520021.3494067
5,375.637,1742520021.3494067
6,376.805,1742520021.3494067
7,381.253,1742520021.3494067
0,376.58,1742520021.3994977
1,365.857,1742520021.3994977
2,373.292,1742520021.3994977
3,369.331,1742520021.3994977
4,364.941,1742520021.3994977
5,375.637,1742520021.3994977
6,376.805,1742520021.3994977
7,381.266,1742520021.3994977
0,376.58,1742520021.4496331
1,365.857,1742520021.4496331
2,374.055,1742520021.4496331
3,370.07,1742520021.4496331
4,364.941,1742520021.4496331
5,374.393,1742520021.4496331
6,378.744,1742520021.4496331
7,381.266,1742520021.4496331
0,376.211,1742520021.4997406
1,367.452,1742520021.4997406
2,374.055,1742520021.4997406
3,370.07,1742520021.4997406
4,364.675,1742520021.4997406
5,374.393,1742520021.4997406
6,378.744,1742520021.4997406
7,379.553,1742520021.4997406
0,376.211,1742520021.5498662
1,367.452,1742520021.5498662
2,373.176,1742520021.5498662
3,370.143,1742520021.5498662
4,364.675,1742520021.5498662
5,375.869,1742520021.5498662
6,379.9,1742520021.5498662
7,379.553,1742520021.5498662
0,376.211,1742520021.5999942
1,367.252,1742520021.5999942
2,373.176,1742520021.5999942
3,370.143,1742520021.5999942
4,366.315,1742520021.5999942
5,375.869,1742520021.5999942
6,379.9,1742520021.5999942
7,381.467,1742520021.5999942
0,375.846,1742520021.650134
1,367.252,1742520021.650134
2,372.806,1742520021.650134
3,373.297,1742520021.650134
4,366.315,1742520021.650134
5,375.412,1742520021.650134
6,379.534,1742520021.650134
7,381.467,1742520021.650134
0,375.846,1742520021.7002203
1,367.813,1742520021.7002203
2,372.806,1742520021.7002203
3,373.297,1742520021.7002203
4,365.084,1742520021.7002203
5,375.412,1742520021.7002203
6,379.534,1742520021.7002203
7,379.645,1742520021.7002203
0,375.776,1742520021.7503552
1,367.813,1742520021.7503552
2,373.346,1742520021.7503552
3,374.515,1742520021.7503552
4,365.084,1742520021.7503552
5,375.56,1742520021.7503552
6,379.672,1742520021.7503552
7,379.645,1742520021.7503552
0,375.776,1742520021.8004937
1,369.26,1742520021.8004937
2,373.346,1742520021.8004937
3,374.515,1742520021.8004937
4,364.759,1742520021.8004937
5,375.56,1742520021.8004937
6,379.672,1742520021.8004937
7,382.676,1742520021.8004937
0,375.201,1742520021.8506181
1,369.26,1742520021.8506181
2,373.409,1742520021.8506181
3,373.98,1742520021.8506181
4,364.759,1742520021.8506181
5,375.117,1742520021.8506181
6,378.789,1742520021.8506181
7,382.676,1742520021.8506181
0,375.201,1742520021.9007094
1,369.564,1742520021.9007094
2,373.409,1742520021.9007094
3,373.98,1742520021.9007094
4,364.881,1742520021.9007094
5,375.117,1742520021.9007094
6,378.789,1742520021.9007094
7,381.956,1742520021.9007094
0,376.031,1742520021.9508438
1,369.564,1742520021.9508438
2,374.189,1742520021.9508438
3,375.871,1742520021.9508438
4,364.881,1742520021.9508438
5,375.79,1742520021.9508438
6,377.791,1742520021.9508438
7,381.956,1742520021.9508438
0,376.031,1742520022.0010116
1,371.206,1742520022.0010116
2,374.189,1742520022.0010116
3,375.871,1742520022.0010116
4,365.177,1742520022.0010116
5,375.79,1742520022.0010116
6,377.791,1742520022.0010116
7,384.035,1742520022.0010116
0,377.589,1742520022.0511382
1,371.206,1742520022.0511382
2,375.627,1742520022.0511382
3,376.861,1742520022.0511382
4,365.177,1742520022.0511382
5,377.102,1742520022.0511382
6,377.43,1742520022.0511382
7,384.035,1742520022.0511382
0,377.589,1742520022.1012294
1,372.954,1742520022.1012294
2,375.627,1742520022.1012294
3,376.861,1742520022.1012294
4,363.368,1742520022.1012294
5,377.102,1742520022.1012294
6,377.43,1742520022.1012294
7,384.554,1742520022.1012294
0,377.91,1742520022.1513624
1,372.954,1742520022.1513624
2,376.071,1742520022.1513624
3,376.923,1742520022.1513624
4,363.368,1742520022.1513624
5,378.774,1742520022.1513624
6,376.732,1742520022.1513624
7,384.554,1742520022.1513624
0,377.91,1742520022.201499
1,373.968,1742520022.201499
2,376.071,1742520022.201499
3,376.923,1742520022.201499
4,364.419,1742520022.201499
5,378.774,1742520022.201499
6,376.732,1742520022.201499
7,381.312,1742520022.201499
0,374.199,1742520022.2516334
1,373.968,1742520022.2516334
2,371.15,1742520022.2516334
3,373.723,1742520022.2516334
4,364.419,1742520022.2516334
5,370.476,1742520022.2516334
6,367.488,1742520022.2516334
7,381.312,1742520022.2516334
0,374.199,1742520022.3017354
1,350.297,1742520022.3017354
2,371.15,1742520022.3017354
3,373.723,1742520022.3017354
4,339.134,1742520022.3017354
5,370.476,1742520022.3017354
6,367.488,1742520022.3017354
7,355.981,1742520022.3017354
0,348.372,1742520022.3518577
1,350.297,1742520022.3518577
2,345.704,1742520022.3518577
3,348.708,1742520022.3518577
4,339.134,1742520022.3518577
5,344.952,1742520022.3518577
6,342.035,1742520022.3518577
7,355.981,1742520022.3518577
0,348.372,1742520022.4019678
1,327.435,1742520022.4019678
2,345.704,1742520022.4019678
3,348.708,1742520022.4019678
4,314.163,1742520022.4019678
5,344.952,1742520022.4019678
6,342.035,1742520022.4019678
7,332.769,1742520022.4019678
0,323.989,1742520022.4521034
1,327.435,1742520022.4521034
2,320.886,1742520022.4521034
3,324.369,1742520022.4521034
4,314.163,1742520022.4521034
5,319.972,1742520022.4521034
6,315.776,1742520022.4521034
7,332.769,1742520022.4521034
0,323.989,1742520022.5022635
1,299.292,1742520022.5022635
2,320.886,1742520022.5022635
3,324.369,1742520022.5022635
4,292.191,1742520022.5022635
5,319.972,1742520022.5022635
6,315.776,1742520022.5022635
7,305.812,1742520022.5022635
0,298.974,1742520022.5523891
1,299.292,1742520022.5523891
2,296.35,1742520022.5523891
3,298.746,1742520022.5523891
4,292.191,1742520022.5523891
5,294.302,1742520022.5523891
6,315.776,1742520022.5523891
7,305.812,1742520022.5523891
0,298.974,1742520022.6025212
1,278.159,1742520022.6025212
2,296.35,1742520022.6025212
3,298.746,1742520022.6025212
4,267.944,1742520022.6025212
5,294.302,1742520022.6025212
6,282.146,1742520022.6025212
7,280.589,1742520022.6025212
0,273.446,1742520022.652701
1,278.159,1742520022.652701
2,271.639,1742520022.652701
3,273.844,1742520022.652701
4,267.944,1742520022.652701
5,270.568,1742520022.652701
6,260.684,1742520022.652701
7,280.589,1742520022.652701
0,273.446,1742520022.702833
1,249.466,1742520022.702833
2,271.639,1742520022.702833
3,273.844,1742520022.702833
4,267.944,1742520022.702833
5,270.568,1742520022.702833
6,260.684,1742520022.702833
7,257.258,1742520022.702833
0,247.766,1742520022.7529666
1,249.466,1742520022.7529666
2,246.362,1742520022.7529666
3,247.325,1742520022.7529666
4,238.345,1742520022.7529666
5,245.17,1742520022.7529666
6,234.437,1742520022.7529666
7,257.258,1742520022.7529666
0,247.766,1742520022.8031397
1,223.067,1742520022.8031397
2,246.362,1742520022.8031397
3,247.325,1742520022.8031397
4,220.474,1742520022.8031397
5,245.17,1742520022.8031397
6,234.437,1742520022.8031397
7,228.477,1742520022.8031397
0,222.626,1742520022.8532593
1,223.067,1742520022.8532593
2,221.15,1742520022.8532593
3,221.983,1742520022.8532593
4,220.474,1742520022.8532593
5,218.071,1742520022.8532593
6,209.367,1742520022.8532593
7,228.477,1742520022.8532593
0,222.626,1742520022.903396
1,198.643,1742520022.903396
2,221.15,1742520022.903396
3,221.983,1742520022.903396
4,196.867,1742520022.903396
5,218.071,1742520022.903396
6,209.367,1742520022.903396
7,205.94,1742520022.903396
0,199.11,1742520022.9535303
1,198.643,1742520022.9535303
2,196.113,1742520022.9535303
3,197.046,1742520022.9535303
4,196.867,1742520022.9535303
5,186.305,1742520022.9535303
6,183.736,1742520022.9535303
7,205.94,1742520022.9535303
0,199.11,1742520023.0036588
1,173.301,1742520023.0036588
2,196.113,1742520023.0036588
3,197.046,1742520023.0036588
4,172.918,1742520023.0036588
5,186.305,1742520023.0036588
6,183.736,1742520023.0036588
7,177.394,1742520023.0036588
0,170.91,1742520023.0537865
1,173.301,1742520023.0537865
2,171.011,1742520023.0537865
3,172.234,1742520023.0537865
4,172.918,1742520023.0537865
5,160.319,1742520023.0537865
6,157.788,1742520023.0537865
7,177.394,1742520023.0537865
0,170.91,1742520023.1039193
1,147.16,1742520023.1039193
2,171.011,1742520023.1039193
3,172.234,1742520023.1039193
4,148.638,1742520023.1039193
5,160.319,1742520023.1039193
6,157.788,1742520023.1039193
7,155.218,1742520023.1039193
0,148.63,1742520023.1540523
1,147.16,1742520023.1540523
2,142.378,1742520023.1540523
3,146.926,1742520023.1540523
4,148.638,1742520023.1540523
5,133.472,1742520023.1540523
6,136.816,1742520023.1540523
7,155.218,1742520023.1540523
0,148.63,1742520023.204186
1,119.641,1742520023.204186
2,142.378,1742520023.204186
3,146.926,1742520023.204186
4,124.295,1742520023.204186
5,133.472,1742520023.204186
6,136.816,1742520023.204186
7,129.429,1742520023.204186
0,123.353,1742520023.2542813
1,119.641,1742520023.2542813
2,123.197,1742520023.2542813
3,121.584,1742520023.2542813
4,124.295,1742520023.2542813
5,122.549,1742520023.2542813
6,119.581,1742520023.2542813
7,129.429,1742520023.2542813
0,123.353,1742520023.304431
1,118.442,1742520023.304431
2,123.197,1742520023.304431
3,121.584,1742520023.304431
4,119.391,1742520023.304431
5,122.549,1742520023.304431
6,119.581,1742520023.304431
7,125.717,1742520023.304431
0,122.766,1742520023.3545632
1,118.442,1742520023.3545632
2,122.749,1742520023.3545632
3,120.948,1742520023.3545632
4,119.391,1742520023.3545632
5,122.407,1742520023.3545632
6,119.437,1742520023.3545632
7,125.717,1742520023.3545632
0,122.766,1742520023.404672
1,118.435,1742520023.404672
2,122.749,1742520023.404672
3,120.948,1742520023.404672
4,119.23,1742520023.404672
5,122.407,1742520023.404672
6,119.437,1742520023.404672
7,125.717,1742520023.404672
0,122.611,1742520023.454804
1,118.435,1742520023.454804
2,122.594,1742520023.454804
3,120.872,1742520023.454804
4,119.23,1742520023.454804
5,122.248,1742520023.454804
6,119.359,1742520023.454804
7,125.576,1742520023.454804
0,122.611,1742520023.5049138
1,118.22,1742520023.5049138
2,122.594,1742520023.5049138
3,120.872,1742520023.5049138
4,119.085,1742520023.5049138
5,122.248,1742520023.5049138
6,119.359,1742520023.5049138
7,125.576,1742520023.5049138
0,122.514,1742520023.5550456
1,118.22,1742520023.5550456
2,122.495,1742520023.5550456
3,120.774,1742520023.5550456
4,119.085,1742520023.5550456
5,122.176,1742520023.5550456
6,119.28,1742520023.5550456
7,125.485,1742520023.5550456
0,122.514,1742520023.6051786
1,118.233,1742520023.6051786
2,122.495,1742520023.6051786
3,120.774,1742520023.6051786
4,119.008,1742520023.6051786
5,122.176,1742520023.6051786
6,119.28,1742520023.6051786
7,125.485,1742520023.6051786
0,122.459,1742520023.6553137
1,118.233,1742520023.6553137
2,122.391,1742520023.6553137
3,120.681,1742520023.6553137
4,119.008,1742520023.6553137
5,122.088,1742520023.6553137
6,119.167,1742520023.6553137
7,125.34,1742520023.6553137
0,122.459,1742520023.705449
1,118.111,1742520023.705449
2,122.391,1742520023.705449
3,120.681,1742520023.705449
4,118.915,1742520023.705449
5,122.088,1742520023.705449
6,119.167,1742520023.705449
7,125.34,1742520023.705449
0,122.406,1742520023.755572
1,118.111,1742520023.755572
2,122.347,1742520023.755572
3,120.634,1742520023.755572
4,118.915,1742520023.755572
5,122.039,1742520023.755572
6,119.092,1742520023.755572
7,125.286,1742520023.755572
0,122.406,1742520023.8057241
1,118.089,1742520023.8057241
2,122.347,1742520023.8057241
3,120.634,1742520023.8057241
4,118.867,1742520023.8057241
5,122.039,1742520023.8057241
6,119.092,1742520023.8057241
7,125.286,1742520023.8057241
0,122.371,1742520023.8558574
1,118.089,1742520023.8558574
2,122.287,1742520023.8558574
3,120.555,1742520023.8558574
4,118.867,1742520023.8558574
5,121.967,1742520023.8558574
6,119.018,1742520023.8558574
7,125.225,1742520023.8558574
0,122.371,1742520023.905992
1,118.062,1742520023.905992
2,122.287,1742520023.905992
3,120.555,1742520023.905992
4,118.817,1742520023.905992
5,121.967,1742520023.905992
6,119.018,1742520023.905992
7,125.225,1742520023.905992
0,122.327,1742520023.956131
1,118.062,1742520023.956131
2,122.242,1742520023.956131
3,120.485,1742520023.956131
4,118.817,1742520023.956131
5,121.98,1742520023.956131
6,118.995,1742520023.956131
7,125.155,1742520023.956131
0,122.327,1742520024.0062554
1,117.991,1742520024.0062554
2,122.242,1742520024.0062554
3,120.485,1742520024.0062554
4,118.783,1742520024.0062554
5,121.98,1742520024.0062554
6,118.995,1742520024.0062554
7,125.155,1742520024.0062554
0,122.285,1742520024.0563815
1,117.991,1742520024.0563815
2,122.185,1742520024.0563815
3,120.457,1742520024.0563815
4,118.783,1742520024.0563815
5,121.928,1742520024.0563815
6,118.987,1742520024.0563815
7,125.115,1742520024.0563815
0,122.285,1742520024.1065128
1,118.002,1742520024.1065128
2,122.185,1742520024.1065128
3,120.457,1742520024.1065128
4,118.75,1742520024.1065128
5,121.928,1742520024.1065128
6,118.987,1742520024.1065128
7,125.115,1742520024.1065128
0,122.252,1742520024.1566477
1,118.002,1742520024.1566477
2,122.158,1742520024.1566477
3,120.417,1742520024.1566477
4,118.75,1742520024.1566477
5,121.915,1742520024.1566477
6,118.946,1742520024.1566477
7,125.074,1742520024.1566477
0,122.252,1742520024.206782
1,117.862,1742520024.206782
2,122.158,1742520024.206782
3,120.417,1742520024.206782
4,118.722,1742520024.206782
5,121.915,1742520024.206782
6,118.946,1742520024.206782
7,125.074,1742520024.206782
0,122.237,1742520024.256903
1,117.862,1742520024.256903
2,122.119,1742520024.256903
3,120.379,1742520024.256903
4,118.722,1742520024.256903
5,121.915,1742520024.256903
6,118.901,1742520024.256903
7,125.027,1742520024.256903
0,122.237,1742520024.3070354
1,117.951,1742520024.3070354
2,122.119,1742520024.3070354
3,120.379,1742520024.3070354
4,118.687,1742520024.3070354
5,121.849,1742520024.3070354
6,118.901,1742520024.3070354
7,125.027,1742520024.3070354
0,122.227,1742520024.357228
1,117.951,1742520024.357228
2,123.712,1742520024.357228
3,120.374,1742520024.357228
4,118.687,1742520024.357228
5,121.849,1742520024.357228
6,120.834,1742520024.357228
7,124.978,1742520024.357228
0,122.227,1742520024.4073505
1,130.4,1742520024.4073505
2,123.712,1742520024.4073505
3,120.374,1742520024.4073505
4,134.457,1742520024.4073505
5,123.843,1742520024.4073505
6,120.834,1742520024.4073505
7,124.978,1742520024.4073505
0,140.039,1742520024.4574873
1,130.4,1742520024.4574873
2,146.935,1742520024.4574873
3,142.852,1742520024.4574873
4,134.457,1742520024.4574873
5,123.843,1742520024.4574873
6,146.844,1742520024.4574873
7,143.264,1742520024.4574873
0,140.039,1742520024.507611
1,154.973,1742520024.507611
2,146.935,1742520024.507611
3,142.852,1742520024.507611
4,160.256,1742520024.507611
5,148.556,1742520024.507611
6,146.844,1742520024.507611
7,143.264,1742520024.507611
0,164.914,1742520024.5577474
1,154.973,1742520024.5577474
2,172.406,1742520024.5577474
3,168.183,1742520024.5577474
4,160.256,1742520024.5577474
5,148.556,1742520024.5577474
6,146.844,1742520024.5577474
7,169.383,1742520024.5577474
0,164.914,1742520024.6078722
1,154.973,1742520024.6078722
2,172.406,1742520024.6078722
3,168.183,1742520024.6078722
4,185.263,1742520024.6078722
5,172.675,1742520024.6078722
6,172.965,1742520024.6078722
7,169.383,1742520024.6078722
0,190.395,1742520024.657982
1,180.724,1742520024.657982
2,195.739,1742520024.657982
3,192.47,1742520024.657982
4,185.263,1742520024.657982
5,172.675,1742520024.657982
6,172.965,1742520024.657982
7,194.689,1742520024.657982
0,190.395,1742520024.708117
1,180.724,1742520024.708117
2,195.739,1742520024.708117
3,192.47,1742520024.708117
4,210.128,1742520024.708117
5,198.92,1742520024.708117
6,199.191,1742520024.708117
7,194.689,1742520024.708117
0,215.261,1742520024.7582803
1,213.134,1742520024.7582803
2,222.315,1742520024.7582803
3,218.615,1742520024.7582803
4,210.128,1742520024.7582803
5,198.92,1742520024.7582803
6,199.191,1742520024.7582803
7,219.424,1742520024.7582803
0,215.261,1742520024.808414
1,213.134,1742520024.808414
2,222.315,1742520024.808414
3,218.615,1742520024.808414
4,210.128,1742520024.808414
5,223.965,1742520024.808414
6,226.328,1742520024.808414
7,219.424,1742520024.808414
0,240.219,1742520024.858542
1,237.389,1742520024.858542
2,245.24,1742520024.858542
3,240.852,1742520024.858542
4,234.382,1742520024.858542
5,223.965,1742520024.858542
6,226.328,1742520024.858542
7,244.515,1742520024.858542
0,240.219,1742520024.908664
1,237.389,1742520024.908664
2,245.24,1742520024.908664
3,240.852,1742520024.908664
4,234.382,1742520024.908664
5,249.628,1742520024.908664
6,250.29,1742520024.908664
7,244.515,1742520024.908664
0,265.675,1742520024.9587905
1,259.561,1742520024.9587905
2,273.755,1742520024.9587905
3,269.513,1742520024.9587905
4,256.558,1742520024.9587905
5,249.628,1742520024.9587905
6,250.29,1742520024.9587905
7,270.325,1742520024.9587905
0,265.675,1742520025.0089147
1,259.561,1742520025.0089147
2,273.755,1742520025.0089147
3,269.513,1742520025.0089147
4,256.558,1742520025.0089147
5,275.117,1742520025.0089147
6,275.003,1742520025.0089147
7,270.325,1742520025.0089147
0,297.071,1742520025.0589995
1,287.63,1742520025.0589995
2,296.517,1742520025.0589995
3,291.325,1742520025.0589995
4,281.129,1742520025.0589995
5,275.117,1742520025.0589995
6,275.003,1742520025.0589995
7,296.835,1742520025.0589995
0,297.071,1742520025.109129
1,287.63,1742520025.109129
2,296.517,1742520025.109129
3,291.325,1742520025.109129
4,281.129,1742520025.109129
5,297.958,1742520025.109129
6,308.202,1742520025.109129
7,296.835,1742520025.109129
0,322.849,1742520025.1592648
1,312.225,1742520025.1592648
2,322.258,1742520025.1592648
3,315.264,1742520025.1592648
4,305.593,1742520025.1592648
5,297.958,1742520025.1592648
6,308.202,1742520025.1592648
7,322.249,1742520025.1592648
0,322.849,1742520025.2094283
1,312.225,1742520025.2094283
2,322.258,1742520025.2094283
3,315.264,1742520025.2094283
4,305.593,1742520025.2094283
5,326.474,1742520025.2094283
6,329.721,1742520025.2094283
7,322.249,1742520025.2094283
0,348.193,1742520025.259555
1,336.8,1742520025.259555
2,347.703,1742520025.259555
3,339.703,1742520025.259555
4,329.234,1742520025.259555
5,326.474,1742520025.259555
6,329.721,1742520025.259555
7,347.559,1742520025.259555
0,348.193,1742520025.3096828
1,336.8,1742520025.3096828
2,347.703,1742520025.3096828
3,339.703,1742520025.3096828
4,329.234,1742520025.3096828
5,351.154,1742520025.3096828
6,353.535,1742520025.3096828
7,347.559,1742520025.3096828
0,373.489,1742520025.3598154
1,356.18,1742520025.3598154
2,372.306,1742520025.3598154
3,363.985,1742520025.3598154
4,352.036,1742520025.3598154
5,351.154,1742520025.3598154
6,353.535,1742520025.3598154
7,372.356,1742520025.3598154
0,373.489,1742520025.4099529
1,356.18,1742520025.4099529
2,372.306,1742520025.4099529
3,363.985,1742520025.4099529
4,352.036,1742520025.4099529
5,374.692,1742520025.4099529
6,377.124,1742520025.4099529
7,372.356,1742520025.4099529
0,375.6,1742520025.460076
1,368.421,1742520025.460076
2,378.181,1742520025.460076
3,372.283,1742520025.460076
4,364.8,1742520025.460076
5,374.692,1742520025.460076
6,377.124,1742520025.460076
7,382.052,1742520025.460076
0,375.6,1742520025.5101974
1,368.421,1742520025.5101974
2,378.181,1742520025.5101974
3,372.283,1742520025.5101974
4,364.8,1742520025.5101974
5,375.235,1742520025.5101974
6,374.311,1742520025.5101974
7,382.052,1742520025.5101974
0,375.768,1742520025.5603325
1,369.309,1742520025.5603325
2,378.59,1742520025.5603325
3,373.452,1742520025.5603325
4,365.286,1742520025.5603325
5,375.235,1742520025.5603325
6,374.311,1742520025.5603325
7,382.152,1742520025.5603325
0,375.768,1742520025.6104655
1,369.309,1742520025.6104655
2,378.59,1742520025.6104655
3,373.452,1742520025.6104655
4,365.286,1742520025.6104655
5,376.602,1742520025.6104655
6,373.181,1742520025.6104655
7,382.152,1742520025.6104655
0,375.91,1742520025.6605518
1,367.19,1742520025.6605518
2,379.876,1742520025.6605518
3,372.701,1742520025.6605518
4,364.128,1742520025.6605518
5,376.602,1742520025.6605518
6,373.181,1742520025.6605518
7,381.215,1742520025.6605518
0,375.91,1742520025.7106833
1,367.19,1742520025.7106833
2,379.876,1742520025.7106833
3,372.701,1742520025.7106833
4,364.128,1742520025.7106833
5,376.623,1742520025.7106833
6,373.362,1742520025.7106833
7,381.215,1742520025.7106833
0,376.911,1742520025.760808
1,370.234,1742520025.760808
2,380.373,1742520025.760808
3,374.655,1742520025.760808
4,363.256,1742520025.760808
5,376.623,1742520025.760808
6,373.362,1742520025.760808
7,382.705,1742520025.760808
0,376.911,1742520025.8109505
1,370.234,1742520025.8109505
2,380.373,1742520025.8109505
3,374.655,1742520025.8109505
4,363.256,1742520025.8109505
5,376.754,1742520025.8109505
6,371.475,1742520025.8109505
7,382.705,1742520025.8109505
0,378.201,1742520025.861077
1,370.387,1742520025.861077
2,380.351,1742520025.861077
3,374.34,1742520025.861077
4,363.089,1742520025.861077
5,376.754,1742520025.861077
6,371.475,1742520025.861077
7,383.362,1742520025.861077
0,378.201,1742520025.9112062
1,370.387,1742520025.9112062
2,380.351,1742520025.9112062
3,374.34,1742520025.9112062
4,363.089,1742520025.9112062
5,376.307,1742520025.9112062
6,369.669,1742520025.9112062
7,383.362,1742520025.9112062
0,377.501,1742520025.9613433
1,369.351,1742520025.9613433
2,379.385,1742520025.9613433
3,373.713,1742520025.9613433
4,362.932,1742520025.9613433
5,376.307,1742520025.9613433
6,369.669,1742520025.9613433
7,385.453,1742520025.9613433
0,377.501,1742520026.0116448
1,369.351,1742520026.0116448
2,379.385,1742520026.0116448
3,373.713,1742520026.0116448
4,362.932,1742520026.0116448
5,377.143,1742520026.0116448
6,369.185,1742520026.0116448
7,385.453,1742520026.0116448
0,376.384,1742520026.0617821
1,369.906,1742520026.0617821
2,378.266,1742520026.0617821
3,374.002,1742520026.0617821
4,362.711,1742520026.0617821
5,377.143,1742520026.0617821
6,369.185,1742520026.0617821
7,383.434,1742520026.0617821
0,376.384,1742520026.111903
1,369.906,1742520026.111903
2,378.266,1742520026.111903
3,374.002,1742520026.111903
4,362.711,1742520026.111903
5,375.916,1742520026.111903
6,368.234,1742520026.111903
7,383.434,1742520026.111903
0,376.384,1742520026.1620302
1,372.6,1742520026.1620302
2,378.246,1742520026.1620302
3,374.763,1742520026.1620302
4,362.259,1742520026.1620302
5,375.916,1742520026.1620302
6,368.234,1742520026.1620302
7,383.074,1742520026.1620302
0,376.745,1742520026.2122495
1,372.6,1742520026.2122495
2,378.246,1742520026.2122495
3,374.763,1742520026.2122495
4,362.259,1742520026.2122495
5,377.275,1742520026.2122495
6,368.642,1742520026.2122495
7,383.074,1742520026.2122495
0,376.745,1742520026.262375
1,374.637,1742520026.262375
2,378.246,1742520026.262375
3,376.452,1742520026.262375
4,363.384,1742520026.262375
5,377.275,1742520026.262375
6,368.642,1742520026.262375
7,383.657,1742520026.262375
0,377.189,1742520026.31251
1,374.637,1742520026.31251
2,377.458,1742520026.31251
3,376.452,1742520026.31251
4,363.384,1742520026.31251
5,378.52,1742520026.31251
6,368.599,1742520026.31251
7,383.657,1742520026.31251
0,377.189,1742520026.3626385
1,373.924,1742520026.3626385
2,377.458,1742520026.3626385
3,376.994,1742520026.3626385
4,363.512,1742520026.3626385
5,378.52,1742520026.3626385
6,368.599,1742520026.3626385
7,385.196,1742520026.3626385
0,378.682,1742520026.4127626
1,373.924,1742520026.4127626
2,378.747,1742520026.4127626
3,376.994,1742520026.4127626
4,363.512,1742520026.4127626
5,378.196,1742520026.4127626
6,369.347,1742520026.4127626
7,385.196,1742520026.4127626
0,378.682,1742520026.4629996
1,373.535,1742520026.4629996
2,378.747,1742520026.4629996
3,377.045,1742520026.4629996
4,364.216,1742520026.4629996
5,378.196,1742520026.4629996
6,369.347,1742520026.4629996
7,382.058,1742520026.4629996
0,377.639,1742520026.5131223
1,373.535,1742520026.5131223
2,378.322,1742520026.5131223
3,377.045,1742520026.5131223
4,364.216,1742520026.5131223
5,378.756,1742520026.5131223
6,369.929,1742520026.5131223
7,382.058,1742520026.5131223
0,379.112,1742520026.563249
1,373.974,1742520026.563249
2,378.322,1742520026.563249
3,376.688,1742520026.563249
4,363.185,1742520026.563249
5,378.756,1742520026.563249
6,369.929,1742520026.563249
7,380.442,1742520026.563249
0,379.112,1742520026.6134143
1,373.974,1742520026.6134143
2,379.108,1742520026.6134143
3,376.688,1742520026.6134143
4,363.185,1742520026.6134143
5,377.793,1742520026.6134143
6,370.379,1742520026.6134143
7,380.442,1742520026.6134143
0,379.112,1742520026.66354
1,374.064,1742520026.66354
2,379.108,1742520026.66354
3,375.344,1742520026.66354
4,362.755,1742520026.66354
5,377.793,1742520026.66354
6,370.379,1742520026.66354
7,379.617,1742520026.66354
0,378.053,1742520026.713666
1,374.064,1742520026.713666
2,379.176,1742520026.713666
3,375.344,1742520026.713666
4,362.755,1742520026.713666
5,377.769,1742520026.713666
6,369.295,1742520026.713666
7,379.617,1742520026.713666
0,378.053,1742520026.763802
1,374.787,1742520026.763802
2,379.176,1742520026.763802
3,374.926,1742520026.763802
4,363.448,1742520026.763802
5,377.769,1742520026.763802
6,369.295,1742520026.763802
7,379.269,1742520026.763802
0,378.334,1742520026.8140426
1,374.787,1742520026.8140426
2,379.078,1742520026.8140426
3,374.926,1742520026.8140426
4,363.448,1742520026.8140426
5,378.808,1742520026.8140426
6,369.628,1742520026.8140426
7,379.269,1742520026.8140426
0,378.334,1742520026.8641768
1,375.115,1742520026.8641768
2,379.078,1742520026.8641768
3,375.988,1742520026.8641768
4,362.747,1742520026.8641768
5,378.808,1742520026.8641768
6,369.628,1742520026.8641768
7,379.913,1742520026.8641768
0,376.486,1742520026.914314
1,375.115,1742520026.914314
2,379.056,1742520026.914314
3,375.988,1742520026.914314
4,362.747,1742520026.914314
5,377.978,1742520026.914314
6,369.891,1742520026.914314
7,379.913,1742520026.914314
0,376.486,1742520026.964441
1,375.752,1742520026.964441
2,379.056,1742520026.964441
3,375.447,1742520026.964441
4,361.771,1742520026.964441
5,377.978,1742520026.964441
6,369.891,1742520026.964441
7,379.629,1742520026.964441
0,377.107,1742520027.0145586
1,375.752,1742520027.0145586
2,378.742,1742520027.0145586
3,375.447,1742520027.0145586
4,361.771,1742520027.0145586
5,378.491,1742520027.0145586
6,370.383,1742520027.0145586
7,379.629,1742520027.0145586
0,377.107,1742520027.0647318
1,375.83,1742520027.0647318
2,378.742,1742520027.0647318
3,375.524,1742520027.0647318
4,362.603,1742520027.0647318
5,378.491,1742520027.0647318
6,370.383,1742520027.0647318
7,379.438,1742520027.0647318
0,376.033,1742520027.1148646
1,375.83,1742520027.1148646
2,378.345,1742520027.1148646
3,375.524,1742520027.1148646
4,362.603,1742520027.1148646
5,379.204,1742520027.1148646
6,370.754,1742520027.1148646
7,379.438,1742520027.1148646
0,376.033,1742520027.1649966
1,374.626,1742520027.1649966
2,378.345,1742520027.1649966
3,370.348,1742520027.1649966
4,361.524,1742520027.1649966
5,379.204,1742520027.1649966
6,370.754,1742520027.1649966
7,379.221,1742520027.1649966
0,371.633,1742520027.215118
1,374.626,1742520027.215118
2,366.095,1742520027.215118
3,370.348,1742520027.215118
4,361.524,1742520027.215118
5,362.816,1742520027.215118
6,356.389,1742520027.215118
7,379.221,1742520027.215118
0,345.657,1742520027.2652502
1,348.985,1742520027.2652502
2,366.095,1742520027.2652502
3,345.075,1742520027.2652502
4,337.667,1742520027.2652502
5,362.816,1742520027.2652502
6,356.389,1742520027.2652502
7,354.049,1742520027.2652502
0,345.657,1742520027.3153493
1,348.985,1742520027.3153493
2,341.635,1742520027.3153493
3,345.075,1742520027.3153493
4,337.667,1742520027.3153493
5,337.587,1742520027.3153493
6,333.349,1742520027.3153493
7,354.049,1742520027.3153493
0,320.731,1742520027.3654716
1,323.38,1742520027.3654716
2,341.635,1742520027.3654716
3,345.075,1742520027.3654716
4,313.687,1742520027.3654716
5,337.587,1742520027.3654716
6,333.349,1742520027.3654716
7,329.988,1742520027.3654716
0,320.731,1742520027.4156091
1,323.38,1742520027.4156091
2,316.926,1742520027.4156091
3,316.204,1742520027.4156091
4,313.687,1742520027.4156091
5,312.048,1742520027.4156091
6,307.363,1742520027.4156091
7,329.988,1742520027.4156091
0,294.566,1742520027.4657428
1,298.961,1742520027.4657428
2,316.926,1742520027.4657428
3,316.204,1742520027.4657428
4,286.339,1742520027.4657428
5,312.048,1742520027.4657428
6,307.363,1742520027.4657428
7,305.448,1742520027.4657428
0,294.566,1742520027.5158734
1,298.961,1742520027.5158734
2,291.078,1742520027.5158734
3,290.344,1742520027.5158734
4,286.339,1742520027.5158734
5,288.783,1742520027.5158734
6,284.187,1742520027.5158734
7,305.448,1742520027.5158734
0,269.06,1742520027.5659926
1,272.496,1742520027.5659926
2,291.078,1742520027.5659926
3,290.344,1742520027.5659926
4,261.221,1742520027.5659926
5,288.783,1742520027.5659926
6,284.187,1742520027.5659926
7,281.002,1742520027.5659926
0,269.06,1742520027.6161234
1,272.496,1742520027.6161234
2,264.991,1742520027.6161234
3,265.429,1742520027.6161234
4,261.221,1742520027.6161234
5,261.057,1742520027.6161234
6,256.915,1742520027.6161234
7,281.002,1742520027.6161234
0,243.777,1742520027.666243
1,247.116,1742520027.666243
2,264.991,1742520027.666243
3,265.429,1742520027.666243
4,236.834,1742520027.666243
5,261.057,1742520027.666243
6,256.915,1742520027.666243
7,254.626,1742520027.666243
0,243.777,1742520027.716375
1,247.116,1742520027.716375
2,239.518,1742520027.716375
3,242.294,1742520027.716375
4,236.834,1742520027.716375
5,235.239,1742520027.716375
6,235.285,1742520027.716375
7,254.626,1742520027.716375
0,220.726,1742520027.7664943
1,223.197,1742520027.7664943
2,239.518,1742520027.7664943
3,242.294,1742520027.7664943
4,212.968,1742520027.7664943
5,235.239,1742520027.7664943
6,235.285,1742520027.7664943
7,231.231,1742520027.7664943
0,220.726,1742520027.8166242
1,223.197,1742520027.8166242
2,214.224,1742520027.8166242
3,216.638,1742520027.8166242
4,212.968,1742520027.8166242
5,209.576,1742520027.8166242
6,210.069,1742520027.8166242
7,231.231,1742520027.8166242
0,197.062,1742520027.8668048
1,195.403,1742520027.8668048
2,214.224,1742520027.8668048
3,216.638,1742520027.8668048
4,191.542,1742520027.8668048
5,209.576,1742520027.8668048
6,210.069,1742520027.8668048
7,202.435,1742520027.8668048
0,197.062,1742520027.916928
1,195.403,1742520027.916928
2,189.405,1742520027.916928
3,191.544,1742520027.916928
4,191.542,1742520027.916928
5,188.909,1742520027.916928
6,185.569,1742520027.916928
7,202.435,1742520027.916928
0,197.062,1742520027.967061
1,169.256,1742520027.967061
2,189.405,1742520027.967061
3,191.544,1742520027.967061
4,167.62,1742520027.967061
5,188.909,1742520027.967061
6,185.569,1742520027.967061
7,180.152,1742520027.967061
0,164.6,1742520028.0171797
1,169.256,1742520028.0171797
2,161.87,1742520028.0171797
3,163.704,1742520028.0171797
4,167.62,1742520028.0171797
5,163.71,1742520028.0171797
6,156.21,1742520028.0171797
7,180.152,1742520028.0171797
0,164.6,1742520028.0673106
1,146.826,1742520028.0673106
2,161.87,1742520028.0673106
3,163.704,1742520028.0673106
4,143.057,1742520028.0673106
5,163.71,1742520028.0673106
6,156.21,1742520028.0673106
7,154.405,1742520028.0673106
0,138.779,1742520028.1174405
1,146.826,1742520028.1174405
2,141.269,1742520028.1174405
3,141.506,1742520028.1174405
4,143.057,1742520028.1174405
5,138.332,1742520028.1174405
6,135.641,1742520028.1174405
7,154.405,1742520028.1174405
0,138.779,1742520028.1675355
1,119.007,1742520028.1675355
2,141.269,1742520028.1675355
3,141.506,1742520028.1675355
4,120.113,1742520028.1675355
5,138.332,1742520028.1675355
6,135.641,1742520028.1675355
7,128.448,1742520028.1675355
0,122.654,1742520028.2176673
1,119.007,1742520028.2176673
2,122.654,1742520028.2176673
3,120.926,1742520028.2176673
4,120.113,1742520028.2176673
5,122.394,1742520028.2176673
6,119.323,1742520028.2176673
7,128.448,1742520028.2176673
0,122.654,1742520028.2678015
1,118.396,1742520028.2678015
2,122.654,1742520028.2678015
3,120.926,1742520028.2678015
4,119.241,1742520028.2678015
5,122.394,1742520028.2678015
6,119.323,1742520028.2678015
7,125.552,1742520028.2678015
0,122.548,1742520028.3179383
1,118.396,1742520028.3179383
2,122.477,1742520028.3179383
3,120.752,1742520028.3179383
4,119.241,1742520028.3179383
5,122.352,1742520028.3179383
6,119.259,1742520028.3179383
7,125.552,1742520028.3179383
0,122.548,1742520028.3680584
1,118.399,1742520028.3680584
2,122.477,1742520028.3680584
3,120.752,1742520028.3680584
4,119.088,1742520028.3680584
5,122.352,1742520028.3680584
6,119.259,1742520028.3680584
7,125.432,1742520028.3680584
0,122.499,1742520028.418167
1,118.399,1742520028.418167
2,122.369,1742520028.418167
3,120.685,1742520028.418167
4,119.088,1742520028.418167
5,122.227,1742520028.418167
6,119.144,1742520028.418167
7,125.432,1742520028.418167
0,122.499,1742520028.468285
1,118.182,1742520028.468285
2,122.369,1742520028.468285
3,120.685,1742520028.468285
4,118.996,1742520028.468285
5,122.227,1742520028.468285
6,119.144,1742520028.468285
7,125.325,1742520028.468285
0,122.452,1742520028.518416
1,118.182,1742520028.518416
2,122.257,1742520028.518416
3,120.615,1742520028.518416
4,118.996,1742520028.518416
5,122.141,1742520028.518416
6,119.094,1742520028.518416
7,125.325,1742520028.518416
0,122.452,1742520028.568566
1,118.227,1742520028.568566
2,122.257,1742520028.568566
3,120.615,1742520028.568566
4,118.94,1742520028.568566
5,122.141,1742520028.568566
6,119.094,1742520028.568566
7,125.173,1742520028.568566
0,122.429,1742520028.6187217
1,118.227,1742520028.6187217
2,122.21,1742520028.6187217
3,120.546,1742520028.6187217
4,118.94,1742520028.6187217
5,122.04,1742520028.6187217
6,119.02,1742520028.6187217
7,125.173,1742520028.6187217
0,122.429,1742520028.6688414
1,118.058,1742520028.6688414
2,122.21,1742520028.6688414
3,120.546,1742520028.6688414
4,118.882,1742520028.6688414
5,122.04,1742520028.6688414
6,119.02,1742520028.6688414
7,125.103,1742520028.6688414
0,122.345,1742520028.7189722
1,118.058,1742520028.7189722
2,122.14,1742520028.7189722
3,120.478,1742520028.7189722
4,118.882,1742520028.7189722
5,121.999,1742520028.7189722
6,118.964,1742520028.7189722
7,125.103,1742520028.7189722
0,122.345,1742520028.7691033
1,118.127,1742520028.7691033
2,122.14,1742520028.7691033
3,120.478,1742520028.7691033
4,118.832,1742520028.7691033
5,121.999,1742520028.7691033
6,118.964,1742520028.7691033
7,125.036,1742520028.7691033
0,122.292,1742520028.8192217
1,118.127,1742520028.8192217
2,122.094,1742520028.8192217
3,120.45,1742520028.8192217
4,118.832,1742520028.8192217
5,121.948,1742520028.8192217
6,118.908,1742520028.8192217
7,125.036,1742520028.8192217
0,122.292,1742520028.8693879
1,117.975,1742520028.8693879
2,122.094,1742520028.8693879
3,120.45,1742520028.8693879
4,118.797,1742520028.8693879
5,121.948,1742520028.8693879
6,118.908,1742520028.8693879
7,124.967,1742520028.8693879
0,122.26,1742520028.9195058
1,117.975,1742520028.9195058
2,122.021,1742520028.9195058
3,120.404,1742520028.9195058
4,118.797,1742520028.9195058
5,121.928,1742520028.9195058
6,118.861,1742520028.9195058
7,124.967,1742520028.9195058
0,122.26,1742520028.9696374
1,118.03,1742520028.9696374
2,122.021,1742520028.9696374
3,120.404,1742520028.9696374
4,118.774,1742520028.9696374
5,121.928,1742520028.9696374
6,118.861,1742520028.9696374
7,124.891,1742520028.9696374
0,122.22,1742520029.0197868
1,118.03,1742520029.0197868
2,122.017,1742520029.0197868
3,120.365,1742520029.0197868
4,118.774,1742520029.0197868
5,121.87,1742520029.0197868
6,118.833,1742520029.0197868
7,124.891,1742520029.0197868
0,122.22,1742520029.069907
1,117.906,1742520029.069907
2,122.017,1742520029.069907
3,120.365,1742520029.069907
4,118.714,1742520029.069907
5,121.87,1742520029.069907
6,118.833,1742520029.069907
7,124.857,1742520029.069907
0,122.196,1742520029.1200342
1,117.906,1742520029.1200342
2,122.017,1742520029.1200342
3,120.326,1742520029.1200342
4,118.714,1742520029.1200342
5,121.835,1742520029.1200342
6,118.813,1742520029.1200342
7,124.857,1742520029.1200342
0,122.196,1742520029.1701708
1,117.925,1742520029.1701708
2,122.017,1742520029.1701708
3,120.326,1742520029.1701708
4,118.682,1742520029.1701708
5,121.835,1742520029.1701708
6,118.813,1742520029.1701708
7,124.795,1742520029.1701708
0,122.184,1742520029.2203033
1,117.925,1742520029.2203033
2,122.01,1742520029.2203033
3,120.305,1742520029.2203033
4,118.682,1742520029.2203033
5,121.778,1742520029.2203033
6,118.786,1742520029.2203033
7,124.795,1742520029.2203033
0,122.184,1742520029.2704368
1,117.905,1742520029.2704368
2,122.01,1742520029.2704368
3,120.305,1742520029.2704368
4,118.651,1742520029.2704368
5,121.778,1742520029.2704368
6,118.786,1742520029.2704368
7,124.773,1742520029.2704368
0,122.154,1742520029.320607
1,117.905,1742520029.320607
2,122.014,1742520029.320607
3,120.278,1742520029.320607
4,118.651,1742520029.320607
5,121.752,1742520029.320607
6,118.748,1742520029.320607
7,124.773,1742520029.320607
0,122.154,1742520029.37073
1,117.85,1742520029.37073
2,122.014,1742520029.37073
3,120.278,1742520029.37073
4,118.634,1742520029.37073
5,121.752,1742520029.37073
6,118.748,1742520029.37073
7,124.745,1742520029.37073
0,122.121,1742520029.4208658
1,117.85,1742520029.4208658
2,122.021,1742520029.4208658
3,120.24,1742520029.4208658
4,118.634,1742520029.4208658
5,121.688,1742520029.4208658
6,118.722,1742520029.4208658
7,124.745,1742520029.4208658
0,122.121,1742520029.470998
1,117.905,1742520029.470998
2,122.021,1742520029.470998
3,120.24,1742520029.470998
4,118.6,1742520029.470998
5,121.688,1742520029.470998
6,118.722,1742520029.470998
7,124.726,1742520029.470998
0,122.11,1742520029.5211334
1,117.905,1742520029.5211334
2,122.037,1742520029.5211334
3,120.219,1742520029.5211334
4,118.6,1742520029.5211334
5,121.687,1742520029.5211334
6,118.683,1742520029.5211334
7,124.726,1742520029.5211334
0,122.11,1742520029.5712686
1,117.78,1742520029.5712686
2,122.037,1742520029.5712686
3,120.219,1742520029.5712686
4,118.589,1742520029.5712686
5,121.687,1742520029.5712686
6,118.683,1742520029.5712686
7,124.699,1742520029.5712686
0,122.085,1742520029.6214054
1,117.78,1742520029.6214054
2,122.05,1742520029.6214054
3,120.195,1742520029.6214054
4,118.589,1742520029.6214054
5,121.652,1742520029.6214054
6,118.66,1742520029.6214054
7,124.699,1742520029.6214054
0,122.085,1742520029.6715302
1,117.871,1742520029.6715302
2,122.05,1742520029.6715302
3,120.195,1742520029.6715302
4,118.575,1742520029.6715302
5,121.652,1742520029.6715302
6,118.66,1742520029.6715302
7,124.698,1742520029.6715302
0,124.434,1742520029.7216656
1,117.871,1742520029.7216656
2,124.975,1742520029.7216656
3,122.737,1742520029.7216656
4,118.575,1742520029.7216656
5,131.73,1742520029.7216656
6,128.143,1742520029.7216656
7,124.698,1742520029.7216656
0,124.434,1742520029.7718024
1,141.346,1742520029.7718024
2,124.975,1742520029.7718024
3,122.737,1742520029.7718024
4,139.23,1742520029.7718024
5,131.73,1742520029.7718024
6,128.143,1742520029.7718024
7,148.199,1742520029.7718024
0,149.447,1742520029.821936
1,141.346,1742520029.821936
2,149.008,1742520029.821936
3,152.418,1742520029.821936
4,139.23,1742520029.821936
5,157.702,1742520029.821936
6,152.485,1742520029.821936
7,148.199,1742520029.821936
0,149.447,1742520029.8720593
1,167.222,1742520029.8720593
2,149.008,1742520029.8720593
3,152.418,1742520029.8720593
4,164.0,1742520029.8720593
5,157.702,1742520029.8720593
6,152.485,1742520029.8720593
7,172.919,1742520029.8720593
0,174.266,1742520029.9221885
1,167.222,1742520029.9221885
2,177.193,1742520029.9221885
3,178.098,1742520029.9221885
4,164.0,1742520029.9221885
5,183.906,1742520029.9221885
6,152.485,1742520029.9221885
7,172.919,1742520029.9221885
0,174.266,1742520029.9723155
1,191.607,1742520029.9723155
2,177.193,1742520029.9723155
3,178.098,1742520029.9723155
4,187.69,1742520029.9723155
5,183.906,1742520029.9723155
6,178.41,1742520029.9723155
7,200.016,1742520029.9723155
0,201.101,1742520030.0224502
1,191.607,1742520030.0224502
2,201.578,1742520030.0224502
3,202.662,1742520030.0224502
4,187.69,1742520030.0224502
5,183.906,1742520030.0224502
6,178.41,1742520030.0224502
7,200.016,1742520030.0224502
0,201.101,1742520030.0726078
1,218.446,1742520030.0726078
2,201.578,1742520030.0726078
3,202.662,1742520030.0726078
4,213.343,1742520030.0726078
5,210.448,1742520030.0726078
6,203.508,1742520030.0726078
7,226.766,1742520030.0726078
0,225.411,1742520030.122741
1,218.446,1742520030.122741
2,226.107,1742520030.122741
3,229.103,1742520030.122741
4,213.343,1742520030.122741
5,210.448,1742520030.122741
6,203.508,1742520030.122741
7,226.766,1742520030.122741
0,225.411,1742520030.1729903
1,244.368,1742520030.1729903
2,226.107,1742520030.1729903
3,229.103,1742520030.1729903
4,238.71,1742520030.1729903
5,236.685,1742520030.1729903
6,226.03,1742520030.1729903
7,258.41,1742520030.1729903
0,251.201,1742520030.2231233
1,244.368,1742520030.2231233
2,254.124,1742520030.2231233
3,255.277,1742520030.2231233
4,238.71,1742520030.2231233
5,236.685,1742520030.2231233
6,226.03,1742520030.2231233
7,258.41,1742520030.2231233
0,251.201,1742520030.273243
1,267.061,1742520030.273243
2,254.124,1742520030.273243
3,255.277,1742520030.273243
4,265.268,1742520030.273243
5,263.234,1742520030.273243
6,250.582,1742520030.273243
7,285.218,1742520030.273243
0,277.645,1742520030.323364
1,267.061,1742520030.323364
2,276.742,1742520030.323364
3,282.262,1742520030.323364
4,265.268,1742520030.323364
5,263.234,1742520030.323364
6,250.582,1742520030.323364
7,285.218,1742520030.323364
0,277.645,1742520030.3734982
1,295.032,1742520030.3734982
2,276.742,1742520030.3734982
3,282.262,1742520030.3734982
4,292.827,1742520030.3734982
5,289.776,1742520030.3734982
6,285.421,1742520030.3734982
7,311.812,1742520030.3734982
0,310.762,1742520030.4236352
1,295.032,1742520030.4236352
2,301.301,1742520030.4236352
3,308.8,1742520030.4236352
4,292.827,1742520030.4236352
5,289.776,1742520030.4236352
6,285.421,1742520030.4236352
7,311.812,1742520030.4236352
0,310.762,1742520030.4737635
1,320.235,1742520030.4737635
2,301.301,1742520030.4737635
3,308.8,1742520030.4737635
4,317.402,1742520030.4737635
5,315.821,1742520030.4737635
6,310.874,1742520030.4737635
7,334.127,1742520030.4737635
0,336.849,1742520030.523885
1,320.235,1742520030.523885
2,326.377,1742520030.523885
3,335.383,1742520030.523885
4,317.402,1742520030.523885
5,315.821,1742520030.523885
6,310.874,1742520030.523885
7,334.127,1742520030.523885
0,336.849,1742520030.5740101
1,345.174,1742520030.5740101
2,326.377,1742520030.5740101
3,335.383,1742520030.5740101
4,342.395,1742520030.5740101
5,342.018,1742520030.5740101
6,336.824,1742520030.5740101
7,364.093,1742520030.5740101
0,363.42,1742520030.6241426
1,345.174,1742520030.6241426
2,351.298,1742520030.6241426
3,362.109,1742520030.6241426
4,342.395,1742520030.6241426
5,342.018,1742520030.6241426
6,336.824,1742520030.6241426
7,364.093,1742520030.6241426
0,363.42,1742520030.674276
1,370.019,1742520030.674276
2,351.298,1742520030.674276
3,362.109,1742520030.674276
4,363.678,1742520030.674276
5,369.726,1742520030.674276
6,362.565,1742520030.674276
7,384.4,1742520030.674276
0,382.957,1742520030.7243981
1,370.019,1742520030.7243981
2,368.052,1742520030.7243981
3,379.691,1742520030.7243981
4,363.678,1742520030.7243981
5,369.726,1742520030.7243981
6,362.565,1742520030.7243981
7,384.4,1742520030.7243981
0,382.957,1742520030.7745202
1,372.686,1742520030.7745202
2,368.052,1742520030.7745202
3,379.691,1742520030.7745202
4,369.197,1742520030.7745202
5,384.53,1742520030.7745202
6,373.124,1742520030.7745202
7,386.189,1742520030.7745202
0,382.533,1742520030.8246515
1,372.686,1742520030.8246515
2,368.909,1742520030.8246515
3,379.219,1742520030.8246515
4,369.197,1742520030.8246515
5,384.53,1742520030.8246515
6,373.124,1742520030.8246515
7,386.189,1742520030.8246515
0,382.533,1742520030.874781
1,372.196,1742520030.874781
2,368.909,1742520030.874781
3,379.219,1742520030.874781
4,369.877,1742520030.874781
5,383.31,1742520030.874781
6,374.03,1742520030.874781
7,385.547,1742520030.874781
0,382.395,1742520030.9249163
1,372.196,1742520030.9249163
2,370.386,1742520030.9249163
3,378.779,1742520030.9249163
4,369.877,1742520030.9249163
5,383.31,1742520030.9249163
6,374.03,1742520030.9249163
7,385.547,1742520030.9249163
0,382.395,1742520030.9750519
1,369.26,1742520030.9750519
2,370.386,1742520030.9750519
3,378.779,1742520030.9750519
4,372.252,1742520030.9750519
5,382.678,1742520030.9750519
6,375.299,1742520030.9750519
7,385.547,1742520030.9750519
0,381.802,1742520031.025185
1,369.26,1742520031.025185
2,371.374,1742520031.025185
3,380.563,1742520031.025185
4,372.252,1742520031.025185
5,382.678,1742520031.025185
6,375.299,1742520031.025185
7,384.717,1742520031.025185
0,381.802,1742520031.0753076
1,370.578,1742520031.0753076
2,371.374,1742520031.0753076
3,380.563,1742520031.0753076
4,370.666,1742520031.0753076
5,381.599,1742520031.0753076
6,375.747,1742520031.0753076
7,384.717,1742520031.0753076
0,380.674,1742520031.1254287
1,370.578,1742520031.1254287
2,371.498,1742520031.1254287
3,379.975,1742520031.1254287
4,370.666,1742520031.1254287
5,381.599,1742520031.1254287
6,375.747,1742520031.1254287
7,384.756,1742520031.1254287
0,380.674,1742520031.1755545
1,369.798,1742520031.1755545
2,371.498,1742520031.1755545
3,379.975,1742520031.1755545
4,369.709,1742520031.1755545
5,379.815,1742520031.1755545
6,376.516,1742520031.1755545
7,384.756,1742520031.1755545
0,380.04,1742520031.2257102
1,369.798,1742520031.2257102
2,371.891,1742520031.2257102
3,380.271,1742520031.2257102
4,369.709,1742520031.2257102
5,379.815,1742520031.2257102
6,376.516,1742520031.2257102
7,383.556,1742520031.2257102
0,380.04,1742520031.275864
1,366.832,1742520031.275864
2,371.891,1742520031.275864
3,380.271,1742520031.275864
4,368.292,1742520031.275864
5,380.061,1742520031.275864
6,377.221,1742520031.275864
7,383.556,1742520031.275864
0,377.941,1742520031.3259957
1,366.832,1742520031.3259957
2,372.196,1742520031.3259957
3,378.265,1742520031.3259957
4,368.292,1742520031.3259957
5,380.061,1742520031.3259957
6,377.221,1742520031.3259957
7,381.792,1742520031.3259957
0,377.941,1742520031.3761857
1,366.977,1742520031.3761857
2,372.196,1742520031.3761857
3,378.265,1742520031.3761857
4,368.292,1742520031.3761857
5,378.404,1742520031.3761857
6,375.927,1742520031.3761857
7,381.792,1742520031.3761857
0,375.437,1742520031.4263206
1,366.977,1742520031.4263206
2,372.228,1742520031.4263206
3,375.784,1742520031.4263206
4,368.538,1742520031.4263206
5,378.404,1742520031.4263206
6,375.927,1742520031.4263206
7,381.24,1742520031.4263206
0,375.437,1742520031.4764464
1,366.789,1742520031.4764464
2,372.228,1742520031.4764464
3,375.784,1742520031.4764464
4,368.538,1742520031.4764464
5,378.02,1742520031.4764464
6,375.39,1742520031.4764464
7,381.24,1742520031.4764464
0,374.183,1742520031.5265772
1,366.789,1742520031.5265772
2,371.789,1742520031.5265772
3,374.507,1742520031.5265772
4,368.543,1742520031.5265772
5,378.02,1742520031.5265772
6,375.39,1742520031.5265772
7,378.44,1742520031.5265772
0,374.183,1742520031.5767126
1,367.034,1742520031.5767126
2,371.789,1742520031.5767126
3,374.507,1742520031.5767126
4,368.543,1742520031.5767126
5,376.599,1742520031.5767126
6,375.257,1742520031.5767126
7,378.44,1742520031.5767126
