GPU_ID,Power_Usage_W,Timestamp
0,70.975,1742518171.2688048
1,69.519,1742518171.2688048
2,71.814,1742518171.2688048
3,69.84,1742518171.2688048
4,70.72,1742518171.2688048
5,69.783,1742518171.2688048
6,68.6,1742518171.2688048
7,71.97,1742518171.2688048
0,70.975,1742518171.3346648
1,69.519,1742518171.3346648
2,71.82,1742518171.3346648
3,69.84,1742518171.3346648
4,70.693,1742518171.3346648
5,69.783,1742518171.3346648
6,68.6,1742518171.3346648
7,71.97,1742518171.3346648
0,70.977,1742518171.384751
1,69.532,1742518171.384751
2,71.82,1742518171.384751
3,69.848,1742518171.384751
4,70.693,1742518171.384751
5,69.783,1742518171.384751
6,68.614,1742518171.384751
7,71.979,1742518171.384751
0,70.977,1742518171.4348824
1,69.532,1742518171.4348824
2,71.834,1742518171.4348824
3,69.848,1742518171.4348824
4,70.693,1742518171.4348824
5,69.79,1742518171.4348824
6,68.614,1742518171.4348824
7,71.979,1742518171.4348824
0,70.983,1742518171.4850638
1,69.521,1742518171.4850638
2,71.834,1742518171.4850638
3,69.827,1742518171.4850638
4,70.704,1742518171.4850638
5,69.79,1742518171.4850638
6,68.608,1742518171.4850638
7,71.979,1742518171.4850638
0,70.983,1742518171.5351987
1,69.521,1742518171.5351987
2,71.84,1742518171.5351987
3,69.827,1742518171.5351987
4,70.704,1742518171.5351987
5,69.77,1742518171.5351987
6,68.608,1742518171.5351987
7,71.979,1742518171.5351987
0,70.961,1742518171.5853393
1,69.554,1742518171.5853393
2,71.84,1742518171.5853393
3,69.825,1742518171.5853393
4,70.711,1742518171.5853393
5,69.77,1742518171.5853393
6,68.614,1742518171.5853393
7,71.99,1742518171.5853393
0,70.961,1742518171.6354766
1,69.554,1742518171.6354766
2,71.827,1742518171.6354766
3,69.825,1742518171.6354766
4,70.711,1742518171.6354766
5,69.782,1742518171.6354766
6,68.614,1742518171.6354766
7,71.99,1742518171.6354766
0,70.961,1742518171.685612
1,69.548,1742518171.685612
2,71.827,1742518171.685612
3,69.853,1742518171.685612
4,70.724,1742518171.685612
5,69.782,1742518171.685612
6,68.62,1742518171.685612
7,71.969,1742518171.685612
0,70.961,1742518171.73575
1,69.548,1742518171.73575
2,71.807,1742518171.73575
3,69.853,1742518171.73575
4,70.724,1742518171.73575
5,69.758,1742518171.73575
6,68.62,1742518171.73575
7,71.969,1742518171.73575
0,70.961,1742518171.7858884
1,69.534,1742518171.7858884
2,71.807,1742518171.7858884
3,69.86,1742518171.7858884
4,70.712,1742518171.7858884
5,69.758,1742518171.7858884
6,68.64,1742518171.7858884
7,71.968,1742518171.7858884
0,70.961,1742518171.8360596
1,69.534,1742518171.8360596
2,71.8,1742518171.8360596
3,69.86,1742518171.8360596
4,70.712,1742518171.8360596
5,69.786,1742518171.8360596
6,68.64,1742518171.8360596
7,71.968,1742518171.8360596
0,70.948,1742518171.8862007
1,69.52,1742518171.8862007
2,71.8,1742518171.8862007
3,69.865,1742518171.8862007
4,70.709,1742518171.8862007
5,69.786,1742518171.8862007
6,68.62,1742518171.8862007
7,71.962,1742518171.8862007
0,70.948,1742518171.936375
1,69.52,1742518171.936375
2,71.806,1742518171.936375
3,69.865,1742518171.936375
4,70.709,1742518171.936375
5,69.778,1742518171.936375
6,68.62,1742518171.936375
7,71.962,1742518171.936375
0,70.942,1742518171.9865117
1,69.541,1742518171.9865117
2,71.806,1742518171.9865117
3,69.879,1742518171.9865117
4,70.696,1742518171.9865117
5,69.778,1742518171.9865117
6,68.587,1742518171.9865117
7,71.964,1742518171.9865117
0,70.942,1742518172.0366712
1,69.541,1742518172.0366712
2,71.813,1742518172.0366712
3,69.879,1742518172.0366712
4,70.696,1742518172.0366712
5,69.8,1742518172.0366712
6,68.587,1742518172.0366712
7,71.964,1742518172.0366712
0,70.936,1742518172.0868127
1,69.534,1742518172.0868127
2,71.813,1742518172.0868127
3,69.872,1742518172.0868127
4,70.68,1742518172.0868127
5,69.8,1742518172.0868127
6,68.587,1742518172.0868127
7,71.965,1742518172.0868127
0,70.936,1742518172.1369486
1,69.534,1742518172.1369486
2,71.829,1742518172.1369486
3,69.872,1742518172.1369486
4,70.68,1742518172.1369486
5,69.804,1742518172.1369486
6,68.587,1742518172.1369486
7,71.965,1742518172.1369486
0,70.922,1742518172.187086
1,69.533,1742518172.187086
2,71.829,1742518172.187086
3,69.868,1742518172.187086
4,70.694,1742518172.187086
5,69.804,1742518172.187086
6,68.6,1742518172.187086
7,71.992,1742518172.187086
0,70.922,1742518172.2372105
1,69.533,1742518172.2372105
2,71.823,1742518172.2372105
3,69.868,1742518172.2372105
4,70.694,1742518172.2372105
5,69.813,1742518172.2372105
6,68.6,1742518172.2372105
7,71.992,1742518172.2372105
0,70.936,1742518172.2873476
1,69.526,1742518172.2873476
2,71.823,1742518172.2873476
3,69.881,1742518172.2873476
4,70.659,1742518172.2873476
5,69.813,1742518172.2873476
6,68.594,1742518172.2873476
7,71.984,1742518172.2873476
0,70.936,1742518172.33751
1,69.526,1742518172.33751
2,71.849,1742518172.33751
3,69.881,1742518172.33751
4,70.659,1742518172.33751
5,69.824,1742518172.33751
6,68.594,1742518172.33751
7,71.984,1742518172.33751
0,70.948,1742518172.3876488
1,69.506,1742518172.3876488
2,71.849,1742518172.3876488
3,69.882,1742518172.3876488
4,70.659,1742518172.3876488
5,69.824,1742518172.3876488
6,68.601,1742518172.3876488
7,71.971,1742518172.3876488
0,70.948,1742518172.4377897
1,69.506,1742518172.4377897
2,71.836,1742518172.4377897
3,69.882,1742518172.4377897
4,70.659,1742518172.4377897
5,69.795,1742518172.4377897
6,68.601,1742518172.4377897
7,71.971,1742518172.4377897
0,70.944,1742518172.4879272
1,69.506,1742518172.4879272
2,71.836,1742518172.4879272
3,69.88,1742518172.4879272
4,70.65,1742518172.4879272
5,69.795,1742518172.4879272
6,68.62,1742518172.4879272
7,71.977,1742518172.4879272
0,70.944,1742518172.5380704
1,69.506,1742518172.5380704
2,71.839,1742518172.5380704
3,69.88,1742518172.5380704
4,70.65,1742518172.5380704
5,69.815,1742518172.5380704
6,68.62,1742518172.5380704
7,71.977,1742518172.5380704
0,70.955,1742518172.5881963
1,69.485,1742518172.5881963
2,71.839,1742518172.5881963
3,69.861,1742518172.5881963
4,70.643,1742518172.5881963
5,69.815,1742518172.5881963
6,68.614,1742518172.5881963
7,71.969,1742518172.5881963
0,70.955,1742518172.638332
1,69.485,1742518172.638332
2,71.849,1742518172.638332
3,69.861,1742518172.638332
4,70.643,1742518172.638332
5,69.801,1742518172.638332
6,68.614,1742518172.638332
7,71.969,1742518172.638332
0,70.963,1742518172.6884727
1,69.484,1742518172.6884727
2,71.849,1742518172.6884727
3,69.861,1742518172.6884727
4,70.63,1742518172.6884727
5,69.801,1742518172.6884727
6,68.6,1742518172.6884727
7,71.991,1742518172.6884727
0,70.963,1742518172.7386086
1,69.484,1742518172.7386086
2,71.855,1742518172.7386086
3,69.861,1742518172.7386086
4,70.63,1742518172.7386086
5,69.802,1742518172.7386086
6,68.6,1742518172.7386086
7,71.991,1742518172.7386086
0,70.971,1742518172.7887437
1,69.493,1742518172.7887437
2,71.855,1742518172.7887437
3,69.86,1742518172.7887437
4,70.609,1742518172.7887437
5,69.802,1742518172.7887437
6,68.568,1742518172.7887437
7,72.008,1742518172.7887437
0,70.971,1742518172.8388796
1,69.493,1742518172.8388796
2,71.862,1742518172.8388796
3,69.86,1742518172.8388796
4,70.609,1742518172.8388796
5,69.808,1742518172.8388796
6,68.568,1742518172.8388796
7,72.008,1742518172.8388796
0,70.963,1742518172.889007
1,69.507,1742518172.889007
2,71.862,1742518172.889007
3,69.86,1742518172.889007
4,70.617,1742518172.889007
5,69.808,1742518172.889007
6,68.581,1742518172.889007
7,72.02,1742518172.889007
0,70.963,1742518172.9391477
1,69.507,1742518172.9391477
2,71.862,1742518172.9391477
3,69.86,1742518172.9391477
4,70.617,1742518172.9391477
5,69.782,1742518172.9391477
6,68.581,1742518172.9391477
7,72.02,1742518172.9391477
0,70.971,1742518172.9892771
1,69.491,1742518172.9892771
2,71.862,1742518172.9892771
3,69.874,1742518172.9892771
4,70.611,1742518172.9892771
5,69.782,1742518172.9892771
6,68.567,1742518172.9892771
7,72.02,1742518172.9892771
0,70.971,1742518173.0394032
1,69.491,1742518173.0394032
2,71.882,1742518173.0394032
3,69.874,1742518173.0394032
4,70.611,1742518173.0394032
5,69.786,1742518173.0394032
6,68.567,1742518173.0394032
7,72.02,1742518173.0394032
0,70.979,1742518173.0895374
1,69.491,1742518173.0895374
2,71.882,1742518173.0895374
3,69.874,1742518173.0895374
4,70.634,1742518173.0895374
5,69.786,1742518173.0895374
6,68.582,1742518173.0895374
7,71.998,1742518173.0895374
0,70.979,1742518173.1396625
1,69.491,1742518173.1396625
2,71.862,1742518173.1396625
3,69.881,1742518173.1396625
4,70.634,1742518173.1396625
5,69.767,1742518173.1396625
6,68.582,1742518173.1396625
7,71.998,1742518173.1396625
0,70.992,1742518173.1898077
1,69.472,1742518173.1898077
2,71.862,1742518173.1898077
3,69.881,1742518173.1898077
4,70.633,1742518173.1898077
5,69.767,1742518173.1898077
6,68.588,1742518173.1898077
7,72.006,1742518173.1898077
0,70.992,1742518173.2399445
1,69.472,1742518173.2399445
2,71.84,1742518173.2399445
3,69.881,1742518173.2399445
4,70.633,1742518173.2399445
5,69.791,1742518173.2399445
6,68.588,1742518173.2399445
7,72.006,1742518173.2399445
0,70.992,1742518173.290088
1,69.493,1742518173.290088
2,71.84,1742518173.290088
3,69.868,1742518173.290088
4,70.62,1742518173.290088
5,69.791,1742518173.290088
6,68.595,1742518173.290088
7,71.984,1742518173.290088
0,70.992,1742518173.3402238
1,69.493,1742518173.3402238
2,71.846,1742518173.3402238
3,69.868,1742518173.3402238
4,70.62,1742518173.3402238
5,69.776,1742518173.3402238
6,68.595,1742518173.3402238
7,71.984,1742518173.3402238
0,70.977,1742518173.3903506
1,69.497,1742518173.3903506
2,71.846,1742518173.3903506
3,69.868,1742518173.3903506
4,70.621,1742518173.3903506
5,69.776,1742518173.3903506
6,68.587,1742518173.3903506
7,71.997,1742518173.3903506
0,70.977,1742518173.4404902
1,69.497,1742518173.4404902
2,71.84,1742518173.4404902
3,69.85,1742518173.4404902
4,70.621,1742518173.4404902
5,69.787,1742518173.4404902
6,68.587,1742518173.4404902
7,71.997,1742518173.4404902
0,70.977,1742518173.490637
1,69.521,1742518173.490637
2,71.84,1742518173.490637
3,69.85,1742518173.490637
4,70.636,1742518173.490637
5,69.787,1742518173.490637
6,68.569,1742518173.490637
7,72.013,1742518173.490637
0,70.977,1742518173.5407803
1,69.521,1742518173.5407803
2,71.847,1742518173.5407803
3,69.851,1742518173.5407803
4,70.636,1742518173.5407803
5,69.788,1742518173.5407803
6,68.569,1742518173.5407803
7,72.013,1742518173.5407803
0,70.984,1742518173.5909193
1,69.519,1742518173.5909193
2,71.847,1742518173.5909193
3,69.851,1742518173.5909193
4,70.657,1742518173.5909193
5,69.788,1742518173.5909193
6,68.554,1742518173.5909193
7,72.016,1742518173.5909193
0,70.984,1742518173.6410565
1,69.519,1742518173.6410565
2,71.853,1742518173.6410565
3,69.86,1742518173.6410565
4,70.657,1742518173.6410565
5,69.786,1742518173.6410565
6,68.554,1742518173.6410565
7,72.016,1742518173.6410565
0,70.984,1742518173.6911943
1,69.54,1742518173.6911943
2,71.853,1742518173.6911943
3,69.86,1742518173.6911943
4,70.663,1742518173.6911943
5,69.786,1742518173.6911943
6,68.567,1742518173.6911943
7,72.014,1742518173.6911943
0,70.984,1742518173.741334
1,69.54,1742518173.741334
2,71.868,1742518173.741334
3,69.874,1742518173.741334
4,70.663,1742518173.741334
5,69.786,1742518173.741334
6,68.567,1742518173.741334
7,72.014,1742518173.741334
0,70.969,1742518173.791472
1,69.52,1742518173.791472
2,71.868,1742518173.791472
3,69.874,1742518173.791472
4,70.657,1742518173.791472
5,69.786,1742518173.791472
6,68.568,1742518173.791472
7,72.023,1742518173.791472
0,70.969,1742518173.841609
1,69.52,1742518173.841609
2,71.873,1742518173.841609
3,69.868,1742518173.841609
4,70.657,1742518173.841609
5,69.764,1742518173.841609
6,68.568,1742518173.841609
7,72.023,1742518173.841609
0,70.969,1742518173.8917346
1,69.534,1742518173.8917346
2,71.873,1742518173.8917346
3,69.868,1742518173.8917346
4,70.65,1742518173.8917346
5,69.764,1742518173.8917346
6,68.581,1742518173.8917346
7,71.989,1742518173.8917346
0,70.969,1742518173.9418695
1,69.534,1742518173.9418695
2,71.853,1742518173.9418695
3,69.848,1742518173.9418695
4,70.65,1742518173.9418695
5,69.803,1742518173.9418695
6,68.581,1742518173.9418695
7,71.989,1742518173.9418695
0,70.963,1742518173.9920063
1,69.52,1742518173.9920063
2,71.853,1742518173.9920063
3,69.848,1742518173.9920063
4,70.644,1742518173.9920063
5,69.803,1742518173.9920063
6,68.561,1742518173.9920063
7,71.987,1742518173.9920063
0,70.963,1742518174.0421395
1,69.52,1742518174.0421395
2,71.847,1742518174.0421395
3,69.84,1742518174.0421395
4,70.644,1742518174.0421395
5,69.798,1742518174.0421395
6,68.561,1742518174.0421395
7,71.987,1742518174.0421395
0,70.969,1742518174.092337
1,69.534,1742518174.092337
2,71.847,1742518174.092337
3,69.84,1742518174.092337
4,70.65,1742518174.092337
5,69.798,1742518174.092337
6,68.568,1742518174.092337
7,72.005,1742518174.092337
0,70.969,1742518174.142462
1,69.534,1742518174.142462
2,71.849,1742518174.142462
3,69.834,1742518174.142462
4,70.65,1742518174.142462
5,69.798,1742518174.142462
6,68.568,1742518174.142462
7,72.005,1742518174.142462
0,70.97,1742518174.1926017
1,69.52,1742518174.1926017
2,71.849,1742518174.1926017
3,69.834,1742518174.1926017
4,70.679,1742518174.1926017
5,69.795,1742518174.1926017
6,68.554,1742518174.1926017
7,71.992,1742518174.1926017
0,70.97,1742518174.2427394
1,69.52,1742518174.2427394
2,71.867,1742518174.2427394
3,69.82,1742518174.2427394
4,70.679,1742518174.2427394
5,69.795,1742518174.2427394
6,68.554,1742518174.2427394
7,71.992,1742518174.2427394
0,70.971,1742518174.2928762
1,69.548,1742518174.2928762
2,71.867,1742518174.2928762
3,69.82,1742518174.2928762
4,70.692,1742518174.2928762
5,69.793,1742518174.2928762
6,68.554,1742518174.2928762
7,72.006,1742518174.2928762
0,70.971,1742518174.3430152
1,69.548,1742518174.3430152
2,71.853,1742518174.3430152
3,69.833,1742518174.3430152
4,70.692,1742518174.3430152
5,69.793,1742518174.3430152
6,68.554,1742518174.3430152
7,72.006,1742518174.3430152
0,70.977,1742518174.3931534
1,69.518,1742518174.3931534
2,71.853,1742518174.3931534
3,69.833,1742518174.3931534
4,70.698,1742518174.3931534
5,69.774,1742518174.3931534
6,68.567,1742518174.3931534
7,71.992,1742518174.3931534
0,70.977,1742518174.4432898
1,69.518,1742518174.4432898
2,71.853,1742518174.4432898
3,69.827,1742518174.4432898
4,70.698,1742518174.4432898
5,69.774,1742518174.4432898
6,68.567,1742518174.4432898
7,71.992,1742518174.4432898
0,70.983,1742518174.4934204
1,69.528,1742518174.4934204
2,71.853,1742518174.4934204
3,69.827,1742518174.4934204
4,70.713,1742518174.4934204
5,69.8,1742518174.4934204
6,68.563,1742518174.4934204
7,71.992,1742518174.4934204
0,70.983,1742518174.543561
1,69.528,1742518174.543561
2,71.849,1742518174.543561
3,69.841,1742518174.543561
4,70.713,1742518174.543561
5,69.8,1742518174.543561
6,68.563,1742518174.543561
7,71.978,1742518174.543561
0,70.997,1742518174.59374
1,69.499,1742518174.59374
2,71.849,1742518174.59374
3,69.841,1742518174.59374
4,70.724,1742518174.59374
5,69.786,1742518174.59374
6,68.581,1742518174.59374
7,71.978,1742518174.59374
0,70.997,1742518174.643877
1,69.499,1742518174.643877
2,71.849,1742518174.643877
3,69.848,1742518174.643877
4,70.724,1742518174.643877
5,69.786,1742518174.643877
6,68.581,1742518174.643877
7,71.964,1742518174.643877
0,70.995,1742518174.694016
1,69.498,1742518174.694016
2,71.84,1742518174.694016
3,69.848,1742518174.694016
4,70.727,1742518174.694016
5,69.807,1742518174.694016
6,68.581,1742518174.694016
7,71.957,1742518174.694016
0,70.995,1742518174.7441537
1,69.498,1742518174.7441537
2,71.84,1742518174.7441537
3,69.834,1742518174.7441537
4,70.727,1742518174.7441537
5,69.807,1742518174.7441537
6,68.581,1742518174.7441537
7,71.957,1742518174.7441537
0,70.997,1742518174.794279
1,69.504,1742518174.794279
2,71.827,1742518174.794279
3,69.834,1742518174.794279
4,70.718,1742518174.794279
5,69.794,1742518174.794279
6,68.587,1742518174.794279
7,71.957,1742518174.794279
0,70.997,1742518174.8444169
1,69.504,1742518174.8444169
2,71.827,1742518174.8444169
3,69.841,1742518174.8444169
4,70.718,1742518174.8444169
5,69.794,1742518174.8444169
6,68.587,1742518174.8444169
7,71.964,1742518174.8444169
0,70.989,1742518174.8945653
1,69.504,1742518174.8945653
2,71.83,1742518174.8945653
3,69.841,1742518174.8945653
4,70.741,1742518174.8945653
5,69.782,1742518174.8945653
6,68.575,1742518174.8945653
7,71.971,1742518174.8945653
0,70.989,1742518174.9447067
1,69.504,1742518174.9447067
2,71.83,1742518174.9447067
3,69.854,1742518174.9447067
4,70.741,1742518174.9447067
5,69.782,1742518174.9447067
6,68.575,1742518174.9447067
7,71.971,1742518174.9447067
0,70.989,1742518174.9948444
1,69.493,1742518174.9948444
2,71.827,1742518174.9948444
3,69.854,1742518174.9948444
4,70.71,1742518174.9948444
5,69.78,1742518174.9948444
6,68.582,1742518174.9948444
7,71.991,1742518174.9948444
0,70.989,1742518175.0449805
1,69.493,1742518175.0449805
2,71.827,1742518175.0449805
3,69.84,1742518175.0449805
4,70.71,1742518175.0449805
5,69.78,1742518175.0449805
6,68.582,1742518175.0449805
7,71.991,1742518175.0449805
0,70.974,1742518175.0951176
1,69.527,1742518175.0951176
2,71.827,1742518175.0951176
3,69.84,1742518175.0951176
4,70.725,1742518175.0951176
5,69.771,1742518175.0951176
6,68.587,1742518175.0951176
7,71.991,1742518175.0951176
0,70.974,1742518175.1452575
1,69.527,1742518175.1452575
2,71.827,1742518175.1452575
3,69.839,1742518175.1452575
4,70.725,1742518175.1452575
5,69.771,1742518175.1452575
6,68.587,1742518175.1452575
7,71.991,1742518175.1452575
0,70.974,1742518175.1953945
1,69.499,1742518175.1953945
2,71.827,1742518175.1953945
3,69.839,1742518175.1953945
4,70.709,1742518175.1953945
5,69.782,1742518175.1953945
6,68.587,1742518175.1953945
7,72.002,1742518175.1953945
0,70.974,1742518175.2455304
1,69.499,1742518175.2455304
2,71.827,1742518175.2455304
3,69.844,1742518175.2455304
4,70.709,1742518175.2455304
5,69.782,1742518175.2455304
6,68.587,1742518175.2455304
7,72.002,1742518175.2455304
0,70.974,1742518175.295669
1,69.521,1742518175.295669
2,71.814,1742518175.295669
3,69.844,1742518175.295669
4,70.667,1742518175.295669
5,69.772,1742518175.295669
6,68.587,1742518175.295669
7,72.023,1742518175.295669
0,70.968,1742518175.345808
1,69.521,1742518175.345808
2,71.814,1742518175.345808
3,69.831,1742518175.345808
4,70.667,1742518175.345808
5,69.772,1742518175.345808
6,68.588,1742518175.345808
7,72.023,1742518175.345808
0,70.968,1742518175.3959372
1,69.513,1742518175.3959372
2,71.807,1742518175.3959372
3,69.831,1742518175.3959372
4,70.653,1742518175.3959372
5,69.807,1742518175.3959372
6,68.588,1742518175.3959372
7,72.009,1742518175.3959372
0,70.961,1742518175.4460757
1,69.513,1742518175.4460757
2,71.807,1742518175.4460757
3,69.839,1742518175.4460757
4,70.653,1742518175.4460757
5,69.807,1742518175.4460757
6,68.588,1742518175.4460757
7,72.009,1742518175.4460757
0,70.961,1742518175.4962144
1,69.54,1742518175.4962144
2,71.807,1742518175.4962144
3,69.839,1742518175.4962144
4,70.632,1742518175.4962144
5,69.78,1742518175.4962144
6,68.581,1742518175.4962144
7,72.009,1742518175.4962144
0,70.948,1742518175.5463521
1,69.54,1742518175.5463521
2,71.807,1742518175.5463521
3,69.819,1742518175.5463521
4,70.632,1742518175.5463521
5,69.78,1742518175.5463521
6,68.581,1742518175.5463521
7,72.018,1742518175.5463521
0,70.948,1742518175.5964885
1,69.52,1742518175.5964885
2,71.807,1742518175.5964885
3,69.819,1742518175.5964885
4,70.631,1742518175.5964885
5,69.793,1742518175.5964885
6,68.581,1742518175.5964885
7,72.018,1742518175.5964885
0,70.942,1742518175.6466253
1,69.52,1742518175.6466253
2,71.807,1742518175.6466253
3,69.81,1742518175.6466253
4,70.631,1742518175.6466253
5,69.793,1742518175.6466253
6,68.575,1742518175.6466253
7,72.017,1742518175.6466253
0,70.942,1742518175.696751
1,69.547,1742518175.696751
2,71.801,1742518175.696751
3,69.81,1742518175.696751
4,70.637,1742518175.696751
5,69.79,1742518175.696751
6,68.575,1742518175.696751
7,72.017,1742518175.696751
0,70.944,1742518175.746892
1,69.547,1742518175.746892
2,71.801,1742518175.746892
3,69.824,1742518175.746892
4,70.637,1742518175.746892
5,69.79,1742518175.746892
6,68.561,1742518175.746892
7,72.017,1742518175.746892
0,70.944,1742518175.79703
1,69.5,1742518175.79703
2,71.801,1742518175.79703
3,69.824,1742518175.79703
4,70.623,1742518175.79703
5,69.803,1742518175.79703
6,68.561,1742518175.79703
7,72.017,1742518175.79703
0,70.949,1742518175.8471665
1,69.5,1742518175.8471665
2,71.801,1742518175.8471665
3,69.829,1742518175.8471665
4,70.623,1742518175.8471665
5,69.803,1742518175.8471665
6,68.574,1742518175.8471665
7,71.991,1742518175.8471665
0,70.949,1742518175.8972938
1,69.52,1742518175.8972938
2,71.804,1742518175.8972938
3,69.829,1742518175.8972938
4,70.602,1742518175.8972938
5,69.802,1742518175.8972938
6,68.574,1742518175.8972938
7,71.991,1742518175.8972938
0,70.956,1742518175.9474332
1,69.52,1742518175.9474332
2,71.804,1742518175.9474332
3,69.832,1742518175.9474332
4,70.602,1742518175.9474332
5,69.802,1742518175.9474332
6,68.574,1742518175.9474332
7,71.986,1742518175.9474332
0,70.956,1742518175.9975333
1,69.493,1742518175.9975333
2,71.801,1742518175.9975333
3,69.832,1742518175.9975333
4,70.589,1742518175.9975333
5,69.786,1742518175.9975333
6,68.574,1742518175.9975333
7,71.986,1742518175.9975333
0,70.962,1742518176.047673
1,69.493,1742518176.047673
2,71.801,1742518176.047673
3,69.842,1742518176.047673
4,70.589,1742518176.047673
5,69.786,1742518176.047673
6,68.581,1742518176.047673
7,71.989,1742518176.047673
0,70.962,1742518176.0978127
1,69.52,1742518176.0978127
2,71.785,1742518176.0978127
3,69.842,1742518176.0978127
4,70.604,1742518176.0978127
5,69.793,1742518176.0978127
6,68.581,1742518176.0978127
7,71.989,1742518176.0978127
0,70.955,1742518176.1479578
1,69.52,1742518176.1479578
2,71.785,1742518176.1479578
3,69.834,1742518176.1479578
4,70.604,1742518176.1479578
5,69.793,1742518176.1479578
6,68.601,1742518176.1479578
7,71.986,1742518176.1479578
0,70.955,1742518176.1980839
1,69.493,1742518176.1980839
2,71.785,1742518176.1980839
3,69.834,1742518176.1980839
4,70.597,1742518176.1980839
5,69.78,1742518176.1980839
6,68.601,1742518176.1980839
7,71.986,1742518176.1980839
0,70.961,1742518176.2482085
1,69.493,1742518176.2482085
2,71.785,1742518176.2482085
3,69.821,1742518176.2482085
4,70.597,1742518176.2482085
5,69.78,1742518176.2482085
6,68.588,1742518176.2482085
7,71.981,1742518176.2482085
0,70.961,1742518176.298346
1,69.527,1742518176.298346
2,71.787,1742518176.298346
3,69.821,1742518176.298346
4,70.605,1742518176.298346
5,69.793,1742518176.298346
6,68.588,1742518176.298346
7,71.981,1742518176.298346
0,70.968,1742518176.3484852
1,69.527,1742518176.3484852
2,71.787,1742518176.3484852
3,69.841,1742518176.3484852
4,70.605,1742518176.3484852
5,69.793,1742518176.3484852
6,68.582,1742518176.3484852
7,71.994,1742518176.3484852
0,70.968,1742518176.3986208
1,69.499,1742518176.3986208
2,71.784,1742518176.3986208
3,69.841,1742518176.3986208
4,70.626,1742518176.3986208
5,69.798,1742518176.3986208
6,68.582,1742518176.3986208
7,71.994,1742518176.3986208
0,70.961,1742518176.4487906
1,69.499,1742518176.4487906
2,71.784,1742518176.4487906
3,69.833,1742518176.4487906
4,70.626,1742518176.4487906
5,69.798,1742518176.4487906
6,68.588,1742518176.4487906
7,72.001,1742518176.4487906
0,70.961,1742518176.4989157
1,69.534,1742518176.4989157
2,71.774,1742518176.4989157
3,69.833,1742518176.4989157
4,70.62,1742518176.4989157
5,69.799,1742518176.4989157
6,68.588,1742518176.4989157
7,72.001,1742518176.4989157
0,70.961,1742518176.549053
1,69.534,1742518176.549053
2,71.774,1742518176.549053
3,69.833,1742518176.549053
4,70.62,1742518176.549053
5,69.799,1742518176.549053
6,68.588,1742518176.549053
7,72.015,1742518176.549053
0,70.961,1742518176.5991786
1,69.486,1742518176.5991786
2,71.774,1742518176.5991786
3,69.833,1742518176.5991786
4,70.619,1742518176.5991786
5,69.819,1742518176.5991786
6,68.588,1742518176.5991786
7,72.015,1742518176.5991786
0,70.939,1742518176.649415
1,69.486,1742518176.649415
2,71.774,1742518176.649415
3,69.854,1742518176.649415
4,70.619,1742518176.649415
5,69.819,1742518176.649415
6,68.607,1742518176.649415
7,72.008,1742518176.649415
0,70.939,1742518176.6995404
1,69.512,1742518176.6995404
2,71.761,1742518176.6995404
3,69.854,1742518176.6995404
4,70.639,1742518176.6995404
5,69.785,1742518176.6995404
6,68.607,1742518176.6995404
7,72.008,1742518176.6995404
0,70.954,1742518176.7496803
1,69.512,1742518176.7496803
2,71.761,1742518176.7496803
3,69.861,1742518176.7496803
4,70.639,1742518176.7496803
5,69.785,1742518176.7496803
6,68.626,1742518176.7496803
7,72.01,1742518176.7496803
0,70.954,1742518176.7998214
1,69.518,1742518176.7998214
2,71.759,1742518176.7998214
3,69.861,1742518176.7998214
4,70.62,1742518176.7998214
5,69.806,1742518176.7998214
6,68.626,1742518176.7998214
7,72.01,1742518176.7998214
0,70.941,1742518176.8499076
1,69.518,1742518176.8499076
2,71.759,1742518176.8499076
3,69.849,1742518176.8499076
4,70.62,1742518176.8499076
5,69.806,1742518176.8499076
6,68.639,1742518176.8499076
7,72.002,1742518176.8499076
0,70.941,1742518176.9000294
1,69.561,1742518176.9000294
2,71.748,1742518176.9000294
3,69.849,1742518176.9000294
4,70.635,1742518176.9000294
5,69.792,1742518176.9000294
6,68.639,1742518176.9000294
7,72.002,1742518176.9000294
0,70.94,1742518176.9501553
1,69.561,1742518176.9501553
2,71.748,1742518176.9501553
3,69.849,1742518176.9501553
4,70.635,1742518176.9501553
5,69.792,1742518176.9501553
6,68.633,1742518176.9501553
7,72.003,1742518176.9501553
0,70.94,1742518177.000294
1,69.514,1742518177.000294
2,71.761,1742518177.000294
3,69.849,1742518177.000294
4,70.642,1742518177.000294
5,69.819,1742518177.000294
6,68.633,1742518177.000294
7,72.003,1742518177.000294
0,70.941,1742518177.050433
1,69.514,1742518177.050433
2,71.761,1742518177.050433
3,69.839,1742518177.050433
4,70.642,1742518177.050433
5,69.819,1742518177.050433
6,68.633,1742518177.050433
7,72.016,1742518177.050433
0,70.941,1742518177.100561
1,69.514,1742518177.100561
2,71.78,1742518177.100561
3,69.839,1742518177.100561
4,70.642,1742518177.100561
5,69.829,1742518177.100561
6,68.633,1742518177.100561
7,72.016,1742518177.100561
0,70.954,1742518177.150689
1,69.538,1742518177.150689
2,71.78,1742518177.150689
3,69.84,1742518177.150689
4,70.662,1742518177.150689
5,69.829,1742518177.150689
6,68.613,1742518177.150689
7,72.029,1742518177.150689
0,70.954,1742518177.200828
1,69.538,1742518177.200828
2,71.787,1742518177.200828
3,69.84,1742518177.200828
4,70.691,1742518177.200828
5,69.837,1742518177.200828
6,68.613,1742518177.200828
7,72.029,1742518177.200828
0,70.954,1742518177.2509644
1,69.506,1742518177.2509644
2,71.787,1742518177.2509644
3,69.853,1742518177.2509644
4,70.691,1742518177.2509644
5,69.837,1742518177.2509644
6,68.607,1742518177.2509644
7,72.017,1742518177.2509644
0,70.954,1742518177.3010943
1,69.506,1742518177.3010943
2,71.794,1742518177.3010943
3,69.853,1742518177.3010943
4,70.705,1742518177.3010943
5,69.832,1742518177.3010943
6,68.607,1742518177.3010943
7,72.017,1742518177.3010943
0,70.969,1742518177.3512337
1,69.518,1742518177.3512337
2,71.794,1742518177.3512337
3,69.854,1742518177.3512337
4,70.705,1742518177.3512337
5,69.832,1742518177.3512337
6,68.619,1742518177.3512337
7,71.994,1742518177.3512337
0,70.969,1742518177.4013715
1,69.518,1742518177.4013715
2,71.794,1742518177.4013715
3,69.854,1742518177.4013715
4,70.672,1742518177.4013715
5,69.792,1742518177.4013715
6,68.619,1742518177.4013715
7,71.994,1742518177.4013715
0,70.961,1742518177.4515083
1,69.5,1742518177.4515083
2,71.794,1742518177.4515083
3,69.853,1742518177.4515083
4,70.672,1742518177.4515083
5,69.792,1742518177.4515083
6,68.626,1742518177.4515083
7,71.973,1742518177.4515083
0,70.961,1742518177.5016441
1,69.5,1742518177.5016441
2,71.807,1742518177.5016441
3,69.853,1742518177.5016441
4,70.679,1742518177.5016441
5,69.791,1742518177.5016441
6,68.626,1742518177.5016441
7,71.973,1742518177.5016441
0,70.961,1742518177.5517855
1,69.527,1742518177.5517855
2,71.807,1742518177.5517855
3,69.847,1742518177.5517855
4,70.679,1742518177.5517855
5,69.791,1742518177.5517855
6,68.639,1742518177.5517855
7,71.974,1742518177.5517855
0,70.961,1742518177.6019258
1,69.527,1742518177.6019258
2,71.823,1742518177.6019258
3,69.847,1742518177.6019258
4,70.679,1742518177.6019258
5,69.803,1742518177.6019258
6,68.639,1742518177.6019258
7,71.974,1742518177.6019258
0,70.961,1742518177.6520624
1,69.51,1742518177.6520624
2,71.823,1742518177.6520624
3,69.847,1742518177.6520624
4,70.659,1742518177.6520624
5,69.803,1742518177.6520624
6,68.626,1742518177.6520624
7,71.979,1742518177.6520624
0,70.961,1742518177.7021992
1,69.51,1742518177.7021992
2,71.829,1742518177.7021992
3,69.847,1742518177.7021992
4,70.659,1742518177.7021992
5,69.813,1742518177.7021992
6,68.626,1742518177.7021992
7,71.979,1742518177.7021992
0,70.96,1742518177.7523375
1,69.517,1742518177.7523375
2,71.829,1742518177.7523375
3,69.864,1742518177.7523375
4,70.693,1742518177.7523375
5,69.813,1742518177.7523375
6,68.613,1742518177.7523375
7,71.993,1742518177.7523375
0,70.96,1742518177.8024793
1,69.517,1742518177.8024793
2,71.855,1742518177.8024793
3,69.864,1742518177.8024793
4,70.693,1742518177.8024793
5,69.817,1742518177.8024793
6,68.613,1742518177.8024793
7,71.993,1742518177.8024793
0,70.962,1742518177.8525712
1,69.503,1742518177.8525712
2,71.855,1742518177.8525712
3,69.874,1742518177.8525712
4,70.706,1742518177.8525712
5,69.817,1742518177.8525712
6,68.613,1742518177.8525712
7,72.013,1742518177.8525712
0,70.962,1742518177.9027078
1,69.503,1742518177.9027078
2,71.855,1742518177.9027078
3,69.874,1742518177.9027078
4,70.706,1742518177.9027078
5,69.793,1742518177.9027078
6,68.613,1742518177.9027078
7,72.013,1742518177.9027078
0,70.961,1742518177.9528325
1,69.513,1742518177.9528325
2,71.855,1742518177.9528325
3,69.871,1742518177.9528325
4,70.698,1742518177.9528325
5,69.793,1742518177.9528325
6,68.6,1742518177.9528325
7,71.998,1742518177.9528325
0,70.961,1742518178.0029705
1,69.513,1742518178.0029705
2,71.855,1742518178.0029705
3,69.871,1742518178.0029705
4,70.698,1742518178.0029705
5,69.789,1742518178.0029705
6,68.6,1742518178.0029705
7,71.998,1742518178.0029705
0,70.977,1742518178.0531135
1,69.511,1742518178.0531135
2,71.855,1742518178.0531135
3,69.895,1742518178.0531135
4,70.685,1742518178.0531135
5,69.789,1742518178.0531135
6,68.62,1742518178.0531135
7,71.979,1742518178.0531135
0,70.977,1742518178.1032424
1,69.511,1742518178.1032424
2,71.853,1742518178.1032424
3,69.895,1742518178.1032424
4,70.685,1742518178.1032424
5,69.765,1742518178.1032424
6,68.62,1742518178.1032424
7,71.979,1742518178.1032424
0,70.983,1742518178.1533802
1,69.52,1742518178.1533802
2,71.853,1742518178.1533802
3,69.887,1742518178.1533802
4,70.677,1742518178.1533802
5,69.765,1742518178.1533802
6,68.613,1742518178.1533802
7,71.98,1742518178.1533802
0,70.983,1742518178.203516
1,69.52,1742518178.203516
2,71.853,1742518178.203516
3,69.887,1742518178.203516
4,70.677,1742518178.203516
5,69.783,1742518178.203516
6,68.613,1742518178.203516
7,71.98,1742518178.203516
0,70.969,1742518178.2536533
1,69.51,1742518178.2536533
2,71.853,1742518178.2536533
3,69.885,1742518178.2536533
4,70.683,1742518178.2536533
5,69.783,1742518178.2536533
6,68.62,1742518178.2536533
7,71.976,1742518178.2536533
0,70.969,1742518178.3037758
1,69.51,1742518178.3037758
2,71.848,1742518178.3037758
3,69.885,1742518178.3037758
4,70.683,1742518178.3037758
5,69.795,1742518178.3037758
6,68.62,1742518178.3037758
7,71.976,1742518178.3037758
0,70.969,1742518178.353912
1,69.533,1742518178.353912
2,71.848,1742518178.353912
3,69.877,1742518178.353912
4,70.65,1742518178.353912
5,69.795,1742518178.353912
6,68.627,1742518178.353912
7,71.999,1742518178.353912
0,70.969,1742518178.404049
1,69.533,1742518178.404049
2,71.853,1742518178.404049
3,69.877,1742518178.404049
4,70.65,1742518178.404049
5,69.807,1742518178.404049
6,68.627,1742518178.404049
7,71.999,1742518178.404049
0,70.968,1742518178.4541867
1,69.517,1742518178.4541867
2,71.853,1742518178.4541867
3,69.877,1742518178.4541867
4,70.669,1742518178.4541867
5,69.807,1742518178.4541867
6,68.627,1742518178.4541867
7,72.006,1742518178.4541867
0,70.968,1742518178.504325
1,69.517,1742518178.504325
2,71.86,1742518178.504325
3,69.877,1742518178.504325
4,70.669,1742518178.504325
5,69.813,1742518178.504325
6,68.627,1742518178.504325
7,72.006,1742518178.504325
0,70.969,1742518178.5544631
1,69.517,1742518178.5544631
2,71.86,1742518178.5544631
3,69.873,1742518178.5544631
4,70.662,1742518178.5544631
5,69.813,1742518178.5544631
6,68.627,1742518178.5544631
7,72.004,1742518178.5544631
0,70.969,1742518178.6046
1,69.517,1742518178.6046
2,71.846,1742518178.6046
3,69.873,1742518178.6046
4,70.662,1742518178.6046
5,69.791,1742518178.6046
6,68.627,1742518178.6046
7,72.004,1742518178.6046
0,70.991,1742518178.6547408
1,69.517,1742518178.6547408
2,71.846,1742518178.6547408
3,69.865,1742518178.6547408
4,70.653,1742518178.6547408
5,69.791,1742518178.6547408
6,68.62,1742518178.6547408
7,72.014,1742518178.6547408
0,70.991,1742518178.7048693
1,69.517,1742518178.7048693
2,71.846,1742518178.7048693
3,69.865,1742518178.7048693
4,70.653,1742518178.7048693
5,69.801,1742518178.7048693
6,68.62,1742518178.7048693
7,72.014,1742518178.7048693
0,70.991,1742518178.7550044
1,69.527,1742518178.7550044
2,71.846,1742518178.7550044
3,69.857,1742518178.7550044
4,70.646,1742518178.7550044
5,69.801,1742518178.7550044
6,68.62,1742518178.7550044
7,72.006,1742518178.7550044
0,70.991,1742518178.8051445
1,69.527,1742518178.8051445
2,71.833,1742518178.8051445
3,69.857,1742518178.8051445
4,70.646,1742518178.8051445
5,69.78,1742518178.8051445
6,68.62,1742518178.8051445
7,72.006,1742518178.8051445
0,70.983,1742518178.8552413
1,69.493,1742518178.8552413
2,71.833,1742518178.8552413
3,69.851,1742518178.8552413
4,70.661,1742518178.8552413
5,69.78,1742518178.8552413
6,68.607,1742518178.8552413
7,72.002,1742518178.8552413
0,70.983,1742518178.9053814
1,69.493,1742518178.9053814
2,71.826,1742518178.9053814
3,69.851,1742518178.9053814
4,70.661,1742518178.9053814
5,69.8,1742518178.9053814
6,68.607,1742518178.9053814
7,72.002,1742518178.9053814
0,70.975,1742518178.9555173
1,69.521,1742518178.9555173
2,71.826,1742518178.9555173
3,69.846,1742518178.9555173
4,70.639,1742518178.9555173
5,69.8,1742518178.9555173
6,68.613,1742518178.9555173
7,71.989,1742518178.9555173
0,70.975,1742518179.0056539
1,69.521,1742518179.0056539
2,71.82,1742518179.0056539
3,69.846,1742518179.0056539
4,70.639,1742518179.0056539
5,69.824,1742518179.0056539
6,68.613,1742518179.0056539
7,71.989,1742518179.0056539
0,70.954,1742518179.0557916
1,69.507,1742518179.0557916
2,71.82,1742518179.0557916
3,69.852,1742518179.0557916
4,70.633,1742518179.0557916
5,69.824,1742518179.0557916
6,68.593,1742518179.0557916
7,72.024,1742518179.0557916
0,70.954,1742518179.105928
1,69.507,1742518179.105928
2,71.829,1742518179.105928
3,69.852,1742518179.105928
4,70.633,1742518179.105928
5,69.835,1742518179.105928
6,68.593,1742518179.105928
7,72.024,1742518179.105928
0,70.936,1742518179.156063
1,69.541,1742518179.156063
2,71.829,1742518179.156063
3,69.832,1742518179.156063
4,70.652,1742518179.156063
5,69.835,1742518179.156063
6,68.613,1742518179.156063
7,72.019,1742518179.156063
0,70.936,1742518179.2062075
1,69.541,1742518179.2062075
2,71.846,1742518179.2062075
3,69.832,1742518179.2062075
4,70.652,1742518179.2062075
5,69.832,1742518179.2062075
6,68.613,1742518179.2062075
7,72.019,1742518179.2062075
0,70.948,1742518179.2563245
1,69.494,1742518179.2563245
2,71.846,1742518179.2563245
3,69.84,1742518179.2563245
4,70.633,1742518179.2563245
5,69.832,1742518179.2563245
6,68.614,1742518179.2563245
7,72.019,1742518179.2563245
0,70.948,1742518179.306464
1,69.494,1742518179.306464
2,71.846,1742518179.306464
3,69.84,1742518179.306464
4,70.633,1742518179.306464
5,69.837,1742518179.306464
6,68.614,1742518179.306464
7,72.019,1742518179.306464
0,70.956,1742518179.3566034
1,69.521,1742518179.3566034
2,71.846,1742518179.3566034
3,69.86,1742518179.3566034
4,70.66,1742518179.3566034
5,69.837,1742518179.3566034
6,68.62,1742518179.3566034
7,72.006,1742518179.3566034
0,70.956,1742518179.4067297
1,69.521,1742518179.4067297
2,71.849,1742518179.4067297
3,69.86,1742518179.4067297
4,70.66,1742518179.4067297
5,69.818,1742518179.4067297
6,68.62,1742518179.4067297
7,72.006,1742518179.4067297
0,70.956,1742518179.456854
1,69.48,1742518179.456854
2,71.849,1742518179.456854
3,69.846,1742518179.456854
4,70.639,1742518179.456854
5,69.818,1742518179.456854
6,68.607,1742518179.456854
7,72.006,1742518179.456854
0,70.956,1742518179.5069907
1,69.48,1742518179.5069907
2,71.836,1742518179.5069907
3,69.846,1742518179.5069907
4,70.639,1742518179.5069907
5,69.791,1742518179.5069907
6,68.607,1742518179.5069907
7,72.006,1742518179.5069907
0,70.95,1742518179.5571306
1,69.507,1742518179.5571306
2,71.836,1742518179.5571306
3,69.846,1742518179.5571306
4,70.64,1742518179.5571306
5,69.791,1742518179.5571306
6,68.613,1742518179.5571306
7,71.968,1742518179.5571306
0,70.95,1742518179.6072674
1,69.507,1742518179.6072674
2,71.829,1742518179.6072674
3,69.853,1742518179.6072674
4,70.64,1742518179.6072674
5,69.833,1742518179.6072674
6,68.613,1742518179.6072674
7,71.968,1742518179.6072674
0,70.956,1742518179.6574059
1,69.504,1742518179.6574059
2,71.829,1742518179.6574059
3,69.853,1742518179.6574059
4,70.619,1742518179.6574059
5,69.833,1742518179.6574059
6,68.594,1742518179.6574059
7,71.982,1742518179.6574059
0,70.956,1742518179.707544
1,69.504,1742518179.707544
2,71.833,1742518179.707544
3,69.853,1742518179.707544
4,70.619,1742518179.707544
5,69.826,1742518179.707544
6,68.594,1742518179.707544
7,71.982,1742518179.707544
0,70.957,1742518179.7576828
1,69.504,1742518179.7576828
2,71.833,1742518179.7576828
3,69.853,1742518179.7576828
4,70.634,1742518179.7576828
5,69.826,1742518179.7576828
6,68.601,1742518179.7576828
7,71.981,1742518179.7576828
0,70.957,1742518179.807819
1,69.504,1742518179.807819
2,71.86,1742518179.807819
3,69.839,1742518179.807819
4,70.634,1742518179.807819
5,69.835,1742518179.807819
6,68.601,1742518179.807819
7,71.981,1742518179.807819
0,70.949,1742518179.8579166
1,69.492,1742518179.8579166
2,71.86,1742518179.8579166
3,69.839,1742518179.8579166
4,70.64,1742518179.8579166
5,69.835,1742518179.8579166
6,68.613,1742518179.8579166
7,71.974,1742518179.8579166
0,70.949,1742518179.908054
1,69.492,1742518179.908054
2,71.862,1742518179.908054
3,69.839,1742518179.908054
4,70.64,1742518179.908054
5,69.82,1742518179.908054
6,68.613,1742518179.908054
7,71.974,1742518179.908054
0,70.958,1742518179.9581888
1,69.523,1742518179.9581888
2,71.862,1742518179.9581888
3,69.839,1742518179.9581888
4,70.661,1742518179.9581888
5,69.82,1742518179.9581888
6,68.626,1742518179.9581888
7,71.978,1742518179.9581888
0,70.958,1742518180.0083177
1,69.523,1742518180.0083177
2,71.888,1742518180.0083177
3,69.847,1742518180.0083177
4,70.661,1742518180.0083177
5,69.815,1742518180.0083177
6,68.626,1742518180.0083177
7,71.978,1742518180.0083177
0,70.977,1742518180.0584443
1,69.492,1742518180.0584443
2,71.888,1742518180.0584443
3,69.847,1742518180.0584443
4,70.682,1742518180.0584443
5,69.815,1742518180.0584443
6,68.64,1742518180.0584443
7,71.979,1742518180.0584443
0,70.977,1742518180.1085813
1,69.492,1742518180.1085813
2,71.88,1742518180.1085813
3,69.838,1742518180.1085813
4,70.682,1742518180.1085813
5,69.819,1742518180.1085813
6,68.64,1742518180.1085813
7,71.979,1742518180.1085813
0,70.971,1742518180.1587195
1,69.513,1742518180.1587195
2,71.88,1742518180.1587195
3,69.838,1742518180.1587195
4,70.664,1742518180.1587195
5,69.819,1742518180.1587195
6,68.633,1742518180.1587195
7,71.972,1742518180.1587195
0,70.971,1742518180.208858
1,69.513,1742518180.208858
2,71.882,1742518180.208858
3,69.847,1742518180.208858
4,70.664,1742518180.208858
5,69.8,1742518180.208858
6,68.633,1742518180.208858
7,71.972,1742518180.208858
0,70.95,1742518180.2589974
1,69.51,1742518180.2589974
2,71.882,1742518180.2589974
3,69.847,1742518180.2589974
4,70.676,1742518180.2589974
5,69.8,1742518180.2589974
6,68.613,1742518180.2589974
7,71.97,1742518180.2589974
0,70.95,1742518180.3091362
1,69.51,1742518180.3091362
2,71.886,1742518180.3091362
3,69.841,1742518180.3091362
4,70.676,1742518180.3091362
5,69.827,1742518180.3091362
6,68.613,1742518180.3091362
7,71.97,1742518180.3091362
0,70.949,1742518180.359262
1,69.534,1742518180.359262
2,71.886,1742518180.359262
3,69.841,1742518180.359262
4,70.676,1742518180.359262
5,69.827,1742518180.359262
6,68.58,1742518180.359262
7,71.977,1742518180.359262
0,70.949,1742518180.4094028
1,69.534,1742518180.4094028
2,71.886,1742518180.4094028
3,69.828,1742518180.4094028
4,70.676,1742518180.4094028
5,69.814,1742518180.4094028
6,68.58,1742518180.4094028
7,71.977,1742518180.4094028
0,70.942,1742518180.4595397
1,69.524,1742518180.4595397
2,71.893,1742518180.4595397
3,69.828,1742518180.4595397
4,70.696,1742518180.4595397
5,69.814,1742518180.4595397
6,68.581,1742518180.4595397
7,71.97,1742518180.4595397
0,70.942,1742518180.509678
1,69.524,1742518180.509678
2,71.893,1742518180.509678
3,69.84,1742518180.509678
4,70.696,1742518180.509678
5,69.829,1742518180.509678
6,68.581,1742518180.509678
7,71.97,1742518180.509678
0,70.949,1742518180.559814
1,69.534,1742518180.559814
2,71.906,1742518180.559814
3,69.84,1742518180.559814
4,70.719,1742518180.559814
5,69.829,1742518180.559814
6,68.58,1742518180.559814
7,71.999,1742518180.559814
0,70.949,1742518180.6099434
1,69.534,1742518180.6099434
2,71.906,1742518180.6099434
3,69.834,1742518180.6099434
4,70.719,1742518180.6099434
5,69.829,1742518180.6099434
6,68.58,1742518180.6099434
7,71.999,1742518180.6099434
0,70.934,1742518180.6600823
1,69.5,1742518180.6600823
2,71.908,1742518180.6600823
3,69.834,1742518180.6600823
4,70.724,1742518180.6600823
5,69.815,1742518180.6600823
6,68.588,1742518180.6600823
7,72.003,1742518180.6600823
0,70.934,1742518180.7102106
1,69.5,1742518180.7102106
2,71.908,1742518180.7102106
3,69.826,1742518180.7102106
4,70.724,1742518180.7102106
5,69.815,1742518180.7102106
6,68.588,1742518180.7102106
7,72.003,1742518180.7102106
0,70.947,1742518180.7603743
1,69.514,1742518180.7603743
2,71.893,1742518180.7603743
3,69.826,1742518180.7603743
4,70.73,1742518180.7603743
5,69.801,1742518180.7603743
6,68.601,1742518180.7603743
7,71.999,1742518180.7603743
0,70.947,1742518180.8105328
1,69.514,1742518180.8105328
2,71.893,1742518180.8105328
3,69.856,1742518180.8105328
4,70.73,1742518180.8105328
5,69.801,1742518180.8105328
6,68.601,1742518180.8105328
7,71.999,1742518180.8105328
0,70.948,1742518180.86063
1,69.48,1742518180.86063
2,71.882,1742518180.86063
3,69.856,1742518180.86063
4,70.724,1742518180.86063
5,69.807,1742518180.86063
6,68.595,1742518180.86063
7,71.993,1742518180.86063
0,70.948,1742518180.9107618
1,69.48,1742518180.9107618
2,71.882,1742518180.9107618
3,69.847,1742518180.9107618
4,70.724,1742518180.9107618
5,69.807,1742518180.9107618
6,68.595,1742518180.9107618
7,71.993,1742518180.9107618
0,70.957,1742518180.9608989
1,69.494,1742518180.9608989
2,71.888,1742518180.9608989
3,69.847,1742518180.9608989
4,70.74,1742518180.9608989
5,69.786,1742518180.9608989
6,68.561,1742518180.9608989
7,72.009,1742518180.9608989
0,70.957,1742518181.011037
1,69.494,1742518181.011037
2,71.888,1742518181.011037
3,69.842,1742518181.011037
4,70.74,1742518181.011037
5,69.786,1742518181.011037
6,68.561,1742518181.011037
7,72.009,1742518181.011037
0,70.957,1742518181.0611742
1,69.486,1742518181.0611742
2,71.869,1742518181.0611742
3,69.842,1742518181.0611742
4,70.71,1742518181.0611742
5,69.804,1742518181.0611742
6,68.548,1742518181.0611742
7,72.015,1742518181.0611742
0,70.957,1742518181.111311
1,69.486,1742518181.111311
2,71.869,1742518181.111311
3,69.866,1742518181.111311
4,70.71,1742518181.111311
5,69.804,1742518181.111311
6,68.548,1742518181.111311
7,72.015,1742518181.111311
0,70.957,1742518181.1614473
1,69.501,1742518181.1614473
2,71.862,1742518181.1614473
3,69.866,1742518181.1614473
4,70.727,1742518181.1614473
5,69.785,1742518181.1614473
6,68.548,1742518181.1614473
7,72.015,1742518181.1614473
0,70.955,1742518181.2115855
1,69.501,1742518181.2115855
2,71.862,1742518181.2115855
3,69.844,1742518181.2115855
4,70.727,1742518181.2115855
5,69.785,1742518181.2115855
6,68.542,1742518181.2115855
7,72.013,1742518181.2115855
0,70.955,1742518181.261726
1,69.48,1742518181.261726
2,71.847,1742518181.261726
3,69.844,1742518181.261726
4,70.725,1742518181.261726
5,69.822,1742518181.261726
6,68.542,1742518181.261726
7,72.013,1742518181.261726
0,70.969,1742518181.3118644
1,69.48,1742518181.3118644
2,71.847,1742518181.3118644
3,69.857,1742518181.3118644
4,70.725,1742518181.3118644
5,69.822,1742518181.3118644
6,68.561,1742518181.3118644
7,72.016,1742518181.3118644
0,70.969,1742518181.3620038
1,69.487,1742518181.3620038
2,71.85,1742518181.3620038
3,69.857,1742518181.3620038
4,70.727,1742518181.3620038
5,69.814,1742518181.3620038
6,68.561,1742518181.3620038
7,72.016,1742518181.3620038
0,70.955,1742518181.4121425
1,69.487,1742518181.4121425
2,71.85,1742518181.4121425
3,69.857,1742518181.4121425
4,70.727,1742518181.4121425
5,69.814,1742518181.4121425
6,68.555,1742518181.4121425
7,72.029,1742518181.4121425
0,70.955,1742518181.462281
1,69.492,1742518181.462281
2,71.849,1742518181.462281
3,69.857,1742518181.462281
4,70.731,1742518181.462281
5,69.793,1742518181.462281
6,68.555,1742518181.462281
7,72.029,1742518181.462281
0,70.962,1742518181.5124164
1,69.492,1742518181.5124164
2,71.849,1742518181.5124164
3,69.858,1742518181.5124164
4,70.731,1742518181.5124164
5,69.793,1742518181.5124164
6,68.568,1742518181.5124164
7,72.025,1742518181.5124164
0,70.962,1742518181.5625417
1,69.493,1742518181.5625417
2,71.827,1742518181.5625417
3,69.858,1742518181.5625417
4,70.717,1742518181.5625417
5,69.813,1742518181.5625417
6,68.568,1742518181.5625417
7,72.025,1742518181.5625417
0,70.971,1742518181.6126795
1,69.493,1742518181.6126795
2,71.827,1742518181.6126795
3,69.838,1742518181.6126795
4,70.717,1742518181.6126795
5,69.813,1742518181.6126795
6,68.562,1742518181.6126795
7,72.031,1742518181.6126795
0,70.971,1742518181.6628182
1,69.488,1742518181.6628182
2,71.82,1742518181.6628182
3,69.838,1742518181.6628182
4,70.709,1742518181.6628182
5,69.793,1742518181.6628182
6,68.562,1742518181.6628182
7,72.031,1742518181.6628182
0,70.978,1742518181.7129557
1,69.488,1742518181.7129557
2,71.82,1742518181.7129557
3,69.846,1742518181.7129557
4,70.709,1742518181.7129557
5,69.793,1742518181.7129557
6,68.555,1742518181.7129557
7,72.012,1742518181.7129557
0,70.978,1742518181.7630951
1,69.506,1742518181.7630951
2,71.824,1742518181.7630951
3,69.846,1742518181.7630951
4,70.697,1742518181.7630951
5,69.815,1742518181.7630951
6,68.555,1742518181.7630951
7,72.012,1742518181.7630951
0,70.986,1742518181.8132224
1,69.506,1742518181.8132224
2,71.824,1742518181.8132224
3,69.83,1742518181.8132224
4,70.697,1742518181.8132224
5,69.815,1742518181.8132224
6,68.542,1742518181.8132224
7,72.014,1742518181.8132224
0,70.986,1742518181.8633213
1,69.515,1742518181.8633213
2,71.807,1742518181.8633213
3,69.83,1742518181.8633213
4,70.683,1742518181.8633213
5,69.78,1742518181.8633213
6,68.542,1742518181.8633213
7,72.014,1742518181.8633213
0,70.997,1742518181.913458
1,69.515,1742518181.913458
2,71.807,1742518181.913458
3,69.832,1742518181.913458
4,70.683,1742518181.913458
5,69.78,1742518181.913458
6,68.55,1742518181.913458
7,72.011,1742518181.913458
0,70.997,1742518181.9635947
1,69.515,1742518181.9635947
2,71.787,1742518181.9635947
3,69.832,1742518181.9635947
4,70.668,1742518181.9635947
5,69.787,1742518181.9635947
6,68.55,1742518181.9635947
7,72.011,1742518181.9635947
0,70.99,1742518182.0137339
1,69.515,1742518182.0137339
2,71.787,1742518182.0137339
3,69.845,1742518182.0137339
4,70.668,1742518182.0137339
5,69.787,1742518182.0137339
6,68.556,1742518182.0137339
7,72.011,1742518182.0137339
0,70.99,1742518182.0638707
1,69.507,1742518182.0638707
2,71.787,1742518182.0638707
3,69.845,1742518182.0638707
4,70.674,1742518182.0638707
5,69.786,1742518182.0638707
6,68.556,1742518182.0638707
7,72.011,1742518182.0638707
0,71.01,1742518182.1140084
1,69.507,1742518182.1140084
2,71.787,1742518182.1140084
3,69.852,1742518182.1140084
4,70.674,1742518182.1140084
5,69.786,1742518182.1140084
6,68.556,1742518182.1140084
7,71.997,1742518182.1140084
0,71.01,1742518182.1641366
1,69.498,1742518182.1641366
2,71.774,1742518182.1641366
3,69.852,1742518182.1641366
4,70.644,1742518182.1641366
5,69.779,1742518182.1641366
6,68.556,1742518182.1641366
7,71.997,1742518182.1641366
0,71.009,1742518182.2142768
1,69.498,1742518182.2142768
2,71.774,1742518182.2142768
3,69.866,1742518182.2142768
4,70.644,1742518182.2142768
5,69.779,1742518182.2142768
6,68.568,1742518182.2142768
7,72.02,1742518182.2142768
0,71.009,1742518182.2644145
1,69.498,1742518182.2644145
2,71.761,1742518182.2644145
3,69.866,1742518182.2644145
4,70.658,1742518182.2644145
5,69.776,1742518182.2644145
6,68.568,1742518182.2644145
7,72.02,1742518182.2644145
0,71.009,1742518182.3145516
1,69.498,1742518182.3145516
2,71.761,1742518182.3145516
3,69.85,1742518182.3145516
4,70.658,1742518182.3145516
5,69.776,1742518182.3145516
6,68.569,1742518182.3145516
7,72.011,1742518182.3145516
0,71.009,1742518182.3646889
1,69.507,1742518182.3646889
2,71.754,1742518182.3646889
3,69.85,1742518182.3646889
4,70.652,1742518182.3646889
5,69.765,1742518182.3646889
6,68.569,1742518182.3646889
7,72.011,1742518182.3646889
0,71.009,1742518182.41483
1,69.507,1742518182.41483
2,71.754,1742518182.41483
3,69.85,1742518182.41483
4,70.652,1742518182.41483
5,69.765,1742518182.41483
6,68.581,1742518182.41483
7,72.011,1742518182.41483
0,71.009,1742518182.4649675
1,69.507,1742518182.4649675
2,71.761,1742518182.4649675
3,69.85,1742518182.4649675
4,70.638,1742518182.4649675
5,69.765,1742518182.4649675
6,68.581,1742518182.4649675
7,72.011,1742518182.4649675
0,70.995,1742518182.5152597
1,69.486,1742518182.5152597
2,71.761,1742518182.5152597
3,69.844,1742518182.5152597
4,70.638,1742518182.5152597
5,69.765,1742518182.5152597
6,68.574,1742518182.5152597
7,72.009,1742518182.5152597
0,70.995,1742518182.5653994
1,69.486,1742518182.5653994
2,71.774,1742518182.5653994
3,69.844,1742518182.5653994
4,70.625,1742518182.5653994
5,69.752,1742518182.5653994
6,68.574,1742518182.5653994
7,72.009,1742518182.5653994
0,70.974,1742518182.6155367
1,69.501,1742518182.6155367
2,71.774,1742518182.6155367
3,69.866,1742518182.6155367
4,70.625,1742518182.6155367
5,69.752,1742518182.6155367
6,68.574,1742518182.6155367
7,71.999,1742518182.6155367
0,70.974,1742518182.6656735
1,69.501,1742518182.6656735
2,71.767,1742518182.6656735
3,69.866,1742518182.6656735
4,70.605,1742518182.6656735
5,69.778,1742518182.6656735
6,68.574,1742518182.6656735
7,71.999,1742518182.6656735
0,70.961,1742518182.715811
1,69.487,1742518182.715811
2,71.767,1742518182.715811
3,69.853,1742518182.715811
4,70.605,1742518182.715811
5,69.778,1742518182.715811
6,68.561,1742518182.715811
7,72.011,1742518182.715811
0,70.961,1742518182.765946
1,69.487,1742518182.765946
2,71.761,1742518182.765946
3,69.853,1742518182.765946
4,70.612,1742518182.765946
5,69.783,1742518182.765946
6,68.561,1742518182.765946
7,72.011,1742518182.765946
0,70.962,1742518182.816072
1,69.485,1742518182.816072
2,71.761,1742518182.816072
3,69.874,1742518182.816072
4,70.612,1742518182.816072
5,69.783,1742518182.816072
6,68.568,1742518182.816072
7,71.999,1742518182.816072
0,70.962,1742518182.866171
1,69.485,1742518182.866171
2,71.761,1742518182.866171
3,69.874,1742518182.866171
4,70.612,1742518182.866171
5,69.81,1742518182.866171
6,68.568,1742518182.866171
7,71.999,1742518182.866171
0,70.955,1742518182.9163089
1,69.492,1742518182.9163089
2,71.761,1742518182.9163089
3,69.866,1742518182.9163089
4,70.612,1742518182.9163089
5,69.81,1742518182.9163089
6,68.548,1742518182.9163089
7,72.009,1742518182.9163089
0,70.955,1742518182.9664466
1,69.492,1742518182.9664466
2,71.758,1742518182.9664466
3,69.866,1742518182.9664466
4,70.621,1742518182.9664466
5,69.806,1742518182.9664466
6,68.548,1742518182.9664466
7,72.009,1742518182.9664466
0,70.955,1742518183.016583
1,69.486,1742518183.016583
2,71.758,1742518183.016583
3,69.864,1742518183.016583
4,70.621,1742518183.016583
5,69.806,1742518183.016583
6,68.574,1742518183.016583
7,71.996,1742518183.016583
0,70.955,1742518183.0667067
1,69.486,1742518183.0667067
2,71.765,1742518183.0667067
3,69.864,1742518183.0667067
4,70.621,1742518183.0667067
5,69.791,1742518183.0667067
6,68.574,1742518183.0667067
7,71.996,1742518183.0667067
0,70.934,1742518183.1168435
1,69.486,1742518183.1168435
2,71.765,1742518183.1168435
3,69.845,1742518183.1168435
4,70.607,1742518183.1168435
5,69.791,1742518183.1168435
6,68.561,1742518183.1168435
7,72.011,1742518183.1168435
0,70.934,1742518183.1669796
1,69.486,1742518183.1669796
2,71.771,1742518183.1669796
3,69.845,1742518183.1669796
4,70.607,1742518183.1669796
5,69.793,1742518183.1669796
6,68.561,1742518183.1669796
7,72.011,1742518183.1669796
0,70.934,1742518183.2171233
1,69.5,1742518183.2171233
2,71.771,1742518183.2171233
3,69.839,1742518183.2171233
4,70.596,1742518183.2171233
5,69.793,1742518183.2171233
6,68.554,1742518183.2171233
7,72.011,1742518183.2171233
0,70.934,1742518183.26726
1,69.5,1742518183.26726
2,71.797,1742518183.26726
3,69.839,1742518183.26726
4,70.596,1742518183.26726
5,69.785,1742518183.26726
6,68.554,1742518183.26726
7,72.011,1742518183.26726
0,70.934,1742518183.317386
1,69.506,1742518183.317386
2,71.797,1742518183.317386
3,69.84,1742518183.317386
4,70.608,1742518183.317386
5,69.785,1742518183.317386
6,68.55,1742518183.317386
7,71.997,1742518183.317386
0,70.934,1742518183.3675175
1,69.506,1742518183.3675175
2,71.804,1742518183.3675175
3,69.84,1742518183.3675175
4,70.608,1742518183.3675175
5,69.811,1742518183.3675175
6,68.55,1742518183.3675175
7,71.997,1742518183.3675175
0,70.957,1742518183.4176545
1,69.497,1742518183.4176545
2,71.804,1742518183.4176545
3,69.861,1742518183.4176545
4,70.629,1742518183.4176545
5,69.811,1742518183.4176545
6,68.543,1742518183.4176545
7,71.984,1742518183.4176545
0,70.957,1742518183.4677804
1,69.497,1742518183.4677804
2,71.804,1742518183.4677804
3,69.861,1742518183.4677804
4,70.629,1742518183.4677804
5,69.811,1742518183.4677804
6,68.543,1742518183.4677804
7,71.984,1742518183.4677804
0,70.963,1742518183.5179067
1,69.497,1742518183.5179067
2,71.804,1742518183.5179067
3,69.861,1742518183.5179067
4,70.662,1742518183.5179067
5,69.811,1742518183.5179067
6,68.562,1742518183.5179067
7,71.999,1742518183.5179067
0,70.963,1742518183.5680475
1,69.497,1742518183.5680475
2,71.81,1742518183.5680475
3,69.861,1742518183.5680475
4,70.662,1742518183.5680475
5,69.791,1742518183.5680475
6,68.562,1742518183.5680475
7,71.999,1742518183.5680475
0,70.964,1742518183.6181848
1,69.492,1742518183.6181848
2,71.81,1742518183.6181848
3,69.868,1742518183.6181848
4,70.691,1742518183.6181848
5,69.791,1742518183.6181848
6,68.576,1742518183.6181848
7,71.983,1742518183.6181848
0,70.964,1742518183.6683211
1,69.492,1742518183.6683211
2,71.807,1742518183.6683211
3,69.868,1742518183.6683211
4,70.691,1742518183.6683211
5,69.791,1742518183.6683211
6,68.576,1742518183.6683211
7,71.983,1742518183.6683211
0,70.956,1742518183.7184591
1,69.506,1742518183.7184591
2,71.807,1742518183.7184591
3,69.868,1742518183.7184591
4,70.71,1742518183.7184591
5,69.791,1742518183.7184591
6,68.588,1742518183.7184591
7,71.995,1742518183.7184591
0,70.956,1742518183.7685995
1,69.506,1742518183.7685995
2,71.817,1742518183.7685995
3,69.868,1742518183.7685995
4,70.71,1742518183.7685995
5,69.765,1742518183.7685995
6,68.588,1742518183.7685995
7,71.995,1742518183.7685995
0,70.942,1742518183.8187373
1,69.504,1742518183.8187373
2,71.817,1742518183.8187373
3,69.855,1742518183.8187373
4,70.697,1742518183.8187373
5,69.765,1742518183.8187373
6,68.581,1742518183.8187373
7,71.997,1742518183.8187373
0,70.942,1742518183.8688323
1,69.504,1742518183.8688323
2,71.84,1742518183.8688323
3,69.855,1742518183.8688323
4,70.697,1742518183.8688323
5,69.778,1742518183.8688323
6,68.581,1742518183.8688323
7,71.997,1742518183.8688323
0,70.942,1742518183.9189694
1,69.521,1742518183.9189694
2,71.84,1742518183.9189694
3,69.855,1742518183.9189694
4,70.713,1742518183.9189694
5,69.778,1742518183.9189694
6,68.588,1742518183.9189694
7,71.996,1742518183.9189694
0,70.942,1742518183.9691093
1,69.521,1742518183.9691093
2,71.847,1742518183.9691093
3,69.855,1742518183.9691093
4,70.713,1742518183.9691093
5,69.763,1742518183.9691093
6,68.588,1742518183.9691093
7,71.996,1742518183.9691093
0,70.929,1742518184.0192397
1,69.513,1742518184.0192397
2,71.847,1742518184.0192397
3,69.867,1742518184.0192397
4,70.746,1742518184.0192397
5,69.763,1742518184.0192397
6,68.582,1742518184.0192397
7,71.984,1742518184.0192397
0,70.929,1742518184.0693774
1,69.513,1742518184.0693774
2,71.84,1742518184.0693774
3,69.867,1742518184.0693774
4,70.746,1742518184.0693774
5,69.801,1742518184.0693774
6,68.582,1742518184.0693774
7,71.984,1742518184.0693774
0,70.943,1742518184.1195145
1,69.531,1742518184.1195145
2,71.84,1742518184.1195145
3,69.889,1742518184.1195145
4,70.753,1742518184.1195145
5,69.801,1742518184.1195145
6,68.607,1742518184.1195145
7,72.0,1742518184.1195145
0,70.943,1742518184.1696515
1,69.531,1742518184.1696515
2,71.839,1742518184.1696515
3,69.889,1742518184.1696515
4,70.753,1742518184.1696515
5,69.803,1742518184.1696515
6,68.607,1742518184.1696515
7,72.0,1742518184.1696515
0,70.95,1742518184.219793
1,69.513,1742518184.219793
2,71.839,1742518184.219793
3,69.888,1742518184.219793
4,70.766,1742518184.219793
5,69.803,1742518184.219793
6,68.607,1742518184.219793
7,71.98,1742518184.219793
0,70.95,1742518184.2699592
1,69.513,1742518184.2699592
2,71.833,1742518184.2699592
3,69.888,1742518184.2699592
4,70.766,1742518184.2699592
5,69.81,1742518184.2699592
6,68.607,1742518184.2699592
7,71.98,1742518184.2699592
0,70.944,1742518184.3200998
1,69.515,1742518184.3200998
2,71.833,1742518184.3200998
3,69.877,1742518184.3200998
4,70.754,1742518184.3200998
5,69.81,1742518184.3200998
6,68.613,1742518184.3200998
7,71.988,1742518184.3200998
0,70.944,1742518184.3702369
1,69.515,1742518184.3702369
2,71.829,1742518184.3702369
3,69.877,1742518184.3702369
4,70.754,1742518184.3702369
5,69.785,1742518184.3702369
6,68.613,1742518184.3702369
7,71.988,1742518184.3702369
0,70.949,1742518184.4203749
1,69.507,1742518184.4203749
2,71.829,1742518184.4203749
3,69.866,1742518184.4203749
4,70.76,1742518184.4203749
5,69.785,1742518184.4203749
6,68.62,1742518184.4203749
7,71.988,1742518184.4203749
0,70.949,1742518184.4704988
1,69.507,1742518184.4704988
2,71.826,1742518184.4704988
3,69.866,1742518184.4704988
4,70.76,1742518184.4704988
5,69.765,1742518184.4704988
6,68.62,1742518184.4704988
7,71.988,1742518184.4704988
0,70.956,1742518184.5206358
1,69.521,1742518184.5206358
2,71.826,1742518184.5206358
3,69.845,1742518184.5206358
4,70.753,1742518184.5206358
5,69.765,1742518184.5206358
6,68.614,1742518184.5206358
7,71.98,1742518184.5206358
0,70.956,1742518184.5707762
1,69.521,1742518184.5707762
2,71.833,1742518184.5707762
3,69.845,1742518184.5707762
4,70.753,1742518184.5707762
5,69.785,1742518184.5707762
6,68.614,1742518184.5707762
7,71.98,1742518184.5707762
0,70.957,1742518184.6209147
1,69.506,1742518184.6209147
2,71.833,1742518184.6209147
3,69.832,1742518184.6209147
4,70.746,1742518184.6209147
5,69.785,1742518184.6209147
6,68.587,1742518184.6209147
7,71.98,1742518184.6209147
0,70.957,1742518184.671062
1,69.506,1742518184.671062
2,71.839,1742518184.671062
3,69.832,1742518184.671062
4,70.746,1742518184.671062
5,69.785,1742518184.671062
6,68.587,1742518184.671062
7,71.98,1742518184.671062
0,70.972,1742518184.7211938
1,69.514,1742518184.7211938
2,71.839,1742518184.7211938
3,69.851,1742518184.7211938
4,70.724,1742518184.7211938
5,69.785,1742518184.7211938
6,68.6,1742518184.7211938
7,72.001,1742518184.7211938
0,70.972,1742518184.7713296
1,69.514,1742518184.7713296
2,71.839,1742518184.7713296
3,69.851,1742518184.7713296
4,70.724,1742518184.7713296
5,69.823,1742518184.7713296
6,68.6,1742518184.7713296
7,72.001,1742518184.7713296
0,70.972,1742518184.8214688
1,69.513,1742518184.8214688
2,71.839,1742518184.8214688
3,69.85,1742518184.8214688
4,70.716,1742518184.8214688
5,69.823,1742518184.8214688
6,68.594,1742518184.8214688
7,71.994,1742518184.8214688
0,70.972,1742518184.8715699
1,69.513,1742518184.8715699
2,71.836,1742518184.8715699
3,69.85,1742518184.8715699
4,70.716,1742518184.8715699
5,69.828,1742518184.8715699
6,68.594,1742518184.8715699
7,71.994,1742518184.8715699
0,70.978,1742518184.921791
1,69.527,1742518184.921791
2,71.836,1742518184.921791
3,69.865,1742518184.921791
4,70.728,1742518184.921791
5,69.828,1742518184.921791
6,68.613,1742518184.921791
7,72.001,1742518184.921791
0,70.978,1742518184.9720378
1,69.527,1742518184.9720378
2,71.836,1742518184.9720378
3,69.865,1742518184.9720378
4,70.728,1742518184.9720378
5,69.809,1742518184.9720378
6,68.613,1742518184.9720378
7,72.001,1742518184.9720378
0,70.978,1742518185.0221837
1,69.493,1742518185.0221837
2,71.836,1742518185.0221837
3,69.865,1742518185.0221837
4,70.713,1742518185.0221837
5,69.809,1742518185.0221837
6,68.607,1742518185.0221837
7,72.0,1742518185.0221837
0,70.978,1742518185.0723217
1,69.493,1742518185.0723217
2,71.836,1742518185.0723217
3,69.834,1742518185.0723217
4,70.713,1742518185.0723217
5,69.801,1742518185.0723217
6,68.607,1742518185.0723217
7,72.0,1742518185.0723217
0,70.971,1742518185.1224642
1,69.52,1742518185.1224642
2,71.836,1742518185.1224642
3,69.834,1742518185.1224642
4,70.701,1742518185.1224642
5,69.801,1742518185.1224642
6,68.6,1742518185.1224642
7,71.996,1742518185.1224642
0,70.971,1742518185.1725893
1,69.52,1742518185.1725893
2,71.84,1742518185.1725893
3,69.821,1742518185.1725893
4,70.701,1742518185.1725893
5,69.793,1742518185.1725893
6,68.6,1742518185.1725893
7,71.996,1742518185.1725893
0,70.964,1742518185.2227287
1,69.511,1742518185.2227287
2,71.84,1742518185.2227287
3,69.821,1742518185.2227287
4,70.68,1742518185.2227287
5,69.793,1742518185.2227287
6,68.601,1742518185.2227287
7,71.994,1742518185.2227287
0,70.964,1742518185.272867
1,69.511,1742518185.272867
2,71.853,1742518185.272867
3,69.822,1742518185.272867
4,70.68,1742518185.272867
5,69.827,1742518185.272867
6,68.601,1742518185.272867
7,71.994,1742518185.272867
0,70.977,1742518185.3230033
1,69.527,1742518185.3230033
2,71.853,1742518185.3230033
3,69.822,1742518185.3230033
4,70.666,1742518185.3230033
5,69.827,1742518185.3230033
6,68.588,1742518185.3230033
7,72.011,1742518185.3230033
0,70.977,1742518185.3731349
1,69.527,1742518185.3731349
2,71.86,1742518185.3731349
3,69.809,1742518185.3731349
4,70.666,1742518185.3731349
5,69.834,1742518185.3731349
6,68.588,1742518185.3731349
7,72.011,1742518185.3731349
0,70.97,1742518185.4232733
1,69.517,1742518185.4232733
2,71.86,1742518185.4232733
3,69.809,1742518185.4232733
4,70.644,1742518185.4232733
5,69.834,1742518185.4232733
6,68.582,1742518185.4232733
7,72.024,1742518185.4232733
0,70.97,1742518185.473411
1,69.517,1742518185.473411
2,71.875,1742518185.473411
3,69.828,1742518185.473411
4,70.644,1742518185.473411
5,69.848,1742518185.473411
6,68.582,1742518185.473411
7,72.024,1742518185.473411
0,70.983,1742518185.5235589
1,69.517,1742518185.5235589
2,71.875,1742518185.5235589
3,69.828,1742518185.5235589
4,70.651,1742518185.5235589
5,69.848,1742518185.5235589
6,68.574,1742518185.5235589
7,72.009,1742518185.5235589
0,70.983,1742518185.5737157
1,69.517,1742518185.5737157
2,71.849,1742518185.5737157
3,69.843,1742518185.5737157
4,70.651,1742518185.5737157
5,69.819,1742518185.5737157
6,68.574,1742518185.5737157
7,72.009,1742518185.5737157
0,70.975,1742518185.6238685
1,69.486,1742518185.6238685
2,71.849,1742518185.6238685
3,69.843,1742518185.6238685
4,70.645,1742518185.6238685
5,69.819,1742518185.6238685
6,68.575,1742518185.6238685
7,72.016,1742518185.6238685
0,70.975,1742518185.674005
1,69.486,1742518185.674005
2,71.854,1742518185.674005
3,69.842,1742518185.674005
4,70.645,1742518185.674005
5,69.801,1742518185.674005
6,68.575,1742518185.674005
7,72.016,1742518185.674005
0,70.975,1742518185.7241304
1,69.506,1742518185.7241304
2,71.854,1742518185.7241304
3,69.842,1742518185.7241304
4,70.658,1742518185.7241304
5,69.801,1742518185.7241304
6,68.582,1742518185.7241304
7,71.995,1742518185.7241304
0,70.975,1742518185.7742655
1,69.506,1742518185.7742655
2,71.847,1742518185.7742655
3,69.849,1742518185.7742655
4,70.658,1742518185.7742655
5,69.806,1742518185.7742655
6,68.582,1742518185.7742655
7,71.995,1742518185.7742655
0,70.975,1742518185.8244233
1,69.472,1742518185.8244233
2,71.847,1742518185.8244233
3,69.849,1742518185.8244233
4,70.64,1742518185.8244233
5,69.806,1742518185.8244233
6,68.594,1742518185.8244233
7,71.973,1742518185.8244233
0,70.975,1742518185.8745482
1,69.472,1742518185.8745482
2,71.847,1742518185.8745482
3,69.856,1742518185.8745482
4,70.64,1742518185.8745482
5,69.784,1742518185.8745482
6,68.594,1742518185.8745482
7,71.973,1742518185.8745482
0,70.968,1742518185.9246883
1,69.484,1742518185.9246883
2,71.853,1742518185.9246883
3,69.856,1742518185.9246883
4,70.632,1742518185.9246883
5,69.784,1742518185.9246883
6,68.594,1742518185.9246883
7,71.982,1742518185.9246883
0,70.968,1742518185.974826
1,69.484,1742518185.974826
2,71.853,1742518185.974826
3,69.849,1742518185.974826
4,70.632,1742518185.974826
5,69.808,1742518185.974826
6,68.594,1742518185.974826
7,71.982,1742518185.974826
0,70.968,1742518186.0249536
1,69.479,1742518186.0249536
2,71.86,1742518186.0249536
3,69.849,1742518186.0249536
4,70.653,1742518186.0249536
5,69.808,1742518186.0249536
6,68.588,1742518186.0249536
7,71.975,1742518186.0249536
0,70.968,1742518186.0750942
1,69.479,1742518186.0750942
2,71.86,1742518186.0750942
3,69.838,1742518186.0750942
4,70.653,1742518186.0750942
5,69.818,1742518186.0750942
6,68.588,1742518186.0750942
7,71.975,1742518186.0750942
0,70.967,1742518186.1252315
1,69.507,1742518186.1252315
2,71.86,1742518186.1252315
3,69.838,1742518186.1252315
4,70.667,1742518186.1252315
5,69.818,1742518186.1252315
6,68.595,1742518186.1252315
7,71.987,1742518186.1252315
0,70.967,1742518186.175359
1,69.507,1742518186.175359
2,71.86,1742518186.175359
3,69.874,1742518186.175359
4,70.667,1742518186.175359
5,69.836,1742518186.175359
6,68.595,1742518186.175359
7,71.987,1742518186.175359
0,70.959,1742518186.2254972
1,69.478,1742518186.2254972
2,71.88,1742518186.2254972
3,69.874,1742518186.2254972
4,70.655,1742518186.2254972
5,69.836,1742518186.2254972
6,68.593,1742518186.2254972
7,71.989,1742518186.2254972
0,70.959,1742518186.2756293
1,69.478,1742518186.2756293
2,71.88,1742518186.2756293
3,69.881,1742518186.2756293
4,70.655,1742518186.2756293
5,69.829,1742518186.2756293
6,68.593,1742518186.2756293
7,71.989,1742518186.2756293
0,70.953,1742518186.3257585
1,69.507,1742518186.3257585
2,71.873,1742518186.3257585
3,69.881,1742518186.3257585
4,70.648,1742518186.3257585
5,69.829,1742518186.3257585
6,68.587,1742518186.3257585
7,71.969,1742518186.3257585
0,70.953,1742518186.3758957
1,69.507,1742518186.3758957
2,71.873,1742518186.3758957
3,69.887,1742518186.3758957
4,70.648,1742518186.3758957
5,69.825,1742518186.3758957
6,68.587,1742518186.3758957
7,71.969,1742518186.3758957
0,70.946,1742518186.426032
1,69.498,1742518186.426032
2,71.853,1742518186.426032
3,69.887,1742518186.426032
4,70.649,1742518186.426032
5,69.825,1742518186.426032
6,68.6,1742518186.426032
7,71.957,1742518186.426032
0,70.946,1742518186.4761696
1,69.498,1742518186.4761696
2,71.853,1742518186.4761696
3,69.888,1742518186.4761696
4,70.649,1742518186.4761696
5,69.825,1742518186.4761696
6,68.6,1742518186.4761696
7,71.957,1742518186.4761696
0,70.934,1742518186.5263073
1,69.486,1742518186.5263073
2,71.862,1742518186.5263073
3,69.888,1742518186.5263073
4,70.663,1742518186.5263073
5,69.83,1742518186.5263073
6,68.607,1742518186.5263073
7,71.957,1742518186.5263073
0,70.934,1742518186.576448
1,69.486,1742518186.576448
2,71.862,1742518186.576448
3,69.879,1742518186.576448
4,70.663,1742518186.576448
5,69.83,1742518186.576448
6,68.607,1742518186.576448
7,71.957,1742518186.576448
0,70.941,1742518186.6266196
1,69.512,1742518186.6266196
2,71.856,1742518186.6266196
3,69.879,1742518186.6266196
4,70.67,1742518186.6266196
5,69.831,1742518186.6266196
6,68.607,1742518186.6266196
7,71.95,1742518186.6266196
0,70.941,1742518186.6767595
1,69.512,1742518186.6767595
2,71.856,1742518186.6767595
3,69.884,1742518186.6767595
4,70.67,1742518186.6767595
5,69.831,1742518186.6767595
6,68.607,1742518186.6767595
7,71.95,1742518186.6767595
0,70.948,1742518186.7268972
1,69.541,1742518186.7268972
2,71.853,1742518186.7268972
3,69.884,1742518186.7268972
4,70.684,1742518186.7268972
5,69.865,1742518186.7268972
6,68.607,1742518186.7268972
7,71.95,1742518186.7268972
0,70.948,1742518186.7770345
1,69.541,1742518186.7770345
2,71.853,1742518186.7770345
3,69.897,1742518186.7770345
4,70.684,1742518186.7770345
5,69.865,1742518186.7770345
6,68.607,1742518186.7770345
7,71.978,1742518186.7770345
0,70.948,1742518186.8271742
1,69.545,1742518186.8271742
2,71.86,1742518186.8271742
3,69.897,1742518186.8271742
4,70.677,1742518186.8271742
5,69.844,1742518186.8271742
6,68.6,1742518186.8271742
7,71.978,1742518186.8271742
0,70.948,1742518186.8773012
1,69.545,1742518186.8773012
2,71.86,1742518186.8773012
3,69.88,1742518186.8773012
4,70.677,1742518186.8773012
5,69.844,1742518186.8773012
6,68.6,1742518186.8773012
7,71.979,1742518186.8773012
0,70.948,1742518186.9274082
1,69.546,1742518186.9274082
2,71.86,1742518186.9274082
3,69.88,1742518186.9274082
4,70.678,1742518186.9274082
5,69.86,1742518186.9274082
6,68.607,1742518186.9274082
7,71.979,1742518186.9274082
0,70.947,1742518186.9775472
1,69.546,1742518186.9775472
2,71.86,1742518186.9775472
3,69.872,1742518186.9775472
4,70.678,1742518186.9775472
5,69.86,1742518186.9775472
6,68.607,1742518186.9775472
7,71.972,1742518186.9775472
0,70.947,1742518187.0276551
1,69.538,1742518187.0276551
2,71.853,1742518187.0276551
3,69.872,1742518187.0276551
4,70.685,1742518187.0276551
5,69.839,1742518187.0276551
6,68.594,1742518187.0276551
7,71.972,1742518187.0276551
0,70.956,1742518187.0777798
1,69.538,1742518187.0777798
2,71.853,1742518187.0777798
3,69.884,1742518187.0777798
4,70.685,1742518187.0777798
5,69.839,1742518187.0777798
6,68.594,1742518187.0777798
7,71.972,1742518187.0777798
0,70.956,1742518187.1279185
1,69.538,1742518187.1279185
2,71.847,1742518187.1279185
3,69.884,1742518187.1279185
4,70.68,1742518187.1279185
5,69.843,1742518187.1279185
6,68.6,1742518187.1279185
7,71.972,1742518187.1279185
0,70.969,1742518187.1780546
1,69.538,1742518187.1780546
2,71.847,1742518187.1780546
3,69.85,1742518187.1780546
4,70.68,1742518187.1780546
5,69.843,1742518187.1780546
6,68.6,1742518187.1780546
7,71.956,1742518187.1780546
0,70.969,1742518187.2281814
1,69.527,1742518187.2281814
2,71.833,1742518187.2281814
3,69.85,1742518187.2281814
4,70.707,1742518187.2281814
5,69.839,1742518187.2281814
6,68.6,1742518187.2281814
7,71.956,1742518187.2281814
0,70.962,1742518187.2783232
1,69.527,1742518187.2783232
2,71.833,1742518187.2783232
3,69.846,1742518187.2783232
4,70.707,1742518187.2783232
5,69.839,1742518187.2783232
6,68.594,1742518187.2783232
7,71.952,1742518187.2783232
0,70.962,1742518187.3284602
1,69.537,1742518187.3284602
2,71.833,1742518187.3284602
3,69.846,1742518187.3284602
4,70.708,1742518187.3284602
5,69.816,1742518187.3284602
6,68.594,1742518187.3284602
7,71.952,1742518187.3284602
0,70.955,1742518187.378595
1,69.537,1742518187.378595
2,71.833,1742518187.378595
3,69.846,1742518187.378595
4,70.708,1742518187.378595
5,69.816,1742518187.378595
6,68.6,1742518187.378595
7,71.952,1742518187.378595
0,70.955,1742518187.428721
1,69.543,1742518187.428721
2,71.827,1742518187.428721
3,69.846,1742518187.428721
4,70.691,1742518187.428721
5,69.847,1742518187.428721
6,68.6,1742518187.428721
7,71.952,1742518187.428721
0,70.948,1742518187.478859
1,69.543,1742518187.478859
2,71.827,1742518187.478859
3,69.858,1742518187.478859
4,70.691,1742518187.478859
5,69.847,1742518187.478859
6,68.607,1742518187.478859
7,71.972,1742518187.478859
0,70.948,1742518187.5289996
1,69.549,1742518187.5289996
2,71.827,1742518187.5289996
3,69.858,1742518187.5289996
4,70.685,1742518187.5289996
5,69.818,1742518187.5289996
6,68.607,1742518187.5289996
7,71.972,1742518187.5289996
0,70.934,1742518187.5791318
1,69.549,1742518187.5791318
2,71.827,1742518187.5791318
3,69.868,1742518187.5791318
4,70.685,1742518187.5791318
5,69.818,1742518187.5791318
6,68.613,1742518187.5791318
7,71.971,1742518187.5791318
0,70.934,1742518187.6292703
1,69.511,1742518187.6292703
2,71.827,1742518187.6292703
3,69.868,1742518187.6292703
4,70.707,1742518187.6292703
5,69.838,1742518187.6292703
6,68.613,1742518187.6292703
7,71.971,1742518187.6292703
0,70.943,1742518187.679407
1,69.511,1742518187.679407
2,71.827,1742518187.679407
3,69.854,1742518187.679407
4,70.707,1742518187.679407
5,69.838,1742518187.679407
6,68.626,1742518187.679407
7,71.974,1742518187.679407
0,70.943,1742518187.729543
1,69.537,1742518187.729543
2,71.821,1742518187.729543
3,69.854,1742518187.729543
4,70.685,1742518187.729543
5,69.83,1742518187.729543
6,68.626,1742518187.729543
7,71.974,1742518187.729543
0,70.935,1742518187.7796469
1,69.537,1742518187.7796469
2,71.821,1742518187.7796469
3,69.839,1742518187.7796469
4,70.685,1742518187.7796469
5,69.83,1742518187.7796469
6,68.62,1742518187.7796469
7,71.987,1742518187.7796469
0,70.935,1742518187.8297849
1,69.49,1742518187.8297849
2,71.811,1742518187.8297849
3,69.839,1742518187.8297849
4,70.663,1742518187.8297849
5,69.823,1742518187.8297849
6,68.62,1742518187.8297849
7,71.987,1742518187.8297849
0,70.956,1742518187.8799012
1,69.49,1742518187.8799012
2,71.811,1742518187.8799012
3,69.851,1742518187.8799012
4,70.663,1742518187.8799012
5,69.823,1742518187.8799012
6,68.607,1742518187.8799012
7,71.967,1742518187.8799012
0,70.956,1742518187.9300416
1,69.518,1742518187.9300416
2,71.801,1742518187.9300416
3,69.851,1742518187.9300416
4,70.654,1742518187.9300416
5,69.825,1742518187.9300416
6,68.607,1742518187.9300416
7,71.967,1742518187.9300416
0,70.963,1742518187.9801803
1,69.518,1742518187.9801803
2,71.801,1742518187.9801803
3,69.852,1742518187.9801803
4,70.654,1742518187.9801803
5,69.825,1742518187.9801803
6,68.595,1742518187.9801803
7,71.967,1742518187.9801803
0,70.963,1742518188.030316
1,69.484,1742518188.030316
2,71.794,1742518188.030316
3,69.852,1742518188.030316
4,70.66,1742518188.030316
5,69.805,1742518188.030316
6,68.595,1742518188.030316
7,71.967,1742518188.030316
0,70.949,1742518188.0804427
1,69.484,1742518188.0804427
2,71.794,1742518188.0804427
3,69.858,1742518188.0804427
4,70.66,1742518188.0804427
5,69.805,1742518188.0804427
6,68.587,1742518188.0804427
7,71.954,1742518188.0804427
0,70.949,1742518188.1305792
1,69.524,1742518188.1305792
2,71.774,1742518188.1305792
3,69.858,1742518188.1305792
4,70.66,1742518188.1305792
5,69.82,1742518188.1305792
6,68.587,1742518188.1305792
7,71.954,1742518188.1305792
0,70.958,1742518188.1807535
1,69.524,1742518188.1807535
2,71.774,1742518188.1807535
3,69.872,1742518188.1807535
4,70.66,1742518188.1807535
5,69.82,1742518188.1807535
6,68.6,1742518188.1807535
7,71.976,1742518188.1807535
0,70.958,1742518188.2308948
1,69.484,1742518188.2308948
2,71.774,1742518188.2308948
3,69.872,1742518188.2308948
4,70.645,1742518188.2308948
5,69.793,1742518188.2308948
6,68.6,1742518188.2308948
7,71.976,1742518188.2308948
0,70.955,1742518188.2810342
1,69.484,1742518188.2810342
2,71.774,1742518188.2810342
3,69.866,1742518188.2810342
4,70.645,1742518188.2810342
5,69.793,1742518188.2810342
6,68.6,1742518188.2810342
7,71.989,1742518188.2810342
0,70.955,1742518188.3311713
1,69.532,1742518188.3311713
2,71.761,1742518188.3311713
3,69.866,1742518188.3311713
4,70.638,1742518188.3311713
5,69.817,1742518188.3311713
6,68.6,1742518188.3311713
7,71.989,1742518188.3311713
0,70.957,1742518188.3813105
1,69.532,1742518188.3813105
2,71.761,1742518188.3813105
3,69.861,1742518188.3813105
4,70.638,1742518188.3813105
5,69.817,1742518188.3813105
6,68.62,1742518188.3813105
7,71.998,1742518188.3813105
0,70.957,1742518188.431448
1,69.532,1742518188.431448
2,71.759,1742518188.431448
3,69.861,1742518188.431448
4,70.624,1742518188.431448
5,69.823,1742518188.431448
6,68.62,1742518188.431448
7,71.998,1742518188.431448
0,70.979,1742518188.4815748
1,69.491,1742518188.4815748
2,71.759,1742518188.4815748
3,69.867,1742518188.4815748
4,70.624,1742518188.4815748
5,69.823,1742518188.4815748
6,68.633,1742518188.4815748
7,71.977,1742518188.4815748
0,70.979,1742518188.531714
1,69.491,1742518188.531714
2,71.739,1742518188.531714
3,69.867,1742518188.531714
4,70.623,1742518188.531714
5,69.834,1742518188.531714
6,68.633,1742518188.531714
7,71.977,1742518188.531714
0,70.972,1742518188.5818527
1,69.527,1742518188.5818527
2,71.739,1742518188.5818527
3,69.86,1742518188.5818527
4,70.623,1742518188.5818527
5,69.834,1742518188.5818527
6,68.614,1742518188.5818527
7,71.966,1742518188.5818527
0,70.972,1742518188.6319818
1,69.527,1742518188.6319818
2,71.746,1742518188.6319818
3,69.86,1742518188.6319818
4,70.602,1742518188.6319818
5,69.818,1742518188.6319818
6,68.614,1742518188.6319818
7,71.966,1742518188.6319818
0,70.972,1742518188.6821177
1,69.517,1742518188.6821177
2,71.746,1742518188.6821177
3,69.853,1742518188.6821177
4,70.602,1742518188.6821177
5,69.818,1742518188.6821177
6,68.614,1742518188.6821177
7,71.997,1742518188.6821177
0,70.972,1742518188.732255
1,69.517,1742518188.732255
2,71.754,1742518188.732255
3,69.853,1742518188.732255
4,70.616,1742518188.732255
5,69.806,1742518188.732255
6,68.614,1742518188.732255
7,71.997,1742518188.732255
0,70.958,1742518188.782393
1,69.524,1742518188.782393
2,71.754,1742518188.782393
3,69.839,1742518188.782393
4,70.616,1742518188.782393
5,69.806,1742518188.782393
6,68.595,1742518188.782393
7,72.007,1742518188.782393
0,70.958,1742518188.8325303
1,69.524,1742518188.8325303
2,71.761,1742518188.8325303
3,69.839,1742518188.8325303
4,70.617,1742518188.8325303
5,69.835,1742518188.8325303
6,68.595,1742518188.8325303
7,72.007,1742518188.8325303
0,70.958,1742518188.8826315
1,69.514,1742518188.8826315
2,71.761,1742518188.8826315
3,69.826,1742518188.8826315
4,70.617,1742518188.8826315
5,69.835,1742518188.8826315
6,68.601,1742518188.8826315
7,72.01,1742518188.8826315
0,70.958,1742518188.9327838
1,69.514,1742518188.9327838
2,71.785,1742518188.9327838
3,69.826,1742518188.9327838
4,70.604,1742518188.9327838
5,69.8,1742518188.9327838
6,68.601,1742518188.9327838
7,72.01,1742518188.9327838
0,70.958,1742518188.9829278
1,69.531,1742518188.9829278
2,71.785,1742518188.9829278
3,69.832,1742518188.9829278
4,70.604,1742518188.9829278
5,69.8,1742518188.9829278
6,68.601,1742518188.9829278
7,72.014,1742518188.9829278
0,70.958,1742518189.0330663
1,69.531,1742518189.0330663
2,71.785,1742518189.0330663
3,69.832,1742518189.0330663
4,70.604,1742518189.0330663
5,69.819,1742518189.0330663
6,68.601,1742518189.0330663
7,72.014,1742518189.0330663
0,70.951,1742518189.0832057
1,69.5,1742518189.0832057
2,71.785,1742518189.0832057
3,69.846,1742518189.0832057
4,70.605,1742518189.0832057
5,69.819,1742518189.0832057
6,68.608,1742518189.0832057
7,72.007,1742518189.0832057
0,70.951,1742518189.1333766
1,69.5,1742518189.1333766
2,71.787,1742518189.1333766
3,69.846,1742518189.1333766
4,70.605,1742518189.1333766
5,69.831,1742518189.1333766
6,68.608,1742518189.1333766
7,72.007,1742518189.1333766
0,70.951,1742518189.1835012
1,69.505,1742518189.1835012
2,71.787,1742518189.1835012
3,69.867,1742518189.1835012
4,70.619,1742518189.1835012
5,69.831,1742518189.1835012
6,68.627,1742518189.1835012
7,72.012,1742518189.1835012
0,70.951,1742518189.2336264
1,69.505,1742518189.2336264
2,71.791,1742518189.2336264
3,69.867,1742518189.2336264
4,70.619,1742518189.2336264
5,69.818,1742518189.2336264
6,68.627,1742518189.2336264
7,72.012,1742518189.2336264
0,70.958,1742518189.2837887
1,69.493,1742518189.2837887
2,71.791,1742518189.2837887
3,69.859,1742518189.2837887
4,70.646,1742518189.2837887
5,69.818,1742518189.2837887
6,68.608,1742518189.2837887
7,71.971,1742518189.2837887
0,70.958,1742518189.3339262
1,69.493,1742518189.3339262
2,71.801,1742518189.3339262
3,69.859,1742518189.3339262
4,70.646,1742518189.3339262
5,69.812,1742518189.3339262
6,68.608,1742518189.3339262
7,71.971,1742518189.3339262
0,70.957,1742518189.3840525
1,69.504,1742518189.3840525
2,71.801,1742518189.3840525
3,69.852,1742518189.3840525
4,70.632,1742518189.3840525
5,69.812,1742518189.3840525
6,68.601,1742518189.3840525
7,71.972,1742518189.3840525
0,70.957,1742518189.4341893
1,69.504,1742518189.4341893
2,71.807,1742518189.4341893
3,69.852,1742518189.4341893
4,70.632,1742518189.4341893
5,69.786,1742518189.4341893
6,68.601,1742518189.4341893
7,71.972,1742518189.4341893
0,70.949,1742518189.4843266
1,69.486,1742518189.4843266
2,71.807,1742518189.4843266
3,69.831,1742518189.4843266
4,70.635,1742518189.4843266
5,69.786,1742518189.4843266
6,68.561,1742518189.4843266
7,71.964,1742518189.4843266
0,70.949,1742518189.5344653
1,69.486,1742518189.5344653
2,71.834,1742518189.5344653
3,69.831,1742518189.5344653
4,70.635,1742518189.5344653
5,69.806,1742518189.5344653
6,68.561,1742518189.5344653
7,71.964,1742518189.5344653
0,70.955,1742518189.5846033
1,69.5,1742518189.5846033
2,71.834,1742518189.5846033
3,69.829,1742518189.5846033
4,70.655,1742518189.5846033
5,69.806,1742518189.5846033
6,68.557,1742518189.5846033
7,71.966,1742518189.5846033
0,70.955,1742518189.63474
1,69.5,1742518189.63474
2,71.834,1742518189.63474
3,69.829,1742518189.63474
4,70.655,1742518189.63474
5,69.786,1742518189.63474
6,68.557,1742518189.63474
7,71.966,1742518189.63474
0,70.955,1742518189.6848824
1,69.46,1742518189.6848824
2,71.834,1742518189.6848824
3,69.836,1742518189.6848824
4,70.668,1742518189.6848824
5,69.786,1742518189.6848824
6,68.563,1742518189.6848824
7,71.959,1742518189.6848824
0,70.955,1742518189.7350242
1,69.46,1742518189.7350242
2,71.817,1742518189.7350242
3,69.836,1742518189.7350242
4,70.668,1742518189.7350242
5,69.819,1742518189.7350242
6,68.563,1742518189.7350242
7,71.959,1742518189.7350242
0,70.962,1742518189.7851589
1,69.48,1742518189.7851589
2,71.817,1742518189.7851589
3,69.838,1742518189.7851589
4,70.696,1742518189.7851589
5,69.819,1742518189.7851589
6,68.569,1742518189.7851589
7,71.947,1742518189.7851589
0,70.962,1742518189.8352978
1,69.48,1742518189.8352978
2,71.804,1742518189.8352978
3,69.838,1742518189.8352978
4,70.696,1742518189.8352978
5,69.814,1742518189.8352978
6,68.569,1742518189.8352978
7,71.947,1742518189.8352978
0,70.962,1742518189.885428
1,69.433,1742518189.885428
2,71.804,1742518189.885428
3,69.879,1742518189.885428
4,70.689,1742518189.885428
5,69.814,1742518189.885428
6,68.568,1742518189.885428
7,71.933,1742518189.885428
0,70.962,1742518189.9355538
1,69.433,1742518189.9355538
2,71.8,1742518189.9355538
3,69.879,1742518189.9355538
4,70.689,1742518189.9355538
5,69.822,1742518189.9355538
6,68.568,1742518189.9355538
7,71.933,1742518189.9355538
0,70.963,1742518189.9857078
1,69.467,1742518189.9857078
2,71.8,1742518189.9857078
3,69.878,1742518189.9857078
4,70.71,1742518189.9857078
5,69.822,1742518189.9857078
6,68.575,1742518189.9857078
7,71.931,1742518189.9857078
0,70.963,1742518190.0358443
1,69.467,1742518190.0358443
2,71.81,1742518190.0358443
3,69.878,1742518190.0358443
4,70.71,1742518190.0358443
5,69.805,1742518190.0358443
6,68.575,1742518190.0358443
7,71.931,1742518190.0358443
0,70.949,1742518190.085988
1,69.439,1742518190.085988
2,71.81,1742518190.085988
3,69.864,1742518190.085988
4,70.716,1742518190.085988
5,69.805,1742518190.085988
6,68.568,1742518190.085988
7,71.931,1742518190.085988
0,70.949,1742518190.1361253
1,69.439,1742518190.1361253
2,71.817,1742518190.1361253
3,69.864,1742518190.1361253
4,70.716,1742518190.1361253
5,69.772,1742518190.1361253
6,68.568,1742518190.1361253
7,71.931,1742518190.1361253
0,70.943,1742518190.186266
1,69.487,1742518190.186266
2,71.817,1742518190.186266
3,69.831,1742518190.186266
4,70.729,1742518190.186266
5,69.772,1742518190.186266
6,68.561,1742518190.186266
7,71.939,1742518190.186266
0,70.943,1742518190.236396
1,69.487,1742518190.236396
2,71.849,1742518190.236396
3,69.831,1742518190.236396
4,70.729,1742518190.236396
5,69.798,1742518190.236396
6,68.561,1742518190.236396
7,71.939,1742518190.236396
0,70.949,1742518190.2865372
1,69.46,1742518190.2865372
2,71.849,1742518190.2865372
3,69.846,1742518190.2865372
4,70.709,1742518190.2865372
5,69.798,1742518190.2865372
6,68.561,1742518190.2865372
7,71.965,1742518190.2865372
0,70.949,1742518190.3366745
1,69.46,1742518190.3366745
2,71.849,1742518190.3366745
3,69.846,1742518190.3366745
4,70.709,1742518190.3366745
5,69.797,1742518190.3366745
6,68.561,1742518190.3366745
7,71.965,1742518190.3366745
0,70.95,1742518190.386903
1,69.494,1742518190.386903
2,71.849,1742518190.386903
3,69.839,1742518190.386903
4,70.73,1742518190.386903
5,69.797,1742518190.386903
6,68.561,1742518190.386903
7,71.993,1742518190.386903
0,70.95,1742518190.4370298
1,69.494,1742518190.4370298
2,71.842,1742518190.4370298
3,69.839,1742518190.4370298
4,70.73,1742518190.4370298
5,69.83,1742518190.4370298
6,68.561,1742518190.4370298
7,71.993,1742518190.4370298
0,70.971,1742518190.4871664
1,69.498,1742518190.4871664
2,71.842,1742518190.4871664
3,69.861,1742518190.4871664
4,70.723,1742518190.4871664
5,69.83,1742518190.4871664
6,68.555,1742518190.4871664
7,71.986,1742518190.4871664
0,70.971,1742518190.5373068
1,69.498,1742518190.5373068
2,71.846,1742518190.5373068
3,69.861,1742518190.5373068
4,70.723,1742518190.5373068
5,69.809,1742518190.5373068
6,68.555,1742518190.5373068
7,71.986,1742518190.5373068
0,70.97,1742518190.5874443
1,69.492,1742518190.5874443
2,71.846,1742518190.5874443
3,69.854,1742518190.5874443
4,70.723,1742518190.5874443
5,69.809,1742518190.5874443
6,68.588,1742518190.5874443
7,71.989,1742518190.5874443
0,70.97,1742518190.6375813
1,69.492,1742518190.6375813
2,71.846,1742518190.6375813
3,69.854,1742518190.6375813
4,70.723,1742518190.6375813
5,69.777,1742518190.6375813
6,68.588,1742518190.6375813
7,71.989,1742518190.6375813
0,70.956,1742518190.6877227
1,69.512,1742518190.6877227
2,71.846,1742518190.6877227
3,69.841,1742518190.6877227
4,70.733,1742518190.6877227
5,69.777,1742518190.6877227
6,68.575,1742518190.6877227
7,71.997,1742518190.6877227
0,70.956,1742518190.7378616
1,69.512,1742518190.7378616
2,71.86,1742518190.7378616
3,69.841,1742518190.7378616
4,70.733,1742518190.7378616
5,69.784,1742518190.7378616
6,68.575,1742518190.7378616
7,71.997,1742518190.7378616
0,70.956,1742518190.7879803
1,69.52,1742518190.7879803
2,71.86,1742518190.7879803
3,69.841,1742518190.7879803
4,70.72,1742518190.7879803
5,69.784,1742518190.7879803
6,68.588,1742518190.7879803
7,71.999,1742518190.7879803
0,70.956,1742518190.8381166
1,69.52,1742518190.8381166
2,71.866,1742518190.8381166
3,69.841,1742518190.8381166
4,70.72,1742518190.8381166
5,69.758,1742518190.8381166
6,68.588,1742518190.8381166
7,71.999,1742518190.8381166
0,70.955,1742518190.888319
1,69.511,1742518190.888319
2,71.866,1742518190.888319
3,69.812,1742518190.888319
4,70.736,1742518190.888319
5,69.758,1742518190.888319
6,68.589,1742518190.888319
7,72.008,1742518190.888319
0,70.955,1742518190.9384553
1,69.511,1742518190.9384553
2,71.873,1742518190.9384553
3,69.812,1742518190.9384553
4,70.736,1742518190.9384553
5,69.813,1742518190.9384553
6,68.589,1742518190.9384553
7,72.008,1742518190.9384553
0,70.949,1742518190.9885955
1,69.53,1742518190.9885955
2,71.873,1742518190.9885955
3,69.813,1742518190.9885955
4,70.736,1742518190.9885955
5,69.813,1742518190.9885955
6,68.582,1742518190.9885955
7,72.023,1742518190.9885955
0,70.949,1742518191.0387328
1,69.53,1742518191.0387328
2,71.866,1742518191.0387328
3,69.813,1742518191.0387328
4,70.736,1742518191.0387328
5,69.804,1742518191.0387328
6,68.582,1742518191.0387328
7,72.023,1742518191.0387328
0,70.963,1742518191.0888586
1,69.512,1742518191.0888586
2,71.866,1742518191.0888586
3,69.813,1742518191.0888586
4,70.716,1742518191.0888586
5,69.804,1742518191.0888586
6,68.574,1742518191.0888586
7,72.03,1742518191.0888586
0,70.963,1742518191.1389956
1,69.512,1742518191.1389956
2,71.853,1742518191.1389956
3,69.838,1742518191.1389956
4,70.716,1742518191.1389956
5,69.846,1742518191.1389956
6,68.574,1742518191.1389956
7,72.03,1742518191.1389956
0,70.962,1742518191.189132
1,69.511,1742518191.189132
2,71.853,1742518191.189132
3,69.838,1742518191.189132
4,70.715,1742518191.189132
5,69.846,1742518191.189132
6,68.581,1742518191.189132
7,72.014,1742518191.189132
0,70.962,1742518191.2392735
1,69.511,1742518191.2392735
2,71.846,1742518191.2392735
3,69.846,1742518191.2392735
4,70.715,1742518191.2392735
5,69.829,1742518191.2392735
6,68.581,1742518191.2392735
7,72.014,1742518191.2392735
0,70.955,1742518191.2893977
1,69.498,1742518191.2893977
2,71.846,1742518191.2893977
3,69.846,1742518191.2893977
4,70.701,1742518191.2893977
5,69.829,1742518191.2893977
6,68.575,1742518191.2893977
7,72.026,1742518191.2893977
0,70.955,1742518191.3395343
1,69.498,1742518191.3395343
2,71.84,1742518191.3395343
3,69.837,1742518191.3395343
4,70.701,1742518191.3395343
5,69.837,1742518191.3395343
6,68.575,1742518191.3395343
7,72.026,1742518191.3395343
0,70.949,1742518191.3896618
1,69.519,1742518191.3896618
2,71.84,1742518191.3896618
3,69.837,1742518191.3896618
4,70.671,1742518191.3896618
5,69.837,1742518191.3896618
6,68.588,1742518191.3896618
7,72.012,1742518191.3896618
0,70.949,1742518191.4397998
1,69.519,1742518191.4397998
2,71.827,1742518191.4397998
3,69.846,1742518191.4397998
4,70.671,1742518191.4397998
5,69.798,1742518191.4397998
6,68.588,1742518191.4397998
7,72.012,1742518191.4397998
0,70.936,1742518191.4899397
1,69.492,1742518191.4899397
2,71.827,1742518191.4899397
3,69.846,1742518191.4899397
4,70.658,1742518191.4899397
5,69.798,1742518191.4899397
6,68.569,1742518191.4899397
7,72.019,1742518191.4899397
0,70.936,1742518191.540077
1,69.492,1742518191.540077
2,71.833,1742518191.540077
3,69.853,1742518191.540077
4,70.658,1742518191.540077
5,69.796,1742518191.540077
6,68.569,1742518191.540077
7,72.019,1742518191.540077
0,70.935,1742518191.590235
1,69.512,1742518191.590235
2,71.833,1742518191.590235
3,69.853,1742518191.590235
4,70.65,1742518191.590235
5,69.796,1742518191.590235
6,68.549,1742518191.590235
7,72.017,1742518191.590235
0,70.935,1742518191.6403716
1,69.512,1742518191.6403716
2,71.84,1742518191.6403716
3,69.845,1742518191.6403716
4,70.65,1742518191.6403716
5,69.825,1742518191.6403716
6,68.549,1742518191.6403716
7,72.017,1742518191.6403716
0,70.936,1742518191.6905117
1,69.479,1742518191.6905117
2,71.84,1742518191.6905117
3,69.845,1742518191.6905117
4,70.636,1742518191.6905117
5,69.825,1742518191.6905117
6,68.555,1742518191.6905117
7,72.015,1742518191.6905117
0,70.936,1742518191.7406497
1,69.479,1742518191.7406497
2,71.84,1742518191.7406497
3,69.867,1742518191.7406497
4,70.636,1742518191.7406497
5,69.802,1742518191.7406497
6,68.555,1742518191.7406497
7,72.015,1742518191.7406497
0,70.944,1742518191.790788
1,69.527,1742518191.790788
2,71.84,1742518191.790788
3,69.867,1742518191.790788
4,70.643,1742518191.790788
5,69.802,1742518191.790788
6,68.549,1742518191.790788
7,72.034,1742518191.790788
0,70.944,1742518191.840925
1,69.527,1742518191.840925
2,71.84,1742518191.840925
3,69.868,1742518191.840925
4,70.643,1742518191.840925
5,69.822,1742518191.840925
6,68.549,1742518191.840925
7,72.034,1742518191.840925
0,70.958,1742518191.8910627
1,69.498,1742518191.8910627
2,71.84,1742518191.8910627
3,69.868,1742518191.8910627
4,70.644,1742518191.8910627
5,69.822,1742518191.8910627
6,68.555,1742518191.8910627
7,72.022,1742518191.8910627
0,70.958,1742518191.9411929
1,69.498,1742518191.9411929
2,71.84,1742518191.9411929
3,69.895,1742518191.9411929
4,70.644,1742518191.9411929
5,69.79,1742518191.9411929
6,68.555,1742518191.9411929
7,72.022,1742518191.9411929
0,70.95,1742518191.9913304
1,69.505,1742518191.9913304
2,71.84,1742518191.9913304
3,69.895,1742518191.9913304
4,70.624,1742518191.9913304
5,69.79,1742518191.9913304
6,68.542,1742518191.9913304
7,72.003,1742518191.9913304
0,70.95,1742518192.0414686
1,69.505,1742518192.0414686
2,71.83,1742518192.0414686
3,69.891,1742518192.0414686
4,70.624,1742518192.0414686
5,69.793,1742518192.0414686
6,68.542,1742518192.0414686
7,72.003,1742518192.0414686
0,70.958,1742518192.0916069
1,69.485,1742518192.0916069
2,71.83,1742518192.0916069
3,69.891,1742518192.0916069
4,70.604,1742518192.0916069
5,69.793,1742518192.0916069
6,68.555,1742518192.0916069
7,71.997,1742518192.0916069
0,70.958,1742518192.1417437
1,69.485,1742518192.1417437
2,71.836,1742518192.1417437
3,69.89,1742518192.1417437
4,70.604,1742518192.1417437
5,69.793,1742518192.1417437
6,68.555,1742518192.1417437
7,71.997,1742518192.1417437
0,70.957,1742518192.1918683
1,69.519,1742518192.1918683
2,71.836,1742518192.1918683
3,69.89,1742518192.1918683
4,70.611,1742518192.1918683
5,69.786,1742518192.1918683
6,68.555,1742518192.1918683
7,72.002,1742518192.1918683
0,70.957,1742518192.242006
1,69.519,1742518192.242006
2,71.836,1742518192.242006
3,69.88,1742518192.242006
4,70.611,1742518192.242006
5,69.786,1742518192.242006
6,68.55,1742518192.242006
7,72.002,1742518192.242006
0,70.958,1742518192.2921457
1,69.51,1742518192.2921457
2,71.849,1742518192.2921457
3,69.88,1742518192.2921457
4,70.625,1742518192.2921457
5,69.765,1742518192.2921457
6,68.55,1742518192.2921457
7,71.988,1742518192.2921457
0,70.958,1742518192.3422823
1,69.51,1742518192.3422823
2,71.849,1742518192.3422823
3,69.872,1742518192.3422823
4,70.625,1742518192.3422823
5,69.765,1742518192.3422823
6,68.53,1742518192.3422823
7,71.988,1742518192.3422823
0,70.963,1742518192.3924196
1,69.533,1742518192.3924196
2,71.856,1742518192.3924196
3,69.872,1742518192.3924196
4,70.62,1742518192.3924196
5,69.791,1742518192.3924196
6,68.53,1742518192.3924196
7,71.987,1742518192.3924196
0,70.963,1742518192.4425564
1,69.533,1742518192.4425564
2,71.856,1742518192.4425564
3,69.851,1742518192.4425564
4,70.62,1742518192.4425564
5,69.791,1742518192.4425564
6,68.53,1742518192.4425564
7,71.987,1742518192.4425564
0,70.95,1742518192.4926817
1,69.519,1742518192.4926817
2,71.873,1742518192.4926817
3,69.851,1742518192.4926817
4,70.635,1742518192.4926817
5,69.771,1742518192.4926817
6,68.53,1742518192.4926817
7,71.987,1742518192.4926817
0,70.95,1742518192.542823
1,69.519,1742518192.542823
2,71.873,1742518192.542823
3,69.858,1742518192.542823
4,70.635,1742518192.542823
5,69.771,1742518192.542823
6,68.537,1742518192.542823
7,72.014,1742518192.542823
0,70.963,1742518192.5929523
1,69.532,1742518192.5929523
2,71.88,1742518192.5929523
3,69.858,1742518192.5929523
4,70.628,1742518192.5929523
5,69.799,1742518192.5929523
6,68.537,1742518192.5929523
7,72.014,1742518192.5929523
0,70.963,1742518192.64309
1,69.532,1742518192.64309
2,71.88,1742518192.64309
3,69.857,1742518192.64309
4,70.628,1742518192.64309
5,69.799,1742518192.64309
6,68.554,1742518192.64309
7,72.001,1742518192.64309
0,70.963,1742518192.6932292
1,69.524,1742518192.6932292
2,71.875,1742518192.6932292
3,69.857,1742518192.6932292
4,70.636,1742518192.6932292
5,69.771,1742518192.6932292
6,68.554,1742518192.6932292
7,72.001,1742518192.6932292
0,70.978,1742518192.7433653
1,69.524,1742518192.7433653
2,71.875,1742518192.7433653
3,69.837,1742518192.7433653
4,70.636,1742518192.7433653
5,69.771,1742518192.7433653
6,68.55,1742518192.7433653
7,72.007,1742518192.7433653
0,70.978,1742518192.7934911
1,69.525,1742518192.7934911
2,71.873,1742518192.7934911
3,69.837,1742518192.7934911
4,70.622,1742518192.7934911
5,69.771,1742518192.7934911
6,68.55,1742518192.7934911
7,72.007,1742518192.7934911
0,70.978,1742518192.8436189
1,69.525,1742518192.8436189
2,71.873,1742518192.8436189
3,69.845,1742518192.8436189
4,70.622,1742518192.8436189
5,69.771,1742518192.8436189
6,68.554,1742518192.8436189
7,72.017,1742518192.8436189
0,70.978,1742518192.8937476
1,69.525,1742518192.8937476
2,71.867,1742518192.8937476
3,69.845,1742518192.8937476
4,70.637,1742518192.8937476
5,69.777,1742518192.8937476
6,68.554,1742518192.8937476
7,72.017,1742518192.8937476
0,70.963,1742518192.9438736
1,69.525,1742518192.9438736
2,71.867,1742518192.9438736
3,69.846,1742518192.9438736
4,70.637,1742518192.9438736
5,69.777,1742518192.9438736
6,68.535,1742518192.9438736
7,72.011,1742518192.9438736
0,70.963,1742518192.9940138
1,69.54,1742518192.9940138
2,71.873,1742518192.9940138
3,69.846,1742518192.9940138
4,70.643,1742518192.9940138
5,69.763,1742518192.9940138
6,68.535,1742518192.9940138
7,72.011,1742518192.9940138
0,70.984,1742518193.0441382
1,69.54,1742518193.0441382
2,71.873,1742518193.0441382
3,69.846,1742518193.0441382
4,70.643,1742518193.0441382
5,69.763,1742518193.0441382
6,68.541,1742518193.0441382
7,72.011,1742518193.0441382
0,70.984,1742518193.0942755
1,69.536,1742518193.0942755
2,71.867,1742518193.0942755
3,69.846,1742518193.0942755
4,70.651,1742518193.0942755
5,69.788,1742518193.0942755
6,68.541,1742518193.0942755
7,72.011,1742518193.0942755
0,70.977,1742518193.1444125
1,69.536,1742518193.1444125
2,71.867,1742518193.1444125
3,69.845,1742518193.1444125
4,70.651,1742518193.1444125
5,69.788,1742518193.1444125
6,68.554,1742518193.1444125
7,72.022,1742518193.1444125
0,70.977,1742518193.1945543
1,69.533,1742518193.1945543
2,71.867,1742518193.1945543
3,69.845,1742518193.1945543
4,70.685,1742518193.1945543
5,69.77,1742518193.1945543
6,68.554,1742518193.1945543
7,72.022,1742518193.1945543
0,70.991,1742518193.244691
1,69.533,1742518193.244691
2,71.867,1742518193.244691
3,69.859,1742518193.244691
4,70.685,1742518193.244691
5,69.77,1742518193.244691
6,68.554,1742518193.244691
7,72.019,1742518193.244691
0,70.991,1742518193.2948167
1,69.512,1742518193.2948167
2,71.847,1742518193.2948167
3,69.859,1742518193.2948167
4,70.707,1742518193.2948167
5,69.792,1742518193.2948167
6,68.554,1742518193.2948167
7,72.019,1742518193.2948167
0,70.997,1742518193.3449528
1,69.512,1742518193.3449528
2,71.847,1742518193.3449528
3,69.867,1742518193.3449528
4,70.707,1742518193.3449528
5,69.792,1742518193.3449528
6,68.561,1742518193.3449528
7,72.009,1742518193.3449528
0,70.997,1742518193.3950927
1,69.513,1742518193.3950927
2,71.847,1742518193.3950927
3,69.867,1742518193.3950927
4,70.735,1742518193.3950927
5,69.779,1742518193.3950927
6,68.561,1742518193.3950927
7,72.009,1742518193.3950927
0,70.997,1742518193.4452734
1,69.513,1742518193.4452734
2,71.847,1742518193.4452734
3,69.873,1742518193.4452734
4,70.735,1742518193.4452734
5,69.779,1742518193.4452734
6,68.574,1742518193.4452734
7,72.001,1742518193.4452734
0,70.997,1742518193.4955006
1,69.5,1742518193.4955006
2,71.84,1742518193.4955006
3,69.873,1742518193.4955006
4,70.72,1742518193.4955006
5,69.811,1742518193.4955006
6,68.574,1742518193.4955006
7,72.001,1742518193.4955006
0,70.997,1742518193.5456371
1,69.5,1742518193.5456371
2,71.84,1742518193.5456371
3,69.868,1742518193.5456371
4,70.72,1742518193.5456371
5,69.811,1742518193.5456371
6,68.581,1742518193.5456371
7,71.99,1742518193.5456371
0,70.997,1742518193.5957773
1,69.514,1742518193.5957773
2,71.84,1742518193.5957773
3,69.868,1742518193.5957773
4,70.707,1742518193.5957773
5,69.805,1742518193.5957773
6,68.581,1742518193.5957773
7,71.99,1742518193.5957773
0,70.984,1742518193.6459143
1,69.514,1742518193.6459143
2,71.84,1742518193.6459143
3,69.862,1742518193.6459143
4,70.707,1742518193.6459143
5,69.805,1742518193.6459143
6,68.588,1742518193.6459143
7,71.99,1742518193.6459143
0,70.984,1742518193.6960526
1,69.494,1742518193.6960526
2,71.824,1742518193.6960526
3,69.862,1742518193.6960526
4,70.706,1742518193.6960526
5,69.803,1742518193.6960526
6,68.588,1742518193.6960526
7,71.99,1742518193.6960526
0,70.977,1742518193.7461846
1,69.494,1742518193.7461846
2,71.824,1742518193.7461846
3,69.868,1742518193.7461846
4,70.706,1742518193.7461846
5,69.803,1742518193.7461846
6,68.574,1742518193.7461846
7,71.989,1742518193.7461846
0,70.977,1742518193.7963226
1,69.515,1742518193.7963226
2,71.828,1742518193.7963226
3,69.868,1742518193.7963226
4,70.732,1742518193.7963226
5,69.819,1742518193.7963226
6,68.574,1742518193.7963226
7,71.989,1742518193.7963226
0,70.963,1742518193.8464477
1,69.515,1742518193.8464477
2,71.828,1742518193.8464477
3,69.866,1742518193.8464477
4,70.732,1742518193.8464477
5,69.819,1742518193.8464477
6,68.587,1742518193.8464477
7,71.999,1742518193.8464477
0,70.963,1742518193.8965771
1,69.508,1742518193.8965771
2,71.837,1742518193.8965771
3,69.866,1742518193.8965771
4,70.733,1742518193.8965771
5,69.79,1742518193.8965771
6,68.587,1742518193.8965771
7,71.999,1742518193.8965771
0,70.963,1742518193.946715
1,69.508,1742518193.946715
2,71.837,1742518193.946715
3,69.878,1742518193.946715
4,70.733,1742518193.946715
5,69.79,1742518193.946715
6,68.587,1742518193.946715
7,71.985,1742518193.946715
0,70.963,1742518193.9968405
1,69.501,1742518193.9968405
2,71.821,1742518193.9968405
3,69.878,1742518193.9968405
4,70.717,1742518193.9968405
5,69.82,1742518193.9968405
6,68.587,1742518193.9968405
7,71.985,1742518193.9968405
0,70.963,1742518194.046977
1,69.501,1742518194.046977
2,71.821,1742518194.046977
3,69.874,1742518194.046977
4,70.717,1742518194.046977
5,69.82,1742518194.046977
6,68.588,1742518194.046977
7,71.988,1742518194.046977
0,70.963,1742518194.0971146
1,69.499,1742518194.0971146
2,71.824,1742518194.0971146
3,69.874,1742518194.0971146
4,70.709,1742518194.0971146
5,69.798,1742518194.0971146
6,68.588,1742518194.0971146
7,71.988,1742518194.0971146
0,70.963,1742518194.1472514
1,69.499,1742518194.1472514
2,71.824,1742518194.1472514
3,69.869,1742518194.1472514
4,70.709,1742518194.1472514
5,69.798,1742518194.1472514
6,68.601,1742518194.1472514
7,71.977,1742518194.1472514
0,70.963,1742518194.1973922
1,69.525,1742518194.1973922
2,71.814,1742518194.1973922
3,69.869,1742518194.1973922
4,70.688,1742518194.1973922
5,69.805,1742518194.1973922
6,68.601,1742518194.1973922
7,71.977,1742518194.1973922
0,70.963,1742518194.2475727
1,69.525,1742518194.2475727
2,71.814,1742518194.2475727
3,69.862,1742518194.2475727
4,70.688,1742518194.2475727
5,69.805,1742518194.2475727
6,68.613,1742518194.2475727
7,71.969,1742518194.2475727
0,70.963,1742518194.2977157
1,69.518,1742518194.2977157
2,71.821,1742518194.2977157
3,69.862,1742518194.2977157
4,70.686,1742518194.2977157
5,69.81,1742518194.2977157
6,68.613,1742518194.2977157
7,71.969,1742518194.2977157
0,70.934,1742518194.3478458
1,69.518,1742518194.3478458
2,71.821,1742518194.3478458
3,69.855,1742518194.3478458
4,70.686,1742518194.3478458
5,69.81,1742518194.3478458
6,68.607,1742518194.3478458
7,71.976,1742518194.3478458
0,70.934,1742518194.3979843
1,69.518,1742518194.3979843
2,71.814,1742518194.3979843
3,69.855,1742518194.3979843
4,70.681,1742518194.3979843
5,69.791,1742518194.3979843
6,68.607,1742518194.3979843
7,71.976,1742518194.3979843
0,70.913,1742518194.4481223
1,69.531,1742518194.4481223
2,71.814,1742518194.4481223
3,69.849,1742518194.4481223
4,70.681,1742518194.4481223
5,69.791,1742518194.4481223
6,68.594,1742518194.4481223
7,71.982,1742518194.4481223
0,70.913,1742518194.4982626
1,69.531,1742518194.4982626
2,71.801,1742518194.4982626
3,69.849,1742518194.4982626
4,70.681,1742518194.4982626
5,69.805,1742518194.4982626
6,68.594,1742518194.4982626
7,71.982,1742518194.4982626
0,70.927,1742518194.5484042
1,69.534,1742518194.5484042
2,71.801,1742518194.5484042
3,69.862,1742518194.5484042
4,70.681,1742518194.5484042
5,69.805,1742518194.5484042
6,68.594,1742518194.5484042
7,71.995,1742518194.5484042
0,70.927,1742518194.598545
1,69.534,1742518194.598545
2,71.794,1742518194.598545
3,69.862,1742518194.598545
4,70.681,1742518194.598545
5,69.78,1742518194.598545
6,68.594,1742518194.598545
7,71.995,1742518194.598545
0,70.941,1742518194.6486874
1,69.535,1742518194.6486874
2,71.794,1742518194.6486874
3,69.883,1742518194.6486874
4,70.667,1742518194.6486874
5,69.78,1742518194.6486874
6,68.582,1742518194.6486874
7,71.993,1742518194.6486874
0,70.941,1742518194.6988275
1,69.535,1742518194.6988275
2,71.781,1742518194.6988275
3,69.883,1742518194.6988275
4,70.667,1742518194.6988275
5,69.806,1742518194.6988275
6,68.582,1742518194.6988275
7,71.993,1742518194.6988275
0,70.926,1742518194.7489562
1,69.548,1742518194.7489562
2,71.781,1742518194.7489562
3,69.884,1742518194.7489562
4,70.659,1742518194.7489562
5,69.806,1742518194.7489562
6,68.588,1742518194.7489562
7,71.973,1742518194.7489562
0,70.926,1742518194.799082
1,69.548,1742518194.799082
2,71.761,1742518194.799082
3,69.884,1742518194.799082
4,70.659,1742518194.799082
5,69.792,1742518194.799082
6,68.588,1742518194.799082
7,71.973,1742518194.799082
0,70.912,1742518194.8491821
1,69.518,1742518194.8491821
2,71.761,1742518194.8491821
3,69.877,1742518194.8491821
4,70.658,1742518194.8491821
5,69.792,1742518194.8491821
6,68.58,1742518194.8491821
7,71.98,1742518194.8491821
0,70.912,1742518194.8993113
1,69.518,1742518194.8993113
2,71.767,1742518194.8993113
3,69.877,1742518194.8993113
4,70.658,1742518194.8993113
5,69.81,1742518194.8993113
6,68.58,1742518194.8993113
7,71.98,1742518194.8993113
0,70.905,1742518194.949447
1,69.515,1742518194.949447
2,71.767,1742518194.949447
3,69.859,1742518194.949447
4,70.645,1742518194.949447
5,69.81,1742518194.949447
6,68.607,1742518194.949447
7,72.001,1742518194.949447
0,70.905,1742518194.999571
1,69.515,1742518194.999571
2,71.767,1742518194.999571
3,69.859,1742518194.999571
4,70.645,1742518194.999571
5,69.796,1742518194.999571
6,68.607,1742518194.999571
7,72.001,1742518194.999571
0,70.912,1742518195.0497198
1,69.522,1742518195.0497198
2,71.767,1742518195.0497198
3,69.846,1742518195.0497198
4,70.632,1742518195.0497198
5,69.796,1742518195.0497198
6,68.613,1742518195.0497198
7,72.021,1742518195.0497198
0,70.912,1742518195.099859
1,69.522,1742518195.099859
2,71.781,1742518195.099859
3,69.846,1742518195.099859
4,70.632,1742518195.099859
5,69.787,1742518195.099859
6,68.613,1742518195.099859
7,72.021,1742518195.099859
0,70.912,1742518195.1500394
1,69.519,1742518195.1500394
2,71.781,1742518195.1500394
3,69.833,1742518195.1500394
4,70.625,1742518195.1500394
5,69.787,1742518195.1500394
6,68.607,1742518195.1500394
7,72.008,1742518195.1500394
0,70.912,1742518195.200164
1,69.519,1742518195.200164
2,71.787,1742518195.200164
3,69.833,1742518195.200164
4,70.625,1742518195.200164
5,69.807,1742518195.200164
6,68.607,1742518195.200164
7,72.008,1742518195.200164
0,70.926,1742518195.2503018
1,69.522,1742518195.2503018
2,71.787,1742518195.2503018
3,69.848,1742518195.2503018
4,70.633,1742518195.2503018
5,69.807,1742518195.2503018
6,68.607,1742518195.2503018
7,72.02,1742518195.2503018
0,70.926,1742518195.3004792
1,69.522,1742518195.3004792
2,71.771,1742518195.3004792
3,69.848,1742518195.3004792
4,70.633,1742518195.3004792
5,69.78,1742518195.3004792
6,68.607,1742518195.3004792
7,72.02,1742518195.3004792
0,70.935,1742518195.3506227
1,69.522,1742518195.3506227
2,71.771,1742518195.3506227
3,69.832,1742518195.3506227
4,70.633,1742518195.3506227
5,69.78,1742518195.3506227
6,68.613,1742518195.3506227
7,72.014,1742518195.3506227
0,70.935,1742518195.4007568
1,69.522,1742518195.4007568
2,71.752,1742518195.4007568
3,69.832,1742518195.4007568
4,70.633,1742518195.4007568
5,69.8,1742518195.4007568
6,68.613,1742518195.4007568
7,72.014,1742518195.4007568
0,70.942,1742518195.450882
1,69.509,1742518195.450882
2,71.752,1742518195.450882
3,69.84,1742518195.450882
4,70.626,1742518195.450882
5,69.8,1742518195.450882
6,68.594,1742518195.450882
7,71.993,1742518195.450882
0,70.942,1742518195.501007
1,69.509,1742518195.501007
2,71.758,1742518195.501007
3,69.84,1742518195.501007
4,70.626,1742518195.501007
5,69.799,1742518195.501007
6,68.594,1742518195.501007
7,71.993,1742518195.501007
0,70.962,1742518195.5511446
1,69.52,1742518195.5511446
2,71.758,1742518195.5511446
3,69.861,1742518195.5511446
4,70.64,1742518195.5511446
5,69.799,1742518195.5511446
6,68.607,1742518195.5511446
7,72.0,1742518195.5511446
0,70.962,1742518195.6013198
1,69.52,1742518195.6013198
2,71.758,1742518195.6013198
3,69.861,1742518195.6013198
4,70.64,1742518195.6013198
5,69.806,1742518195.6013198
6,68.607,1742518195.6013198
7,72.0,1742518195.6013198
0,70.96,1742518195.6514573
1,69.513,1742518195.6514573
2,71.758,1742518195.6514573
3,69.845,1742518195.6514573
4,70.606,1742518195.6514573
5,69.806,1742518195.6514573
6,68.6,1742518195.6514573
7,72.003,1742518195.6514573
0,70.96,1742518195.7015963
1,69.513,1742518195.7015963
2,71.784,1742518195.7015963
3,69.845,1742518195.7015963
4,70.606,1742518195.7015963
5,69.81,1742518195.7015963
6,68.6,1742518195.7015963
7,72.003,1742518195.7015963
0,70.962,1742518195.7517776
1,69.514,1742518195.7517776
2,71.784,1742518195.7517776
3,69.84,1742518195.7517776
4,70.6,1742518195.7517776
5,69.81,1742518195.7517776
6,68.62,1742518195.7517776
7,71.996,1742518195.7517776
0,70.962,1742518195.8019133
1,69.514,1742518195.8019133
2,71.8,1742518195.8019133
3,69.84,1742518195.8019133
4,70.6,1742518195.8019133
5,69.781,1742518195.8019133
6,68.62,1742518195.8019133
7,71.996,1742518195.8019133
0,70.976,1742518195.8520045
1,69.534,1742518195.8520045
2,71.8,1742518195.8520045
3,69.845,1742518195.8520045
4,70.601,1742518195.8520045
5,69.781,1742518195.8520045
6,68.633,1742518195.8520045
7,71.995,1742518195.8520045
0,70.976,1742518195.9021418
1,69.534,1742518195.9021418
2,71.807,1742518195.9021418
3,69.845,1742518195.9021418
4,70.601,1742518195.9021418
5,69.809,1742518195.9021418
6,68.633,1742518195.9021418
7,71.995,1742518195.9021418
0,70.984,1742518195.9522667
1,69.547,1742518195.9522667
2,71.807,1742518195.9522667
3,69.847,1742518195.9522667
4,70.642,1742518195.9522667
5,69.809,1742518195.9522667
6,68.627,1742518195.9522667
7,71.996,1742518195.9522667
0,70.984,1742518196.0025418
1,69.547,1742518196.0025418
2,71.814,1742518196.0025418
3,69.847,1742518196.0025418
4,70.642,1742518196.0025418
5,69.785,1742518196.0025418
6,68.627,1742518196.0025418
7,71.996,1742518196.0025418
0,70.983,1742518196.0526812
1,69.534,1742518196.0526812
2,71.814,1742518196.0526812
3,69.855,1742518196.0526812
4,70.656,1742518196.0526812
5,69.785,1742518196.0526812
6,68.633,1742518196.0526812
7,71.965,1742518196.0526812
0,70.983,1742518196.102825
1,69.534,1742518196.102825
2,71.8,1742518196.102825
3,69.855,1742518196.102825
4,70.656,1742518196.102825
5,69.801,1742518196.102825
6,68.633,1742518196.102825
7,71.965,1742518196.102825
0,70.975,1742518196.1529667
1,69.534,1742518196.1529667
2,71.8,1742518196.1529667
3,69.88,1742518196.1529667
4,70.657,1742518196.1529667
5,69.801,1742518196.1529667
6,68.627,1742518196.1529667
7,71.965,1742518196.1529667
0,70.975,1742518196.2030964
1,69.534,1742518196.2030964
2,71.8,1742518196.2030964
3,69.88,1742518196.2030964
4,70.657,1742518196.2030964
5,69.79,1742518196.2030964
6,68.627,1742518196.2030964
7,71.965,1742518196.2030964
0,70.962,1742518196.2532413
1,69.508,1742518196.2532413
2,71.8,1742518196.2532413
3,69.861,1742518196.2532413
4,70.65,1742518196.2532413
5,69.79,1742518196.2532413
6,68.613,1742518196.2532413
7,71.949,1742518196.2532413
0,70.962,1742518196.3033538
1,69.508,1742518196.3033538
2,71.807,1742518196.3033538
3,69.861,1742518196.3033538
4,70.65,1742518196.3033538
5,69.811,1742518196.3033538
6,68.613,1742518196.3033538
7,71.949,1742518196.3033538
0,70.95,1742518196.353492
1,69.513,1742518196.353492
2,71.807,1742518196.353492
3,69.876,1742518196.353492
4,70.637,1742518196.353492
5,69.811,1742518196.353492
6,68.607,1742518196.353492
7,71.951,1742518196.353492
0,70.95,1742518196.4036334
1,69.513,1742518196.4036334
2,71.827,1742518196.4036334
3,69.876,1742518196.4036334
4,70.637,1742518196.4036334
5,69.815,1742518196.4036334
6,68.607,1742518196.4036334
7,71.951,1742518196.4036334
0,70.948,1742518196.453771
1,69.515,1742518196.453771
2,71.827,1742518196.453771
3,69.855,1742518196.453771
4,70.656,1742518196.453771
5,69.815,1742518196.453771
6,68.607,1742518196.453771
7,71.94,1742518196.453771
0,70.948,1742518196.5038984
1,69.515,1742518196.5038984
2,71.833,1742518196.5038984
3,69.855,1742518196.5038984
4,70.656,1742518196.5038984
5,69.796,1742518196.5038984
6,68.607,1742518196.5038984
7,71.94,1742518196.5038984
0,70.948,1742518196.5540392
1,69.53,1742518196.5540392
2,71.833,1742518196.5540392
3,69.839,1742518196.5540392
4,70.672,1742518196.5540392
5,69.796,1742518196.5540392
6,68.607,1742518196.5540392
7,71.95,1742518196.5540392
0,70.948,1742518196.6041777
1,69.53,1742518196.6041777
2,71.846,1742518196.6041777
3,69.839,1742518196.6041777
4,70.672,1742518196.6041777
5,69.812,1742518196.6041777
6,68.607,1742518196.6041777
7,71.95,1742518196.6041777
0,70.935,1742518196.654317
1,69.515,1742518196.654317
2,71.846,1742518196.654317
3,69.838,1742518196.654317
4,70.697,1742518196.654317
5,69.812,1742518196.654317
6,68.627,1742518196.654317
7,71.955,1742518196.654317
0,70.935,1742518196.7044554
1,69.515,1742518196.7044554
2,71.833,1742518196.7044554
3,69.838,1742518196.7044554
4,70.697,1742518196.7044554
5,69.793,1742518196.7044554
6,68.627,1742518196.7044554
7,71.955,1742518196.7044554
0,70.941,1742518196.7545948
1,69.515,1742518196.7545948
2,71.833,1742518196.7545948
3,69.83,1742518196.7545948
4,70.712,1742518196.7545948
5,69.793,1742518196.7545948
6,68.62,1742518196.7545948
7,71.967,1742518196.7545948
0,70.941,1742518196.8047283
1,69.515,1742518196.8047283
2,71.826,1742518196.8047283
3,69.83,1742518196.8047283
4,70.712,1742518196.8047283
5,69.825,1742518196.8047283
6,68.62,1742518196.8047283
7,71.967,1742518196.8047283
0,70.955,1742518196.8548672
1,69.501,1742518196.8548672
2,71.826,1742518196.8548672
3,69.824,1742518196.8548672
4,70.745,1742518196.8548672
5,69.825,1742518196.8548672
6,68.62,1742518196.8548672
7,71.959,1742518196.8548672
0,70.955,1742518196.9050066
1,69.501,1742518196.9050066
2,71.829,1742518196.9050066
3,69.824,1742518196.9050066
4,70.745,1742518196.9050066
5,69.811,1742518196.9050066
6,68.62,1742518196.9050066
7,71.959,1742518196.9050066
0,70.963,1742518196.955138
1,69.501,1742518196.955138
2,71.829,1742518196.955138
3,69.81,1742518196.955138
4,70.74,1742518196.955138
5,69.811,1742518196.955138
6,68.594,1742518196.955138
7,71.952,1742518196.955138
0,70.963,1742518197.0052776
1,69.501,1742518197.0052776
2,71.816,1742518197.0052776
3,69.81,1742518197.0052776
4,70.74,1742518197.0052776
5,69.833,1742518197.0052776
6,68.594,1742518197.0052776
7,71.952,1742518197.0052776
0,70.955,1742518197.0554159
1,69.493,1742518197.0554159
2,71.816,1742518197.0554159
3,69.817,1742518197.0554159
4,70.735,1742518197.0554159
5,69.833,1742518197.0554159
6,68.587,1742518197.0554159
7,71.962,1742518197.0554159
0,70.955,1742518197.105555
1,69.493,1742518197.105555
2,71.816,1742518197.105555
3,69.817,1742518197.105555
4,70.735,1742518197.105555
5,69.84,1742518197.105555
6,68.587,1742518197.105555
7,71.962,1742518197.105555
0,70.956,1742518197.1556962
1,69.507,1742518197.1556962
2,71.816,1742518197.1556962
3,69.811,1742518197.1556962
4,70.726,1742518197.1556962
5,69.84,1742518197.1556962
6,68.576,1742518197.1556962
7,71.968,1742518197.1556962
0,70.956,1742518197.2058287
1,69.507,1742518197.2058287
2,71.829,1742518197.2058287
3,69.811,1742518197.2058287
4,70.726,1742518197.2058287
5,69.824,1742518197.2058287
6,68.576,1742518197.2058287
7,71.968,1742518197.2058287
0,70.962,1742518197.255967
1,69.5,1742518197.255967
2,71.829,1742518197.255967
3,69.824,1742518197.255967
4,70.72,1742518197.255967
5,69.824,1742518197.255967
6,68.582,1742518197.255967
7,71.968,1742518197.255967
0,70.962,1742518197.306077
1,69.5,1742518197.306077
2,71.84,1742518197.306077
3,69.824,1742518197.306077
4,70.72,1742518197.306077
5,69.829,1742518197.306077
6,68.582,1742518197.306077
7,71.968,1742518197.306077
0,70.96,1742518197.3562157
1,69.514,1742518197.3562157
2,71.84,1742518197.3562157
3,69.824,1742518197.3562157
4,70.726,1742518197.3562157
5,69.829,1742518197.3562157
6,68.588,1742518197.3562157
7,71.963,1742518197.3562157
0,70.96,1742518197.406345
1,69.514,1742518197.406345
2,71.823,1742518197.406345
3,69.824,1742518197.406345
4,70.726,1742518197.406345
5,69.798,1742518197.406345
6,68.588,1742518197.406345
7,71.963,1742518197.406345
0,70.962,1742518197.4564857
1,69.473,1742518197.4564857
2,71.823,1742518197.4564857
3,69.824,1742518197.4564857
4,70.724,1742518197.4564857
5,69.798,1742518197.4564857
6,68.601,1742518197.4564857
7,71.987,1742518197.4564857
0,70.962,1742518197.5066237
1,69.473,1742518197.5066237
2,71.82,1742518197.5066237
3,69.845,1742518197.5066237
4,70.724,1742518197.5066237
5,69.831,1742518197.5066237
6,68.601,1742518197.5066237
7,71.987,1742518197.5066237
0,70.955,1742518197.5567513
1,69.478,1742518197.5567513
2,71.82,1742518197.5567513
3,69.845,1742518197.5567513
4,70.722,1742518197.5567513
5,69.831,1742518197.5567513
6,68.62,1742518197.5567513
7,72.0,1742518197.5567513
0,70.955,1742518197.606892
1,69.478,1742518197.606892
2,71.814,1742518197.606892
3,69.858,1742518197.606892
4,70.722,1742518197.606892
5,69.82,1742518197.606892
6,68.62,1742518197.606892
7,72.0,1742518197.606892
0,70.961,1742518197.657031
1,69.478,1742518197.657031
2,71.814,1742518197.657031
3,69.858,1742518197.657031
4,70.681,1742518197.657031
5,69.82,1742518197.657031
6,68.588,1742518197.657031
7,71.978,1742518197.657031
0,70.961,1742518197.7071586
1,69.478,1742518197.7071586
2,71.81,1742518197.7071586
3,69.85,1742518197.7071586
4,70.681,1742518197.7071586
5,69.801,1742518197.7071586
6,68.588,1742518197.7071586
7,71.978,1742518197.7071586
0,70.969,1742518197.7572997
1,69.494,1742518197.7572997
2,71.81,1742518197.7572997
3,69.85,1742518197.7572997
4,70.661,1742518197.7572997
5,69.801,1742518197.7572997
6,68.581,1742518197.7572997
7,71.979,1742518197.7572997
0,70.969,1742518197.8074398
1,69.494,1742518197.8074398
2,71.813,1742518197.8074398
3,69.853,1742518197.8074398
4,70.661,1742518197.8074398
5,69.806,1742518197.8074398
6,68.581,1742518197.8074398
7,71.979,1742518197.8074398
0,70.955,1742518197.8575788
1,69.459,1742518197.8575788
2,71.813,1742518197.8575788
3,69.853,1742518197.8575788
4,70.626,1742518197.8575788
5,69.806,1742518197.8575788
6,68.556,1742518197.8575788
7,71.987,1742518197.8575788
0,70.955,1742518197.9077163
1,69.459,1742518197.9077163
2,71.813,1742518197.9077163
3,69.873,1742518197.9077163
4,70.626,1742518197.9077163
5,69.79,1742518197.9077163
6,68.556,1742518197.9077163
7,71.987,1742518197.9077163
0,70.954,1742518197.9578428
1,69.477,1742518197.9578428
2,71.836,1742518197.9578428
3,69.873,1742518197.9578428
4,70.619,1742518197.9578428
5,69.79,1742518197.9578428
6,68.556,1742518197.9578428
7,72.006,1742518197.9578428
0,70.954,1742518198.0080302
1,69.477,1742518198.0080302
2,71.836,1742518198.0080302
3,69.872,1742518198.0080302
4,70.619,1742518198.0080302
5,69.805,1742518198.0080302
6,68.556,1742518198.0080302
7,72.006,1742518198.0080302
0,70.947,1742518198.058172
1,69.477,1742518198.058172
2,71.846,1742518198.058172
3,69.872,1742518198.058172
4,70.624,1742518198.058172
5,69.805,1742518198.058172
6,68.569,1742518198.058172
7,72.012,1742518198.058172
0,70.947,1742518198.10831
1,69.477,1742518198.10831
2,71.846,1742518198.10831
3,69.865,1742518198.10831
4,70.624,1742518198.10831
5,69.783,1742518198.10831
6,68.569,1742518198.10831
7,72.012,1742518198.10831
0,70.947,1742518198.158453
1,69.493,1742518198.158453
2,71.847,1742518198.158453
3,69.865,1742518198.158453
4,70.611,1742518198.158453
5,69.783,1742518198.158453
6,68.569,1742518198.158453
7,72.006,1742518198.158453
0,70.947,1742518198.208592
1,69.493,1742518198.208592
2,71.847,1742518198.208592
3,69.871,1742518198.208592
4,70.611,1742518198.208592
5,69.805,1742518198.208592
6,68.569,1742518198.208592
7,72.006,1742518198.208592
0,70.948,1742518198.258734
1,69.465,1742518198.258734
2,71.84,1742518198.258734
3,69.871,1742518198.258734
4,70.597,1742518198.258734
5,69.805,1742518198.258734
6,68.567,1742518198.258734
7,71.993,1742518198.258734
0,70.948,1742518198.3088627
1,69.465,1742518198.3088627
2,71.84,1742518198.3088627
3,69.859,1742518198.3088627
4,70.597,1742518198.3088627
5,69.785,1742518198.3088627
6,68.567,1742518198.3088627
7,71.993,1742518198.3088627
0,70.948,1742518198.359006
1,69.477,1742518198.359006
2,71.84,1742518198.359006
3,69.859,1742518198.359006
4,70.577,1742518198.359006
5,69.785,1742518198.359006
6,68.574,1742518198.359006
7,71.996,1742518198.359006
0,70.948,1742518198.4091446
1,69.477,1742518198.4091446
2,71.84,1742518198.4091446
3,69.851,1742518198.4091446
4,70.577,1742518198.4091446
5,69.78,1742518198.4091446
6,68.574,1742518198.4091446
7,71.996,1742518198.4091446
0,70.948,1742518198.4592853
1,69.478,1742518198.4592853
2,71.84,1742518198.4592853
3,69.851,1742518198.4592853
4,70.585,1742518198.4592853
5,69.78,1742518198.4592853
6,68.561,1742518198.4592853
7,71.989,1742518198.4592853
0,70.948,1742518198.5094151
1,69.478,1742518198.5094151
2,71.84,1742518198.5094151
3,69.848,1742518198.5094151
4,70.585,1742518198.5094151
5,69.785,1742518198.5094151
6,68.561,1742518198.5094151
7,71.989,1742518198.5094151
0,70.941,1742518198.559556
1,69.505,1742518198.559556
2,71.856,1742518198.559556
3,69.848,1742518198.559556
4,70.592,1742518198.559556
5,69.785,1742518198.559556
6,68.561,1742518198.559556
7,71.995,1742518198.559556
0,70.941,1742518198.6096852
1,69.505,1742518198.6096852
2,71.856,1742518198.6096852
3,69.841,1742518198.6096852
4,70.592,1742518198.6096852
5,69.785,1742518198.6096852
6,68.548,1742518198.6096852
7,71.995,1742518198.6096852
0,70.941,1742518198.6598318
1,69.498,1742518198.6598318
2,71.88,1742518198.6598318
3,69.841,1742518198.6598318
4,70.592,1742518198.6598318
5,69.782,1742518198.6598318
6,68.548,1742518198.6598318
7,71.997,1742518198.6598318
0,70.941,1742518198.7099745
1,69.498,1742518198.7099745
2,71.88,1742518198.7099745
3,69.846,1742518198.7099745
4,70.592,1742518198.7099745
5,69.782,1742518198.7099745
6,68.542,1742518198.7099745
7,71.997,1742518198.7099745
0,70.936,1742518198.7601132
1,69.532,1742518198.7601132
2,71.875,1742518198.7601132
3,69.846,1742518198.7601132
4,70.592,1742518198.7601132
5,69.794,1742518198.7601132
6,68.542,1742518198.7601132
7,72.008,1742518198.7601132
0,70.936,1742518198.810255
1,69.532,1742518198.810255
2,71.875,1742518198.810255
3,69.845,1742518198.810255
4,70.592,1742518198.810255
5,69.794,1742518198.810255
6,68.555,1742518198.810255
7,72.008,1742518198.810255
0,70.923,1742518198.8603923
1,69.513,1742518198.8603923
2,71.888,1742518198.8603923
3,69.845,1742518198.8603923
4,70.607,1742518198.8603923
5,69.789,1742518198.8603923
6,68.555,1742518198.8603923
7,72.011,1742518198.8603923
0,70.923,1742518198.9105377
1,69.513,1742518198.9105377
2,71.888,1742518198.9105377
3,69.851,1742518198.9105377
4,70.607,1742518198.9105377
5,69.789,1742518198.9105377
6,68.548,1742518198.9105377
7,72.011,1742518198.9105377
0,70.925,1742518198.96068
1,69.54,1742518198.96068
2,71.874,1742518198.96068
3,69.851,1742518198.96068
4,70.6,1742518198.96068
5,69.806,1742518198.96068
6,68.548,1742518198.96068
7,71.985,1742518198.96068
0,70.925,1742518199.010817
1,69.54,1742518199.010817
2,71.874,1742518199.010817
3,69.847,1742518199.010817
4,70.6,1742518199.010817
5,69.806,1742518199.010817
6,68.581,1742518199.010817
7,71.985,1742518199.010817
0,70.932,1742518199.0609457
1,69.506,1742518199.0609457
2,71.869,1742518199.0609457
3,69.847,1742518199.0609457
4,70.594,1742518199.0609457
5,69.771,1742518199.0609457
6,68.581,1742518199.0609457
7,71.98,1742518199.0609457
0,70.932,1742518199.1110861
1,69.506,1742518199.1110861
2,71.869,1742518199.1110861
3,69.861,1742518199.1110861
4,70.594,1742518199.1110861
5,69.771,1742518199.1110861
6,68.575,1742518199.1110861
7,71.98,1742518199.1110861
0,70.932,1742518199.161224
1,69.517,1742518199.161224
2,71.875,1742518199.161224
3,69.861,1742518199.161224
4,70.609,1742518199.161224
5,69.783,1742518199.161224
6,68.575,1742518199.161224
7,71.98,1742518199.161224
0,70.93,1742518199.2113953
1,69.517,1742518199.2113953
2,71.875,1742518199.2113953
3,69.856,1742518199.2113953
4,70.609,1742518199.2113953
5,69.783,1742518199.2113953
6,68.582,1742518199.2113953
7,71.985,1742518199.2113953
0,70.93,1742518199.261534
1,69.513,1742518199.261534
2,71.882,1742518199.261534
3,69.856,1742518199.261534
4,70.615,1742518199.261534
5,69.784,1742518199.261534
6,68.582,1742518199.261534
7,71.985,1742518199.261534
0,70.944,1742518199.3116608
1,69.513,1742518199.3116608
2,71.882,1742518199.3116608
3,69.854,1742518199.3116608
4,70.615,1742518199.3116608
5,69.784,1742518199.3116608
6,68.576,1742518199.3116608
7,72.013,1742518199.3116608
0,70.944,1742518199.361797
1,69.517,1742518199.361797
2,71.889,1742518199.361797
3,69.854,1742518199.361797
4,70.616,1742518199.361797
5,69.763,1742518199.361797
6,68.576,1742518199.361797
7,72.013,1742518199.361797
0,70.943,1742518199.411938
1,69.517,1742518199.411938
2,71.889,1742518199.411938
3,69.847,1742518199.411938
4,70.616,1742518199.411938
5,69.763,1742518199.411938
6,68.556,1742518199.411938
7,72.02,1742518199.411938
0,70.943,1742518199.462092
1,69.51,1742518199.462092
2,71.876,1742518199.462092
3,69.847,1742518199.462092
4,70.637,1742518199.462092
5,69.796,1742518199.462092
6,68.556,1742518199.462092
7,72.02,1742518199.462092
0,70.928,1742518199.51223
1,69.51,1742518199.51223
2,71.876,1742518199.51223
3,69.841,1742518199.51223
4,70.637,1742518199.51223
5,69.796,1742518199.51223
6,68.543,1742518199.51223
7,72.009,1742518199.51223
0,70.928,1742518199.5623693
1,69.526,1742518199.5623693
2,71.867,1742518199.5623693
3,69.841,1742518199.5623693
4,70.638,1742518199.5623693
5,69.77,1742518199.5623693
6,68.543,1742518199.5623693
7,72.009,1742518199.5623693
0,70.935,1742518199.612468
1,69.526,1742518199.612468
2,71.867,1742518199.612468
3,69.854,1742518199.612468
4,70.638,1742518199.612468
5,69.77,1742518199.612468
6,68.548,1742518199.612468
7,71.974,1742518199.612468
0,70.935,1742518199.6625452
1,69.486,1742518199.6625452
2,71.869,1742518199.6625452
3,69.854,1742518199.6625452
4,70.671,1742518199.6625452
5,69.792,1742518199.6625452
6,68.548,1742518199.6625452
7,71.974,1742518199.6625452
0,70.92,1742518199.7126813
1,69.486,1742518199.7126813
2,71.869,1742518199.7126813
3,69.848,1742518199.7126813
4,70.671,1742518199.7126813
5,69.792,1742518199.7126813
6,68.567,1742518199.7126813
7,71.982,1742518199.7126813
0,70.92,1742518199.7628086
1,69.506,1742518199.7628086
2,71.841,1742518199.7628086
3,69.848,1742518199.7628086
4,70.68,1742518199.7628086
5,69.757,1742518199.7628086
6,68.567,1742518199.7628086
7,71.982,1742518199.7628086
0,70.912,1742518199.8129542
1,69.506,1742518199.8129542
2,71.841,1742518199.8129542
3,69.835,1742518199.8129542
4,70.68,1742518199.8129542
5,69.757,1742518199.8129542
6,68.556,1742518199.8129542
7,71.96,1742518199.8129542
0,70.912,1742518199.8630958
1,69.472,1742518199.8630958
2,71.841,1742518199.8630958
3,69.835,1742518199.8630958
4,70.685,1742518199.8630958
5,69.757,1742518199.8630958
6,68.556,1742518199.8630958
7,71.96,1742518199.8630958
0,70.913,1742518199.913241
1,69.472,1742518199.913241
2,71.841,1742518199.913241
3,69.834,1742518199.913241
4,70.685,1742518199.913241
5,69.757,1742518199.913241
6,68.548,1742518199.913241
7,71.96,1742518199.913241
0,70.913,1742518199.9633713
1,69.521,1742518199.9633713
2,71.827,1742518199.9633713
3,69.834,1742518199.9633713
4,70.694,1742518199.9633713
5,69.768,1742518199.9633713
6,68.548,1742518199.9633713
7,71.96,1742518199.9633713
0,70.898,1742518200.0135114
1,69.521,1742518200.0135114
2,71.827,1742518200.0135114
3,69.835,1742518200.0135114
4,70.694,1742518200.0135114
5,69.768,1742518200.0135114
6,68.534,1742518200.0135114
7,71.97,1742518200.0135114
0,70.898,1742518200.0636435
1,69.493,1742518200.0636435
2,71.834,1742518200.0636435
3,69.835,1742518200.0636435
4,70.715,1742518200.0636435
5,69.768,1742518200.0636435
6,68.534,1742518200.0636435
7,71.97,1742518200.0636435
0,70.905,1742518200.1137779
1,69.493,1742518200.1137779
2,71.834,1742518200.1137779
3,69.826,1742518200.1137779
4,70.715,1742518200.1137779
5,69.768,1742518200.1137779
6,68.541,1742518200.1137779
7,71.972,1742518200.1137779
0,70.905,1742518200.1639187
1,69.54,1742518200.1639187
2,71.821,1742518200.1639187
3,69.826,1742518200.1639187
4,70.7,1742518200.1639187
5,69.795,1742518200.1639187
6,68.541,1742518200.1639187
7,71.972,1742518200.1639187
0,70.907,1742518200.2140481
1,69.54,1742518200.2140481
2,71.821,1742518200.2140481
3,69.826,1742518200.2140481
4,70.7,1742518200.2140481
5,69.795,1742518200.2140481
6,68.534,1742518200.2140481
7,71.981,1742518200.2140481
0,70.907,1742518200.2641897
1,69.514,1742518200.2641897
2,71.801,1742518200.2641897
3,69.826,1742518200.2641897
4,70.7,1742518200.2641897
5,69.769,1742518200.2641897
6,68.534,1742518200.2641897
7,71.981,1742518200.2641897
0,70.92,1742518200.3143277
1,69.514,1742518200.3143277
2,71.801,1742518200.3143277
3,69.84,1742518200.3143277
4,70.7,1742518200.3143277
5,69.769,1742518200.3143277
6,68.546,1742518200.3143277
7,71.961,1742518200.3143277
0,70.92,1742518200.3644705
1,69.541,1742518200.3644705
2,71.794,1742518200.3644705
3,69.84,1742518200.3644705
4,70.699,1742518200.3644705
5,69.775,1742518200.3644705
6,68.546,1742518200.3644705
7,71.961,1742518200.3644705
0,70.933,1742518200.41461
1,69.541,1742518200.41461
2,71.794,1742518200.41461
3,69.823,1742518200.41461
4,70.699,1742518200.41461
5,69.775,1742518200.41461
6,68.55,1742518200.41461
7,71.942,1742518200.41461
0,70.933,1742518200.4648376
1,69.541,1742518200.4648376
2,71.794,1742518200.4648376
3,69.823,1742518200.4648376
4,70.678,1742518200.4648376
5,69.762,1742518200.4648376
6,68.55,1742518200.4648376
7,71.942,1742518200.4648376
0,70.934,1742518200.5149791
1,69.521,1742518200.5149791
2,71.794,1742518200.5149791
3,69.831,1742518200.5149791
4,70.678,1742518200.5149791
5,69.762,1742518200.5149791
6,68.563,1742518200.5149791
7,71.974,1742518200.5149791
0,70.934,1742518200.565117
1,69.521,1742518200.565117
2,71.794,1742518200.565117
3,69.831,1742518200.565117
4,70.677,1742518200.565117
5,69.796,1742518200.565117
6,68.563,1742518200.565117
7,71.974,1742518200.565117
0,70.927,1742518200.6152937
1,69.555,1742518200.6152937
2,71.794,1742518200.6152937
3,69.824,1742518200.6152937
4,70.677,1742518200.6152937
5,69.796,1742518200.6152937
6,68.537,1742518200.6152937
7,71.98,1742518200.6152937
0,70.927,1742518200.6654365
1,69.555,1742518200.6654365
2,71.794,1742518200.6654365
3,69.824,1742518200.6654365
4,70.677,1742518200.6654365
5,69.795,1742518200.6654365
6,68.537,1742518200.6654365
7,71.98,1742518200.6654365
0,70.942,1742518200.715566
1,69.527,1742518200.715566
2,71.794,1742518200.715566
3,69.817,1742518200.715566
4,70.677,1742518200.715566
5,69.795,1742518200.715566
6,68.543,1742518200.715566
7,72.002,1742518200.715566
0,70.942,1742518200.7657232
1,69.527,1742518200.7657232
2,71.798,1742518200.7657232
3,69.817,1742518200.7657232
4,70.677,1742518200.7657232
5,69.802,1742518200.7657232
6,68.543,1742518200.7657232
7,72.002,1742518200.7657232
0,70.95,1742518200.8158617
1,69.56,1742518200.8158617
2,71.798,1742518200.8158617
3,69.823,1742518200.8158617
4,70.669,1742518200.8158617
5,69.802,1742518200.8158617
6,68.55,1742518200.8158617
7,72.006,1742518200.8158617
0,70.95,1742518200.8660097
1,69.56,1742518200.8660097
2,71.797,1742518200.8660097
3,69.823,1742518200.8660097
4,70.669,1742518200.8660097
5,69.798,1742518200.8660097
6,68.55,1742518200.8660097
7,72.006,1742518200.8660097
0,70.955,1742518200.9161496
1,69.513,1742518200.9161496
2,71.797,1742518200.9161496
3,69.842,1742518200.9161496
4,70.647,1742518200.9161496
5,69.798,1742518200.9161496
6,68.564,1742518200.9161496
7,72.015,1742518200.9161496
0,70.955,1742518200.9662964
1,69.513,1742518200.9662964
2,71.787,1742518200.9662964
3,69.842,1742518200.9662964
4,70.647,1742518200.9662964
5,69.779,1742518200.9662964
6,68.564,1742518200.9662964
7,72.015,1742518200.9662964
0,70.963,1742518201.0164359
1,69.534,1742518201.0164359
2,71.787,1742518201.0164359
3,69.833,1742518201.0164359
4,70.652,1742518201.0164359
5,69.779,1742518201.0164359
6,68.571,1742518201.0164359
7,72.0,1742518201.0164359
0,70.963,1742518201.0665648
1,69.534,1742518201.0665648
2,71.765,1742518201.0665648
3,69.833,1742518201.0665648
4,70.652,1742518201.0665648
5,69.793,1742518201.0665648
6,68.571,1742518201.0665648
7,72.0,1742518201.0665648
0,70.956,1742518201.1167107
1,69.492,1742518201.1167107
2,71.765,1742518201.1167107
3,69.844,1742518201.1167107
4,70.631,1742518201.1167107
5,69.793,1742518201.1167107
6,68.571,1742518201.1167107
7,72.012,1742518201.1167107
0,70.956,1742518201.1668694
1,69.492,1742518201.1668694
2,71.754,1742518201.1668694
3,69.844,1742518201.1668694
4,70.631,1742518201.1668694
5,69.778,1742518201.1668694
6,68.571,1742518201.1668694
7,72.012,1742518201.1668694
0,70.956,1742518201.2170243
1,69.496,1742518201.2170243
2,71.754,1742518201.2170243
3,69.836,1742518201.2170243
4,70.631,1742518201.2170243
5,69.778,1742518201.2170243
6,68.571,1742518201.2170243
7,72.006,1742518201.2170243
0,70.956,1742518201.2671838
1,69.496,1742518201.2671838
2,71.765,1742518201.2671838
3,69.836,1742518201.2671838
4,70.631,1742518201.2671838
5,69.776,1742518201.2671838
6,68.571,1742518201.2671838
7,72.006,1742518201.2671838
0,70.95,1742518201.3173265
1,69.496,1742518201.3173265
2,71.765,1742518201.3173265
3,69.832,1742518201.3173265
4,70.631,1742518201.3173265
5,69.776,1742518201.3173265
6,68.564,1742518201.3173265
7,72.012,1742518201.3173265
0,70.95,1742518201.367524
1,69.496,1742518201.367524
2,71.767,1742518201.367524
3,69.832,1742518201.367524
4,70.631,1742518201.367524
5,69.79,1742518201.367524
6,68.564,1742518201.367524
7,72.012,1742518201.367524
0,70.944,1742518201.417705
1,69.503,1742518201.417705
2,71.767,1742518201.417705
3,69.832,1742518201.417705
4,70.617,1742518201.417705
5,69.79,1742518201.417705
6,68.561,1742518201.417705
7,72.005,1742518201.417705
0,70.944,1742518201.4678426
1,69.503,1742518201.4678426
2,71.761,1742518201.4678426
3,69.832,1742518201.4678426
4,70.617,1742518201.4678426
5,69.77,1742518201.4678426
6,68.561,1742518201.4678426
7,72.005,1742518201.4678426
0,70.962,1742518201.5180209
1,69.478,1742518201.5180209
2,71.761,1742518201.5180209
3,69.832,1742518201.5180209
4,70.61,1742518201.5180209
5,69.77,1742518201.5180209
6,68.554,1742518201.5180209
7,71.999,1742518201.5180209
0,70.962,1742518201.5681796
1,69.478,1742518201.5681796
2,71.748,1742518201.5681796
3,69.832,1742518201.5681796
4,70.61,1742518201.5681796
5,69.784,1742518201.5681796
6,68.554,1742518201.5681796
7,71.999,1742518201.5681796
0,70.977,1742518201.618342
1,69.49,1742518201.618342
2,71.748,1742518201.618342
3,69.831,1742518201.618342
4,70.652,1742518201.618342
5,69.784,1742518201.618342
6,68.562,1742518201.618342
7,72.019,1742518201.618342
0,70.977,1742518201.668494
1,69.49,1742518201.668494
2,71.734,1742518201.668494
3,69.831,1742518201.668494
4,70.652,1742518201.668494
5,69.758,1742518201.668494
6,68.562,1742518201.668494
7,72.019,1742518201.668494
0,70.983,1742518201.7186472
1,69.472,1742518201.7186472
2,71.734,1742518201.7186472
3,69.846,1742518201.7186472
4,70.639,1742518201.7186472
5,69.758,1742518201.7186472
6,68.567,1742518201.7186472
7,71.998,1742518201.7186472
0,70.983,1742518201.7687893
1,69.472,1742518201.7687893
2,71.74,1742518201.7687893
3,69.846,1742518201.7687893
4,70.639,1742518201.7687893
5,69.799,1742518201.7687893
6,68.567,1742518201.7687893
7,71.998,1742518201.7687893
0,70.963,1742518201.818933
1,69.491,1742518201.818933
2,71.74,1742518201.818933
3,69.832,1742518201.818933
4,70.619,1742518201.818933
5,69.799,1742518201.818933
6,68.567,1742518201.818933
7,72.006,1742518201.818933
0,70.963,1742518201.8690982
1,69.491,1742518201.8690982
2,71.747,1742518201.8690982
3,69.832,1742518201.8690982
4,70.619,1742518201.8690982
5,69.791,1742518201.8690982
6,68.567,1742518201.8690982
7,72.006,1742518201.8690982
0,70.956,1742518201.9193213
1,69.472,1742518201.9193213
2,71.747,1742518201.9193213
3,69.82,1742518201.9193213
4,70.606,1742518201.9193213
5,69.791,1742518201.9193213
6,68.554,1742518201.9193213
7,72.0,1742518201.9193213
0,70.956,1742518201.9694822
1,69.472,1742518201.9694822
2,71.773,1742518201.9694822
3,69.82,1742518201.9694822
4,70.606,1742518201.9694822
5,69.797,1742518201.9694822
6,68.554,1742518201.9694822
7,72.0,1742518201.9694822
0,70.957,1742518202.0196908
1,69.513,1742518202.0196908
2,71.773,1742518202.0196908
3,69.818,1742518202.0196908
4,70.607,1742518202.0196908
5,69.797,1742518202.0196908
6,68.548,1742518202.0196908
7,72.007,1742518202.0196908
0,70.957,1742518202.0698466
1,69.513,1742518202.0698466
2,71.787,1742518202.0698466
3,69.818,1742518202.0698466
4,70.607,1742518202.0698466
5,69.794,1742518202.0698466
6,68.548,1742518202.0698466
7,72.007,1742518202.0698466
0,70.947,1742518202.1200113
1,69.485,1742518202.1200113
2,71.787,1742518202.1200113
3,69.805,1742518202.1200113
4,70.621,1742518202.1200113
5,69.794,1742518202.1200113
6,68.534,1742518202.1200113
7,71.999,1742518202.1200113
0,70.947,1742518202.1701937
1,69.485,1742518202.1701937
2,71.8,1742518202.1701937
3,69.805,1742518202.1701937
4,70.621,1742518202.1701937
5,69.802,1742518202.1701937
6,68.534,1742518202.1701937
7,71.999,1742518202.1701937
0,70.963,1742518202.2203567
1,69.533,1742518202.2203567
2,71.8,1742518202.2203567
3,69.797,1742518202.2203567
4,70.656,1742518202.2203567
5,69.802,1742518202.2203567
6,68.543,1742518202.2203567
7,71.983,1742518202.2203567
0,70.963,1742518202.2705102
1,69.533,1742518202.2705102
2,71.807,1742518202.2705102
3,69.797,1742518202.2705102
4,70.656,1742518202.2705102
5,69.812,1742518202.2705102
6,68.543,1742518202.2705102
7,71.983,1742518202.2705102
0,70.948,1742518202.3206558
1,69.499,1742518202.3206558
2,71.807,1742518202.3206558
3,69.824,1742518202.3206558
4,70.669,1742518202.3206558
5,69.812,1742518202.3206558
6,68.541,1742518202.3206558
7,71.977,1742518202.3206558
0,70.948,1742518202.3708029
1,69.499,1742518202.3708029
2,71.807,1742518202.3708029
3,69.824,1742518202.3708029
4,70.669,1742518202.3708029
5,69.784,1742518202.3708029
6,68.541,1742518202.3708029
7,71.977,1742518202.3708029
0,70.942,1742518202.4209518
1,69.527,1742518202.4209518
2,71.807,1742518202.4209518
3,69.832,1742518202.4209518
4,70.657,1742518202.4209518
5,69.784,1742518202.4209518
6,68.554,1742518202.4209518
7,71.983,1742518202.4209518
0,70.942,1742518202.4710867
1,69.527,1742518202.4710867
2,71.82,1742518202.4710867
3,69.832,1742518202.4710867
4,70.657,1742518202.4710867
5,69.804,1742518202.4710867
6,68.554,1742518202.4710867
7,71.983,1742518202.4710867
0,70.929,1742518202.5212243
1,69.486,1742518202.5212243
2,71.82,1742518202.5212243
3,69.837,1742518202.5212243
4,70.623,1742518202.5212243
5,69.804,1742518202.5212243
6,68.554,1742518202.5212243
7,71.979,1742518202.5212243
0,70.929,1742518202.571404
1,69.486,1742518202.571404
2,71.817,1742518202.571404
3,69.837,1742518202.571404
4,70.623,1742518202.571404
5,69.796,1742518202.571404
6,68.554,1742518202.571404
7,71.979,1742518202.571404
0,70.916,1742518202.6215627
1,69.534,1742518202.6215627
2,71.817,1742518202.6215627
3,69.851,1742518202.6215627
4,70.657,1742518202.6215627
5,69.796,1742518202.6215627
6,68.561,1742518202.6215627
7,71.991,1742518202.6215627
0,70.916,1742518202.6717296
1,69.534,1742518202.6717296
2,71.847,1742518202.6717296
3,69.851,1742518202.6717296
4,70.657,1742518202.6717296
5,69.808,1742518202.6717296
6,68.561,1742518202.6717296
7,71.991,1742518202.6717296
0,70.909,1742518202.721866
1,69.507,1742518202.721866
2,71.847,1742518202.721866
3,69.829,1742518202.721866
4,70.643,1742518202.721866
5,69.808,1742518202.721866
6,68.556,1742518202.721866
7,71.984,1742518202.721866
0,70.909,1742518202.772008
1,69.507,1742518202.772008
2,71.833,1742518202.772008
3,69.829,1742518202.772008
4,70.643,1742518202.772008
5,69.79,1742518202.772008
6,68.556,1742518202.772008
7,71.984,1742518202.772008
0,70.935,1742518202.8221564
1,69.534,1742518202.8221564
2,71.833,1742518202.8221564
3,69.85,1742518202.8221564
4,70.665,1742518202.8221564
5,69.79,1742518202.8221564
6,68.535,1742518202.8221564
7,71.997,1742518202.8221564
0,70.935,1742518202.872289
1,69.534,1742518202.872289
2,71.829,1742518202.872289
3,69.85,1742518202.872289
4,70.665,1742518202.872289
5,69.796,1742518202.872289
6,68.535,1742518202.872289
7,71.997,1742518202.872289
0,70.943,1742518202.9224377
1,69.501,1742518202.9224377
2,71.829,1742518202.9224377
3,69.872,1742518202.9224377
4,70.7,1742518202.9224377
5,69.796,1742518202.9224377
6,68.541,1742518202.9224377
7,71.997,1742518202.9224377
0,70.943,1742518202.9726098
1,69.501,1742518202.9726098
2,71.842,1742518202.9726098
3,69.872,1742518202.9726098
4,70.7,1742518202.9726098
5,69.807,1742518202.9726098
6,68.541,1742518202.9726098
7,71.997,1742518202.9726098
0,70.962,1742518203.022738
1,69.525,1742518203.022738
2,71.842,1742518203.022738
3,69.872,1742518203.022738
4,70.698,1742518203.022738
5,69.807,1742518203.022738
6,68.548,1742518203.022738
7,71.983,1742518203.022738
0,70.962,1742518203.0728786
1,69.525,1742518203.0728786
2,71.83,1742518203.0728786
3,69.88,1742518203.0728786
4,70.698,1742518203.0728786
5,69.8,1742518203.0728786
6,68.548,1742518203.0728786
7,71.983,1742518203.0728786
0,70.963,1742518203.12302
1,69.533,1742518203.12302
2,71.83,1742518203.12302
3,69.88,1742518203.12302
4,70.711,1742518203.12302
5,69.8,1742518203.12302
6,68.554,1742518203.12302
7,71.997,1742518203.12302
0,70.963,1742518203.1731586
1,69.533,1742518203.1731586
2,71.827,1742518203.1731586
3,69.885,1742518203.1731586
4,70.711,1742518203.1731586
5,69.828,1742518203.1731586
6,68.554,1742518203.1731586
7,71.997,1742518203.1731586
0,70.962,1742518203.2232847
1,69.529,1742518203.2232847
2,71.827,1742518203.2232847
3,69.885,1742518203.2232847
4,70.706,1742518203.2232847
5,69.828,1742518203.2232847
6,68.554,1742518203.2232847
7,71.997,1742518203.2232847
0,70.962,1742518203.2734225
1,69.529,1742518203.2734225
2,71.833,1742518203.2734225
3,69.872,1742518203.2734225
4,70.706,1742518203.2734225
5,69.806,1742518203.2734225
6,68.554,1742518203.2734225
7,71.997,1742518203.2734225
0,70.977,1742518203.323553
1,69.52,1742518203.323553
2,71.833,1742518203.323553
3,69.857,1742518203.323553
4,70.686,1742518203.323553
5,69.806,1742518203.323553
6,68.575,1742518203.323553
7,71.989,1742518203.323553
0,70.977,1742518203.3736808
1,69.52,1742518203.3736808
2,71.833,1742518203.3736808
3,69.857,1742518203.3736808
4,70.686,1742518203.3736808
5,69.815,1742518203.3736808
6,68.575,1742518203.3736808
7,71.989,1742518203.3736808
0,70.956,1742518203.4238224
1,69.533,1742518203.4238224
2,71.833,1742518203.4238224
3,69.857,1742518203.4238224
4,70.679,1742518203.4238224
5,69.815,1742518203.4238224
6,68.581,1742518203.4238224
7,71.997,1742518203.4238224
0,70.956,1742518203.474045
1,69.533,1742518203.474045
2,71.84,1742518203.474045
3,69.857,1742518203.474045
4,70.679,1742518203.474045
5,69.821,1742518203.474045
6,68.581,1742518203.474045
7,71.997,1742518203.474045
0,70.953,1742518203.5241857
1,69.515,1742518203.5241857
2,71.84,1742518203.5241857
3,69.857,1742518203.5241857
4,70.706,1742518203.5241857
5,69.821,1742518203.5241857
6,68.587,1742518203.5241857
7,71.977,1742518203.5241857
0,70.953,1742518203.5744376
1,69.515,1742518203.5744376
2,71.846,1742518203.5744376
3,69.865,1742518203.5744376
4,70.706,1742518203.5744376
5,69.812,1742518203.5744376
6,68.587,1742518203.5744376
7,71.977,1742518203.5744376
0,70.961,1742518203.6245785
1,69.555,1742518203.6245785
2,71.846,1742518203.6245785
3,69.865,1742518203.6245785
4,70.718,1742518203.6245785
5,69.812,1742518203.6245785
6,68.587,1742518203.6245785
7,71.956,1742518203.6245785
0,70.961,1742518203.6747043
1,69.555,1742518203.6747043
2,71.846,1742518203.6747043
3,69.865,1742518203.6747043
4,70.718,1742518203.6747043
5,69.827,1742518203.6747043
6,68.587,1742518203.6747043
7,71.956,1742518203.6747043
0,70.961,1742518203.7248333
1,69.527,1742518203.7248333
2,71.846,1742518203.7248333
3,69.865,1742518203.7248333
4,70.718,1742518203.7248333
5,69.827,1742518203.7248333
6,68.6,1742518203.7248333
7,71.964,1742518203.7248333
0,70.961,1742518203.7749748
1,69.527,1742518203.7749748
2,71.846,1742518203.7749748
3,69.873,1742518203.7749748
4,70.718,1742518203.7749748
5,69.811,1742518203.7749748
6,68.6,1742518203.7749748
7,71.964,1742518203.7749748
0,70.955,1742518203.825105
1,69.531,1742518203.825105
2,71.846,1742518203.825105
3,69.873,1742518203.825105
4,70.702,1742518203.825105
5,69.811,1742518203.825105
6,68.594,1742518203.825105
7,71.954,1742518203.825105
0,70.955,1742518203.875245
1,69.531,1742518203.875245
2,71.846,1742518203.875245
3,69.865,1742518203.875245
4,70.702,1742518203.875245
5,69.844,1742518203.875245
6,68.594,1742518203.875245
7,71.954,1742518203.875245
0,70.961,1742518203.9253826
1,69.527,1742518203.9253826
2,71.84,1742518203.9253826
3,69.865,1742518203.9253826
4,70.661,1742518203.9253826
5,69.844,1742518203.9253826
6,68.614,1742518203.9253826
7,71.955,1742518203.9253826
0,70.961,1742518203.97552
1,69.527,1742518203.97552
2,71.833,1742518203.97552
3,69.844,1742518203.97552
4,70.661,1742518203.97552
5,69.826,1742518203.97552
6,68.614,1742518203.97552
7,71.955,1742518203.97552
0,70.941,1742518204.025743
1,69.541,1742518204.025743
2,71.833,1742518204.025743
3,69.844,1742518204.025743
4,70.64,1742518204.025743
5,69.826,1742518204.025743
6,68.62,1742518204.025743
7,71.965,1742518204.025743
0,70.941,1742518204.0759344
1,69.541,1742518204.0759344
2,71.842,1742518204.0759344
3,69.829,1742518204.0759344
4,70.64,1742518204.0759344
5,69.831,1742518204.0759344
6,68.62,1742518204.0759344
7,71.965,1742518204.0759344
0,70.947,1742518204.1261294
1,69.514,1742518204.1261294
2,71.842,1742518204.1261294
3,69.829,1742518204.1261294
4,70.631,1742518204.1261294
5,69.831,1742518204.1261294
6,68.64,1742518204.1261294
7,71.957,1742518204.1261294
0,70.947,1742518204.1763244
1,69.514,1742518204.1763244
2,71.842,1742518204.1763244
3,69.839,1742518204.1763244
4,70.631,1742518204.1763244
5,69.824,1742518204.1763244
6,68.64,1742518204.1763244
7,71.957,1742518204.1763244
0,70.933,1742518204.226524
1,69.554,1742518204.226524
2,71.842,1742518204.226524
3,69.839,1742518204.226524
4,70.644,1742518204.226524
5,69.824,1742518204.226524
6,68.64,1742518204.226524
7,71.978,1742518204.226524
0,70.933,1742518204.2767181
1,69.554,1742518204.2767181
2,71.842,1742518204.2767181
3,69.838,1742518204.2767181
4,70.644,1742518204.2767181
5,69.815,1742518204.2767181
6,68.627,1742518204.2767181
7,71.978,1742518204.2767181
0,70.947,1742518204.3270817
1,69.53,1742518204.3270817
2,71.846,1742518204.3270817
3,69.838,1742518204.3270817
4,70.644,1742518204.3270817
5,69.815,1742518204.3270817
6,68.627,1742518204.3270817
7,71.991,1742518204.3270817
0,70.947,1742518204.3772745
1,69.53,1742518204.3772745
2,71.846,1742518204.3772745
3,69.85,1742518204.3772745
4,70.644,1742518204.3772745
5,69.819,1742518204.3772745
6,68.627,1742518204.3772745
7,71.991,1742518204.3772745
0,70.962,1742518204.4275143
1,69.526,1742518204.4275143
2,71.855,1742518204.4275143
3,69.85,1742518204.4275143
4,70.629,1742518204.4275143
5,69.819,1742518204.4275143
6,68.627,1742518204.4275143
7,71.985,1742518204.4275143
0,70.962,1742518204.4777148
1,69.526,1742518204.4777148
2,71.855,1742518204.4777148
3,69.845,1742518204.4777148
4,70.629,1742518204.4777148
5,69.799,1742518204.4777148
6,68.627,1742518204.4777148
7,71.985,1742518204.4777148
0,70.97,1742518204.5278971
1,69.524,1742518204.5278971
2,71.853,1742518204.5278971
3,69.845,1742518204.5278971
4,70.609,1742518204.5278971
5,69.799,1742518204.5278971
6,68.614,1742518204.5278971
7,71.987,1742518204.5278971
0,70.97,1742518204.57807
1,69.524,1742518204.57807
2,71.853,1742518204.57807
3,69.839,1742518204.57807
4,70.609,1742518204.57807
5,69.799,1742518204.57807
6,68.614,1742518204.57807
7,71.987,1742518204.57807
0,70.962,1742518204.6282632
1,69.497,1742518204.6282632
2,71.842,1742518204.6282632
3,69.839,1742518204.6282632
4,70.616,1742518204.6282632
5,69.84,1742518204.6282632
6,68.614,1742518204.6282632
7,71.987,1742518204.6282632
0,70.962,1742518204.6784434
1,69.497,1742518204.6784434
2,71.842,1742518204.6784434
3,69.845,1742518204.6784434
4,70.616,1742518204.6784434
5,69.84,1742518204.6784434
6,68.613,1742518204.6784434
7,71.987,1742518204.6784434
0,70.963,1742518204.7286441
1,69.497,1742518204.7286441
2,71.84,1742518204.7286441
3,69.845,1742518204.7286441
4,70.603,1742518204.7286441
5,69.813,1742518204.7286441
6,68.613,1742518204.7286441
7,71.987,1742518204.7286441
0,70.963,1742518204.778831
1,69.497,1742518204.778831
2,71.84,1742518204.778831
3,69.838,1742518204.778831
4,70.603,1742518204.778831
5,69.813,1742518204.778831
6,68.607,1742518204.778831
7,71.994,1742518204.778831
0,70.957,1742518204.8290107
1,69.51,1742518204.8290107
2,71.86,1742518204.8290107
3,69.838,1742518204.8290107
4,70.61,1742518204.8290107
5,69.818,1742518204.8290107
6,68.607,1742518204.8290107
7,71.994,1742518204.8290107
0,70.957,1742518204.879202
1,69.51,1742518204.879202
2,71.86,1742518204.879202
3,69.824,1742518204.879202
4,70.61,1742518204.879202
5,69.818,1742518204.879202
6,68.613,1742518204.879202
7,71.995,1742518204.879202
0,70.944,1742518204.9293988
1,69.499,1742518204.9293988
2,71.853,1742518204.9293988
3,69.824,1742518204.9293988
4,70.625,1742518204.9293988
5,69.785,1742518204.9293988
6,68.613,1742518204.9293988
7,71.995,1742518204.9293988
0,70.944,1742518204.97959
1,69.499,1742518204.97959
2,71.853,1742518204.97959
3,69.838,1742518204.97959
4,70.625,1742518204.97959
5,69.785,1742518204.97959
6,68.613,1742518204.97959
7,72.009,1742518204.97959
0,70.944,1742518205.029772
1,69.504,1742518205.029772
2,71.86,1742518205.029772
3,69.838,1742518205.029772
4,70.646,1742518205.029772
5,69.764,1742518205.029772
6,68.613,1742518205.029772
7,72.009,1742518205.029772
0,70.957,1742518205.0799603
1,69.504,1742518205.0799603
2,71.86,1742518205.0799603
3,69.825,1742518205.0799603
4,70.646,1742518205.0799603
5,69.764,1742518205.0799603
6,68.626,1742518205.0799603
7,72.006,1742518205.0799603
0,70.957,1742518205.1301496
1,69.511,1742518205.1301496
2,71.847,1742518205.1301496
3,69.825,1742518205.1301496
4,70.661,1742518205.1301496
5,69.784,1742518205.1301496
6,68.626,1742518205.1301496
7,72.006,1742518205.1301496
0,70.958,1742518205.1803446
1,69.511,1742518205.1803446
2,71.847,1742518205.1803446
3,69.824,1742518205.1803446
4,70.661,1742518205.1803446
5,69.784,1742518205.1803446
6,68.627,1742518205.1803446
7,71.98,1742518205.1803446
0,70.958,1742518205.230571
1,69.498,1742518205.230571
2,71.853,1742518205.230571
3,69.824,1742518205.230571
4,70.681,1742518205.230571
5,69.778,1742518205.230571
6,68.627,1742518205.230571
7,71.98,1742518205.230571
0,70.95,1742518205.2807558
1,69.498,1742518205.2807558
2,71.853,1742518205.2807558
3,69.856,1742518205.2807558
4,70.681,1742518205.2807558
5,69.778,1742518205.2807558
6,68.607,1742518205.2807558
7,71.965,1742518205.2807558
0,70.95,1742518205.3309615
1,69.498,1742518205.3309615
2,71.853,1742518205.3309615
3,69.856,1742518205.3309615
4,70.661,1742518205.3309615
5,69.806,1742518205.3309615
6,68.607,1742518205.3309615
7,71.965,1742518205.3309615
0,70.95,1742518205.381146
1,69.498,1742518205.381146
2,71.853,1742518205.381146
3,69.837,1742518205.381146
4,70.661,1742518205.381146
5,69.806,1742518205.381146
6,68.582,1742518205.381146
7,71.972,1742518205.381146
0,70.95,1742518205.431311
1,69.505,1742518205.431311
2,71.84,1742518205.431311
3,69.837,1742518205.431311
4,70.662,1742518205.431311
5,69.786,1742518205.431311
6,68.582,1742518205.431311
7,71.972,1742518205.431311
0,70.938,1742518205.4814653
1,69.505,1742518205.4814653
2,71.84,1742518205.4814653
3,69.837,1742518205.4814653
4,70.662,1742518205.4814653
5,69.786,1742518205.4814653
6,68.58,1742518205.4814653
7,71.971,1742518205.4814653
0,70.938,1742518205.5316103
1,69.494,1742518205.5316103
2,71.84,1742518205.5316103
3,69.837,1742518205.5316103
4,70.662,1742518205.5316103
5,69.785,1742518205.5316103
6,68.58,1742518205.5316103
7,71.971,1742518205.5316103
0,70.936,1742518205.581752
1,69.494,1742518205.581752
2,71.84,1742518205.581752
3,69.837,1742518205.581752
4,70.662,1742518205.581752
5,69.785,1742518205.581752
6,68.574,1742518205.581752
7,71.976,1742518205.581752
0,70.936,1742518205.6318853
1,69.526,1742518205.6318853
2,71.854,1742518205.6318853
3,69.837,1742518205.6318853
4,70.689,1742518205.6318853
5,69.771,1742518205.6318853
6,68.574,1742518205.6318853
7,71.976,1742518205.6318853
0,70.95,1742518205.68212
1,69.526,1742518205.68212
2,71.854,1742518205.68212
3,69.83,1742518205.68212
4,70.689,1742518205.68212
5,69.771,1742518205.68212
6,68.581,1742518205.68212
7,71.979,1742518205.68212
0,70.95,1742518205.7322478
1,69.528,1742518205.7322478
2,71.847,1742518205.7322478
3,69.83,1742518205.7322478
4,70.709,1742518205.7322478
5,69.777,1742518205.7322478
6,68.581,1742518205.7322478
7,71.979,1742518205.7322478
0,70.95,1742518205.7823882
1,69.528,1742518205.7823882
2,71.847,1742518205.7823882
3,69.843,1742518205.7823882
4,70.709,1742518205.7823882
5,69.777,1742518205.7823882
6,68.601,1742518205.7823882
7,71.959,1742518205.7823882
0,70.95,1742518205.832515
1,69.536,1742518205.832515
2,71.84,1742518205.832515
3,69.843,1742518205.832515
4,70.74,1742518205.832515
5,69.776,1742518205.832515
6,68.601,1742518205.832515
7,71.959,1742518205.832515
0,70.949,1742518205.8826911
1,69.536,1742518205.8826911
2,71.84,1742518205.8826911
3,69.857,1742518205.8826911
4,70.74,1742518205.8826911
5,69.776,1742518205.8826911
6,68.614,1742518205.8826911
7,71.981,1742518205.8826911
0,70.949,1742518205.9328334
1,69.522,1742518205.9328334
2,71.849,1742518205.9328334
3,69.857,1742518205.9328334
4,70.739,1742518205.9328334
5,69.777,1742518205.9328334
6,68.614,1742518205.9328334
7,71.981,1742518205.9328334
0,70.949,1742518205.982974
1,69.522,1742518205.982974
2,71.849,1742518205.982974
3,69.866,1742518205.982974
4,70.739,1742518205.982974
5,69.777,1742518205.982974
6,68.6,1742518205.982974
7,71.967,1742518205.982974
0,70.949,1742518206.0331001
1,69.521,1742518206.0331001
2,71.856,1742518206.0331001
3,69.866,1742518206.0331001
4,70.71,1742518206.0331001
5,69.804,1742518206.0331001
6,68.6,1742518206.0331001
7,71.967,1742518206.0331001
0,70.944,1742518206.083238
1,69.521,1742518206.083238
2,71.856,1742518206.083238
3,69.866,1742518206.083238
4,70.71,1742518206.083238
5,69.804,1742518206.083238
6,68.575,1742518206.083238
7,71.96,1742518206.083238
0,70.944,1742518206.1333766
1,69.518,1742518206.1333766
2,71.836,1742518206.1333766
3,69.866,1742518206.1333766
4,70.73,1742518206.1333766
5,69.79,1742518206.1333766
6,68.575,1742518206.1333766
7,71.96,1742518206.1333766
0,70.937,1742518206.1835039
1,69.518,1742518206.1835039
2,71.836,1742518206.1835039
3,69.853,1742518206.1835039
4,70.73,1742518206.1835039
5,69.79,1742518206.1835039
6,68.562,1742518206.1835039
7,71.974,1742518206.1835039
0,70.937,1742518206.233645
1,69.527,1742518206.233645
2,71.827,1742518206.233645
3,69.853,1742518206.233645
4,70.725,1742518206.233645
5,69.81,1742518206.233645
6,68.562,1742518206.233645
7,71.974,1742518206.233645
0,70.943,1742518206.283784
1,69.527,1742518206.283784
2,71.827,1742518206.283784
3,69.846,1742518206.283784
4,70.725,1742518206.283784
5,69.81,1742518206.283784
6,68.561,1742518206.283784
7,71.986,1742518206.283784
0,70.943,1742518206.3339133
1,69.527,1742518206.3339133
2,71.82,1742518206.3339133
3,69.846,1742518206.3339133
4,70.74,1742518206.3339133
5,69.809,1742518206.3339133
6,68.561,1742518206.3339133
7,71.986,1742518206.3339133
0,70.951,1742518206.3841674
1,69.527,1742518206.3841674
2,71.82,1742518206.3841674
3,69.866,1742518206.3841674
4,70.74,1742518206.3841674
5,69.809,1742518206.3841674
6,68.594,1742518206.3841674
7,72.0,1742518206.3841674
0,70.951,1742518206.434292
1,69.527,1742518206.434292
2,71.82,1742518206.434292
3,69.866,1742518206.434292
4,70.732,1742518206.434292
5,69.829,1742518206.434292
6,68.594,1742518206.434292
7,72.0,1742518206.434292
0,70.976,1742518206.484419
1,69.521,1742518206.484419
2,71.82,1742518206.484419
3,69.881,1742518206.484419
4,70.732,1742518206.484419
5,69.829,1742518206.484419
6,68.601,1742518206.484419
7,72.008,1742518206.484419
0,70.976,1742518206.5345592
1,69.521,1742518206.5345592
2,71.82,1742518206.5345592
3,69.881,1742518206.5345592
4,70.745,1742518206.5345592
5,69.839,1742518206.5345592
6,68.601,1742518206.5345592
7,72.008,1742518206.5345592
0,70.976,1742518206.5846984
1,69.518,1742518206.5846984
2,71.82,1742518206.5846984
3,69.866,1742518206.5846984
4,70.745,1742518206.5846984
5,69.839,1742518206.5846984
6,68.614,1742518206.5846984
7,72.0,1742518206.5846984
0,70.99,1742518206.634844
1,69.518,1742518206.634844
2,71.804,1742518206.634844
3,69.866,1742518206.634844
4,70.725,1742518206.634844
5,69.828,1742518206.634844
6,68.614,1742518206.634844
7,72.0,1742518206.634844
0,70.99,1742518206.6849816
1,69.505,1742518206.6849816
2,71.804,1742518206.6849816
3,69.88,1742518206.6849816
4,70.725,1742518206.6849816
5,69.828,1742518206.6849816
6,68.634,1742518206.6849816
7,72.003,1742518206.6849816
0,70.984,1742518206.7351217
1,69.505,1742518206.7351217
2,71.787,1742518206.7351217
3,69.88,1742518206.7351217
4,70.713,1742518206.7351217
5,69.842,1742518206.7351217
6,68.634,1742518206.7351217
7,72.003,1742518206.7351217
0,70.984,1742518206.7852597
1,69.485,1742518206.7852597
2,71.787,1742518206.7852597
3,69.859,1742518206.7852597
4,70.713,1742518206.7852597
5,69.842,1742518206.7852597
6,68.608,1742518206.7852597
7,72.011,1742518206.7852597
0,70.99,1742518206.835386
1,69.485,1742518206.835386
2,71.788,1742518206.835386
3,69.859,1742518206.835386
4,70.717,1742518206.835386
5,69.828,1742518206.835386
6,68.608,1742518206.835386
7,72.011,1742518206.835386
0,70.99,1742518206.8855271
1,69.491,1742518206.8855271
2,71.788,1742518206.8855271
3,69.852,1742518206.8855271
4,70.717,1742518206.8855271
5,69.828,1742518206.8855271
6,68.594,1742518206.8855271
7,72.023,1742518206.8855271
0,71.004,1742518206.9357078
1,69.491,1742518206.9357078
2,71.781,1742518206.9357078
3,69.852,1742518206.9357078
4,70.717,1742518206.9357078
5,69.842,1742518206.9357078
6,68.594,1742518206.9357078
7,72.023,1742518206.9357078
0,71.004,1742518206.985854
1,69.5,1742518206.985854
2,71.781,1742518206.985854
3,69.865,1742518206.985854
4,70.691,1742518206.985854
5,69.842,1742518206.985854
6,68.581,1742518206.985854
7,72.02,1742518206.985854
0,70.995,1742518207.0359943
1,69.5,1742518207.0359943
2,71.775,1742518207.0359943
3,69.865,1742518207.0359943
4,70.691,1742518207.0359943
5,69.84,1742518207.0359943
6,68.581,1742518207.0359943
7,72.02,1742518207.0359943
0,70.995,1742518207.0861237
1,69.501,1742518207.0861237
2,71.775,1742518207.0861237
3,69.865,1742518207.0861237
4,70.696,1742518207.0861237
5,69.84,1742518207.0861237
6,68.594,1742518207.0861237
7,72.002,1742518207.0861237
0,71.01,1742518207.1362605
1,69.501,1742518207.1362605
2,71.774,1742518207.1362605
3,69.865,1742518207.1362605
4,70.696,1742518207.1362605
5,69.834,1742518207.1362605
6,68.594,1742518207.1362605
7,72.002,1742518207.1362605
0,71.01,1742518207.1864052
1,69.508,1742518207.1864052
2,71.774,1742518207.1864052
3,69.873,1742518207.1864052
4,70.662,1742518207.1864052
5,69.834,1742518207.1864052
6,68.587,1742518207.1864052
7,72.007,1742518207.1864052
0,71.009,1742518207.236546
1,69.508,1742518207.236546
2,71.779,1742518207.236546
3,69.873,1742518207.236546
4,70.662,1742518207.236546
5,69.835,1742518207.236546
6,68.587,1742518207.236546
7,72.007,1742518207.236546
0,71.009,1742518207.2866848
1,69.487,1742518207.2866848
2,71.779,1742518207.2866848
3,69.884,1742518207.2866848
4,70.668,1742518207.2866848
5,69.835,1742518207.2866848
6,68.581,1742518207.2866848
7,71.994,1742518207.2866848
0,71.003,1742518207.3368108
1,69.487,1742518207.3368108
2,71.759,1742518207.3368108
3,69.884,1742518207.3368108
4,70.668,1742518207.3368108
5,69.794,1742518207.3368108
6,68.581,1742518207.3368108
7,71.994,1742518207.3368108
0,71.003,1742518207.3869307
1,69.487,1742518207.3869307
2,71.759,1742518207.3869307
3,69.887,1742518207.3869307
4,70.66,1742518207.3869307
5,69.794,1742518207.3869307
6,68.594,1742518207.3869307
7,71.971,1742518207.3869307
0,70.982,1742518207.4370694
1,69.499,1742518207.4370694
2,71.772,1742518207.4370694
3,69.887,1742518207.4370694
4,70.66,1742518207.4370694
5,69.801,1742518207.4370694
6,68.594,1742518207.4370694
7,71.971,1742518207.4370694
0,70.982,1742518207.4871972
1,69.499,1742518207.4871972
2,71.772,1742518207.4871972
3,69.857,1742518207.4871972
4,70.638,1742518207.4871972
5,69.801,1742518207.4871972
6,68.575,1742518207.4871972
7,71.98,1742518207.4871972
0,70.969,1742518207.5373375
1,69.521,1742518207.5373375
2,71.779,1742518207.5373375
3,69.857,1742518207.5373375
4,70.638,1742518207.5373375
5,69.784,1742518207.5373375
6,68.575,1742518207.5373375
7,71.98,1742518207.5373375
0,70.969,1742518207.5874681
1,69.521,1742518207.5874681
2,71.779,1742518207.5874681
3,69.867,1742518207.5874681
4,70.617,1742518207.5874681
5,69.784,1742518207.5874681
6,68.568,1742518207.5874681
7,71.994,1742518207.5874681
0,70.969,1742518207.6376088
1,69.5,1742518207.6376088
2,71.785,1742518207.6376088
3,69.867,1742518207.6376088
4,70.617,1742518207.6376088
5,69.819,1742518207.6376088
6,68.568,1742518207.6376088
7,71.994,1742518207.6376088
0,70.969,1742518207.6877463
1,69.5,1742518207.6877463
2,71.785,1742518207.6877463
3,69.858,1742518207.6877463
4,70.624,1742518207.6877463
5,69.819,1742518207.6877463
6,68.568,1742518207.6877463
7,71.995,1742518207.6877463
0,70.955,1742518207.737875
1,69.535,1742518207.737875
2,71.798,1742518207.737875
3,69.858,1742518207.737875
4,70.624,1742518207.737875
5,69.83,1742518207.737875
6,68.568,1742518207.737875
7,71.995,1742518207.737875
0,70.955,1742518207.7880158
1,69.535,1742518207.7880158
2,71.798,1742518207.7880158
3,69.859,1742518207.7880158
4,70.643,1742518207.7880158
5,69.83,1742518207.7880158
6,68.548,1742518207.7880158
7,72.001,1742518207.7880158
0,70.955,1742518207.8381443
1,69.5,1742518207.8381443
2,71.798,1742518207.8381443
3,69.859,1742518207.8381443
4,70.643,1742518207.8381443
5,69.819,1742518207.8381443
6,68.548,1742518207.8381443
7,72.001,1742518207.8381443
0,70.955,1742518207.8882856
1,69.5,1742518207.8882856
2,71.798,1742518207.8882856
3,69.872,1742518207.8882856
4,70.63,1742518207.8882856
5,69.819,1742518207.8882856
6,68.568,1742518207.8882856
7,71.975,1742518207.8882856
0,70.969,1742518207.9384248
1,69.533,1742518207.9384248
2,71.798,1742518207.9384248
3,69.872,1742518207.9384248
4,70.63,1742518207.9384248
5,69.817,1742518207.9384248
6,68.568,1742518207.9384248
7,71.975,1742518207.9384248
0,70.969,1742518207.988563
1,69.533,1742518207.988563
2,71.808,1742518207.988563
3,69.867,1742518207.988563
4,70.651,1742518207.988563
5,69.817,1742518207.988563
6,68.562,1742518207.988563
7,71.984,1742518207.988563
0,70.963,1742518208.038702
1,69.499,1742518208.038702
2,71.808,1742518208.038702
3,69.867,1742518208.038702
4,70.651,1742518208.038702
5,69.778,1742518208.038702
6,68.562,1742518208.038702
7,71.984,1742518208.038702
0,70.963,1742518208.0888314
1,69.499,1742518208.0888314
2,71.821,1742518208.0888314
3,69.86,1742518208.0888314
4,70.638,1742518208.0888314
5,69.778,1742518208.0888314
6,68.588,1742518208.0888314
7,71.987,1742518208.0888314
0,70.978,1742518208.1389728
1,69.517,1742518208.1389728
2,71.821,1742518208.1389728
3,69.86,1742518208.1389728
4,70.638,1742518208.1389728
5,69.793,1742518208.1389728
6,68.588,1742518208.1389728
7,71.987,1742518208.1389728
0,70.978,1742518208.189111
1,69.517,1742518208.189111
2,71.847,1742518208.189111
3,69.86,1742518208.189111
4,70.632,1742518208.189111
5,69.793,1742518208.189111
6,68.583,1742518208.189111
7,71.988,1742518208.189111
0,70.978,1742518208.2392533
1,69.524,1742518208.2392533
2,71.847,1742518208.2392533
3,69.86,1742518208.2392533
4,70.632,1742518208.2392533
5,69.804,1742518208.2392533
6,68.583,1742518208.2392533
7,71.988,1742518208.2392533
0,70.978,1742518208.289393
1,69.524,1742518208.289393
2,71.854,1742518208.289393
3,69.871,1742518208.289393
4,70.633,1742518208.289393
5,69.804,1742518208.289393
6,68.588,1742518208.289393
7,71.993,1742518208.289393
0,70.97,1742518208.3395345
1,69.554,1742518208.3395345
2,71.854,1742518208.3395345
3,69.871,1742518208.3395345
4,70.633,1742518208.3395345
5,69.812,1742518208.3395345
6,68.588,1742518208.3395345
7,71.993,1742518208.3395345
0,70.97,1742518208.3896728
1,69.554,1742518208.3896728
2,71.869,1742518208.3896728
3,69.879,1742518208.3896728
4,70.647,1742518208.3896728
5,69.812,1742518208.3896728
6,68.582,1742518208.3896728
7,72.001,1742518208.3896728
0,70.978,1742518208.4398024
1,69.53,1742518208.4398024
2,71.869,1742518208.4398024
3,69.879,1742518208.4398024
4,70.647,1742518208.4398024
5,69.818,1742518208.4398024
6,68.582,1742518208.4398024
7,72.001,1742518208.4398024
0,70.978,1742518208.489942
1,69.53,1742518208.489942
2,71.856,1742518208.489942
3,69.899,1742518208.489942
4,70.661,1742518208.489942
5,69.818,1742518208.489942
6,68.588,1742518208.489942
7,72.003,1742518208.489942
0,70.95,1742518208.5400805
1,69.537,1742518208.5400805
2,71.856,1742518208.5400805
3,69.899,1742518208.5400805
4,70.661,1742518208.5400805
5,69.792,1742518208.5400805
6,68.588,1742518208.5400805
7,72.003,1742518208.5400805
0,70.95,1742518208.590222
1,69.537,1742518208.590222
2,71.853,1742518208.590222
3,69.894,1742518208.590222
4,70.661,1742518208.590222
5,69.792,1742518208.590222
6,68.595,1742518208.590222
7,71.996,1742518208.590222
0,70.957,1742518208.6403596
1,69.529,1742518208.6403596
2,71.853,1742518208.6403596
3,69.894,1742518208.6403596
4,70.684,1742518208.6403596
5,69.791,1742518208.6403596
6,68.595,1742518208.6403596
7,71.996,1742518208.6403596
0,70.957,1742518208.6905024
1,69.529,1742518208.6905024
2,71.856,1742518208.6905024
3,69.898,1742518208.6905024
4,70.684,1742518208.6905024
5,69.791,1742518208.6905024
6,68.581,1742518208.6905024
7,72.009,1742518208.6905024
0,70.955,1742518208.7406409
1,69.53,1742518208.7406409
2,71.856,1742518208.7406409
3,69.898,1742518208.7406409
4,70.706,1742518208.7406409
5,69.758,1742518208.7406409
6,68.581,1742518208.7406409
7,72.009,1742518208.7406409
0,70.955,1742518208.7909105
1,69.53,1742518208.7909105
2,71.849,1742518208.7909105
3,69.907,1742518208.7909105
4,70.706,1742518208.7909105
5,69.758,1742518208.7909105
6,68.607,1742518208.7909105
7,72.001,1742518208.7909105
0,70.962,1742518208.8410494
1,69.55,1742518208.8410494
2,71.849,1742518208.8410494
3,69.907,1742518208.8410494
4,70.69,1742518208.8410494
5,69.792,1742518208.8410494
6,68.607,1742518208.8410494
7,72.001,1742518208.8410494
0,70.962,1742518208.8911874
1,69.55,1742518208.8911874
2,71.875,1742518208.8911874
3,69.908,1742518208.8911874
4,70.69,1742518208.8911874
5,69.792,1742518208.8911874
6,68.589,1742518208.8911874
7,72.014,1742518208.8911874
0,70.955,1742518208.9413276
1,69.55,1742518208.9413276
2,71.875,1742518208.9413276
3,69.908,1742518208.9413276
4,70.683,1742518208.9413276
5,69.804,1742518208.9413276
6,68.589,1742518208.9413276
7,72.014,1742518208.9413276
0,70.955,1742518208.9914947
1,69.55,1742518208.9914947
2,71.86,1742518208.9914947
3,69.914,1742518208.9914947
4,70.683,1742518208.9914947
5,69.804,1742518208.9914947
6,68.581,1742518208.9914947
7,72.022,1742518208.9914947
0,70.968,1742518209.0416343
1,69.556,1742518209.0416343
2,71.86,1742518209.0416343
3,69.914,1742518209.0416343
4,70.704,1742518209.0416343
5,69.811,1742518209.0416343
6,68.581,1742518209.0416343
7,72.022,1742518209.0416343
0,70.968,1742518209.0917754
1,69.556,1742518209.0917754
2,71.866,1742518209.0917754
3,69.918,1742518209.0917754
4,70.704,1742518209.0917754
5,69.811,1742518209.0917754
6,68.574,1742518209.0917754
7,72.028,1742518209.0917754
0,70.947,1742518209.141915
1,69.564,1742518209.141915
2,71.866,1742518209.141915
3,69.918,1742518209.141915
4,70.707,1742518209.141915
5,69.811,1742518209.141915
6,68.574,1742518209.141915
7,72.028,1742518209.141915
0,70.947,1742518209.1920547
1,69.564,1742518209.1920547
2,71.862,1742518209.1920547
3,69.917,1742518209.1920547
4,70.707,1742518209.1920547
5,69.811,1742518209.1920547
6,68.568,1742518209.1920547
7,72.011,1742518209.1920547
0,70.968,1742518209.2422018
1,69.54,1742518209.2422018
2,71.862,1742518209.2422018
3,69.917,1742518209.2422018
4,70.74,1742518209.2422018
5,69.836,1742518209.2422018
6,68.568,1742518209.2422018
7,72.011,1742518209.2422018
0,70.968,1742518209.2923372
1,69.54,1742518209.2923372
2,71.862,1742518209.2923372
3,69.898,1742518209.2923372
4,70.74,1742518209.2923372
5,69.836,1742518209.2923372
6,68.574,1742518209.2923372
7,72.027,1742518209.2923372
0,70.961,1742518209.3424635
1,69.556,1742518209.3424635
2,71.859,1742518209.3424635
3,69.898,1742518209.3424635
4,70.753,1742518209.3424635
5,69.84,1742518209.3424635
6,68.574,1742518209.3424635
7,72.027,1742518209.3424635
0,70.961,1742518209.3926048
1,69.556,1742518209.3926048
2,71.859,1742518209.3926048
3,69.9,1742518209.3926048
4,70.753,1742518209.3926048
5,69.84,1742518209.3926048
6,68.587,1742518209.3926048
7,72.008,1742518209.3926048
0,70.961,1742518209.4427443
1,69.556,1742518209.4427443
2,71.853,1742518209.4427443
3,69.9,1742518209.4427443
4,70.764,1742518209.4427443
5,69.856,1742518209.4427443
6,68.587,1742518209.4427443
7,72.008,1742518209.4427443
0,70.961,1742518209.492872
1,69.556,1742518209.492872
2,71.853,1742518209.492872
3,69.891,1742518209.492872
4,70.764,1742518209.492872
5,69.856,1742518209.492872
6,68.587,1742518209.492872
7,71.979,1742518209.492872
0,70.961,1742518209.5430038
1,69.543,1742518209.5430038
2,71.859,1742518209.5430038
3,69.891,1742518209.5430038
4,70.737,1742518209.5430038
5,69.849,1742518209.5430038
6,68.595,1742518209.5430038
7,71.979,1742518209.5430038
0,70.961,1742518209.5931444
1,69.543,1742518209.5931444
2,71.852,1742518209.5931444
3,69.878,1742518209.5931444
4,70.737,1742518209.5931444
5,69.849,1742518209.5931444
6,68.595,1742518209.5931444
7,71.972,1742518209.5931444
0,70.956,1742518209.6432865
1,69.549,1742518209.6432865
2,71.852,1742518209.6432865
3,69.878,1742518209.6432865
4,70.73,1742518209.6432865
5,69.846,1742518209.6432865
6,68.594,1742518209.6432865
7,71.972,1742518209.6432865
0,70.956,1742518209.6934671
1,69.549,1742518209.6934671
2,71.852,1742518209.6934671
3,69.87,1742518209.6934671
4,70.73,1742518209.6934671
5,69.846,1742518209.6934671
6,68.594,1742518209.6934671
7,71.967,1742518209.6934671
0,70.957,1742518209.7436092
1,69.556,1742518209.7436092
2,71.859,1742518209.7436092
3,69.87,1742518209.7436092
4,70.725,1742518209.7436092
5,69.876,1742518209.7436092
6,68.594,1742518209.7436092
7,71.967,1742518209.7436092
0,70.957,1742518209.7937477
1,69.556,1742518209.7937477
2,71.859,1742518209.7937477
3,69.87,1742518209.7937477
4,70.725,1742518209.7937477
5,69.876,1742518209.7937477
6,68.594,1742518209.7937477
7,71.946,1742518209.7937477
0,70.95,1742518209.8438902
1,69.532,1742518209.8438902
2,71.859,1742518209.8438902
3,69.87,1742518209.8438902
4,70.756,1742518209.8438902
5,69.843,1742518209.8438902
6,68.607,1742518209.8438902
7,71.946,1742518209.8438902
0,70.95,1742518209.8940291
1,69.532,1742518209.8940291
2,71.859,1742518209.8940291
3,69.85,1742518209.8940291
4,70.756,1742518209.8940291
5,69.843,1742518209.8940291
6,68.607,1742518209.8940291
7,71.946,1742518209.8940291
0,70.958,1742518209.9441688
1,69.543,1742518209.9441688
2,71.879,1742518209.9441688
3,69.85,1742518209.9441688
4,70.744,1742518209.9441688
5,69.863,1742518209.9441688
6,68.62,1742518209.9441688
7,71.974,1742518209.9441688
0,70.958,1742518209.9943092
1,69.543,1742518209.9943092
2,71.879,1742518209.9943092
3,69.871,1742518209.9943092
4,70.744,1742518209.9943092
5,69.863,1742518209.9943092
6,68.62,1742518209.9943092
7,71.974,1742518209.9943092
0,70.972,1742518210.0444467
1,69.55,1742518210.0444467
2,71.861,1742518210.0444467
3,69.871,1742518210.0444467
4,70.715,1742518210.0444467
5,69.857,1742518210.0444467
6,68.62,1742518210.0444467
7,71.985,1742518210.0444467
0,70.972,1742518210.0945733
1,69.55,1742518210.0945733
2,71.861,1742518210.0945733
3,69.847,1742518210.0945733
4,70.715,1742518210.0945733
5,69.857,1742518210.0945733
6,68.62,1742518210.0945733
7,71.985,1742518210.0945733
0,70.978,1742518210.1447163
1,69.547,1742518210.1447163
2,71.859,1742518210.1447163
3,69.847,1742518210.1447163
4,70.721,1742518210.1447163
5,69.852,1742518210.1447163
6,68.64,1742518210.1447163
7,72.013,1742518210.1447163
0,70.978,1742518210.194857
1,69.547,1742518210.194857
2,71.859,1742518210.194857
3,69.881,1742518210.194857
4,70.721,1742518210.194857
5,69.852,1742518210.194857
6,68.64,1742518210.194857
7,72.013,1742518210.194857
0,70.962,1742518210.244999
1,69.547,1742518210.244999
2,71.853,1742518210.244999
3,69.881,1742518210.244999
4,70.721,1742518210.244999
5,69.84,1742518210.244999
6,68.64,1742518210.244999
7,72.02,1742518210.244999
0,70.962,1742518210.2951376
1,69.547,1742518210.2951376
2,71.853,1742518210.2951376
3,69.875,1742518210.2951376
4,70.721,1742518210.2951376
5,69.84,1742518210.2951376
6,68.64,1742518210.2951376
7,72.02,1742518210.2951376
0,71.576,1742518210.3452647
1,69.561,1742518210.3452647
2,71.86,1742518210.3452647
3,69.875,1742518210.3452647
4,70.706,1742518210.3452647
5,69.817,1742518210.3452647
6,68.626,1742518210.3452647
7,72.009,1742518210.3452647
0,71.576,1742518210.3954725
1,69.561,1742518210.3954725
2,71.86,1742518210.3954725
3,69.875,1742518210.3954725
4,70.706,1742518210.3954725
5,69.817,1742518210.3954725
6,68.626,1742518210.3954725
7,72.009,1742518210.3954725
0,76.349,1742518210.4455998
1,69.553,1742518210.4455998
2,71.879,1742518210.4455998
3,69.875,1742518210.4455998
4,70.671,1742518210.4455998
5,69.835,1742518210.4455998
6,68.613,1742518210.4455998
7,72.03,1742518210.4455998
0,76.349,1742518210.4957402
1,69.553,1742518210.4957402
2,71.879,1742518210.4957402
3,69.88,1742518210.4957402
4,70.671,1742518210.4957402
5,69.835,1742518210.4957402
6,68.613,1742518210.4957402
7,72.03,1742518210.4957402
0,81.469,1742518210.5458696
1,69.574,1742518210.5458696
2,71.88,1742518210.5458696
3,69.88,1742518210.5458696
4,70.669,1742518210.5458696
5,69.812,1742518210.5458696
6,68.593,1742518210.5458696
7,72.051,1742518210.5458696
0,81.469,1742518210.5959995
1,69.574,1742518210.5959995
2,71.88,1742518210.5959995
3,69.896,1742518210.5959995
4,70.669,1742518210.5959995
5,69.812,1742518210.5959995
6,68.593,1742518210.5959995
7,72.051,1742518210.5959995
0,86.449,1742518210.646139
1,69.568,1742518210.646139
2,71.899,1742518210.646139
3,69.896,1742518210.646139
4,70.663,1742518210.646139
5,69.832,1742518210.646139
6,68.6,1742518210.646139
7,72.054,1742518210.646139
0,86.449,1742518210.6962624
1,69.568,1742518210.6962624
2,71.899,1742518210.6962624
3,69.902,1742518210.6962624
4,70.663,1742518210.6962624
5,69.832,1742518210.6962624
6,68.6,1742518210.6962624
7,72.054,1742518210.6962624
0,92.45,1742518210.7464447
1,69.554,1742518210.7464447
2,71.899,1742518210.7464447
3,69.902,1742518210.7464447
4,70.671,1742518210.7464447
5,69.817,1742518210.7464447
6,68.6,1742518210.7464447
7,72.055,1742518210.7464447
0,92.45,1742518210.7965715
1,69.554,1742518210.7965715
2,71.899,1742518210.7965715
3,69.916,1742518210.7965715
4,70.671,1742518210.7965715
5,69.817,1742518210.7965715
6,68.593,1742518210.7965715
7,72.055,1742518210.7965715
0,97.412,1742518210.8466947
1,69.547,1742518210.8466947
2,71.907,1742518210.8466947
3,69.916,1742518210.8466947
4,70.658,1742518210.8466947
5,69.826,1742518210.8466947
6,68.593,1742518210.8466947
7,72.051,1742518210.8466947
0,97.412,1742518210.8968236
1,69.547,1742518210.8968236
2,71.907,1742518210.8968236
3,69.924,1742518210.8968236
4,70.658,1742518210.8968236
5,69.826,1742518210.8968236
6,68.614,1742518210.8968236
7,72.051,1742518210.8968236
0,102.41,1742518210.9469976
1,69.568,1742518210.9469976
2,71.875,1742518210.9469976
3,69.924,1742518210.9469976
4,70.645,1742518210.9469976
5,69.818,1742518210.9469976
6,68.614,1742518210.9469976
7,72.051,1742518210.9469976
0,102.41,1742518210.9971254
1,69.568,1742518210.9971254
2,71.875,1742518210.9971254
3,69.911,1742518210.9971254
4,70.645,1742518210.9971254
5,69.818,1742518210.9971254
6,68.607,1742518210.9971254
7,72.057,1742518210.9971254
0,107.388,1742518211.047266
1,69.534,1742518211.047266
2,71.888,1742518211.047266
3,69.911,1742518211.047266
4,70.631,1742518211.047266
5,69.799,1742518211.047266
6,68.607,1742518211.047266
7,72.057,1742518211.047266
0,107.388,1742518211.0974061
1,69.534,1742518211.0974061
2,71.888,1742518211.0974061
3,69.899,1742518211.0974061
4,70.631,1742518211.0974061
5,69.799,1742518211.0974061
6,68.607,1742518211.0974061
7,72.053,1742518211.0974061
0,112.195,1742518211.1475484
1,69.555,1742518211.1475484
2,71.893,1742518211.1475484
3,69.899,1742518211.1475484
4,70.625,1742518211.1475484
5,69.835,1742518211.1475484
6,68.607,1742518211.1475484
7,72.053,1742518211.1475484
0,112.195,1742518211.1977293
1,69.555,1742518211.1977293
2,71.893,1742518211.1977293
3,69.9,1742518211.1977293
4,70.625,1742518211.1977293
5,69.835,1742518211.1977293
6,68.601,1742518211.1977293
7,72.046,1742518211.1977293
0,112.195,1742518211.24787
1,69.534,1742518211.24787
2,71.907,1742518211.24787
3,69.9,1742518211.24787
4,70.634,1742518211.24787
5,69.802,1742518211.24787
6,68.601,1742518211.24787
7,72.046,1742518211.24787
0,117.687,1742518211.2979994
1,69.534,1742518211.2979994
2,71.907,1742518211.2979994
3,69.893,1742518211.2979994
4,70.634,1742518211.2979994
5,69.802,1742518211.2979994
6,68.601,1742518211.2979994
7,72.036,1742518211.2979994
0,117.687,1742518211.3481264
1,69.536,1742518211.3481264
2,71.893,1742518211.3481264
3,69.893,1742518211.3481264
4,70.648,1742518211.3481264
5,69.836,1742518211.3481264
6,68.601,1742518211.3481264
7,72.036,1742518211.3481264
0,119.817,1742518211.3982627
1,69.536,1742518211.3982627
2,71.893,1742518211.3982627
3,69.895,1742518211.3982627
4,70.648,1742518211.3982627
5,69.836,1742518211.3982627
6,68.601,1742518211.3982627
7,72.052,1742518211.3982627
0,119.817,1742518211.448405
1,69.529,1742518211.448405
2,71.886,1742518211.448405
3,69.895,1742518211.448405
4,70.661,1742518211.448405
5,69.822,1742518211.448405
6,68.601,1742518211.448405
7,72.052,1742518211.448405
0,119.478,1742518211.4985282
1,69.529,1742518211.4985282
2,71.886,1742518211.4985282
3,69.903,1742518211.4985282
4,70.661,1742518211.4985282
5,69.822,1742518211.4985282
6,68.6,1742518211.4985282
7,72.037,1742518211.4985282
0,119.478,1742518211.5486605
1,69.53,1742518211.5486605
2,71.895,1742518211.5486605
3,69.903,1742518211.5486605
4,70.669,1742518211.5486605
5,69.832,1742518211.5486605
6,68.6,1742518211.5486605
7,72.037,1742518211.5486605
0,119.26,1742518211.598794
1,69.53,1742518211.598794
2,71.895,1742518211.598794
3,69.887,1742518211.598794
4,70.669,1742518211.598794
5,69.832,1742518211.598794
6,68.614,1742518211.598794
7,72.01,1742518211.598794
0,119.26,1742518211.6489332
1,69.523,1742518211.6489332
2,71.874,1742518211.6489332
3,69.887,1742518211.6489332
4,70.643,1742518211.6489332
5,69.831,1742518211.6489332
6,68.614,1742518211.6489332
7,72.01,1742518211.6489332
0,119.406,1742518211.699098
1,69.523,1742518211.699098
2,71.874,1742518211.699098
3,69.899,1742518211.699098
4,70.643,1742518211.699098
5,69.831,1742518211.699098
6,68.633,1742518211.699098
7,72.01,1742518211.699098
0,119.406,1742518211.7492805
1,69.533,1742518211.7492805
2,71.875,1742518211.7492805
3,69.899,1742518211.7492805
4,70.642,1742518211.7492805
5,69.825,1742518211.7492805
6,68.633,1742518211.7492805
7,72.01,1742518211.7492805
0,119.723,1742518211.7994494
1,69.533,1742518211.7994494
2,71.875,1742518211.7994494
3,69.881,1742518211.7994494
4,70.642,1742518211.7994494
5,69.825,1742518211.7994494
6,68.627,1742518211.7994494
7,72.009,1742518211.7994494
0,119.723,1742518211.8496149
1,69.526,1742518211.8496149
2,71.869,1742518211.8496149
3,69.881,1742518211.8496149
4,70.643,1742518211.8496149
5,69.828,1742518211.8496149
6,68.627,1742518211.8496149
7,72.009,1742518211.8496149
0,120.071,1742518211.899792
1,69.526,1742518211.899792
2,71.869,1742518211.899792
3,69.886,1742518211.899792
4,70.643,1742518211.899792
5,69.828,1742518211.899792
6,68.627,1742518211.899792
7,72.016,1742518211.899792
0,120.071,1742518211.9499505
1,69.518,1742518211.9499505
2,71.869,1742518211.9499505
3,69.886,1742518211.9499505
4,70.671,1742518211.9499505
5,69.8,1742518211.9499505
6,68.627,1742518211.9499505
7,72.016,1742518211.9499505
0,120.468,1742518212.0001495
1,69.518,1742518212.0001495
2,71.869,1742518212.0001495
3,69.885,1742518212.0001495
4,70.671,1742518212.0001495
5,69.8,1742518212.0001495
6,68.62,1742518212.0001495
7,72.016,1742518212.0001495
0,120.468,1742518212.050311
1,69.528,1742518212.050311
2,71.874,1742518212.050311
3,69.885,1742518212.050311
4,70.671,1742518212.050311
5,69.833,1742518212.050311
6,68.62,1742518212.050311
7,72.016,1742518212.050311
0,120.806,1742518212.1004674
1,69.528,1742518212.1004674
2,71.874,1742518212.1004674
3,69.889,1742518212.1004674
4,70.684,1742518212.1004674
5,69.833,1742518212.1004674
6,68.62,1742518212.1004674
7,71.996,1742518212.1004674
0,120.806,1742518212.1507213
1,69.518,1742518212.1507213
2,71.863,1742518212.1507213
3,69.889,1742518212.1507213
4,70.698,1742518212.1507213
5,69.833,1742518212.1507213
6,68.62,1742518212.1507213
7,71.996,1742518212.1507213
0,121.347,1742518212.2008872
1,69.518,1742518212.2008872
2,71.863,1742518212.2008872
3,69.88,1742518212.2008872
4,70.698,1742518212.2008872
5,69.833,1742518212.2008872
6,68.614,1742518212.2008872
7,71.984,1742518212.2008872
0,121.347,1742518212.2510521
1,69.521,1742518212.2510521
2,71.856,1742518212.2510521
3,69.88,1742518212.2510521
4,70.691,1742518212.2510521
5,69.826,1742518212.2510521
6,68.614,1742518212.2510521
7,71.984,1742518212.2510521
0,121.891,1742518212.3011901
1,69.521,1742518212.3011901
2,71.856,1742518212.3011901
3,69.873,1742518212.3011901
4,70.691,1742518212.3011901
5,69.826,1742518212.3011901
6,68.607,1742518212.3011901
7,71.989,1742518212.3011901
0,121.891,1742518212.3513436
1,69.511,1742518212.3513436
2,71.843,1742518212.3513436
3,69.873,1742518212.3513436
4,70.685,1742518212.3513436
5,69.812,1742518212.3513436
6,68.607,1742518212.3513436
7,71.989,1742518212.3513436
0,121.833,1742518212.4014945
1,69.511,1742518212.4014945
2,71.843,1742518212.4014945
3,69.88,1742518212.4014945
4,70.685,1742518212.4014945
5,69.812,1742518212.4014945
6,68.621,1742518212.4014945
7,71.978,1742518212.4014945
0,121.833,1742518212.4517856
1,69.505,1742518212.4517856
2,71.843,1742518212.4517856
3,69.88,1742518212.4517856
4,70.685,1742518212.4517856
5,69.787,1742518212.4517856
6,68.621,1742518212.4517856
7,71.978,1742518212.4517856
0,121.882,1742518212.5019412
1,69.505,1742518212.5019412
2,71.843,1742518212.5019412
3,69.867,1742518212.5019412
4,70.699,1742518212.5019412
5,69.787,1742518212.5019412
6,68.627,1742518212.5019412
7,71.978,1742518212.5019412
0,121.882,1742518212.5520792
1,69.514,1742518212.5520792
2,71.827,1742518212.5520792
3,69.867,1742518212.5520792
4,70.701,1742518212.5520792
5,69.807,1742518212.5520792
6,68.627,1742518212.5520792
7,71.978,1742518212.5520792
0,121.738,1742518212.6022227
1,69.514,1742518212.6022227
2,71.827,1742518212.6022227
3,69.88,1742518212.6022227
4,70.701,1742518212.6022227
5,69.807,1742518212.6022227
6,68.634,1742518212.6022227
7,72.016,1742518212.6022227
0,121.738,1742518212.6523602
1,69.514,1742518212.6523602
2,71.834,1742518212.6523602
3,69.88,1742518212.6523602
4,70.706,1742518212.6523602
5,69.788,1742518212.6523602
6,68.634,1742518212.6523602
7,72.016,1742518212.6523602
0,121.263,1742518212.7024968
1,69.514,1742518212.7024968
2,71.834,1742518212.7024968
3,69.867,1742518212.7024968
4,70.706,1742518212.7024968
5,69.788,1742518212.7024968
6,68.634,1742518212.7024968
7,72.017,1742518212.7024968
0,121.263,1742518212.7526376
1,69.508,1742518212.7526376
2,71.82,1742518212.7526376
3,69.867,1742518212.7526376
4,70.7,1742518212.7526376
5,69.828,1742518212.7526376
6,68.634,1742518212.7526376
7,72.017,1742518212.7526376
0,120.572,1742518212.802777
1,69.508,1742518212.802777
2,71.82,1742518212.802777
3,69.853,1742518212.802777
4,70.7,1742518212.802777
5,69.828,1742518212.802777
6,68.621,1742518212.802777
7,72.018,1742518212.802777
0,120.572,1742518212.8528752
1,69.508,1742518212.8528752
2,71.8,1742518212.8528752
3,69.853,1742518212.8528752
4,70.712,1742518212.8528752
5,69.827,1742518212.8528752
6,68.621,1742518212.8528752
7,72.018,1742518212.8528752
0,119.825,1742518212.9030154
1,69.508,1742518212.9030154
2,71.8,1742518212.9030154
3,69.866,1742518212.9030154
4,70.712,1742518212.9030154
5,69.827,1742518212.9030154
6,68.627,1742518212.9030154
7,72.012,1742518212.9030154
0,119.825,1742518212.953148
1,69.501,1742518212.953148
2,71.794,1742518212.953148
3,69.866,1742518212.953148
4,70.677,1742518212.953148
5,69.836,1742518212.953148
6,68.627,1742518212.953148
7,72.012,1742518212.953148
0,119.019,1742518213.0032744
1,69.501,1742518213.0032744
2,71.794,1742518213.0032744
3,69.874,1742518213.0032744
4,70.677,1742518213.0032744
5,69.836,1742518213.0032744
6,68.614,1742518213.0032744
7,72.012,1742518213.0032744
0,119.019,1742518213.053413
1,69.494,1742518213.053413
2,71.794,1742518213.053413
3,69.874,1742518213.053413
4,70.677,1742518213.053413
5,69.82,1742518213.053413
6,68.614,1742518213.053413
7,72.012,1742518213.053413
0,118.119,1742518213.1035178
1,69.494,1742518213.1035178
2,71.794,1742518213.1035178
3,69.86,1742518213.1035178
4,70.677,1742518213.1035178
5,69.82,1742518213.1035178
6,68.621,1742518213.1035178
7,72.023,1742518213.1035178
0,118.119,1742518213.1536548
1,69.493,1742518213.1536548
2,71.787,1742518213.1536548
3,69.86,1742518213.1536548
4,70.662,1742518213.1536548
5,69.802,1742518213.1536548
6,68.621,1742518213.1536548
7,72.023,1742518213.1536548
0,117.534,1742518213.2037914
1,69.493,1742518213.2037914
2,71.787,1742518213.2037914
3,69.875,1742518213.2037914
4,70.662,1742518213.2037914
5,69.802,1742518213.2037914
6,68.614,1742518213.2037914
7,72.031,1742518213.2037914
0,117.534,1742518213.253928
1,69.514,1742518213.253928
2,71.794,1742518213.253928
3,69.875,1742518213.253928
4,70.655,1742518213.253928
5,69.8,1742518213.253928
6,68.614,1742518213.253928
7,72.031,1742518213.253928
0,116.955,1742518213.3040617
1,69.514,1742518213.3040617
2,71.794,1742518213.3040617
3,69.867,1742518213.3040617
4,70.655,1742518213.3040617
5,69.8,1742518213.3040617
6,68.634,1742518213.3040617
7,72.04,1742518213.3040617
0,116.955,1742518213.3541913
1,69.52,1742518213.3541913
2,71.78,1742518213.3541913
3,69.867,1742518213.3541913
4,70.655,1742518213.3541913
5,69.796,1742518213.3541913
6,68.634,1742518213.3541913
7,72.04,1742518213.3541913
0,116.76,1742518213.404317
1,69.52,1742518213.404317
2,71.78,1742518213.404317
3,69.86,1742518213.404317
4,70.662,1742518213.404317
5,69.796,1742518213.404317
6,68.646,1742518213.404317
7,72.013,1742518213.404317
0,116.76,1742518213.4544437
1,69.52,1742518213.4544437
2,71.78,1742518213.4544437
3,69.86,1742518213.4544437
4,70.662,1742518213.4544437
5,69.826,1742518213.4544437
6,68.646,1742518213.4544437
7,72.013,1742518213.4544437
0,116.718,1742518213.5045683
1,69.534,1742518213.5045683
2,71.78,1742518213.5045683
3,69.887,1742518213.5045683
4,70.655,1742518213.5045683
5,69.826,1742518213.5045683
6,68.633,1742518213.5045683
7,72.044,1742518213.5045683
0,116.718,1742518213.554707
1,69.534,1742518213.554707
2,71.781,1742518213.554707
3,69.887,1742518213.554707
4,70.655,1742518213.554707
5,69.819,1742518213.554707
6,68.633,1742518213.554707
7,72.044,1742518213.554707
0,116.605,1742518213.6048474
1,69.517,1742518213.6048474
2,71.781,1742518213.6048474
3,69.894,1742518213.6048474
4,70.66,1742518213.6048474
5,69.819,1742518213.6048474
6,68.633,1742518213.6048474
7,72.028,1742518213.6048474
0,116.605,1742518213.6549768
1,69.517,1742518213.6549768
2,71.784,1742518213.6549768
3,69.894,1742518213.6549768
4,70.66,1742518213.6549768
5,69.833,1742518213.6549768
6,68.633,1742518213.6549768
7,72.028,1742518213.6549768
0,116.585,1742518213.705114
1,69.517,1742518213.705114
2,71.784,1742518213.705114
3,69.887,1742518213.705114
4,70.659,1742518213.705114
5,69.833,1742518213.705114
6,68.62,1742518213.705114
7,72.024,1742518213.705114
0,116.585,1742518213.7552893
1,69.517,1742518213.7552893
2,71.787,1742518213.7552893
3,69.887,1742518213.7552893
4,70.659,1742518213.7552893
5,69.809,1742518213.7552893
6,68.62,1742518213.7552893
7,72.024,1742518213.7552893
0,116.592,1742518213.8054156
1,69.53,1742518213.8054156
2,71.787,1742518213.8054156
3,69.881,1742518213.8054156
4,70.652,1742518213.8054156
5,69.809,1742518213.8054156
6,68.62,1742518213.8054156
7,72.015,1742518213.8054156
0,116.592,1742518213.8555126
1,69.53,1742518213.8555126
2,71.797,1742518213.8555126
3,69.881,1742518213.8555126
4,70.652,1742518213.8555126
5,69.794,1742518213.8555126
6,68.62,1742518213.8555126
7,72.015,1742518213.8555126
0,116.592,1742518213.90564
1,69.524,1742518213.90564
2,71.797,1742518213.90564
3,69.874,1742518213.90564
4,70.66,1742518213.90564
5,69.794,1742518213.90564
6,68.6,1742518213.90564
7,72.018,1742518213.90564
0,116.592,1742518213.9558
1,69.524,1742518213.9558
2,71.827,1742518213.9558
3,69.874,1742518213.9558
4,70.66,1742518213.9558
5,69.816,1742518213.9558
6,68.6,1742518213.9558
7,72.018,1742518213.9558
0,116.592,1742518214.0059755
1,69.537,1742518214.0059755
2,71.827,1742518214.0059755
3,69.874,1742518214.0059755
4,70.66,1742518214.0059755
5,69.816,1742518214.0059755
6,68.62,1742518214.0059755
7,72.026,1742518214.0059755
0,116.592,1742518214.056136
1,69.537,1742518214.056136
2,71.814,1742518214.056136
3,69.873,1742518214.056136
4,70.66,1742518214.056136
5,69.821,1742518214.056136
6,68.62,1742518214.056136
7,72.026,1742518214.056136
0,116.604,1742518214.1063147
1,69.537,1742518214.1063147
2,71.814,1742518214.1063147
3,69.866,1742518214.1063147
4,70.647,1742518214.1063147
5,69.821,1742518214.1063147
6,68.627,1742518214.1063147
7,72.04,1742518214.1063147
0,116.604,1742518214.1564922
1,69.537,1742518214.1564922
2,71.804,1742518214.1564922
3,69.866,1742518214.1564922
4,70.647,1742518214.1564922
5,69.855,1742518214.1564922
6,68.627,1742518214.1564922
7,72.04,1742518214.1564922
0,116.604,1742518214.2066693
1,69.526,1742518214.2066693
2,71.804,1742518214.2066693
3,69.874,1742518214.2066693
4,70.64,1742518214.2066693
5,69.855,1742518214.2066693
6,68.64,1742518214.2066693
7,72.033,1742518214.2066693
0,116.604,1742518214.2568502
1,69.526,1742518214.2568502
2,71.8,1742518214.2568502
3,69.874,1742518214.2568502
4,70.64,1742518214.2568502
5,69.842,1742518214.2568502
6,68.64,1742518214.2568502
7,72.033,1742518214.2568502
0,116.598,1742518214.3070254
1,69.546,1742518214.3070254
2,71.8,1742518214.3070254
3,69.882,1742518214.3070254
4,70.646,1742518214.3070254
5,69.842,1742518214.3070254
6,68.627,1742518214.3070254
7,72.01,1742518214.3070254
0,116.598,1742518214.3571837
1,69.546,1742518214.3571837
2,71.814,1742518214.3571837
3,69.882,1742518214.3571837
4,70.646,1742518214.3571837
5,69.824,1742518214.3571837
6,68.627,1742518214.3571837
7,72.01,1742518214.3571837
0,116.585,1742518214.4073498
1,69.505,1742518214.4073498
2,71.814,1742518214.4073498
3,69.882,1742518214.4073498
4,70.632,1742518214.4073498
5,69.824,1742518214.4073498
6,68.62,1742518214.4073498
7,72.032,1742518214.4073498
0,116.585,1742518214.4575174
1,69.505,1742518214.4575174
2,71.8,1742518214.4575174
3,69.882,1742518214.4575174
4,70.632,1742518214.4575174
5,69.815,1742518214.4575174
6,68.62,1742518214.4575174
7,72.032,1742518214.4575174
0,116.591,1742518214.507692
1,69.513,1742518214.507692
2,71.8,1742518214.507692
3,69.882,1742518214.507692
4,70.634,1742518214.507692
5,69.815,1742518214.507692
6,68.594,1742518214.507692
7,72.016,1742518214.507692
0,116.591,1742518214.5578682
1,69.513,1742518214.5578682
2,71.813,1742518214.5578682
3,69.869,1742518214.5578682
4,70.634,1742518214.5578682
5,69.794,1742518214.5578682
6,68.594,1742518214.5578682
7,72.016,1742518214.5578682
0,116.572,1742518214.6080413
1,69.526,1742518214.6080413
2,71.813,1742518214.6080413
3,69.869,1742518214.6080413
4,70.648,1742518214.6080413
5,69.794,1742518214.6080413
6,68.6,1742518214.6080413
7,72.023,1742518214.6080413
0,116.572,1742518214.6582122
1,69.526,1742518214.6582122
2,71.82,1742518214.6582122
3,69.854,1742518214.6582122
4,70.648,1742518214.6582122
5,69.82,1742518214.6582122
6,68.6,1742518214.6582122
7,72.023,1742518214.6582122
0,116.585,1742518214.7083821
1,69.541,1742518214.7083821
2,71.82,1742518214.7083821
3,69.854,1742518214.7083821
4,70.641,1742518214.7083821
5,69.82,1742518214.7083821
6,68.594,1742518214.7083821
7,72.014,1742518214.7083821
0,116.585,1742518214.758552
1,69.541,1742518214.758552
2,71.806,1742518214.758552
3,69.859,1742518214.758552
4,70.641,1742518214.758552
5,69.805,1742518214.758552
6,68.594,1742518214.758552
7,72.014,1742518214.758552
0,116.585,1742518214.8087056
1,69.507,1742518214.8087056
2,71.806,1742518214.8087056
3,69.859,1742518214.8087056
4,70.649,1742518214.8087056
5,69.805,1742518214.8087056
6,68.6,1742518214.8087056
7,72.013,1742518214.8087056
0,116.585,1742518214.8588305
1,69.507,1742518214.8588305
2,71.8,1742518214.8588305
3,69.852,1742518214.8588305
4,70.649,1742518214.8588305
5,69.833,1742518214.8588305
6,68.6,1742518214.8588305
7,72.013,1742518214.8588305
0,116.598,1742518214.9089708
1,69.521,1742518214.9089708
2,71.8,1742518214.9089708
3,69.852,1742518214.9089708
4,70.656,1742518214.9089708
5,69.833,1742518214.9089708
6,68.607,1742518214.9089708
7,72.013,1742518214.9089708
0,116.598,1742518214.959135
1,69.521,1742518214.959135
2,71.806,1742518214.959135
3,69.875,1742518214.959135
4,70.656,1742518214.959135
5,69.793,1742518214.959135
6,68.607,1742518214.959135
7,72.013,1742518214.959135
0,116.586,1742518215.0093062
1,69.5,1742518215.0093062
2,71.806,1742518215.0093062
3,69.875,1742518215.0093062
4,70.67,1742518215.0093062
5,69.793,1742518215.0093062
6,68.627,1742518215.0093062
7,72.007,1742518215.0093062
0,116.586,1742518215.0594769
1,69.5,1742518215.0594769
2,71.813,1742518215.0594769
3,69.88,1742518215.0594769
4,70.67,1742518215.0594769
5,69.781,1742518215.0594769
6,68.627,1742518215.0594769
7,72.007,1742518215.0594769
0,116.605,1742518215.1096337
1,69.514,1742518215.1096337
2,71.813,1742518215.1096337
3,69.88,1742518215.1096337
4,70.662,1742518215.1096337
5,69.781,1742518215.1096337
6,68.62,1742518215.1096337
7,72.0,1742518215.1096337
0,116.605,1742518215.1598096
1,69.514,1742518215.1598096
2,71.833,1742518215.1598096
3,69.894,1742518215.1598096
4,70.662,1742518215.1598096
5,69.773,1742518215.1598096
6,68.62,1742518215.1598096
7,72.0,1742518215.1598096
0,116.599,1742518215.2099793
1,69.501,1742518215.2099793
2,71.833,1742518215.2099793
3,69.894,1742518215.2099793
4,70.685,1742518215.2099793
5,69.773,1742518215.2099793
6,68.6,1742518215.2099793
7,71.994,1742518215.2099793
0,116.599,1742518215.260133
1,69.501,1742518215.260133
2,71.839,1742518215.260133
3,69.881,1742518215.260133
4,70.685,1742518215.260133
5,69.759,1742518215.260133
6,68.6,1742518215.260133
7,71.994,1742518215.260133
0,116.624,1742518215.310275
1,69.535,1742518215.310275
2,71.839,1742518215.310275
3,69.881,1742518215.310275
4,70.677,1742518215.310275
5,69.759,1742518215.310275
6,68.594,1742518215.310275
7,71.987,1742518215.310275
0,116.624,1742518215.3604493
1,69.535,1742518215.3604493
2,71.846,1742518215.3604493
3,69.886,1742518215.3604493
4,70.677,1742518215.3604493
5,69.777,1742518215.3604493
6,68.594,1742518215.3604493
7,71.987,1742518215.3604493
0,116.632,1742518215.4105897
1,69.515,1742518215.4105897
2,71.846,1742518215.4105897
3,69.886,1742518215.4105897
4,70.691,1742518215.4105897
5,69.777,1742518215.4105897
6,68.581,1742518215.4105897
7,71.981,1742518215.4105897
0,116.632,1742518215.4607272
1,69.515,1742518215.4607272
2,71.842,1742518215.4607272
3,69.872,1742518215.4607272
4,70.691,1742518215.4607272
5,69.771,1742518215.4607272
6,68.581,1742518215.4607272
7,71.981,1742518215.4607272
0,116.639,1742518215.510864
1,69.549,1742518215.510864
2,71.842,1742518215.510864
3,69.872,1742518215.510864
4,70.698,1742518215.510864
5,69.771,1742518215.510864
6,68.588,1742518215.510864
7,71.975,1742518215.510864
0,116.639,1742518215.560989
1,69.549,1742518215.560989
2,71.855,1742518215.560989
3,69.872,1742518215.560989
4,70.698,1742518215.560989
5,69.8,1742518215.560989
6,68.588,1742518215.560989
7,71.975,1742518215.560989
0,116.644,1742518215.6111252
1,69.518,1742518215.6111252
2,71.855,1742518215.6111252
3,69.872,1742518215.6111252
4,70.699,1742518215.6111252
5,69.8,1742518215.6111252
6,68.601,1742518215.6111252
7,71.955,1742518215.6111252
0,116.644,1742518215.6612582
1,69.518,1742518215.6612582
2,71.846,1742518215.6612582
3,69.891,1742518215.6612582
4,70.699,1742518215.6612582
5,69.772,1742518215.6612582
6,68.601,1742518215.6612582
7,71.955,1742518215.6612582
0,116.65,1742518215.711385
1,69.521,1742518215.711385
2,71.846,1742518215.711385
3,69.891,1742518215.711385
4,70.707,1742518215.711385
5,69.772,1742518215.711385
6,68.627,1742518215.711385
7,71.958,1742518215.711385
0,116.65,1742518215.7615132
1,69.521,1742518215.7615132
2,71.846,1742518215.7615132
3,69.892,1742518215.7615132
4,70.707,1742518215.7615132
5,69.767,1742518215.7615132
6,68.627,1742518215.7615132
7,71.958,1742518215.7615132
0,116.638,1742518215.81165
1,69.507,1742518215.81165
2,71.846,1742518215.81165
3,69.892,1742518215.81165
4,70.688,1742518215.81165
5,69.767,1742518215.81165
6,68.633,1742518215.81165
7,71.945,1742518215.81165
0,116.638,1742518215.8617315
1,69.507,1742518215.8617315
2,71.849,1742518215.8617315
3,69.9,1742518215.8617315
4,70.688,1742518215.8617315
5,69.765,1742518215.8617315
6,68.633,1742518215.8617315
7,71.945,1742518215.8617315
0,116.67,1742518215.9118578
1,69.541,1742518215.9118578
2,71.849,1742518215.9118578
3,69.9,1742518215.9118578
4,70.707,1742518215.9118578
5,69.765,1742518215.9118578
6,68.614,1742518215.9118578
7,71.946,1742518215.9118578
0,116.67,1742518215.9619977
1,69.541,1742518215.9619977
2,71.853,1742518215.9619977
3,69.879,1742518215.9619977
4,70.707,1742518215.9619977
5,69.757,1742518215.9619977
6,68.614,1742518215.9619977
7,71.946,1742518215.9619977
0,116.746,1742518216.0121
1,69.52,1742518216.0121
2,71.853,1742518216.0121
3,69.879,1742518216.0121
4,70.701,1742518216.0121
5,69.757,1742518216.0121
6,68.587,1742518216.0121
7,71.953,1742518216.0121
0,116.746,1742518216.062242
1,69.52,1742518216.062242
2,71.869,1742518216.062242
3,69.873,1742518216.062242
4,70.701,1742518216.062242
5,69.757,1742518216.062242
6,68.587,1742518216.062242
7,71.953,1742518216.062242
0,116.816,1742518216.1124184
1,69.541,1742518216.1124184
2,71.869,1742518216.1124184
3,69.873,1742518216.1124184
4,70.693,1742518216.1124184
5,69.783,1742518216.1124184
6,68.574,1742518216.1124184
7,76.738,1742518216.1124184
0,116.816,1742518216.1625628
1,69.541,1742518216.1625628
2,71.868,1742518216.1625628
3,69.872,1742518216.1625628
4,70.693,1742518216.1625628
5,69.783,1742518216.1625628
6,68.574,1742518216.1625628
7,76.738,1742518216.1625628
0,116.903,1742518216.212661
1,69.512,1742518216.212661
2,71.868,1742518216.212661
3,69.872,1742518216.212661
4,70.664,1742518216.212661
5,69.784,1742518216.212661
6,68.568,1742518216.212661
7,81.443,1742518216.212661
0,116.903,1742518216.262801
1,69.512,1742518216.262801
2,71.868,1742518216.262801
3,69.881,1742518216.262801
4,70.664,1742518216.262801
5,69.784,1742518216.262801
6,68.568,1742518216.262801
7,81.443,1742518216.262801
0,116.97,1742518216.312939
1,73.874,1742518216.312939
2,71.882,1742518216.312939
3,69.881,1742518216.312939
4,70.642,1742518216.312939
5,69.813,1742518216.312939
6,68.594,1742518216.312939
7,86.093,1742518216.312939
0,116.97,1742518216.36308
1,73.874,1742518216.36308
2,71.882,1742518216.36308
3,69.88,1742518216.36308
4,70.642,1742518216.36308
5,69.813,1742518216.36308
6,68.594,1742518216.36308
7,86.093,1742518216.36308
0,117.002,1742518216.4132178
1,78.778,1742518216.4132178
2,71.9,1742518216.4132178
3,69.88,1742518216.4132178
4,70.635,1742518216.4132178
5,69.793,1742518216.4132178
6,68.607,1742518216.4132178
7,90.662,1742518216.4132178
0,117.002,1742518216.4633133
1,78.778,1742518216.4633133
2,71.9,1742518216.4633133
3,69.887,1742518216.4633133
4,70.635,1742518216.4633133
5,69.793,1742518216.4633133
6,68.607,1742518216.4633133
7,90.662,1742518216.4633133
0,119.024,1742518216.5135016
1,83.349,1742518216.5135016
2,71.887,1742518216.5135016
3,69.887,1742518216.5135016
4,70.635,1742518216.5135016
5,69.793,1742518216.5135016
6,68.607,1742518216.5135016
7,97.836,1742518216.5135016
0,119.024,1742518216.563644
1,83.349,1742518216.563644
2,71.887,1742518216.563644
3,69.876,1742518216.563644
4,70.635,1742518216.563644
5,69.793,1742518216.563644
6,68.607,1742518216.563644
7,97.836,1742518216.563644
0,120.105,1742518216.6137807
1,87.843,1742518216.6137807
2,71.887,1742518216.6137807
3,69.876,1742518216.6137807
4,70.626,1742518216.6137807
5,69.805,1742518216.6137807
6,68.581,1742518216.6137807
7,102.552,1742518216.6137807
0,120.105,1742518216.6639388
1,87.843,1742518216.6639388
2,71.887,1742518216.6639388
3,69.864,1742518216.6639388
4,70.626,1742518216.6639388
5,69.805,1742518216.6639388
6,68.581,1742518216.6639388
7,102.552,1742518216.6639388
0,120.452,1742518216.7140846
1,92.354,1742518216.7140846
2,71.9,1742518216.7140846
3,69.864,1742518216.7140846
4,70.585,1742518216.7140846
5,69.802,1742518216.7140846
6,68.56,1742518216.7140846
7,107.21,1742518216.7140846
0,120.452,1742518216.764189
1,92.354,1742518216.764189
2,71.9,1742518216.764189
3,69.871,1742518216.764189
4,70.585,1742518216.764189
5,69.802,1742518216.764189
6,68.56,1742518216.764189
7,107.21,1742518216.764189
0,122.971,1742518216.8142874
1,99.446,1742518216.8142874
2,73.129,1742518216.8142874
3,69.871,1742518216.8142874
4,70.59,1742518216.8142874
5,69.816,1742518216.8142874
6,68.559,1742518216.8142874
7,111.802,1742518216.8142874
0,122.971,1742518216.8643713
1,99.446,1742518216.8643713
2,73.129,1742518216.8643713
3,69.858,1742518216.8643713
4,70.59,1742518216.8643713
5,69.816,1742518216.8643713
6,68.559,1742518216.8643713
7,111.802,1742518216.8643713
0,123.005,1742518216.9144745
1,104.014,1742518216.9144745
2,78.078,1742518216.9144745
3,69.858,1742518216.9144745
4,70.584,1742518216.9144745
5,71.881,1742518216.9144745
6,68.554,1742518216.9144745
7,116.437,1742518216.9144745
0,123.005,1742518216.9646082
1,104.014,1742518216.9646082
2,78.078,1742518216.9646082
3,69.863,1742518216.9646082
4,70.584,1742518216.9646082
5,71.881,1742518216.9646082
6,68.554,1742518216.9646082
7,116.437,1742518216.9646082
0,122.923,1742518217.0147188
1,107.734,1742518217.0147188
2,83.092,1742518217.0147188
3,69.863,1742518217.0147188
4,73.881,1742518217.0147188
5,77.144,1742518217.0147188
6,68.575,1742518217.0147188
7,120.069,1742518217.0147188
0,122.923,1742518217.064854
1,107.734,1742518217.064854
2,83.092,1742518217.064854
3,69.883,1742518217.064854
4,73.881,1742518217.064854
5,77.144,1742518217.064854
6,68.575,1742518217.064854
7,120.069,1742518217.064854
0,122.764,1742518217.1149821
1,112.154,1742518217.1149821
2,87.688,1742518217.1149821
3,69.883,1742518217.1149821
4,79.645,1742518217.1149821
5,82.178,1742518217.1149821
6,68.597,1742518217.1149821
7,120.897,1742518217.1149821
0,122.764,1742518217.165154
1,112.154,1742518217.165154
2,87.688,1742518217.165154
3,69.882,1742518217.165154
4,79.645,1742518217.165154
5,82.178,1742518217.165154
6,68.597,1742518217.165154
7,120.897,1742518217.165154
0,122.786,1742518217.2153409
1,116.554,1742518217.2153409
2,92.294,1742518217.2153409
3,69.882,1742518217.2153409
4,84.546,1742518217.2153409
5,86.618,1742518217.2153409
6,68.61,1742518217.2153409
7,120.754,1742518217.2153409
0,122.786,1742518217.2654736
1,116.554,1742518217.2654736
2,92.294,1742518217.2654736
3,69.874,1742518217.2654736
4,84.546,1742518217.2654736
5,86.618,1742518217.2654736
6,68.61,1742518217.2654736
7,120.754,1742518217.2654736
0,122.759,1742518217.315601
1,117.667,1742518217.315601
2,96.369,1742518217.315601
3,69.874,1742518217.315601
4,88.715,1742518217.315601
5,91.539,1742518217.315601
6,68.609,1742518217.315601
7,120.768,1742518217.315601
0,122.759,1742518217.365746
1,117.667,1742518217.365746
2,96.369,1742518217.365746
3,69.881,1742518217.365746
4,88.715,1742518217.365746
5,91.539,1742518217.365746
6,68.609,1742518217.365746
7,120.768,1742518217.365746
0,123.943,1742518217.4158769
1,117.187,1742518217.4158769
2,101.186,1742518217.4158769
3,69.881,1742518217.4158769
4,93.551,1742518217.4158769
5,96.115,1742518217.4158769
6,68.61,1742518217.4158769
7,120.783,1742518217.4158769
0,123.943,1742518217.4660192
1,117.187,1742518217.4660192
2,101.186,1742518217.4660192
3,69.877,1742518217.4660192
4,93.551,1742518217.4660192
5,96.115,1742518217.4660192
6,68.61,1742518217.4660192
7,120.783,1742518217.4660192
0,126.151,1742518217.5161667
1,117.107,1742518217.5161667
2,109.432,1742518217.5161667
3,69.877,1742518217.5161667
4,99.901,1742518217.5161667
5,102.07,1742518217.5161667
6,68.638,1742518217.5161667
7,118.309,1742518217.5161667
0,126.151,1742518217.566323
1,117.107,1742518217.566323
2,109.432,1742518217.566323
3,69.911,1742518217.566323
4,99.901,1742518217.566323
5,102.07,1742518217.566323
6,68.638,1742518217.566323
7,118.309,1742518217.566323
0,125.549,1742518217.6164687
1,117.111,1742518217.6164687
2,114.255,1742518217.6164687
3,69.911,1742518217.6164687
4,105.271,1742518217.6164687
5,107.522,1742518217.6164687
6,68.663,1742518217.6164687
7,118.192,1742518217.6164687
0,125.549,1742518217.6666224
1,117.111,1742518217.6666224
2,114.255,1742518217.6666224
3,72.659,1742518217.6666224
4,105.271,1742518217.6666224
5,107.522,1742518217.6666224
6,68.663,1742518217.6666224
7,118.192,1742518217.6666224
0,125.481,1742518217.7167604
1,117.178,1742518217.7167604
2,117.891,1742518217.7167604
3,72.659,1742518217.7167604
4,109.765,1742518217.7167604
5,112.044,1742518217.7167604
6,68.663,1742518217.7167604
7,118.189,1742518217.7167604
0,125.481,1742518217.766909
1,117.178,1742518217.766909
2,117.891,1742518217.766909
3,77.411,1742518217.766909
4,109.765,1742518217.766909
5,112.044,1742518217.766909
6,68.648,1742518217.766909
7,118.189,1742518217.766909
0,122.846,1742518217.8170633
1,114.653,1742518217.8170633
2,122.069,1742518217.8170633
3,77.411,1742518217.8170633
4,114.232,1742518217.8170633
5,116.541,1742518217.8170633
6,68.648,1742518217.8170633
7,118.182,1742518217.8170633
0,122.846,1742518217.8671718
1,114.653,1742518217.8671718
2,122.069,1742518217.8671718
3,81.945,1742518217.8671718
4,114.232,1742518217.8671718
5,116.541,1742518217.8671718
6,68.653,1742518217.8671718
7,118.182,1742518217.8671718
0,123.01,1742518217.9173067
1,114.511,1742518217.9173067
2,121.835,1742518217.9173067
3,81.945,1742518217.9173067
4,118.726,1742518217.9173067
5,119.987,1742518217.9173067
6,68.653,1742518217.9173067
7,118.2,1742518217.9173067
0,123.01,1742518217.9674654
1,114.511,1742518217.9674654
2,121.835,1742518217.9674654
3,86.788,1742518217.9674654
4,118.726,1742518217.9674654
5,119.987,1742518217.9674654
6,68.634,1742518217.9674654
7,118.2,1742518217.9674654
0,125.047,1742518218.017633
1,114.53,1742518218.017633
2,121.434,1742518218.017633
3,86.788,1742518218.017633
4,118.929,1742518218.017633
5,119.405,1742518218.017633
6,68.634,1742518218.017633
7,118.211,1742518218.017633
0,125.047,1742518218.067779
1,114.53,1742518218.067779
2,121.434,1742518218.067779
3,93.354,1742518218.067779
4,118.929,1742518218.067779
5,119.405,1742518218.067779
6,68.641,1742518218.067779
7,118.211,1742518218.067779
0,125.823,1742518218.1179352
1,114.554,1742518218.1179352
2,121.329,1742518218.1179352
3,93.354,1742518218.1179352
4,118.538,1742518218.1179352
5,118.922,1742518218.1179352
6,68.641,1742518218.1179352
7,118.237,1742518218.1179352
0,125.823,1742518218.1680944
1,114.554,1742518218.1680944
2,121.329,1742518218.1680944
3,97.899,1742518218.1680944
4,118.538,1742518218.1680944
5,118.922,1742518218.1680944
6,68.631,1742518218.1680944
7,118.237,1742518218.1680944
0,126.158,1742518218.218225
1,114.558,1742518218.218225
2,121.335,1742518218.218225
3,97.899,1742518218.218225
4,118.326,1742518218.218225
5,118.757,1742518218.218225
6,68.631,1742518218.218225
7,118.296,1742518218.218225
0,126.158,1742518218.268374
1,114.558,1742518218.268374
2,121.335,1742518218.268374
3,102.411,1742518218.268374
4,118.326,1742518218.268374
5,118.757,1742518218.268374
6,68.631,1742518218.268374
7,118.296,1742518218.268374
0,126.178,1742518218.3185186
1,114.604,1742518218.3185186
2,121.417,1742518218.3185186
3,102.411,1742518218.3185186
4,118.248,1742518218.3185186
5,118.751,1742518218.3185186
6,68.631,1742518218.3185186
7,118.308,1742518218.3185186
0,126.178,1742518218.3686645
1,114.604,1742518218.3686645
2,121.417,1742518218.3686645
3,106.933,1742518218.3686645
4,118.248,1742518218.3686645
5,118.751,1742518218.3686645
6,68.631,1742518218.3686645
7,118.308,1742518218.3686645
0,124.959,1742518218.4188125
1,114.597,1742518218.4188125
2,121.344,1742518218.4188125
3,106.933,1742518218.4188125
4,118.336,1742518218.4188125
5,118.78,1742518218.4188125
6,68.631,1742518218.4188125
7,118.319,1742518218.4188125
0,124.959,1742518218.4689724
1,114.597,1742518218.4689724
2,121.344,1742518218.4689724
3,112.287,1742518218.4689724
4,118.336,1742518218.4689724
5,118.78,1742518218.4689724
6,68.626,1742518218.4689724
7,118.319,1742518218.4689724
0,121.053,1742518218.5191333
1,114.627,1742518218.5191333
2,118.587,1742518218.5191333
3,112.287,1742518218.5191333
4,115.906,1742518218.5191333
5,116.767,1742518218.5191333
6,68.626,1742518218.5191333
7,118.332,1742518218.5191333
0,121.053,1742518218.5692823
1,114.627,1742518218.5692823
2,118.587,1742518218.5692823
3,115.983,1742518218.5692823
4,115.906,1742518218.5692823
5,116.767,1742518218.5692823
6,68.617,1742518218.5692823
7,118.332,1742518218.5692823
0,120.046,1742518218.6194248
1,114.623,1742518218.6194248
2,117.84,1742518218.6194248
3,115.983,1742518218.6194248
4,115.662,1742518218.6194248
5,115.822,1742518218.6194248
6,68.617,1742518218.6194248
7,118.356,1742518218.6194248
0,120.046,1742518218.669586
1,114.623,1742518218.669586
2,117.84,1742518218.669586
3,118.725,1742518218.669586
4,115.662,1742518218.669586
5,115.822,1742518218.669586
6,68.591,1742518218.669586
7,118.356,1742518218.669586
0,120.063,1742518218.7197363
1,114.687,1742518218.7197363
2,117.833,1742518218.7197363
3,118.725,1742518218.7197363
4,115.684,1742518218.7197363
5,115.829,1742518218.7197363
6,68.591,1742518218.7197363
7,118.364,1742518218.7197363
0,120.063,1742518218.7698774
1,114.687,1742518218.7698774
2,117.833,1742518218.7698774
3,118.429,1742518218.7698774
4,115.684,1742518218.7698774
5,115.829,1742518218.7698774
6,68.594,1742518218.7698774
7,118.364,1742518218.7698774
0,120.055,1742518218.8200345
1,114.693,1742518218.8200345
2,117.846,1742518218.8200345
3,118.429,1742518218.8200345
4,115.688,1742518218.8200345
5,115.827,1742518218.8200345
6,68.594,1742518218.8200345
7,118.38,1742518218.8200345
0,120.055,1742518218.8701618
1,114.693,1742518218.8701618
2,117.846,1742518218.8701618
3,118.424,1742518218.8701618
4,115.688,1742518218.8701618
5,115.827,1742518218.8701618
6,68.592,1742518218.8701618
7,118.38,1742518218.8701618
0,120.062,1742518218.9203897
1,114.719,1742518218.9203897
2,117.864,1742518218.9203897
3,118.424,1742518218.9203897
4,115.703,1742518218.9203897
5,115.835,1742518218.9203897
6,68.592,1742518218.9203897
7,118.384,1742518218.9203897
0,120.062,1742518218.9705415
1,114.719,1742518218.9705415
2,117.864,1742518218.9705415
3,118.38,1742518218.9705415
4,115.703,1742518218.9705415
5,115.835,1742518218.9705415
6,68.605,1742518218.9705415
7,118.384,1742518218.9705415
0,118.511,1742518219.020691
1,114.7,1742518219.020691
2,117.864,1742518219.020691
3,118.38,1742518219.020691
4,115.705,1742518219.020691
5,115.821,1742518219.020691
6,68.605,1742518219.020691
7,118.359,1742518219.020691
0,118.511,1742518219.07085
1,114.7,1742518219.07085
2,117.864,1742518219.07085
3,115.997,1742518219.07085
4,115.705,1742518219.07085
5,115.821,1742518219.07085
6,68.607,1742518219.07085
7,118.359,1742518219.07085
0,117.972,1742518219.1210008
1,114.685,1742518219.1210008
2,117.864,1742518219.1210008
3,115.997,1742518219.1210008
4,115.726,1742518219.1210008
5,115.854,1742518219.1210008
6,68.607,1742518219.1210008
7,118.384,1742518219.1210008
0,117.972,1742518219.1711462
1,114.685,1742518219.1711462
2,117.864,1742518219.1711462
3,115.965,1742518219.1711462
4,115.726,1742518219.1711462
5,115.854,1742518219.1711462
6,68.613,1742518219.1711462
7,118.384,1742518219.1711462
0,117.675,1742518219.221264
1,114.666,1742518219.221264
2,117.878,1742518219.221264
3,115.965,1742518219.221264
4,115.763,1742518219.221264
5,115.902,1742518219.221264
6,68.613,1742518219.221264
7,118.332,1742518219.221264
0,117.675,1742518219.271393
1,114.666,1742518219.271393
2,117.878,1742518219.271393
3,115.961,1742518219.271393
4,115.763,1742518219.271393
5,115.902,1742518219.271393
6,68.618,1742518219.271393
7,118.332,1742518219.271393
0,117.602,1742518219.321537
1,114.693,1742518219.321537
2,117.878,1742518219.321537
3,115.961,1742518219.321537
4,115.748,1742518219.321537
5,115.922,1742518219.321537
6,68.618,1742518219.321537
7,118.323,1742518219.321537
0,117.602,1742518219.3716857
1,114.693,1742518219.3716857
2,117.878,1742518219.3716857
3,115.947,1742518219.3716857
4,115.748,1742518219.3716857
5,115.922,1742518219.3716857
6,68.618,1742518219.3716857
7,118.323,1742518219.3716857
0,117.589,1742518219.4218233
1,114.679,1742518219.4218233
2,117.879,1742518219.4218233
3,115.947,1742518219.4218233
4,115.762,1742518219.4218233
5,115.943,1742518219.4218233
6,68.618,1742518219.4218233
7,118.317,1742518219.4218233
0,117.589,1742518219.47195
1,114.679,1742518219.47195
2,117.879,1742518219.47195
3,115.931,1742518219.47195
4,115.762,1742518219.47195
5,115.943,1742518219.47195
6,68.598,1742518219.47195
7,118.317,1742518219.47195
0,117.614,1742518219.5220766
1,114.7,1742518219.5220766
2,117.9,1742518219.5220766
3,115.931,1742518219.5220766
4,115.752,1742518219.5220766
5,115.933,1742518219.5220766
6,68.598,1742518219.5220766
7,118.318,1742518219.5220766
0,117.614,1742518219.5722122
1,114.7,1742518219.5722122
2,117.9,1742518219.5722122
3,115.934,1742518219.5722122
4,115.752,1742518219.5722122
5,115.933,1742518219.5722122
6,68.611,1742518219.5722122
7,118.318,1742518219.5722122
0,117.589,1742518219.6223853
1,114.705,1742518219.6223853
2,117.9,1742518219.6223853
3,115.934,1742518219.6223853
4,115.746,1742518219.6223853
5,115.933,1742518219.6223853
6,68.611,1742518219.6223853
7,118.335,1742518219.6223853
0,117.589,1742518219.6725252
1,114.705,1742518219.6725252
2,117.9,1742518219.6725252
3,115.968,1742518219.6725252
4,115.746,1742518219.6725252
5,115.933,1742518219.6725252
6,68.611,1742518219.6725252
7,118.335,1742518219.6725252
0,117.598,1742518219.7226603
1,114.671,1742518219.7226603
2,117.894,1742518219.7226603
3,115.968,1742518219.7226603
4,115.761,1742518219.7226603
5,115.92,1742518219.7226603
6,68.611,1742518219.7226603
7,118.334,1742518219.7226603
0,117.598,1742518219.7728214
1,114.671,1742518219.7728214
2,117.894,1742518219.7728214
3,115.981,1742518219.7728214
4,115.761,1742518219.7728214
5,115.92,1742518219.7728214
6,68.62,1742518219.7728214
7,118.334,1742518219.7728214
0,117.811,1742518219.8229747
1,114.678,1742518219.8229747
2,117.887,1742518219.8229747
3,115.981,1742518219.8229747
4,115.78,1742518219.8229747
5,115.946,1742518219.8229747
6,68.62,1742518219.8229747
7,118.337,1742518219.8229747
0,117.811,1742518219.8730938
1,114.678,1742518219.8730938
2,117.887,1742518219.8730938
3,115.999,1742518219.8730938
4,115.78,1742518219.8730938
5,115.946,1742518219.8730938
6,68.638,1742518219.8730938
7,118.337,1742518219.8730938
0,117.858,1742518219.9232378
1,114.685,1742518219.9232378
2,117.888,1742518219.9232378
3,115.999,1742518219.9232378
4,115.78,1742518219.9232378
5,115.938,1742518219.9232378
6,68.638,1742518219.9232378
7,118.359,1742518219.9232378
0,117.858,1742518219.973374
1,114.685,1742518219.973374
2,117.888,1742518219.973374
3,116.09,1742518219.973374
4,115.78,1742518219.973374
5,115.938,1742518219.973374
6,68.658,1742518219.973374
7,118.359,1742518219.973374
0,117.511,1742518220.023507
1,114.706,1742518220.023507
2,117.907,1742518220.023507
3,116.09,1742518220.023507
4,115.791,1742518220.023507
5,115.973,1742518220.023507
6,68.658,1742518220.023507
7,118.375,1742518220.023507
0,117.511,1742518220.0736418
1,114.706,1742518220.0736418
2,117.907,1742518220.0736418
3,116.076,1742518220.0736418
4,115.791,1742518220.0736418
5,115.973,1742518220.0736418
6,68.657,1742518220.0736418
7,118.375,1742518220.0736418
0,116.982,1742518220.123775
1,114.732,1742518220.123775
2,117.92,1742518220.123775
3,116.076,1742518220.123775
4,115.798,1742518220.123775
5,115.968,1742518220.123775
6,68.657,1742518220.123775
7,118.381,1742518220.123775
0,116.982,1742518220.173881
1,114.732,1742518220.173881
2,117.92,1742518220.173881
3,116.069,1742518220.173881
4,115.798,1742518220.173881
5,115.968,1742518220.173881
6,68.645,1742518220.173881
7,118.381,1742518220.173881
0,116.975,1742518220.224009
1,114.746,1742518220.224009
2,117.906,1742518220.224009
3,116.069,1742518220.224009
4,115.761,1742518220.224009
5,115.911,1742518220.224009
6,68.645,1742518220.224009
7,118.385,1742518220.224009
0,116.975,1742518220.2741523
1,114.746,1742518220.2741523
2,117.906,1742518220.2741523
3,116.076,1742518220.2741523
4,115.761,1742518220.2741523
5,115.911,1742518220.2741523
6,68.652,1742518220.2741523
7,118.385,1742518220.2741523
0,116.975,1742518220.3243039
1,114.739,1742518220.3243039
2,117.927,1742518220.3243039
3,116.076,1742518220.3243039
4,115.749,1742518220.3243039
5,115.925,1742518220.3243039
6,68.652,1742518220.3243039
7,118.408,1742518220.3243039
0,116.975,1742518220.3744366
1,114.739,1742518220.3744366
2,117.927,1742518220.3744366
3,116.09,1742518220.3744366
4,115.749,1742518220.3744366
5,115.925,1742518220.3744366
6,68.646,1742518220.3744366
7,118.408,1742518220.3744366
0,116.988,1742518220.4245787
1,114.74,1742518220.4245787
2,117.933,1742518220.4245787
3,116.09,1742518220.4245787
4,115.773,1742518220.4245787
5,115.898,1742518220.4245787
6,68.646,1742518220.4245787
7,118.408,1742518220.4245787
0,116.988,1742518220.4747257
1,114.74,1742518220.4747257
2,117.933,1742518220.4747257
3,116.108,1742518220.4747257
4,115.773,1742518220.4747257
5,115.898,1742518220.4747257
6,68.652,1742518220.4747257
7,118.408,1742518220.4747257
0,116.988,1742518220.5248632
1,114.74,1742518220.5248632
2,117.927,1742518220.5248632
3,116.108,1742518220.5248632
4,115.786,1742518220.5248632
5,115.92,1742518220.5248632
6,68.652,1742518220.5248632
7,118.409,1742518220.5248632
0,116.988,1742518220.5750012
1,114.74,1742518220.5750012
2,117.927,1742518220.5750012
3,116.108,1742518220.5750012
4,115.786,1742518220.5750012
5,115.92,1742518220.5750012
6,68.645,1742518220.5750012
7,118.409,1742518220.5750012
0,116.988,1742518220.6251354
1,114.741,1742518220.6251354
2,117.925,1742518220.6251354
3,116.108,1742518220.6251354
4,115.787,1742518220.6251354
5,115.92,1742518220.6251354
6,68.645,1742518220.6251354
7,118.43,1742518220.6251354
0,116.988,1742518220.6752799
1,114.741,1742518220.6752799
2,117.925,1742518220.6752799
3,116.103,1742518220.6752799
4,115.787,1742518220.6752799
5,115.92,1742518220.6752799
6,68.652,1742518220.6752799
7,118.43,1742518220.6752799
0,116.984,1742518220.725422
1,114.741,1742518220.725422
2,117.966,1742518220.725422
3,116.103,1742518220.725422
4,115.783,1742518220.725422
5,115.941,1742518220.725422
6,68.652,1742518220.725422
7,118.434,1742518220.725422
0,116.984,1742518220.7755642
1,114.741,1742518220.7755642
2,117.966,1742518220.7755642
3,116.103,1742518220.7755642
4,115.783,1742518220.7755642
5,115.941,1742518220.7755642
6,68.664,1742518220.7755642
7,118.434,1742518220.7755642
0,116.724,1742518220.8257136
1,114.729,1742518220.8257136
2,117.979,1742518220.8257136
3,116.103,1742518220.8257136
4,115.769,1742518220.8257136
5,115.933,1742518220.8257136
6,68.664,1742518220.8257136
7,118.414,1742518220.8257136
0,116.724,1742518220.8758159
1,114.729,1742518220.8758159
2,117.979,1742518220.8758159
3,116.095,1742518220.8758159
4,115.769,1742518220.8758159
5,115.933,1742518220.8758159
6,68.651,1742518220.8758159
7,118.414,1742518220.8758159
0,116.717,1742518220.9259574
1,114.74,1742518220.9259574
2,117.999,1742518220.9259574
3,116.095,1742518220.9259574
4,115.789,1742518220.9259574
5,115.948,1742518220.9259574
6,68.651,1742518220.9259574
7,118.425,1742518220.9259574
0,116.717,1742518220.9760973
1,114.74,1742518220.9760973
2,117.999,1742518220.9760973
3,116.034,1742518220.9760973
4,115.789,1742518220.9760973
5,115.948,1742518220.9760973
6,68.651,1742518220.9760973
7,118.425,1742518220.9760973
0,116.73,1742518221.0261998
1,114.727,1742518221.0261998
2,117.991,1742518221.0261998
3,116.034,1742518221.0261998
4,115.789,1742518221.0261998
5,115.928,1742518221.0261998
6,68.651,1742518221.0261998
7,118.425,1742518221.0261998
0,116.73,1742518221.0763404
1,114.727,1742518221.0763404
2,117.991,1742518221.0763404
3,116.035,1742518221.0763404
4,115.789,1742518221.0763404
5,115.928,1742518221.0763404
6,68.658,1742518221.0763404
7,118.438,1742518221.0763404
0,116.75,1742518221.1264727
1,114.722,1742518221.1264727
2,117.992,1742518221.1264727
3,116.035,1742518221.1264727
4,115.774,1742518221.1264727
5,115.926,1742518221.1264727
6,68.658,1742518221.1264727
7,118.438,1742518221.1264727
0,116.75,1742518221.1766047
1,114.722,1742518221.1766047
2,117.992,1742518221.1766047
3,116.047,1742518221.1766047
4,115.774,1742518221.1766047
5,115.926,1742518221.1766047
6,68.657,1742518221.1766047
7,118.421,1742518221.1766047
0,116.737,1742518221.2267478
1,114.722,1742518221.2267478
2,117.985,1742518221.2267478
3,116.047,1742518221.2267478
4,115.755,1742518221.2267478
5,115.934,1742518221.2267478
6,68.657,1742518221.2267478
7,118.421,1742518221.2267478
0,116.737,1742518221.2768795
1,114.722,1742518221.2768795
2,117.985,1742518221.2768795
3,116.042,1742518221.2768795
4,115.755,1742518221.2768795
5,115.934,1742518221.2768795
6,68.664,1742518221.2768795
7,118.434,1742518221.2768795
0,116.731,1742518221.3270254
1,114.715,1742518221.3270254
2,117.977,1742518221.3270254
3,116.042,1742518221.3270254
4,115.774,1742518221.3270254
5,115.935,1742518221.3270254
6,68.664,1742518221.3270254
7,118.434,1742518221.3270254
0,116.731,1742518221.377169
1,114.715,1742518221.377169
2,117.977,1742518221.377169
3,116.035,1742518221.377169
4,115.774,1742518221.377169
5,115.935,1742518221.377169
6,68.664,1742518221.377169
7,118.412,1742518221.377169
0,116.731,1742518221.4273155
1,114.722,1742518221.4273155
2,117.99,1742518221.4273155
3,116.035,1742518221.4273155
4,115.774,1742518221.4273155
5,115.954,1742518221.4273155
6,68.664,1742518221.4273155
7,118.412,1742518221.4273155
0,116.731,1742518221.4774933
1,114.722,1742518221.4774933
2,117.99,1742518221.4774933
3,116.022,1742518221.4774933
4,115.774,1742518221.4774933
5,115.954,1742518221.4774933
6,68.67,1742518221.4774933
7,118.409,1742518221.4774933
0,116.724,1742518221.5276384
1,114.73,1742518221.5276384
2,117.997,1742518221.5276384
3,116.022,1742518221.5276384
4,115.781,1742518221.5276384
5,115.933,1742518221.5276384
6,68.67,1742518221.5276384
7,118.409,1742518221.5276384
0,116.724,1742518221.5777712
1,114.73,1742518221.5777712
2,117.997,1742518221.5777712
3,116.015,1742518221.5777712
4,115.781,1742518221.5777712
5,115.933,1742518221.5777712
6,68.671,1742518221.5777712
7,118.41,1742518221.5777712
0,116.718,1742518221.6279066
1,114.736,1742518221.6279066
2,117.989,1742518221.6279066
3,116.015,1742518221.6279066
4,115.79,1742518221.6279066
5,115.934,1742518221.6279066
6,68.671,1742518221.6279066
7,118.41,1742518221.6279066
0,116.718,1742518221.6780393
1,114.736,1742518221.6780393
2,117.989,1742518221.6780393
3,116.028,1742518221.6780393
4,115.79,1742518221.6780393
5,115.934,1742518221.6780393
6,68.67,1742518221.6780393
7,118.418,1742518221.6780393
0,116.737,1742518221.7281728
1,114.73,1742518221.7281728
2,118.004,1742518221.7281728
3,116.028,1742518221.7281728
4,115.796,1742518221.7281728
5,115.946,1742518221.7281728
6,68.67,1742518221.7281728
7,118.418,1742518221.7281728
0,116.737,1742518221.7783012
1,114.73,1742518221.7783012
2,118.004,1742518221.7783012
3,116.037,1742518221.7783012
4,115.796,1742518221.7783012
5,115.946,1742518221.7783012
6,68.671,1742518221.7783012
7,118.398,1742518221.7783012
0,116.737,1742518221.8284442
1,114.756,1742518221.8284442
2,117.997,1742518221.8284442
3,116.037,1742518221.8284442
4,115.817,1742518221.8284442
5,115.933,1742518221.8284442
6,68.671,1742518221.8284442
7,118.398,1742518221.8284442
0,116.737,1742518221.878574
1,114.756,1742518221.878574
2,117.997,1742518221.878574
3,116.032,1742518221.878574
4,115.817,1742518221.878574
5,115.933,1742518221.878574
6,68.657,1742518221.878574
7,118.41,1742518221.878574
0,116.731,1742518221.9287124
1,114.715,1742518221.9287124
2,117.978,1742518221.9287124
3,116.032,1742518221.9287124
4,115.837,1742518221.9287124
5,115.962,1742518221.9287124
6,68.657,1742518221.9287124
7,118.41,1742518221.9287124
0,116.731,1742518221.9788728
1,114.715,1742518221.9788728
2,117.978,1742518221.9788728
3,116.029,1742518221.9788728
4,115.837,1742518221.9788728
5,115.962,1742518221.9788728
6,68.644,1742518221.9788728
7,118.396,1742518221.9788728
0,116.718,1742518222.0290046
1,114.731,1742518222.0290046
2,117.977,1742518222.0290046
3,116.029,1742518222.0290046
4,115.864,1742518222.0290046
5,115.94,1742518222.0290046
6,68.644,1742518222.0290046
7,118.396,1742518222.0290046
0,116.718,1742518222.079139
1,114.731,1742518222.079139
2,117.977,1742518222.079139
3,116.042,1742518222.079139
4,115.864,1742518222.079139
5,115.94,1742518222.079139
6,68.626,1742518222.079139
7,118.424,1742518222.079139
0,116.724,1742518222.1292703
1,114.736,1742518222.1292703
2,117.984,1742518222.1292703
3,116.042,1742518222.1292703
4,115.852,1742518222.1292703
5,115.975,1742518222.1292703
6,68.626,1742518222.1292703
7,118.424,1742518222.1292703
0,116.724,1742518222.1794086
1,114.736,1742518222.1794086
2,117.984,1742518222.1794086
3,116.038,1742518222.1794086
4,115.852,1742518222.1794086
5,115.975,1742518222.1794086
6,68.626,1742518222.1794086
7,118.428,1742518222.1794086
0,116.704,1742518222.2296736
1,114.757,1742518222.2296736
2,117.984,1742518222.2296736
3,116.038,1742518222.2296736
4,115.853,1742518222.2296736
5,115.954,1742518222.2296736
6,68.626,1742518222.2296736
7,118.428,1742518222.2296736
0,116.704,1742518222.2798166
1,114.757,1742518222.2798166
2,117.984,1742518222.2798166
3,116.038,1742518222.2798166
4,115.853,1742518222.2798166
5,115.954,1742518222.2798166
6,68.618,1742518222.2798166
7,118.43,1742518222.2798166
0,116.736,1742518222.329986
1,114.75,1742518222.329986
2,117.979,1742518222.329986
3,116.038,1742518222.329986
4,115.806,1742518222.329986
5,115.961,1742518222.329986
6,68.618,1742518222.329986
7,118.43,1742518222.329986
0,116.736,1742518222.3801274
1,114.75,1742518222.3801274
2,117.979,1742518222.3801274
3,116.063,1742518222.3801274
4,115.806,1742518222.3801274
5,115.961,1742518222.3801274
6,68.632,1742518222.3801274
7,118.438,1742518222.3801274
0,116.723,1742518222.4302723
1,114.776,1742518222.4302723
2,118.005,1742518222.4302723
3,116.063,1742518222.4302723
4,115.745,1742518222.4302723
5,115.967,1742518222.4302723
6,68.632,1742518222.4302723
7,118.438,1742518222.4302723
0,116.723,1742518222.4804175
1,114.776,1742518222.4804175
2,118.005,1742518222.4804175
3,116.059,1742518222.4804175
4,115.745,1742518222.4804175
5,115.967,1742518222.4804175
6,68.652,1742518222.4804175
7,118.452,1742518222.4804175
0,116.743,1742518222.5305548
1,114.75,1742518222.5305548
2,118.004,1742518222.5305548
3,116.059,1742518222.5305548
4,115.715,1742518222.5305548
5,115.962,1742518222.5305548
6,68.652,1742518222.5305548
7,118.452,1742518222.5305548
0,116.743,1742518222.5806875
1,114.75,1742518222.5806875
2,118.004,1742518222.5806875
3,116.084,1742518222.5806875
4,115.715,1742518222.5806875
5,115.962,1742518222.5806875
6,68.663,1742518222.5806875
7,118.435,1742518222.5806875
0,116.736,1742518222.6308768
1,114.769,1742518222.6308768
2,118.011,1742518222.6308768
3,116.084,1742518222.6308768
4,115.65,1742518222.6308768
5,115.978,1742518222.6308768
6,68.663,1742518222.6308768
7,118.435,1742518222.6308768
0,116.736,1742518222.6810055
1,114.769,1742518222.6810055
2,118.011,1742518222.6810055
3,116.092,1742518222.6810055
4,115.65,1742518222.6810055
5,115.978,1742518222.6810055
6,68.658,1742518222.6810055
7,118.402,1742518222.6810055
0,116.749,1742518222.7311363
1,114.75,1742518222.7311363
2,118.011,1742518222.7311363
3,116.092,1742518222.7311363
4,115.603,1742518222.7311363
5,115.944,1742518222.7311363
6,68.658,1742518222.7311363
7,118.402,1742518222.7311363
0,116.749,1742518222.7812734
1,114.75,1742518222.7812734
2,118.011,1742518222.7812734
3,116.065,1742518222.7812734
4,115.603,1742518222.7812734
5,115.944,1742518222.7812734
6,68.631,1742518222.7812734
7,118.435,1742518222.7812734
0,116.757,1742518222.831402
1,114.776,1742518222.831402
2,118.005,1742518222.831402
3,116.065,1742518222.831402
4,115.543,1742518222.831402
5,115.973,1742518222.831402
6,68.631,1742518222.831402
7,118.435,1742518222.831402
0,116.757,1742518222.8815327
1,114.776,1742518222.8815327
2,118.005,1742518222.8815327
3,116.084,1742518222.8815327
4,115.543,1742518222.8815327
5,115.973,1742518222.8815327
6,68.626,1742518222.8815327
7,118.437,1742518222.8815327
0,116.768,1742518222.9316733
1,114.784,1742518222.9316733
2,118.03,1742518222.9316733
3,116.084,1742518222.9316733
4,115.467,1742518222.9316733
5,115.959,1742518222.9316733
6,68.626,1742518222.9316733
7,118.437,1742518222.9316733
0,116.768,1742518222.981806
1,114.784,1742518222.981806
2,118.03,1742518222.981806
3,116.107,1742518222.981806
4,115.467,1742518222.981806
5,115.959,1742518222.981806
6,68.637,1742518222.981806
7,118.428,1742518222.981806
0,116.75,1742518223.0319364
1,114.81,1742518223.0319364
2,118.043,1742518223.0319364
3,116.107,1742518223.0319364
4,115.375,1742518223.0319364
5,115.992,1742518223.0319364
6,68.637,1742518223.0319364
7,118.428,1742518223.0319364
0,116.75,1742518223.0820837
1,114.81,1742518223.0820837
2,118.043,1742518223.0820837
3,116.113,1742518223.0820837
4,115.375,1742518223.0820837
5,115.992,1742518223.0820837
6,68.631,1742518223.0820837
7,118.419,1742518223.0820837
0,116.762,1742518223.1322508
1,114.791,1742518223.1322508
2,118.075,1742518223.1322508
3,116.113,1742518223.1322508
4,115.328,1742518223.1322508
5,115.985,1742518223.1322508
6,68.631,1742518223.1322508
7,118.419,1742518223.1322508
0,116.762,1742518223.1823804
1,114.791,1742518223.1823804
2,118.075,1742518223.1823804
3,116.12,1742518223.1823804
4,115.328,1742518223.1823804
5,115.985,1742518223.1823804
6,68.631,1742518223.1823804
7,118.419,1742518223.1823804
0,116.757,1742518223.232512
1,114.804,1742518223.232512
2,118.068,1742518223.232512
3,116.12,1742518223.232512
4,115.287,1742518223.232512
5,115.998,1742518223.232512
6,68.637,1742518223.232512
7,118.419,1742518223.232512
0,116.757,1742518223.282654
1,114.804,1742518223.282654
2,118.068,1742518223.282654
3,116.113,1742518223.282654
4,115.287,1742518223.282654
5,115.998,1742518223.282654
6,68.644,1742518223.282654
7,118.414,1742518223.282654
0,116.75,1742518223.3327925
1,114.764,1742518223.3327925
2,118.101,1742518223.3327925
3,116.113,1742518223.3327925
4,115.266,1742518223.3327925
5,115.999,1742518223.3327925
6,68.644,1742518223.3327925
7,118.414,1742518223.3327925
0,116.75,1742518223.3829029
1,114.764,1742518223.3829029
2,118.101,1742518223.3829029
3,116.122,1742518223.3829029
4,115.266,1742518223.3829029
5,115.999,1742518223.3829029
6,68.624,1742518223.3829029
7,118.422,1742518223.3829029
0,116.757,1742518223.4330392
1,114.791,1742518223.4330392
2,118.084,1742518223.4330392
3,116.122,1742518223.4330392
4,115.273,1742518223.4330392
5,115.979,1742518223.4330392
6,68.624,1742518223.4330392
7,118.422,1742518223.4330392
0,116.757,1742518223.4831858
1,114.791,1742518223.4831858
2,118.084,1742518223.4831858
3,116.126,1742518223.4831858
4,115.273,1742518223.4831858
5,115.979,1742518223.4831858
6,68.611,1742518223.4831858
7,118.424,1742518223.4831858
0,116.757,1742518223.5333214
1,114.77,1742518223.5333214
2,118.095,1742518223.5333214
3,116.126,1742518223.5333214
4,115.26,1742518223.5333214
5,115.984,1742518223.5333214
6,68.611,1742518223.5333214
7,118.424,1742518223.5333214
0,116.757,1742518223.5834603
1,114.77,1742518223.5834603
2,118.095,1742518223.5834603
3,116.114,1742518223.5834603
4,115.26,1742518223.5834603
5,115.984,1742518223.5834603
6,68.585,1742518223.5834603
7,118.454,1742518223.5834603
0,116.75,1742518223.6336322
1,114.796,1742518223.6336322
2,118.091,1742518223.6336322
3,116.114,1742518223.6336322
4,115.239,1742518223.6336322
5,115.982,1742518223.6336322
6,68.585,1742518223.6336322
7,118.454,1742518223.6336322
0,116.75,1742518223.6837664
1,114.796,1742518223.6837664
2,118.091,1742518223.6837664
3,116.107,1742518223.6837664
4,115.239,1742518223.6837664
5,115.982,1742518223.6837664
6,68.585,1742518223.6837664
7,118.467,1742518223.6837664
0,116.768,1742518223.7338982
1,114.77,1742518223.7338982
2,118.114,1742518223.7338982
3,116.107,1742518223.7338982
4,115.225,1742518223.7338982
5,116.031,1742518223.7338982
6,68.611,1742518223.7338982
7,118.467,1742518223.7338982
0,116.768,1742518223.7840328
1,114.77,1742518223.7840328
2,118.114,1742518223.7840328
3,116.14,1742518223.7840328
4,115.225,1742518223.7840328
5,116.031,1742518223.7840328
6,68.611,1742518223.7840328
7,118.475,1742518223.7840328
0,116.783,1742518223.8341827
1,114.803,1742518223.8341827
2,118.101,1742518223.8341827
3,116.14,1742518223.8341827
4,115.253,1742518223.8341827
5,116.017,1742518223.8341827
6,68.611,1742518223.8341827
7,118.475,1742518223.8341827
0,116.783,1742518223.884283
1,114.803,1742518223.884283
2,118.101,1742518223.884283
3,116.126,1742518223.884283
4,115.253,1742518223.884283
5,116.017,1742518223.884283
6,68.611,1742518223.884283
7,118.472,1742518223.884283
0,116.817,1742518223.934413
1,114.782,1742518223.934413
2,118.109,1742518223.934413
3,116.126,1742518223.934413
4,115.267,1742518223.934413
5,116.046,1742518223.934413
6,68.624,1742518223.934413
7,118.472,1742518223.934413
0,116.817,1742518223.9845464
1,114.782,1742518223.9845464
2,118.109,1742518223.9845464
3,116.111,1742518223.9845464
4,115.267,1742518223.9845464
5,116.046,1742518223.9845464
6,68.624,1742518223.9845464
7,118.483,1742518223.9845464
0,116.81,1742518224.0346816
1,114.769,1742518224.0346816
2,118.099,1742518224.0346816
3,116.111,1742518224.0346816
4,115.288,1742518224.0346816
5,116.033,1742518224.0346816
6,68.633,1742518224.0346816
7,118.483,1742518224.0346816
0,116.81,1742518224.0848167
1,114.769,1742518224.0848167
2,118.099,1742518224.0848167
3,116.131,1742518224.0848167
4,115.288,1742518224.0848167
5,116.033,1742518224.0848167
6,68.633,1742518224.0848167
7,118.485,1742518224.0848167
0,116.804,1742518224.1349635
1,114.777,1742518224.1349635
2,118.115,1742518224.1349635
3,116.131,1742518224.1349635
4,115.296,1742518224.1349635
5,116.006,1742518224.1349635
6,68.626,1742518224.1349635
7,118.485,1742518224.1349635
0,116.804,1742518224.1851473
1,114.777,1742518224.1851473
2,118.115,1742518224.1851473
3,116.117,1742518224.1851473
4,115.296,1742518224.1851473
5,116.006,1742518224.1851473
6,68.626,1742518224.1851473
7,118.473,1742518224.1851473
0,116.784,1742518224.2352917
1,114.79,1742518224.2352917
2,118.092,1742518224.2352917
3,116.117,1742518224.2352917
4,115.269,1742518224.2352917
5,116.011,1742518224.2352917
6,68.624,1742518224.2352917
7,118.473,1742518224.2352917
0,116.784,1742518224.2854345
1,114.79,1742518224.2854345
2,118.092,1742518224.2854345
3,116.117,1742518224.2854345
4,115.269,1742518224.2854345
5,116.011,1742518224.2854345
6,68.624,1742518224.2854345
7,118.481,1742518224.2854345
0,116.791,1742518224.3355644
1,114.777,1742518224.3355644
2,118.092,1742518224.3355644
3,116.117,1742518224.3355644
4,115.277,1742518224.3355644
5,116.038,1742518224.3355644
6,68.613,1742518224.3355644
7,118.481,1742518224.3355644
0,116.791,1742518224.3857203
1,114.777,1742518224.3857203
2,118.092,1742518224.3857203
3,116.116,1742518224.3857203
4,115.277,1742518224.3857203
5,116.038,1742518224.3857203
6,68.613,1742518224.3857203
7,118.482,1742518224.3857203
0,116.784,1742518224.4358525
1,114.796,1742518224.4358525
2,118.09,1742518224.4358525
3,116.116,1742518224.4358525
4,115.285,1742518224.4358525
5,116.059,1742518224.4358525
6,68.62,1742518224.4358525
7,118.482,1742518224.4358525
0,116.784,1742518224.485979
1,114.796,1742518224.485979
2,118.09,1742518224.485979
3,116.111,1742518224.485979
4,115.285,1742518224.485979
5,116.059,1742518224.485979
6,68.62,1742518224.485979
7,118.46,1742518224.485979
0,116.782,1742518224.5361204
1,114.783,1742518224.5361204
2,118.086,1742518224.5361204
3,116.111,1742518224.5361204
4,115.314,1742518224.5361204
5,116.045,1742518224.5361204
6,68.62,1742518224.5361204
7,118.46,1742518224.5361204
0,116.782,1742518224.58626
1,114.783,1742518224.58626
2,118.086,1742518224.58626
3,116.128,1742518224.58626
4,115.314,1742518224.58626
5,116.045,1742518224.58626
6,68.62,1742518224.58626
7,118.481,1742518224.58626
0,116.791,1742518224.6363919
1,114.816,1742518224.6363919
2,118.09,1742518224.6363919
3,116.128,1742518224.6363919
4,115.32,1742518224.6363919
5,116.027,1742518224.6363919
6,68.62,1742518224.6363919
7,118.481,1742518224.6363919
0,116.791,1742518224.6865218
1,114.816,1742518224.6865218
2,118.09,1742518224.6865218
3,116.124,1742518224.6865218
4,115.32,1742518224.6865218
5,116.027,1742518224.6865218
6,68.62,1742518224.6865218
7,118.478,1742518224.6865218
0,116.771,1742518224.736664
1,114.776,1742518224.736664
2,118.079,1742518224.736664
3,116.124,1742518224.736664
4,115.328,1742518224.736664
5,116.032,1742518224.736664
6,68.611,1742518224.736664
7,118.478,1742518224.736664
0,116.771,1742518224.7868016
1,114.776,1742518224.7868016
2,118.079,1742518224.7868016
3,116.108,1742518224.7868016
4,115.328,1742518224.7868016
5,116.032,1742518224.7868016
6,68.611,1742518224.7868016
7,118.471,1742518224.7868016
0,116.763,1742518224.8369374
1,114.804,1742518224.8369374
2,118.079,1742518224.8369374
3,116.108,1742518224.8369374
4,115.341,1742518224.8369374
5,116.025,1742518224.8369374
6,68.611,1742518224.8369374
7,118.471,1742518224.8369374
0,116.763,1742518224.8870728
1,114.804,1742518224.8870728
2,118.079,1742518224.8870728
3,116.109,1742518224.8870728
4,115.341,1742518224.8870728
5,116.025,1742518224.8870728
6,68.611,1742518224.8870728
7,118.483,1742518224.8870728
0,116.73,1742518224.937213
1,114.797,1742518224.937213
2,118.069,1742518224.937213
3,116.109,1742518224.937213
4,115.343,1742518224.937213
5,116.052,1742518224.937213
6,68.611,1742518224.937213
7,118.483,1742518224.937213
0,116.73,1742518224.9873407
1,114.797,1742518224.9873407
2,118.069,1742518224.9873407
3,116.116,1742518224.9873407
4,115.343,1742518224.9873407
5,116.052,1742518224.9873407
6,68.611,1742518224.9873407
7,118.487,1742518224.9873407
0,116.743,1742518225.0374827
1,114.816,1742518225.0374827
2,118.065,1742518225.0374827
3,116.116,1742518225.0374827
4,115.343,1742518225.0374827
5,116.058,1742518225.0374827
6,68.598,1742518225.0374827
7,118.487,1742518225.0374827
0,116.743,1742518225.0876644
1,114.816,1742518225.0876644
2,118.065,1742518225.0876644
3,116.111,1742518225.0876644
4,115.327,1742518225.0876644
5,116.058,1742518225.0876644
6,68.598,1742518225.0876644
7,118.5,1742518225.0876644
0,116.756,1742518225.1378133
1,114.796,1742518225.1378133
2,118.062,1742518225.1378133
3,116.111,1742518225.1378133
4,115.327,1742518225.1378133
5,116.079,1742518225.1378133
6,68.604,1742518225.1378133
7,118.5,1742518225.1378133
0,116.756,1742518225.1879802
1,114.796,1742518225.1879802
2,118.062,1742518225.1879802
3,116.124,1742518225.1879802
4,115.327,1742518225.1879802
5,116.079,1742518225.1879802
6,68.604,1742518225.1879802
7,118.501,1742518225.1879802
0,116.776,1742518225.238118
1,114.823,1742518225.238118
2,118.029,1742518225.238118
3,116.124,1742518225.238118
4,115.327,1742518225.238118
5,116.072,1742518225.238118
6,68.605,1742518225.238118
7,118.501,1742518225.238118
0,116.776,1742518225.2882633
1,114.823,1742518225.2882633
2,118.029,1742518225.2882633
3,116.138,1742518225.2882633
4,115.34,1742518225.2882633
5,116.072,1742518225.2882633
6,68.605,1742518225.2882633
7,118.513,1742518225.2882633
0,116.763,1742518225.3384085
1,114.809,1742518225.3384085
2,118.056,1742518225.3384085
3,116.138,1742518225.3384085
4,115.34,1742518225.3384085
5,116.075,1742518225.3384085
6,68.578,1742518225.3384085
7,118.513,1742518225.3384085
0,116.763,1742518225.3885458
1,114.809,1742518225.3885458
2,118.056,1742518225.3885458
3,116.122,1742518225.3885458
4,115.367,1742518225.3885458
5,116.075,1742518225.3885458
6,68.578,1742518225.3885458
7,118.498,1742518225.3885458
0,116.763,1742518225.4386756
1,114.816,1742518225.4386756
2,118.037,1742518225.4386756
3,116.122,1742518225.4386756
4,115.367,1742518225.4386756
5,116.061,1742518225.4386756
6,68.611,1742518225.4386756
7,118.498,1742518225.4386756
0,116.763,1742518225.4888186
1,114.816,1742518225.4888186
2,118.037,1742518225.4888186
3,116.109,1742518225.4888186
4,115.393,1742518225.4888186
5,116.061,1742518225.4888186
6,68.611,1742518225.4888186
7,118.529,1742518225.4888186
0,116.763,1742518225.5389533
1,114.809,1742518225.5389533
2,118.024,1742518225.5389533
3,116.109,1742518225.5389533
4,115.393,1742518225.5389533
5,116.047,1742518225.5389533
6,68.594,1742518225.5389533
7,118.529,1742518225.5389533
0,116.763,1742518225.5890906
1,114.809,1742518225.5890906
2,118.024,1742518225.5890906
3,116.11,1742518225.5890906
4,115.379,1742518225.5890906
5,116.047,1742518225.5890906
6,68.594,1742518225.5890906
7,118.501,1742518225.5890906
0,116.743,1742518225.639216
1,114.815,1742518225.639216
2,118.025,1742518225.639216
3,116.11,1742518225.639216
4,115.379,1742518225.639216
5,116.072,1742518225.639216
6,68.598,1742518225.639216
7,118.501,1742518225.639216
0,116.743,1742518225.6893492
1,114.815,1742518225.6893492
2,118.025,1742518225.6893492
3,116.115,1742518225.6893492
4,115.367,1742518225.6893492
5,116.072,1742518225.6893492
6,68.598,1742518225.6893492
7,118.496,1742518225.6893492
0,116.75,1742518225.7394874
1,114.796,1742518225.7394874
2,118.019,1742518225.7394874
3,116.115,1742518225.7394874
4,115.367,1742518225.7394874
5,116.081,1742518225.7394874
6,68.598,1742518225.7394874
7,118.496,1742518225.7394874
0,116.75,1742518225.789598
1,114.796,1742518225.789598
2,118.019,1742518225.789598
3,116.13,1742518225.789598
4,115.373,1742518225.789598
5,116.081,1742518225.789598
6,68.598,1742518225.789598
7,118.493,1742518225.789598
0,116.743,1742518225.8397563
1,114.822,1742518225.8397563
2,118.019,1742518225.8397563
3,116.13,1742518225.8397563
4,115.373,1742518225.8397563
5,116.102,1742518225.8397563
6,68.607,1742518225.8397563
7,118.493,1742518225.8397563
0,116.743,1742518225.889893
1,114.822,1742518225.889893
2,118.019,1742518225.889893
3,116.143,1742518225.889893
4,115.379,1742518225.889893
5,116.102,1742518225.889893
6,68.607,1742518225.889893
7,118.516,1742518225.889893
0,116.763,1742518225.9400249
1,114.803,1742518225.9400249
2,117.999,1742518225.9400249
3,116.143,1742518225.9400249
4,115.379,1742518225.9400249
5,116.089,1742518225.9400249
6,68.613,1742518225.9400249
7,118.516,1742518225.9400249
0,116.763,1742518225.9901574
1,114.803,1742518225.9901574
2,117.999,1742518225.9901574
3,116.144,1742518225.9901574
4,115.392,1742518225.9901574
5,116.089,1742518225.9901574
6,68.613,1742518225.9901574
7,118.498,1742518225.9901574
0,116.774,1742518226.0402853
1,114.816,1742518226.0402853
2,117.999,1742518226.0402853
3,116.144,1742518226.0402853
4,115.392,1742518226.0402853
5,116.083,1742518226.0402853
6,68.605,1742518226.0402853
7,118.498,1742518226.0402853
0,116.774,1742518226.0904202
1,114.816,1742518226.0904202
2,117.999,1742518226.0904202
3,116.143,1742518226.0904202
4,115.391,1742518226.0904202
5,116.083,1742518226.0904202
6,68.605,1742518226.0904202
7,118.505,1742518226.0904202
0,116.768,1742518226.1405487
1,114.816,1742518226.1405487
2,118.013,1742518226.1405487
3,116.143,1742518226.1405487
4,115.391,1742518226.1405487
5,116.088,1742518226.1405487
6,68.6,1742518226.1405487
7,118.505,1742518226.1405487
0,116.768,1742518226.1906824
1,114.816,1742518226.1906824
2,118.013,1742518226.1906824
3,116.145,1742518226.1906824
4,115.389,1742518226.1906824
5,116.088,1742518226.1906824
6,68.6,1742518226.1906824
7,118.512,1742518226.1906824
0,116.768,1742518226.2408094
1,114.822,1742518226.2408094
2,118.015,1742518226.2408094
3,116.145,1742518226.2408094
4,115.389,1742518226.2408094
5,116.088,1742518226.2408094
6,68.605,1742518226.2408094
7,118.512,1742518226.2408094
0,116.776,1742518226.2909443
1,114.822,1742518226.2909443
2,118.015,1742518226.2909443
3,116.116,1742518226.2909443
4,115.392,1742518226.2909443
5,116.088,1742518226.2909443
6,68.605,1742518226.2909443
7,118.521,1742518226.2909443
0,116.776,1742518226.3410866
1,114.816,1742518226.3410866
2,118.033,1742518226.3410866
3,116.116,1742518226.3410866
4,115.392,1742518226.3410866
5,116.08,1742518226.3410866
6,68.586,1742518226.3410866
7,118.521,1742518226.3410866
0,116.774,1742518226.3912144
1,114.816,1742518226.3912144
2,118.033,1742518226.3912144
3,116.131,1742518226.3912144
4,115.357,1742518226.3912144
5,116.08,1742518226.3912144
6,68.586,1742518226.3912144
7,118.519,1742518226.3912144
0,116.774,1742518226.4413536
1,114.816,1742518226.4413536
2,118.026,1742518226.4413536
3,116.131,1742518226.4413536
4,115.357,1742518226.4413536
5,116.059,1742518226.4413536
6,68.573,1742518226.4413536
7,118.519,1742518226.4413536
0,116.785,1742518226.4914906
1,114.871,1742518226.4914906
2,118.026,1742518226.4914906
3,116.157,1742518226.4914906
4,115.336,1742518226.4914906
5,116.059,1742518226.4914906
6,68.573,1742518226.4914906
7,118.543,1742518226.4914906
0,116.785,1742518226.5416286
1,114.871,1742518226.5416286
2,118.053,1742518226.5416286
3,116.157,1742518226.5416286
4,115.336,1742518226.5416286
5,116.074,1742518226.5416286
6,68.586,1742518226.5416286
7,118.543,1742518226.5416286
0,116.793,1742518226.591769
1,114.838,1742518226.591769
2,118.053,1742518226.591769
3,116.131,1742518226.591769
4,115.343,1742518226.591769
5,116.074,1742518226.591769
6,68.586,1742518226.591769
7,118.543,1742518226.591769
0,116.793,1742518226.641908
1,114.865,1742518226.641908
2,118.026,1742518226.641908
3,116.131,1742518226.641908
4,115.343,1742518226.641908
5,116.053,1742518226.641908
6,68.599,1742518226.641908
7,118.543,1742518226.641908
0,116.811,1742518226.6920342
1,114.865,1742518226.6920342
2,118.026,1742518226.6920342
3,116.152,1742518226.6920342
4,115.359,1742518226.6920342
5,116.053,1742518226.6920342
6,68.599,1742518226.6920342
7,118.557,1742518226.6920342
0,116.811,1742518226.7421799
1,114.852,1742518226.7421799
2,118.039,1742518226.7421799
3,116.152,1742518226.7421799
4,115.359,1742518226.7421799
5,116.074,1742518226.7421799
6,68.605,1742518226.7421799
7,118.557,1742518226.7421799
0,116.804,1742518226.7923207
1,114.852,1742518226.7923207
2,118.039,1742518226.7923207
3,116.161,1742518226.7923207
4,115.338,1742518226.7923207
5,116.074,1742518226.7923207
6,68.605,1742518226.7923207
7,118.565,1742518226.7923207
0,116.804,1742518226.8424516
1,114.87,1742518226.8424516
2,118.048,1742518226.8424516
3,116.161,1742518226.8424516
4,115.338,1742518226.8424516
5,116.052,1742518226.8424516
6,68.599,1742518226.8424516
7,118.565,1742518226.8424516
0,116.804,1742518226.8925395
1,114.87,1742518226.8925395
2,118.048,1742518226.8925395
3,116.153,1742518226.8925395
4,115.323,1742518226.8925395
5,116.052,1742518226.8925395
6,68.599,1742518226.8925395
7,118.549,1742518226.8925395
0,116.804,1742518226.94267
1,114.863,1742518226.94267
2,118.079,1742518226.94267
3,116.153,1742518226.94267
4,115.323,1742518226.94267
5,116.066,1742518226.94267
6,68.599,1742518226.94267
7,118.549,1742518226.94267
0,116.798,1742518226.9927995
1,114.863,1742518226.9927995
2,118.079,1742518226.9927995
3,116.14,1742518226.9927995
4,115.318,1742518226.9927995
5,116.066,1742518226.9927995
6,68.599,1742518226.9927995
7,118.557,1742518226.9927995
0,116.798,1742518227.0429378
1,114.883,1742518227.0429378
2,118.088,1742518227.0429378
3,116.14,1742518227.0429378
4,115.318,1742518227.0429378
5,116.067,1742518227.0429378
6,68.579,1742518227.0429378
7,118.557,1742518227.0429378
0,116.787,1742518227.093084
1,114.883,1742518227.093084
2,118.088,1742518227.093084
3,116.146,1742518227.093084
4,115.309,1742518227.093084
5,116.067,1742518227.093084
6,68.579,1742518227.093084
7,118.557,1742518227.093084
0,116.787,1742518227.1432312
1,114.857,1742518227.1432312
2,118.101,1742518227.1432312
3,116.146,1742518227.1432312
4,115.309,1742518227.1432312
5,116.056,1742518227.1432312
6,68.588,1742518227.1432312
7,118.557,1742518227.1432312
0,116.787,1742518227.1933346
1,114.857,1742518227.1933346
2,118.101,1742518227.1933346
3,116.146,1742518227.1933346
4,115.31,1742518227.1933346
5,116.056,1742518227.1933346
6,68.588,1742518227.1933346
7,118.549,1742518227.1933346
0,116.787,1742518227.243465
1,114.857,1742518227.243465
2,118.121,1742518227.243465
3,116.146,1742518227.243465
4,115.31,1742518227.243465
5,116.07,1742518227.243465
6,69.532,1742518227.243465
7,118.549,1742518227.243465
0,116.792,1742518227.2936125
1,114.883,1742518227.2936125
2,118.121,1742518227.2936125
3,116.167,1742518227.2936125
4,115.325,1742518227.2936125
5,116.07,1742518227.2936125
6,69.532,1742518227.2936125
7,118.53,1742518227.2936125
0,116.792,1742518227.3437748
1,114.883,1742518227.3437748
2,118.101,1742518227.3437748
3,116.167,1742518227.3437748
4,115.325,1742518227.3437748
5,116.057,1742518227.3437748
6,69.532,1742518227.3437748
7,118.53,1742518227.3437748
0,116.8,1742518227.3938882
1,114.864,1742518227.3938882
2,118.101,1742518227.3938882
3,116.145,1742518227.3938882
4,115.345,1742518227.3938882
5,116.057,1742518227.3938882
6,75.559,1742518227.3938882
7,118.539,1742518227.3938882
0,116.8,1742518227.4440327
1,114.864,1742518227.4440327
2,118.094,1742518227.4440327
3,116.145,1742518227.4440327
4,115.345,1742518227.4440327
5,116.085,1742518227.4440327
6,75.559,1742518227.4440327
7,118.539,1742518227.4440327
0,116.796,1742518227.4941611
1,114.862,1742518227.4941611
2,118.094,1742518227.4941611
3,116.139,1742518227.4941611
4,115.341,1742518227.4941611
5,116.085,1742518227.4941611
6,80.002,1742518227.4941611
7,118.525,1742518227.4941611
0,116.796,1742518227.5443037
1,114.862,1742518227.5443037
2,118.108,1742518227.5443037
3,116.139,1742518227.5443037
4,115.341,1742518227.5443037
5,116.096,1742518227.5443037
6,80.002,1742518227.5443037
7,118.525,1742518227.5443037
0,116.789,1742518227.5944774
1,114.841,1742518227.5944774
2,118.108,1742518227.5944774
3,116.16,1742518227.5944774
4,115.319,1742518227.5944774
5,116.096,1742518227.5944774
6,84.559,1742518227.5944774
7,118.513,1742518227.5944774
0,116.789,1742518227.6446116
1,114.841,1742518227.6446116
2,118.135,1742518227.6446116
3,116.16,1742518227.6446116
4,115.319,1742518227.6446116
5,116.077,1742518227.6446116
6,84.559,1742518227.6446116
7,118.513,1742518227.6446116
0,119.495,1742518227.6947548
1,114.841,1742518227.6947548
2,118.135,1742518227.6947548
3,116.16,1742518227.6947548
4,115.302,1742518227.6947548
5,116.077,1742518227.6947548
6,91.997,1742518227.6947548
7,118.501,1742518227.6947548
0,119.495,1742518227.7449079
1,114.841,1742518227.7449079
2,118.142,1742518227.7449079
3,116.16,1742518227.7449079
4,115.302,1742518227.7449079
5,116.099,1742518227.7449079
6,91.997,1742518227.7449079
7,118.501,1742518227.7449079
0,119.531,1742518227.7950552
1,114.841,1742518227.7950552
2,118.142,1742518227.7950552
3,116.145,1742518227.7950552
4,115.308,1742518227.7950552
5,116.099,1742518227.7950552
6,96.707,1742518227.7950552
7,118.493,1742518227.7950552
0,119.531,1742518227.8452055
1,114.841,1742518227.8452055
2,118.138,1742518227.8452055
3,116.145,1742518227.8452055
4,115.308,1742518227.8452055
5,116.064,1742518227.8452055
6,96.707,1742518227.8452055
7,118.493,1742518227.8452055
0,119.55,1742518227.8952963
1,114.85,1742518227.8952963
2,118.138,1742518227.8952963
3,116.165,1742518227.8952963
4,115.322,1742518227.8952963
5,116.064,1742518227.8952963
6,100.692,1742518227.8952963
7,118.518,1742518227.8952963
0,119.55,1742518227.9454298
1,114.85,1742518227.9454298
2,118.148,1742518227.9454298
3,116.165,1742518227.9454298
4,115.322,1742518227.9454298
5,116.091,1742518227.9454298
6,100.692,1742518227.9454298
7,118.518,1742518227.9454298
0,119.563,1742518227.9955761
1,114.844,1742518227.9955761
2,118.148,1742518227.9955761
3,116.178,1742518227.9955761
4,115.345,1742518227.9955761
5,116.091,1742518227.9955761
6,105.97,1742518227.9955761
7,118.513,1742518227.9955761
0,119.563,1742518228.0457494
1,114.844,1742518228.0457494
2,118.144,1742518228.0457494
3,116.178,1742518228.0457494
4,115.345,1742518228.0457494
5,116.077,1742518228.0457494
6,105.97,1742518228.0457494
7,118.513,1742518228.0457494
0,119.57,1742518228.0959003
1,114.838,1742518228.0959003
2,118.144,1742518228.0959003
3,116.178,1742518228.0959003
4,115.338,1742518228.0959003
5,116.077,1742518228.0959003
6,109.786,1742518228.0959003
7,118.514,1742518228.0959003
0,119.57,1742518228.1460476
1,114.838,1742518228.1460476
2,118.151,1742518228.1460476
3,116.165,1742518228.1460476
4,115.338,1742518228.1460476
5,116.098,1742518228.1460476
6,109.786,1742518228.1460476
7,118.514,1742518228.1460476
0,119.583,1742518228.1961985
1,114.837,1742518228.1961985
2,118.151,1742518228.1961985
3,116.165,1742518228.1961985
4,115.34,1742518228.1961985
5,116.098,1742518228.1961985
6,114.34,1742518228.1961985
7,118.512,1742518228.1961985
0,119.583,1742518228.2463725
1,114.837,1742518228.2463725
2,118.144,1742518228.2463725
3,116.178,1742518228.2463725
4,115.34,1742518228.2463725
5,116.104,1742518228.2463725
6,114.34,1742518228.2463725
7,118.512,1742518228.2463725
0,119.52,1742518228.2965336
1,114.831,1742518228.2965336
2,118.144,1742518228.2965336
3,116.178,1742518228.2965336
4,115.367,1742518228.2965336
5,116.104,1742518228.2965336
6,117.966,1742518228.2965336
7,118.533,1742518228.2965336
0,119.52,1742518228.3466744
1,114.831,1742518228.3466744
2,118.151,1742518228.3466744
3,116.165,1742518228.3466744
4,115.367,1742518228.3466744
5,116.094,1742518228.3466744
6,117.966,1742518228.3466744
7,118.533,1742518228.3466744
0,119.52,1742518228.3968182
1,114.838,1742518228.3968182
2,118.151,1742518228.3968182
3,116.165,1742518228.3968182
4,115.374,1742518228.3968182
5,116.094,1742518228.3968182
6,117.566,1742518228.3968182
7,118.524,1742518228.3968182
0,119.52,1742518228.4469564
1,114.838,1742518228.4469564
2,118.148,1742518228.4469564
3,116.159,1742518228.4469564
4,115.374,1742518228.4469564
5,116.098,1742518228.4469564
6,117.566,1742518228.4469564
7,118.524,1742518228.4469564
0,119.533,1742518228.4971037
1,114.824,1742518228.4971037
2,118.148,1742518228.4971037
3,116.159,1742518228.4971037
4,115.388,1742518228.4971037
5,116.098,1742518228.4971037
6,117.569,1742518228.4971037
7,118.532,1742518228.4971037
0,119.533,1742518228.5472515
1,114.824,1742518228.5472515
2,118.155,1742518228.5472515
3,116.172,1742518228.5472515
4,115.388,1742518228.5472515
5,116.064,1742518228.5472515
6,117.569,1742518228.5472515
7,118.532,1742518228.5472515
0,119.554,1742518228.5973926
1,114.845,1742518228.5973926
2,118.155,1742518228.5973926
3,116.172,1742518228.5973926
4,115.389,1742518228.5973926
5,116.064,1742518228.5973926
6,117.506,1742518228.5973926
7,118.547,1742518228.5973926
0,119.554,1742518228.6475232
1,114.845,1742518228.6475232
2,118.15,1742518228.6475232
3,116.165,1742518228.6475232
4,115.389,1742518228.6475232
5,116.092,1742518228.6475232
6,117.506,1742518228.6475232
7,118.547,1742518228.6475232
0,117.021,1742518228.6976583
1,114.839,1742518228.6976583
2,118.15,1742518228.6976583
3,116.165,1742518228.6976583
4,115.403,1742518228.6976583
5,116.092,1742518228.6976583
6,115.389,1742518228.6976583
7,118.574,1742518228.6976583
0,117.021,1742518228.747801
1,114.839,1742518228.747801
2,118.153,1742518228.747801
3,116.166,1742518228.747801
4,115.403,1742518228.747801
5,116.082,1742518228.747801
6,115.389,1742518228.747801
7,118.574,1742518228.747801
0,116.88,1742518228.7979486
1,114.859,1742518228.7979486
2,118.153,1742518228.7979486
3,116.166,1742518228.7979486
4,115.409,1742518228.7979486
5,116.082,1742518228.7979486
6,114.989,1742518228.7979486
7,118.555,1742518228.7979486
0,116.88,1742518228.8482106
1,114.859,1742518228.8482106
2,118.149,1742518228.8482106
3,116.165,1742518228.8482106
4,115.409,1742518228.8482106
5,116.113,1742518228.8482106
6,114.989,1742518228.8482106
7,118.555,1742518228.8482106
0,116.887,1742518228.8983757
1,114.825,1742518228.8983757
2,118.149,1742518228.8983757
3,116.165,1742518228.8983757
4,115.41,1742518228.8983757
5,116.113,1742518228.8983757
6,115.002,1742518228.8983757
7,118.58,1742518228.8983757
0,116.887,1742518228.9485526
1,114.825,1742518228.9485526
2,118.149,1742518228.9485526
3,116.173,1742518228.9485526
4,115.41,1742518228.9485526
5,116.107,1742518228.9485526
6,115.009,1742518228.9485526
7,118.58,1742518228.9485526
0,117.143,1742518228.998704
1,114.837,1742518228.998704
2,118.149,1742518228.998704
3,116.173,1742518228.998704
4,115.431,1742518228.998704
5,116.107,1742518228.998704
6,115.009,1742518228.998704
7,118.562,1742518228.998704
0,117.143,1742518229.0488496
1,114.837,1742518229.0488496
2,118.139,1742518229.0488496
3,116.159,1742518229.0488496
4,115.431,1742518229.0488496
5,116.093,1742518229.0488496
6,115.049,1742518229.0488496
7,118.562,1742518229.0488496
0,117.128,1742518229.0989952
1,114.838,1742518229.0989952
2,118.139,1742518229.0989952
3,116.159,1742518229.0989952
4,115.431,1742518229.0989952
5,116.093,1742518229.0989952
6,115.049,1742518229.0989952
7,118.567,1742518229.0989952
0,117.128,1742518229.1491237
1,114.838,1742518229.1491237
2,118.139,1742518229.1491237
3,116.15,1742518229.1491237
4,115.431,1742518229.1491237
5,116.09,1742518229.1491237
6,115.069,1742518229.1491237
7,118.567,1742518229.1491237
0,117.109,1742518229.1992543
1,114.858,1742518229.1992543
2,118.139,1742518229.1992543
3,116.15,1742518229.1992543
4,115.426,1742518229.1992543
5,116.09,1742518229.1992543
6,115.069,1742518229.1992543
7,118.567,1742518229.1992543
0,117.109,1742518229.2493873
1,114.858,1742518229.2493873
2,118.159,1742518229.2493873
3,116.151,1742518229.2493873
4,115.426,1742518229.2493873
5,116.07,1742518229.2493873
6,115.068,1742518229.2493873
7,118.567,1742518229.2493873
0,117.122,1742518229.2995257
1,114.846,1742518229.2995257
2,118.159,1742518229.2995257
3,116.151,1742518229.2995257
4,115.419,1742518229.2995257
5,116.07,1742518229.2995257
6,115.068,1742518229.2995257
7,118.563,1742518229.2995257
0,117.122,1742518229.3496592
1,114.846,1742518229.3496592
2,118.166,1742518229.3496592
3,116.165,1742518229.3496592
4,115.419,1742518229.3496592
5,116.11,1742518229.3496592
6,115.087,1742518229.3496592
7,118.563,1742518229.3496592
0,117.115,1742518229.3998456
1,114.892,1742518229.3998456
2,118.166,1742518229.3998456
3,116.165,1742518229.3998456
4,115.415,1742518229.3998456
5,116.11,1742518229.3998456
6,115.087,1742518229.3998456
7,118.561,1742518229.3998456
0,117.115,1742518229.449991
1,114.892,1742518229.449991
2,118.151,1742518229.449991
3,116.178,1742518229.449991
4,115.415,1742518229.449991
5,116.111,1742518229.449991
6,115.093,1742518229.449991
7,118.561,1742518229.449991
0,117.144,1742518229.5001187
1,114.858,1742518229.5001187
2,118.151,1742518229.5001187
3,116.178,1742518229.5001187
4,115.425,1742518229.5001187
5,116.111,1742518229.5001187
6,115.093,1742518229.5001187
7,118.573,1742518229.5001187
0,117.144,1742518229.5502512
1,114.858,1742518229.5502512
2,118.138,1742518229.5502512
3,116.179,1742518229.5502512
4,115.425,1742518229.5502512
5,116.111,1742518229.5502512
6,115.102,1742518229.5502512
7,118.573,1742518229.5502512
0,117.15,1742518229.6003795
1,114.87,1742518229.6003795
2,118.138,1742518229.6003795
3,116.179,1742518229.6003795
4,115.421,1742518229.6003795
5,116.116,1742518229.6003795
6,115.102,1742518229.6003795
7,118.557,1742518229.6003795
0,117.15,1742518229.6505423
1,114.87,1742518229.6505423
2,118.129,1742518229.6505423
3,116.179,1742518229.6505423
4,115.421,1742518229.6505423
5,116.116,1742518229.6505423
6,115.087,1742518229.6505423
7,118.557,1742518229.6505423
0,117.173,1742518229.7006805
1,114.865,1742518229.7006805
2,118.129,1742518229.7006805
3,116.179,1742518229.7006805
4,115.417,1742518229.7006805
5,116.095,1742518229.7006805
6,115.087,1742518229.7006805
7,118.549,1742518229.7006805
0,117.173,1742518229.7508051
1,114.865,1742518229.7508051
2,118.142,1742518229.7508051
3,116.184,1742518229.7508051
4,115.417,1742518229.7508051
5,116.095,1742518229.7508051
6,115.102,1742518229.7508051
7,118.549,1742518229.7508051
0,117.162,1742518229.8009355
1,114.902,1742518229.8009355
2,118.142,1742518229.8009355
3,116.184,1742518229.8009355
4,115.39,1742518229.8009355
5,116.098,1742518229.8009355
6,115.102,1742518229.8009355
7,118.554,1742518229.8009355
0,117.162,1742518229.851064
1,114.902,1742518229.851064
2,118.142,1742518229.851064
3,116.185,1742518229.851064
4,115.39,1742518229.851064
5,116.098,1742518229.851064
6,115.106,1742518229.851064
7,118.554,1742518229.851064
0,117.153,1742518229.9011986
1,114.935,1742518229.9011986
2,118.152,1742518229.9011986
3,116.185,1742518229.9011986
4,115.386,1742518229.9011986
5,116.108,1742518229.9011986
6,115.106,1742518229.9011986
7,118.568,1742518229.9011986
0,117.153,1742518229.9513276
1,114.935,1742518229.9513276
2,118.152,1742518229.9513276
3,116.171,1742518229.9513276
4,115.386,1742518229.9513276
5,116.108,1742518229.9513276
6,115.115,1742518229.9513276
7,118.568,1742518229.9513276
0,116.919,1742518230.0014699
1,114.992,1742518230.0014699
2,118.195,1742518230.0014699
3,116.171,1742518230.0014699
4,115.388,1742518230.0014699
5,116.095,1742518230.0014699
6,115.115,1742518230.0014699
7,118.558,1742518230.0014699
0,116.919,1742518230.0515978
1,114.992,1742518230.0515978
2,118.195,1742518230.0515978
3,116.193,1742518230.0515978
4,115.388,1742518230.0515978
5,116.095,1742518230.0515978
6,115.113,1742518230.0515978
7,118.558,1742518230.0515978
0,116.886,1742518230.1017308
1,114.966,1742518230.1017308
2,118.234,1742518230.1017308
3,116.193,1742518230.1017308
4,115.384,1742518230.1017308
5,116.112,1742518230.1017308
6,115.113,1742518230.1017308
7,118.578,1742518230.1017308
0,116.886,1742518230.1518664
1,114.966,1742518230.1518664
2,118.234,1742518230.1518664
3,116.209,1742518230.1518664
4,115.384,1742518230.1518664
5,116.112,1742518230.1518664
6,115.079,1742518230.1518664
7,118.578,1742518230.1518664
0,116.902,1742518230.202001
1,115.001,1742518230.202001
2,118.26,1742518230.202001
3,116.209,1742518230.202001
4,115.391,1742518230.202001
5,116.094,1742518230.202001
6,115.079,1742518230.202001
7,118.566,1742518230.202001
0,116.902,1742518230.25213
1,115.001,1742518230.25213
2,118.26,1742518230.25213
3,116.216,1742518230.25213
4,115.391,1742518230.25213
5,116.094,1742518230.25213
6,115.074,1742518230.25213
7,118.566,1742518230.25213
0,116.889,1742518230.3022685
1,114.994,1742518230.3022685
2,118.28,1742518230.3022685
3,116.216,1742518230.3022685
4,115.397,1742518230.3022685
5,116.099,1742518230.3022685
6,115.074,1742518230.3022685
7,118.588,1742518230.3022685
0,116.889,1742518230.352397
1,114.994,1742518230.352397
2,118.28,1742518230.352397
3,116.247,1742518230.352397
4,115.397,1742518230.352397
5,116.099,1742518230.352397
6,115.054,1742518230.352397
7,118.588,1742518230.352397
0,116.879,1742518230.402538
1,115.005,1742518230.402538
2,118.261,1742518230.402538
3,116.247,1742518230.402538
4,115.373,1742518230.402538
5,116.066,1742518230.402538
6,115.054,1742518230.402538
7,118.587,1742518230.402538
0,116.879,1742518230.452667
1,115.005,1742518230.452667
2,118.261,1742518230.452667
3,116.274,1742518230.452667
4,115.373,1742518230.452667
5,116.066,1742518230.452667
6,115.061,1742518230.452667
7,118.587,1742518230.452667
0,116.872,1742518230.502799
1,114.985,1742518230.502799
2,118.268,1742518230.502799
3,116.274,1742518230.502799
4,115.359,1742518230.502799
5,116.079,1742518230.502799
6,115.061,1742518230.502799
7,118.598,1742518230.502799
0,116.872,1742518230.5529282
1,114.985,1742518230.5529282
2,118.268,1742518230.5529282
3,116.301,1742518230.5529282
4,115.359,1742518230.5529282
5,116.079,1742518230.5529282
6,115.066,1742518230.5529282
7,118.598,1742518230.5529282
0,116.826,1742518230.6030684
1,115.025,1742518230.6030684
2,118.275,1742518230.6030684
3,116.301,1742518230.6030684
4,115.376,1742518230.6030684
5,116.104,1742518230.6030684
6,115.066,1742518230.6030684
7,118.595,1742518230.6030684
0,116.826,1742518230.653209
1,115.025,1742518230.653209
2,118.275,1742518230.653209
3,116.311,1742518230.653209
4,115.376,1742518230.653209
5,116.104,1742518230.653209
6,115.094,1742518230.653209
7,118.595,1742518230.653209
0,116.809,1742518230.7033424
1,114.992,1742518230.7033424
2,118.267,1742518230.7033424
3,116.311,1742518230.7033424
4,115.418,1742518230.7033424
5,116.126,1742518230.7033424
6,115.094,1742518230.7033424
7,118.61,1742518230.7033424
0,116.809,1742518230.7534692
1,114.992,1742518230.7534692
2,118.267,1742518230.7534692
3,116.302,1742518230.7534692
4,115.418,1742518230.7534692
5,116.126,1742518230.7534692
6,115.111,1742518230.7534692
7,118.61,1742518230.7534692
0,116.816,1742518230.8036454
1,114.985,1742518230.8036454
2,118.28,1742518230.8036454
3,116.302,1742518230.8036454
4,115.435,1742518230.8036454
5,116.133,1742518230.8036454
6,115.111,1742518230.8036454
7,118.601,1742518230.8036454
0,116.816,1742518230.8537905
1,114.985,1742518230.8537905
2,118.28,1742518230.8537905
3,116.317,1742518230.8537905
4,115.435,1742518230.8537905
5,116.133,1742518230.8537905
6,115.12,1742518230.8537905
7,118.601,1742518230.8537905
0,116.826,1742518230.9039333
1,114.902,1742518230.9039333
2,118.259,1742518230.9039333
3,116.317,1742518230.9039333
4,115.432,1742518230.9039333
5,116.142,1742518230.9039333
6,115.12,1742518230.9039333
7,118.609,1742518230.9039333
0,116.826,1742518230.9540613
1,114.902,1742518230.9540613
2,118.259,1742518230.9540613
3,116.338,1742518230.9540613
4,115.432,1742518230.9540613
5,116.142,1742518230.9540613
6,115.127,1742518230.9540613
7,118.609,1742518230.9540613
0,116.813,1742518231.0042002
1,114.861,1742518231.0042002
2,118.245,1742518231.0042002
3,116.338,1742518231.0042002
4,115.453,1742518231.0042002
5,116.181,1742518231.0042002
6,115.127,1742518231.0042002
7,118.62,1742518231.0042002
0,116.813,1742518231.054338
1,114.861,1742518231.054338
2,118.245,1742518231.054338
3,116.345,1742518231.054338
4,115.453,1742518231.054338
5,116.181,1742518231.054338
6,115.107,1742518231.054338
7,118.62,1742518231.054338
0,116.813,1742518231.1044686
1,114.752,1742518231.1044686
2,118.193,1742518231.1044686
3,116.345,1742518231.1044686
4,115.432,1742518231.1044686
5,116.2,1742518231.1044686
6,115.107,1742518231.1044686
7,118.617,1742518231.1044686
0,116.813,1742518231.154603
1,114.752,1742518231.154603
2,118.193,1742518231.154603
3,116.331,1742518231.154603
4,115.432,1742518231.154603
5,116.2,1742518231.154603
6,115.141,1742518231.154603
7,118.617,1742518231.154603
0,116.811,1742518231.2047443
1,114.718,1742518231.2047443
2,118.186,1742518231.2047443
3,116.331,1742518231.2047443
4,115.426,1742518231.2047443
5,116.227,1742518231.2047443
6,115.141,1742518231.2047443
7,118.599,1742518231.2047443
0,116.811,1742518231.2548814
1,114.718,1742518231.2548814
2,118.186,1742518231.2548814
3,116.326,1742518231.2548814
4,115.426,1742518231.2548814
5,116.227,1742518231.2548814
6,115.157,1742518231.2548814
7,118.599,1742518231.2548814
