GPU_ID,Power_Usage_W,Timestamp
0,116.77,1742887935.7954652
1,69.518,1742887935.7954652
2,72.011,1742887935.7954652
3,69.893,1742887935.7954652
4,70.644,1742887935.7954652
5,69.826,1742887935.7954652
6,68.595,1742887935.7954652
7,72.025,1742887935.7954652
0,116.768,1742887935.8956027
1,69.518,1742887935.8956027
2,72.005,1742887935.8956027
3,69.877,1742887935.8956027
4,70.635,1742887935.8956027
5,69.805,1742887935.8956027
6,68.595,1742887935.8956027
7,72.045,1742887935.8956027
0,116.768,1742887935.9957366
1,69.524,1742887935.9957366
2,71.998,1742887935.9957366
3,69.864,1742887935.9957366
4,70.641,1742887935.9957366
5,69.835,1742887935.9957366
6,68.582,1742887935.9957366
7,72.03,1742887935.9957366
0,116.775,1742887936.0959826
1,69.524,1742887936.0959826
2,71.998,1742887936.0959826
3,69.855,1742887936.0959826
4,70.628,1742887936.0959826
5,69.827,1742887936.0959826
6,68.582,1742887936.0959826
7,72.043,1742887936.0959826
0,116.788,1742887936.196124
1,69.526,1742887936.196124
2,71.986,1742887936.196124
3,69.851,1742887936.196124
4,70.602,1742887936.196124
5,69.843,1742887936.196124
6,68.575,1742887936.196124
7,72.022,1742887936.196124
0,116.795,1742887936.2962732
1,69.537,1742887936.2962732
2,71.979,1742887936.2962732
3,69.865,1742887936.2962732
4,70.611,1742887936.2962732
5,69.843,1742887936.2962732
6,68.589,1742887936.2962732
7,72.013,1742887936.2962732
0,116.795,1742887936.3964548
1,69.526,1742887936.3964548
2,71.966,1742887936.3964548
3,69.856,1742887936.3964548
4,70.606,1742887936.3964548
5,69.851,1742887936.3964548
6,68.589,1742887936.3964548
7,72.029,1742887936.3964548
0,116.801,1742887936.4965937
1,69.547,1742887936.4965937
2,71.94,1742887936.4965937
3,69.856,1742887936.4965937
4,70.645,1742887936.4965937
5,69.834,1742887936.4965937
6,68.595,1742887936.4965937
7,72.032,1742887936.4965937
0,116.814,1742887936.5967233
1,69.499,1742887936.5967233
2,71.947,1742887936.5967233
3,69.852,1742887936.5967233
4,70.638,1742887936.5967233
5,69.805,1742887936.5967233
6,68.607,1742887936.5967233
7,72.02,1742887936.5967233
0,116.814,1742887936.6968708
1,69.527,1742887936.6968708
2,71.941,1742887936.6968708
3,69.836,1742887936.6968708
4,70.639,1742887936.6968708
5,69.81,1742887936.6968708
6,68.594,1742887936.6968708
7,72.026,1742887936.6968708
0,116.816,1742887936.797058
1,69.486,1742887936.797058
2,71.934,1742887936.797058
3,69.836,1742887936.797058
4,70.633,1742887936.797058
5,69.807,1742887936.797058
6,68.601,1742887936.797058
7,72.026,1742887936.797058
0,116.81,1742887936.897186
1,69.527,1742887936.897186
2,71.941,1742887936.897186
3,69.856,1742887936.897186
4,70.635,1742887936.897186
5,69.835,1742887936.897186
6,68.581,1742887936.897186
7,72.033,1742887936.897186
0,116.827,1742887936.9973154
1,69.498,1742887936.9973154
2,71.928,1742887936.9973154
3,69.871,1742887936.9973154
4,70.665,1742887936.9973154
5,69.834,1742887936.9973154
6,68.588,1742887936.9973154
7,72.034,1742887936.9973154
0,116.814,1742887937.0974514
1,69.519,1742887937.0974514
2,71.935,1742887937.0974514
3,69.87,1742887937.0974514
4,70.684,1742887937.0974514
5,69.809,1742887937.0974514
6,68.6,1742887937.0974514
7,72.035,1742887937.0974514
0,116.81,1742887937.1975806
1,69.509,1742887937.1975806
2,71.934,1742887937.1975806
3,69.876,1742887937.1975806
4,70.69,1742887937.1975806
5,69.829,1742887937.1975806
6,68.608,1742887937.1975806
7,72.042,1742887937.1975806
0,116.79,1742887937.297722
1,69.512,1742887937.297722
2,71.941,1742887937.297722
3,69.862,1742887937.297722
4,70.694,1742887937.297722
5,69.816,1742887937.297722
6,68.594,1742887937.297722
7,72.03,1742887937.297722
0,116.814,1742887937.3978603
1,69.497,1742887937.3978603
2,71.96,1742887937.3978603
3,69.876,1742887937.3978603
4,70.697,1742887937.3978603
5,69.842,1742887937.3978603
6,68.595,1742887937.3978603
7,72.024,1742887937.3978603
0,116.814,1742887937.4980893
1,69.511,1742887937.4980893
2,71.967,1742887937.4980893
3,69.865,1742887937.4980893
4,70.705,1742887937.4980893
5,69.828,1742887937.4980893
6,68.588,1742887937.4980893
7,72.005,1742887937.4980893
0,116.814,1742887937.5982234
1,69.511,1742887937.5982234
2,71.967,1742887937.5982234
3,69.866,1742887937.5982234
4,70.712,1742887937.5982234
5,69.852,1742887937.5982234
6,68.587,1742887937.5982234
7,72.015,1742887937.5982234
0,116.808,1742887937.698359
1,69.524,1742887937.698359
2,71.98,1742887937.698359
3,69.872,1742887937.698359
4,70.712,1742887937.698359
5,69.849,1742887937.698359
6,68.581,1742887937.698359
7,72.002,1742887937.698359
0,116.816,1742887937.7985656
1,69.538,1742887937.7985656
2,72.007,1742887937.7985656
3,69.878,1742887937.7985656
4,70.718,1742887937.7985656
5,69.83,1742887937.7985656
6,68.593,1742887937.7985656
7,71.995,1742887937.7985656
0,116.808,1742887937.8987105
1,69.541,1742887937.8987105
2,72.012,1742887937.8987105
3,69.873,1742887937.8987105
4,70.723,1742887937.8987105
5,69.833,1742887937.8987105
6,68.607,1742887937.8987105
7,71.988,1742887937.8987105
0,116.809,1742887937.9988337
1,69.525,1742887937.9988337
2,72.031,1742887937.9988337
3,69.867,1742887937.9988337
4,70.734,1742887937.9988337
5,69.802,1742887937.9988337
6,68.594,1742887937.9988337
7,71.995,1742887937.9988337
0,116.821,1742887938.0989738
1,69.532,1742887938.0989738
2,72.018,1742887938.0989738
3,69.86,1742887938.0989738
4,70.726,1742887938.0989738
5,69.822,1742887938.0989738
6,68.594,1742887938.0989738
7,71.967,1742887938.0989738
0,116.821,1742887938.1990795
1,69.535,1742887938.1990795
2,72.018,1742887938.1990795
3,69.861,1742887938.1990795
4,70.701,1742887938.1990795
5,69.813,1742887938.1990795
6,68.594,1742887938.1990795
7,71.992,1742887938.1990795
0,116.814,1742887938.2992308
1,69.563,1742887938.2992308
2,72.03,1742887938.2992308
3,69.875,1742887938.2992308
4,70.694,1742887938.2992308
5,69.823,1742887938.2992308
6,68.599,1742887938.2992308
7,71.99,1742887938.2992308
0,116.822,1742887938.3993423
1,69.542,1742887938.3993423
2,72.024,1742887938.3993423
3,69.875,1742887938.3993423
4,70.694,1742887938.3993423
5,69.811,1742887938.3993423
6,68.607,1742887938.3993423
7,71.996,1742887938.3993423
0,116.794,1742887938.4994767
1,69.556,1742887938.4994767
2,72.031,1742887938.4994767
3,69.886,1742887938.4994767
4,70.67,1742887938.4994767
5,69.832,1742887938.4994767
6,68.607,1742887938.4994767
7,71.996,1742887938.4994767
0,116.794,1742887938.599611
1,69.534,1742887938.599611
2,72.03,1742887938.599611
3,69.903,1742887938.599611
4,70.672,1742887938.599611
5,69.824,1742887938.599611
6,68.613,1742887938.599611
7,71.997,1742887938.599611
0,116.803,1742887938.6997564
1,69.547,1742887938.6997564
2,72.042,1742887938.6997564
3,69.9,1742887938.6997564
4,70.662,1742887938.6997564
5,69.823,1742887938.6997564
6,68.613,1742887938.6997564
7,71.995,1742887938.6997564
0,116.809,1742887938.7999964
1,69.52,1742887938.7999964
2,72.042,1742887938.7999964
3,69.882,1742887938.7999964
4,70.656,1742887938.7999964
5,69.823,1742887938.7999964
6,68.62,1742887938.7999964
7,71.995,1742887938.7999964
0,116.808,1742887938.9001374
1,69.547,1742887938.9001374
2,72.024,1742887938.9001374
3,69.907,1742887938.9001374
4,70.652,1742887938.9001374
5,69.823,1742887938.9001374
6,68.633,1742887938.9001374
7,71.989,1742887938.9001374
0,116.814,1742887939.0002847
1,69.533,1742887939.0002847
2,72.03,1742887939.0002847
3,69.902,1742887939.0002847
4,70.647,1742887939.0002847
5,69.827,1742887939.0002847
6,68.626,1742887939.0002847
7,71.987,1742887939.0002847
0,116.803,1742887939.1004052
1,69.551,1742887939.1004052
2,72.037,1742887939.1004052
3,69.919,1742887939.1004052
4,70.645,1742887939.1004052
5,69.841,1742887939.1004052
6,68.64,1742887939.1004052
7,71.994,1742887939.1004052
0,116.822,1742887939.2005455
1,69.532,1742887939.2005455
2,72.031,1742887939.2005455
3,69.937,1742887939.2005455
4,70.651,1742887939.2005455
5,69.834,1742887939.2005455
6,68.62,1742887939.2005455
7,72.003,1742887939.2005455
0,116.834,1742887939.3006873
1,69.518,1742887939.3006873
2,72.018,1742887939.3006873
3,69.911,1742887939.3006873
4,70.631,1742887939.3006873
5,69.816,1742887939.3006873
6,68.626,1742887939.3006873
7,72.015,1742887939.3006873
0,116.843,1742887939.4008157
1,69.5,1742887939.4008157
2,72.025,1742887939.4008157
3,69.9,1742887939.4008157
4,70.626,1742887939.4008157
5,69.835,1742887939.4008157
6,68.613,1742887939.4008157
7,72.011,1742887939.4008157
0,116.843,1742887939.5009525
1,69.518,1742887939.5009525
2,72.023,1742887939.5009525
3,69.893,1742887939.5009525
4,70.628,1742887939.5009525
5,69.821,1742887939.5009525
6,68.639,1742887939.5009525
7,72.022,1742887939.5009525
0,116.848,1742887939.6010902
1,69.5,1742887939.6010902
2,72.031,1742887939.6010902
3,69.879,1742887939.6010902
4,70.643,1742887939.6010902
5,69.84,1742887939.6010902
6,68.665,1742887939.6010902
7,72.018,1742887939.6010902
0,116.835,1742887939.701229
1,69.525,1742887939.701229
2,72.043,1742887939.701229
3,69.879,1742887939.701229
4,70.637,1742887939.701229
5,69.822,1742887939.701229
6,68.652,1742887939.701229
7,72.016,1742887939.701229
0,116.835,1742887939.801378
1,69.519,1742887939.801378
2,72.037,1742887939.801378
3,69.883,1742887939.801378
4,70.643,1742887939.801378
5,69.836,1742887939.801378
6,68.666,1742887939.801378
7,72.011,1742887939.801378
0,116.83,1742887939.9015698
1,69.515,1742887939.9015698
2,72.043,1742887939.9015698
3,69.883,1742887939.9015698
4,70.648,1742887939.9015698
5,69.822,1742887939.9015698
6,68.659,1742887939.9015698
7,72.026,1742887939.9015698
0,116.815,1742887940.0017545
1,69.495,1742887940.0017545
2,72.064,1742887940.0017545
3,69.894,1742887940.0017545
4,70.636,1742887940.0017545
5,69.832,1742887940.0017545
6,68.666,1742887940.0017545
7,72.019,1742887940.0017545
0,116.809,1742887940.1018927
1,69.492,1742887940.1018927
2,72.056,1742887940.1018927
3,69.897,1742887940.1018927
4,70.644,1742887940.1018927
5,69.84,1742887940.1018927
6,68.639,1742887940.1018927
7,72.024,1742887940.1018927
0,116.815,1742887940.2020757
1,69.481,1742887940.2020757
2,72.062,1742887940.2020757
3,69.884,1742887940.2020757
4,70.673,1742887940.2020757
5,69.83,1742887940.2020757
6,68.652,1742887940.2020757
7,72.01,1742887940.2020757
0,116.809,1742887940.3022141
1,69.501,1742887940.3022141
2,72.063,1742887940.3022141
3,69.905,1742887940.3022141
4,70.681,1742887940.3022141
5,69.84,1742887940.3022141
6,68.671,1742887940.3022141
7,72.01,1742887940.3022141
0,116.801,1742887940.4023342
1,69.492,1742887940.4023342
2,72.063,1742887940.4023342
3,69.899,1742887940.4023342
4,70.672,1742887940.4023342
5,69.808,1742887940.4023342
6,68.666,1742887940.4023342
7,72.024,1742887940.4023342
0,116.797,1742887940.502472
1,69.515,1742887940.502472
2,72.051,1742887940.502472
3,69.902,1742887940.502472
4,70.691,1742887940.502472
5,69.829,1742887940.502472
6,68.665,1742887940.502472
7,72.028,1742887940.502472
0,116.797,1742887940.6026113
1,69.512,1742887940.6026113
2,72.05,1742887940.6026113
3,69.919,1742887940.6026113
4,70.675,1742887940.6026113
5,69.808,1742887940.6026113
6,68.652,1742887940.6026113
7,72.02,1742887940.6026113
0,116.809,1742887940.7027702
1,69.505,1742887940.7027702
2,72.031,1742887940.7027702
3,69.916,1742887940.7027702
4,70.714,1742887940.7027702
5,69.839,1742887940.7027702
6,68.646,1742887940.7027702
7,72.027,1742887940.7027702
0,116.808,1742887940.8029125
1,69.52,1742887940.8029125
2,72.031,1742887940.8029125
3,69.919,1742887940.8029125
4,70.692,1742887940.8029125
5,69.833,1742887940.8029125
6,68.639,1742887940.8029125
7,72.016,1742887940.8029125
0,116.814,1742887940.9030497
1,69.531,1742887940.9030497
2,72.045,1742887940.9030497
3,69.912,1742887940.9030497
4,70.686,1742887940.9030497
5,69.819,1742887940.9030497
6,68.626,1742887940.9030497
7,72.014,1742887940.9030497
0,116.822,1742887941.0031872
1,69.537,1742887941.0031872
2,72.038,1742887941.0031872
3,69.898,1742887941.0031872
4,70.708,1742887941.0031872
5,69.834,1742887941.0031872
6,68.626,1742887941.0031872
7,72.007,1742887941.0031872
0,116.821,1742887941.1033146
1,69.568,1742887941.1033146
2,72.038,1742887941.1033146
3,69.885,1742887941.1033146
4,70.692,1742887941.1033146
5,69.799,1742887941.1033146
6,68.632,1742887941.1033146
7,71.996,1742887941.1033146
0,116.821,1742887941.2034538
1,69.553,1742887941.2034538
2,72.043,1742887941.2034538
3,69.895,1742887941.2034538
4,70.695,1742887941.2034538
5,69.82,1742887941.2034538
6,68.652,1742887941.2034538
7,72.007,1742887941.2034538
0,116.822,1742887941.3036757
1,69.567,1742887941.3036757
2,72.044,1742887941.3036757
3,69.887,1742887941.3036757
4,70.691,1742887941.3036757
5,69.826,1742887941.3036757
6,68.659,1742887941.3036757
7,72.001,1742887941.3036757
0,116.843,1742887941.4038198
1,69.553,1742887941.4038198
2,72.03,1742887941.4038198
3,69.894,1742887941.4038198
4,70.69,1742887941.4038198
5,69.818,1742887941.4038198
6,68.659,1742887941.4038198
7,71.982,1742887941.4038198
0,116.836,1742887941.5039606
1,69.547,1742887941.5039606
2,72.044,1742887941.5039606
3,69.88,1742887941.5039606
4,70.684,1742887941.5039606
5,69.825,1742887941.5039606
6,68.645,1742887941.5039606
7,71.977,1742887941.5039606
0,116.848,1742887941.6040905
1,69.533,1742887941.6040905
2,72.044,1742887941.6040905
3,69.878,1742887941.6040905
4,70.682,1742887941.6040905
5,69.805,1742887941.6040905
6,68.639,1742887941.6040905
7,71.978,1742887941.6040905
0,116.848,1742887941.7042232
1,69.555,1742887941.7042232
2,72.03,1742887941.7042232
3,69.861,1742887941.7042232
4,70.679,1742887941.7042232
5,69.812,1742887941.7042232
6,68.627,1742887941.7042232
7,71.978,1742887941.7042232
0,116.849,1742887941.8043637
1,69.527,1742887941.8043637
2,72.05,1742887941.8043637
3,69.869,1742887941.8043637
4,70.678,1742887941.8043637
5,69.777,1742887941.8043637
6,68.626,1742887941.8043637
7,71.996,1742887941.8043637
0,116.849,1742887941.904466
1,69.526,1742887941.904466
2,72.03,1742887941.904466
3,69.869,1742887941.904466
4,70.679,1742887941.904466
5,69.804,1742887941.904466
6,68.62,1742887941.904466
7,71.996,1742887941.904466
0,116.855,1742887942.0046158
1,69.519,1742887942.0046158
2,72.024,1742887942.0046158
3,69.875,1742887942.0046158
4,70.676,1742887942.0046158
5,69.802,1742887942.0046158
6,68.639,1742887942.0046158
7,72.005,1742887942.0046158
0,116.855,1742887942.1047592
1,69.51,1742887942.1047592
2,72.011,1742887942.1047592
3,69.883,1742887942.1047592
4,70.682,1742887942.1047592
5,69.832,1742887942.1047592
6,68.653,1742887942.1047592
7,72.005,1742887942.1047592
0,116.843,1742887942.2049
1,69.513,1742887942.2049
2,72.005,1742887942.2049
3,69.862,1742887942.2049
4,70.676,1742887942.2049
5,69.839,1742887942.2049
6,68.645,1742887942.2049
7,71.989,1742887942.2049
0,116.836,1742887942.3050287
1,69.52,1742887942.3050287
2,72.005,1742887942.3050287
3,69.863,1742887942.3050287
4,70.655,1742887942.3050287
5,69.813,1742887942.3050287
6,68.645,1742887942.3050287
7,71.998,1742887942.3050287
0,116.822,1742887942.4051697
1,69.499,1742887942.4051697
2,71.998,1742887942.4051697
3,69.869,1742887942.4051697
4,70.643,1742887942.4051697
5,69.816,1742887942.4051697
6,68.633,1742887942.4051697
7,71.998,1742887942.4051697
0,116.827,1742887942.5053122
1,69.539,1742887942.5053122
2,71.985,1742887942.5053122
3,69.88,1742887942.5053122
4,70.644,1742887942.5053122
5,69.795,1742887942.5053122
6,68.626,1742887942.5053122
7,71.998,1742887942.5053122
0,116.814,1742887942.605452
1,69.518,1742887942.605452
2,71.985,1742887942.605452
3,69.886,1742887942.605452
4,70.659,1742887942.605452
5,69.83,1742887942.605452
6,68.626,1742887942.605452
7,72.003,1742887942.605452
0,116.816,1742887942.7055807
1,69.519,1742887942.7055807
2,71.985,1742887942.7055807
3,69.9,1742887942.7055807
4,70.66,1742887942.7055807
5,69.843,1742887942.7055807
6,68.626,1742887942.7055807
7,72.004,1742887942.7055807
0,116.803,1742887942.8057363
1,69.519,1742887942.8057363
2,71.985,1742887942.8057363
3,69.899,1742887942.8057363
4,70.661,1742887942.8057363
5,69.838,1742887942.8057363
6,68.653,1742887942.8057363
7,72.024,1742887942.8057363
0,116.807,1742887942.905881
1,69.526,1742887942.905881
2,71.979,1742887942.905881
3,69.886,1742887942.905881
4,70.647,1742887942.905881
5,69.838,1742887942.905881
6,68.639,1742887942.905881
7,72.018,1742887942.905881
0,116.803,1742887943.0061297
1,69.512,1742887943.0061297
2,71.966,1742887943.0061297
3,69.88,1742887943.0061297
4,70.631,1742887943.0061297
5,69.82,1742887943.0061297
6,68.652,1742887943.0061297
7,72.017,1742887943.0061297
0,116.803,1742887943.1062624
1,69.523,1742887943.1062624
2,71.953,1742887943.1062624
3,69.871,1742887943.1062624
4,70.632,1742887943.1062624
5,69.825,1742887943.1062624
6,68.64,1742887943.1062624
7,72.004,1742887943.1062624
0,116.796,1742887943.2064028
1,69.516,1742887943.2064028
2,71.953,1742887943.2064028
3,69.865,1742887943.2064028
4,70.657,1742887943.2064028
5,69.797,1742887943.2064028
6,68.62,1742887943.2064028
7,72.004,1742887943.2064028
0,116.801,1742887943.306544
1,69.504,1742887943.306544
2,71.953,1742887943.306544
3,69.884,1742887943.306544
4,70.672,1742887943.306544
5,69.838,1742887943.306544
6,68.62,1742887943.306544
7,72.011,1742887943.306544
0,116.821,1742887943.4066887
1,69.518,1742887943.4066887
2,71.947,1742887943.4066887
3,69.885,1742887943.4066887
4,70.692,1742887943.4066887
5,69.824,1742887943.4066887
6,68.62,1742887943.4066887
7,72.011,1742887943.4066887
0,116.815,1742887943.5068085
1,69.508,1742887943.5068085
2,71.953,1742887943.5068085
3,69.894,1742887943.5068085
4,70.705,1742887943.5068085
5,69.826,1742887943.5068085
6,68.633,1742887943.5068085
7,72.005,1742887943.5068085
0,116.809,1742887943.6069407
1,69.512,1742887943.6069407
2,71.986,1742887943.6069407
3,69.887,1742887943.6069407
4,70.684,1742887943.6069407
5,69.823,1742887943.6069407
6,68.639,1742887943.6069407
7,72.022,1742887943.6069407
0,116.802,1742887943.707044
1,69.525,1742887943.707044
2,71.966,1742887943.707044
3,69.879,1742887943.707044
4,70.697,1742887943.707044
5,69.804,1742887943.707044
6,68.659,1742887943.707044
7,72.012,1742887943.707044
0,116.802,1742887943.8071835
1,69.531,1742887943.8071835
2,71.966,1742887943.8071835
3,69.884,1742887943.8071835
4,70.664,1742887943.8071835
5,69.818,1742887943.8071835
6,68.652,1742887943.8071835
7,71.983,1742887943.8071835
0,116.782,1742887943.907287
1,69.531,1742887943.907287
2,71.96,1742887943.907287
3,69.903,1742887943.907287
4,70.665,1742887943.907287
5,69.796,1742887943.907287
6,68.639,1742887943.907287
7,71.984,1742887943.907287
0,116.776,1742887944.0074258
1,69.548,1742887944.0074258
2,71.973,1742887944.0074258
3,69.915,1742887944.0074258
4,70.677,1742887944.0074258
5,69.839,1742887944.0074258
6,68.627,1742887944.0074258
7,71.99,1742887944.0074258
0,116.779,1742887944.1075304
1,69.532,1742887944.1075304
2,71.999,1742887944.1075304
3,69.926,1742887944.1075304
4,70.697,1742887944.1075304
5,69.818,1742887944.1075304
6,68.62,1742887944.1075304
7,71.997,1742887944.1075304
0,116.766,1742887944.2076232
1,69.538,1742887944.2076232
2,72.005,1742887944.2076232
3,69.93,1742887944.2076232
4,70.72,1742887944.2076232
5,69.834,1742887944.2076232
6,68.614,1742887944.2076232
7,71.985,1742887944.2076232
0,116.785,1742887944.3077402
1,69.551,1742887944.3077402
2,72.011,1742887944.3077402
3,69.915,1742887944.3077402
4,70.713,1742887944.3077402
5,69.827,1742887944.3077402
6,68.64,1742887944.3077402
7,72.003,1742887944.3077402
0,116.758,1742887944.4078512
1,69.541,1742887944.4078512
2,72.025,1742887944.4078512
3,69.921,1742887944.4078512
4,70.706,1742887944.4078512
5,69.825,1742887944.4078512
6,68.647,1742887944.4078512
7,72.009,1742887944.4078512
0,116.775,1742887944.5079799
1,69.551,1742887944.5079799
2,72.019,1742887944.5079799
3,69.914,1742887944.5079799
4,70.694,1742887944.5079799
5,69.833,1742887944.5079799
6,68.64,1742887944.5079799
7,72.011,1742887944.5079799
0,116.777,1742887944.6081188
1,69.548,1742887944.6081188
2,72.006,1742887944.6081188
3,69.914,1742887944.6081188
4,70.708,1742887944.6081188
5,69.819,1742887944.6081188
6,68.64,1742887944.6081188
7,72.025,1742887944.6081188
0,116.807,1742887944.7082565
1,69.521,1742887944.7082565
2,72.025,1742887944.7082565
3,69.924,1742887944.7082565
4,70.706,1742887944.7082565
5,69.843,1742887944.7082565
6,68.614,1742887944.7082565
7,72.022,1742887944.7082565
0,116.814,1742887944.8084037
1,69.526,1742887944.8084037
2,72.032,1742887944.8084037
3,69.936,1742887944.8084037
4,70.728,1742887944.8084037
5,69.83,1742887944.8084037
6,68.608,1742887944.8084037
7,72.044,1742887944.8084037
0,116.814,1742887944.9085715
1,69.522,1742887944.9085715
2,72.038,1742887944.9085715
3,69.918,1742887944.9085715
4,70.725,1742887944.9085715
5,69.821,1742887944.9085715
6,68.608,1742887944.9085715
7,72.035,1742887944.9085715
0,116.82,1742887945.0086792
1,69.522,1742887945.0086792
2,72.045,1742887945.0086792
3,69.908,1742887945.0086792
4,70.713,1742887945.0086792
5,69.826,1742887945.0086792
6,68.607,1742887945.0086792
7,72.028,1742887945.0086792
0,116.827,1742887945.1087966
1,69.527,1742887945.1087966
2,72.045,1742887945.1087966
3,69.904,1742887945.1087966
4,70.694,1742887945.1087966
5,69.825,1742887945.1087966
6,68.62,1742887945.1087966
7,72.027,1742887945.1087966
0,116.835,1742887945.2089074
1,69.539,1742887945.2089074
2,72.038,1742887945.2089074
3,69.899,1742887945.2089074
4,70.681,1742887945.2089074
5,69.834,1742887945.2089074
6,68.639,1742887945.2089074
7,72.043,1742887945.2089074
0,116.835,1742887945.3090408
1,69.543,1742887945.3090408
2,72.032,1742887945.3090408
3,69.903,1742887945.3090408
4,70.693,1742887945.3090408
5,69.811,1742887945.3090408
6,68.627,1742887945.3090408
7,72.029,1742887945.3090408
0,116.829,1742887945.4091704
1,69.516,1742887945.4091704
2,72.038,1742887945.4091704
3,69.907,1742887945.4091704
4,70.658,1742887945.4091704
5,69.832,1742887945.4091704
6,68.62,1742887945.4091704
7,72.029,1742887945.4091704
0,116.835,1742887945.509303
1,69.519,1742887945.509303
2,72.037,1742887945.509303
3,69.899,1742887945.509303
4,70.656,1742887945.509303
5,69.834,1742887945.509303
6,68.621,1742887945.509303
7,72.033,1742887945.509303
0,116.829,1742887945.6094
1,69.507,1742887945.6094
2,72.03,1742887945.6094
3,69.892,1742887945.6094
4,70.65,1742887945.6094
5,69.83,1742887945.6094
6,68.607,1742887945.6094
7,72.023,1742887945.6094
0,116.835,1742887945.709533
1,69.541,1742887945.709533
2,72.032,1742887945.709533
3,69.889,1742887945.709533
4,70.666,1742887945.709533
5,69.826,1742887945.709533
6,68.62,1742887945.709533
7,72.014,1742887945.709533
0,116.829,1742887945.809661
1,69.531,1742887945.809661
2,72.044,1742887945.809661
3,69.875,1742887945.809661
4,70.669,1742887945.809661
5,69.823,1742887945.809661
6,68.627,1742887945.809661
7,72.014,1742887945.809661
0,116.835,1742887945.9097986
1,69.524,1742887945.9097986
2,72.037,1742887945.9097986
3,69.883,1742887945.9097986
4,70.654,1742887945.9097986
5,69.846,1742887945.9097986
6,68.634,1742887945.9097986
7,72.014,1742887945.9097986
0,116.834,1742887946.0099242
1,69.531,1742887946.0099242
2,72.037,1742887946.0099242
3,69.91,1742887946.0099242
4,70.667,1742887946.0099242
5,69.826,1742887946.0099242
6,68.627,1742887946.0099242
7,72.015,1742887946.0099242
0,116.842,1742887946.1100593
1,69.537,1742887946.1100593
2,72.033,1742887946.1100593
3,69.903,1742887946.1100593
4,70.652,1742887946.1100593
5,69.85,1742887946.1100593
6,68.628,1742887946.1100593
7,72.015,1742887946.1100593
0,116.848,1742887946.2101965
1,69.512,1742887946.2101965
2,72.038,1742887946.2101965
3,69.911,1742887946.2101965
4,70.681,1742887946.2101965
5,69.832,1742887946.2101965
6,68.621,1742887946.2101965
7,72.012,1742887946.2101965
0,116.856,1742887946.3103352
1,69.546,1742887946.3103352
2,72.052,1742887946.3103352
3,69.913,1742887946.3103352
4,70.667,1742887946.3103352
5,69.852,1742887946.3103352
6,68.64,1742887946.3103352
7,72.024,1742887946.3103352
0,116.836,1742887946.4104404
1,69.532,1742887946.4104404
2,72.057,1742887946.4104404
3,69.917,1742887946.4104404
4,70.69,1742887946.4104404
5,69.854,1742887946.4104404
6,68.615,1742887946.4104404
7,72.033,1742887946.4104404
0,116.835,1742887946.510575
1,69.539,1742887946.510575
2,72.059,1742887946.510575
3,69.916,1742887946.510575
4,70.698,1742887946.510575
5,69.833,1742887946.510575
6,68.614,1742887946.510575
7,72.03,1742887946.510575
0,116.824,1742887946.6107075
1,69.532,1742887946.6107075
2,72.057,1742887946.6107075
3,69.912,1742887946.6107075
4,70.69,1742887946.6107075
5,69.861,1742887946.6107075
6,68.615,1742887946.6107075
7,72.03,1742887946.6107075
0,116.824,1742887946.7108471
1,69.541,1742887946.7108471
2,72.051,1742887946.7108471
3,69.902,1742887946.7108471
4,70.693,1742887946.7108471
5,69.836,1742887946.7108471
6,68.601,1742887946.7108471
7,72.032,1742887946.7108471
0,116.83,1742887946.8109863
1,69.52,1742887946.8109863
2,72.045,1742887946.8109863
3,69.909,1742887946.8109863
4,70.699,1742887946.8109863
5,69.849,1742887946.8109863
6,68.594,1742887946.8109863
7,72.031,1742887946.8109863
0,116.822,1742887946.9111245
1,69.53,1742887946.9111245
2,72.052,1742887946.9111245
3,69.898,1742887946.9111245
4,70.709,1742887946.9111245
5,69.835,1742887946.9111245
6,68.594,1742887946.9111245
7,72.017,1742887946.9111245
0,116.823,1742887947.01127
1,69.506,1742887947.01127
2,72.052,1742887947.01127
3,69.885,1742887947.01127
4,70.697,1742887947.01127
5,69.848,1742887947.01127
6,68.614,1742887947.01127
7,72.004,1742887947.01127
0,116.817,1742887947.111414
1,69.523,1742887947.111414
2,72.058,1742887947.111414
3,69.882,1742887947.111414
4,70.71,1742887947.111414
5,69.839,1742887947.111414
6,68.595,1742887947.111414
7,71.999,1742887947.111414
0,116.814,1742887947.211543
1,69.525,1742887947.211543
2,72.052,1742887947.211543
3,69.86,1742887947.211543
4,70.697,1742887947.211543
5,69.836,1742887947.211543
6,68.6,1742887947.211543
7,71.992,1742887947.211543
0,116.803,1742887947.3116815
1,69.533,1742887947.3116815
2,72.05,1742887947.3116815
3,69.854,1742887947.3116815
4,70.716,1742887947.3116815
5,69.84,1742887947.3116815
6,68.595,1742887947.3116815
7,71.983,1742887947.3116815
0,116.822,1742887947.4118292
1,69.531,1742887947.4118292
2,72.063,1742887947.4118292
3,69.86,1742887947.4118292
4,70.717,1742887947.4118292
5,69.797,1742887947.4118292
6,68.594,1742887947.4118292
7,71.976,1742887947.4118292
0,116.829,1742887947.5119934
1,69.561,1742887947.5119934
2,72.05,1742887947.5119934
3,69.867,1742887947.5119934
4,70.717,1742887947.5119934
5,69.803,1742887947.5119934
6,68.601,1742887947.5119934
7,71.97,1742887947.5119934
0,116.834,1742887947.6121268
1,69.551,1742887947.6121268
2,72.063,1742887947.6121268
3,69.858,1742887947.6121268
4,70.709,1742887947.6121268
5,69.812,1742887947.6121268
6,68.613,1742887947.6121268
7,71.981,1742887947.6121268
0,116.822,1742887947.7122574
1,69.56,1742887947.7122574
2,72.058,1742887947.7122574
3,69.852,1742887947.7122574
4,70.709,1742887947.7122574
5,69.837,1742887947.7122574
6,68.62,1742887947.7122574
7,71.975,1742887947.7122574
0,116.822,1742887947.8123922
1,69.538,1742887947.8123922
2,72.058,1742887947.8123922
3,69.859,1742887947.8123922
4,70.704,1742887947.8123922
5,69.83,1742887947.8123922
6,68.62,1742887947.8123922
7,71.976,1742887947.8123922
0,116.828,1742887947.9125257
1,69.559,1742887947.9125257
2,72.05,1742887947.9125257
3,69.856,1742887947.9125257
4,70.696,1742887947.9125257
5,69.811,1742887947.9125257
6,68.626,1742887947.9125257
7,71.974,1742887947.9125257
0,116.835,1742887948.012656
1,69.559,1742887948.012656
2,72.056,1742887948.012656
3,69.866,1742887948.012656
4,70.699,1742887948.012656
5,69.818,1742887948.012656
6,68.633,1742887948.012656
7,71.976,1742887948.012656
0,116.833,1742887948.1128116
1,69.573,1742887948.1128116
2,72.043,1742887948.1128116
3,69.879,1742887948.1128116
4,70.696,1742887948.1128116
5,69.792,1742887948.1128116
6,68.613,1742887948.1128116
7,71.97,1742887948.1128116
0,116.847,1742887948.2129984
1,69.539,1742887948.2129984
2,72.052,1742887948.2129984
3,69.897,1742887948.2129984
4,70.674,1742887948.2129984
5,69.805,1742887948.2129984
6,68.608,1742887948.2129984
7,71.977,1742887948.2129984
0,116.839,1742887948.3131154
1,69.537,1742887948.3131154
2,72.043,1742887948.3131154
3,69.914,1742887948.3131154
4,70.675,1742887948.3131154
5,69.803,1742887948.3131154
6,68.614,1742887948.3131154
7,71.995,1742887948.3131154
0,116.839,1742887948.4132335
1,69.524,1742887948.4132335
2,72.025,1742887948.4132335
3,69.905,1742887948.4132335
4,70.683,1742887948.4132335
5,69.825,1742887948.4132335
6,68.633,1742887948.4132335
7,72.004,1742887948.4132335
0,116.841,1742887948.5133615
1,69.523,1742887948.5133615
2,72.018,1742887948.5133615
3,69.881,1742887948.5133615
4,70.678,1742887948.5133615
5,69.825,1742887948.5133615
6,68.635,1742887948.5133615
7,72.002,1742887948.5133615
0,116.847,1742887948.6134887
1,69.523,1742887948.6134887
2,72.012,1742887948.6134887
3,69.883,1742887948.6134887
4,70.664,1742887948.6134887
5,69.792,1742887948.6134887
6,68.641,1742887948.6134887
7,72.011,1742887948.6134887
0,116.842,1742887948.713622
1,69.539,1742887948.713622
2,72.012,1742887948.713622
3,69.903,1742887948.713622
4,70.668,1742887948.713622
5,69.792,1742887948.713622
6,68.647,1742887948.713622
7,72.005,1742887948.713622
0,116.861,1742887948.8137598
1,69.53,1742887948.8137598
2,71.999,1742887948.8137598
3,69.89,1742887948.8137598
4,70.64,1742887948.8137598
5,69.805,1742887948.8137598
6,68.647,1742887948.8137598
7,72.009,1742887948.8137598
0,116.868,1742887948.9138916
1,69.537,1742887948.9138916
2,72.005,1742887948.9138916
3,69.902,1742887948.9138916
4,70.636,1742887948.9138916
5,69.792,1742887948.9138916
6,68.654,1742887948.9138916
7,72.024,1742887948.9138916
0,116.889,1742887949.0140104
1,69.506,1742887949.0140104
2,71.986,1742887949.0140104
3,69.909,1742887949.0140104
4,70.646,1742887949.0140104
5,69.803,1742887949.0140104
6,68.648,1742887949.0140104
7,72.031,1742887949.0140104
0,116.885,1742887949.1141138
1,69.526,1742887949.1141138
2,71.998,1742887949.1141138
3,69.913,1742887949.1141138
4,70.671,1742887949.1141138
5,69.814,1742887949.1141138
6,68.668,1742887949.1141138
7,72.015,1742887949.1141138
0,116.892,1742887949.2142174
1,69.526,1742887949.2142174
2,71.985,1742887949.2142174
3,69.9,1742887949.2142174
4,70.683,1742887949.2142174
5,69.849,1742887949.2142174
6,68.674,1742887949.2142174
7,72.023,1742887949.2142174
0,116.885,1742887949.3143208
1,69.547,1742887949.3143208
2,71.973,1742887949.3143208
3,69.885,1742887949.3143208
4,70.699,1742887949.3143208
5,69.842,1742887949.3143208
6,68.693,1742887949.3143208
7,72.007,1742887949.3143208
0,116.871,1742887949.4144268
1,69.526,1742887949.4144268
2,71.973,1742887949.4144268
3,69.891,1742887949.4144268
4,70.7,1742887949.4144268
5,69.821,1742887949.4144268
6,68.687,1742887949.4144268
7,71.996,1742887949.4144268
0,116.864,1742887949.5145571
1,69.554,1742887949.5145571
2,71.973,1742887949.5145571
3,69.919,1742887949.5145571
4,70.718,1742887949.5145571
5,69.806,1742887949.5145571
6,68.673,1742887949.5145571
7,72.002,1742887949.5145571
0,116.871,1742887949.6146855
1,69.513,1742887949.6146855
2,71.973,1742887949.6146855
3,69.912,1742887949.6146855
4,70.727,1742887949.6146855
5,69.79,1742887949.6146855
6,68.66,1742887949.6146855
7,72.0,1742887949.6146855
0,116.877,1742887949.714791
1,69.527,1742887949.714791
2,71.974,1742887949.714791
3,69.906,1742887949.714791
4,70.715,1742887949.714791
5,69.809,1742887949.714791
6,68.659,1742887949.714791
7,71.993,1742887949.714791
0,116.877,1742887949.814895
1,69.506,1742887949.814895
2,71.987,1742887949.814895
3,69.919,1742887949.814895
4,70.724,1742887949.814895
5,69.826,1742887949.814895
6,68.653,1742887949.814895
7,71.996,1742887949.814895
0,116.869,1742887949.9149988
1,69.522,1742887949.9149988
2,71.987,1742887949.9149988
3,69.91,1742887949.9149988
4,70.742,1742887949.9149988
5,69.82,1742887949.9149988
6,68.652,1742887949.9149988
7,72.009,1742887949.9149988
0,116.884,1742887950.0151165
1,69.514,1742887950.0151165
2,71.992,1742887950.0151165
3,69.917,1742887950.0151165
4,70.739,1742887950.0151165
5,69.82,1742887950.0151165
6,68.666,1742887950.0151165
7,71.987,1742887950.0151165
0,116.856,1742887950.1152203
1,69.542,1742887950.1152203
2,71.973,1742887950.1152203
3,69.91,1742887950.1152203
4,70.712,1742887950.1152203
5,69.787,1742887950.1152203
6,68.665,1742887950.1152203
7,72.007,1742887950.1152203
0,116.849,1742887950.2153244
1,69.525,1742887950.2153244
2,71.992,1742887950.2153244
3,69.906,1742887950.2153244
4,70.724,1742887950.2153244
5,69.801,1742887950.2153244
6,68.658,1742887950.2153244
7,72.001,1742887950.2153244
0,116.856,1742887950.31545
1,69.548,1742887950.31545
2,71.992,1742887950.31545
3,69.917,1742887950.31545
4,70.702,1742887950.31545
5,69.793,1742887950.31545
6,68.64,1742887950.31545
7,72.017,1742887950.31545
0,116.855,1742887950.415568
1,69.5,1742887950.415568
2,72.005,1742887950.415568
3,69.923,1742887950.415568
4,70.7,1742887950.415568
5,69.833,1742887950.415568
6,68.646,1742887950.415568
7,72.002,1742887950.415568
0,116.849,1742887950.515693
1,69.521,1742887950.515693
2,72.018,1742887950.515693
3,69.909,1742887950.515693
4,70.703,1742887950.515693
5,69.833,1742887950.515693
6,68.64,1742887950.515693
7,72.009,1742887950.515693
0,116.836,1742887950.6157975
1,69.506,1742887950.6157975
2,72.017,1742887950.6157975
3,69.909,1742887950.6157975
4,70.694,1742887950.6157975
5,69.836,1742887950.6157975
6,68.632,1742887950.6157975
7,72.016,1742887950.6157975
0,116.816,1742887950.7159147
1,69.534,1742887950.7159147
2,72.01,1742887950.7159147
3,69.91,1742887950.7159147
4,70.711,1742887950.7159147
5,69.827,1742887950.7159147
6,68.646,1742887950.7159147
7,72.009,1742887950.7159147
0,116.81,1742887950.816107
1,69.5,1742887950.816107
2,72.004,1742887950.816107
3,69.894,1742887950.816107
4,70.702,1742887950.816107
5,69.804,1742887950.816107
6,68.646,1742887950.816107
7,72.004,1742887950.816107
0,116.802,1742887950.9162374
1,69.54,1742887950.9162374
2,72.011,1742887950.9162374
3,69.902,1742887950.9162374
4,70.706,1742887950.9162374
5,69.818,1742887950.9162374
6,68.659,1742887950.9162374
7,71.992,1742887950.9162374
0,116.794,1742887951.0163777
1,69.5,1742887951.0163777
2,72.005,1742887951.0163777
3,69.888,1742887951.0163777
4,70.705,1742887951.0163777
5,69.791,1742887951.0163777
6,68.653,1742887951.0163777
7,72.011,1742887951.0163777
0,116.796,1742887951.1165144
1,69.517,1742887951.1165144
2,72.017,1742887951.1165144
3,69.895,1742887951.1165144
4,70.688,1742887951.1165144
5,69.839,1742887951.1165144
6,68.666,1742887951.1165144
7,72.009,1742887951.1165144
0,116.814,1742887951.2166421
1,69.516,1742887951.2166421
2,72.025,1742887951.2166421
3,69.872,1742887951.2166421
4,70.68,1742887951.2166421
5,69.818,1742887951.2166421
6,68.659,1742887951.2166421
7,72.003,1742887951.2166421
0,116.816,1742887951.3167694
1,69.517,1742887951.3167694
2,72.024,1742887951.3167694
3,69.872,1742887951.3167694
4,70.674,1742887951.3167694
5,69.837,1742887951.3167694
6,68.667,1742887951.3167694
7,71.991,1742887951.3167694
0,116.816,1742887951.4169579
1,69.542,1742887951.4169579
2,72.03,1742887951.4169579
3,69.859,1742887951.4169579
4,70.669,1742887951.4169579
5,69.823,1742887951.4169579
6,68.653,1742887951.4169579
7,71.997,1742887951.4169579
0,116.816,1742887951.517085
1,69.549,1742887951.517085
2,72.011,1742887951.517085
3,69.873,1742887951.517085
4,70.664,1742887951.517085
5,69.818,1742887951.517085
6,68.654,1742887951.517085
7,71.976,1742887951.517085
0,116.834,1742887951.6172142
1,69.543,1742887951.6172142
2,72.025,1742887951.6172142
3,69.885,1742887951.6172142
4,70.677,1742887951.6172142
5,69.834,1742887951.6172142
6,68.64,1742887951.6172142
7,71.99,1742887951.6172142
0,116.861,1742887951.7173424
1,69.55,1742887951.7173424
2,72.031,1742887951.7173424
3,69.884,1742887951.7173424
4,70.641,1742887951.7173424
5,69.835,1742887951.7173424
6,68.66,1742887951.7173424
7,71.994,1742887951.7173424
0,116.876,1742887951.8174713
1,69.563,1742887951.8174713
2,72.032,1742887951.8174713
3,69.902,1742887951.8174713
4,70.641,1742887951.8174713
5,69.863,1742887951.8174713
6,68.666,1742887951.8174713
7,71.983,1742887951.8174713
0,116.844,1742887951.9175756
1,69.563,1742887951.9175756
2,72.024,1742887951.9175756
3,69.891,1742887951.9175756
4,70.634,1742887951.9175756
5,69.842,1742887951.9175756
6,68.66,1742887951.9175756
7,71.983,1742887951.9175756
0,116.87,1742887952.017708
1,69.563,1742887952.017708
2,72.039,1742887952.017708
3,69.878,1742887952.017708
4,70.636,1742887952.017708
5,69.83,1742887952.017708
6,68.653,1742887952.017708
7,71.994,1742887952.017708
0,116.856,1742887952.1178443
1,69.587,1742887952.1178443
2,72.044,1742887952.1178443
3,69.872,1742887952.1178443
4,70.654,1742887952.1178443
5,69.828,1742887952.1178443
6,68.632,1742887952.1178443
7,71.976,1742887952.1178443
0,116.851,1742887952.2179716
1,69.56,1742887952.2179716
2,72.032,1742887952.2179716
3,69.887,1742887952.2179716
4,70.647,1742887952.2179716
5,69.807,1742887952.2179716
6,68.633,1742887952.2179716
7,71.981,1742887952.2179716
0,116.836,1742887952.3181188
1,69.57,1742887952.3181188
2,72.031,1742887952.3181188
3,69.869,1742887952.3181188
4,70.659,1742887952.3181188
5,69.827,1742887952.3181188
6,68.613,1742887952.3181188
7,71.994,1742887952.3181188
0,116.849,1742887952.4182217
1,69.557,1742887952.4182217
2,72.039,1742887952.4182217
3,69.885,1742887952.4182217
4,70.637,1742887952.4182217
5,69.82,1742887952.4182217
6,68.626,1742887952.4182217
7,72.001,1742887952.4182217
0,116.856,1742887952.5183249
1,69.555,1742887952.5183249
2,72.045,1742887952.5183249
3,69.871,1742887952.5183249
4,70.658,1742887952.5183249
5,69.835,1742887952.5183249
6,68.645,1742887952.5183249
7,72.015,1742887952.5183249
0,116.857,1742887952.618431
1,69.534,1742887952.618431
2,72.038,1742887952.618431
3,69.864,1742887952.618431
4,70.639,1742887952.618431
5,69.807,1742887952.618431
6,68.659,1742887952.618431
7,72.022,1742887952.618431
0,116.843,1742887952.718535
1,69.538,1742887952.718535
2,72.044,1742887952.718535
3,69.859,1742887952.718535
4,70.657,1742887952.718535
5,69.811,1742887952.718535
6,68.664,1742887952.718535
7,72.016,1742887952.718535
0,116.849,1742887952.8186383
1,69.514,1742887952.8186383
2,72.049,1742887952.8186383
3,69.86,1742887952.8186383
4,70.669,1742887952.8186383
5,69.804,1742887952.8186383
6,68.645,1742887952.8186383
7,72.009,1742887952.8186383
0,116.861,1742887952.9187632
1,69.555,1742887952.9187632
2,72.044,1742887952.9187632
3,69.86,1742887952.9187632
4,70.691,1742887952.9187632
5,69.796,1742887952.9187632
6,68.634,1742887952.9187632
7,72.025,1742887952.9187632
0,116.874,1742887953.0188982
1,69.534,1742887953.0188982
2,72.049,1742887953.0188982
3,69.879,1742887953.0188982
4,70.703,1742887953.0188982
5,69.809,1742887953.0188982
6,68.633,1742887953.0188982
7,72.032,1742887953.0188982
0,116.874,1742887953.1190355
1,69.532,1742887953.1190355
2,72.044,1742887953.1190355
3,69.881,1742887953.1190355
4,70.703,1742887953.1190355
5,69.8,1742887953.1190355
6,68.634,1742887953.1190355
7,72.029,1742887953.1190355
0,116.868,1742887953.2191672
1,69.538,1742887953.2191672
2,72.043,1742887953.2191672
3,69.86,1742887953.2191672
4,70.724,1742887953.2191672
5,69.811,1742887953.2191672
6,68.634,1742887953.2191672
7,72.032,1742887953.2191672
0,116.868,1742887953.319296
1,69.525,1742887953.319296
2,72.043,1742887953.319296
3,69.861,1742887953.319296
4,70.704,1742887953.319296
5,69.793,1742887953.319296
6,68.653,1742887953.319296
7,72.043,1742887953.319296
0,116.848,1742887953.419424
1,69.514,1742887953.419424
2,72.057,1742887953.419424
3,69.854,1742887953.419424
4,70.719,1742887953.419424
5,69.793,1742887953.419424
6,68.66,1742887953.419424
7,72.053,1742887953.419424
0,116.835,1742887953.519555
1,69.532,1742887953.519555
2,72.038,1742887953.519555
3,69.866,1742887953.519555
4,70.712,1742887953.519555
5,69.793,1742887953.519555
6,68.653,1742887953.519555
7,72.029,1742887953.519555
0,116.835,1742887953.619684
1,69.524,1742887953.619684
2,72.031,1742887953.619684
3,69.877,1742887953.619684
4,70.729,1742887953.619684
5,69.779,1742887953.619684
6,68.634,1742887953.619684
7,72.044,1742887953.619684
0,116.828,1742887953.7198305
1,69.537,1742887953.7198305
2,72.031,1742887953.7198305
3,69.888,1742887953.7198305
4,70.719,1742887953.7198305
5,69.813,1742887953.7198305
6,68.615,1742887953.7198305
7,72.041,1742887953.7198305
0,116.829,1742887953.8199358
1,69.544,1742887953.8199358
2,72.019,1742887953.8199358
3,69.884,1742887953.8199358
4,70.705,1742887953.8199358
5,69.779,1742887953.8199358
6,68.609,1742887953.8199358
7,72.047,1742887953.8199358
0,116.816,1742887953.9200387
1,69.537,1742887953.9200387
2,72.018,1742887953.9200387
3,69.891,1742887953.9200387
4,70.692,1742887953.9200387
5,69.808,1742887953.9200387
6,68.613,1742887953.9200387
7,72.049,1742887953.9200387
0,116.801,1742887954.020139
1,69.537,1742887954.020139
2,72.019,1742887954.020139
3,69.87,1742887954.020139
4,70.695,1742887954.020139
5,69.787,1742887954.020139
6,68.633,1742887954.020139
7,72.029,1742887954.020139
0,116.784,1742887954.120256
1,69.52,1742887954.120256
2,71.998,1742887954.120256
3,69.857,1742887954.120256
4,70.705,1742887954.120256
5,69.804,1742887954.120256
6,68.645,1742887954.120256
7,72.02,1742887954.120256
0,116.81,1742887954.2203934
1,69.547,1742887954.2203934
2,71.992,1742887954.2203934
3,69.873,1742887954.2203934
4,70.676,1742887954.2203934
5,69.812,1742887954.2203934
6,68.652,1742887954.2203934
7,72.026,1742887954.2203934
0,116.803,1742887954.3205364
1,69.546,1742887954.3205364
2,71.979,1742887954.3205364
3,69.88,1742887954.3205364
4,70.682,1742887954.3205364
5,69.811,1742887954.3205364
6,68.646,1742887954.3205364
7,72.019,1742887954.3205364
0,116.836,1742887954.4206648
1,69.573,1742887954.4206648
2,71.979,1742887954.4206648
3,69.89,1742887954.4206648
4,70.659,1742887954.4206648
5,69.818,1742887954.4206648
6,68.633,1742887954.4206648
7,72.014,1742887954.4206648
0,116.83,1742887954.5207815
1,69.56,1742887954.5207815
2,71.972,1742887954.5207815
3,69.89,1742887954.5207815
4,70.673,1742887954.5207815
5,69.792,1742887954.5207815
6,68.613,1742887954.5207815
7,72.02,1742887954.5207815
0,116.857,1742887954.6209106
1,69.574,1742887954.6209106
2,71.953,1742887954.6209106
3,69.885,1742887954.6209106
4,70.675,1742887954.6209106
5,69.804,1742887954.6209106
6,68.62,1742887954.6209106
7,72.008,1742887954.6209106
0,116.843,1742887954.7210166
1,69.554,1742887954.7210166
2,71.953,1742887954.7210166
3,69.863,1742887954.7210166
4,70.676,1742887954.7210166
5,69.804,1742887954.7210166
6,68.62,1742887954.7210166
7,72.004,1742887954.7210166
0,116.85,1742887954.8211515
1,69.554,1742887954.8211515
2,71.946,1742887954.8211515
3,69.863,1742887954.8211515
4,70.661,1742887954.8211515
5,69.84,1742887954.8211515
6,68.64,1742887954.8211515
7,71.989,1742887954.8211515
0,116.843,1742887954.9212906
1,69.527,1742887954.9212906
2,71.94,1742887954.9212906
3,69.863,1742887954.9212906
4,70.64,1742887954.9212906
5,69.839,1742887954.9212906
6,68.646,1742887954.9212906
7,72.003,1742887954.9212906
0,116.837,1742887955.021431
1,69.548,1742887955.021431
2,71.934,1742887955.021431
3,69.863,1742887955.021431
4,70.633,1742887955.021431
5,69.823,1742887955.021431
6,68.633,1742887955.021431
7,72.01,1742887955.021431
0,116.836,1742887955.1215744
1,69.538,1742887955.1215744
2,71.934,1742887955.1215744
3,69.884,1742887955.1215744
4,70.634,1742887955.1215744
5,69.827,1742887955.1215744
6,68.614,1742887955.1215744
7,72.017,1742887955.1215744
0,116.836,1742887955.2217302
1,69.555,1742887955.2217302
2,71.933,1742887955.2217302
3,69.897,1742887955.2217302
4,70.63,1742887955.2217302
5,69.784,1742887955.2217302
6,68.606,1742887955.2217302
7,72.013,1742887955.2217302
0,116.831,1742887955.3218863
1,69.525,1742887955.3218863
2,71.939,1742887955.3218863
3,69.901,1742887955.3218863
4,70.651,1742887955.3218863
5,69.812,1742887955.3218863
6,68.594,1742887955.3218863
7,72.013,1742887955.3218863
0,116.829,1742887955.422013
1,69.527,1742887955.422013
2,71.934,1742887955.422013
3,69.897,1742887955.422013
4,70.638,1742887955.422013
5,69.824,1742887955.422013
6,68.599,1742887955.422013
7,71.993,1742887955.422013
0,116.825,1742887955.522157
1,69.511,1742887955.522157
2,71.946,1742887955.522157
3,69.887,1742887955.522157
4,70.617,1742887955.522157
5,69.832,1742887955.522157
6,68.594,1742887955.522157
7,71.991,1742887955.522157
0,116.831,1742887955.6222918
1,69.524,1742887955.6222918
2,71.953,1742887955.6222918
3,69.888,1742887955.6222918
4,70.638,1742887955.6222918
5,69.832,1742887955.6222918
6,68.606,1742887955.6222918
7,71.991,1742887955.6222918
0,116.831,1742887955.7224314
1,69.533,1742887955.7224314
2,71.946,1742887955.7224314
3,69.922,1742887955.7224314
4,70.632,1742887955.7224314
5,69.792,1742887955.7224314
6,68.593,1742887955.7224314
7,71.992,1742887955.7224314
0,116.844,1742887955.8225756
1,69.554,1742887955.8225756
2,71.947,1742887955.8225756
3,69.901,1742887955.8225756
4,70.648,1742887955.8225756
5,69.805,1742887955.8225756
6,68.58,1742887955.8225756
7,71.997,1742887955.8225756
0,116.844,1742887955.9227178
1,69.534,1742887955.9227178
2,71.96,1742887955.9227178
3,69.915,1742887955.9227178
4,70.677,1742887955.9227178
5,69.786,1742887955.9227178
6,68.575,1742887955.9227178
7,72.002,1742887955.9227178
0,116.862,1742887956.0228498
1,69.547,1742887956.0228498
2,71.98,1742887956.0228498
3,69.923,1742887956.0228498
4,70.691,1742887956.0228498
5,69.83,1742887956.0228498
6,68.581,1742887956.0228498
7,72.008,1742887956.0228498
0,116.87,1742887956.1229887
1,69.537,1742887956.1229887
2,71.979,1742887956.1229887
3,69.91,1742887956.1229887
4,70.71,1742887956.1229887
5,69.836,1742887956.1229887
6,68.593,1742887956.1229887
7,72.003,1742887956.1229887
0,116.87,1742887956.2231278
1,69.537,1742887956.2231278
2,71.993,1742887956.2231278
3,69.893,1742887956.2231278
4,70.692,1742887956.2231278
5,69.87,1742887956.2231278
6,68.594,1742887956.2231278
7,72.0,1742887956.2231278
0,116.849,1742887956.3232634
1,69.547,1742887956.3232634
2,71.987,1742887956.3232634
3,69.892,1742887956.3232634
4,70.661,1742887956.3232634
5,69.878,1742887956.3232634
6,68.606,1742887956.3232634
7,72.0,1742887956.3232634
0,116.863,1742887956.4234023
1,69.558,1742887956.4234023
2,71.98,1742887956.4234023
3,69.892,1742887956.4234023
4,70.683,1742887956.4234023
5,69.843,1742887956.4234023
6,68.601,1742887956.4234023
7,72.006,1742887956.4234023
0,116.848,1742887956.5235417
1,69.552,1742887956.5235417
2,71.986,1742887956.5235417
3,69.899,1742887956.5235417
4,70.694,1742887956.5235417
5,69.841,1742887956.5235417
6,68.613,1742887956.5235417
7,72.022,1742887956.5235417
0,116.834,1742887956.6236672
1,69.538,1742887956.6236672
2,72.007,1742887956.6236672
3,69.896,1742887956.6236672
4,70.705,1742887956.6236672
5,69.825,1742887956.6236672
6,68.613,1742887956.6236672
7,72.029,1742887956.6236672
0,116.827,1742887956.7238078
1,69.532,1742887956.7238078
2,72.019,1742887956.7238078
3,69.883,1742887956.7238078
4,70.703,1742887956.7238078
5,69.867,1742887956.7238078
6,68.621,1742887956.7238078
7,72.026,1742887956.7238078
0,116.814,1742887956.8239477
1,69.532,1742887956.8239477
2,72.018,1742887956.8239477
3,69.871,1742887956.8239477
4,70.694,1742887956.8239477
5,69.849,1742887956.8239477
6,68.627,1742887956.8239477
7,72.036,1742887956.8239477
0,116.808,1742887956.92408
1,69.526,1742887956.92408
2,72.019,1742887956.92408
3,69.857,1742887956.92408
4,70.665,1742887956.92408
5,69.848,1742887956.92408
6,68.623,1742887956.92408
7,72.014,1742887956.92408
0,116.801,1742887957.0241888
1,69.526,1742887957.0241888
2,72.006,1742887957.0241888
3,69.846,1742887957.0241888
4,70.652,1742887957.0241888
5,69.835,1742887957.0241888
6,68.616,1742887957.0241888
7,72.028,1742887957.0241888
0,116.803,1742887957.124333
1,69.514,1742887957.124333
2,72.006,1742887957.124333
3,69.838,1742887957.124333
4,70.661,1742887957.124333
5,69.788,1742887957.124333
6,68.603,1742887957.124333
7,72.035,1742887957.124333
0,116.808,1742887957.2244623
1,69.515,1742887957.2244623
2,72.006,1742887957.2244623
3,69.853,1742887957.2244623
4,70.662,1742887957.2244623
5,69.801,1742887957.2244623
6,68.583,1742887957.2244623
7,72.045,1742887957.2244623
0,116.801,1742887957.324597
1,69.493,1742887957.324597
2,72.018,1742887957.324597
3,69.846,1742887957.324597
4,70.687,1742887957.324597
5,69.779,1742887957.324597
6,68.584,1742887957.324597
7,72.061,1742887957.324597
0,116.802,1742887957.4247403
1,69.494,1742887957.4247403
2,72.031,1742887957.4247403
3,69.861,1742887957.4247403
4,70.67,1742887957.4247403
5,69.812,1742887957.4247403
6,68.59,1742887957.4247403
7,72.051,1742887957.4247403
0,116.817,1742887957.5248563
1,69.493,1742887957.5248563
2,72.039,1742887957.5248563
3,69.859,1742887957.5248563
4,70.639,1742887957.5248563
5,69.819,1742887957.5248563
6,68.578,1742887957.5248563
7,72.029,1742887957.5248563
0,116.811,1742887957.6249778
1,69.514,1742887957.6249778
2,72.032,1742887957.6249778
3,69.868,1742887957.6249778
4,70.639,1742887957.6249778
5,69.82,1742887957.6249778
6,68.578,1742887957.6249778
7,72.032,1742887957.6249778
0,116.804,1742887957.7251282
1,69.521,1742887957.7251282
2,72.032,1742887957.7251282
3,69.87,1742887957.7251282
4,70.639,1742887957.7251282
5,69.805,1742887957.7251282
6,68.589,1742887957.7251282
7,72.029,1742887957.7251282
0,116.804,1742887957.825271
1,69.528,1742887957.825271
2,72.046,1742887957.825271
3,69.88,1742887957.825271
4,70.637,1742887957.825271
5,69.786,1742887957.825271
6,68.576,1742887957.825271
7,72.029,1742887957.825271
0,116.804,1742887957.9254067
1,69.534,1742887957.9254067
2,72.05,1742887957.9254067
3,69.884,1742887957.9254067
4,70.638,1742887957.9254067
5,69.802,1742887957.9254067
6,68.576,1742887957.9254067
7,72.042,1742887957.9254067
0,116.817,1742887958.0255375
1,69.534,1742887958.0255375
2,72.043,1742887958.0255375
3,69.887,1742887958.0255375
4,70.651,1742887958.0255375
5,69.793,1742887958.0255375
6,68.587,1742887958.0255375
7,72.044,1742887958.0255375
0,116.824,1742887958.125671
1,69.545,1742887958.125671
2,72.064,1742887958.125671
3,69.885,1742887958.125671
4,70.663,1742887958.125671
5,69.85,1742887958.125671
6,68.588,1742887958.125671
7,72.021,1742887958.125671
0,116.843,1742887958.2258127
1,69.568,1742887958.2258127
2,72.071,1742887958.2258127
3,69.871,1742887958.2258127
4,70.674,1742887958.2258127
5,69.829,1742887958.2258127
6,68.601,1742887958.2258127
7,72.01,1742887958.2258127
0,116.863,1742887958.3259203
1,69.547,1742887958.3259203
2,72.063,1742887958.3259203
3,69.879,1742887958.3259203
4,70.668,1742887958.3259203
5,69.829,1742887958.3259203
6,68.608,1742887958.3259203
7,72.007,1742887958.3259203
0,116.869,1742887958.4260702
1,69.569,1742887958.4260702
2,72.069,1742887958.4260702
3,69.873,1742887958.4260702
4,70.664,1742887958.4260702
5,69.811,1742887958.4260702
6,68.62,1742887958.4260702
7,72.016,1742887958.4260702
0,116.869,1742887958.5262113
1,69.554,1742887958.5262113
2,72.058,1742887958.5262113
3,69.86,1742887958.5262113
4,70.659,1742887958.5262113
5,69.824,1742887958.5262113
6,68.608,1742887958.5262113
7,72.023,1742887958.5262113
0,116.881,1742887958.6263518
1,69.575,1742887958.6263518
2,72.064,1742887958.6263518
3,69.871,1742887958.6263518
4,70.672,1742887958.6263518
5,69.79,1742887958.6263518
6,68.6,1742887958.6263518
7,72.016,1742887958.6263518
0,116.894,1742887958.7264855
1,69.561,1742887958.7264855
2,72.057,1742887958.7264855
3,69.882,1742887958.7264855
4,70.684,1742887958.7264855
5,69.824,1742887958.7264855
6,68.601,1742887958.7264855
7,72.02,1742887958.7264855
0,116.901,1742887958.8266118
1,69.562,1742887958.8266118
2,72.063,1742887958.8266118
3,69.886,1742887958.8266118
4,70.689,1742887958.8266118
5,69.832,1742887958.8266118
6,68.614,1742887958.8266118
7,72.016,1742887958.8266118
0,116.894,1742887958.9267123
1,69.549,1742887958.9267123
2,72.069,1742887958.9267123
3,69.89,1742887958.9267123
4,70.706,1742887958.9267123
5,69.853,1742887958.9267123
6,68.614,1742887958.9267123
7,72.016,1742887958.9267123
0,116.889,1742887959.026831
1,69.555,1742887959.026831
2,72.063,1742887959.026831
3,69.9,1742887959.026831
4,70.7,1742887959.026831
5,69.833,1742887959.026831
6,68.621,1742887959.026831
7,71.994,1742887959.026831
0,116.883,1742887959.12697
1,69.545,1742887959.12697
2,72.069,1742887959.12697
3,69.886,1742887959.12697
4,70.699,1742887959.12697
5,69.822,1742887959.12697
6,68.639,1742887959.12697
7,72.016,1742887959.12697
0,116.868,1742887959.2271063
1,69.541,1742887959.2271063
2,72.061,1742887959.2271063
3,69.898,1742887959.2271063
4,70.686,1742887959.2271063
5,69.827,1742887959.2271063
6,68.639,1742887959.2271063
7,72.01,1742887959.2271063
0,116.848,1742887959.3272474
1,69.545,1742887959.3272474
2,72.063,1742887959.3272474
3,69.9,1742887959.3272474
4,70.684,1742887959.3272474
5,69.814,1742887959.3272474
6,68.639,1742887959.3272474
7,72.017,1742887959.3272474
0,116.836,1742887959.4273722
1,69.545,1742887959.4273722
2,72.055,1742887959.4273722
3,69.91,1742887959.4273722
4,70.689,1742887959.4273722
5,69.847,1742887959.4273722
6,68.626,1742887959.4273722
7,72.015,1742887959.4273722
0,116.834,1742887959.5275052
1,69.539,1742887959.5275052
2,72.068,1742887959.5275052
3,69.906,1742887959.5275052
4,70.717,1742887959.5275052
5,69.833,1742887959.5275052
6,68.639,1742887959.5275052
7,72.017,1742887959.5275052
0,116.826,1742887959.627633
1,69.531,1742887959.627633
2,72.054,1742887959.627633
3,69.902,1742887959.627633
4,70.718,1742887959.627633
5,69.855,1742887959.627633
6,68.646,1742887959.627633
7,72.022,1742887959.627633
0,116.821,1742887959.7277524
1,69.541,1742887959.7277524
2,72.044,1742887959.7277524
3,69.892,1742887959.7277524
4,70.724,1742887959.7277524
5,69.834,1742887959.7277524
6,68.645,1742887959.7277524
7,72.018,1742887959.7277524
0,116.84,1742887959.8278773
1,69.533,1742887959.8278773
2,72.049,1742887959.8278773
3,69.902,1742887959.8278773
4,70.722,1742887959.8278773
5,69.837,1742887959.8278773
6,68.639,1742887959.8278773
7,72.027,1742887959.8278773
0,116.84,1742887959.927972
1,69.538,1742887959.927972
2,72.03,1742887959.927972
3,69.89,1742887959.927972
4,70.726,1742887959.927972
5,69.816,1742887959.927972
6,68.632,1742887959.927972
7,72.023,1742887959.927972
0,116.844,1742887960.0280676
1,69.525,1742887960.0280676
2,72.037,1742887960.0280676
3,69.888,1742887960.0280676
4,70.718,1742887960.0280676
5,69.798,1742887960.0280676
6,68.625,1742887960.0280676
7,72.023,1742887960.0280676
0,116.844,1742887960.1282182
1,69.52,1742887960.1282182
2,72.018,1742887960.1282182
3,69.908,1742887960.1282182
4,70.7,1742887960.1282182
5,69.815,1742887960.1282182
6,68.62,1742887960.1282182
7,72.023,1742887960.1282182
0,116.859,1742887960.228354
1,69.514,1742887960.228354
2,72.024,1742887960.228354
3,69.903,1742887960.228354
4,70.697,1742887960.228354
5,69.805,1742887960.228354
6,68.619,1742887960.228354
7,72.023,1742887960.228354
0,116.872,1742887960.3284879
1,69.514,1742887960.3284879
2,72.018,1742887960.3284879
3,69.888,1742887960.3284879
4,70.705,1742887960.3284879
5,69.813,1742887960.3284879
6,68.62,1742887960.3284879
7,72.016,1742887960.3284879
0,116.872,1742887960.4285953
1,69.519,1742887960.4285953
2,72.024,1742887960.4285953
3,69.896,1742887960.4285953
4,70.711,1742887960.4285953
5,69.798,1742887960.4285953
6,68.619,1742887960.4285953
7,72.002,1742887960.4285953
0,116.872,1742887960.5287125
1,69.533,1742887960.5287125
2,72.004,1742887960.5287125
3,69.892,1742887960.5287125
4,70.686,1742887960.5287125
5,69.807,1742887960.5287125
6,68.633,1742887960.5287125
7,72.007,1742887960.5287125
0,116.858,1742887960.6288302
1,69.533,1742887960.6288302
2,72.005,1742887960.6288302
3,69.9,1742887960.6288302
4,70.677,1742887960.6288302
5,69.819,1742887960.6288302
6,68.645,1742887960.6288302
7,72.003,1742887960.6288302
0,116.839,1742887960.7289226
1,69.531,1742887960.7289226
2,72.005,1742887960.7289226
3,69.898,1742887960.7289226
4,70.681,1742887960.7289226
5,69.796,1742887960.7289226
6,68.646,1742887960.7289226
7,72.0,1742887960.7289226
0,116.821,1742887960.829002
1,69.512,1742887960.829002
2,71.993,1742887960.829002
3,69.892,1742887960.829002
4,70.662,1742887960.829002
5,69.833,1742887960.829002
6,68.646,1742887960.829002
7,71.997,1742887960.829002
0,116.814,1742887960.9291432
1,69.528,1742887960.9291432
2,71.993,1742887960.9291432
3,69.893,1742887960.9291432
4,70.65,1742887960.9291432
5,69.816,1742887960.9291432
6,68.646,1742887960.9291432
7,71.982,1742887960.9291432
0,116.821,1742887961.0292616
1,69.513,1742887961.0292616
2,71.98,1742887961.0292616
3,69.882,1742887961.0292616
4,70.657,1742887961.0292616
5,69.829,1742887961.0292616
6,68.646,1742887961.0292616
7,71.977,1742887961.0292616
0,116.821,1742887961.1293645
1,69.512,1742887961.1293645
2,71.98,1742887961.1293645
3,69.869,1742887961.1293645
4,70.642,1742887961.1293645
5,69.818,1742887961.1293645
6,68.654,1742887961.1293645
7,71.982,1742887961.1293645
0,116.808,1742887961.229477
1,69.518,1742887961.229477
2,71.987,1742887961.229477
3,69.871,1742887961.229477
4,70.646,1742887961.229477
5,69.814,1742887961.229477
6,68.641,1742887961.229477
7,71.989,1742887961.229477
0,116.808,1742887961.329556
1,69.525,1742887961.329556
2,71.973,1742887961.329556
3,69.889,1742887961.329556
4,70.64,1742887961.329556
5,69.816,1742887961.329556
6,68.648,1742887961.329556
7,71.995,1742887961.329556
0,116.822,1742887961.429631
1,69.494,1742887961.429631
2,71.961,1742887961.429631
3,69.885,1742887961.429631
4,70.627,1742887961.429631
5,69.804,1742887961.429631
6,68.653,1742887961.429631
7,71.998,1742887961.429631
0,116.836,1742887961.5297089
1,69.499,1742887961.5297089
2,71.954,1742887961.5297089
3,69.893,1742887961.5297089
4,70.617,1742887961.5297089
5,69.813,1742887961.5297089
6,68.66,1742887961.5297089
7,71.982,1742887961.5297089
0,116.836,1742887961.6297824
1,69.498,1742887961.6297824
2,71.967,1742887961.6297824
3,69.885,1742887961.6297824
4,70.611,1742887961.6297824
5,69.792,1742887961.6297824
6,68.66,1742887961.6297824
7,71.982,1742887961.6297824
0,116.843,1742887961.7299128
1,69.492,1742887961.7299128
2,71.986,1742887961.7299128
3,69.873,1742887961.7299128
4,70.624,1742887961.7299128
5,69.821,1742887961.7299128
6,68.653,1742887961.7299128
7,71.984,1742887961.7299128
0,116.848,1742887961.8300486
1,69.512,1742887961.8300486
2,71.98,1742887961.8300486
3,69.865,1742887961.8300486
4,70.616,1742887961.8300486
5,69.814,1742887961.8300486
6,68.647,1742887961.8300486
7,71.984,1742887961.8300486
0,116.848,1742887961.9301894
1,69.518,1742887961.9301894
2,71.973,1742887961.9301894
3,69.87,1742887961.9301894
4,70.63,1742887961.9301894
5,69.812,1742887961.9301894
6,68.647,1742887961.9301894
7,71.976,1742887961.9301894
0,116.83,1742887962.0303214
1,69.513,1742887962.0303214
2,71.967,1742887962.0303214
3,69.866,1742887962.0303214
4,70.638,1742887962.0303214
5,69.846,1742887962.0303214
6,68.627,1742887962.0303214
7,71.984,1742887962.0303214
0,116.836,1742887962.1304696
1,69.542,1742887962.1304696
2,71.967,1742887962.1304696
3,69.887,1742887962.1304696
4,70.641,1742887962.1304696
5,69.828,1742887962.1304696
6,68.626,1742887962.1304696
7,72.003,1742887962.1304696
0,116.825,1742887962.2307186
1,69.514,1742887962.2307186
2,71.986,1742887962.2307186
3,69.878,1742887962.2307186
4,70.645,1742887962.2307186
5,69.863,1742887962.2307186
6,68.639,1742887962.2307186
7,71.996,1742887962.2307186
0,116.844,1742887962.3308542
1,69.515,1742887962.3308542
2,71.999,1742887962.3308542
3,69.889,1742887962.3308542
4,70.651,1742887962.3308542
5,69.842,1742887962.3308542
6,68.645,1742887962.3308542
7,71.984,1742887962.3308542
0,116.845,1742887962.4310386
1,69.507,1742887962.4310386
2,72.012,1742887962.4310386
3,69.89,1742887962.4310386
4,70.677,1742887962.4310386
5,69.855,1742887962.4310386
6,68.665,1742887962.4310386
7,71.984,1742887962.4310386
0,116.858,1742887962.5311766
1,69.52,1742887962.5311766
2,72.026,1742887962.5311766
3,69.874,1742887962.5311766
4,70.675,1742887962.5311766
5,69.851,1742887962.5311766
6,68.658,1742887962.5311766
7,71.982,1742887962.5311766
0,116.858,1742887962.6313107
1,69.513,1742887962.6313107
2,72.005,1742887962.6313107
3,69.864,1742887962.6313107
4,70.682,1742887962.6313107
5,69.851,1742887962.6313107
6,68.652,1742887962.6313107
7,71.997,1742887962.6313107
0,116.871,1742887962.731446
1,69.52,1742887962.731446
2,71.998,1742887962.731446
3,69.886,1742887962.731446
4,70.684,1742887962.731446
5,69.844,1742887962.731446
6,68.632,1742887962.731446
7,71.981,1742887962.731446
0,116.864,1742887962.8315852
1,69.51,1742887962.8315852
2,72.011,1742887962.8315852
3,69.88,1742887962.8315852
4,70.699,1742887962.8315852
5,69.826,1742887962.8315852
6,68.632,1742887962.8315852
7,71.996,1742887962.8315852
0,116.877,1742887962.9317148
1,69.511,1742887962.9317148
2,72.018,1742887962.9317148
3,69.89,1742887962.9317148
4,70.714,1742887962.9317148
5,69.825,1742887962.9317148
6,68.633,1742887962.9317148
7,71.981,1742887962.9317148
0,116.878,1742887963.0318224
1,69.511,1742887963.0318224
2,72.024,1742887963.0318224
3,69.91,1742887963.0318224
4,70.706,1742887963.0318224
5,69.815,1742887963.0318224
6,68.652,1742887963.0318224
7,71.996,1742887963.0318224
0,116.872,1742887963.1319048
1,69.505,1742887963.1319048
2,72.024,1742887963.1319048
3,69.884,1742887963.1319048
4,70.703,1742887963.1319048
5,69.855,1742887963.1319048
6,68.665,1742887963.1319048
7,71.981,1742887963.1319048
0,116.858,1742887963.2320168
1,69.512,1742887963.2320168
2,72.024,1742887963.2320168
3,69.88,1742887963.2320168
4,70.694,1742887963.2320168
5,69.837,1742887963.2320168
6,68.672,1742887963.2320168
7,71.989,1742887963.2320168
0,116.85,1742887963.3321526
1,69.522,1742887963.3321526
2,72.011,1742887963.3321526
3,69.889,1742887963.3321526
4,70.713,1742887963.3321526
5,69.845,1742887963.3321526
6,68.659,1742887963.3321526
7,71.994,1742887963.3321526
0,116.844,1742887963.4322894
1,69.528,1742887963.4322894
2,71.998,1742887963.4322894
3,69.898,1742887963.4322894
4,70.711,1742887963.4322894
5,69.835,1742887963.4322894
6,68.626,1742887963.4322894
7,72.003,1742887963.4322894
0,116.85,1742887963.5324273
1,69.516,1742887963.5324273
2,71.978,1742887963.5324273
3,69.889,1742887963.5324273
4,70.701,1742887963.5324273
5,69.809,1742887963.5324273
6,68.615,1742887963.5324273
7,72.01,1742887963.5324273
0,116.837,1742887963.6325655
1,69.53,1742887963.6325655
2,71.985,1742887963.6325655
3,69.89,1742887963.6325655
4,70.686,1742887963.6325655
5,69.814,1742887963.6325655
6,68.62,1742887963.6325655
7,72.008,1742887963.6325655
0,116.837,1742887963.7326994
1,69.512,1742887963.7326994
2,71.985,1742887963.7326994
3,69.889,1742887963.7326994
4,70.678,1742887963.7326994
5,69.807,1742887963.7326994
6,68.614,1742887963.7326994
7,72.022,1742887963.7326994
0,116.844,1742887963.8328354
1,69.527,1742887963.8328354
2,71.985,1742887963.8328354
3,69.903,1742887963.8328354
4,70.661,1742887963.8328354
5,69.84,1742887963.8328354
6,68.633,1742887963.8328354
7,72.026,1742887963.8328354
0,116.848,1742887963.9329693
1,69.499,1742887963.9329693
2,71.999,1742887963.9329693
3,69.877,1742887963.9329693
4,70.641,1742887963.9329693
5,69.833,1742887963.9329693
6,68.64,1742887963.9329693
7,72.032,1742887963.9329693
0,116.855,1742887964.0331168
1,69.533,1742887964.0331168
2,71.992,1742887964.0331168
3,69.868,1742887964.0331168
4,70.65,1742887964.0331168
5,69.808,1742887964.0331168
6,68.62,1742887964.0331168
7,72.023,1742887964.0331168
0,116.868,1742887964.1332839
1,69.523,1742887964.1332839
2,71.992,1742887964.1332839
3,69.892,1742887964.1332839
4,70.645,1742887964.1332839
5,69.794,1742887964.1332839
6,68.607,1742887964.1332839
7,72.037,1742887964.1332839
0,116.861,1742887964.23342
1,69.517,1742887964.23342
2,71.992,1742887964.23342
3,69.891,1742887964.23342
4,70.637,1742887964.23342
5,69.781,1742887964.23342
6,68.576,1742887964.23342
7,72.043,1742887964.23342
0,116.875,1742887964.3335543
1,69.492,1742887964.3335543
2,71.992,1742887964.3335543
3,69.896,1742887964.3335543
4,70.622,1742887964.3335543
5,69.791,1742887964.3335543
6,68.58,1742887964.3335543
7,72.043,1742887964.3335543
0,116.855,1742887964.433723
1,69.497,1742887964.433723
2,71.999,1742887964.433723
3,69.896,1742887964.433723
4,70.628,1742887964.433723
5,69.792,1742887964.433723
6,68.575,1742887964.433723
7,72.031,1742887964.433723
0,116.841,1742887964.5338616
1,69.493,1742887964.5338616
2,72.011,1742887964.5338616
3,69.894,1742887964.5338616
4,70.628,1742887964.5338616
5,69.832,1742887964.5338616
6,68.58,1742887964.5338616
7,72.013,1742887964.5338616
0,116.83,1742887964.6340039
1,69.504,1742887964.6340039
2,72.03,1742887964.6340039
3,69.881,1742887964.6340039
4,70.622,1742887964.6340039
5,69.823,1742887964.6340039
6,68.594,1742887964.6340039
7,72.011,1742887964.6340039
0,116.83,1742887964.7341394
1,69.51,1742887964.7341394
2,72.03,1742887964.7341394
3,69.861,1742887964.7341394
4,70.647,1742887964.7341394
5,69.831,1742887964.7341394
6,68.594,1742887964.7341394
7,72.009,1742887964.7341394
0,116.801,1742887964.834279
1,69.517,1742887964.834279
2,72.03,1742887964.834279
3,69.882,1742887964.834279
4,70.653,1742887964.834279
5,69.806,1742887964.834279
6,68.587,1742887964.834279
7,72.02,1742887964.834279
0,116.81,1742887964.9344795
1,69.5,1742887964.9344795
2,72.024,1742887964.9344795
3,69.869,1742887964.9344795
4,70.673,1742887964.9344795
5,69.79,1742887964.9344795
6,68.574,1742887964.9344795
7,72.009,1742887964.9344795
0,116.79,1742887965.0346124
1,69.519,1742887965.0346124
2,72.024,1742887965.0346124
3,69.894,1742887965.0346124
4,70.671,1742887965.0346124
5,69.805,1742887965.0346124
6,68.575,1742887965.0346124
7,72.006,1742887965.0346124
0,116.803,1742887965.1347501
1,69.508,1742887965.1347501
2,72.029,1742887965.1347501
3,69.903,1742887965.1347501
4,70.665,1742887965.1347501
5,69.805,1742887965.1347501
6,68.581,1742887965.1347501
7,71.988,1742887965.1347501
0,116.79,1742887965.2348819
1,69.542,1742887965.2348819
2,72.037,1742887965.2348819
3,69.89,1742887965.2348819
4,70.671,1742887965.2348819
5,69.847,1742887965.2348819
6,68.6,1742887965.2348819
7,71.988,1742887965.2348819
0,116.809,1742887965.3350163
1,69.527,1742887965.3350163
2,72.044,1742887965.3350163
3,69.874,1742887965.3350163
4,70.689,1742887965.3350163
5,69.84,1742887965.3350163
6,68.595,1742887965.3350163
7,71.981,1742887965.3350163
0,116.817,1742887965.43521
1,69.548,1742887965.43521
2,72.03,1742887965.43521
3,69.879,1742887965.43521
4,70.695,1742887965.43521
5,69.801,1742887965.43521
6,68.6,1742887965.43521
7,71.994,1742887965.43521
0,116.835,1742887965.5353916
1,69.513,1742887965.5353916
2,72.037,1742887965.5353916
3,69.87,1742887965.5353916
4,70.701,1742887965.5353916
5,69.799,1742887965.5353916
6,68.589,1742887965.5353916
7,72.014,1742887965.5353916
0,116.845,1742887965.6355247
1,69.547,1742887965.6355247
2,72.03,1742887965.6355247
3,69.892,1742887965.6355247
4,70.716,1742887965.6355247
5,69.778,1742887965.6355247
6,68.583,1742887965.6355247
7,72.014,1742887965.6355247
0,116.872,1742887965.735612
1,69.513,1742887965.735612
2,72.004,1742887965.735612
3,69.909,1742887965.735612
4,70.692,1742887965.735612
5,69.818,1742887965.735612
6,68.59,1742887965.735612
7,72.003,1742887965.735612
0,116.872,1742887965.8357205
1,69.526,1742887965.8357205
2,72.018,1742887965.8357205
3,69.899,1742887965.8357205
4,70.714,1742887965.8357205
5,69.825,1742887965.8357205
6,68.591,1742887965.8357205
7,71.983,1742887965.8357205
0,116.885,1742887965.9358132
1,69.492,1742887965.9358132
2,72.024,1742887965.9358132
3,69.89,1742887965.9358132
4,70.71,1742887965.9358132
5,69.849,1742887965.9358132
6,68.583,1742887965.9358132
7,71.978,1742887965.9358132
0,116.885,1742887966.035912
1,69.526,1742887966.035912
2,72.012,1742887966.035912
3,69.885,1742887966.035912
4,70.73,1742887966.035912
5,69.828,1742887966.035912
6,68.583,1742887966.035912
7,71.985,1742887966.035912
0,116.878,1742887966.1359982
1,69.523,1742887966.1359982
2,72.011,1742887966.1359982
3,69.871,1742887966.1359982
4,70.723,1742887966.1359982
5,69.815,1742887966.1359982
6,68.569,1742887966.1359982
7,72.003,1742887966.1359982
0,116.878,1742887966.236129
1,69.533,1742887966.236129
2,72.011,1742887966.236129
3,69.87,1742887966.236129
4,70.729,1742887966.236129
5,69.787,1742887966.236129
6,68.583,1742887966.236129
7,71.986,1742887966.236129
0,116.878,1742887966.3362665
1,69.506,1742887966.3362665
2,71.999,1742887966.3362665
3,69.897,1742887966.3362665
4,70.717,1742887966.3362665
5,69.781,1742887966.3362665
6,68.583,1742887966.3362665
7,71.991,1742887966.3362665
0,116.866,1742887966.4363866
1,69.534,1742887966.4363866
2,71.992,1742887966.4363866
3,69.878,1742887966.4363866
4,70.711,1742887966.4363866
5,69.826,1742887966.4363866
6,68.59,1742887966.4363866
7,71.98,1742887966.4363866
0,116.878,1742887966.5365214
1,69.5,1742887966.5365214
2,71.998,1742887966.5365214
3,69.894,1742887966.5365214
4,70.703,1742887966.5365214
5,69.835,1742887966.5365214
6,68.608,1742887966.5365214
7,71.979,1742887966.5365214
0,116.857,1742887966.6368287
1,69.514,1742887966.6368287
2,71.992,1742887966.6368287
3,69.884,1742887966.6368287
4,70.686,1742887966.6368287
5,69.85,1742887966.6368287
6,68.6,1742887966.6368287
7,71.965,1742887966.6368287
0,116.869,1742887966.736965
1,69.493,1742887966.736965
2,71.972,1742887966.736965
3,69.885,1742887966.736965
4,70.67,1742887966.736965
5,69.818,1742887966.736965
6,68.593,1742887966.736965
7,71.971,1742887966.736965
0,116.863,1742887966.8371072
1,69.535,1742887966.8371072
2,71.966,1742887966.8371072
3,69.884,1742887966.8371072
4,70.659,1742887966.8371072
5,69.784,1742887966.8371072
6,68.58,1742887966.8371072
7,71.991,1742887966.8371072
0,116.869,1742887966.93721
1,69.507,1742887966.93721
2,71.959,1742887966.93721
3,69.894,1742887966.93721
4,70.665,1742887966.93721
5,69.784,1742887966.93721
6,68.575,1742887966.93721
7,71.99,1742887966.93721
0,116.863,1742887967.0373542
1,69.534,1742887967.0373542
2,71.953,1742887967.0373542
3,69.88,1742887967.0373542
4,70.665,1742887967.0373542
5,69.796,1742887967.0373542
6,68.581,1742887967.0373542
7,71.99,1742887967.0373542
0,116.869,1742887967.1375053
1,69.504,1742887967.1375053
2,71.953,1742887967.1375053
3,69.894,1742887967.1375053
4,70.658,1742887967.1375053
5,69.797,1742887967.1375053
6,68.594,1742887967.1375053
7,71.984,1742887967.1375053
0,116.863,1742887967.2376497
1,69.503,1742887967.2376497
2,71.952,1742887967.2376497
3,69.897,1742887967.2376497
4,70.638,1742887967.2376497
5,69.852,1742887967.2376497
6,68.587,1742887967.2376497
7,71.983,1742887967.2376497
0,116.857,1742887967.3377802
1,69.516,1742887967.3377802
2,71.96,1742887967.3377802
3,69.882,1742887967.3377802
4,70.619,1742887967.3377802
5,69.839,1742887967.3377802
6,68.594,1742887967.3377802
7,71.99,1742887967.3377802
0,116.824,1742887967.4378977
1,69.523,1742887967.4378977
2,71.96,1742887967.4378977
3,69.878,1742887967.4378977
4,70.607,1742887967.4378977
5,69.851,1742887967.4378977
6,68.582,1742887967.4378977
7,71.989,1742887967.4378977
0,116.822,1742887967.538047
1,69.548,1742887967.538047
2,71.946,1742887967.538047
3,69.878,1742887967.538047
4,70.613,1742887967.538047
5,69.837,1742887967.538047
6,68.58,1742887967.538047
7,72.003,1742887967.538047
0,116.815,1742887967.6381898
1,69.565,1742887967.6381898
2,71.939,1742887967.6381898
3,69.869,1742887967.6381898
4,70.606,1742887967.6381898
5,69.813,1742887967.6381898
6,68.561,1742887967.6381898
7,71.996,1742887967.6381898
0,116.808,1742887967.7383304
1,69.546,1742887967.7383304
2,71.946,1742887967.7383304
3,69.87,1742887967.7383304
4,70.619,1742887967.7383304
5,69.825,1742887967.7383304
6,68.575,1742887967.7383304
7,71.997,1742887967.7383304
0,116.801,1742887967.8384607
1,69.549,1742887967.8384607
2,71.946,1742887967.8384607
3,69.881,1742887967.8384607
4,70.623,1742887967.8384607
5,69.821,1742887967.8384607
6,68.595,1742887967.8384607
7,72.003,1742887967.8384607
0,116.801,1742887967.9385638
1,69.549,1742887967.9385638
2,71.966,1742887967.9385638
3,69.868,1742887967.9385638
4,70.604,1742887967.9385638
5,69.851,1742887967.9385638
6,68.594,1742887967.9385638
7,71.996,1742887967.9385638
0,116.802,1742887968.0387495
1,69.549,1742887968.0387495
2,71.98,1742887968.0387495
3,69.883,1742887968.0387495
4,70.597,1742887968.0387495
5,69.85,1742887968.0387495
6,68.593,1742887968.0387495
7,71.997,1742887968.0387495
0,116.811,1742887968.1388865
1,69.549,1742887968.1388865
2,71.96,1742887968.1388865
3,69.876,1742887968.1388865
4,70.589,1742887968.1388865
5,69.838,1742887968.1388865
6,68.594,1742887968.1388865
7,71.997,1742887968.1388865
0,116.824,1742887968.2389817
1,69.559,1742887968.2389817
2,71.967,1742887968.2389817
3,69.872,1742887968.2389817
4,70.609,1742887968.2389817
5,69.829,1742887968.2389817
6,68.6,1742887968.2389817
7,72.002,1742887968.2389817
0,116.824,1742887968.3390884
1,69.512,1742887968.3390884
2,71.954,1742887968.3390884
3,69.872,1742887968.3390884
4,70.617,1742887968.3390884
5,69.812,1742887968.3390884
6,68.588,1742887968.3390884
7,72.009,1742887968.3390884
0,116.849,1742887968.4391992
1,69.53,1742887968.4391992
2,71.974,1742887968.4391992
3,69.873,1742887968.4391992
4,70.64,1742887968.4391992
5,69.828,1742887968.4391992
6,68.587,1742887968.4391992
7,71.996,1742887968.4391992
0,116.877,1742887968.5393305
1,69.498,1742887968.5393305
2,71.974,1742887968.5393305
3,69.87,1742887968.5393305
4,70.661,1742887968.5393305
5,69.815,1742887968.5393305
6,68.594,1742887968.5393305
7,71.977,1742887968.5393305
0,116.891,1742887968.6394644
1,69.519,1742887968.6394644
2,72.006,1742887968.6394644
3,69.863,1742887968.6394644
4,70.669,1742887968.6394644
5,69.843,1742887968.6394644
6,68.62,1742887968.6394644
7,71.978,1742887968.6394644
0,116.885,1742887968.739592
1,69.492,1742887968.739592
2,72.012,1742887968.739592
3,69.85,1742887968.739592
4,70.685,1742887968.739592
5,69.816,1742887968.739592
6,68.613,1742887968.739592
7,71.97,1742887968.739592
0,116.904,1742887968.8397183
1,69.51,1742887968.8397183
2,72.013,1742887968.8397183
3,69.852,1742887968.8397183
4,70.678,1742887968.8397183
5,69.816,1742887968.8397183
6,68.62,1742887968.8397183
7,71.976,1742887968.8397183
0,116.911,1742887968.9398158
1,69.504,1742887968.9398158
2,72.011,1742887968.9398158
3,69.851,1742887968.9398158
4,70.694,1742887968.9398158
5,69.821,1742887968.9398158
6,68.626,1742887968.9398158
7,71.977,1742887968.9398158
0,116.911,1742887969.0399246
1,69.526,1742887969.0399246
2,71.999,1742887969.0399246
3,69.851,1742887969.0399246
4,70.707,1742887969.0399246
5,69.801,1742887969.0399246
6,68.626,1742887969.0399246
7,71.983,1742887969.0399246
0,116.884,1742887969.1400688
1,69.513,1742887969.1400688
2,72.013,1742887969.1400688
3,69.839,1742887969.1400688
4,70.729,1742887969.1400688
5,69.818,1742887969.1400688
6,68.613,1742887969.1400688
7,71.997,1742887969.1400688
0,116.89,1742887969.2401958
1,69.535,1742887969.2401958
2,72.019,1742887969.2401958
3,69.852,1742887969.2401958
4,70.729,1742887969.2401958
5,69.806,1742887969.2401958
6,68.619,1742887969.2401958
7,71.996,1742887969.2401958
0,116.877,1742887969.3403037
1,69.545,1742887969.3403037
2,72.024,1742887969.3403037
3,69.852,1742887969.3403037
4,70.744,1742887969.3403037
5,69.833,1742887969.3403037
6,68.612,1742887969.3403037
7,71.976,1742887969.3403037
0,116.884,1742887969.4404109
1,69.555,1742887969.4404109
2,72.033,1742887969.4404109
3,69.847,1742887969.4404109
4,70.728,1742887969.4404109
5,69.821,1742887969.4404109
6,68.619,1742887969.4404109
7,71.997,1742887969.4404109
0,116.863,1742887969.5406165
1,69.542,1742887969.5406165
2,72.019,1742887969.5406165
3,69.868,1742887969.5406165
4,70.707,1742887969.5406165
5,69.831,1742887969.5406165
6,68.62,1742887969.5406165
7,72.004,1742887969.5406165
0,116.87,1742887969.6407244
1,69.573,1742887969.6407244
2,71.999,1742887969.6407244
3,69.873,1742887969.6407244
4,70.698,1742887969.6407244
5,69.824,1742887969.6407244
6,68.6,1742887969.6407244
7,72.011,1742887969.6407244
0,116.87,1742887969.7408695
1,69.559,1742887969.7408695
2,71.986,1742887969.7408695
3,69.881,1742887969.7408695
4,70.669,1742887969.7408695
5,69.828,1742887969.7408695
6,68.594,1742887969.7408695
7,71.998,1742887969.7408695
0,116.883,1742887969.840992
1,69.569,1742887969.840992
2,71.999,1742887969.840992
3,69.894,1742887969.840992
4,70.688,1742887969.840992
5,69.82,1742887969.840992
6,68.586,1742887969.840992
7,71.984,1742887969.840992
0,116.876,1742887969.9410906
1,69.571,1742887969.9410906
2,72.006,1742887969.9410906
3,69.895,1742887969.9410906
4,70.651,1742887969.9410906
5,69.795,1742887969.9410906
6,68.581,1742887969.9410906
7,71.977,1742887969.9410906
0,116.869,1742887970.0412211
1,69.562,1742887970.0412211
2,72.011,1742887970.0412211
3,69.881,1742887970.0412211
4,70.668,1742887970.0412211
5,69.819,1742887970.0412211
6,68.573,1742887970.0412211
7,71.971,1742887970.0412211
0,116.876,1742887970.1413662
1,69.528,1742887970.1413662
2,72.011,1742887970.1413662
3,69.889,1742887970.1413662
4,70.654,1742887970.1413662
5,69.811,1742887970.1413662
6,68.587,1742887970.1413662
7,71.982,1742887970.1413662
0,116.863,1742887970.2414896
1,69.556,1742887970.2414896
2,72.011,1742887970.2414896
3,69.874,1742887970.2414896
4,70.633,1742887970.2414896
5,69.825,1742887970.2414896
6,68.594,1742887970.2414896
7,71.957,1742887970.2414896
0,116.869,1742887970.3416314
1,69.514,1742887970.3416314
2,71.998,1742887970.3416314
3,69.867,1742887970.3416314
4,70.622,1742887970.3416314
5,69.817,1742887970.3416314
6,68.601,1742887970.3416314
7,71.971,1742887970.3416314
0,116.855,1742887970.441776
1,69.542,1742887970.441776
2,71.979,1742887970.441776
3,69.876,1742887970.441776
4,70.617,1742887970.441776
5,69.812,1742887970.441776
6,68.606,1742887970.441776
7,71.964,1742887970.441776
0,116.848,1742887970.5420156
1,69.514,1742887970.5420156
2,71.991,1742887970.5420156
3,69.859,1742887970.5420156
4,70.616,1742887970.5420156
5,69.819,1742887970.5420156
6,68.606,1742887970.5420156
7,71.981,1742887970.5420156
0,116.823,1742887970.6421025
1,69.521,1742887970.6421025
2,72.004,1742887970.6421025
3,69.879,1742887970.6421025
4,70.627,1742887970.6421025
5,69.8,1742887970.6421025
6,68.607,1742887970.6421025
7,71.976,1742887970.6421025
0,116.822,1742887970.7422538
1,69.513,1742887970.7422538
2,72.017,1742887970.7422538
3,69.873,1742887970.7422538
4,70.626,1742887970.7422538
5,69.812,1742887970.7422538
6,68.613,1742887970.7422538
7,71.981,1742887970.7422538
0,116.824,1742887970.842357
1,69.534,1742887970.842357
2,72.037,1742887970.842357
3,69.857,1742887970.842357
4,70.607,1742887970.842357
5,69.819,1742887970.842357
6,68.626,1742887970.842357
7,71.99,1742887970.842357
0,116.809,1742887970.9424722
1,69.507,1742887970.9424722
2,72.03,1742887970.9424722
3,69.85,1742887970.9424722
4,70.617,1742887970.9424722
5,69.844,1742887970.9424722
6,68.613,1742887970.9424722
7,71.977,1742887970.9424722
0,116.83,1742887971.042583
1,69.507,1742887971.042583
2,72.018,1742887971.042583
3,69.849,1742887971.042583
4,70.626,1742887971.042583
5,69.84,1742887971.042583
6,68.606,1742887971.042583
7,71.982,1742887971.042583
0,116.818,1742887971.1426842
1,69.532,1742887971.1426842
2,72.012,1742887971.1426842
3,69.855,1742887971.1426842
4,70.634,1742887971.1426842
5,69.815,1742887971.1426842
6,68.626,1742887971.1426842
7,71.99,1742887971.1426842
0,116.851,1742887971.2428153
1,69.521,1742887971.2428153
2,72.01,1742887971.2428153
3,69.877,1742887971.2428153
4,70.658,1742887971.2428153
5,69.819,1742887971.2428153
6,68.632,1742887971.2428153
7,71.988,1742887971.2428153
0,116.825,1742887971.342939
1,69.532,1742887971.342939
2,72.018,1742887971.342939
3,69.884,1742887971.342939
4,70.651,1742887971.342939
5,69.789,1742887971.342939
6,68.639,1742887971.342939
7,71.99,1742887971.342939
0,116.844,1742887971.4430916
1,69.528,1742887971.4430916
2,72.03,1742887971.4430916
3,69.887,1742887971.4430916
4,70.644,1742887971.4430916
5,69.805,1742887971.4430916
6,68.639,1742887971.4430916
7,71.982,1742887971.4430916
0,116.851,1742887971.5432236
1,69.538,1742887971.5432236
2,72.024,1742887971.5432236
3,69.898,1742887971.5432236
4,70.633,1742887971.5432236
5,69.811,1742887971.5432236
6,68.646,1742887971.5432236
7,71.97,1742887971.5432236
0,116.862,1742887971.6433518
1,69.521,1742887971.6433518
2,72.024,1742887971.6433518
3,69.887,1742887971.6433518
4,70.644,1742887971.6433518
5,69.841,1742887971.6433518
6,68.639,1742887971.6433518
7,71.969,1742887971.6433518
0,116.857,1742887971.7434864
1,69.555,1742887971.7434864
2,72.017,1742887971.7434864
3,69.885,1742887971.7434864
4,70.673,1742887971.7434864
5,69.832,1742887971.7434864
6,68.639,1742887971.7434864
7,71.969,1742887971.7434864
0,116.857,1742887971.843667
1,69.545,1742887971.843667
2,71.997,1742887971.843667
3,69.899,1742887971.843667
4,70.672,1742887971.843667
5,69.795,1742887971.843667
6,68.62,1742887971.843667
7,71.989,1742887971.843667
0,116.857,1742887971.9438117
1,69.536,1742887971.9438117
2,71.998,1742887971.9438117
3,69.906,1742887971.9438117
4,70.683,1742887971.9438117
5,69.794,1742887971.9438117
6,68.639,1742887971.9438117
7,71.982,1742887971.9438117
0,116.87,1742887972.0439913
1,69.508,1742887972.0439913
2,71.991,1742887972.0439913
3,69.897,1742887972.0439913
4,70.669,1742887972.0439913
5,69.781,1742887972.0439913
6,68.659,1742887972.0439913
7,71.995,1742887972.0439913
0,116.862,1742887972.144132
1,69.505,1742887972.144132
2,72.004,1742887972.144132
3,69.892,1742887972.144132
4,70.703,1742887972.144132
5,69.82,1742887972.144132
6,68.652,1742887972.144132
7,71.995,1742887972.144132
0,116.855,1742887972.2442622
1,69.5,1742887972.2442622
2,71.992,1742887972.2442622
3,69.875,1742887972.2442622
4,70.701,1742887972.2442622
5,69.818,1742887972.2442622
6,68.646,1742887972.2442622
7,71.996,1742887972.2442622
0,116.862,1742887972.3443944
1,69.514,1742887972.3443944
2,71.985,1742887972.3443944
3,69.869,1742887972.3443944
4,70.706,1742887972.3443944
5,69.818,1742887972.3443944
6,68.633,1742887972.3443944
7,72.005,1742887972.3443944
0,116.874,1742887972.4445338
1,69.511,1742887972.4445338
2,71.985,1742887972.4445338
3,69.875,1742887972.4445338
4,70.711,1742887972.4445338
5,69.805,1742887972.4445338
6,68.607,1742887972.4445338
7,71.996,1742887972.4445338
0,116.867,1742887972.5446677
1,69.504,1742887972.5446677
2,71.985,1742887972.5446677
3,69.867,1742887972.5446677
4,70.722,1742887972.5446677
5,69.772,1742887972.5446677
6,68.607,1742887972.5446677
7,72.003,1742887972.5446677
0,116.88,1742887972.6447997
1,69.505,1742887972.6447997
2,71.959,1742887972.6447997
3,69.853,1742887972.6447997
4,70.733,1742887972.6447997
5,69.77,1742887972.6447997
6,68.6,1742887972.6447997
7,71.997,1742887972.6447997
0,116.874,1742887972.7449338
1,69.492,1742887972.7449338
2,71.959,1742887972.7449338
3,69.868,1742887972.7449338
4,70.712,1742887972.7449338
5,69.755,1742887972.7449338
6,68.613,1742887972.7449338
7,71.997,1742887972.7449338
0,116.893,1742887972.8450654
1,69.494,1742887972.8450654
2,71.953,1742887972.8450654
3,69.853,1742887972.8450654
4,70.706,1742887972.8450654
5,69.794,1742887972.8450654
6,68.626,1742887972.8450654
7,71.995,1742887972.8450654
0,116.88,1742887972.9452076
1,69.507,1742887972.9452076
2,71.959,1742887972.9452076
3,69.861,1742887972.9452076
4,70.695,1742887972.9452076
5,69.787,1742887972.9452076
6,68.639,1742887972.9452076
7,71.991,1742887972.9452076
0,116.877,1742887973.0453513
1,69.511,1742887973.0453513
2,71.959,1742887973.0453513
3,69.864,1742887973.0453513
4,70.686,1742887973.0453513
5,69.802,1742887973.0453513
6,68.633,1742887973.0453513
7,71.989,1742887973.0453513
0,116.865,1742887973.1455293
1,69.533,1742887973.1455293
2,71.953,1742887973.1455293
3,69.888,1742887973.1455293
4,70.67,1742887973.1455293
5,69.789,1742887973.1455293
6,68.614,1742887973.1455293
7,71.991,1742887973.1455293
0,116.865,1742887973.245668
1,69.519,1742887973.245668
2,71.959,1742887973.245668
3,69.894,1742887973.245668
4,70.661,1742887973.245668
5,69.765,1742887973.245668
6,68.626,1742887973.245668
7,71.989,1742887973.245668
0,116.839,1742887973.3459234
1,69.527,1742887973.3459234
2,71.953,1742887973.3459234
3,69.909,1742887973.3459234
4,70.647,1742887973.3459234
5,69.792,1742887973.3459234
6,68.614,1742887973.3459234
7,71.996,1742887973.3459234
0,116.832,1742887973.4460554
1,69.507,1742887973.4460554
2,71.953,1742887973.4460554
3,69.898,1742887973.4460554
4,70.635,1742887973.4460554
5,69.782,1742887973.4460554
6,68.62,1742887973.4460554
7,71.989,1742887973.4460554
0,116.831,1742887973.546196
1,69.514,1742887973.546196
2,71.954,1742887973.546196
3,69.887,1742887973.546196
4,70.629,1742887973.546196
5,69.809,1742887973.546196
6,68.64,1742887973.546196
7,71.992,1742887973.546196
0,116.818,1742887973.646276
1,69.5,1742887973.646276
2,71.933,1742887973.646276
3,69.904,1742887973.646276
4,70.622,1742887973.646276
5,69.82,1742887973.646276
6,68.652,1742887973.646276
7,71.984,1742887973.646276
0,116.818,1742887973.7463794
1,69.521,1742887973.7463794
2,71.941,1742887973.7463794
3,69.887,1742887973.7463794
4,70.629,1742887973.7463794
5,69.806,1742887973.7463794
6,68.659,1742887973.7463794
7,71.989,1742887973.7463794
0,116.799,1742887973.8465083
1,69.514,1742887973.8465083
2,71.934,1742887973.8465083
3,69.896,1742887973.8465083
4,70.627,1742887973.8465083
5,69.784,1742887973.8465083
6,68.653,1742887973.8465083
7,71.984,1742887973.8465083
0,116.821,1742887973.9466121
1,69.522,1742887973.9466121
2,71.934,1742887973.9466121
3,69.886,1742887973.9466121
4,70.615,1742887973.9466121
5,69.778,1742887973.9466121
6,68.639,1742887973.9466121
7,71.989,1742887973.9466121
0,116.835,1742887974.0467954
1,69.514,1742887974.0467954
2,71.922,1742887974.0467954
3,69.89,1742887974.0467954
4,70.609,1742887974.0467954
5,69.811,1742887974.0467954
6,68.621,1742887974.0467954
7,71.991,1742887974.0467954
0,116.835,1742887974.1469228
1,69.505,1742887974.1469228
2,71.928,1742887974.1469228
3,69.882,1742887974.1469228
4,70.618,1742887974.1469228
5,69.798,1742887974.1469228
6,68.626,1742887974.1469228
7,71.984,1742887974.1469228
0,116.849,1742887974.247032
1,69.48,1742887974.247032
2,71.934,1742887974.247032
3,69.876,1742887974.247032
4,70.611,1742887974.247032
5,69.839,1742887974.247032
6,68.633,1742887974.247032
7,71.976,1742887974.247032
0,116.849,1742887974.3471344
1,69.497,1742887974.3471344
2,71.94,1742887974.3471344
3,69.863,1742887974.3471344
4,70.61,1742887974.3471344
5,69.813,1742887974.3471344
6,68.632,1742887974.3471344
7,71.969,1742887974.3471344
0,116.85,1742887974.4472432
1,69.497,1742887974.4472432
2,71.953,1742887974.4472432
3,69.863,1742887974.4472432
4,70.603,1742887974.4472432
5,69.814,1742887974.4472432
6,68.639,1742887974.4472432
7,71.989,1742887974.4472432
0,116.844,1742887974.5473468
1,69.508,1742887974.5473468
2,71.96,1742887974.5473468
3,69.856,1742887974.5473468
4,70.589,1742887974.5473468
5,69.81,1742887974.5473468
6,68.619,1742887974.5473468
7,71.982,1742887974.5473468
0,116.831,1742887974.647449
1,69.5,1742887974.647449
2,71.967,1742887974.647449
3,69.868,1742887974.647449
4,70.611,1742887974.647449
5,69.796,1742887974.647449
6,68.599,1742887974.647449
7,71.989,1742887974.647449
0,116.822,1742887974.7475545
1,69.513,1742887974.7475545
2,71.98,1742887974.7475545
3,69.862,1742887974.7475545
4,70.62,1742887974.7475545
5,69.816,1742887974.7475545
6,68.593,1742887974.7475545
7,71.99,1742887974.7475545
0,116.835,1742887974.847672
1,69.506,1742887974.847672
2,72.001,1742887974.847672
3,69.87,1742887974.847672
4,70.636,1742887974.847672
5,69.799,1742887974.847672
6,68.579,1742887974.847672
7,71.991,1742887974.847672
0,116.835,1742887974.9477904
1,69.5,1742887974.9477904
2,72.014,1742887974.9477904
3,69.871,1742887974.9477904
4,70.641,1742887974.9477904
5,69.84,1742887974.9477904
6,68.593,1742887974.9477904
7,72.005,1742887974.9477904
0,116.816,1742887975.0478868
1,69.5,1742887975.0478868
2,72.027,1742887975.0478868
3,69.874,1742887975.0478868
4,70.646,1742887975.0478868
5,69.796,1742887975.0478868
6,68.599,1742887975.0478868
7,71.992,1742887975.0478868
0,116.836,1742887975.148004
1,69.507,1742887975.148004
2,72.027,1742887975.148004
3,69.867,1742887975.148004
4,70.638,1742887975.148004
5,69.809,1742887975.148004
6,68.619,1742887975.148004
7,71.999,1742887975.148004
0,116.834,1742887975.2481203
1,69.498,1742887975.2481203
2,72.013,1742887975.2481203
3,69.86,1742887975.2481203
4,70.661,1742887975.2481203
5,69.805,1742887975.2481203
6,68.62,1742887975.2481203
7,72.016,1742887975.2481203
0,116.841,1742887975.3482199
1,69.499,1742887975.3482199
2,72.013,1742887975.3482199
3,69.87,1742887975.3482199
4,70.671,1742887975.3482199
5,69.789,1742887975.3482199
6,68.613,1742887975.3482199
7,72.01,1742887975.3482199
0,116.859,1742887975.4483202
1,69.505,1742887975.4483202
2,72.0,1742887975.4483202
3,69.877,1742887975.4483202
4,70.671,1742887975.4483202
5,69.823,1742887975.4483202
6,68.607,1742887975.4483202
7,71.997,1742887975.4483202
0,116.866,1742887975.548439
1,69.5,1742887975.548439
2,72.006,1742887975.548439
3,69.879,1742887975.548439
4,70.689,1742887975.548439
5,69.818,1742887975.548439
6,68.601,1742887975.548439
7,72.004,1742887975.548439
0,116.886,1742887975.6485448
1,69.505,1742887975.6485448
2,72.019,1742887975.6485448
3,69.879,1742887975.6485448
4,70.687,1742887975.6485448
5,69.84,1742887975.6485448
6,68.614,1742887975.6485448
7,72.006,1742887975.6485448
0,116.875,1742887975.7486422
1,69.512,1742887975.7486422
2,72.018,1742887975.7486422
3,69.876,1742887975.7486422
4,70.698,1742887975.7486422
5,69.812,1742887975.7486422
6,68.619,1742887975.7486422
7,71.999,1742887975.7486422
0,116.883,1742887975.8487358
1,69.519,1742887975.8487358
2,72.011,1742887975.8487358
3,69.858,1742887975.8487358
4,70.67,1742887975.8487358
5,69.82,1742887975.8487358
6,68.607,1742887975.8487358
7,71.997,1742887975.8487358
0,116.869,1742887975.9488285
1,69.541,1742887975.9488285
2,72.005,1742887975.9488285
3,69.869,1742887975.9488285
4,70.666,1742887975.9488285
5,69.824,1742887975.9488285
6,68.607,1742887975.9488285
7,71.996,1742887975.9488285
0,116.875,1742887976.0489137
1,69.555,1742887976.0489137
2,72.012,1742887976.0489137
3,69.876,1742887976.0489137
4,70.653,1742887976.0489137
5,69.829,1742887976.0489137
6,68.587,1742887976.0489137
7,71.989,1742887976.0489137
0,116.866,1742887976.1490026
1,69.542,1742887976.1490026
2,72.018,1742887976.1490026
3,69.876,1742887976.1490026
4,70.659,1742887976.1490026
5,69.837,1742887976.1490026
6,68.574,1742887976.1490026
7,72.002,1742887976.1490026
0,116.852,1742887976.249088
1,69.556,1742887976.249088
2,72.019,1742887976.249088
3,69.877,1742887976.249088
4,70.656,1742887976.249088
5,69.817,1742887976.249088
6,68.593,1742887976.249088
7,72.003,1742887976.249088
0,116.846,1742887976.3491588
1,69.549,1742887976.3491588
2,72.031,1742887976.3491588
3,69.89,1742887976.3491588
4,70.648,1742887976.3491588
5,69.83,1742887976.3491588
6,68.581,1742887976.3491588
7,72.01,1742887976.3491588
0,116.834,1742887976.4492447
1,69.54,1742887976.4492447
2,72.058,1742887976.4492447
3,69.885,1742887976.4492447
4,70.64,1742887976.4492447
5,69.819,1742887976.4492447
6,68.587,1742887976.4492447
7,72.016,1742887976.4492447
0,116.847,1742887976.5493143
1,69.542,1742887976.5493143
2,72.058,1742887976.5493143
3,69.869,1742887976.5493143
4,70.642,1742887976.5493143
5,69.836,1742887976.5493143
6,68.581,1742887976.5493143
7,72.03,1742887976.5493143
0,116.845,1742887976.649438
1,69.528,1742887976.649438
2,72.058,1742887976.649438
3,69.894,1742887976.649438
4,70.63,1742887976.649438
5,69.838,1742887976.649438
6,68.574,1742887976.649438
7,72.023,1742887976.649438
0,116.852,1742887976.7495463
1,69.508,1742887976.7495463
2,72.05,1742887976.7495463
3,69.895,1742887976.7495463
4,70.609,1742887976.7495463
5,69.831,1742887976.7495463
6,68.569,1742887976.7495463
7,72.019,1742887976.7495463
0,116.846,1742887976.8496554
1,69.495,1742887976.8496554
2,72.052,1742887976.8496554
3,69.909,1742887976.8496554
4,70.615,1742887976.8496554
5,69.833,1742887976.8496554
6,68.574,1742887976.8496554
7,72.026,1742887976.8496554
0,116.853,1742887976.9497747
1,69.467,1742887976.9497747
2,72.056,1742887976.9497747
3,69.913,1742887976.9497747
4,70.62,1742887976.9497747
5,69.815,1742887976.9497747
6,68.582,1742887976.9497747
7,72.033,1742887976.9497747
0,116.865,1742887977.0499065
1,69.466,1742887977.0499065
2,72.058,1742887977.0499065
3,69.909,1742887977.0499065
4,70.615,1742887977.0499065
5,69.841,1742887977.0499065
6,68.588,1742887977.0499065
7,72.033,1742887977.0499065
0,116.868,1742887977.150038
1,69.472,1742887977.150038
2,72.058,1742887977.150038
3,69.887,1742887977.150038
4,70.611,1742887977.150038
5,69.827,1742887977.150038
6,68.594,1742887977.150038
7,72.029,1742887977.150038
0,116.868,1742887977.2501814
1,69.472,1742887977.2501814
2,72.045,1742887977.2501814
3,69.881,1742887977.2501814
4,70.628,1742887977.2501814
5,69.82,1742887977.2501814
6,68.587,1742887977.2501814
7,72.02,1742887977.2501814
0,116.868,1742887977.3503277
1,69.498,1742887977.3503277
2,72.045,1742887977.3503277
3,69.865,1742887977.3503277
4,70.636,1742887977.3503277
5,69.813,1742887977.3503277
6,68.587,1742887977.3503277
7,72.014,1742887977.3503277
0,116.868,1742887977.4504793
1,69.514,1742887977.4504793
2,72.045,1742887977.4504793
3,69.871,1742887977.4504793
4,70.641,1742887977.4504793
5,69.794,1742887977.4504793
6,68.562,1742887977.4504793
7,72.017,1742887977.4504793
0,116.861,1742887977.5506089
1,69.498,1742887977.5506089
2,72.024,1742887977.5506089
3,69.884,1742887977.5506089
4,70.611,1742887977.5506089
5,69.815,1742887977.5506089
6,68.573,1742887977.5506089
7,72.008,1742887977.5506089
0,116.842,1742887977.6507468
1,69.505,1742887977.6507468
2,72.024,1742887977.6507468
3,69.856,1742887977.6507468
4,70.611,1742887977.6507468
5,69.781,1742887977.6507468
6,68.581,1742887977.6507468
7,72.002,1742887977.6507468
0,116.848,1742887977.7508903
1,69.511,1742887977.7508903
2,72.024,1742887977.7508903
3,69.855,1742887977.7508903
4,70.605,1742887977.7508903
5,69.808,1742887977.7508903
6,68.581,1742887977.7508903
7,71.997,1742887977.7508903
0,116.821,1742887977.8510375
1,69.511,1742887977.8510375
2,72.038,1742887977.8510375
3,69.841,1742887977.8510375
4,70.614,1742887977.8510375
5,69.801,1742887977.8510375
6,68.587,1742887977.8510375
7,71.977,1742887977.8510375
0,116.814,1742887977.951168
1,69.524,1742887977.951168
2,72.031,1742887977.951168
3,69.836,1742887977.951168
4,70.616,1742887977.951168
5,69.801,1742887977.951168
6,68.589,1742887977.951168
7,71.965,1742887977.951168
0,116.827,1742887978.051314
1,69.54,1742887978.051314
2,72.037,1742887978.051314
3,69.827,1742887978.051314
4,70.63,1742887978.051314
5,69.811,1742887978.051314
6,68.581,1742887978.051314
7,71.958,1742887978.051314
0,116.829,1742887978.151448
1,69.526,1742887978.151448
2,72.018,1742887978.151448
3,69.851,1742887978.151448
4,70.644,1742887978.151448
5,69.804,1742887978.151448
6,68.575,1742887978.151448
7,71.965,1742887978.151448
0,116.822,1742887978.2515838
1,69.54,1742887978.2515838
2,72.018,1742887978.2515838
3,69.842,1742887978.2515838
4,70.641,1742887978.2515838
5,69.791,1742887978.2515838
6,68.568,1742887978.2515838
7,71.951,1742887978.2515838
0,116.835,1742887978.3517218
1,69.518,1742887978.3517218
2,72.019,1742887978.3517218
3,69.852,1742887978.3517218
4,70.633,1742887978.3517218
5,69.792,1742887978.3517218
6,68.595,1742887978.3517218
7,71.956,1742887978.3517218
0,116.822,1742887978.4518654
1,69.525,1742887978.4518654
2,72.005,1742887978.4518654
3,69.853,1742887978.4518654
4,70.628,1742887978.4518654
5,69.773,1742887978.4518654
6,68.614,1742887978.4518654
7,71.937,1742887978.4518654
0,116.822,1742887978.5519996
1,69.512,1742887978.5519996
2,71.998,1742887978.5519996
3,69.854,1742887978.5519996
4,70.652,1742887978.5519996
5,69.79,1742887978.5519996
6,68.615,1742887978.5519996
7,71.943,1742887978.5519996
0,116.816,1742887978.6521356
1,69.54,1742887978.6521356
2,71.998,1742887978.6521356
3,69.871,1742887978.6521356
4,70.686,1742887978.6521356
5,69.792,1742887978.6521356
6,68.621,1742887978.6521356
7,71.942,1742887978.6521356
0,116.834,1742887978.7522726
1,69.526,1742887978.7522726
2,71.992,1742887978.7522726
3,69.889,1742887978.7522726
4,70.686,1742887978.7522726
5,69.82,1742887978.7522726
6,68.621,1742887978.7522726
7,71.95,1742887978.7522726
0,116.84,1742887978.8523877
1,69.547,1742887978.8523877
2,71.973,1742887978.8523877
3,69.881,1742887978.8523877
4,70.717,1742887978.8523877
5,69.81,1742887978.8523877
6,68.621,1742887978.8523877
7,71.961,1742887978.8523877
0,116.829,1742887978.9524977
1,69.526,1742887978.9524977
2,71.966,1742887978.9524977
3,69.895,1742887978.9524977
4,70.708,1742887978.9524977
5,69.792,1742887978.9524977
6,68.602,1742887978.9524977
7,71.961,1742887978.9524977
0,116.816,1742887979.0526023
1,69.53,1742887979.0526023
2,71.96,1742887979.0526023
3,69.889,1742887979.0526023
4,70.686,1742887979.0526023
5,69.797,1742887979.0526023
6,68.609,1742887979.0526023
7,71.961,1742887979.0526023
0,116.814,1742887979.152724
1,69.516,1742887979.152724
2,71.966,1742887979.152724
3,69.882,1742887979.152724
4,70.667,1742887979.152724
5,69.785,1742887979.152724
6,68.621,1742887979.152724
7,71.979,1742887979.152724
0,116.803,1742887979.2528465
1,69.516,1742887979.2528465
2,71.967,1742887979.2528465
3,69.896,1742887979.2528465
4,70.662,1742887979.2528465
5,69.824,1742887979.2528465
6,68.634,1742887979.2528465
7,71.987,1742887979.2528465
0,116.822,1742887979.352964
1,69.51,1742887979.352964
2,71.947,1742887979.352964
3,69.874,1742887979.352964
4,70.665,1742887979.352964
5,69.825,1742887979.352964
6,68.634,1742887979.352964
7,72.002,1742887979.352964
0,116.821,1742887979.4530575
1,69.51,1742887979.4530575
2,71.935,1742887979.4530575
3,69.867,1742887979.4530575
4,70.669,1742887979.4530575
5,69.84,1742887979.4530575
6,68.621,1742887979.4530575
7,72.016,1742887979.4530575
0,116.829,1742887979.5531728
1,69.491,1742887979.5531728
2,71.94,1742887979.5531728
3,69.869,1742887979.5531728
4,70.652,1742887979.5531728
5,69.838,1742887979.5531728
6,68.608,1742887979.5531728
7,72.014,1742887979.5531728
0,116.837,1742887979.6532977
1,69.498,1742887979.6532977
2,71.947,1742887979.6532977
3,69.865,1742887979.6532977
4,70.633,1742887979.6532977
5,69.802,1742887979.6532977
6,68.6,1742887979.6532977
7,71.997,1742887979.6532977
0,116.843,1742887979.753393
1,69.484,1742887979.753393
2,71.941,1742887979.753393
3,69.832,1742887979.753393
4,70.627,1742887979.753393
5,69.804,1742887979.753393
6,68.594,1742887979.753393
7,71.978,1742887979.753393
0,116.824,1742887979.8535042
1,69.49,1742887979.8535042
2,71.94,1742887979.8535042
3,69.833,1742887979.8535042
4,70.615,1742887979.8535042
5,69.784,1742887979.8535042
6,68.588,1742887979.8535042
7,71.985,1742887979.8535042
0,116.836,1742887979.9536254
1,69.504,1742887979.9536254
2,71.947,1742887979.9536254
3,69.823,1742887979.9536254
4,70.621,1742887979.9536254
5,69.826,1742887979.9536254
6,68.6,1742887979.9536254
7,71.991,1742887979.9536254
0,116.835,1742887980.053736
1,69.513,1742887980.053736
2,71.94,1742887980.053736
3,69.838,1742887980.053736
4,70.62,1742887980.053736
5,69.826,1742887980.053736
6,68.606,1742887980.053736
7,71.98,1742887980.053736
0,116.843,1742887980.1538672
1,69.506,1742887980.1538672
2,71.947,1742887980.1538672
3,69.822,1742887980.1538672
4,70.626,1742887980.1538672
5,69.837,1742887980.1538672
6,68.607,1742887980.1538672
7,71.98,1742887980.1538672
0,116.842,1742887980.2539797
1,69.533,1742887980.2539797
2,71.947,1742887980.2539797
3,69.829,1742887980.2539797
4,70.62,1742887980.2539797
5,69.83,1742887980.2539797
6,68.607,1742887980.2539797
7,71.994,1742887980.2539797
0,116.815,1742887980.3541062
1,69.507,1742887980.3541062
2,71.973,1742887980.3541062
3,69.866,1742887980.3541062
4,70.609,1742887980.3541062
5,69.819,1742887980.3541062
6,68.6,1742887980.3541062
7,71.98,1742887980.3541062
0,116.815,1742887980.4542065
1,69.535,1742887980.4542065
2,71.986,1742887980.4542065
3,69.865,1742887980.4542065
4,70.605,1742887980.4542065
5,69.811,1742887980.4542065
6,68.607,1742887980.4542065
7,71.986,1742887980.4542065
0,116.813,1742887980.5543401
1,69.514,1742887980.5543401
2,71.986,1742887980.5543401
3,69.863,1742887980.5543401
4,70.606,1742887980.5543401
5,69.796,1742887980.5543401
6,68.607,1742887980.5543401
7,71.99,1742887980.5543401
0,116.805,1742887980.6544685
1,69.535,1742887980.6544685
2,71.993,1742887980.6544685
3,69.868,1742887980.6544685
4,70.599,1742887980.6544685
5,69.831,1742887980.6544685
6,68.6,1742887980.6544685
7,71.997,1742887980.6544685
0,116.807,1742887980.7546134
1,69.521,1742887980.7546134
2,72.0,1742887980.7546134
3,69.892,1742887980.7546134
4,70.578,1742887980.7546134
5,69.833,1742887980.7546134
6,68.62,1742887980.7546134
7,72.003,1742887980.7546134
0,116.794,1742887980.8547494
1,69.535,1742887980.8547494
2,71.999,1742887980.8547494
3,69.884,1742887980.8547494
4,70.599,1742887980.8547494
5,69.826,1742887980.8547494
6,68.62,1742887980.8547494
7,72.016,1742887980.8547494
0,116.812,1742887980.9549327
1,69.5,1742887980.9549327
2,71.986,1742887980.9549327
3,69.898,1742887980.9549327
4,70.608,1742887980.9549327
5,69.797,1742887980.9549327
6,68.633,1742887980.9549327
7,72.028,1742887980.9549327
0,116.806,1742887981.0550594
1,69.518,1742887981.0550594
2,72.02,1742887981.0550594
3,69.888,1742887981.0550594
4,70.624,1742887981.0550594
5,69.77,1742887981.0550594
6,68.652,1742887981.0550594
7,72.021,1742887981.0550594
0,116.815,1742887981.1551733
1,69.511,1742887981.1551733
2,72.025,1742887981.1551733
3,69.901,1742887981.1551733
4,70.633,1742887981.1551733
5,69.803,1742887981.1551733
6,68.653,1742887981.1551733
7,72.021,1742887981.1551733
0,116.802,1742887981.2553036
1,69.505,1742887981.2553036
2,72.025,1742887981.2553036
3,69.901,1742887981.2553036
4,70.618,1742887981.2553036
5,69.797,1742887981.2553036
6,68.646,1742887981.2553036
7,72.028,1742887981.2553036
0,116.821,1742887981.3554504
1,69.511,1742887981.3554504
2,72.038,1742887981.3554504
3,69.888,1742887981.3554504
4,70.636,1742887981.3554504
5,69.825,1742887981.3554504
6,68.64,1742887981.3554504
7,72.024,1742887981.3554504
0,116.809,1742887981.4556127
1,69.517,1742887981.4556127
2,72.032,1742887981.4556127
3,69.889,1742887981.4556127
4,70.635,1742887981.4556127
5,69.804,1742887981.4556127
6,68.647,1742887981.4556127
7,72.018,1742887981.4556127
0,116.809,1742887981.5557632
1,69.505,1742887981.5557632
2,72.025,1742887981.5557632
3,69.893,1742887981.5557632
4,70.656,1742887981.5557632
5,69.805,1742887981.5557632
6,68.64,1742887981.5557632
7,72.015,1742887981.5557632
0,116.798,1742887981.6559227
1,69.505,1742887981.6559227
2,72.018,1742887981.6559227
3,69.899,1742887981.6559227
4,70.657,1742887981.6559227
5,69.785,1742887981.6559227
6,68.653,1742887981.6559227
7,72.031,1742887981.6559227
0,116.811,1742887981.7560842
1,69.525,1742887981.7560842
2,72.038,1742887981.7560842
3,69.894,1742887981.7560842
4,70.678,1742887981.7560842
5,69.775,1742887981.7560842
6,68.666,1742887981.7560842
7,72.029,1742887981.7560842
0,116.792,1742887981.8562067
1,69.498,1742887981.8562067
2,72.037,1742887981.8562067
3,69.877,1742887981.8562067
4,70.676,1742887981.8562067
5,69.79,1742887981.8562067
6,68.666,1742887981.8562067
7,72.035,1742887981.8562067
0,116.791,1742887981.9563172
1,69.51,1742887981.9563172
2,72.044,1742887981.9563172
3,69.881,1742887981.9563172
4,70.683,1742887981.9563172
5,69.795,1742887981.9563172
6,68.66,1742887981.9563172
7,72.017,1742887981.9563172
0,116.771,1742887982.0564353
1,69.51,1742887982.0564353
2,72.043,1742887982.0564353
3,69.864,1742887982.0564353
4,70.68,1742887982.0564353
5,69.832,1742887982.0564353
6,68.64,1742887982.0564353
7,72.011,1742887982.0564353
0,116.777,1742887982.1566272
1,69.519,1742887982.1566272
2,72.025,1742887982.1566272
3,69.867,1742887982.1566272
4,70.683,1742887982.1566272
5,69.789,1742887982.1566272
6,68.64,1742887982.1566272
7,72.015,1742887982.1566272
0,116.794,1742887982.256763
1,69.498,1742887982.256763
2,72.012,1742887982.256763
3,69.853,1742887982.256763
4,70.687,1742887982.256763
5,69.795,1742887982.256763
6,68.628,1742887982.256763
7,72.015,1742887982.256763
0,116.794,1742887982.356905
1,69.532,1742887982.356905
2,72.012,1742887982.356905
3,69.861,1742887982.356905
4,70.693,1742887982.356905
5,69.79,1742887982.356905
6,68.626,1742887982.356905
7,72.023,1742887982.356905
0,116.811,1742887982.457044
1,69.498,1742887982.457044
2,72.011,1742887982.457044
3,69.859,1742887982.457044
4,70.698,1742887982.457044
5,69.79,1742887982.457044
6,68.633,1742887982.457044
7,72.028,1742887982.457044
0,116.815,1742887982.5571952
1,69.519,1742887982.5571952
2,72.011,1742887982.5571952
3,69.866,1742887982.5571952
4,70.682,1742887982.5571952
5,69.803,1742887982.5571952
6,68.646,1742887982.5571952
7,72.009,1742887982.5571952
0,116.824,1742887982.657327
1,69.492,1742887982.657327
2,72.024,1742887982.657327
3,69.84,1742887982.657327
4,70.675,1742887982.657327
5,69.797,1742887982.657327
6,68.647,1742887982.657327
7,71.991,1742887982.657327
0,116.856,1742887982.757448
1,69.534,1742887982.757448
2,72.012,1742887982.757448
3,69.839,1742887982.757448
4,70.659,1742887982.757448
5,69.827,1742887982.757448
6,68.634,1742887982.757448
7,71.978,1742887982.757448
0,116.876,1742887982.857589
1,69.5,1742887982.857589
2,71.992,1742887982.857589
3,69.847,1742887982.857589
4,70.641,1742887982.857589
5,69.798,1742887982.857589
6,68.633,1742887982.857589
7,71.983,1742887982.857589
0,116.882,1742887982.9577384
1,69.527,1742887982.9577384
2,72.005,1742887982.9577384
3,69.853,1742887982.9577384
4,70.656,1742887982.9577384
5,69.798,1742887982.9577384
6,68.621,1742887982.9577384
7,71.989,1742887982.9577384
0,116.882,1742887983.0578423
1,69.506,1742887983.0578423
2,71.985,1742887983.0578423
3,69.872,1742887983.0578423
4,70.657,1742887983.0578423
5,69.79,1742887983.0578423
6,68.626,1742887983.0578423
7,71.977,1742887983.0578423
0,116.889,1742887983.1579604
1,69.534,1742887983.1579604
2,71.985,1742887983.1579604
3,69.865,1742887983.1579604
4,70.649,1742887983.1579604
5,69.783,1742887983.1579604
6,68.62,1742887983.1579604
7,71.982,1742887983.1579604
0,116.863,1742887983.2581258
1,69.494,1742887983.2581258
2,71.998,1742887983.2581258
3,69.861,1742887983.2581258
4,70.62,1742887983.2581258
5,69.817,1742887983.2581258
6,68.613,1742887983.2581258
7,71.969,1742887983.2581258
0,116.876,1742887983.358232
1,69.514,1742887983.358232
2,71.998,1742887983.358232
3,69.844,1742887983.358232
4,70.607,1742887983.358232
5,69.811,1742887983.358232
6,68.633,1742887983.358232
7,71.955,1742887983.358232
0,116.869,1742887983.4583645
1,69.513,1742887983.4583645
2,71.997,1742887983.4583645
3,69.845,1742887983.4583645
4,70.588,1742887983.4583645
5,69.826,1742887983.4583645
6,68.621,1742887983.4583645
7,71.955,1742887983.4583645
0,116.868,1742887983.5584776
1,69.534,1742887983.5584776
2,71.991,1742887983.5584776
3,69.838,1742887983.5584776
4,70.605,1742887983.5584776
5,69.816,1742887983.5584776
6,68.62,1742887983.5584776
7,71.962,1742887983.5584776
0,116.861,1742887983.658616
1,69.499,1742887983.658616
2,71.998,1742887983.658616
3,69.863,1742887983.658616
4,70.636,1742887983.658616
5,69.808,1742887983.658616
6,68.607,1742887983.658616
7,71.973,1742887983.658616
0,116.849,1742887983.7587492
1,69.526,1742887983.7587492
2,71.998,1742887983.7587492
3,69.872,1742887983.7587492
4,70.628,1742887983.7587492
5,69.816,1742887983.7587492
6,68.607,1742887983.7587492
7,71.974,1742887983.7587492
0,116.835,1742887983.8588583
1,69.512,1742887983.8588583
2,71.991,1742887983.8588583
3,69.88,1742887983.8588583
4,70.653,1742887983.8588583
5,69.801,1742887983.8588583
6,68.607,1742887983.8588583
7,71.943,1742887983.8588583
0,116.84,1742887983.959004
1,69.539,1742887983.959004
2,72.004,1742887983.959004
3,69.878,1742887983.959004
4,70.638,1742887983.959004
5,69.832,1742887983.959004
6,68.594,1742887983.959004
7,71.95,1742887983.959004
0,116.847,1742887984.0591478
1,69.505,1742887984.0591478
2,72.01,1742887984.0591478
3,69.873,1742887984.0591478
4,70.647,1742887984.0591478
5,69.813,1742887984.0591478
6,68.607,1742887984.0591478
7,71.963,1742887984.0591478
0,116.847,1742887984.1592677
1,69.53,1742887984.1592677
2,72.018,1742887984.1592677
3,69.863,1742887984.1592677
4,70.648,1742887984.1592677
5,69.826,1742887984.1592677
6,68.614,1742887984.1592677
7,71.958,1742887984.1592677
0,116.84,1742887984.2593982
1,69.523,1742887984.2593982
2,72.011,1742887984.2593982
3,69.871,1742887984.2593982
4,70.679,1742887984.2593982
5,69.797,1742887984.2593982
6,68.627,1742887984.2593982
7,71.97,1742887984.2593982
0,116.834,1742887984.359567
1,69.53,1742887984.359567
2,72.017,1742887984.359567
3,69.865,1742887984.359567
4,70.684,1742887984.359567
5,69.795,1742887984.359567
6,68.621,1742887984.359567
7,71.97,1742887984.359567
0,116.827,1742887984.459695
1,69.529,1742887984.459695
2,72.017,1742887984.459695
3,69.865,1742887984.459695
4,70.688,1742887984.459695
5,69.794,1742887984.459695
6,68.606,1742887984.459695
7,71.964,1742887984.459695
0,116.835,1742887984.5598235
1,69.533,1742887984.5598235
2,71.997,1742887984.5598235
3,69.872,1742887984.5598235
4,70.705,1742887984.5598235
5,69.77,1742887984.5598235
6,68.595,1742887984.5598235
7,71.97,1742887984.5598235
0,116.82,1742887984.659964
1,69.513,1742887984.659964
2,72.004,1742887984.659964
3,69.863,1742887984.659964
4,70.679,1742887984.659964
5,69.812,1742887984.659964
6,68.58,1742887984.659964
7,71.972,1742887984.659964
0,116.821,1742887984.7601702
1,69.532,1742887984.7601702
2,72.003,1742887984.7601702
3,69.833,1742887984.7601702
4,70.694,1742887984.7601702
5,69.777,1742887984.7601702
6,68.588,1742887984.7601702
7,71.972,1742887984.7601702
0,116.814,1742887984.8602757
1,69.527,1742887984.8602757
2,71.984,1742887984.8602757
3,69.848,1742887984.8602757
4,70.676,1742887984.8602757
5,69.806,1742887984.8602757
6,68.595,1742887984.8602757
7,71.976,1742887984.8602757
0,116.821,1742887984.9603827
1,69.538,1742887984.9603827
2,71.978,1742887984.9603827
3,69.851,1742887984.9603827
4,70.682,1742887984.9603827
5,69.799,1742887984.9603827
6,68.608,1742887984.9603827
7,71.984,1742887984.9603827
0,116.822,1742887985.0605104
1,69.52,1742887985.0605104
2,71.965,1742887985.0605104
3,69.852,1742887985.0605104
4,70.686,1742887985.0605104
5,69.813,1742887985.0605104
6,68.601,1742887985.0605104
7,71.997,1742887985.0605104
0,116.829,1742887985.1606233
1,69.539,1742887985.1606233
2,71.959,1742887985.1606233
3,69.866,1742887985.1606233
4,70.685,1742887985.1606233
5,69.813,1742887985.1606233
6,68.601,1742887985.1606233
7,71.99,1742887985.1606233
0,116.813,1742887985.260752
1,69.52,1742887985.260752
2,71.965,1742887985.260752
3,69.858,1742887985.260752
4,70.67,1742887985.260752
5,69.799,1742887985.260752
6,68.589,1742887985.260752
7,71.996,1742887985.260752
0,116.826,1742887985.360896
1,69.541,1742887985.360896
2,71.966,1742887985.360896
3,69.873,1742887985.360896
4,70.657,1742887985.360896
5,69.818,1742887985.360896
6,68.587,1742887985.360896
7,71.994,1742887985.360896
0,116.826,1742887985.461025
1,69.527,1742887985.461025
2,71.953,1742887985.461025
3,69.893,1742887985.461025
4,70.657,1742887985.461025
5,69.804,1742887985.461025
6,68.581,1742887985.461025
7,72.002,1742887985.461025
0,116.839,1742887985.561155
1,69.54,1742887985.561155
2,71.966,1742887985.561155
3,69.876,1742887985.561155
4,70.631,1742887985.561155
5,69.819,1742887985.561155
6,68.587,1742887985.561155
7,72.002,1742887985.561155
0,116.84,1742887985.6612961
1,69.53,1742887985.6612961
2,71.96,1742887985.6612961
3,69.883,1742887985.6612961
4,70.643,1742887985.6612961
5,69.812,1742887985.6612961
6,68.595,1742887985.6612961
7,72.013,1742887985.6612961
0,116.852,1742887985.7614222
1,69.54,1742887985.7614222
2,71.96,1742887985.7614222
3,69.899,1742887985.7614222
4,70.619,1742887985.7614222
5,69.813,1742887985.7614222
6,68.588,1742887985.7614222
7,72.028,1742887985.7614222
0,116.84,1742887985.8615682
1,69.498,1742887985.8615682
2,71.967,1742887985.8615682
3,69.902,1742887985.8615682
4,70.606,1742887985.8615682
5,69.813,1742887985.8615682
6,68.588,1742887985.8615682
7,72.02,1742887985.8615682
0,116.839,1742887985.9617164
1,69.496,1742887985.9617164
2,71.973,1742887985.9617164
3,69.894,1742887985.9617164
4,70.586,1742887985.9617164
5,69.784,1742887985.9617164
6,68.58,1742887985.9617164
7,72.007,1742887985.9617164
0,116.814,1742887986.061907
1,69.485,1742887986.061907
2,71.987,1742887986.061907
3,69.899,1742887986.061907
4,70.593,1742887986.061907
5,69.783,1742887986.061907
6,68.588,1742887986.061907
7,72.001,1742887986.061907
0,116.808,1742887986.1620412
1,69.503,1742887986.1620412
2,71.967,1742887986.1620412
3,69.873,1742887986.1620412
4,70.587,1742887986.1620412
5,69.771,1742887986.1620412
6,68.587,1742887986.1620412
7,71.995,1742887986.1620412
0,116.815,1742887986.2622921
1,69.503,1742887986.2622921
2,71.967,1742887986.2622921
3,69.868,1742887986.2622921
4,70.579,1742887986.2622921
5,69.803,1742887986.2622921
6,68.592,1742887986.2622921
7,71.997,1742887986.2622921
0,116.83,1742887986.3624272
1,69.509,1742887986.3624272
2,71.961,1742887986.3624272
3,69.88,1742887986.3624272
4,70.572,1742887986.3624272
5,69.798,1742887986.3624272
6,68.594,1742887986.3624272
7,72.004,1742887986.3624272
0,116.811,1742887986.462525
1,69.517,1742887986.462525
2,71.967,1742887986.462525
3,69.865,1742887986.462525
4,70.552,1742887986.462525
5,69.817,1742887986.462525
6,68.58,1742887986.462525
7,71.997,1742887986.462525
0,116.824,1742887986.5626523
1,69.504,1742887986.5626523
2,71.954,1742887986.5626523
3,69.879,1742887986.5626523
4,70.575,1742887986.5626523
5,69.8,1742887986.5626523
6,68.581,1742887986.5626523
7,71.989,1742887986.5626523
0,116.821,1742887986.6627798
1,69.506,1742887986.6627798
2,71.973,1742887986.6627798
3,69.884,1742887986.6627798
4,70.591,1742887986.6627798
5,69.787,1742887986.6627798
6,68.574,1742887986.6627798
7,71.985,1742887986.6627798
0,116.816,1742887986.762919
1,69.507,1742887986.762919
2,71.993,1742887986.762919
3,69.877,1742887986.762919
4,70.592,1742887986.762919
5,69.79,1742887986.762919
6,68.573,1742887986.762919
7,71.976,1742887986.762919
0,116.821,1742887986.8630626
1,69.504,1742887986.8630626
2,71.999,1742887986.8630626
3,69.87,1742887986.8630626
4,70.597,1742887986.8630626
5,69.79,1742887986.8630626
6,68.58,1742887986.8630626
7,71.971,1742887986.8630626
0,116.823,1742887986.9631984
1,69.525,1742887986.9631984
2,71.999,1742887986.9631984
3,69.862,1742887986.9631984
4,70.577,1742887986.9631984
5,69.799,1742887986.9631984
6,68.58,1742887986.9631984
7,71.983,1742887986.9631984
0,116.821,1742887987.0633223
1,69.527,1742887987.0633223
2,71.999,1742887987.0633223
3,69.849,1742887987.0633223
4,70.59,1742887987.0633223
5,69.826,1742887987.0633223
6,68.568,1742887987.0633223
7,71.971,1742887987.0633223
0,116.834,1742887987.163439
1,69.518,1742887987.163439
2,72.005,1742887987.163439
3,69.864,1742887987.163439
4,70.606,1742887987.163439
5,69.819,1742887987.163439
6,68.547,1742887987.163439
7,71.971,1742887987.163439
0,116.84,1742887987.263545
1,69.524,1742887987.263545
2,72.005,1742887987.263545
3,69.869,1742887987.263545
4,70.606,1742887987.263545
5,69.802,1742887987.263545
6,68.547,1742887987.263545
7,71.964,1742887987.263545
0,116.848,1742887987.3637836
1,69.525,1742887987.3637836
2,72.012,1742887987.3637836
3,69.871,1742887987.3637836
4,70.629,1742887987.3637836
5,69.808,1742887987.3637836
6,68.56,1742887987.3637836
7,71.951,1742887987.3637836
0,116.842,1742887987.4638774
1,69.513,1742887987.4638774
2,72.011,1742887987.4638774
3,69.866,1742887987.4638774
4,70.649,1742887987.4638774
5,69.787,1742887987.4638774
6,68.561,1742887987.4638774
7,71.951,1742887987.4638774
0,116.842,1742887987.5639963
1,69.528,1742887987.5639963
2,72.017,1742887987.5639963
3,69.864,1742887987.5639963
4,70.642,1742887987.5639963
5,69.809,1742887987.5639963
6,68.567,1742887987.5639963
7,71.937,1742887987.5639963
0,116.815,1742887987.664135
1,69.507,1742887987.664135
2,72.004,1742887987.664135
3,69.852,1742887987.664135
4,70.666,1742887987.664135
5,69.8,1742887987.664135
6,68.574,1742887987.664135
7,71.936,1742887987.664135
0,116.815,1742887987.7642655
1,69.518,1742887987.7642655
2,72.004,1742887987.7642655
3,69.844,1742887987.7642655
4,70.658,1742887987.7642655
5,69.803,1742887987.7642655
6,68.575,1742887987.7642655
7,71.943,1742887987.7642655
0,116.815,1742887987.864395
1,69.507,1742887987.864395
2,71.985,1742887987.864395
3,69.852,1742887987.864395
4,70.667,1742887987.864395
5,69.798,1742887987.864395
6,68.56,1742887987.864395
7,71.955,1742887987.864395
0,116.826,1742887987.9645379
1,69.501,1742887987.9645379
2,71.985,1742887987.9645379
3,69.846,1742887987.9645379
4,70.669,1742887987.9645379
5,69.799,1742887987.9645379
6,68.568,1742887987.9645379
7,71.956,1742887987.9645379
0,116.821,1742887988.0646908
1,69.487,1742887988.0646908
2,71.997,1742887988.0646908
3,69.847,1742887988.0646908
4,70.675,1742887988.0646908
5,69.785,1742887988.0646908
6,68.567,1742887988.0646908
7,71.974,1742887988.0646908
0,116.828,1742887988.1648333
1,69.501,1742887988.1648333
2,71.991,1742887988.1648333
3,69.834,1742887988.1648333
4,70.675,1742887988.1648333
5,69.772,1742887988.1648333
6,68.594,1742887988.1648333
7,71.989,1742887988.1648333
0,116.821,1742887988.2649822
1,69.494,1742887988.2649822
2,71.998,1742887988.2649822
3,69.822,1742887988.2649822
4,70.678,1742887988.2649822
5,69.804,1742887988.2649822
6,68.608,1742887988.2649822
7,71.987,1742887988.2649822
0,116.805,1742887988.3650985
1,69.502,1742887988.3650985
2,72.011,1742887988.3650985
3,69.827,1742887988.3650985
4,70.662,1742887988.3650985
5,69.797,1742887988.3650985
6,68.621,1742887988.3650985
7,71.995,1742887988.3650985
0,116.805,1742887988.46528
1,69.506,1742887988.46528
2,72.005,1742887988.46528
3,69.834,1742887988.46528
4,70.648,1742887988.46528
5,69.827,1742887988.46528
6,68.615,1742887988.46528
7,72.017,1742887988.46528
0,116.805,1742887988.5654275
1,69.505,1742887988.5654275
2,72.004,1742887988.5654275
3,69.833,1742887988.5654275
4,70.642,1742887988.5654275
5,69.807,1742887988.5654275
6,68.615,1742887988.5654275
7,72.031,1742887988.5654275
0,116.831,1742887988.6655614
1,69.518,1742887988.6655614
2,72.012,1742887988.6655614
3,69.831,1742887988.6655614
4,70.65,1742887988.6655614
5,69.809,1742887988.6655614
6,68.588,1742887988.6655614
7,72.031,1742887988.6655614
0,116.834,1742887988.7656734
1,69.52,1742887988.7656734
2,72.019,1742887988.7656734
3,69.84,1742887988.7656734
4,70.665,1742887988.7656734
5,69.815,1742887988.7656734
6,68.588,1742887988.7656734
7,72.025,1742887988.7656734
0,116.834,1742887988.8658483
1,69.52,1742887988.8658483
2,72.025,1742887988.8658483
3,69.841,1742887988.8658483
4,70.641,1742887988.8658483
5,69.808,1742887988.8658483
6,68.588,1742887988.8658483
7,72.005,1742887988.8658483
0,116.827,1742887988.965981
1,69.527,1742887988.965981
2,72.025,1742887988.965981
3,69.832,1742887988.965981
4,70.634,1742887988.965981
5,69.848,1742887988.965981
6,68.582,1742887988.965981
7,72.018,1742887988.965981
0,116.829,1742887989.066108
1,69.506,1742887989.066108
2,72.018,1742887989.066108
3,69.831,1742887989.066108
4,70.626,1742887989.066108
5,69.841,1742887989.066108
6,68.596,1742887989.066108
7,72.025,1742887989.066108
0,116.827,1742887989.166239
1,69.533,1742887989.166239
2,72.019,1742887989.166239
3,69.833,1742887989.166239
4,70.627,1742887989.166239
5,69.849,1742887989.166239
6,68.588,1742887989.166239
7,72.029,1742887989.166239
0,116.834,1742887989.266421
1,69.519,1742887989.266421
2,72.019,1742887989.266421
3,69.843,1742887989.266421
4,70.658,1742887989.266421
5,69.839,1742887989.266421
6,68.582,1742887989.266421
7,72.036,1742887989.266421
0,116.82,1742887989.3665688
1,69.513,1742887989.3665688
2,72.012,1742887989.3665688
3,69.865,1742887989.3665688
4,70.652,1742887989.3665688
5,69.816,1742887989.3665688
6,68.581,1742887989.3665688
7,72.036,1742887989.3665688
0,116.828,1742887989.4666977
1,69.514,1742887989.4666977
2,72.024,1742887989.4666977
3,69.846,1742887989.4666977
4,70.638,1742887989.4666977
5,69.834,1742887989.4666977
6,68.573,1742887989.4666977
7,72.009,1742887989.4666977
0,116.822,1742887989.5668344
1,69.506,1742887989.5668344
2,72.011,1742887989.5668344
3,69.852,1742887989.5668344
4,70.623,1742887989.5668344
5,69.82,1742887989.5668344
6,68.562,1742887989.5668344
7,72.008,1742887989.5668344
0,116.848,1742887989.6669703
1,69.498,1742887989.6669703
2,72.03,1742887989.6669703
3,69.851,1742887989.6669703
4,70.617,1742887989.6669703
5,69.848,1742887989.6669703
6,68.575,1742887989.6669703
7,72.008,1742887989.6669703
0,116.829,1742887989.7671134
1,69.513,1742887989.7671134
2,72.03,1742887989.7671134
3,69.851,1742887989.7671134
4,70.597,1742887989.7671134
5,69.828,1742887989.7671134
6,68.588,1742887989.7671134
7,72.015,1742887989.7671134
0,116.829,1742887989.867245
1,69.513,1742887989.867245
2,72.017,1742887989.867245
3,69.864,1742887989.867245
4,70.6,1742887989.867245
5,69.838,1742887989.867245
6,68.587,1742887989.867245
7,72.021,1742887989.867245
0,116.84,1742887989.9673765
1,69.506,1742887989.9673765
2,72.017,1742887989.9673765
3,69.871,1742887989.9673765
4,70.617,1742887989.9673765
5,69.81,1742887989.9673765
6,68.608,1742887989.9673765
7,72.04,1742887989.9673765
0,116.854,1742887990.0675523
1,69.51,1742887990.0675523
2,72.012,1742887990.0675523
3,69.888,1742887990.0675523
4,70.603,1742887990.0675523
5,69.804,1742887990.0675523
6,68.601,1742887990.0675523
7,72.039,1742887990.0675523
0,116.835,1742887990.1676826
1,69.511,1742887990.1676826
2,72.019,1742887990.1676826
3,69.884,1742887990.1676826
4,70.614,1742887990.1676826
5,69.812,1742887990.1676826
6,68.595,1742887990.1676826
7,72.045,1742887990.1676826
0,116.848,1742887990.2678158
1,69.513,1742887990.2678158
2,72.018,1742887990.2678158
3,69.878,1742887990.2678158
4,70.599,1742887990.2678158
5,69.783,1742887990.2678158
6,68.601,1742887990.2678158
7,72.039,1742887990.2678158
0,116.836,1742887990.3679433
1,69.51,1742887990.3679433
2,71.999,1742887990.3679433
3,69.878,1742887990.3679433
4,70.608,1742887990.3679433
5,69.815,1742887990.3679433
6,68.581,1742887990.3679433
7,72.032,1742887990.3679433
0,116.856,1742887990.4680717
1,69.526,1742887990.4680717
2,71.999,1742887990.4680717
3,69.899,1742887990.4680717
4,70.602,1742887990.4680717
5,69.789,1742887990.4680717
6,68.594,1742887990.4680717
7,72.033,1742887990.4680717
0,116.849,1742887990.5682049
1,69.519,1742887990.5682049
2,71.998,1742887990.5682049
3,69.894,1742887990.5682049
4,70.625,1742887990.5682049
5,69.806,1742887990.5682049
6,68.608,1742887990.5682049
7,72.029,1742887990.5682049
0,116.835,1742887990.6683326
1,69.517,1742887990.6683326
2,71.986,1742887990.6683326
3,69.893,1742887990.6683326
4,70.645,1742887990.6683326
5,69.796,1742887990.6683326
6,68.62,1742887990.6683326
7,72.023,1742887990.6683326
0,116.848,1742887990.7684662
1,69.493,1742887990.7684662
2,71.966,1742887990.7684662
3,69.901,1742887990.7684662
4,70.672,1742887990.7684662
5,69.791,1742887990.7684662
6,68.627,1742887990.7684662
7,72.016,1742887990.7684662
0,116.842,1742887990.8686023
1,69.504,1742887990.8686023
2,71.966,1742887990.8686023
3,69.892,1742887990.8686023
4,70.682,1742887990.8686023
5,69.81,1742887990.8686023
6,68.627,1742887990.8686023
7,72.014,1742887990.8686023
0,116.822,1742887990.9687314
1,69.505,1742887990.9687314
2,71.966,1742887990.9687314
3,69.88,1742887990.9687314
4,70.647,1742887990.9687314
5,69.805,1742887990.9687314
6,68.626,1742887990.9687314
7,71.988,1742887990.9687314
0,116.815,1742887991.0688596
1,69.507,1742887991.0688596
2,71.953,1742887991.0688596
3,69.88,1742887991.0688596
4,70.663,1742887991.0688596
5,69.847,1742887991.0688596
6,68.626,1742887991.0688596
7,71.976,1742887991.0688596
0,116.822,1742887991.1690683
1,69.522,1742887991.1690683
2,71.953,1742887991.1690683
3,69.886,1742887991.1690683
4,70.651,1742887991.1690683
5,69.82,1742887991.1690683
6,68.619,1742887991.1690683
7,71.978,1742887991.1690683
0,116.824,1742887991.2691884
1,69.515,1742887991.2691884
2,71.947,1742887991.2691884
3,69.879,1742887991.2691884
4,70.67,1742887991.2691884
5,69.835,1742887991.2691884
6,68.62,1742887991.2691884
7,71.977,1742887991.2691884
0,116.822,1742887991.3693218
1,69.494,1742887991.3693218
2,71.94,1742887991.3693218
3,69.872,1742887991.3693218
4,70.66,1742887991.3693218
5,69.824,1742887991.3693218
6,68.614,1742887991.3693218
7,71.979,1742887991.3693218
0,116.783,1742887991.4694347
1,69.495,1742887991.4694347
2,71.927,1742887991.4694347
3,69.857,1742887991.4694347
4,70.664,1742887991.4694347
5,69.827,1742887991.4694347
6,68.626,1742887991.4694347
7,71.984,1742887991.4694347
0,116.811,1742887991.5695615
1,69.495,1742887991.5695615
2,71.934,1742887991.5695615
3,69.857,1742887991.5695615
4,70.655,1742887991.5695615
5,69.839,1742887991.5695615
6,68.646,1742887991.5695615
7,71.977,1742887991.5695615
0,116.804,1742887991.6697397
1,69.482,1742887991.6697397
2,71.933,1742887991.6697397
3,69.851,1742887991.6697397
4,70.642,1742887991.6697397
5,69.823,1742887991.6697397
6,68.64,1742887991.6697397
7,71.992,1742887991.6697397
0,116.792,1742887991.7698503
1,69.496,1742887991.7698503
2,71.933,1742887991.7698503
3,69.843,1742887991.7698503
4,70.65,1742887991.7698503
5,69.824,1742887991.7698503
6,68.646,1742887991.7698503
7,71.985,1742887991.7698503
0,116.802,1742887991.8700352
1,69.489,1742887991.8700352
2,71.933,1742887991.8700352
3,69.847,1742887991.8700352
4,70.631,1742887991.8700352
5,69.798,1742887991.8700352
6,68.62,1742887991.8700352
7,71.985,1742887991.8700352
0,116.802,1742887991.9701629
1,69.51,1742887991.9701629
2,71.921,1742887991.9701629
3,69.862,1742887991.9701629
4,70.629,1742887991.9701629
5,69.827,1742887991.9701629
6,68.614,1742887991.9701629
7,71.997,1742887991.9701629
0,116.811,1742887992.0703022
1,69.516,1742887992.0703022
2,71.927,1742887992.0703022
3,69.854,1742887992.0703022
4,70.62,1742887992.0703022
5,69.822,1742887992.0703022
6,68.6,1742887992.0703022
7,72.004,1742887992.0703022
0,116.804,1742887992.1704347
1,69.507,1742887992.1704347
2,71.933,1742887992.1704347
3,69.862,1742887992.1704347
4,70.612,1742887992.1704347
5,69.815,1742887992.1704347
6,68.606,1742887992.1704347
7,72.003,1742887992.1704347
0,116.795,1742887992.270546
1,69.494,1742887992.270546
2,71.953,1742887992.270546
3,69.858,1742887992.270546
4,70.606,1742887992.270546
5,69.811,1742887992.270546
6,68.62,1742887992.270546
7,71.989,1742887992.270546
0,116.803,1742887992.3706732
1,69.528,1742887992.3706732
2,71.96,1742887992.3706732
3,69.844,1742887992.3706732
4,70.608,1742887992.3706732
5,69.784,1742887992.3706732
6,68.633,1742887992.3706732
7,71.981,1742887992.3706732
0,116.842,1742887992.4708097
1,69.532,1742887992.4708097
2,71.98,1742887992.4708097
3,69.843,1742887992.4708097
4,70.609,1742887992.4708097
5,69.805,1742887992.4708097
6,68.64,1742887992.4708097
7,71.969,1742887992.4708097
0,116.809,1742887992.5709407
1,69.532,1742887992.5709407
2,71.98,1742887992.5709407
3,69.843,1742887992.5709407
4,70.594,1742887992.5709407
5,69.784,1742887992.5709407
6,68.627,1742887992.5709407
7,71.976,1742887992.5709407
0,116.84,1742887992.6710656
1,69.545,1742887992.6710656
2,71.96,1742887992.6710656
3,69.836,1742887992.6710656
4,70.613,1742887992.6710656
5,69.811,1742887992.6710656
6,68.62,1742887992.6710656
7,71.963,1742887992.6710656
0,116.847,1742887992.7712162
1,69.548,1742887992.7712162
2,71.96,1742887992.7712162
3,69.851,1742887992.7712162
4,70.612,1742887992.7712162
5,69.809,1742887992.7712162
6,68.614,1742887992.7712162
7,71.961,1742887992.7712162
0,116.854,1742887992.871347
1,69.541,1742887992.871347
2,71.966,1742887992.871347
3,69.845,1742887992.871347
4,70.621,1742887992.871347
5,69.79,1742887992.871347
6,68.62,1742887992.871347
7,71.967,1742887992.871347
0,116.847,1742887992.9714715
1,69.541,1742887992.9714715
2,71.986,1742887992.9714715
3,69.836,1742887992.9714715
4,70.616,1742887992.9714715
5,69.808,1742887992.9714715
6,68.62,1742887992.9714715
7,71.942,1742887992.9714715
0,116.855,1742887993.071581
1,69.507,1742887993.071581
2,71.999,1742887993.071581
3,69.822,1742887993.071581
4,70.612,1742887993.071581
5,69.776,1742887993.071581
6,68.627,1742887993.071581
7,71.961,1742887993.071581
0,116.848,1742887993.1717193
1,69.514,1742887993.1717193
2,72.005,1742887993.1717193
3,69.816,1742887993.1717193
4,70.618,1742887993.1717193
5,69.812,1742887993.1717193
6,68.647,1742887993.1717193
7,71.948,1742887993.1717193
0,116.854,1742887993.2718425
1,69.513,1742887993.2718425
2,72.006,1742887993.2718425
3,69.816,1742887993.2718425
4,70.625,1742887993.2718425
5,69.788,1742887993.2718425
6,68.64,1742887993.2718425
7,71.948,1742887993.2718425
0,116.835,1742887993.3719673
1,69.514,1742887993.3719673
2,71.993,1742887993.3719673
3,69.835,1742887993.3719673
4,70.631,1742887993.3719673
5,69.822,1742887993.3719673
6,68.634,1742887993.3719673
7,71.943,1742887993.3719673
0,116.843,1742887993.4721096
1,69.501,1742887993.4721096
2,71.979,1742887993.4721096
3,69.844,1742887993.4721096
4,70.632,1742887993.4721096
5,69.828,1742887993.4721096
6,68.628,1742887993.4721096
7,71.957,1742887993.4721096
0,116.841,1742887993.5722468
1,69.522,1742887993.5722468
2,71.979,1742887993.5722468
3,69.858,1742887993.5722468
4,70.658,1742887993.5722468
5,69.826,1742887993.5722468
6,68.614,1742887993.5722468
7,71.964,1742887993.5722468
0,116.836,1742887993.6723785
1,69.501,1742887993.6723785
2,71.999,1742887993.6723785
3,69.864,1742887993.6723785
4,70.653,1742887993.6723785
5,69.816,1742887993.6723785
6,68.607,1742887993.6723785
7,71.97,1742887993.6723785
0,116.822,1742887993.7726157
1,69.506,1742887993.7726157
2,71.992,1742887993.7726157
3,69.832,1742887993.7726157
4,70.66,1742887993.7726157
5,69.793,1742887993.7726157
6,68.601,1742887993.7726157
7,71.971,1742887993.7726157
0,116.815,1742887993.8727484
1,69.501,1742887993.8727484
2,71.998,1742887993.8727484
3,69.837,1742887993.8727484
4,70.657,1742887993.8727484
5,69.828,1742887993.8727484
6,68.608,1742887993.8727484
7,71.965,1742887993.8727484
0,116.83,1742887993.972891
1,69.535,1742887993.972891
2,72.012,1742887993.972891
3,69.837,1742887993.972891
4,70.676,1742887993.972891
5,69.827,1742887993.972891
6,68.608,1742887993.972891
7,71.983,1742887993.972891
0,116.835,1742887994.0730467
1,69.521,1742887994.0730467
2,71.999,1742887994.0730467
3,69.851,1742887994.0730467
4,70.68,1742887994.0730467
5,69.841,1742887994.0730467
6,68.621,1742887994.0730467
7,71.998,1742887994.0730467
0,116.849,1742887994.1731815
1,69.555,1742887994.1731815
2,71.999,1742887994.1731815
3,69.844,1742887994.1731815
4,70.691,1742887994.1731815
5,69.819,1742887994.1731815
6,68.595,1742887994.1731815
7,71.989,1742887994.1731815
0,116.843,1742887994.2733302
1,69.538,1742887994.2733302
2,71.999,1742887994.2733302
3,69.85,1742887994.2733302
4,70.684,1742887994.2733302
5,69.801,1742887994.2733302
6,68.593,1742887994.2733302
7,71.977,1742887994.2733302
0,116.861,1742887994.3734605
1,69.542,1742887994.3734605
2,72.005,1742887994.3734605
3,69.842,1742887994.3734605
4,70.697,1742887994.3734605
5,69.814,1742887994.3734605
6,68.574,1742887994.3734605
7,71.971,1742887994.3734605
0,116.841,1742887994.4735906
1,69.507,1742887994.4735906
2,72.005,1742887994.4735906
3,69.842,1742887994.4735906
4,70.693,1742887994.4735906
5,69.786,1742887994.4735906
6,68.587,1742887994.4735906
7,71.975,1742887994.4735906
0,116.841,1742887994.5737317
1,69.521,1742887994.5737317
2,72.018,1742887994.5737317
3,69.862,1742887994.5737317
4,70.656,1742887994.5737317
5,69.8,1742887994.5737317
6,68.581,1742887994.5737317
7,71.961,1742887994.5737317
0,116.828,1742887994.673895
1,69.518,1742887994.673895
2,72.011,1742887994.673895
3,69.854,1742887994.673895
4,70.642,1742887994.673895
5,69.792,1742887994.673895
6,68.575,1742887994.673895
7,71.961,1742887994.673895
0,116.828,1742887994.774024
1,69.527,1742887994.774024
2,72.005,1742887994.774024
3,69.848,1742887994.774024
4,70.648,1742887994.774024
5,69.813,1742887994.774024
6,68.595,1742887994.774024
7,71.955,1742887994.774024
0,116.822,1742887994.8741498
1,69.5,1742887994.8741498
2,72.004,1742887994.8741498
3,69.876,1742887994.8741498
4,70.643,1742887994.8741498
5,69.791,1742887994.8741498
6,68.581,1742887994.8741498
7,71.956,1742887994.8741498
0,116.809,1742887994.974255
1,69.514,1742887994.974255
2,71.998,1742887994.974255
3,69.876,1742887994.974255
4,70.642,1742887994.974255
5,69.783,1742887994.974255
6,68.587,1742887994.974255
7,71.956,1742887994.974255
0,116.79,1742887995.0743992
1,69.498,1742887995.0743992
2,72.003,1742887995.0743992
3,69.869,1742887995.0743992
4,70.627,1742887995.0743992
5,69.778,1742887995.0743992
6,68.574,1742887995.0743992
7,71.943,1742887995.0743992
0,116.803,1742887995.174515
1,69.508,1742887995.174515
2,72.01,1742887995.174515
3,69.864,1742887995.174515
4,70.625,1742887995.174515
5,69.759,1742887995.174515
6,68.58,1742887995.174515
7,71.931,1742887995.174515
0,116.79,1742887995.2746437
1,69.512,1742887995.2746437
2,72.016,1742887995.2746437
3,69.855,1742887995.2746437
4,70.612,1742887995.2746437
5,69.78,1742887995.2746437
6,68.575,1742887995.2746437
7,71.937,1742887995.2746437
0,116.79,1742887995.3747685
1,69.519,1742887995.3747685
2,71.998,1742887995.3747685
3,69.841,1742887995.3747685
4,70.605,1742887995.3747685
5,69.771,1742887995.3747685
6,68.574,1742887995.3747685
7,71.945,1742887995.3747685
0,116.801,1742887995.4749033
1,69.525,1742887995.4749033
2,72.017,1742887995.4749033
3,69.849,1742887995.4749033
4,70.615,1742887995.4749033
5,69.791,1742887995.4749033
6,68.569,1742887995.4749033
7,71.945,1742887995.4749033
0,116.81,1742887995.5750418
1,69.526,1742887995.5750418
2,72.018,1742887995.5750418
3,69.821,1742887995.5750418
4,70.624,1742887995.5750418
5,69.805,1742887995.5750418
6,68.568,1742887995.5750418
7,71.938,1742887995.5750418
0,116.81,1742887995.6751761
1,69.519,1742887995.6751761
2,72.012,1742887995.6751761
3,69.826,1742887995.6751761
4,70.61,1742887995.6751761
5,69.795,1742887995.6751761
6,68.575,1742887995.6751761
7,71.96,1742887995.6751761
