GPU_ID,Power_Usage_W,Timestamp
0,371.687,1742520331.6702068
1,369.063,1742520331.6702068
2,376.627,1742520331.6702068
3,373.147,1742520331.6702068
4,364.313,1742520331.6702068
5,380.615,1742520331.6702068
6,363.417,1742520331.6702068
7,377.718,1742520331.6702068
0,371.687,1742520331.7203267
1,368.086,1742520331.7203267
2,375.951,1742520331.7203267
3,372.646,1742520331.7203267
4,363.681,1742520331.7203267
5,380.615,1742520331.7203267
6,364.165,1742520331.7203267
7,377.718,1742520331.7203267
0,370.832,1742520331.7704816
1,368.086,1742520331.7704816
2,375.951,1742520331.7704816
3,372.646,1742520331.7704816
4,363.681,1742520331.7704816
5,378.468,1742520331.7704816
6,364.165,1742520331.7704816
7,374.359,1742520331.7704816
0,370.832,1742520331.820625
1,368.086,1742520331.820625
2,375.581,1742520331.820625
3,372.254,1742520331.820625
4,364.105,1742520331.820625
5,378.468,1742520331.820625
6,365.279,1742520331.820625
7,374.359,1742520331.820625
0,370.433,1742520331.8707669
1,368.164,1742520331.8707669
2,375.581,1742520331.8707669
3,372.254,1742520331.8707669
4,364.105,1742520331.8707669
5,377.754,1742520331.8707669
6,365.279,1742520331.8707669
7,376.438,1742520331.8707669
0,370.433,1742520331.9209044
1,368.164,1742520331.9209044
2,375.677,1742520331.9209044
3,373.623,1742520331.9209044
4,365.095,1742520331.9209044
5,377.754,1742520331.9209044
6,367.988,1742520331.9209044
7,376.438,1742520331.9209044
0,370.762,1742520331.9710393
1,367.69,1742520331.9710393
2,375.677,1742520331.9710393
3,373.623,1742520331.9710393
4,365.095,1742520331.9710393
5,376.663,1742520331.9710393
6,367.988,1742520331.9710393
7,377.856,1742520331.9710393
0,370.762,1742520332.0212092
1,367.69,1742520332.0212092
2,375.465,1742520332.0212092
3,372.813,1742520332.0212092
4,364.361,1742520332.0212092
5,376.663,1742520332.0212092
6,370.425,1742520332.0212092
7,377.856,1742520332.0212092
0,370.098,1742520332.0713017
1,367.312,1742520332.0713017
2,375.465,1742520332.0713017
3,372.813,1742520332.0713017
4,364.361,1742520332.0713017
5,377.628,1742520332.0713017
6,370.425,1742520332.0713017
7,376.882,1742520332.0713017
0,370.098,1742520332.1214674
1,358.833,1742520332.1214674
2,365.414,1742520332.1214674
3,372.358,1742520332.1214674
4,358.431,1742520332.1214674
5,377.628,1742520332.1214674
6,369.044,1742520332.1214674
7,376.882,1742520332.1214674
0,359.033,1742520332.171592
1,358.833,1742520332.171592
2,365.414,1742520332.171592
3,372.358,1742520332.171592
4,358.431,1742520332.171592
5,363.512,1742520332.171592
6,369.044,1742520332.171592
7,360.567,1742520332.171592
0,359.033,1742520332.2217243
1,334.079,1742520332.2217243
2,340.556,1742520332.2217243
3,348.328,1742520332.2217243
4,334.532,1742520332.2217243
5,363.512,1742520332.2217243
6,343.568,1742520332.2217243
7,360.567,1742520332.2217243
0,334.331,1742520332.2718587
1,334.079,1742520332.2718587
2,340.556,1742520332.2718587
3,348.328,1742520332.2718587
4,334.532,1742520332.2718587
5,337.86,1742520332.2718587
6,343.568,1742520332.2718587
7,336.226,1742520332.2718587
0,334.331,1742520332.321994
1,309.703,1742520332.321994
2,315.522,1742520332.321994
3,318.824,1742520332.321994
4,311.034,1742520332.321994
5,337.86,1742520332.321994
6,319.594,1742520332.321994
7,336.226,1742520332.321994
0,309.837,1742520332.3721251
1,309.703,1742520332.3721251
2,315.522,1742520332.3721251
3,318.824,1742520332.3721251
4,311.034,1742520332.3721251
5,312.561,1742520332.3721251
6,319.594,1742520332.3721251
7,312.087,1742520332.3721251
0,309.837,1742520332.4222999
1,285.154,1742520332.4222999
2,290.697,1742520332.4222999
3,294.349,1742520332.4222999
4,287.426,1742520332.4222999
5,312.561,1742520332.4222999
6,295.45,1742520332.4222999
7,312.087,1742520332.4222999
0,285.936,1742520332.472425
1,285.154,1742520332.472425
2,290.697,1742520332.472425
3,294.349,1742520332.472425
4,287.426,1742520332.472425
5,287.175,1742520332.472425
6,295.45,1742520332.472425
7,287.663,1742520332.472425
0,285.936,1742520332.5225573
1,260.202,1742520332.5225573
2,266.265,1742520332.5225573
3,269.002,1742520332.5225573
4,262.268,1742520332.5225573
5,287.175,1742520332.5225573
6,271.13,1742520332.5225573
7,287.663,1742520332.5225573
0,260.919,1742520332.5726914
1,260.202,1742520332.5726914
2,266.265,1742520332.5726914
3,269.002,1742520332.5726914
4,262.268,1742520332.5726914
5,261.632,1742520332.5726914
6,271.13,1742520332.5726914
7,263.566,1742520332.5726914
0,260.919,1742520332.6228273
1,235.516,1742520332.6228273
2,241.205,1742520332.6228273
3,245.156,1742520332.6228273
4,239.548,1742520332.6228273
5,261.632,1742520332.6228273
6,247.037,1742520332.6228273
7,263.566,1742520332.6228273
0,235.192,1742520332.672967
1,235.516,1742520332.672967
2,241.205,1742520332.672967
3,245.156,1742520332.672967
4,239.548,1742520332.672967
5,237.0,1742520332.672967
6,247.037,1742520332.672967
7,238.306,1742520332.672967
0,235.192,1742520332.7230995
1,211.205,1742520332.7230995
2,216.779,1742520332.7230995
3,220.455,1742520332.7230995
4,213.624,1742520332.7230995
5,237.0,1742520332.7230995
6,220.274,1742520332.7230995
7,238.306,1742520332.7230995
0,214.085,1742520332.7732325
1,211.205,1742520332.7732325
2,216.779,1742520332.7732325
3,220.455,1742520332.7732325
4,213.624,1742520332.7732325
5,212.543,1742520332.7732325
6,220.274,1742520332.7732325
7,214.804,1742520332.7732325
0,214.085,1742520332.823364
1,188.726,1742520332.823364
2,189.43,1742520332.823364
3,196.029,1742520332.823364
4,190.981,1742520332.823364
5,212.543,1742520332.823364
6,196.875,1742520332.823364
7,214.804,1742520332.823364
0,189.658,1742520332.8734975
1,188.726,1742520332.8734975
2,189.43,1742520332.8734975
3,196.029,1742520332.8734975
4,190.981,1742520332.8734975
5,187.786,1742520332.8734975
6,196.875,1742520332.8734975
7,189.453,1742520332.8734975
0,189.658,1742520332.9236164
1,160.557,1742520332.9236164
2,164.402,1742520332.9236164
3,167.88,1742520332.9236164
4,163.405,1742520332.9236164
5,187.786,1742520332.9236164
6,171.987,1742520332.9236164
7,189.453,1742520332.9236164
0,165.184,1742520332.9737396
1,160.557,1742520332.9737396
2,164.402,1742520332.9737396
3,167.88,1742520332.9737396
4,163.405,1742520332.9737396
5,161.552,1742520332.9737396
6,171.987,1742520332.9737396
7,164.702,1742520332.9737396
0,165.184,1742520333.0238683
1,135.337,1742520333.0238683
2,142.862,1742520333.0238683
3,145.685,1742520333.0238683
4,138.407,1742520333.0238683
5,161.552,1742520333.0238683
6,145.482,1742520333.0238683
7,164.702,1742520333.0238683
0,140.334,1742520333.0740042
1,135.337,1742520333.0740042
2,142.862,1742520333.0740042
3,145.685,1742520333.0740042
4,138.407,1742520333.0740042
5,140.49,1742520333.0740042
6,145.482,1742520333.0740042
7,139.156,1742520333.0740042
0,140.334,1742520333.1241333
1,118.697,1742520333.1241333
2,123.164,1742520333.1241333
3,120.986,1742520333.1241333
4,119.47,1742520333.1241333
5,140.49,1742520333.1241333
6,119.292,1742520333.1241333
7,139.156,1742520333.1241333
0,122.256,1742520333.1742568
1,118.697,1742520333.1742568
2,123.164,1742520333.1742568
3,120.986,1742520333.1742568
4,119.47,1742520333.1742568
5,122.522,1742520333.1742568
6,119.292,1742520333.1742568
7,127.303,1742520333.1742568
0,122.256,1742520333.2243888
1,118.697,1742520333.2243888
2,123.164,1742520333.2243888
3,128.951,1742520333.2243888
4,133.15,1742520333.2243888
5,122.522,1742520333.2243888
6,125.221,1742520333.2243888
7,127.303,1742520333.2243888
0,143.928,1742520333.2745116
1,134.896,1742520333.2745116
2,140.35,1742520333.2745116
3,128.951,1742520333.2745116
4,133.15,1742520333.2745116
5,144.911,1742520333.2745116
6,125.221,1742520333.2745116
7,156.11,1742520333.2745116
0,143.928,1742520333.3246844
1,134.896,1742520333.3246844
2,140.35,1742520333.3246844
3,154.913,1742520333.3246844
4,157.001,1742520333.3246844
5,144.911,1742520333.3246844
6,151.02,1742520333.3246844
7,156.11,1742520333.3246844
0,169.466,1742520333.3748634
1,161.317,1742520333.3748634
2,166.205,1742520333.3748634
3,154.913,1742520333.3748634
4,157.001,1742520333.3748634
5,171.543,1742520333.3748634
6,151.02,1742520333.3748634
7,181.441,1742520333.3748634
0,169.466,1742520333.4250064
1,161.317,1742520333.4250064
2,166.205,1742520333.4250064
3,180.12,1742520333.4250064
4,157.001,1742520333.4250064
5,171.543,1742520333.4250064
6,174.843,1742520333.4250064
7,181.441,1742520333.4250064
0,195.43,1742520333.475139
1,187.09,1742520333.475139
2,194.694,1742520333.475139
3,180.12,1742520333.475139
4,183.039,1742520333.475139
5,197.254,1742520333.475139
6,174.843,1742520333.475139
7,208.872,1742520333.475139
0,195.43,1742520333.5254698
1,187.09,1742520333.5254698
2,194.694,1742520333.5254698
3,206.756,1742520333.5254698
4,183.039,1742520333.5254698
5,197.254,1742520333.5254698
6,201.938,1742520333.5254698
7,208.872,1742520333.5254698
0,221.486,1742520333.5756059
1,219.616,1742520333.5756059
2,222.327,1742520333.5756059
3,206.756,1742520333.5756059
4,216.863,1742520333.5756059
5,226.509,1742520333.5756059
6,201.938,1742520333.5756059
7,235.442,1742520333.5756059
0,221.486,1742520333.625723
1,219.616,1742520333.625723
2,222.327,1742520333.625723
3,233.932,1742520333.625723
4,216.863,1742520333.625723
5,226.509,1742520333.625723
6,233.169,1742520333.625723
7,235.442,1742520333.625723
0,247.744,1742520333.6758547
1,244.913,1742520333.6758547
2,246.711,1742520333.6758547
3,233.932,1742520333.6758547
4,242.643,1742520333.6758547
5,253.1,1742520333.6758547
6,233.169,1742520333.6758547
7,262.992,1742520333.6758547
0,247.744,1742520333.7259395
1,244.913,1742520333.7259395
2,246.711,1742520333.7259395
3,260.783,1742520333.7259395
4,242.643,1742520333.7259395
5,253.1,1742520333.7259395
6,256.792,1742520333.7259395
7,262.992,1742520333.7259395
0,274.932,1742520333.776058
1,269.002,1742520333.776058
2,271.072,1742520333.776058
3,260.783,1742520333.776058
4,268.608,1742520333.776058
5,275.601,1742520333.776058
6,256.792,1742520333.776058
7,285.862,1742520333.776058
0,274.932,1742520333.826182
1,269.002,1742520333.826182
2,271.072,1742520333.826182
3,294.298,1742520333.826182
4,268.608,1742520333.826182
5,275.601,1742520333.826182
6,283.091,1742520333.826182
7,285.862,1742520333.826182
0,297.563,1742520333.876308
1,294.67,1742520333.876308
2,295.962,1742520333.876308
3,294.298,1742520333.876308
4,295.503,1742520333.876308
5,300.881,1742520333.876308
6,283.091,1742520333.876308
7,311.152,1742520333.876308
0,297.563,1742520333.9264343
1,294.67,1742520333.9264343
2,295.962,1742520333.9264343
3,321.097,1742520333.9264343
4,295.503,1742520333.9264343
5,300.881,1742520333.9264343
6,312.978,1742520333.9264343
7,311.152,1742520333.9264343
0,322.344,1742520333.976568
1,320.157,1742520333.976568
2,321.002,1742520333.976568
3,321.097,1742520333.976568
4,320.894,1742520333.976568
5,330.012,1742520333.976568
6,312.978,1742520333.976568
7,341.394,1742520333.976568
0,322.344,1742520334.0266583
1,320.157,1742520334.0266583
2,321.002,1742520334.0266583
3,342.134,1742520334.0266583
4,320.894,1742520334.0266583
5,330.012,1742520334.0266583
6,338.593,1742520334.0266583
7,341.394,1742520334.0266583
0,355.385,1742520334.0767944
1,345.298,1742520334.0767944
2,348.079,1742520334.0767944
3,342.134,1742520334.0767944
4,345.643,1742520334.0767944
5,355.237,1742520334.0767944
6,338.593,1742520334.0767944
7,366.997,1742520334.0767944
0,355.385,1742520334.1268861
1,345.298,1742520334.1268861
2,348.079,1742520334.1268861
3,373.149,1742520334.1268861
4,345.643,1742520334.1268861
5,355.237,1742520334.1268861
6,359.778,1742520334.1268861
7,366.997,1742520334.1268861
0,379.793,1742520334.1770072
1,370.045,1742520334.1770072
2,369.411,1742520334.1770072
3,373.149,1742520334.1770072
4,364.128,1742520334.1770072
5,380.444,1742520334.1770072
6,359.778,1742520334.1770072
7,385.988,1742520334.1770072
0,379.793,1742520334.2271414
1,370.045,1742520334.2271414
2,369.411,1742520334.2271414
3,383.581,1742520334.2271414
4,364.128,1742520334.2271414
5,380.444,1742520334.2271414
6,376.366,1742520334.2271414
7,385.988,1742520334.2271414
0,380.531,1742520334.2772763
1,371.618,1742520334.2772763
2,377.076,1742520334.2772763
3,383.581,1742520334.2772763
4,374.316,1742520334.2772763
5,385.196,1742520334.2772763
6,376.366,1742520334.2772763
7,385.988,1742520334.2772763
0,380.531,1742520334.3273969
1,371.618,1742520334.3273969
2,377.076,1742520334.3273969
3,383.774,1742520334.3273969
4,374.316,1742520334.3273969
5,385.196,1742520334.3273969
6,375.619,1742520334.3273969
7,388.163,1742520334.3273969
0,381.708,1742520334.3776214
1,371.279,1742520334.3776214
2,377.284,1742520334.3776214
3,383.774,1742520334.3776214
4,374.088,1742520334.3776214
5,384.397,1742520334.3776214
6,375.619,1742520334.3776214
7,388.163,1742520334.3776214
0,381.708,1742520334.427711
1,371.279,1742520334.427711
2,377.284,1742520334.427711
3,384.391,1742520334.427711
4,374.088,1742520334.427711
5,384.397,1742520334.427711
6,376.025,1742520334.427711
7,387.503,1742520334.427711
0,380.33,1742520334.4778478
1,373.305,1742520334.4778478
2,377.991,1742520334.4778478
3,384.391,1742520334.4778478
4,373.805,1742520334.4778478
5,383.528,1742520334.4778478
6,376.025,1742520334.4778478
7,387.503,1742520334.4778478
0,380.33,1742520334.52794
1,373.305,1742520334.52794
2,377.991,1742520334.52794
3,383.85,1742520334.52794
4,373.805,1742520334.52794
5,383.528,1742520334.52794
6,375.727,1742520334.52794
7,386.272,1742520334.52794
0,380.205,1742520334.578072
1,373.171,1742520334.578072
2,377.518,1742520334.578072
3,383.85,1742520334.578072
4,372.087,1742520334.578072
5,382.295,1742520334.578072
6,375.727,1742520334.578072
7,386.272,1742520334.578072
0,380.205,1742520334.628195
1,373.171,1742520334.628195
2,377.518,1742520334.628195
3,381.341,1742520334.628195
4,372.087,1742520334.628195
5,382.295,1742520334.628195
6,375.609,1742520334.628195
7,386.699,1742520334.628195
0,380.698,1742520334.678329
1,373.07,1742520334.678329
2,377.719,1742520334.678329
3,381.341,1742520334.678329
4,371.382,1742520334.678329
5,380.53,1742520334.678329
6,375.609,1742520334.678329
7,386.699,1742520334.678329
0,380.698,1742520334.728466
1,373.07,1742520334.728466
2,377.719,1742520334.728466
3,382.266,1742520334.728466
4,371.382,1742520334.728466
5,380.53,1742520334.728466
6,374.313,1742520334.728466
7,385.498,1742520334.728466
0,378.741,1742520334.7785926
1,374.529,1742520334.7785926
2,376.914,1742520334.7785926
3,382.266,1742520334.7785926
4,370.657,1742520334.7785926
5,381.088,1742520334.7785926
6,374.313,1742520334.7785926
7,385.498,1742520334.7785926
0,378.741,1742520334.8286846
1,374.529,1742520334.8286846
2,376.914,1742520334.8286846
3,381.378,1742520334.8286846
4,370.657,1742520334.8286846
5,381.088,1742520334.8286846
6,372.164,1742520334.8286846
7,387.449,1742520334.8286846
0,380.479,1742520334.8788214
1,373.873,1742520334.8788214
2,377.609,1742520334.8788214
3,381.378,1742520334.8788214
4,368.065,1742520334.8788214
5,383.022,1742520334.8788214
6,372.164,1742520334.8788214
7,387.449,1742520334.8788214
0,380.479,1742520334.9289129
1,373.873,1742520334.9289129
2,377.609,1742520334.9289129
3,381.26,1742520334.9289129
4,368.065,1742520334.9289129
5,383.022,1742520334.9289129
6,372.091,1742520334.9289129
7,387.973,1742520334.9289129
0,379.914,1742520334.9790463
1,373.616,1742520334.9790463
2,377.987,1742520334.9790463
3,381.26,1742520334.9790463
4,366.796,1742520334.9790463
5,382.796,1742520334.9790463
6,372.091,1742520334.9790463
7,387.973,1742520334.9790463
0,379.914,1742520335.0291831
1,373.616,1742520335.0291831
2,377.987,1742520335.0291831
3,381.279,1742520335.0291831
4,366.796,1742520335.0291831
5,382.796,1742520335.0291831
6,371.434,1742520335.0291831
7,387.75,1742520335.0291831
0,381.487,1742520335.079319
1,373.332,1742520335.079319
2,375.816,1742520335.079319
3,381.279,1742520335.079319
4,366.642,1742520335.079319
5,385.79,1742520335.079319
6,371.434,1742520335.079319
7,387.75,1742520335.079319
0,381.487,1742520335.1294544
1,373.332,1742520335.1294544
2,375.816,1742520335.1294544
3,381.737,1742520335.1294544
4,366.642,1742520335.1294544
5,385.79,1742520335.1294544
6,370.459,1742520335.1294544
7,389.024,1742520335.1294544
0,383.955,1742520335.179589
1,373.63,1742520335.179589
2,375.065,1742520335.179589
3,381.737,1742520335.179589
4,367.819,1742520335.179589
5,387.095,1742520335.179589
6,370.459,1742520335.179589
7,389.024,1742520335.179589
0,383.955,1742520335.2296834
1,373.63,1742520335.2296834
2,375.065,1742520335.2296834
3,384.165,1742520335.2296834
4,367.819,1742520335.2296834
5,387.095,1742520335.2296834
6,371.617,1742520335.2296834
7,389.92,1742520335.2296834
0,384.53,1742520335.279814
1,373.018,1742520335.279814
2,375.485,1742520335.279814
3,384.165,1742520335.279814
4,369.722,1742520335.279814
5,387.628,1742520335.279814
6,371.617,1742520335.279814
7,389.92,1742520335.279814
0,384.53,1742520335.3299046
1,373.018,1742520335.3299046
2,375.485,1742520335.3299046
3,382.307,1742520335.3299046
4,369.722,1742520335.3299046
5,387.628,1742520335.3299046
6,374.341,1742520335.3299046
7,391.511,1742520335.3299046
0,384.542,1742520335.3800325
1,371.891,1742520335.3800325
2,374.219,1742520335.3800325
3,382.307,1742520335.3800325
4,370.724,1742520335.3800325
5,387.222,1742520335.3800325
6,374.341,1742520335.3800325
7,391.511,1742520335.3800325
0,384.542,1742520335.430167
1,371.891,1742520335.430167
2,374.219,1742520335.430167
3,383.598,1742520335.430167
4,370.724,1742520335.430167
5,387.222,1742520335.430167
6,373.213,1742520335.430167
7,391.502,1742520335.430167
0,383.514,1742520335.4802997
1,370.784,1742520335.4802997
2,373.617,1742520335.4802997
3,383.598,1742520335.4802997
4,371.187,1742520335.4802997
5,386.532,1742520335.4802997
6,373.213,1742520335.4802997
7,391.502,1742520335.4802997
0,383.514,1742520335.5304272
1,370.784,1742520335.5304272
2,373.617,1742520335.5304272
3,380.705,1742520335.5304272
4,371.187,1742520335.5304272
5,386.532,1742520335.5304272
6,375.535,1742520335.5304272
7,392.626,1742520335.5304272
0,383.114,1742520335.5805225
1,369.545,1742520335.5805225
2,373.602,1742520335.5805225
3,380.705,1742520335.5805225
4,371.642,1742520335.5805225
5,385.243,1742520335.5805225
6,375.535,1742520335.5805225
7,392.626,1742520335.5805225
0,383.114,1742520335.6306138
1,369.545,1742520335.6306138
2,373.602,1742520335.6306138
3,380.345,1742520335.6306138
4,371.642,1742520335.6306138
5,385.243,1742520335.6306138
6,376.276,1742520335.6306138
7,391.334,1742520335.6306138
0,383.478,1742520335.6807477
1,368.942,1742520335.6807477
2,373.787,1742520335.6807477
3,380.345,1742520335.6807477
4,371.357,1742520335.6807477
5,383.659,1742520335.6807477
6,376.276,1742520335.6807477
7,391.334,1742520335.6807477
0,383.478,1742520335.7308764
1,368.942,1742520335.7308764
2,373.787,1742520335.7308764
3,380.12,1742520335.7308764
4,371.357,1742520335.7308764
5,383.659,1742520335.7308764
6,377.642,1742520335.7308764
7,391.239,1742520335.7308764
0,382.998,1742520335.7810004
1,369.188,1742520335.7810004
2,376.297,1742520335.7810004
3,380.12,1742520335.7810004
4,371.197,1742520335.7810004
5,383.399,1742520335.7810004
6,377.642,1742520335.7810004
7,391.239,1742520335.7810004
0,382.998,1742520335.831095
1,369.188,1742520335.831095
2,376.297,1742520335.831095
3,378.583,1742520335.831095
4,371.197,1742520335.831095
5,383.399,1742520335.831095
6,377.184,1742520335.831095
7,391.475,1742520335.831095
0,381.526,1742520335.8812273
1,368.807,1742520335.8812273
2,376.379,1742520335.8812273
3,378.583,1742520335.8812273
4,371.469,1742520335.8812273
5,381.724,1742520335.8812273
6,377.184,1742520335.8812273
7,391.475,1742520335.8812273
0,381.526,1742520335.9313612
1,368.807,1742520335.9313612
2,376.379,1742520335.9313612
3,378.243,1742520335.9313612
4,371.469,1742520335.9313612
5,381.724,1742520335.9313612
6,376.461,1742520335.9313612
7,389.943,1742520335.9313612
0,381.165,1742520335.981496
1,369.745,1742520335.981496
2,377.341,1742520335.981496
3,378.243,1742520335.981496
4,371.092,1742520335.981496
5,380.789,1742520335.981496
6,376.461,1742520335.981496
7,389.943,1742520335.981496
0,381.165,1742520336.031597
1,369.745,1742520336.031597
2,377.341,1742520336.031597
3,377.009,1742520336.031597
4,371.092,1742520336.031597
5,380.789,1742520336.031597
6,377.001,1742520336.031597
7,389.379,1742520336.031597
0,380.237,1742520336.0817044
1,371.825,1742520336.0817044
2,377.176,1742520336.0817044
3,377.009,1742520336.0817044
4,371.103,1742520336.0817044
5,380.008,1742520336.0817044
6,377.001,1742520336.0817044
7,389.379,1742520336.0817044
0,380.237,1742520336.1318128
1,371.825,1742520336.1318128
2,377.176,1742520336.1318128
3,375.243,1742520336.1318128
4,371.103,1742520336.1318128
5,380.008,1742520336.1318128
6,375.896,1742520336.1318128
7,388.178,1742520336.1318128
0,377.913,1742520336.1819463
1,372.533,1742520336.1819463
2,378.229,1742520336.1819463
3,375.243,1742520336.1819463
4,369.618,1742520336.1819463
5,379.4,1742520336.1819463
6,375.896,1742520336.1819463
7,388.178,1742520336.1819463
0,377.913,1742520336.2320817
1,372.533,1742520336.2320817
2,378.229,1742520336.2320817
3,376.433,1742520336.2320817
4,369.618,1742520336.2320817
5,379.4,1742520336.2320817
6,375.104,1742520336.2320817
7,387.67,1742520336.2320817
0,376.792,1742520336.2822146
1,373.333,1742520336.2822146
2,378.246,1742520336.2822146
3,376.433,1742520336.2822146
4,368.715,1742520336.2822146
5,380.504,1742520336.2822146
6,375.104,1742520336.2822146
7,387.67,1742520336.2822146
0,376.792,1742520336.3323464
1,373.333,1742520336.3323464
2,378.246,1742520336.3323464
3,376.434,1742520336.3323464
4,368.715,1742520336.3323464
5,380.504,1742520336.3323464
6,374.481,1742520336.3323464
7,384.628,1742520336.3323464
0,377.263,1742520336.3824792
1,373.577,1742520336.3824792
2,378.065,1742520336.3824792
3,376.434,1742520336.3824792
4,367.53,1742520336.3824792
5,382.168,1742520336.3824792
6,374.481,1742520336.3824792
7,384.628,1742520336.3824792
0,377.263,1742520336.432608
1,373.577,1742520336.432608
2,378.065,1742520336.432608
3,376.434,1742520336.432608
4,367.53,1742520336.432608
5,382.168,1742520336.432608
6,374.085,1742520336.432608
7,386.219,1742520336.432608
0,377.788,1742520336.482732
1,374.94,1742520336.482732
2,377.276,1742520336.482732
3,374.938,1742520336.482732
4,366.354,1742520336.482732
5,384.044,1742520336.482732
6,374.085,1742520336.482732
7,386.219,1742520336.482732
0,377.788,1742520336.5328572
1,374.94,1742520336.5328572
2,377.276,1742520336.5328572
3,374.938,1742520336.5328572
4,366.354,1742520336.5328572
5,384.044,1742520336.5328572
6,370.523,1742520336.5328572
7,385.93,1742520336.5328572
0,378.745,1742520336.5829928
1,374.814,1742520336.5829928
2,375.94,1742520336.5829928
3,377.086,1742520336.5829928
4,365.332,1742520336.5829928
5,384.086,1742520336.5829928
6,370.523,1742520336.5829928
7,385.93,1742520336.5829928
0,378.745,1742520336.633134
1,374.814,1742520336.633134
2,375.94,1742520336.633134
3,377.086,1742520336.633134
4,365.332,1742520336.633134
5,384.086,1742520336.633134
6,369.363,1742520336.633134
7,385.585,1742520336.633134
0,379.301,1742520336.683269
1,376.502,1742520336.683269
2,375.882,1742520336.683269
3,378.052,1742520336.683269
4,365.378,1742520336.683269
5,385.679,1742520336.683269
6,369.363,1742520336.683269
7,385.585,1742520336.683269
0,379.301,1742520336.7334049
1,376.502,1742520336.7334049
2,375.882,1742520336.7334049
3,378.052,1742520336.7334049
4,365.378,1742520336.7334049
5,385.679,1742520336.7334049
6,367.9,1742520336.7334049
7,387.639,1742520336.7334049
0,379.532,1742520336.78354
1,376.743,1742520336.78354
2,374.556,1742520336.78354
3,377.484,1742520336.78354
4,365.12,1742520336.78354
5,385.672,1742520336.78354
6,367.9,1742520336.78354
7,387.639,1742520336.78354
0,379.532,1742520336.833676
1,376.743,1742520336.833676
2,374.556,1742520336.833676
3,377.484,1742520336.833676
4,365.12,1742520336.833676
5,385.672,1742520336.833676
6,368.083,1742520336.833676
7,386.966,1742520336.833676
0,380.107,1742520336.8838751
1,377.428,1742520336.8838751
2,373.051,1742520336.8838751
3,379.564,1742520336.8838751
4,365.629,1742520336.8838751
5,387.036,1742520336.8838751
6,368.083,1742520336.8838751
7,386.966,1742520336.8838751
0,380.107,1742520336.9340012
1,377.428,1742520336.9340012
2,373.051,1742520336.9340012
3,379.564,1742520336.9340012
4,365.629,1742520336.9340012
5,387.036,1742520336.9340012
6,369.284,1742520336.9340012
7,386.38,1742520336.9340012
0,380.549,1742520336.9843729
1,377.088,1742520336.9843729
2,370.787,1742520336.9843729
3,379.937,1742520336.9843729
4,366.84,1742520336.9843729
5,387.857,1742520336.9843729
6,369.284,1742520336.9843729
7,386.38,1742520336.9843729
0,380.549,1742520337.0344965
1,377.088,1742520337.0344965
2,370.787,1742520337.0344965
3,379.937,1742520337.0344965
4,366.84,1742520337.0344965
5,387.857,1742520337.0344965
6,368.293,1742520337.0344965
7,386.736,1742520337.0344965
0,381.186,1742520337.084634
1,375.827,1742520337.084634
2,370.557,1742520337.084634
3,380.185,1742520337.084634
4,365.92,1742520337.084634
5,389.088,1742520337.084634
6,368.293,1742520337.084634
7,386.736,1742520337.084634
0,381.186,1742520337.1347573
1,375.827,1742520337.1347573
2,370.557,1742520337.1347573
3,380.185,1742520337.1347573
4,365.92,1742520337.1347573
5,389.088,1742520337.1347573
6,368.065,1742520337.1347573
7,387.634,1742520337.1347573
0,381.259,1742520337.1849027
1,374.618,1742520337.1849027
2,369.587,1742520337.1849027
3,381.699,1742520337.1849027
4,365.526,1742520337.1849027
5,390.184,1742520337.1849027
6,368.065,1742520337.1849027
7,387.634,1742520337.1849027
0,381.259,1742520337.235028
1,374.618,1742520337.235028
2,369.587,1742520337.235028
3,381.699,1742520337.235028
4,365.526,1742520337.235028
5,390.184,1742520337.235028
6,367.73,1742520337.235028
7,388.833,1742520337.235028
0,382.34,1742520337.2851524
1,374.36,1742520337.2851524
2,369.596,1742520337.2851524
3,381.995,1742520337.2851524
4,365.729,1742520337.2851524
5,390.622,1742520337.2851524
6,367.73,1742520337.2851524
7,388.833,1742520337.2851524
0,382.34,1742520337.335278
1,374.36,1742520337.335278
2,369.596,1742520337.335278
3,381.995,1742520337.335278
4,365.729,1742520337.335278
5,390.622,1742520337.335278
6,366.587,1742520337.335278
7,389.693,1742520337.335278
0,382.083,1742520337.385412
1,373.306,1742520337.385412
2,370.682,1742520337.385412
3,382.507,1742520337.385412
4,365.402,1742520337.385412
5,389.909,1742520337.385412
6,366.587,1742520337.385412
7,389.693,1742520337.385412
0,382.083,1742520337.4355392
1,373.306,1742520337.4355392
2,370.682,1742520337.4355392
3,382.507,1742520337.4355392
4,365.402,1742520337.4355392
5,389.909,1742520337.4355392
6,365.464,1742520337.4355392
7,388.965,1742520337.4355392
0,381.014,1742520337.4856632
1,373.184,1742520337.4856632
2,371.045,1742520337.4856632
3,383.31,1742520337.4856632
4,364.734,1742520337.4856632
5,388.875,1742520337.4856632
6,365.464,1742520337.4856632
7,388.965,1742520337.4856632
0,381.014,1742520337.5357966
1,373.184,1742520337.5357966
2,371.045,1742520337.5357966
3,383.31,1742520337.5357966
4,364.734,1742520337.5357966
5,388.875,1742520337.5357966
6,366.442,1742520337.5357966
7,389.591,1742520337.5357966
0,380.922,1742520337.5859482
1,371.761,1742520337.5859482
2,370.569,1742520337.5859482
3,383.131,1742520337.5859482
4,365.088,1742520337.5859482
5,388.036,1742520337.5859482
6,366.442,1742520337.5859482
7,389.591,1742520337.5859482
0,380.922,1742520337.6360705
1,371.761,1742520337.6360705
2,370.569,1742520337.6360705
3,383.131,1742520337.6360705
4,365.088,1742520337.6360705
5,388.036,1742520337.6360705
6,365.349,1742520337.6360705
7,388.794,1742520337.6360705
0,379.954,1742520337.6863177
1,371.655,1742520337.6863177
2,370.22,1742520337.6863177
3,382.891,1742520337.6863177
4,364.071,1742520337.6863177
5,387.335,1742520337.6863177
6,365.349,1742520337.6863177
7,388.794,1742520337.6863177
0,379.954,1742520337.7364528
1,371.655,1742520337.7364528
2,370.22,1742520337.7364528
3,382.891,1742520337.7364528
4,364.071,1742520337.7364528
5,387.335,1742520337.7364528
6,365.906,1742520337.7364528
7,388.21,1742520337.7364528
0,380.058,1742520337.7866375
1,372.843,1742520337.7866375
2,370.106,1742520337.7866375
3,382.496,1742520337.7866375
4,363.716,1742520337.7866375
5,387.263,1742520337.7866375
6,365.906,1742520337.7866375
7,388.21,1742520337.7866375
0,380.058,1742520337.8369298
1,372.843,1742520337.8369298
2,370.106,1742520337.8369298
3,382.496,1742520337.8369298
4,363.716,1742520337.8369298
5,387.263,1742520337.8369298
6,365.677,1742520337.8369298
7,388.468,1742520337.8369298
0,378.843,1742520337.8870533
1,373.456,1742520337.8870533
2,369.946,1742520337.8870533
3,381.486,1742520337.8870533
4,362.978,1742520337.8870533
5,387.263,1742520337.8870533
6,365.677,1742520337.8870533
7,388.468,1742520337.8870533
0,378.843,1742520337.937187
1,373.456,1742520337.937187
2,369.946,1742520337.937187
3,381.486,1742520337.937187
4,362.978,1742520337.937187
5,386.515,1742520337.937187
6,365.448,1742520337.937187
7,386.978,1742520337.937187
0,377.242,1742520337.9873438
1,373.498,1742520337.9873438
2,369.987,1742520337.9873438
3,381.209,1742520337.9873438
4,362.469,1742520337.9873438
5,386.515,1742520337.9873438
6,365.448,1742520337.9873438
7,386.978,1742520337.9873438
0,377.242,1742520338.0374277
1,373.498,1742520338.0374277
2,369.987,1742520338.0374277
3,381.209,1742520338.0374277
4,362.469,1742520338.0374277
5,384.951,1742520338.0374277
6,365.007,1742520338.0374277
7,385.684,1742520338.0374277
0,376.688,1742520338.0875595
1,373.072,1742520338.0875595
2,367.943,1742520338.0875595
3,380.989,1742520338.0875595
4,361.421,1742520338.0875595
5,384.951,1742520338.0875595
6,365.007,1742520338.0875595
7,385.684,1742520338.0875595
0,376.688,1742520338.137681
1,373.072,1742520338.137681
2,367.943,1742520338.137681
3,380.989,1742520338.137681
4,361.421,1742520338.137681
5,383.214,1742520338.137681
6,366.414,1742520338.137681
7,384.544,1742520338.137681
0,375.969,1742520338.187814
1,374.833,1742520338.187814
2,368.547,1742520338.187814
3,378.245,1742520338.187814
4,362.141,1742520338.187814
5,383.214,1742520338.187814
6,366.414,1742520338.187814
7,384.544,1742520338.187814
0,375.969,1742520338.2379456
1,374.833,1742520338.2379456
2,368.547,1742520338.2379456
3,378.245,1742520338.2379456
4,362.141,1742520338.2379456
5,382.794,1742520338.2379456
6,362.15,1742520338.2379456
7,377.946,1742520338.2379456
0,353.462,1742520338.2880561
1,359.335,1742520338.2880561
2,352.103,1742520338.2880561
3,367.968,1742520338.2880561
4,349.057,1742520338.2880561
5,382.794,1742520338.2880561
6,362.15,1742520338.2880561
7,377.946,1742520338.2880561
0,353.462,1742520338.3381877
1,359.335,1742520338.3381877
2,352.103,1742520338.3381877
3,367.968,1742520338.3381877
4,349.057,1742520338.3381877
5,355.211,1742520338.3381877
6,337.776,1742520338.3381877
7,352.312,1742520338.3381877
0,328.069,1742520338.3883204
1,329.216,1742520338.3883204
2,328.914,1742520338.3883204
3,342.299,1742520338.3883204
4,326.445,1742520338.3883204
5,355.211,1742520338.3883204
6,337.776,1742520338.3883204
7,352.312,1742520338.3883204
0,328.069,1742520338.4384549
1,329.216,1742520338.4384549
2,328.914,1742520338.4384549
3,342.299,1742520338.4384549
4,326.445,1742520338.4384549
5,329.056,1742520338.4384549
6,313.717,1742520338.4384549
7,326.682,1742520338.4384549
0,306.149,1742520338.4885902
1,329.216,1742520338.4885902
2,301.69,1742520338.4885902
3,309.834,1742520338.4885902
4,297.336,1742520338.4885902
5,329.056,1742520338.4885902
6,313.717,1742520338.4885902
7,326.682,1742520338.4885902
0,306.149,1742520338.5387197
1,301.48,1742520338.5387197
2,301.69,1742520338.5387197
3,309.834,1742520338.5387197
4,297.336,1742520338.5387197
5,303.936,1742520338.5387197
6,288.716,1742520338.5387197
7,326.682,1742520338.5387197
0,280.999,1742520338.5888517
1,276.434,1742520338.5888517
2,281.391,1742520338.5888517
3,286.339,1742520338.5888517
4,273.96,1742520338.5888517
5,303.936,1742520338.5888517
6,288.716,1742520338.5888517
7,297.671,1742520338.5888517
0,280.999,1742520338.6389852
1,276.434,1742520338.6389852
2,281.391,1742520338.6389852
3,286.339,1742520338.6389852
4,273.96,1742520338.6389852
5,278.385,1742520338.6389852
6,288.716,1742520338.6389852
7,275.103,1742520338.6389852
0,280.999,1742520338.6891057
1,254.701,1742520338.6891057
2,256.652,1742520338.6891057
3,260.735,1742520338.6891057
4,246.326,1742520338.6891057
5,278.385,1742520338.6891057
6,259.716,1742520338.6891057
7,275.103,1742520338.6891057
0,255.984,1742520338.7392378
1,254.701,1742520338.7392378
2,256.652,1742520338.7392378
3,260.735,1742520338.7392378
4,246.326,1742520338.7392378
5,252.557,1742520338.7392378
6,234.918,1742520338.7392378
7,249.14,1742520338.7392378
0,255.984,1742520338.789366
1,228.288,1742520338.789366
2,232.476,1742520338.789366
3,234.913,1742520338.789366
4,226.665,1742520338.789366
5,252.557,1742520338.789366
6,234.918,1742520338.789366
7,249.14,1742520338.789366
0,230.818,1742520338.8394985
1,228.288,1742520338.8394985
2,232.476,1742520338.8394985
3,234.913,1742520338.8394985
4,226.665,1742520338.8394985
5,227.135,1742520338.8394985
6,211.504,1742520338.8394985
7,225.109,1742520338.8394985
0,230.818,1742520338.8896227
1,228.288,1742520338.8896227
2,208.47,1742520338.8896227
3,210.178,1742520338.8896227
4,202.595,1742520338.8896227
5,227.135,1742520338.8896227
6,211.504,1742520338.8896227
7,225.109,1742520338.8896227
0,206.567,1742520338.9397435
1,198.068,1742520338.9397435
2,208.47,1742520338.9397435
3,210.178,1742520338.9397435
4,202.595,1742520338.9397435
5,198.839,1742520338.9397435
6,187.414,1742520338.9397435
7,199.786,1742520338.9397435
0,206.567,1742520338.9898758
1,198.068,1742520338.9898758
2,184.873,1742520338.9898758
3,184.389,1742520338.9898758
4,178.865,1742520338.9898758
5,198.839,1742520338.9898758
6,187.414,1742520338.9898758
7,199.786,1742520338.9898758
0,181.88,1742520339.0400121
1,178.281,1742520339.0400121
2,184.873,1742520339.0400121
3,184.389,1742520339.0400121
4,178.865,1742520339.0400121
5,173.561,1742520339.0400121
6,187.414,1742520339.0400121
7,175.199,1742520339.0400121
0,181.88,1742520339.0901356
1,178.281,1742520339.0901356
2,160.951,1742520339.0901356
3,159.52,1742520339.0901356
4,155.007,1742520339.0901356
5,173.561,1742520339.0901356
6,159.442,1742520339.0901356
7,175.199,1742520339.0901356
0,157.107,1742520339.1402678
1,153.007,1742520339.1402678
2,160.951,1742520339.1402678
3,159.52,1742520339.1402678
4,155.007,1742520339.1402678
5,147.69,1742520339.1402678
6,159.442,1742520339.1402678
7,149.915,1742520339.1402678
0,157.107,1742520339.19039
1,128.121,1742520339.19039
2,137.385,1742520339.19039
3,135.441,1742520339.19039
4,130.57,1742520339.19039
5,147.69,1742520339.19039
6,134.6,1742520339.19039
7,149.915,1742520339.19039
0,132.783,1742520339.2405114
1,128.121,1742520339.2405114
2,137.385,1742520339.2405114
3,135.441,1742520339.2405114
4,130.57,1742520339.2405114
5,122.91,1742520339.2405114
6,134.6,1742520339.2405114
7,126.897,1742520339.2405114
0,132.783,1742520339.2906475
1,128.121,1742520339.2906475
2,123.433,1742520339.2906475
3,119.739,1742520339.2906475
4,119.573,1742520339.2906475
5,122.91,1742520339.2906475
6,117.635,1742520339.2906475
7,126.897,1742520339.2906475
0,122.452,1742520339.3407795
1,118.592,1742520339.3407795
2,123.433,1742520339.3407795
3,119.739,1742520339.3407795
4,119.573,1742520339.3407795
5,122.761,1742520339.3407795
6,117.635,1742520339.3407795
7,125.983,1742520339.3407795
0,122.452,1742520339.390916
1,118.592,1742520339.390916
2,123.433,1742520339.390916
3,119.584,1742520339.390916
4,119.381,1742520339.390916
5,122.761,1742520339.390916
6,117.471,1742520339.390916
7,125.983,1742520339.390916
0,122.303,1742520339.4410486
1,118.605,1742520339.4410486
2,123.194,1742520339.4410486
3,119.584,1742520339.4410486
4,119.381,1742520339.4410486
5,122.626,1742520339.4410486
6,117.471,1742520339.4410486
7,125.821,1742520339.4410486
0,122.303,1742520339.4911847
1,118.605,1742520339.4911847
2,123.194,1742520339.4911847
3,119.491,1742520339.4911847
4,119.262,1742520339.4911847
5,122.626,1742520339.4911847
6,117.397,1742520339.4911847
7,125.821,1742520339.4911847
0,122.225,1742520339.5413206
1,118.497,1742520339.5413206
2,123.098,1742520339.5413206
3,119.491,1742520339.5413206
4,119.262,1742520339.5413206
5,122.529,1742520339.5413206
6,117.397,1742520339.5413206
7,125.752,1742520339.5413206
0,122.225,1742520339.5914478
1,118.497,1742520339.5914478
2,123.098,1742520339.5914478
3,119.396,1742520339.5914478
4,119.175,1742520339.5914478
5,122.529,1742520339.5914478
6,117.367,1742520339.5914478
7,125.752,1742520339.5914478
0,122.147,1742520339.64158
1,118.436,1742520339.64158
2,123.018,1742520339.64158
3,119.396,1742520339.64158
4,119.175,1742520339.64158
5,122.43,1742520339.64158
6,117.367,1742520339.64158
7,125.647,1742520339.64158
0,122.147,1742520339.6917155
1,118.436,1742520339.6917155
2,123.018,1742520339.6917155
3,119.32,1742520339.6917155
4,119.11,1742520339.6917155
5,122.43,1742520339.6917155
6,117.391,1742520339.6917155
7,125.647,1742520339.6917155
0,122.103,1742520339.7418447
1,118.443,1742520339.7418447
2,122.95,1742520339.7418447
3,119.32,1742520339.7418447
4,119.11,1742520339.7418447
5,122.39,1742520339.7418447
6,117.391,1742520339.7418447
7,125.574,1742520339.7418447
0,122.103,1742520339.7919707
1,118.443,1742520339.7919707
2,122.95,1742520339.7919707
3,119.282,1742520339.7919707
4,119.033,1742520339.7919707
5,122.39,1742520339.7919707
6,117.384,1742520339.7919707
7,125.574,1742520339.7919707
0,122.062,1742520339.8421023
1,118.307,1742520339.8421023
2,122.864,1742520339.8421023
3,119.282,1742520339.8421023
4,119.033,1742520339.8421023
5,122.317,1742520339.8421023
6,117.384,1742520339.8421023
7,125.497,1742520339.8421023
0,122.062,1742520339.8922367
1,118.307,1742520339.8922367
2,122.864,1742520339.8922367
3,119.232,1742520339.8922367
4,118.999,1742520339.8922367
5,122.317,1742520339.8922367
6,117.379,1742520339.8922367
7,125.497,1742520339.8922367
0,122.019,1742520339.9423716
1,118.386,1742520339.9423716
2,122.815,1742520339.9423716
3,119.232,1742520339.9423716
4,118.999,1742520339.9423716
5,122.263,1742520339.9423716
6,117.379,1742520339.9423716
7,125.416,1742520339.9423716
0,122.019,1742520339.992509
1,118.386,1742520339.992509
2,122.815,1742520339.992509
3,119.212,1742520339.992509
4,118.935,1742520339.992509
5,122.263,1742520339.992509
6,117.378,1742520339.992509
7,125.416,1742520339.992509
0,121.985,1742520340.0426295
1,118.241,1742520340.0426295
2,122.748,1742520340.0426295
3,119.212,1742520340.0426295
4,118.935,1742520340.0426295
5,122.217,1742520340.0426295
6,117.378,1742520340.0426295
7,125.356,1742520340.0426295
0,121.985,1742520340.0927606
1,118.241,1742520340.0927606
2,122.748,1742520340.0927606
3,119.17,1742520340.0927606
4,118.918,1742520340.0927606
5,122.217,1742520340.0927606
6,117.399,1742520340.0927606
7,125.356,1742520340.0927606
0,121.928,1742520340.1428933
1,118.315,1742520340.1428933
2,122.7,1742520340.1428933
3,119.17,1742520340.1428933
4,118.918,1742520340.1428933
5,122.203,1742520340.1428933
6,117.399,1742520340.1428933
7,125.3,1742520340.1428933
0,121.928,1742520340.1930287
1,118.315,1742520340.1930287
2,122.7,1742520340.1930287
3,119.135,1742520340.1930287
4,118.891,1742520340.1930287
5,122.203,1742520340.1930287
6,117.422,1742520340.1930287
7,125.3,1742520340.1930287
0,121.878,1742520340.2431648
1,118.187,1742520340.2431648
2,122.661,1742520340.2431648
3,119.135,1742520340.2431648
4,118.891,1742520340.2431648
5,122.158,1742520340.2431648
6,117.422,1742520340.2431648
7,125.267,1742520340.2431648
0,121.878,1742520340.293314
1,118.187,1742520340.293314
2,122.661,1742520340.293314
3,119.093,1742520340.293314
4,118.872,1742520340.293314
5,122.158,1742520340.293314
6,117.483,1742520340.293314
7,125.267,1742520340.293314
0,121.861,1742520340.3434463
1,118.213,1742520340.3434463
2,122.619,1742520340.3434463
3,119.093,1742520340.3434463
4,118.872,1742520340.3434463
5,122.103,1742520340.3434463
6,117.483,1742520340.3434463
7,125.223,1742520340.3434463
0,121.861,1742520340.3935676
1,118.213,1742520340.3935676
2,122.619,1742520340.3935676
3,119.065,1742520340.3935676
4,118.839,1742520340.3935676
5,122.103,1742520340.3935676
6,117.516,1742520340.3935676
7,125.223,1742520340.3935676
0,121.856,1742520340.4437916
1,118.179,1742520340.4437916
2,122.588,1742520340.4437916
3,119.065,1742520340.4437916
4,118.839,1742520340.4437916
5,122.058,1742520340.4437916
6,117.516,1742520340.4437916
7,125.192,1742520340.4437916
0,121.856,1742520340.493887
1,118.179,1742520340.493887
2,122.588,1742520340.493887
3,119.03,1742520340.493887
4,118.826,1742520340.493887
5,122.058,1742520340.493887
6,117.508,1742520340.493887
7,125.192,1742520340.493887
0,121.824,1742520340.5440183
1,118.125,1742520340.5440183
2,122.554,1742520340.5440183
3,119.03,1742520340.5440183
4,118.826,1742520340.5440183
5,122.038,1742520340.5440183
6,117.508,1742520340.5440183
7,125.158,1742520340.5440183
0,121.824,1742520340.5941522
1,118.125,1742520340.5941522
2,122.554,1742520340.5941522
3,119.053,1742520340.5941522
4,118.824,1742520340.5941522
5,122.038,1742520340.5941522
6,117.466,1742520340.5941522
7,125.158,1742520340.5941522
0,121.797,1742520340.6442869
1,118.167,1742520340.6442869
2,122.52,1742520340.6442869
3,119.053,1742520340.6442869
4,118.824,1742520340.6442869
5,122.027,1742520340.6442869
6,117.466,1742520340.6442869
7,125.111,1742520340.6442869
0,121.797,1742520340.6944225
1,118.167,1742520340.6944225
2,122.52,1742520340.6944225
3,119.115,1742520340.6944225
4,118.789,1742520340.6944225
5,122.027,1742520340.6944225
6,117.445,1742520340.6944225
7,125.111,1742520340.6944225
0,121.771,1742520340.7445328
1,118.063,1742520340.7445328
2,122.479,1742520340.7445328
3,119.115,1742520340.7445328
4,118.789,1742520340.7445328
5,121.985,1742520340.7445328
6,117.445,1742520340.7445328
7,125.083,1742520340.7445328
0,121.771,1742520340.7946675
1,118.063,1742520340.7946675
2,122.479,1742520340.7946675
3,119.157,1742520340.7946675
4,118.755,1742520340.7946675
5,121.985,1742520340.7946675
6,117.424,1742520340.7946675
7,125.083,1742520340.7946675
0,123.945,1742520340.8448005
1,119.138,1742520340.8448005
2,123.799,1742520340.8448005
3,119.157,1742520340.8448005
4,118.755,1742520340.8448005
5,128.491,1742520340.8448005
6,117.424,1742520340.8448005
7,131.097,1742520340.8448005
0,123.945,1742520340.8949354
1,119.138,1742520340.8949354
2,123.799,1742520340.8949354
3,143.497,1742520340.8949354
4,141.696,1742520340.8949354
5,128.491,1742520340.8949354
6,127.454,1742520340.8949354
7,131.097,1742520340.8949354
0,149.68,1742520340.9450474
1,142.028,1742520340.9450474
2,146.495,1742520340.9450474
3,143.497,1742520340.9450474
4,141.696,1742520340.9450474
5,155.616,1742520340.9450474
6,127.454,1742520340.9450474
7,157.915,1742520340.9450474
0,149.68,1742520340.995138
1,142.028,1742520340.995138
2,146.495,1742520340.995138
3,169.651,1742520340.995138
4,165.933,1742520340.995138
5,155.616,1742520340.995138
6,152.187,1742520340.995138
7,157.915,1742520340.995138
0,176.006,1742520341.045261
1,165.734,1742520341.045261
2,169.747,1742520341.045261
3,169.651,1742520341.045261
4,165.933,1742520341.045261
5,182.27,1742520341.045261
6,152.187,1742520341.045261
7,183.147,1742520341.045261
0,176.006,1742520341.0953505
1,165.734,1742520341.0953505
2,169.747,1742520341.0953505
3,196.396,1742520341.0953505
4,190.942,1742520341.0953505
5,182.27,1742520341.0953505
6,178.374,1742520341.0953505
7,183.147,1742520341.0953505
0,202.411,1742520341.1454723
1,189.483,1742520341.1454723
2,195.129,1742520341.1454723
3,196.396,1742520341.1454723
4,190.942,1742520341.1454723
5,208.883,1742520341.1454723
6,178.374,1742520341.1454723
7,210.435,1742520341.1454723
0,202.411,1742520341.1955965
1,189.483,1742520341.1955965
2,195.129,1742520341.1955965
3,222.478,1742520341.1955965
4,215.738,1742520341.1955965
5,208.883,1742520341.1955965
6,210.909,1742520341.1955965
7,210.435,1742520341.1955965
0,228.682,1742520341.2457242
1,213.988,1742520341.2457242
2,219.401,1742520341.2457242
3,222.478,1742520341.2457242
4,215.738,1742520341.2457242
5,208.883,1742520341.2457242
6,210.909,1742520341.2457242
7,210.435,1742520341.2457242
0,228.682,1742520341.2958465
1,213.988,1742520341.2958465
2,219.401,1742520341.2958465
3,247.94,1742520341.2958465
4,240.842,1742520341.2958465
5,239.83,1742520341.2958465
6,236.348,1742520341.2958465
7,241.452,1742520341.2958465
0,254.491,1742520341.3459787
1,241.078,1742520341.3459787
2,243.467,1742520341.3459787
3,247.94,1742520341.3459787
4,240.842,1742520341.3459787
5,239.83,1742520341.3459787
6,236.348,1742520341.3459787
7,241.452,1742520341.3459787
0,254.491,1742520341.396061
1,241.078,1742520341.396061
2,243.467,1742520341.396061
3,274.074,1742520341.396061
4,266.506,1742520341.396061
5,265.405,1742520341.396061
6,262.262,1742520341.396061
7,267.678,1742520341.396061
0,277.771,1742520341.44618
1,268.913,1742520341.44618
2,272.832,1742520341.44618
3,274.074,1742520341.44618
4,266.506,1742520341.44618
5,265.405,1742520341.44618
6,262.262,1742520341.44618
7,267.678,1742520341.44618
0,277.771,1742520341.4963064
1,268.913,1742520341.4963064
2,272.832,1742520341.4963064
3,297.053,1742520341.4963064
4,266.506,1742520341.4963064
5,291.617,1742520341.4963064
6,284.431,1742520341.4963064
7,293.868,1742520341.4963064
0,306.463,1742520341.5464318
1,294.002,1742520341.5464318
2,298.194,1742520341.5464318
3,297.053,1742520341.5464318
4,296.023,1742520341.5464318
5,291.617,1742520341.5464318
6,284.431,1742520341.5464318
7,293.868,1742520341.5464318
0,306.463,1742520341.5965571
1,294.002,1742520341.5965571
2,298.194,1742520341.5965571
3,322.346,1742520341.5965571
4,296.023,1742520341.5965571
5,323.855,1742520341.5965571
6,313.537,1742520341.5965571
7,319.473,1742520341.5965571
0,327.202,1742520341.6466913
1,319.711,1742520341.6466913
2,319.315,1742520341.6466913
3,322.346,1742520341.6466913
4,321.836,1742520341.6466913
5,323.855,1742520341.6466913
6,313.537,1742520341.6466913
7,319.473,1742520341.6466913
0,327.202,1742520341.6968184
1,319.711,1742520341.6968184
2,319.315,1742520341.6968184
3,347.795,1742520341.6968184
4,321.836,1742520341.6968184
5,349.506,1742520341.6968184
6,339.621,1742520341.6968184
7,345.517,1742520341.6968184
0,351.009,1742520341.746942
1,345.818,1742520341.746942
2,348.133,1742520341.746942
3,347.795,1742520341.746942
4,346.905,1742520341.746942
5,349.506,1742520341.746942
6,339.621,1742520341.746942
7,345.517,1742520341.746942
0,351.009,1742520341.797032
1,345.818,1742520341.797032
2,348.133,1742520341.797032
3,372.669,1742520341.797032
4,346.905,1742520341.797032
5,374.662,1742520341.797032
6,365.496,1742520341.797032
7,370.6,1742520341.797032
0,378.848,1742520341.8471663
1,368.285,1742520341.8471663
2,369.146,1742520341.8471663
3,372.669,1742520341.8471663
4,369.567,1742520341.8471663
5,374.662,1742520341.8471663
6,365.496,1742520341.8471663
7,370.6,1742520341.8471663
0,378.848,1742520341.8973024
1,368.285,1742520341.8973024
2,369.146,1742520341.8973024
3,381.066,1742520341.8973024
4,369.567,1742520341.8973024
5,384.101,1742520341.8973024
6,376.923,1742520341.8973024
7,386.192,1742520341.8973024
0,378.918,1742520341.9475148
1,370.034,1742520341.9475148
2,371.396,1742520341.9475148
3,381.066,1742520341.9475148
4,370.089,1742520341.9475148
5,384.101,1742520341.9475148
6,376.923,1742520341.9475148
7,386.192,1742520341.9475148
0,378.918,1742520341.9976404
1,370.034,1742520341.9976404
2,371.396,1742520341.9976404
3,380.862,1742520341.9976404
4,370.089,1742520341.9976404
5,382.558,1742520341.9976404
6,377.038,1742520341.9976404
7,384.742,1742520341.9976404
0,377.027,1742520342.0477753
1,371.742,1742520342.0477753
2,373.762,1742520342.0477753
3,380.862,1742520342.0477753
4,370.471,1742520342.0477753
5,382.558,1742520342.0477753
6,377.038,1742520342.0477753
7,384.742,1742520342.0477753
0,377.027,1742520342.0979018
1,371.742,1742520342.0979018
2,373.762,1742520342.0979018
3,380.443,1742520342.0979018
4,370.471,1742520342.0979018
5,381.367,1742520342.0979018
6,375.817,1742520342.0979018
7,384.799,1742520342.0979018
0,376.883,1742520342.1480658
1,372.709,1742520342.1480658
2,374.739,1742520342.1480658
3,380.443,1742520342.1480658
4,370.211,1742520342.1480658
5,381.367,1742520342.1480658
6,375.817,1742520342.1480658
7,384.799,1742520342.1480658
0,376.883,1742520342.198157
1,372.709,1742520342.198157
2,374.739,1742520342.198157
3,379.711,1742520342.198157
4,370.211,1742520342.198157
5,382.365,1742520342.198157
6,375.33,1742520342.198157
7,383.508,1742520342.198157
0,376.37,1742520342.2482927
1,373.832,1742520342.2482927
2,374.535,1742520342.2482927
3,379.711,1742520342.2482927
4,370.173,1742520342.2482927
5,382.365,1742520342.2482927
6,375.33,1742520342.2482927
7,383.508,1742520342.2482927
0,376.37,1742520342.2984822
1,373.832,1742520342.2984822
2,374.535,1742520342.2984822
3,381.264,1742520342.2984822
4,370.173,1742520342.2984822
5,383.383,1742520342.2984822
6,373.947,1742520342.2984822
7,384.072,1742520342.2984822
0,376.225,1742520342.3486063
1,374.033,1742520342.3486063
2,375.351,1742520342.3486063
3,381.264,1742520342.3486063
4,369.931,1742520342.3486063
5,383.383,1742520342.3486063
6,373.947,1742520342.3486063
7,384.072,1742520342.3486063
0,376.225,1742520342.3987014
1,374.033,1742520342.3987014
2,375.351,1742520342.3987014
3,381.465,1742520342.3987014
4,369.931,1742520342.3987014
5,384.813,1742520342.3987014
6,373.329,1742520342.3987014
7,384.604,1742520342.3987014
0,376.771,1742520342.4488368
1,374.774,1742520342.4488368
2,375.534,1742520342.4488368
3,381.465,1742520342.4488368
4,368.187,1742520342.4488368
5,384.813,1742520342.4488368
6,373.329,1742520342.4488368
7,384.604,1742520342.4488368
0,376.771,1742520342.4989622
1,374.774,1742520342.4989622
2,375.534,1742520342.4989622
3,380.312,1742520342.4989622
4,368.187,1742520342.4989622
5,385.872,1742520342.4989622
6,373.571,1742520342.4989622
7,385.461,1742520342.4989622
0,377.302,1742520342.5490942
1,375.028,1742520342.5490942
2,374.69,1742520342.5490942
3,380.312,1742520342.5490942
4,367.942,1742520342.5490942
5,385.872,1742520342.5490942
6,373.571,1742520342.5490942
7,385.461,1742520342.5490942
0,377.302,1742520342.5991871
1,375.028,1742520342.5991871
2,374.69,1742520342.5991871
3,380.702,1742520342.5991871
4,367.942,1742520342.5991871
5,386.238,1742520342.5991871
6,374.811,1742520342.5991871
7,386.387,1742520342.5991871
0,379.75,1742520342.6493247
1,375.819,1742520342.6493247
2,374.56,1742520342.6493247
3,380.702,1742520342.6493247
4,366.644,1742520342.6493247
5,386.238,1742520342.6493247
6,374.811,1742520342.6493247
7,386.387,1742520342.6493247
0,379.75,1742520342.6994598
1,375.819,1742520342.6994598
2,374.56,1742520342.6994598
3,379.149,1742520342.6994598
4,366.644,1742520342.6994598
5,386.442,1742520342.6994598
6,373.728,1742520342.6994598
7,386.484,1742520342.6994598
0,381.269,1742520342.7495856
1,374.906,1742520342.7495856
2,374.523,1742520342.7495856
3,379.149,1742520342.7495856
4,366.381,1742520342.7495856
5,386.442,1742520342.7495856
6,373.728,1742520342.7495856
7,386.484,1742520342.7495856
0,381.269,1742520342.7997208
1,374.906,1742520342.7997208
2,374.523,1742520342.7997208
3,379.567,1742520342.7997208
4,366.381,1742520342.7997208
5,387.751,1742520342.7997208
6,374.625,1742520342.7997208
7,387.258,1742520342.7997208
0,382.058,1742520342.8498538
1,374.669,1742520342.8498538
2,373.748,1742520342.8498538
3,379.567,1742520342.8498538
4,367.195,1742520342.8498538
5,387.751,1742520342.8498538
6,374.625,1742520342.8498538
7,387.258,1742520342.8498538
0,382.058,1742520342.89999
1,374.669,1742520342.89999
2,373.748,1742520342.89999
3,379.693,1742520342.89999
4,367.195,1742520342.89999
5,386.665,1742520342.89999
6,375.127,1742520342.89999
7,386.607,1742520342.89999
0,382.153,1742520342.9501486
1,373.219,1742520342.9501486
2,374.484,1742520342.9501486
3,379.693,1742520342.9501486
4,367.328,1742520342.9501486
5,386.665,1742520342.9501486
6,375.127,1742520342.9501486
7,386.607,1742520342.9501486
0,382.153,1742520343.0002744
1,373.219,1742520343.0002744
2,374.484,1742520343.0002744
3,380.15,1742520343.0002744
4,367.328,1742520343.0002744
5,387.457,1742520343.0002744
6,375.221,1742520343.0002744
7,387.809,1742520343.0002744
0,383.476,1742520343.0504076
1,372.747,1742520343.0504076
2,374.79,1742520343.0504076
3,380.15,1742520343.0504076
4,368.705,1742520343.0504076
5,387.457,1742520343.0504076
6,375.221,1742520343.0504076
7,387.809,1742520343.0504076
0,383.476,1742520343.1005435
1,372.747,1742520343.1005435
2,374.79,1742520343.1005435
3,379.738,1742520343.1005435
4,368.705,1742520343.1005435
5,389.174,1742520343.1005435
6,374.828,1742520343.1005435
7,388.63,1742520343.1005435
0,383.613,1742520343.1507103
1,373.585,1742520343.1507103
2,373.467,1742520343.1507103
3,379.738,1742520343.1507103
4,368.244,1742520343.1507103
5,389.174,1742520343.1507103
6,374.828,1742520343.1507103
7,388.63,1742520343.1507103
0,383.613,1742520343.200838
1,373.585,1742520343.200838
2,373.467,1742520343.200838
3,379.284,1742520343.200838
4,368.244,1742520343.200838
5,387.464,1742520343.200838
6,374.283,1742520343.200838
7,389.067,1742520343.200838
0,382.897,1742520343.2510324
1,372.164,1742520343.2510324
2,375.346,1742520343.2510324
3,379.284,1742520343.2510324
4,368.143,1742520343.2510324
5,387.464,1742520343.2510324
6,374.283,1742520343.2510324
7,389.067,1742520343.2510324
0,382.897,1742520343.3011665
1,372.164,1742520343.3011665
2,375.346,1742520343.3011665
3,379.284,1742520343.3011665
4,368.143,1742520343.3011665
5,388.485,1742520343.3011665
6,371.398,1742520343.3011665
7,386.672,1742520343.3011665
0,381.671,1742520343.3513138
1,372.595,1742520343.3513138
2,376.235,1742520343.3513138
3,378.47,1742520343.3513138
4,368.144,1742520343.3513138
5,388.485,1742520343.3513138
6,371.398,1742520343.3513138
7,386.672,1742520343.3513138
0,381.671,1742520343.4014292
1,372.595,1742520343.4014292
2,376.235,1742520343.4014292
3,378.47,1742520343.4014292
4,368.144,1742520343.4014292
5,385.218,1742520343.4014292
6,367.77,1742520343.4014292
7,386.08,1742520343.4014292
0,366.303,1742520343.451561
1,363.361,1742520343.451561
2,366.881,1742520343.451561
3,368.158,1742520343.451561
4,360.442,1742520343.451561
5,385.218,1742520343.451561
6,367.77,1742520343.451561
7,386.08,1742520343.451561
0,366.303,1742520343.5017056
1,363.361,1742520343.5017056
2,366.881,1742520343.5017056
3,368.158,1742520343.5017056
4,360.442,1742520343.5017056
5,356.625,1742520343.5017056
6,342.376,1742520343.5017056
7,360.496,1742520343.5017056
0,340.478,1742520343.551843
1,338.736,1742520343.551843
2,342.491,1742520343.551843
3,342.291,1742520343.551843
4,336.517,1742520343.551843
5,356.625,1742520343.551843
6,342.376,1742520343.551843
7,360.496,1742520343.551843
0,340.478,1742520343.601974
1,338.736,1742520343.601974
2,342.491,1742520343.601974
3,342.291,1742520343.601974
4,336.517,1742520343.601974
5,330.629,1742520343.601974
6,316.791,1742520343.601974
7,328.113,1742520343.601974
0,314.085,1742520343.6521091
1,307.435,1742520343.6521091
2,318.25,1742520343.6521091
3,316.735,1742520343.6521091
4,311.57,1742520343.6521091
5,330.629,1742520343.6521091
6,316.791,1742520343.6521091
7,328.113,1742520343.6521091
0,314.085,1742520343.7022412
1,307.435,1742520343.7022412
2,318.25,1742520343.7022412
3,316.735,1742520343.7022412
4,311.57,1742520343.7022412
5,301.225,1742520343.7022412
6,290.268,1742520343.7022412
7,306.441,1742520343.7022412
0,288.699,1742520343.7524037
1,282.643,1742520343.7524037
2,294.195,1742520343.7524037
3,291.799,1742520343.7524037
4,287.121,1742520343.7524037
5,301.225,1742520343.7524037
6,290.268,1742520343.7524037
7,306.441,1742520343.7524037
0,288.699,1742520343.8025496
1,282.643,1742520343.8025496
2,294.195,1742520343.8025496
3,291.799,1742520343.8025496
4,287.121,1742520343.8025496
5,275.022,1742520343.8025496
6,264.555,1742520343.8025496
7,283.849,1742520343.8025496
0,260.925,1742520343.8526812
1,257.321,1742520343.8526812
2,267.748,1742520343.8526812
3,266.504,1742520343.8526812
4,262.309,1742520343.8526812
5,275.022,1742520343.8526812
6,264.555,1742520343.8526812
7,283.849,1742520343.8526812
0,260.925,1742520343.9028165
1,257.321,1742520343.9028165
2,267.748,1742520343.9028165
3,266.504,1742520343.9028165
4,262.309,1742520343.9028165
5,248.422,1742520343.9028165
6,238.279,1742520343.9028165
7,255.407,1742520343.9028165
0,238.251,1742520343.9529867
1,235.224,1742520343.9529867
2,241.628,1742520343.9529867
3,241.338,1742520343.9529867
4,238.057,1742520343.9529867
5,248.422,1742520343.9529867
6,238.279,1742520343.9529867
7,255.407,1742520343.9529867
0,238.251,1742520344.003117
1,235.224,1742520344.003117
2,241.628,1742520344.003117
3,241.338,1742520344.003117
4,238.057,1742520344.003117
5,221.598,1742520344.003117
6,213.285,1742520344.003117
7,232.561,1742520344.003117
0,208.498,1742520344.0532532
1,206.415,1742520344.0532532
2,215.499,1742520344.0532532
3,213.185,1742520344.0532532
4,210.963,1742520344.0532532
5,221.598,1742520344.0532532
6,213.285,1742520344.0532532
7,232.561,1742520344.0532532
0,208.498,1742520344.1033878
1,206.415,1742520344.1033878
2,215.499,1742520344.1033878
3,213.185,1742520344.1033878
4,210.963,1742520344.1033878
5,195.413,1742520344.1033878
6,188.209,1742520344.1033878
7,206.619,1742520344.1033878
0,187.29,1742520344.1535068
1,180.553,1742520344.1535068
2,190.468,1742520344.1535068
3,190.078,1742520344.1535068
4,185.438,1742520344.1535068
5,195.413,1742520344.1535068
6,188.209,1742520344.1535068
7,206.619,1742520344.1535068
0,187.29,1742520344.2036386
1,180.553,1742520344.2036386
2,190.468,1742520344.2036386
3,190.078,1742520344.2036386
4,185.438,1742520344.2036386
5,169.05,1742520344.2036386
6,163.362,1742520344.2036386
7,180.692,1742520344.2036386
0,162.788,1742520344.2537735
1,154.451,1742520344.2537735
2,157.901,1742520344.2537735
3,164.973,1742520344.2537735
4,160.873,1742520344.2537735
5,169.05,1742520344.2537735
6,163.362,1742520344.2537735
7,180.692,1742520344.2537735
0,162.788,1742520344.3038933
1,154.451,1742520344.3038933
2,157.901,1742520344.3038933
3,164.973,1742520344.3038933
4,160.873,1742520344.3038933
5,143.262,1742520344.3038933
6,141.554,1742520344.3038933
7,154.921,1742520344.3038933
0,138.075,1742520344.3540242
1,128.309,1742520344.3540242
2,137.42,1742520344.3540242
3,140.034,1742520344.3540242
4,136.056,1742520344.3540242
5,143.262,1742520344.3540242
6,141.554,1742520344.3540242
7,154.921,1742520344.3540242
0,138.075,1742520344.4041595
1,128.309,1742520344.4041595
2,137.42,1742520344.4041595
3,119.591,1742520344.4041595
4,136.056,1742520344.4041595
5,123.245,1742520344.4041595
6,118.276,1742520344.4041595
7,129.597,1742520344.4041595
0,122.215,1742520344.4542944
1,118.713,1742520344.4542944
2,123.158,1742520344.4542944
3,119.591,1742520344.4542944
4,119.435,1742520344.4542944
5,123.245,1742520344.4542944
6,118.276,1742520344.4542944
7,129.597,1742520344.4542944
0,122.215,1742520344.5044305
1,118.713,1742520344.5044305
2,123.158,1742520344.5044305
3,119.591,1742520344.5044305
4,119.435,1742520344.5044305
5,122.553,1742520344.5044305
6,117.307,1742520344.5044305
7,125.704,1742520344.5044305
0,122.214,1742520344.5545566
1,118.489,1742520344.5545566
2,122.992,1742520344.5545566
3,119.45,1742520344.5545566
4,119.333,1742520344.5545566
5,122.553,1742520344.5545566
6,117.307,1742520344.5545566
7,125.704,1742520344.5545566
0,122.214,1742520344.604691
1,118.489,1742520344.604691
2,122.992,1742520344.604691
3,119.45,1742520344.604691
4,119.333,1742520344.604691
5,122.486,1742520344.604691
6,117.262,1742520344.604691
7,125.593,1742520344.604691
0,122.156,1742520344.654826
1,118.515,1742520344.654826
2,122.9,1742520344.654826
3,119.344,1742520344.654826
4,119.189,1742520344.654826
5,122.486,1742520344.654826
6,117.262,1742520344.654826
7,125.593,1742520344.654826
0,122.156,1742520344.705007
1,118.515,1742520344.705007
2,122.9,1742520344.705007
3,119.344,1742520344.705007
4,119.189,1742520344.705007
5,122.41,1742520344.705007
6,117.233,1742520344.705007
7,125.475,1742520344.705007
0,122.054,1742520344.755122
1,118.348,1742520344.755122
2,122.804,1742520344.755122
3,119.262,1742520344.755122
4,119.09,1742520344.755122
5,122.41,1742520344.755122
6,117.233,1742520344.755122
7,125.475,1742520344.755122
0,122.054,1742520344.8052533
1,118.348,1742520344.8052533
2,122.804,1742520344.8052533
3,119.262,1742520344.8052533
4,119.09,1742520344.8052533
5,122.321,1742520344.8052533
6,117.244,1742520344.8052533
7,125.395,1742520344.8052533
0,121.991,1742520344.8553872
1,118.371,1742520344.8553872
2,122.749,1742520344.8553872
3,119.216,1742520344.8553872
4,119.02,1742520344.8553872
5,122.321,1742520344.8553872
6,117.244,1742520344.8553872
7,125.395,1742520344.8553872
0,121.991,1742520344.9055188
1,118.371,1742520344.9055188
2,122.749,1742520344.9055188
3,119.216,1742520344.9055188
4,119.02,1742520344.9055188
5,122.295,1742520344.9055188
6,117.245,1742520344.9055188
7,125.322,1742520344.9055188
0,121.922,1742520344.955638
1,118.314,1742520344.955638
2,122.688,1742520344.955638
3,119.175,1742520344.955638
4,118.956,1742520344.955638
5,122.295,1742520344.955638
6,117.245,1742520344.955638
7,125.322,1742520344.955638
0,121.922,1742520345.0058088
1,118.314,1742520345.0058088
2,122.688,1742520345.0058088
3,119.175,1742520345.0058088
4,118.956,1742520345.0058088
5,122.215,1742520345.0058088
6,117.279,1742520345.0058088
7,125.262,1742520345.0058088
0,121.876,1742520345.0559409
1,118.232,1742520345.0559409
2,122.626,1742520345.0559409
3,119.115,1742520345.0559409
4,118.904,1742520345.0559409
5,122.215,1742520345.0559409
6,117.279,1742520345.0559409
7,125.262,1742520345.0559409
0,121.876,1742520345.1060743
1,118.232,1742520345.1060743
2,122.626,1742520345.1060743
3,119.115,1742520345.1060743
4,118.904,1742520345.1060743
5,122.156,1742520345.1060743
6,117.326,1742520345.1060743
7,125.219,1742520345.1060743
0,121.848,1742520345.1562054
1,118.218,1742520345.1562054
2,122.587,1742520345.1562054
3,119.086,1742520345.1562054
4,118.866,1742520345.1562054
5,122.156,1742520345.1562054
6,117.326,1742520345.1562054
7,125.219,1742520345.1562054
0,121.848,1742520345.2063704
1,118.218,1742520345.2063704
2,122.587,1742520345.2063704
3,119.086,1742520345.2063704
4,118.866,1742520345.2063704
5,122.096,1742520345.2063704
6,117.339,1742520345.2063704
7,125.179,1742520345.2063704
0,121.819,1742520345.256495
1,118.082,1742520345.256495
2,122.547,1742520345.256495
3,119.096,1742520345.256495
4,118.809,1742520345.256495
5,122.096,1742520345.256495
6,117.339,1742520345.256495
7,125.179,1742520345.256495
0,121.819,1742520345.3066266
1,118.082,1742520345.3066266
2,122.547,1742520345.3066266
3,119.096,1742520345.3066266
4,118.809,1742520345.3066266
5,122.07,1742520345.3066266
6,117.36,1742520345.3066266
7,125.138,1742520345.3066266
0,121.774,1742520345.356761
1,118.176,1742520345.356761
2,122.513,1742520345.356761
3,119.129,1742520345.356761
4,118.766,1742520345.356761
5,122.07,1742520345.356761
6,117.36,1742520345.356761
7,125.138,1742520345.356761
0,121.774,1742520345.4068933
1,118.176,1742520345.4068933
2,122.513,1742520345.4068933
3,119.129,1742520345.4068933
4,118.766,1742520345.4068933
5,122.022,1742520345.4068933
6,117.353,1742520345.4068933
7,125.09,1742520345.4068933
0,121.76,1742520345.4570677
1,118.056,1742520345.4570677
2,122.461,1742520345.4570677
3,119.154,1742520345.4570677
4,118.717,1742520345.4570677
5,122.022,1742520345.4570677
6,117.353,1742520345.4570677
7,125.09,1742520345.4570677
0,121.76,1742520345.5072021
1,118.056,1742520345.5072021
2,122.461,1742520345.5072021
3,119.154,1742520345.5072021
4,118.717,1742520345.5072021
5,122.022,1742520345.5072021
6,117.53,1742520345.5072021
7,125.049,1742520345.5072021
0,135.655,1742520345.557336
1,127.106,1742520345.557336
2,132.649,1742520345.557336
3,123.332,1742520345.557336
4,125.758,1742520345.557336
5,126.745,1742520345.557336
6,117.53,1742520345.557336
7,125.049,1742520345.557336
0,135.655,1742520345.607472
1,127.106,1742520345.607472
2,132.649,1742520345.607472
3,123.332,1742520345.607472
4,125.758,1742520345.607472
5,126.745,1742520345.607472
6,141.367,1742520345.607472
7,146.101,1742520345.607472
0,135.655,1742520345.657604
1,158.422,1742520345.657604
2,158.4,1742520345.657604
3,148.274,1742520345.657604
4,149.517,1742520345.657604
5,151.826,1742520345.657604
6,141.367,1742520345.657604
7,146.101,1742520345.657604
0,161.194,1742520345.707696
1,158.422,1742520345.707696
2,158.4,1742520345.707696
3,148.274,1742520345.707696
4,149.517,1742520345.707696
5,151.826,1742520345.707696
6,166.667,1742520345.707696
7,173.584,1742520345.707696
0,161.194,1742520345.7578797
1,184.114,1742520345.7578797
2,184.276,1742520345.7578797
3,173.65,1742520345.7578797
4,174.331,1742520345.7578797
5,177.432,1742520345.7578797
6,166.667,1742520345.7578797
7,173.584,1742520345.7578797
0,186.697,1742520345.8079593
1,184.114,1742520345.8079593
2,184.276,1742520345.8079593
3,173.65,1742520345.8079593
4,174.331,1742520345.8079593
5,177.432,1742520345.8079593
6,189.745,1742520345.8079593
7,200.831,1742520345.8079593
0,186.697,1742520345.8580885
1,210.138,1742520345.8580885
2,211.074,1742520345.8580885
3,199.223,1742520345.8580885
4,198.966,1742520345.8580885
5,203.672,1742520345.8580885
6,189.745,1742520345.8580885
7,200.831,1742520345.8580885
0,213.697,1742520345.9082248
1,210.138,1742520345.9082248
2,211.074,1742520345.9082248
3,199.223,1742520345.9082248
4,198.966,1742520345.9082248
5,203.672,1742520345.9082248
6,213.852,1742520345.9082248
7,225.064,1742520345.9082248
0,213.697,1742520345.958358
1,210.138,1742520345.958358
2,237.123,1742520345.958358
3,226.48,1742520345.958358
4,224.078,1742520345.958358
5,229.715,1742520345.958358
6,213.852,1742520345.958358
7,225.064,1742520345.958358
0,239.799,1742520346.008527
1,236.756,1742520346.008527
2,237.123,1742520346.008527
3,226.48,1742520346.008527
4,224.078,1742520346.008527
5,229.715,1742520346.008527
6,241.124,1742520346.008527
7,253.706,1742520346.008527
0,239.799,1742520346.0586512
1,236.756,1742520346.0586512
2,262.821,1742520346.0586512
3,253.435,1742520346.0586512
4,248.734,1742520346.0586512
5,256.938,1742520346.0586512
6,241.124,1742520346.0586512
7,253.706,1742520346.0586512
0,262.569,1742520346.1087325
1,263.271,1742520346.1087325
2,262.821,1742520346.1087325
3,253.435,1742520346.1087325
4,248.734,1742520346.1087325
5,256.938,1742520346.1087325
6,263.627,1742520346.1087325
7,278.129,1742520346.1087325
0,262.569,1742520346.158867
1,263.271,1742520346.158867
2,288.151,1742520346.158867
3,280.696,1742520346.158867
4,274.193,1742520346.158867
5,285.815,1742520346.158867
6,263.627,1742520346.158867
7,278.129,1742520346.158867
0,291.398,1742520346.2089875
1,288.681,1742520346.2089875
2,288.151,1742520346.2089875
3,280.696,1742520346.2089875
4,274.193,1742520346.2089875
5,285.815,1742520346.2089875
6,288.786,1742520346.2089875
7,308.116,1742520346.2089875
0,291.398,1742520346.2591178
1,288.681,1742520346.2591178
2,313.951,1742520346.2591178
3,307.167,1742520346.2591178
4,299.727,1742520346.2591178
5,316.321,1742520346.2591178
6,288.786,1742520346.2591178
7,308.116,1742520346.2591178
0,318.54,1742520346.3092542
1,314.568,1742520346.3092542
2,313.951,1742520346.3092542
3,307.167,1742520346.3092542
4,299.727,1742520346.3092542
5,316.321,1742520346.3092542
6,314.396,1742520346.3092542
7,331.553,1742520346.3092542
0,340.917,1742520346.3593879
1,314.568,1742520346.3593879
2,339.414,1742520346.3593879
3,333.62,1742520346.3593879
4,325.037,1742520346.3593879
5,343.003,1742520346.3593879
6,314.396,1742520346.3593879
7,331.553,1742520346.3593879
0,340.917,1742520346.4095237
1,345.988,1742520346.4095237
2,339.414,1742520346.4095237
3,333.62,1742520346.4095237
4,325.037,1742520346.4095237
5,343.003,1742520346.4095237
6,349.712,1742520346.4095237
7,361.88,1742520346.4095237
0,370.228,1742520346.4597764
1,345.988,1742520346.4597764
2,364.434,1742520346.4597764
3,364.466,1742520346.4597764
4,350.491,1742520346.4597764
5,368.484,1742520346.4597764
6,349.712,1742520346.4597764
7,361.88,1742520346.4597764
0,370.228,1742520346.5099545
1,366.064,1742520346.5099545
2,364.434,1742520346.5099545
3,364.466,1742520346.5099545
4,350.491,1742520346.5099545
5,368.484,1742520346.5099545
6,370.426,1742520346.5099545
7,382.984,1742520346.5099545
0,381.5,1742520346.5600777
1,366.064,1742520346.5600777
2,381.689,1742520346.5600777
3,382.399,1742520346.5600777
4,369.782,1742520346.5600777
5,385.164,1742520346.5600777
6,370.426,1742520346.5600777
7,382.984,1742520346.5600777
0,381.5,1742520346.6102097
1,374.468,1742520346.6102097
2,381.689,1742520346.6102097
3,382.399,1742520346.6102097
4,369.782,1742520346.6102097
5,385.164,1742520346.6102097
6,372.007,1742520346.6102097
7,387.95,1742520346.6102097
0,381.916,1742520346.6602926
1,374.468,1742520346.6602926
2,381.98,1742520346.6602926
3,383.236,1742520346.6602926
4,370.855,1742520346.6602926
5,385.908,1742520346.6602926
6,372.007,1742520346.6602926
7,387.95,1742520346.6602926
0,381.916,1742520346.7104123
1,375.607,1742520346.7104123
2,381.98,1742520346.7104123
3,383.236,1742520346.7104123
4,370.855,1742520346.7104123
5,385.908,1742520346.7104123
6,372.037,1742520346.7104123
7,390.677,1742520346.7104123
0,381.505,1742520346.7605484
1,375.607,1742520346.7605484
2,382.576,1742520346.7605484
3,384.037,1742520346.7605484
4,371.644,1742520346.7605484
5,385.299,1742520346.7605484
6,372.037,1742520346.7605484
7,390.677,1742520346.7605484
0,381.505,1742520346.8106833
1,375.653,1742520346.8106833
2,382.576,1742520346.8106833
3,384.037,1742520346.8106833
4,371.644,1742520346.8106833
5,385.299,1742520346.8106833
6,374.308,1742520346.8106833
7,390.488,1742520346.8106833
0,382.142,1742520346.8608086
1,375.653,1742520346.8608086
2,382.576,1742520346.8608086
3,385.388,1742520346.8608086
4,371.027,1742520346.8608086
5,386.739,1742520346.8608086
6,374.308,1742520346.8608086
7,390.488,1742520346.8608086
0,382.142,1742520346.9109414
1,375.313,1742520346.9109414
2,381.038,1742520346.9109414
3,385.388,1742520346.9109414
4,371.027,1742520346.9109414
5,386.739,1742520346.9109414
6,374.373,1742520346.9109414
7,391.122,1742520346.9109414
0,382.499,1742520346.9610748
1,375.313,1742520346.9610748
2,381.038,1742520346.9610748
3,383.805,1742520346.9610748
4,372.044,1742520346.9610748
5,386.769,1742520346.9610748
6,374.373,1742520346.9610748
7,391.122,1742520346.9610748
0,382.499,1742520347.0112104
1,373.095,1742520347.0112104
2,381.481,1742520347.0112104
3,383.805,1742520347.0112104
4,372.044,1742520347.0112104
5,386.769,1742520347.0112104
6,374.101,1742520347.0112104
7,390.363,1742520347.0112104
0,382.499,1742520347.061304
1,373.095,1742520347.061304
2,381.481,1742520347.061304
3,383.572,1742520347.061304
4,372.803,1742520347.061304
5,386.171,1742520347.061304
6,374.101,1742520347.061304
7,390.363,1742520347.061304
0,379.395,1742520347.1114745
1,373.305,1742520347.1114745
2,379.207,1742520347.1114745
3,383.572,1742520347.1114745
4,372.803,1742520347.1114745
5,386.171,1742520347.1114745
6,373.74,1742520347.1114745
7,390.004,1742520347.1114745
0,379.395,1742520347.161601
1,373.305,1742520347.161601
2,379.207,1742520347.161601
3,382.359,1742520347.161601
4,371.178,1742520347.161601
5,385.683,1742520347.161601
6,373.74,1742520347.161601
7,390.004,1742520347.161601
0,381.443,1742520347.2117348
1,374.346,1742520347.2117348
2,380.245,1742520347.2117348
3,382.359,1742520347.2117348
4,371.178,1742520347.2117348
5,385.683,1742520347.2117348
6,373.412,1742520347.2117348
7,389.391,1742520347.2117348
0,381.443,1742520347.2618632
1,374.346,1742520347.2618632
2,380.245,1742520347.2618632
3,382.197,1742520347.2618632
4,371.03,1742520347.2618632
5,385.554,1742520347.2618632
6,373.412,1742520347.2618632
7,389.391,1742520347.2618632
0,379.321,1742520347.3119855
1,374.625,1742520347.3119855
2,376.769,1742520347.3119855
3,382.197,1742520347.3119855
4,371.03,1742520347.3119855
5,385.554,1742520347.3119855
6,373.412,1742520347.3119855
7,388.091,1742520347.3119855
0,379.321,1742520347.3621519
1,374.625,1742520347.3621519
2,376.769,1742520347.3621519
3,381.585,1742520347.3621519
4,370.684,1742520347.3621519
5,385.768,1742520347.3621519
6,371.424,1742520347.3621519
7,388.091,1742520347.3621519
0,379.942,1742520347.4122868
1,373.208,1742520347.4122868
2,375.973,1742520347.4122868
3,381.585,1742520347.4122868
4,370.684,1742520347.4122868
5,385.768,1742520347.4122868
6,371.424,1742520347.4122868
7,387.984,1742520347.4122868
0,379.942,1742520347.4623766
1,373.208,1742520347.4623766
2,375.973,1742520347.4623766
3,384.19,1742520347.4623766
4,370.404,1742520347.4623766
5,387.555,1742520347.4623766
6,370.486,1742520347.4623766
7,387.984,1742520347.4623766
0,381.87,1742520347.512512
1,373.042,1742520347.512512
2,374.891,1742520347.512512
3,384.19,1742520347.512512
4,370.404,1742520347.512512
5,387.555,1742520347.512512
6,370.486,1742520347.512512
7,388.297,1742520347.512512
0,381.87,1742520347.5626411
1,373.042,1742520347.5626411
2,374.891,1742520347.5626411
3,382.702,1742520347.5626411
4,369.401,1742520347.5626411
5,389.288,1742520347.5626411
6,368.958,1742520347.5626411
7,388.297,1742520347.5626411
0,383.226,1742520347.6127746
1,372.346,1742520347.6127746
2,375.032,1742520347.6127746
3,382.702,1742520347.6127746
4,369.401,1742520347.6127746
5,389.288,1742520347.6127746
6,368.958,1742520347.6127746
7,390.243,1742520347.6127746
0,383.226,1742520347.6629424
1,372.346,1742520347.6629424
2,375.032,1742520347.6629424
3,383.044,1742520347.6629424
4,370.636,1742520347.6629424
5,389.785,1742520347.6629424
6,370.907,1742520347.6629424
7,390.243,1742520347.6629424
0,383.988,1742520347.7130759
1,372.718,1742520347.7130759
2,372.578,1742520347.7130759
3,383.044,1742520347.7130759
4,370.636,1742520347.7130759
5,389.785,1742520347.7130759
6,370.907,1742520347.7130759
7,389.295,1742520347.7130759
0,383.988,1742520347.7632048
1,372.718,1742520347.7632048
2,372.578,1742520347.7632048
3,381.808,1742520347.7632048
4,370.864,1742520347.7632048
5,390.354,1742520347.7632048
6,370.794,1742520347.7632048
7,389.295,1742520347.7632048
0,383.959,1742520347.8133602
1,372.158,1742520347.8133602
2,371.161,1742520347.8133602
3,381.808,1742520347.8133602
4,370.864,1742520347.8133602
5,390.354,1742520347.8133602
6,370.794,1742520347.8133602
7,388.419,1742520347.8133602
0,383.959,1742520347.8634524
1,372.158,1742520347.8634524
2,371.161,1742520347.8634524
3,379.123,1742520347.8634524
4,371.509,1742520347.8634524
5,388.626,1742520347.8634524
6,371.668,1742520347.8634524
7,388.419,1742520347.8634524
0,382.969,1742520347.9135854
1,370.916,1742520347.9135854
2,371.512,1742520347.9135854
3,379.123,1742520347.9135854
4,371.509,1742520347.9135854
5,388.626,1742520347.9135854
6,371.668,1742520347.9135854
7,386.821,1742520347.9135854
0,382.969,1742520347.963715
1,370.916,1742520347.963715
2,371.512,1742520347.963715
3,378.103,1742520347.963715
4,370.806,1742520347.963715
5,387.258,1742520347.963715
6,372.522,1742520347.963715
7,386.821,1742520347.963715
0,381.656,1742520348.0138466
1,369.998,1742520348.0138466
2,371.427,1742520348.0138466
3,378.103,1742520348.0138466
4,370.806,1742520348.0138466
5,387.258,1742520348.0138466
6,372.522,1742520348.0138466
7,385.349,1742520348.0138466
0,381.656,1742520348.0639746
1,369.998,1742520348.0639746
2,371.427,1742520348.0639746
3,375.942,1742520348.0639746
4,370.954,1742520348.0639746
5,385.491,1742520348.0639746
6,373.673,1742520348.0639746
7,385.349,1742520348.0639746
0,380.989,1742520348.11411
1,368.864,1742520348.11411
2,370.466,1742520348.11411
3,375.942,1742520348.11411
4,370.954,1742520348.11411
5,385.491,1742520348.11411
6,373.673,1742520348.11411
7,384.791,1742520348.11411
0,380.989,1742520348.1642346
1,368.864,1742520348.1642346
2,370.466,1742520348.1642346
3,374.682,1742520348.1642346
4,371.882,1742520348.1642346
5,384.089,1742520348.1642346
6,375.312,1742520348.1642346
7,384.791,1742520348.1642346
0,379.725,1742520348.2143664
1,368.411,1742520348.2143664
2,368.655,1742520348.2143664
3,374.682,1742520348.2143664
4,371.882,1742520348.2143664
5,384.089,1742520348.2143664
6,375.312,1742520348.2143664
7,382.673,1742520348.2143664
0,379.725,1742520348.2644584
1,368.411,1742520348.2644584
2,368.655,1742520348.2644584
3,372.405,1742520348.2644584
4,371.79,1742520348.2644584
5,381.308,1742520348.2644584
6,375.479,1742520348.2644584
7,382.673,1742520348.2644584
0,378.616,1742520348.314597
1,366.458,1742520348.314597
2,368.724,1742520348.314597
3,372.405,1742520348.314597
4,371.79,1742520348.314597
5,381.308,1742520348.314597
6,375.479,1742520348.314597
7,383.324,1742520348.314597
0,378.616,1742520348.36473
1,366.458,1742520348.36473
2,368.724,1742520348.36473
3,374.153,1742520348.36473
4,373.213,1742520348.36473
5,379.513,1742520348.36473
6,376.295,1742520348.36473
7,383.324,1742520348.36473
0,378.345,1742520348.4148662
1,367.112,1742520348.4148662
2,368.074,1742520348.4148662
3,374.153,1742520348.4148662
4,373.213,1742520348.4148662
5,379.513,1742520348.4148662
6,376.295,1742520348.4148662
7,381.831,1742520348.4148662
0,378.345,1742520348.4650018
1,367.112,1742520348.4650018
2,368.074,1742520348.4650018
3,370.17,1742520348.4650018
4,373.964,1742520348.4650018
5,377.767,1742520348.4650018
6,376.524,1742520348.4650018
7,381.831,1742520348.4650018
0,370.391,1742520348.5151706
1,364.481,1742520348.5151706
2,364.631,1742520348.5151706
3,370.17,1742520348.5151706
4,373.964,1742520348.5151706
5,377.767,1742520348.5151706
6,376.524,1742520348.5151706
7,369.582,1742520348.5151706
0,370.391,1742520348.5653026
1,364.481,1742520348.5653026
2,364.631,1742520348.5653026
3,347.895,1742520348.5653026
4,347.002,1742520348.5653026
5,354.875,1742520348.5653026
6,360.797,1742520348.5653026
7,369.582,1742520348.5653026
0,343.814,1742520348.6154585
1,335.461,1742520348.6154585
2,338.836,1742520348.6154585
3,347.895,1742520348.6154585
4,347.002,1742520348.6154585
5,354.875,1742520348.6154585
6,360.797,1742520348.6154585
7,342.927,1742520348.6154585
0,343.814,1742520348.6655934
1,335.461,1742520348.6655934
2,338.836,1742520348.6655934
3,316.153,1742520348.6655934
4,320.785,1742520348.6655934
5,328.214,1742520348.6655934
6,335.653,1742520348.6655934
7,342.927,1742520348.6655934
0,317.852,1742520348.7157285
1,310.333,1742520348.7157285
2,314.934,1742520348.7157285
3,316.153,1742520348.7157285
4,320.785,1742520348.7157285
5,328.214,1742520348.7157285
6,335.653,1742520348.7157285
7,316.256,1742520348.7157285
0,317.852,1742520348.7659092
1,310.333,1742520348.7659092
2,314.934,1742520348.7659092
3,296.794,1742520348.7659092
4,295.456,1742520348.7659092
5,302.263,1742520348.7659092
6,308.284,1742520348.7659092
7,316.256,1742520348.7659092
0,292.303,1742520348.8160415
1,285.854,1742520348.8160415
2,290.944,1742520348.8160415
3,296.794,1742520348.8160415
4,295.456,1742520348.8160415
5,302.263,1742520348.8160415
6,308.284,1742520348.8160415
7,292.801,1742520348.8160415
0,292.303,1742520348.8661754
1,285.854,1742520348.8661754
2,290.944,1742520348.8661754
3,272.766,1742520348.8661754
4,270.633,1742520348.8661754
5,277.068,1742520348.8661754
6,285.796,1742520348.8661754
7,292.801,1742520348.8661754
0,267.47,1742520348.9163105
1,261.79,1742520348.9163105
2,266.574,1742520348.9163105
3,272.766,1742520348.9163105
4,270.633,1742520348.9163105
5,277.068,1742520348.9163105
6,285.796,1742520348.9163105
7,266.228,1742520348.9163105
0,267.47,1742520348.9664812
1,261.79,1742520348.9664812
2,266.574,1742520348.9664812
3,248.827,1742520348.9664812
4,246.601,1742520348.9664812
5,253.017,1742520348.9664812
6,259.758,1742520348.9664812
7,266.228,1742520348.9664812
0,242.483,1742520349.0166156
1,237.066,1742520349.0166156
2,241.982,1742520349.0166156
3,248.827,1742520349.0166156
4,246.601,1742520349.0166156
5,253.017,1742520349.0166156
6,259.758,1742520349.0166156
7,244.127,1742520349.0166156
0,242.483,1742520349.0667362
1,237.066,1742520349.0667362
2,241.982,1742520349.0667362
3,224.607,1742520349.0667362
4,221.547,1742520349.0667362
5,228.5,1742520349.0667362
6,233.818,1742520349.0667362
7,244.127,1742520349.0667362
0,217.005,1742520349.1168656
1,212.316,1742520349.1168656
2,218.497,1742520349.1168656
3,224.607,1742520349.1168656
4,221.547,1742520349.1168656
5,228.5,1742520349.1168656
6,233.818,1742520349.1168656
7,218.947,1742520349.1168656
0,217.005,1742520349.166997
1,212.316,1742520349.166997
2,218.497,1742520349.166997
3,200.342,1742520349.166997
4,196.793,1742520349.166997
5,203.02,1742520349.166997
6,203.154,1742520349.166997
7,218.947,1742520349.166997
0,192.2,1742520349.2171583
1,188.008,1742520349.2171583
2,194.524,1742520349.2171583
3,200.342,1742520349.2171583
4,196.793,1742520349.2171583
5,203.02,1742520349.2171583
6,203.154,1742520349.2171583
7,191.215,1742520349.2171583
0,192.2,1742520349.2673848
1,188.008,1742520349.2673848
2,194.524,1742520349.2673848
3,176.146,1742520349.2673848
4,171.768,1742520349.2673848
5,178.941,1742520349.2673848
6,182.805,1742520349.2673848
7,191.215,1742520349.2673848
0,169.766,1742520349.3175175
1,164.118,1742520349.3175175
2,171.065,1742520349.3175175
3,176.146,1742520349.3175175
4,171.768,1742520349.3175175
5,178.941,1742520349.3175175
6,182.805,1742520349.3175175
7,191.215,1742520349.3175175
0,169.766,1742520349.3676496
1,164.118,1742520349.3676496
2,171.065,1742520349.3676496
3,151.472,1742520349.3676496
4,145.877,1742520349.3676496
5,154.667,1742520349.3676496
6,152.081,1742520349.3676496
7,164.658,1742520349.3676496
0,140.901,1742520349.4177716
1,139.567,1742520349.4177716
2,146.861,1742520349.4177716
3,151.472,1742520349.4177716
4,145.877,1742520349.4177716
5,154.667,1742520349.4177716
6,152.081,1742520349.4177716
7,164.658,1742520349.4177716
0,140.901,1742520349.4679046
1,139.567,1742520349.4679046
2,146.861,1742520349.4679046
3,127.12,1742520349.4679046
4,121.311,1742520349.4679046
5,129.598,1742520349.4679046
6,126.494,1742520349.4679046
7,140.156,1742520349.4679046
0,122.502,1742520349.5180361
1,118.785,1742520349.5180361
2,123.911,1742520349.5180361
3,127.12,1742520349.5180361
4,121.311,1742520349.5180361
5,129.598,1742520349.5180361
6,126.494,1742520349.5180361
7,140.156,1742520349.5180361
0,122.502,1742520349.5681717
1,118.785,1742520349.5681717
2,123.911,1742520349.5681717
3,119.751,1742520349.5681717
4,119.247,1742520349.5681717
5,122.624,1742520349.5681717
6,117.278,1742520349.5681717
7,125.854,1742520349.5681717
0,122.14,1742520349.6183002
1,118.57,1742520349.6183002
2,122.94,1742520349.6183002
3,119.751,1742520349.6183002
4,119.247,1742520349.6183002
5,122.624,1742520349.6183002
6,117.278,1742520349.6183002
7,125.854,1742520349.6183002
0,122.14,1742520349.6684322
1,118.57,1742520349.6684322
2,122.94,1742520349.6684322
3,119.734,1742520349.6684322
4,119.14,1742520349.6684322
5,122.477,1742520349.6684322
6,117.215,1742520349.6684322
7,125.74,1742520349.6684322
0,121.998,1742520349.718597
1,118.421,1742520349.718597
2,122.761,1742520349.718597
3,119.734,1742520349.718597
4,119.14,1742520349.718597
5,122.477,1742520349.718597
6,117.215,1742520349.718597
7,125.74,1742520349.718597
0,121.998,1742520349.7687285
1,118.421,1742520349.7687285
2,122.761,1742520349.7687285
3,119.693,1742520349.7687285
4,119.027,1742520349.7687285
5,122.362,1742520349.7687285
6,117.108,1742520349.7687285
7,125.573,1742520349.7687285
0,121.946,1742520349.8188598
1,118.35,1742520349.8188598
2,122.577,1742520349.8188598
3,119.693,1742520349.8188598
4,119.027,1742520349.8188598
5,122.362,1742520349.8188598
6,117.108,1742520349.8188598
7,125.573,1742520349.8188598
0,121.946,1742520349.8689933
1,118.35,1742520349.8689933
2,122.577,1742520349.8689933
3,119.685,1742520349.8689933
4,118.959,1742520349.8689933
5,122.276,1742520349.8689933
6,116.995,1742520349.8689933
7,125.454,1742520349.8689933
0,121.891,1742520349.9191284
1,118.363,1742520349.9191284
2,122.479,1742520349.9191284
3,119.685,1742520349.9191284
4,118.959,1742520349.9191284
5,122.276,1742520349.9191284
6,116.995,1742520349.9191284
7,125.454,1742520349.9191284
0,121.891,1742520349.9692638
1,118.363,1742520349.9692638
2,122.479,1742520349.9692638
3,119.673,1742520349.9692638
4,118.908,1742520349.9692638
5,122.202,1742520349.9692638
6,116.95,1742520349.9692638
7,125.359,1742520349.9692638
0,121.853,1742520350.0194464
1,118.215,1742520350.0194464
2,122.323,1742520350.0194464
3,119.673,1742520350.0194464
4,118.908,1742520350.0194464
5,122.202,1742520350.0194464
6,116.95,1742520350.0194464
7,125.359,1742520350.0194464
0,121.853,1742520350.0695698
1,118.215,1742520350.0695698
2,122.323,1742520350.0695698
3,119.673,1742520350.0695698
4,118.876,1742520350.0695698
5,122.151,1742520350.0695698
6,116.91,1742520350.0695698
7,125.299,1742520350.0695698
0,121.805,1742520350.119702
1,118.287,1742520350.119702
2,122.206,1742520350.119702
3,119.673,1742520350.119702
4,118.876,1742520350.119702
5,122.151,1742520350.119702
6,116.91,1742520350.119702
7,125.299,1742520350.119702
0,121.805,1742520350.1698315
1,118.287,1742520350.1698315
2,122.206,1742520350.1698315
3,119.646,1742520350.1698315
4,118.835,1742520350.1698315
5,122.08,1742520350.1698315
6,116.869,1742520350.1698315
7,125.263,1742520350.1698315
0,121.773,1742520350.2199547
1,118.137,1742520350.2199547
2,122.14,1742520350.2199547
3,119.646,1742520350.2199547
4,118.835,1742520350.2199547
5,122.08,1742520350.2199547
6,116.869,1742520350.2199547
7,125.263,1742520350.2199547
0,121.773,1742520350.2700868
1,118.137,1742520350.2700868
2,122.14,1742520350.2700868
3,119.603,1742520350.2700868
4,118.805,1742520350.2700868
5,122.032,1742520350.2700868
6,116.817,1742520350.2700868
7,125.214,1742520350.2700868
0,121.718,1742520350.3202357
1,118.212,1742520350.3202357
2,122.087,1742520350.3202357
3,119.603,1742520350.3202357
4,118.805,1742520350.3202357
5,122.032,1742520350.3202357
6,116.817,1742520350.3202357
7,125.214,1742520350.3202357
0,121.718,1742520350.3704646
1,118.212,1742520350.3704646
2,122.087,1742520350.3704646
3,119.582,1742520350.3704646
4,118.787,1742520350.3704646
5,121.999,1742520350.3704646
6,116.772,1742520350.3704646
7,125.151,1742520350.3704646
0,121.69,1742520350.420596
1,118.11,1742520350.420596
2,122.04,1742520350.420596
3,119.582,1742520350.420596
4,118.787,1742520350.420596
5,121.999,1742520350.420596
6,116.772,1742520350.420596
7,125.151,1742520350.420596
0,121.69,1742520350.4707296
1,118.11,1742520350.4707296
2,122.04,1742520350.4707296
3,119.533,1742520350.4707296
4,118.787,1742520350.4707296
5,121.986,1742520350.4707296
6,116.738,1742520350.4707296
7,125.098,1742520350.4707296
0,121.645,1742520350.5208645
1,118.13,1742520350.5208645
2,122.001,1742520350.5208645
3,119.533,1742520350.5208645
4,118.729,1742520350.5208645
5,121.986,1742520350.5208645
6,116.738,1742520350.5208645
7,125.098,1742520350.5208645
0,121.645,1742520350.571
1,118.13,1742520350.571
2,122.001,1742520350.571
3,119.513,1742520350.571
4,118.729,1742520350.571
5,121.945,1742520350.571
6,116.719,1742520350.571
7,125.038,1742520350.571
0,121.618,1742520350.621141
1,118.102,1742520350.621141
2,121.961,1742520350.621141
3,119.513,1742520350.621141
4,118.697,1742520350.621141
5,121.945,1742520350.621141
6,116.719,1742520350.621141
7,125.038,1742520350.621141
0,121.618,1742520350.671265
1,118.102,1742520350.671265
2,121.961,1742520350.671265
3,119.484,1742520350.671265
4,118.697,1742520350.671265
5,121.952,1742520350.671265
6,116.706,1742520350.671265
7,124.992,1742520350.671265
0,122.078,1742520350.7213986
1,119.772,1742520350.7213986
2,123.985,1742520350.7213986
3,119.484,1742520350.7213986
4,118.685,1742520350.7213986
5,121.952,1742520350.7213986
6,116.706,1742520350.7213986
7,124.992,1742520350.7213986
0,122.078,1742520350.771557
1,119.772,1742520350.771557
2,123.985,1742520350.771557
3,140.693,1742520350.771557
4,118.685,1742520350.771557
5,143.029,1742520350.771557
6,128.179,1742520350.771557
7,133.986,1742520350.771557
0,145.043,1742520350.8216817
1,144.014,1742520350.8216817
2,148.885,1742520350.8216817
3,140.693,1742520350.8216817
4,136.535,1742520350.8216817
5,143.029,1742520350.8216817
6,128.179,1742520350.8216817
7,133.986,1742520350.8216817
0,145.043,1742520350.8718183
1,144.014,1742520350.8718183
2,148.885,1742520350.8718183
3,165.096,1742520350.8718183
4,136.535,1742520350.8718183
5,143.029,1742520350.8718183
6,152.345,1742520350.8718183
7,158.973,1742520350.8718183
0,169.675,1742520350.9219422
1,168.133,1742520350.9219422
2,174.901,1742520350.9219422
3,165.096,1742520350.9219422
4,161.203,1742520350.9219422
5,168.281,1742520350.9219422
6,152.345,1742520350.9219422
7,158.973,1742520350.9219422
0,169.675,1742520350.9721289
1,168.133,1742520350.9721289
2,174.901,1742520350.9721289
3,189.775,1742520350.9721289
4,161.203,1742520350.9721289
5,168.281,1742520350.9721289
6,178.104,1742520350.9721289
7,187.968,1742520350.9721289
0,194.816,1742520351.0222619
1,195.008,1742520351.0222619
2,200.581,1742520351.0222619
3,189.775,1742520351.0222619
4,186.339,1742520351.0222619
5,192.497,1742520351.0222619
6,178.104,1742520351.0222619
7,187.968,1742520351.0222619
0,194.816,1742520351.0723891
1,195.008,1742520351.0723891
2,200.581,1742520351.0723891
3,189.775,1742520351.0723891
4,186.339,1742520351.0723891
5,192.497,1742520351.0723891
6,203.21,1742520351.0723891
7,213.315,1742520351.0723891
0,222.073,1742520351.1225224
1,220.671,1742520351.1225224
2,225.657,1742520351.1225224
3,220.232,1742520351.1225224
4,211.532,1742520351.1225224
5,219.66,1742520351.1225224
6,203.21,1742520351.1225224
7,213.315,1742520351.1225224
0,222.073,1742520351.1726553
1,220.671,1742520351.1726553
2,225.657,1742520351.1726553
3,220.232,1742520351.1726553
4,211.532,1742520351.1726553
5,219.66,1742520351.1726553
6,227.732,1742520351.1726553
7,240.999,1742520351.1726553
0,252.136,1742520351.222791
1,244.325,1742520351.222791
2,248.682,1742520351.222791
3,245.722,1742520351.222791
4,241.055,1742520351.222791
5,245.962,1742520351.222791
6,227.732,1742520351.222791
7,240.999,1742520351.222791
0,252.136,1742520351.2728815
1,244.325,1742520351.2728815
2,248.682,1742520351.2728815
3,245.722,1742520351.2728815
4,241.055,1742520351.2728815
5,245.962,1742520351.2728815
6,252.662,1742520351.2728815
7,267.221,1742520351.2728815
0,278.495,1742520351.3230145
1,272.651,1742520351.3230145
2,273.222,1742520351.3230145
3,272.457,1742520351.3230145
4,265.674,1742520351.3230145
5,273.006,1742520351.3230145
6,252.662,1742520351.3230145
7,267.221,1742520351.3230145
0,278.495,1742520351.3731403
1,272.651,1742520351.3731403
2,273.222,1742520351.3731403
3,272.457,1742520351.3731403
4,265.674,1742520351.3731403
5,273.006,1742520351.3731403
6,277.244,1742520351.3731403
7,293.583,1742520351.3731403
0,301.012,1742520351.4232645
1,295.015,1742520351.4232645
2,298.062,1742520351.4232645
3,297.706,1742520351.4232645
4,290.641,1742520351.4232645
5,296.338,1742520351.4232645
6,277.244,1742520351.4232645
7,293.583,1742520351.4232645
0,301.012,1742520351.4734411
1,295.015,1742520351.4734411
2,298.062,1742520351.4734411
3,297.706,1742520351.4734411
4,290.641,1742520351.4734411
5,296.338,1742520351.4734411
6,302.183,1742520351.4734411
7,319.505,1742520351.4734411
0,330.527,1742520351.5235662
1,320.581,1742520351.5235662
2,322.341,1742520351.5235662
3,323.705,1742520351.5235662
4,315.051,1742520351.5235662
5,330.333,1742520351.5235662
6,302.183,1742520351.5235662
7,319.505,1742520351.5235662
0,330.527,1742520351.5737631
1,320.581,1742520351.5737631
2,322.341,1742520351.5737631
3,323.705,1742520351.5737631
4,315.051,1742520351.5737631
5,330.333,1742520351.5737631
6,327.859,1742520351.5737631
7,345.7,1742520351.5737631
0,356.514,1742520351.6240113
1,345.831,1742520351.6240113
2,351.4,1742520351.6240113
3,353.875,1742520351.6240113
4,339.997,1742520351.6240113
5,357.271,1742520351.6240113
6,327.859,1742520351.6240113
7,345.7,1742520351.6240113
0,356.514,1742520351.6741073
1,345.831,1742520351.6741073
2,351.4,1742520351.6741073
3,353.875,1742520351.6741073
4,339.997,1742520351.6741073
5,357.271,1742520351.6741073
6,348.675,1742520351.6741073
7,372.332,1742520351.6741073
0,378.857,1742520351.724229
1,373.851,1742520351.724229
2,373.989,1742520351.724229
3,379.006,1742520351.724229
4,364.038,1742520351.724229
5,379.197,1742520351.724229
6,348.675,1742520351.724229
7,372.332,1742520351.724229
0,378.857,1742520351.774364
1,373.851,1742520351.774364
2,373.989,1742520351.774364
3,379.006,1742520351.774364
4,364.038,1742520351.774364
5,379.197,1742520351.774364
6,367.109,1742520351.774364
7,389.946,1742520351.774364
0,380.977,1742520351.824499
1,374.839,1742520351.824499
2,373.65,1742520351.824499
3,381.485,1742520351.824499
4,366.833,1742520351.824499
5,385.806,1742520351.824499
6,367.109,1742520351.824499
7,389.946,1742520351.824499
0,380.977,1742520351.8746312
1,374.839,1742520351.8746312
2,373.65,1742520351.8746312
3,381.485,1742520351.8746312
4,366.833,1742520351.8746312
5,385.806,1742520351.8746312
6,368.277,1742520351.8746312
7,390.355,1742520351.8746312
0,381.686,1742520351.924767
1,375.433,1742520351.924767
2,371.789,1742520351.924767
3,382.84,1742520351.924767
4,367.697,1742520351.924767
5,387.332,1742520351.924767
6,368.277,1742520351.924767
7,390.355,1742520351.924767
0,381.686,1742520351.9749026
1,375.433,1742520351.9749026
2,371.789,1742520351.9749026
3,382.84,1742520351.9749026
4,367.697,1742520351.9749026
5,387.332,1742520351.9749026
6,369.558,1742520351.9749026
7,388.239,1742520351.9749026
0,382.3,1742520352.0250375
1,373.953,1742520352.0250375
2,370.799,1742520352.0250375
3,381.937,1742520352.0250375
4,368.092,1742520352.0250375
5,387.277,1742520352.0250375
6,369.558,1742520352.0250375
7,388.239,1742520352.0250375
0,382.3,1742520352.0751271
1,373.953,1742520352.0751271
2,370.799,1742520352.0751271
3,381.937,1742520352.0751271
4,368.092,1742520352.0751271
5,387.277,1742520352.0751271
6,370.899,1742520352.0751271
7,387.77,1742520352.0751271
0,380.706,1742520352.125252
1,373.107,1742520352.125252
2,371.098,1742520352.125252
3,377.131,1742520352.125252
4,368.513,1742520352.125252
5,387.16,1742520352.125252
6,370.899,1742520352.125252
7,387.77,1742520352.125252
0,380.706,1742520352.1754594
1,373.107,1742520352.1754594
2,371.098,1742520352.1754594
3,377.131,1742520352.1754594
4,368.513,1742520352.1754594
5,387.16,1742520352.1754594
6,372.855,1742520352.1754594
7,386.991,1742520352.1754594
0,380.638,1742520352.2255867
1,372.093,1742520352.2255867
2,372.005,1742520352.2255867
3,376.227,1742520352.2255867
4,369.057,1742520352.2255867
5,386.874,1742520352.2255867
6,372.855,1742520352.2255867
7,386.991,1742520352.2255867
0,380.638,1742520352.2758417
1,372.093,1742520352.2758417
2,372.005,1742520352.2758417
3,376.227,1742520352.2758417
4,369.057,1742520352.2758417
5,386.874,1742520352.2758417
6,373.847,1742520352.2758417
7,387.458,1742520352.2758417
0,378.99,1742520352.3259742
1,372.025,1742520352.3259742
2,370.724,1742520352.3259742
3,375.34,1742520352.3259742
4,368.863,1742520352.3259742
5,385.86,1742520352.3259742
6,373.847,1742520352.3259742
7,387.458,1742520352.3259742
0,378.99,1742520352.3761215
1,372.025,1742520352.3761215
2,370.724,1742520352.3761215
3,375.34,1742520352.3761215
4,368.863,1742520352.3761215
5,385.86,1742520352.3761215
6,374.493,1742520352.3761215
7,386.553,1742520352.3761215
0,379.146,1742520352.4262443
1,370.786,1742520352.4262443
2,372.421,1742520352.4262443
3,375.737,1742520352.4262443
4,369.459,1742520352.4262443
5,384.929,1742520352.4262443
6,374.493,1742520352.4262443
7,386.553,1742520352.4262443
0,379.146,1742520352.4763348
1,370.786,1742520352.4763348
2,372.421,1742520352.4763348
3,375.737,1742520352.4763348
4,369.459,1742520352.4763348
5,384.929,1742520352.4763348
6,376.064,1742520352.4763348
7,387.158,1742520352.4763348
0,379.146,1742520352.5264556
1,369.46,1742520352.5264556
2,372.366,1742520352.5264556
3,376.181,1742520352.5264556
4,369.471,1742520352.5264556
5,383.532,1742520352.5264556
6,376.064,1742520352.5264556
7,387.158,1742520352.5264556
0,378.797,1742520352.576588
1,369.46,1742520352.576588
2,372.366,1742520352.576588
3,376.181,1742520352.576588
4,369.471,1742520352.576588
5,383.532,1742520352.576588
6,378.146,1742520352.576588
7,387.804,1742520352.576588
0,378.797,1742520352.6267219
1,368.313,1742520352.6267219
2,373.161,1742520352.6267219
3,375.841,1742520352.6267219
4,371.188,1742520352.6267219
5,382.257,1742520352.6267219
6,378.146,1742520352.6267219
7,387.804,1742520352.6267219
0,378.161,1742520352.6769435
1,368.313,1742520352.6769435
2,373.161,1742520352.6769435
3,375.841,1742520352.6769435
4,371.188,1742520352.6769435
5,382.257,1742520352.6769435
6,377.579,1742520352.6769435
7,384.878,1742520352.6769435
0,378.161,1742520352.7270684
1,367.527,1742520352.7270684
2,373.451,1742520352.7270684
3,373.538,1742520352.7270684
4,371.229,1742520352.7270684
5,380.753,1742520352.7270684
6,377.579,1742520352.7270684
7,384.878,1742520352.7270684
0,377.508,1742520352.7772055
1,367.527,1742520352.7772055
2,373.451,1742520352.7772055
3,373.538,1742520352.7772055
4,371.229,1742520352.7772055
5,380.753,1742520352.7772055
6,377.353,1742520352.7772055
7,385.201,1742520352.7772055
0,377.508,1742520352.8273294
1,367.422,1742520352.8273294
2,374.763,1742520352.8273294
3,373.12,1742520352.8273294
4,370.492,1742520352.8273294
5,379.463,1742520352.8273294
6,377.353,1742520352.8273294
7,385.201,1742520352.8273294
0,376.437,1742520352.877421
1,367.422,1742520352.877421
2,374.763,1742520352.877421
3,373.12,1742520352.877421
4,370.492,1742520352.877421
5,379.463,1742520352.877421
6,374.192,1742520352.877421
7,384.44,1742520352.877421
0,376.437,1742520352.9275546
1,367.189,1742520352.9275546
2,375.576,1742520352.9275546
3,372.827,1742520352.9275546
4,369.201,1742520352.9275546
5,378.676,1742520352.9275546
6,374.192,1742520352.9275546
7,384.44,1742520352.9275546
0,375.309,1742520352.9777265
1,367.189,1742520352.9777265
2,375.576,1742520352.9777265
3,372.827,1742520352.9777265
4,369.201,1742520352.9777265
5,378.676,1742520352.9777265
6,372.318,1742520352.9777265
7,384.023,1742520352.9777265
0,375.309,1742520353.027852
1,367.516,1742520353.027852
2,376.756,1742520353.027852
3,373.931,1742520353.027852
4,368.299,1742520353.027852
5,378.875,1742520353.027852
6,372.318,1742520353.027852
7,384.023,1742520353.027852
0,374.877,1742520353.0779967
1,367.516,1742520353.0779967
2,376.756,1742520353.0779967
3,373.931,1742520353.0779967
4,368.299,1742520353.0779967
5,378.875,1742520353.0779967
6,370.987,1742520353.0779967
7,384.049,1742520353.0779967
0,374.877,1742520353.1281621
1,368.963,1742520353.1281621
2,377.938,1742520353.1281621
3,374.686,1742520353.1281621
4,367.028,1742520353.1281621
5,378.258,1742520353.1281621
6,370.987,1742520353.1281621
7,384.049,1742520353.1281621
0,374.845,1742520353.1782951
1,368.963,1742520353.1782951
2,377.938,1742520353.1782951
3,374.686,1742520353.1782951
4,367.028,1742520353.1782951
5,378.258,1742520353.1782951
6,370.122,1742520353.1782951
7,384.876,1742520353.1782951
0,374.845,1742520353.2284284
1,370.182,1742520353.2284284
2,378.309,1742520353.2284284
3,375.824,1742520353.2284284
4,365.38,1742520353.2284284
5,379.665,1742520353.2284284
6,370.122,1742520353.2284284
7,384.876,1742520353.2284284
0,375.471,1742520353.2785633
1,370.182,1742520353.2785633
2,378.309,1742520353.2785633
3,375.824,1742520353.2785633
4,365.38,1742520353.2785633
5,379.665,1742520353.2785633
6,369.571,1742520353.2785633
7,385.77,1742520353.2785633
0,375.471,1742520353.328699
1,371.252,1742520353.328699
2,379.105,1742520353.328699
3,374.989,1742520353.328699
4,366.829,1742520353.328699
5,380.203,1742520353.328699
6,369.571,1742520353.328699
7,385.77,1742520353.328699
0,376.559,1742520353.378834
1,371.252,1742520353.378834
2,379.105,1742520353.378834
3,374.989,1742520353.378834
4,366.829,1742520353.378834
5,380.203,1742520353.378834
6,371.185,1742520353.378834
7,387.406,1742520353.378834
0,376.559,1742520353.4289663
1,373.497,1742520353.4289663
2,379.493,1742520353.4289663
3,375.286,1742520353.4289663
4,366.453,1742520353.4289663
5,381.405,1742520353.4289663
6,371.185,1742520353.4289663
7,387.406,1742520353.4289663
0,377.406,1742520353.4790993
1,373.497,1742520353.4790993
2,379.493,1742520353.4790993
3,375.286,1742520353.4790993
4,366.453,1742520353.4790993
5,381.405,1742520353.4790993
6,370.661,1742520353.4790993
7,386.697,1742520353.4790993
0,377.406,1742520353.529223
1,374.578,1742520353.529223
2,379.322,1742520353.529223
3,379.024,1742520353.529223
4,367.087,1742520353.529223
5,382.685,1742520353.529223
6,370.661,1742520353.529223
7,386.697,1742520353.529223
0,378.357,1742520353.5793421
1,374.578,1742520353.5793421
2,379.322,1742520353.5793421
3,379.024,1742520353.5793421
4,367.087,1742520353.5793421
5,382.685,1742520353.5793421
6,367.663,1742520353.5793421
7,386.723,1742520353.5793421
0,378.357,1742520353.6294627
1,362.738,1742520353.6294627
2,365.756,1742520353.6294627
3,368.025,1742520353.6294627
4,356.552,1742520353.6294627
5,371.049,1742520353.6294627
6,367.663,1742520353.6294627
7,386.723,1742520353.6294627
0,362.215,1742520353.6795948
1,362.738,1742520353.6795948
2,365.756,1742520353.6795948
3,368.025,1742520353.6795948
4,356.552,1742520353.6795948
5,371.049,1742520353.6795948
6,342.139,1742520353.6795948
7,366.25,1742520353.6795948
0,362.215,1742520353.7297263
1,362.738,1742520353.7297263
2,340.323,1742520353.7297263
3,342.976,1742520353.7297263
4,332.395,1742520353.7297263
5,346.298,1742520353.7297263
6,342.139,1742520353.7297263
7,366.25,1742520353.7297263
0,337.959,1742520353.7798579
1,332.074,1742520353.7798579
2,340.323,1742520353.7798579
3,342.976,1742520353.7798579
4,332.395,1742520353.7798579
5,346.298,1742520353.7798579
6,316.897,1742520353.7798579
7,338.042,1742520353.7798579
0,337.959,1742520353.8299904
1,332.074,1742520353.8299904
2,314.528,1742520353.8299904
3,317.312,1742520353.8299904
4,308.559,1742520353.8299904
5,321.444,1742520353.8299904
6,316.897,1742520353.8299904
7,338.042,1742520353.8299904
0,313.111,1742520353.880126
1,309.004,1742520353.880126
2,314.528,1742520353.880126
3,317.312,1742520353.880126
4,308.559,1742520353.880126
5,321.444,1742520353.880126
6,292.548,1742520353.880126
7,315.233,1742520353.880126
0,313.111,1742520353.9302478
1,309.004,1742520353.9302478
2,289.978,1742520353.9302478
3,291.51,1742520353.9302478
4,284.452,1742520353.9302478
5,296.608,1742520353.9302478
6,292.548,1742520353.9302478
7,315.233,1742520353.9302478
0,288.778,1742520353.9803796
1,282.225,1742520353.9803796
2,289.978,1742520353.9803796
3,291.51,1742520353.9803796
4,284.452,1742520353.9803796
5,296.608,1742520353.9803796
6,268.109,1742520353.9803796
7,290.013,1742520353.9803796
0,288.778,1742520354.0305119
1,282.225,1742520354.0305119
2,264.958,1742520354.0305119
3,267.102,1742520354.0305119
4,261.131,1742520354.0305119
5,271.551,1742520354.0305119
6,268.109,1742520354.0305119
7,290.013,1742520354.0305119
0,263.791,1742520354.0806344
1,256.771,1742520354.0806344
2,264.958,1742520354.0806344
3,267.102,1742520354.0806344
4,261.131,1742520354.0806344
5,271.551,1742520354.0806344
6,245.703,1742520354.0806344
7,260.918,1742520354.0806344
0,263.791,1742520354.1307552
1,256.771,1742520354.1307552
2,239.461,1742520354.1307552
3,242.499,1742520354.1307552
4,237.305,1742520354.1307552
5,271.551,1742520354.1307552
6,245.703,1742520354.1307552
7,260.918,1742520354.1307552
0,239.016,1742520354.1808884
1,231.342,1742520354.1808884
2,239.461,1742520354.1808884
3,242.499,1742520354.1808884
4,237.305,1742520354.1808884
5,238.897,1742520354.1808884
6,221.845,1742520354.1808884
7,239.668,1742520354.1808884
0,239.016,1742520354.2310212
1,231.342,1742520354.2310212
2,214.106,1742520354.2310212
3,216.936,1742520354.2310212
4,212.772,1742520354.2310212
5,238.897,1742520354.2310212
6,221.845,1742520354.2310212
7,239.668,1742520354.2310212
0,213.403,1742520354.2811408
1,204.51,1742520354.2811408
2,214.106,1742520354.2811408
3,216.936,1742520354.2811408
4,212.772,1742520354.2811408
5,211.753,1742520354.2811408
6,192.414,1742520354.2811408
7,208.001,1742520354.2811408
0,213.403,1742520354.331273
1,204.51,1742520354.331273
2,188.883,1742520354.331273
3,191.502,1742520354.331273
4,187.989,1742520354.331273
5,211.753,1742520354.331273
6,192.414,1742520354.331273
7,208.001,1742520354.331273
0,187.941,1742520354.3814013
1,177.977,1742520354.3814013
2,188.883,1742520354.3814013
3,191.502,1742520354.3814013
4,187.989,1742520354.3814013
5,185.032,1742520354.3814013
6,170.89,1742520354.3814013
7,186.826,1742520354.3814013
0,187.941,1742520354.431534
1,177.977,1742520354.431534
2,164.071,1742520354.431534
3,165.707,1742520354.431534
4,163.308,1742520354.431534
5,185.032,1742520354.431534
6,170.89,1742520354.431534
7,186.826,1742520354.431534
0,162.363,1742520354.4816668
1,151.011,1742520354.4816668
2,164.071,1742520354.4816668
3,165.707,1742520354.4816668
4,163.308,1742520354.4816668
5,157.652,1742520354.4816668
6,141.611,1742520354.4816668
7,160.405,1742520354.4816668
0,162.363,1742520354.5318387
1,151.011,1742520354.5318387
2,139.154,1742520354.5318387
3,134.735,1742520354.5318387
4,134.894,1742520354.5318387
5,157.652,1742520354.5318387
6,141.611,1742520354.5318387
7,160.405,1742520354.5318387
0,137.009,1742520354.581971
1,124.508,1742520354.581971
2,139.154,1742520354.581971
3,134.735,1742520354.581971
4,134.894,1742520354.581971
5,130.716,1742520354.581971
6,119.793,1742520354.581971
7,134.286,1742520354.581971
0,137.009,1742520354.6321042
1,124.508,1742520354.6321042
2,123.156,1742520354.6321042
3,119.894,1742520354.6321042
4,119.395,1742520354.6321042
5,130.716,1742520354.6321042
6,119.793,1742520354.6321042
7,134.286,1742520354.6321042
0,122.165,1742520354.68224
1,118.676,1742520354.68224
2,123.156,1742520354.68224
3,119.894,1742520354.68224
4,119.395,1742520354.68224
5,122.636,1742520354.68224
6,117.23,1742520354.68224
7,125.71,1742520354.68224
0,122.165,1742520354.7324
1,118.676,1742520354.7324
2,122.965,1742520354.7324
3,119.761,1742520354.7324
4,119.185,1742520354.7324
5,122.636,1742520354.7324
6,117.23,1742520354.7324
7,125.71,1742520354.7324
0,122.11,1742520354.7825325
1,118.423,1742520354.7825325
2,122.965,1742520354.7825325
3,119.761,1742520354.7825325
4,119.185,1742520354.7825325
5,122.486,1742520354.7825325
6,117.149,1742520354.7825325
7,125.567,1742520354.7825325
0,122.11,1742520354.8326662
1,118.423,1742520354.8326662
2,122.801,1742520354.8326662
3,119.711,1742520354.8326662
4,119.09,1742520354.8326662
5,122.486,1742520354.8326662
6,117.149,1742520354.8326662
7,125.567,1742520354.8326662
0,121.99,1742520354.8828008
1,118.412,1742520354.8828008
2,122.801,1742520354.8828008
3,119.711,1742520354.8828008
4,119.09,1742520354.8828008
5,122.36,1742520354.8828008
6,117.067,1742520354.8828008
7,125.439,1742520354.8828008
0,121.99,1742520354.9329376
1,118.412,1742520354.9329376
2,122.688,1742520354.9329376
3,119.685,1742520354.9329376
4,118.953,1742520354.9329376
5,122.36,1742520354.9329376
6,117.067,1742520354.9329376
7,125.439,1742520354.9329376
0,121.953,1742520354.9830735
1,118.213,1742520354.9830735
2,122.688,1742520354.9830735
3,119.685,1742520354.9830735
4,118.953,1742520354.9830735
5,122.277,1742520354.9830735
6,117.021,1742520354.9830735
7,125.33,1742520354.9830735
0,121.953,1742520355.0332077
1,118.213,1742520355.0332077
2,122.615,1742520355.0332077
3,119.692,1742520355.0332077
4,118.885,1742520355.0332077
5,122.277,1742520355.0332077
6,117.021,1742520355.0332077
7,125.33,1742520355.0332077
0,121.922,1742520355.0833297
1,118.259,1742520355.0833297
2,122.615,1742520355.0833297
3,119.692,1742520355.0833297
4,118.885,1742520355.0833297
5,122.185,1742520355.0833297
6,116.95,1742520355.0833297
7,125.269,1742520355.0833297
0,121.922,1742520355.1334622
1,118.259,1742520355.1334622
2,122.557,1742520355.1334622
3,119.692,1742520355.1334622
4,118.8,1742520355.1334622
5,122.185,1742520355.1334622
6,116.95,1742520355.1334622
7,125.269,1742520355.1334622
0,121.867,1742520355.1835945
1,118.128,1742520355.1835945
2,122.557,1742520355.1835945
3,119.692,1742520355.1835945
4,118.8,1742520355.1835945
5,122.096,1742520355.1835945
6,116.89,1742520355.1835945
7,125.229,1742520355.1835945
0,121.867,1742520355.2337272
1,118.128,1742520355.2337272
2,122.497,1742520355.2337272
3,119.665,1742520355.2337272
4,118.762,1742520355.2337272
5,122.096,1742520355.2337272
6,116.89,1742520355.2337272
7,125.229,1742520355.2337272
0,121.827,1742520355.2838476
1,118.147,1742520355.2838476
2,122.497,1742520355.2838476
3,119.665,1742520355.2838476
4,118.762,1742520355.2838476
5,122.067,1742520355.2838476
6,116.843,1742520355.2838476
7,125.167,1742520355.2838476
0,121.827,1742520355.33398
1,118.147,1742520355.33398
2,122.442,1742520355.33398
3,119.631,1742520355.33398
4,118.715,1742520355.33398
5,122.067,1742520355.33398
6,116.843,1742520355.33398
7,125.167,1742520355.33398
0,121.794,1742520355.3841095
1,118.093,1742520355.3841095
2,122.442,1742520355.3841095
3,119.631,1742520355.3841095
4,118.715,1742520355.3841095
5,122.005,1742520355.3841095
6,116.818,1742520355.3841095
7,125.097,1742520355.3841095
0,121.794,1742520355.434234
1,118.093,1742520355.434234
2,122.442,1742520355.434234
3,121.876,1742520355.434234
4,120.664,1742520355.434234
5,122.005,1742520355.434234
6,116.818,1742520355.434234
7,125.097,1742520355.434234
0,138.916,1742520355.4843674
1,129.838,1742520355.4843674
2,130.676,1742520355.4843674
3,121.876,1742520355.4843674
4,120.664,1742520355.4843674
5,132.989,1742520355.4843674
6,139.405,1742520355.4843674
7,141.858,1742520355.4843674
0,138.916,1742520355.534504
1,129.838,1742520355.534504
2,130.676,1742520355.534504
3,147.183,1742520355.534504
4,149.761,1742520355.534504
5,132.989,1742520355.534504
6,139.405,1742520355.534504
7,141.858,1742520355.534504
0,165.757,1742520355.584637
1,155.648,1742520355.584637
2,156.136,1742520355.584637
3,147.183,1742520355.584637
4,149.761,1742520355.584637
5,158.823,1742520355.584637
6,165.833,1742520355.584637
7,168.648,1742520355.584637
0,165.757,1742520355.6347704
1,155.648,1742520355.6347704
2,156.136,1742520355.6347704
3,173.854,1742520355.6347704
4,176.079,1742520355.6347704
5,158.823,1742520355.6347704
6,165.833,1742520355.6347704
7,168.648,1742520355.6347704
0,192.214,1742520355.6849062
1,180.815,1742520355.6849062
2,181.473,1742520355.6849062
3,173.854,1742520355.6849062
4,176.079,1742520355.6849062
5,185.943,1742520355.6849062
6,189.887,1742520355.6849062
7,194.771,1742520355.6849062
0,192.214,1742520355.7350416
1,180.815,1742520355.7350416
2,181.473,1742520355.7350416
3,199.592,1742520355.7350416
4,200.574,1742520355.7350416
5,185.943,1742520355.7350416
6,189.887,1742520355.7350416
7,194.771,1742520355.7350416
0,218.504,1742520355.7851398
1,206.607,1742520355.7851398
2,207.437,1742520355.7851398
3,199.592,1742520355.7851398
4,200.574,1742520355.7851398
5,211.974,1742520355.7851398
6,215.628,1742520355.7851398
7,221.518,1742520355.7851398
0,218.504,1742520355.8352818
1,206.607,1742520355.8352818
2,207.437,1742520355.8352818
3,222.328,1742520355.8352818
4,218.106,1742520355.8352818
5,211.974,1742520355.8352818
6,215.628,1742520355.8352818
7,221.518,1742520355.8352818
0,230.045,1742520355.8854604
1,219.975,1742520355.8854604
2,225.508,1742520355.8854604
3,222.328,1742520355.8854604
4,218.106,1742520355.8854604
5,226.306,1742520355.8854604
6,225.856,1742520355.8854604
7,233.321,1742520355.8854604
0,230.045,1742520355.9356096
1,219.975,1742520355.9356096
2,248.167,1742520355.9356096
3,236.408,1742520355.9356096
4,238.213,1742520355.9356096
5,226.306,1742520355.9356096
6,225.856,1742520355.9356096
7,233.321,1742520355.9356096
0,249.754,1742520355.985736
1,242.195,1742520355.985736
2,248.167,1742520355.985736
3,236.408,1742520355.985736
4,238.213,1742520355.985736
5,248.127,1742520355.985736
6,242.55,1742520355.985736
7,252.749,1742520355.985736
0,249.754,1742520356.0358505
1,242.195,1742520356.0358505
2,247.954,1742520356.0358505
3,247.193,1742520356.0358505
4,242.782,1742520356.0358505
5,248.127,1742520356.0358505
6,242.55,1742520356.0358505
7,252.749,1742520356.0358505
0,250.324,1742520356.0859723
1,243.071,1742520356.0859723
2,247.954,1742520356.0859723
3,247.193,1742520356.0859723
4,242.782,1742520356.0859723
5,249.469,1742520356.0859723
6,242.55,1742520356.0859723
7,253.297,1742520356.0859723
0,250.324,1742520356.1361043
1,243.071,1742520356.1361043
2,248.023,1742520356.1361043
3,247.086,1742520356.1361043
4,240.287,1742520356.1361043
5,249.469,1742520356.1361043
6,241.288,1742520356.1361043
7,253.297,1742520356.1361043
0,247.884,1742520356.1862385
1,240.655,1742520356.1862385
2,248.023,1742520356.1862385
3,247.086,1742520356.1862385
4,240.287,1742520356.1862385
5,249.484,1742520356.1862385
6,241.288,1742520356.1862385
7,250.888,1742520356.1862385
0,247.884,1742520356.2363732
1,240.655,1742520356.2363732
2,247.957,1742520356.2363732
3,247.039,1742520356.2363732
4,240.294,1742520356.2363732
5,249.484,1742520356.2363732
6,242.627,1742520356.2363732
7,250.888,1742520356.2363732
0,248.479,1742520356.2865093
1,243.128,1742520356.2865093
2,247.957,1742520356.2865093
3,247.039,1742520356.2865093
4,240.294,1742520356.2865093
5,249.532,1742520356.2865093
6,242.627,1742520356.2865093
7,251.06,1742520356.2865093
0,248.479,1742520356.3366442
1,243.128,1742520356.3366442
2,247.938,1742520356.3366442
3,249.555,1742520356.3366442
4,240.304,1742520356.3366442
5,249.532,1742520356.3366442
6,242.67,1742520356.3366442
7,251.06,1742520356.3366442
0,247.871,1742520356.3867795
1,240.612,1742520356.3867795
2,247.938,1742520356.3867795
3,249.555,1742520356.3867795
4,240.304,1742520356.3867795
5,247.005,1742520356.3867795
6,242.67,1742520356.3867795
7,250.909,1742520356.3867795
0,247.871,1742520356.4369152
1,240.612,1742520356.4369152
2,247.938,1742520356.4369152
3,247.203,1742520356.4369152
4,238.292,1742520356.4369152
5,247.005,1742520356.4369152
6,240.195,1742520356.4369152
7,250.909,1742520356.4369152
0,237.208,1742520356.4870508
1,233.787,1742520356.4870508
2,243.88,1742520356.4870508
3,247.203,1742520356.4870508
4,238.292,1742520356.4870508
5,238.523,1742520356.4870508
6,240.195,1742520356.4870508
7,240.284,1742520356.4870508
0,237.208,1742520356.5371852
1,233.787,1742520356.5371852
2,243.88,1742520356.5371852
3,222.939,1742520356.5371852
4,213.997,1742520356.5371852
5,238.523,1742520356.5371852
6,224.782,1742520356.5371852
7,240.284,1742520356.5371852
0,211.129,1742520356.587324
1,209.03,1742520356.587324
2,218.911,1742520356.587324
3,222.939,1742520356.587324
4,213.997,1742520356.587324
5,215.749,1742520356.587324
6,224.782,1742520356.587324
7,214.55,1742520356.587324
0,211.129,1742520356.6374567
1,209.03,1742520356.6374567
2,218.911,1742520356.6374567
3,198.181,1742520356.6374567
4,188.359,1742520356.6374567
5,215.749,1742520356.6374567
6,192.212,1742520356.6374567
7,214.55,1742520356.6374567
0,185.391,1742520356.6875937
1,184.164,1742520356.6875937
2,191.1,1742520356.6875937
3,198.181,1742520356.6875937
4,188.359,1742520356.6875937
5,185.488,1742520356.6875937
6,192.212,1742520356.6875937
7,183.6,1742520356.6875937
0,185.391,1742520356.7377625
1,184.164,1742520356.7377625
2,191.1,1742520356.7377625
3,172.246,1742520356.7377625
4,164.144,1742520356.7377625
5,185.488,1742520356.7377625
6,164.608,1742520356.7377625
7,183.6,1742520356.7377625
0,159.743,1742520356.787894
1,159.475,1742520356.787894
2,168.7,1742520356.787894
3,172.246,1742520356.787894
4,164.144,1742520356.787894
5,163.849,1742520356.787894
6,164.608,1742520356.787894
7,162.956,1742520356.787894
0,159.743,1742520356.838055
1,159.475,1742520356.838055
2,168.7,1742520356.838055
3,146.918,1742520356.838055
4,143.328,1742520356.838055
5,163.849,1742520356.838055
6,143.373,1742520356.838055
7,162.956,1742520356.838055
0,144.719,1742520356.8881876
1,142.778,1742520356.8881876
2,146.877,1742520356.8881876
3,146.918,1742520356.8881876
4,143.328,1742520356.8881876
5,144.987,1742520356.8881876
6,143.373,1742520356.8881876
7,147.0,1742520356.8881876
0,144.719,1742520356.938314
1,142.778,1742520356.938314
2,146.877,1742520356.938314
3,135.623,1742520356.938314
4,129.949,1742520356.938314
5,144.987,1742520356.938314
6,133.327,1742520356.938314
7,147.0,1742520356.938314
0,123.349,1742520356.9884496
1,120.553,1742520356.9884496
2,124.125,1742520356.9884496
3,135.623,1742520356.9884496
4,129.949,1742520356.9884496
5,123.107,1742520356.9884496
6,133.327,1742520356.9884496
7,126.191,1742520356.9884496
0,123.349,1742520357.0385826
1,120.553,1742520357.0385826
2,121.738,1742520357.0385826
3,119.147,1742520357.0385826
4,118.587,1742520357.0385826
5,123.107,1742520357.0385826
6,116.883,1742520357.0385826
7,126.191,1742520357.0385826
0,121.942,1742520357.0887163
1,117.781,1742520357.0887163
2,121.738,1742520357.0887163
3,119.147,1742520357.0887163
4,118.587,1742520357.0887163
5,121.745,1742520357.0887163
6,116.883,1742520357.0887163
7,124.836,1742520357.0887163
0,121.942,1742520357.1388512
1,117.781,1742520357.1388512
2,121.63,1742520357.1388512
3,119.161,1742520357.1388512
4,118.424,1742520357.1388512
5,121.745,1742520357.1388512
6,116.909,1742520357.1388512
7,124.836,1742520357.1388512
0,121.936,1742520357.1889863
1,117.748,1742520357.1889863
2,121.63,1742520357.1889863
3,119.161,1742520357.1889863
4,118.424,1742520357.1889863
5,121.671,1742520357.1889863
6,116.909,1742520357.1889863
7,124.721,1742520357.1889863
0,121.936,1742520357.2391217
1,117.748,1742520357.2391217
2,121.567,1742520357.2391217
3,119.164,1742520357.2391217
4,118.377,1742520357.2391217
5,121.671,1742520357.2391217
6,116.904,1742520357.2391217
7,124.721,1742520357.2391217
0,121.929,1742520357.289256
1,117.649,1742520357.289256
2,121.567,1742520357.289256
3,119.164,1742520357.289256
4,118.377,1742520357.289256
5,121.596,1742520357.289256
6,116.904,1742520357.289256
7,124.646,1742520357.289256
0,121.929,1742520357.3393924
1,117.649,1742520357.3393924
2,121.494,1742520357.3393924
3,119.157,1742520357.3393924
4,118.352,1742520357.3393924
5,121.596,1742520357.3393924
6,116.917,1742520357.3393924
7,124.646,1742520357.3393924
0,121.921,1742520357.3895276
1,117.725,1742520357.3895276
2,121.494,1742520357.3895276
3,119.157,1742520357.3895276
4,118.352,1742520357.3895276
5,121.547,1742520357.3895276
6,116.917,1742520357.3895276
7,124.574,1742520357.3895276
0,121.921,1742520357.4396698
1,117.725,1742520357.4396698
2,121.494,1742520357.4396698
3,119.141,1742520357.4396698
4,118.322,1742520357.4396698
5,121.547,1742520357.4396698
6,116.933,1742520357.4396698
7,124.574,1742520357.4396698
0,121.906,1742520357.4897926
1,117.565,1742520357.4897926
2,121.441,1742520357.4897926
3,119.141,1742520357.4897926
4,118.322,1742520357.4897926
5,121.457,1742520357.4897926
6,116.933,1742520357.4897926
7,124.526,1742520357.4897926
0,121.906,1742520357.539969
1,117.565,1742520357.539969
2,121.441,1742520357.539969
3,119.082,1742520357.539969
4,118.277,1742520357.539969
5,121.457,1742520357.539969
6,116.917,1742520357.539969
7,124.526,1742520357.539969
0,121.914,1742520357.5900967
1,117.649,1742520357.5900967
2,121.415,1742520357.5900967
3,119.082,1742520357.5900967
4,118.277,1742520357.5900967
5,121.359,1742520357.5900967
6,116.917,1742520357.5900967
7,124.467,1742520357.5900967
0,121.914,1742520357.640219
1,117.649,1742520357.640219
2,121.415,1742520357.640219
3,119.039,1742520357.640219
4,118.252,1742520357.640219
5,121.359,1742520357.640219
6,116.882,1742520357.640219
7,124.467,1742520357.640219
0,121.934,1742520357.6903503
1,117.525,1742520357.6903503
2,121.381,1742520357.6903503
3,119.039,1742520357.6903503
4,118.252,1742520357.6903503
5,121.251,1742520357.6903503
6,116.882,1742520357.6903503
7,124.432,1742520357.6903503
0,121.934,1742520357.7404795
1,117.525,1742520357.7404795
2,121.381,1742520357.7404795
3,119.0,1742520357.7404795
4,118.202,1742520357.7404795
5,121.251,1742520357.7404795
6,116.844,1742520357.7404795
7,124.432,1742520357.7404795
0,121.917,1742520357.790611
1,117.588,1742520357.790611
2,121.339,1742520357.790611
3,119.0,1742520357.790611
4,118.202,1742520357.790611
5,121.208,1742520357.790611
6,116.844,1742520357.790611
7,124.413,1742520357.790611
0,121.917,1742520357.8407333
1,117.588,1742520357.8407333
2,121.339,1742520357.8407333
3,118.974,1742520357.8407333
4,118.172,1742520357.8407333
5,121.208,1742520357.8407333
6,116.812,1742520357.8407333
7,124.413,1742520357.8407333
0,121.885,1742520357.8908546
1,117.486,1742520357.8908546
2,121.341,1742520357.8908546
3,118.974,1742520357.8908546
4,118.172,1742520357.8908546
5,121.1,1742520357.8908546
6,116.812,1742520357.8908546
7,124.38,1742520357.8908546
0,121.885,1742520357.9409873
1,117.486,1742520357.9409873
2,121.341,1742520357.9409873
3,118.962,1742520357.9409873
4,118.167,1742520357.9409873
5,121.1,1742520357.9409873
6,116.811,1742520357.9409873
7,124.38,1742520357.9409873
0,121.83,1742520357.991122
1,117.528,1742520357.991122
2,121.321,1742520357.991122
3,118.962,1742520357.991122
4,118.167,1742520357.991122
5,121.053,1742520357.991122
6,116.811,1742520357.991122
7,124.353,1742520357.991122
0,121.83,1742520358.0412583
1,117.528,1742520358.0412583
2,121.321,1742520358.0412583
3,118.949,1742520358.0412583
4,118.122,1742520358.0412583
5,121.053,1742520358.0412583
6,116.805,1742520358.0412583
7,124.353,1742520358.0412583
0,121.794,1742520358.0913866
1,117.501,1742520358.0913866
2,121.292,1742520358.0913866
3,118.949,1742520358.0913866
4,118.122,1742520358.0913866
5,120.946,1742520358.0913866
6,116.805,1742520358.0913866
7,124.327,1742520358.0913866
0,121.794,1742520358.1415164
1,117.501,1742520358.1415164
2,121.292,1742520358.1415164
3,118.928,1742520358.1415164
4,118.105,1742520358.1415164
5,120.946,1742520358.1415164
6,116.804,1742520358.1415164
7,124.327,1742520358.1415164
0,121.751,1742520358.1916466
1,117.453,1742520358.1916466
2,121.267,1742520358.1916466
3,118.928,1742520358.1916466
4,118.105,1742520358.1916466
5,120.87,1742520358.1916466
6,116.804,1742520358.1916466
7,124.307,1742520358.1916466
0,121.751,1742520358.2417786
1,117.453,1742520358.2417786
2,121.267,1742520358.2417786
3,118.908,1742520358.2417786
4,118.068,1742520358.2417786
5,120.87,1742520358.2417786
6,116.792,1742520358.2417786
7,124.307,1742520358.2417786
0,121.752,1742520358.2919118
1,117.501,1742520358.2919118
2,121.26,1742520358.2919118
3,118.908,1742520358.2919118
4,118.068,1742520358.2919118
5,120.804,1742520358.2919118
6,116.792,1742520358.2919118
7,124.295,1742520358.2919118
0,121.752,1742520358.3420622
1,117.501,1742520358.3420622
2,121.26,1742520358.3420622
3,118.875,1742520358.3420622
4,118.05,1742520358.3420622
5,120.804,1742520358.3420622
6,116.779,1742520358.3420622
7,124.295,1742520358.3420622
0,121.739,1742520358.392195
1,117.398,1742520358.392195
2,121.247,1742520358.392195
3,118.875,1742520358.392195
4,118.05,1742520358.392195
5,120.771,1742520358.392195
6,116.779,1742520358.392195
7,124.284,1742520358.392195
0,121.739,1742520358.442316
1,117.398,1742520358.442316
2,121.247,1742520358.442316
3,118.845,1742520358.442316
4,118.007,1742520358.442316
5,120.771,1742520358.442316
6,116.753,1742520358.442316
7,124.284,1742520358.442316
0,121.737,1742520358.492438
1,117.503,1742520358.492438
2,121.215,1742520358.492438
3,118.845,1742520358.492438
4,118.007,1742520358.492438
5,120.69,1742520358.492438
6,116.753,1742520358.492438
7,124.274,1742520358.492438
0,121.737,1742520358.5425708
1,117.503,1742520358.5425708
2,121.215,1742520358.5425708
3,118.827,1742520358.5425708
4,117.985,1742520358.5425708
5,120.69,1742520358.5425708
6,116.746,1742520358.5425708
7,124.274,1742520358.5425708
0,121.677,1742520358.592704
1,117.373,1742520358.592704
2,121.214,1742520358.592704
3,118.827,1742520358.592704
4,117.985,1742520358.592704
5,120.719,1742520358.592704
6,116.746,1742520358.592704
7,124.254,1742520358.592704
0,121.677,1742520358.642824
1,117.373,1742520358.642824
2,121.214,1742520358.642824
3,118.825,1742520358.642824
4,117.953,1742520358.642824
5,120.719,1742520358.642824
6,116.753,1742520358.642824
7,124.254,1742520358.642824
0,121.599,1742520358.692956
1,117.45,1742520358.692956
2,121.199,1742520358.692956
3,118.825,1742520358.692956
4,117.953,1742520358.692956
5,120.691,1742520358.692956
6,116.753,1742520358.692956
7,124.246,1742520358.692956
0,121.599,1742520358.743104
1,117.45,1742520358.743104
2,121.199,1742520358.743104
3,118.832,1742520358.743104
4,117.939,1742520358.743104
5,120.691,1742520358.743104
6,116.741,1742520358.743104
7,124.246,1742520358.743104
0,121.531,1742520358.7932365
1,117.402,1742520358.7932365
2,121.192,1742520358.7932365
3,118.832,1742520358.7932365
4,117.939,1742520358.7932365
5,120.684,1742520358.7932365
6,116.741,1742520358.7932365
7,124.227,1742520358.7932365
0,121.531,1742520358.843328
1,117.402,1742520358.843328
2,121.192,1742520358.843328
3,118.803,1742520358.843328
4,117.928,1742520358.843328
5,120.684,1742520358.843328
6,116.739,1742520358.843328
7,124.227,1742520358.843328
0,121.466,1742520358.8934493
1,117.414,1742520358.8934493
2,121.166,1742520358.8934493
3,118.803,1742520358.8934493
4,117.928,1742520358.8934493
5,120.675,1742520358.8934493
6,116.739,1742520358.8934493
7,124.197,1742520358.8934493
0,121.466,1742520358.9435744
1,117.414,1742520358.9435744
2,121.166,1742520358.9435744
3,118.787,1742520358.9435744
4,117.89,1742520358.9435744
5,120.675,1742520358.9435744
6,116.719,1742520358.9435744
7,124.197,1742520358.9435744
0,121.412,1742520358.9937184
1,117.378,1742520358.9937184
2,121.146,1742520358.9937184
3,118.787,1742520358.9937184
4,117.89,1742520358.9937184
5,120.656,1742520358.9937184
6,116.719,1742520358.9937184
7,124.183,1742520358.9937184
0,121.412,1742520359.0438378
1,117.378,1742520359.0438378
2,121.146,1742520359.0438378
3,118.773,1742520359.0438378
4,117.885,1742520359.0438378
5,120.656,1742520359.0438378
6,116.68,1742520359.0438378
7,124.183,1742520359.0438378
0,121.355,1742520359.0939608
1,117.31,1742520359.0939608
2,121.113,1742520359.0939608
3,118.773,1742520359.0939608
4,117.885,1742520359.0939608
5,120.656,1742520359.0939608
6,116.68,1742520359.0939608
7,124.194,1742520359.0939608
0,121.355,1742520359.144087
1,117.31,1742520359.144087
2,121.113,1742520359.144087
3,118.768,1742520359.144087
4,117.864,1742520359.144087
5,120.656,1742520359.144087
6,116.669,1742520359.144087
7,124.194,1742520359.144087
0,121.29,1742520359.1942203
1,117.377,1742520359.1942203
2,121.12,1742520359.1942203
3,118.768,1742520359.1942203
4,117.864,1742520359.1942203
5,120.634,1742520359.1942203
6,116.669,1742520359.1942203
7,124.201,1742520359.1942203
0,121.29,1742520359.2443454
1,117.377,1742520359.2443454
2,121.12,1742520359.2443454
3,118.769,1742520359.2443454
4,117.856,1742520359.2443454
5,120.634,1742520359.2443454
6,116.654,1742520359.2443454
7,124.201,1742520359.2443454
0,121.24,1742520359.2944698
1,117.268,1742520359.2944698
2,121.106,1742520359.2944698
3,118.769,1742520359.2944698
4,117.856,1742520359.2944698
5,120.63,1742520359.2944698
6,116.654,1742520359.2944698
7,124.189,1742520359.2944698
0,121.24,1742520359.3445957
1,117.268,1742520359.3445957
2,121.106,1742520359.3445957
3,118.783,1742520359.3445957
4,117.833,1742520359.3445957
5,120.63,1742520359.3445957
6,116.65,1742520359.3445957
7,124.189,1742520359.3445957
0,121.165,1742520359.394726
1,117.373,1742520359.394726
2,121.085,1742520359.394726
3,118.783,1742520359.394726
4,117.833,1742520359.394726
5,120.602,1742520359.394726
6,116.65,1742520359.394726
7,124.168,1742520359.394726
0,121.165,1742520359.444863
1,117.373,1742520359.444863
2,121.085,1742520359.444863
3,118.789,1742520359.444863
4,117.832,1742520359.444863
5,120.602,1742520359.444863
6,116.627,1742520359.444863
7,124.168,1742520359.444863
0,121.118,1742520359.4949975
1,117.265,1742520359.4949975
2,121.077,1742520359.4949975
3,118.789,1742520359.4949975
4,117.832,1742520359.4949975
5,120.603,1742520359.4949975
6,116.627,1742520359.4949975
7,124.109,1742520359.4949975
0,121.118,1742520359.5451326
1,117.265,1742520359.5451326
2,121.077,1742520359.5451326
3,118.776,1742520359.5451326
4,117.834,1742520359.5451326
5,120.603,1742520359.5451326
6,116.605,1742520359.5451326
7,124.109,1742520359.5451326
0,121.091,1742520359.5952678
1,117.349,1742520359.5952678
2,121.067,1742520359.5952678
3,118.776,1742520359.5952678
4,117.834,1742520359.5952678
5,120.583,1742520359.5952678
6,116.605,1742520359.5952678
7,124.068,1742520359.5952678
0,121.091,1742520359.6454039
1,117.349,1742520359.6454039
2,121.067,1742520359.6454039
3,118.763,1742520359.6454039
4,117.824,1742520359.6454039
5,120.583,1742520359.6454039
6,116.587,1742520359.6454039
7,124.068,1742520359.6454039
0,121.079,1742520359.6955395
1,117.292,1742520359.6955395
2,121.059,1742520359.6955395
3,118.763,1742520359.6955395
4,117.824,1742520359.6955395
5,120.597,1742520359.6955395
6,116.587,1742520359.6955395
7,124.035,1742520359.6955395
0,121.079,1742520359.745713
1,117.292,1742520359.745713
2,121.059,1742520359.745713
3,118.755,1742520359.745713
4,117.819,1742520359.745713
5,120.597,1742520359.745713
6,116.581,1742520359.745713
7,124.035,1742520359.745713
0,121.08,1742520359.7958264
1,117.258,1742520359.7958264
2,121.041,1742520359.7958264
3,118.755,1742520359.7958264
4,117.819,1742520359.7958264
5,120.556,1742520359.7958264
6,116.581,1742520359.7958264
7,124.001,1742520359.7958264
0,121.08,1742520359.8460422
1,117.258,1742520359.8460422
2,121.041,1742520359.8460422
3,118.742,1742520359.8460422
4,117.819,1742520359.8460422
5,120.556,1742520359.8460422
6,116.566,1742520359.8460422
7,124.001,1742520359.8460422
0,121.064,1742520359.896163
1,117.318,1742520359.896163
2,121.034,1742520359.896163
3,118.742,1742520359.896163
4,117.819,1742520359.896163
5,120.55,1742520359.896163
6,116.566,1742520359.896163
7,123.994,1742520359.896163
0,121.064,1742520359.9462936
1,117.318,1742520359.9462936
2,121.034,1742520359.9462936
3,118.729,1742520359.9462936
4,117.833,1742520359.9462936
5,120.55,1742520359.9462936
6,116.56,1742520359.9462936
7,123.994,1742520359.9462936
0,121.053,1742520359.9964252
1,117.239,1742520359.9964252
2,121.02,1742520359.9964252
3,118.729,1742520359.9964252
4,117.833,1742520359.9964252
5,120.51,1742520359.9964252
6,116.56,1742520359.9964252
7,123.989,1742520359.9964252
0,121.053,1742520360.0465517
1,117.239,1742520360.0465517
2,121.02,1742520360.0465517
3,118.722,1742520360.0465517
4,117.817,1742520360.0465517
5,120.51,1742520360.0465517
6,116.579,1742520360.0465517
7,123.989,1742520360.0465517
0,121.029,1742520360.0967069
1,117.351,1742520360.0967069
2,121.021,1742520360.0967069
3,118.722,1742520360.0967069
4,117.817,1742520360.0967069
5,120.531,1742520360.0967069
6,116.579,1742520360.0967069
7,123.967,1742520360.0967069
0,121.029,1742520360.1468396
1,117.351,1742520360.1468396
2,121.021,1742520360.1468396
3,118.736,1742520360.1468396
4,117.814,1742520360.1468396
5,120.531,1742520360.1468396
6,116.561,1742520360.1468396
7,123.967,1742520360.1468396
0,121.016,1742520360.196972
1,117.229,1742520360.196972
2,121.003,1742520360.196972
3,118.736,1742520360.196972
4,117.814,1742520360.196972
5,120.51,1742520360.196972
6,116.561,1742520360.196972
7,123.947,1742520360.196972
0,121.016,1742520360.2470932
1,117.229,1742520360.2470932
2,121.003,1742520360.2470932
3,118.727,1742520360.2470932
4,117.818,1742520360.2470932
5,120.51,1742520360.2470932
6,116.547,1742520360.2470932
7,123.947,1742520360.2470932
0,121.002,1742520360.2972252
1,117.343,1742520360.2972252
2,121.006,1742520360.2972252
3,118.727,1742520360.2972252
4,117.818,1742520360.2972252
5,120.53,1742520360.2972252
6,116.547,1742520360.2972252
7,123.922,1742520360.2972252
0,121.002,1742520360.34736
1,117.343,1742520360.34736
2,121.006,1742520360.34736
3,118.709,1742520360.34736
4,117.791,1742520360.34736
5,120.53,1742520360.34736
6,116.535,1742520360.34736
7,123.922,1742520360.34736
0,120.984,1742520360.3975196
1,117.236,1742520360.3975196
2,121.018,1742520360.3975196
3,118.709,1742520360.3975196
4,117.791,1742520360.3975196
5,120.49,1742520360.3975196
6,116.535,1742520360.3975196
7,123.898,1742520360.3975196
0,120.984,1742520360.447652
1,117.236,1742520360.447652
2,121.018,1742520360.447652
3,118.715,1742520360.447652
4,117.785,1742520360.447652
5,120.49,1742520360.447652
6,116.54,1742520360.447652
7,123.898,1742520360.447652
0,120.975,1742520360.4977853
1,117.284,1742520360.4977853
2,120.994,1742520360.4977853
3,118.715,1742520360.4977853
4,117.785,1742520360.4977853
5,120.496,1742520360.4977853
6,116.54,1742520360.4977853
7,123.915,1742520360.4977853
0,120.975,1742520360.5479057
1,117.284,1742520360.5479057
2,120.994,1742520360.5479057
3,118.695,1742520360.5479057
4,117.766,1742520360.5479057
5,120.496,1742520360.5479057
6,116.547,1742520360.5479057
7,123.915,1742520360.5479057
0,120.969,1742520360.5980377
1,117.25,1742520360.5980377
2,120.99,1742520360.5980377
3,118.695,1742520360.5980377
4,117.766,1742520360.5980377
5,120.46,1742520360.5980377
6,116.547,1742520360.5980377
7,123.906,1742520360.5980377
0,120.969,1742520360.6481712
1,117.25,1742520360.6481712
2,120.99,1742520360.6481712
3,118.689,1742520360.6481712
4,117.76,1742520360.6481712
5,120.46,1742520360.6481712
6,116.528,1742520360.6481712
7,123.906,1742520360.6481712
0,120.951,1742520360.6983068
1,117.231,1742520360.6983068
2,120.988,1742520360.6983068
3,118.689,1742520360.6983068
4,117.76,1742520360.6983068
5,120.461,1742520360.6983068
6,116.528,1742520360.6983068
7,123.895,1742520360.6983068
0,120.951,1742520360.7484782
1,117.231,1742520360.7484782
2,120.988,1742520360.7484782
3,118.663,1742520360.7484782
4,117.773,1742520360.7484782
5,120.461,1742520360.7484782
6,116.514,1742520360.7484782
7,123.895,1742520360.7484782
0,120.926,1742520360.798603
1,117.265,1742520360.798603
2,120.976,1742520360.798603
3,118.663,1742520360.798603
4,117.773,1742520360.798603
5,120.432,1742520360.798603
6,116.514,1742520360.798603
7,123.912,1742520360.798603
0,120.926,1742520360.8487356
1,117.265,1742520360.8487356
2,120.976,1742520360.8487356
3,118.643,1742520360.8487356
4,117.763,1742520360.8487356
5,120.432,1742520360.8487356
6,116.488,1742520360.8487356
7,123.912,1742520360.8487356
0,120.97,1742520360.8988693
1,117.171,1742520360.8988693
2,120.948,1742520360.8988693
3,118.643,1742520360.8988693
4,117.763,1742520360.8988693
5,120.433,1742520360.8988693
6,116.488,1742520360.8988693
7,123.896,1742520360.8988693
0,120.97,1742520360.9489985
1,117.171,1742520360.9489985
2,120.948,1742520360.9489985
3,118.663,1742520360.9489985
4,117.752,1742520360.9489985
5,120.433,1742520360.9489985
6,116.475,1742520360.9489985
7,123.896,1742520360.9489985
0,120.963,1742520360.9991293
1,117.265,1742520360.9991293
2,120.95,1742520360.9991293
3,118.663,1742520360.9991293
4,117.752,1742520360.9991293
5,120.426,1742520360.9991293
6,116.475,1742520360.9991293
7,123.866,1742520360.9991293
0,120.963,1742520361.0492654
1,117.265,1742520361.0492654
2,120.95,1742520361.0492654
3,118.663,1742520361.0492654
4,117.723,1742520361.0492654
5,120.426,1742520361.0492654
6,116.461,1742520361.0492654
7,123.866,1742520361.0492654
0,120.971,1742520361.0993774
1,117.135,1742520361.0993774
2,120.954,1742520361.0993774
3,118.663,1742520361.0993774
4,117.723,1742520361.0993774
5,120.426,1742520361.0993774
6,116.461,1742520361.0993774
7,123.855,1742520361.0993774
0,120.971,1742520361.1495392
1,117.135,1742520361.1495392
2,120.954,1742520361.1495392
3,118.631,1742520361.1495392
4,117.729,1742520361.1495392
5,120.419,1742520361.1495392
6,116.468,1742520361.1495392
7,123.855,1742520361.1495392
0,120.988,1742520361.1996715
1,117.249,1742520361.1996715
2,120.926,1742520361.1996715
3,118.631,1742520361.1996715
4,117.729,1742520361.1996715
5,120.389,1742520361.1996715
6,116.468,1742520361.1996715
7,123.827,1742520361.1996715
0,120.988,1742520361.2498212
1,117.249,1742520361.2498212
2,120.926,1742520361.2498212
3,118.611,1742520361.2498212
4,117.697,1742520361.2498212
5,120.389,1742520361.2498212
6,116.475,1742520361.2498212
7,123.827,1742520361.2498212
0,120.999,1742520361.2999527
1,117.134,1742520361.2999527
2,120.904,1742520361.2999527
3,118.611,1742520361.2999527
4,117.697,1742520361.2999527
5,120.397,1742520361.2999527
6,116.475,1742520361.2999527
7,123.827,1742520361.2999527
0,120.999,1742520361.350087
1,117.134,1742520361.350087
2,120.904,1742520361.350087
3,118.624,1742520361.350087
4,117.705,1742520361.350087
5,120.397,1742520361.350087
6,116.455,1742520361.350087
7,123.827,1742520361.350087
0,121.001,1742520361.4002216
1,117.181,1742520361.4002216
2,120.884,1742520361.4002216
3,118.624,1742520361.4002216
4,117.705,1742520361.4002216
5,120.387,1742520361.4002216
6,116.455,1742520361.4002216
7,123.828,1742520361.4002216
0,121.001,1742520361.4503407
1,117.181,1742520361.4503407
2,120.884,1742520361.4503407
3,118.604,1742520361.4503407
4,117.705,1742520361.4503407
5,120.387,1742520361.4503407
6,116.454,1742520361.4503407
7,123.828,1742520361.4503407
0,121.031,1742520361.5004728
1,117.099,1742520361.5004728
2,120.89,1742520361.5004728
3,118.604,1742520361.5004728
4,117.705,1742520361.5004728
5,120.363,1742520361.5004728
6,116.454,1742520361.5004728
7,123.818,1742520361.5004728
0,121.031,1742520361.5506022
1,117.099,1742520361.5506022
2,120.89,1742520361.5506022
3,118.604,1742520361.5506022
4,117.703,1742520361.5506022
5,120.363,1742520361.5506022
6,116.434,1742520361.5506022
7,123.818,1742520361.5506022
0,121.054,1742520361.6007338
1,117.154,1742520361.6007338
2,120.874,1742520361.6007338
3,118.604,1742520361.6007338
4,117.703,1742520361.6007338
5,120.359,1742520361.6007338
6,116.434,1742520361.6007338
7,123.817,1742520361.6007338
0,121.054,1742520361.650869
1,117.154,1742520361.650869
2,120.874,1742520361.650869
3,118.584,1742520361.650869
4,117.699,1742520361.650869
5,120.359,1742520361.650869
6,116.441,1742520361.650869
7,123.817,1742520361.650869
0,121.09,1742520361.7009993
1,117.141,1742520361.7009993
2,120.866,1742520361.7009993
3,118.584,1742520361.7009993
4,117.699,1742520361.7009993
5,120.37,1742520361.7009993
6,116.441,1742520361.7009993
7,123.798,1742520361.7009993
0,121.09,1742520361.7511237
1,117.141,1742520361.7511237
2,120.866,1742520361.7511237
3,118.577,1742520361.7511237
4,117.663,1742520361.7511237
5,120.37,1742520361.7511237
6,116.448,1742520361.7511237
7,123.798,1742520361.7511237
0,121.112,1742520361.801256
1,117.091,1742520361.801256
2,120.862,1742520361.801256
3,118.577,1742520361.801256
4,117.663,1742520361.801256
5,120.367,1742520361.801256
6,116.448,1742520361.801256
7,123.778,1742520361.801256
0,121.112,1742520361.8513954
1,117.091,1742520361.8513954
2,120.862,1742520361.8513954
3,118.57,1742520361.8513954
4,117.671,1742520361.8513954
5,120.367,1742520361.8513954
6,116.455,1742520361.8513954
7,123.778,1742520361.8513954
0,121.084,1742520361.901518
1,117.159,1742520361.901518
2,120.841,1742520361.901518
3,118.57,1742520361.901518
4,117.671,1742520361.901518
5,120.349,1742520361.901518
6,116.455,1742520361.901518
7,123.777,1742520361.901518
0,121.084,1742520361.951651
1,117.159,1742520361.951651
2,120.841,1742520361.951651
3,118.544,1742520361.951651
4,117.62,1742520361.951651
5,120.349,1742520361.951651
6,116.462,1742520361.951651
7,123.777,1742520361.951651
0,121.092,1742520362.0018222
1,117.027,1742520362.0018222
2,120.811,1742520362.0018222
3,118.544,1742520362.0018222
4,117.62,1742520362.0018222
5,120.334,1742520362.0018222
6,116.462,1742520362.0018222
7,123.784,1742520362.0018222
0,121.092,1742520362.0519457
1,117.027,1742520362.0519457
2,120.811,1742520362.0519457
3,118.524,1742520362.0519457
4,117.636,1742520362.0519457
5,120.334,1742520362.0519457
6,116.443,1742520362.0519457
7,123.784,1742520362.0519457
0,121.087,1742520362.10208
1,117.133,1742520362.10208
2,120.79,1742520362.10208
3,118.524,1742520362.10208
4,117.636,1742520362.10208
5,120.334,1742520362.10208
6,116.443,1742520362.10208
7,123.751,1742520362.10208
0,121.087,1742520362.1522143
1,117.133,1742520362.1522143
2,120.79,1742520362.1522143
3,118.52,1742520362.1522143
4,117.637,1742520362.1522143
5,120.296,1742520362.1522143
6,116.443,1742520362.1522143
7,123.751,1742520362.1522143
0,121.064,1742520362.2023466
1,117.009,1742520362.2023466
2,120.79,1742520362.2023466
3,118.52,1742520362.2023466
4,117.637,1742520362.2023466
5,120.296,1742520362.2023466
6,116.443,1742520362.2023466
7,123.738,1742520362.2023466
0,121.064,1742520362.252483
1,117.009,1742520362.252483
2,120.79,1742520362.252483
3,118.526,1742520362.252483
4,117.619,1742520362.252483
5,120.311,1742520362.252483
6,116.417,1742520362.252483
7,123.738,1742520362.252483
0,121.051,1742520362.302618
1,117.103,1742520362.302618
2,120.776,1742520362.302618
3,118.526,1742520362.302618
4,117.619,1742520362.302618
5,120.311,1742520362.302618
6,116.417,1742520362.302618
7,123.738,1742520362.302618
0,121.051,1742520362.3527455
1,117.103,1742520362.3527455
2,120.776,1742520362.3527455
3,118.498,1742520362.3527455
4,117.619,1742520362.3527455
5,120.276,1742520362.3527455
6,116.43,1742520362.3527455
7,123.738,1742520362.3527455
0,121.044,1742520362.4028778
1,117.03,1742520362.4028778
2,120.777,1742520362.4028778
3,118.498,1742520362.4028778
4,117.602,1742520362.4028778
5,120.276,1742520362.4028778
6,116.43,1742520362.4028778
7,123.738,1742520362.4028778
0,121.044,1742520362.4530137
1,117.03,1742520362.4530137
2,120.777,1742520362.4530137
3,118.488,1742520362.4530137
4,117.602,1742520362.4530137
5,120.276,1742520362.4530137
6,116.431,1742520362.4530137
7,123.717,1742520362.4530137
0,121.009,1742520362.503148
1,117.061,1742520362.503148
2,120.778,1742520362.503148
3,118.488,1742520362.503148
4,117.575,1742520362.503148
5,120.276,1742520362.503148
6,116.431,1742520362.503148
7,123.717,1742520362.503148
0,121.009,1742520362.5532846
1,117.061,1742520362.5532846
2,120.778,1742520362.5532846
3,118.495,1742520362.5532846
4,117.575,1742520362.5532846
5,120.25,1742520362.5532846
6,116.436,1742520362.5532846
7,123.711,1742520362.5532846
0,120.977,1742520362.6034544
1,117.056,1742520362.6034544
2,120.756,1742520362.6034544
3,118.495,1742520362.6034544
4,117.553,1742520362.6034544
5,120.242,1742520362.6034544
6,116.436,1742520362.6034544
7,123.711,1742520362.6034544
0,120.977,1742520362.6535873
1,117.056,1742520362.6535873
2,120.756,1742520362.6535873
3,118.475,1742520362.6535873
4,117.553,1742520362.6535873
5,120.242,1742520362.6535873
6,116.417,1742520362.6535873
7,123.718,1742520362.6535873
0,120.977,1742520362.7037556
1,117.0,1742520362.7037556
2,120.72,1742520362.7037556
3,118.475,1742520362.7037556
4,117.529,1742520362.7037556
5,120.209,1742520362.7037556
6,116.417,1742520362.7037556
7,123.718,1742520362.7037556
0,120.932,1742520362.753876
1,117.0,1742520362.753876
2,120.72,1742520362.753876
3,118.463,1742520362.753876
4,117.529,1742520362.753876
5,120.209,1742520362.753876
6,116.398,1742520362.753876
7,123.692,1742520362.753876
0,120.932,1742520362.803996
1,117.071,1742520362.803996
2,120.704,1742520362.803996
3,118.463,1742520362.803996
4,117.533,1742520362.803996
5,120.209,1742520362.803996
6,116.398,1742520362.803996
7,123.692,1742520362.803996
0,120.907,1742520362.8541179
1,117.071,1742520362.8541179
2,120.704,1742520362.8541179
3,118.444,1742520362.8541179
4,117.533,1742520362.8541179
5,120.209,1742520362.8541179
6,116.372,1742520362.8541179
7,123.685,1742520362.8541179
0,120.907,1742520362.9042513
1,116.959,1742520362.9042513
2,120.69,1742520362.9042513
3,118.444,1742520362.9042513
4,117.503,1742520362.9042513
5,120.196,1742520362.9042513
6,116.372,1742520362.9042513
7,123.685,1742520362.9042513
0,120.884,1742520362.954387
1,116.959,1742520362.954387
2,120.69,1742520362.954387
3,118.45,1742520362.954387
4,117.503,1742520362.954387
5,120.196,1742520362.954387
6,116.359,1742520362.954387
7,123.66,1742520362.954387
0,120.884,1742520363.004522
1,117.083,1742520363.004522
2,120.683,1742520363.004522
3,118.45,1742520363.004522
4,117.507,1742520363.004522
5,120.209,1742520363.004522
6,116.359,1742520363.004522
7,123.66,1742520363.004522
0,120.898,1742520363.0546632
1,117.083,1742520363.0546632
2,120.683,1742520363.0546632
3,118.446,1742520363.0546632
4,117.507,1742520363.0546632
5,120.209,1742520363.0546632
6,116.364,1742520363.0546632
7,123.633,1742520363.0546632
0,120.898,1742520363.104797
1,116.971,1742520363.104797
2,120.671,1742520363.104797
3,118.446,1742520363.104797
4,117.475,1742520363.104797
5,120.209,1742520363.104797
6,116.364,1742520363.104797
7,123.633,1742520363.104797
0,120.873,1742520363.1549292
1,116.971,1742520363.1549292
2,120.671,1742520363.1549292
3,118.45,1742520363.1549292
4,117.475,1742520363.1549292
5,120.203,1742520363.1549292
6,116.357,1742520363.1549292
7,123.611,1742520363.1549292
0,120.873,1742520363.205063
1,117.074,1742520363.205063
2,120.673,1742520363.205063
3,118.45,1742520363.205063
4,117.46,1742520363.205063
5,120.203,1742520363.205063
6,116.357,1742520363.205063
7,123.611,1742520363.205063
0,120.837,1742520363.255199
1,117.074,1742520363.255199
2,120.673,1742520363.255199
3,118.45,1742520363.255199
4,117.46,1742520363.255199
5,120.176,1742520363.255199
6,116.375,1742520363.255199
7,123.593,1742520363.255199
0,120.837,1742520363.3053343
1,116.978,1742520363.3053343
2,120.646,1742520363.3053343
3,118.45,1742520363.3053343
4,117.461,1742520363.3053343
5,120.176,1742520363.3053343
6,116.375,1742520363.3053343
7,123.593,1742520363.3053343
0,120.84,1742520363.3554704
1,116.978,1742520363.3554704
2,120.646,1742520363.3554704
3,118.44,1742520363.3554704
4,117.461,1742520363.3554704
5,120.163,1742520363.3554704
6,116.341,1742520363.3554704
7,123.594,1742520363.3554704
0,120.84,1742520363.4056194
1,117.01,1742520363.4056194
2,120.625,1742520363.4056194
3,118.44,1742520363.4056194
4,117.46,1742520363.4056194
5,120.163,1742520363.4056194
6,116.341,1742520363.4056194
7,123.594,1742520363.4056194
0,120.829,1742520363.4557521
1,117.01,1742520363.4557521
2,120.625,1742520363.4557521
3,118.431,1742520363.4557521
4,117.46,1742520363.4557521
5,120.17,1742520363.4557521
6,116.322,1742520363.4557521
7,123.607,1742520363.4557521
0,120.829,1742520363.5058866
1,117.016,1742520363.5058866
2,120.59,1742520363.5058866
3,118.431,1742520363.5058866
4,117.461,1742520363.5058866
5,120.17,1742520363.5058866
6,116.322,1742520363.5058866
7,123.607,1742520363.5058866
0,120.841,1742520363.5561087
1,117.016,1742520363.5561087
2,120.59,1742520363.5561087
3,118.42,1742520363.5561087
4,117.461,1742520363.5561087
5,120.158,1742520363.5561087
6,116.296,1742520363.5561087
7,123.593,1742520363.5561087
0,120.841,1742520363.6062405
1,116.965,1742520363.6062405
2,120.586,1742520363.6062405
3,118.42,1742520363.6062405
4,117.469,1742520363.6062405
5,120.158,1742520363.6062405
6,116.296,1742520363.6062405
7,123.593,1742520363.6062405
0,120.816,1742520363.656369
1,116.965,1742520363.656369
2,120.586,1742520363.656369
3,118.424,1742520363.656369
4,117.469,1742520363.656369
5,120.157,1742520363.656369
6,116.292,1742520363.656369
7,123.585,1742520363.656369
0,120.816,1742520363.7065442
1,117.039,1742520363.7065442
2,120.593,1742520363.7065442
3,118.424,1742520363.7065442
4,117.483,1742520363.7065442
5,120.157,1742520363.7065442
6,116.292,1742520363.7065442
7,123.585,1742520363.7065442
0,120.813,1742520363.7566764
1,117.039,1742520363.7566764
2,120.593,1742520363.7566764
3,118.426,1742520363.7566764
4,117.483,1742520363.7566764
5,120.17,1742520363.7566764
6,116.295,1742520363.7566764
7,123.55,1742520363.7566764
0,120.813,1742520363.8068109
1,116.931,1742520363.8068109
2,120.593,1742520363.8068109
3,118.426,1742520363.8068109
4,117.478,1742520363.8068109
5,120.17,1742520363.8068109
6,116.295,1742520363.8068109
7,123.55,1742520363.8068109
0,120.79,1742520363.8569462
1,116.931,1742520363.8569462
2,120.593,1742520363.8569462
3,118.439,1742520363.8569462
4,117.478,1742520363.8569462
5,120.157,1742520363.8569462
6,116.293,1742520363.8569462
7,123.514,1742520363.8569462
0,120.79,1742520363.9070811
1,117.032,1742520363.9070811
2,120.592,1742520363.9070811
3,118.439,1742520363.9070811
4,117.473,1742520363.9070811
5,120.157,1742520363.9070811
6,116.293,1742520363.9070811
7,123.514,1742520363.9070811
0,120.767,1742520363.9572177
1,117.032,1742520363.9572177
2,120.592,1742520363.9572177
3,118.433,1742520363.9572177
4,117.473,1742520363.9572177
5,120.157,1742520363.9572177
6,116.3,1742520363.9572177
7,123.51,1742520363.9572177
0,120.767,1742520364.0073495
1,116.905,1742520364.0073495
2,120.592,1742520364.0073495
3,118.433,1742520364.0073495
4,117.507,1742520364.0073495
5,120.157,1742520364.0073495
6,116.3,1742520364.0073495
7,123.51,1742520364.0073495
0,120.723,1742520364.0574725
1,116.905,1742520364.0574725
2,120.592,1742520364.0574725
3,118.411,1742520364.0574725
4,117.507,1742520364.0574725
5,120.137,1742520364.0574725
6,116.279,1742520364.0574725
7,123.509,1742520364.0574725
0,120.723,1742520364.1076047
1,117.014,1742520364.1076047
2,120.594,1742520364.1076047
3,118.411,1742520364.1076047
4,117.533,1742520364.1076047
5,120.137,1742520364.1076047
6,116.279,1742520364.1076047
7,123.509,1742520364.1076047
0,120.7,1742520364.1577377
1,117.014,1742520364.1577377
2,120.594,1742520364.1577377
3,118.404,1742520364.1577377
4,117.533,1742520364.1577377
5,120.144,1742520364.1577377
6,116.273,1742520364.1577377
7,123.52,1742520364.1577377
0,120.7,1742520364.207873
1,116.931,1742520364.207873
2,120.584,1742520364.207873
3,118.404,1742520364.207873
4,117.53,1742520364.207873
5,120.144,1742520364.207873
6,116.273,1742520364.207873
7,123.52,1742520364.207873
0,120.696,1742520364.258013
1,116.931,1742520364.258013
2,120.584,1742520364.258013
3,118.393,1742520364.258013
4,117.53,1742520364.258013
5,120.137,1742520364.258013
6,116.272,1742520364.258013
7,123.508,1742520364.258013
0,120.696,1742520364.308144
1,116.958,1742520364.308144
2,120.598,1742520364.308144
3,118.393,1742520364.308144
4,117.533,1742520364.308144
5,120.137,1742520364.308144
6,116.272,1742520364.308144
7,123.508,1742520364.308144
0,120.643,1742520364.3582795
1,116.958,1742520364.3582795
2,120.598,1742520364.3582795
3,118.4,1742520364.3582795
4,117.533,1742520364.3582795
5,120.156,1742520364.3582795
6,116.265,1742520364.3582795
7,123.492,1742520364.3582795
0,120.643,1742520364.4084153
1,116.96,1742520364.4084153
2,120.594,1742520364.4084153
3,118.4,1742520364.4084153
4,117.548,1742520364.4084153
5,120.156,1742520364.4084153
6,116.265,1742520364.4084153
7,123.492,1742520364.4084153
0,120.645,1742520364.4585502
1,116.96,1742520364.4585502
2,120.594,1742520364.4585502
3,118.406,1742520364.4585502
4,117.548,1742520364.4585502
5,120.135,1742520364.4585502
6,116.285,1742520364.4585502
7,123.488,1742520364.4585502
0,120.645,1742520364.508685
1,116.94,1742520364.508685
2,120.582,1742520364.508685
3,118.406,1742520364.508685
4,117.533,1742520364.508685
5,120.135,1742520364.508685
6,116.285,1742520364.508685
7,123.488,1742520364.508685
0,120.582,1742520364.5588207
1,116.94,1742520364.5588207
2,120.582,1742520364.5588207
3,118.398,1742520364.5588207
4,117.533,1742520364.5588207
5,120.143,1742520364.5588207
6,116.283,1742520364.5588207
7,123.476,1742520364.5588207
0,120.582,1742520364.608955
1,117.004,1742520364.608955
2,120.567,1742520364.608955
3,118.398,1742520364.608955
4,117.53,1742520364.608955
5,120.143,1742520364.608955
6,116.283,1742520364.608955
7,123.476,1742520364.608955
0,120.561,1742520364.6591167
1,117.004,1742520364.6591167
2,120.567,1742520364.6591167
3,118.38,1742520364.6591167
4,117.53,1742520364.6591167
5,120.104,1742520364.6591167
6,116.295,1742520364.6591167
7,123.443,1742520364.6591167
0,120.561,1742520364.7092495
1,116.872,1742520364.7092495
2,120.553,1742520364.7092495
3,118.38,1742520364.7092495
4,117.531,1742520364.7092495
5,120.104,1742520364.7092495
6,116.295,1742520364.7092495
7,123.443,1742520364.7092495
0,120.555,1742520364.7593827
1,116.872,1742520364.7593827
2,120.553,1742520364.7593827
3,118.365,1742520364.7593827
4,117.531,1742520364.7593827
5,120.124,1742520364.7593827
6,116.298,1742520364.7593827
7,123.45,1742520364.7593827
0,120.555,1742520364.8095171
1,116.976,1742520364.8095171
2,120.568,1742520364.8095171
3,118.365,1742520364.8095171
4,117.548,1742520364.8095171
5,120.124,1742520364.8095171
6,116.298,1742520364.8095171
7,123.45,1742520364.8095171
0,120.548,1742520364.8596537
1,116.976,1742520364.8596537
2,120.568,1742520364.8596537
3,118.339,1742520364.8596537
4,117.548,1742520364.8596537
5,120.085,1742520364.8596537
6,116.28,1742520364.8596537
7,123.456,1742520364.8596537
0,120.548,1742520364.909823
1,116.872,1742520364.909823
2,120.551,1742520364.909823
3,118.339,1742520364.909823
4,117.528,1742520364.909823
5,120.085,1742520364.909823
6,116.28,1742520364.909823
7,123.456,1742520364.909823
0,120.53,1742520364.9599557
1,116.872,1742520364.9599557
2,120.551,1742520364.9599557
3,118.339,1742520364.9599557
4,117.528,1742520364.9599557
5,120.082,1742520364.9599557
6,116.286,1742520364.9599557
7,123.451,1742520364.9599557
0,120.53,1742520365.0100892
1,116.972,1742520365.0100892
2,120.545,1742520365.0100892
3,118.333,1742520365.0100892
4,117.508,1742520365.0100892
5,120.082,1742520365.0100892
6,116.286,1742520365.0100892
7,123.451,1742520365.0100892
0,120.513,1742520365.0602608
1,116.972,1742520365.0602608
2,120.545,1742520365.0602608
3,118.333,1742520365.0602608
4,117.508,1742520365.0602608
5,120.063,1742520365.0602608
6,116.281,1742520365.0602608
7,123.444,1742520365.0602608
0,120.513,1742520365.1103923
1,116.85,1742520365.1103923
2,120.522,1742520365.1103923
3,118.339,1742520365.1103923
4,117.514,1742520365.1103923
5,120.063,1742520365.1103923
6,116.281,1742520365.1103923
7,123.444,1742520365.1103923
0,120.506,1742520365.1605265
1,116.85,1742520365.1605265
2,120.522,1742520365.1605265
3,118.339,1742520365.1605265
4,117.514,1742520365.1605265
5,120.085,1742520365.1605265
6,116.277,1742520365.1605265
7,123.423,1742520365.1605265
0,120.506,1742520365.2106614
1,116.943,1742520365.2106614
2,120.501,1742520365.2106614
3,118.352,1742520365.2106614
4,117.484,1742520365.2106614
5,120.085,1742520365.2106614
6,116.277,1742520365.2106614
7,123.423,1742520365.2106614
0,120.494,1742520365.2607977
1,116.943,1742520365.2607977
2,120.501,1742520365.2607977
3,118.352,1742520365.2607977
4,117.484,1742520365.2607977
5,120.056,1742520365.2607977
6,116.249,1742520365.2607977
7,123.428,1742520365.2607977
0,120.494,1742520365.3109472
1,116.835,1742520365.3109472
2,120.486,1742520365.3109472
3,118.359,1742520365.3109472
4,117.472,1742520365.3109472
5,120.056,1742520365.3109472
6,116.249,1742520365.3109472
7,123.428,1742520365.3109472
0,120.496,1742520365.3610823
1,116.835,1742520365.3610823
2,120.486,1742520365.3610823
3,118.359,1742520365.3610823
4,117.472,1742520365.3610823
5,120.046,1742520365.3610823
6,116.259,1742520365.3610823
7,123.428,1742520365.3610823
0,120.496,1742520365.4112158
1,116.869,1742520365.4112158
2,120.474,1742520365.4112158
3,118.346,1742520365.4112158
4,117.458,1742520365.4112158
5,120.046,1742520365.4112158
6,116.259,1742520365.4112158
7,123.428,1742520365.4112158
0,120.489,1742520365.4613853
1,116.869,1742520365.4613853
2,120.474,1742520365.4613853
3,118.346,1742520365.4613853
4,117.458,1742520365.4613853
5,120.02,1742520365.4613853
6,116.249,1742520365.4613853
7,123.395,1742520365.4613853
0,120.489,1742520365.5115085
1,116.856,1742520365.5115085
2,120.473,1742520365.5115085
3,118.345,1742520365.5115085
4,117.469,1742520365.5115085
5,120.02,1742520365.5115085
6,116.249,1742520365.5115085
7,123.395,1742520365.5115085
0,120.487,1742520365.5616415
1,116.856,1742520365.5616415
2,120.473,1742520365.5616415
3,118.345,1742520365.5616415
4,117.469,1742520365.5616415
5,120.029,1742520365.5616415
6,116.249,1742520365.5616415
7,123.381,1742520365.5616415
0,120.487,1742520365.6118238
1,116.808,1742520365.6118238
2,120.481,1742520365.6118238
3,118.337,1742520365.6118238
4,117.438,1742520365.6118238
5,120.029,1742520365.6118238
6,116.249,1742520365.6118238
7,123.381,1742520365.6118238
0,120.5,1742520365.6619463
1,116.808,1742520365.6619463
2,120.481,1742520365.6619463
3,118.337,1742520365.6619463
4,117.438,1742520365.6619463
5,120.036,1742520365.6619463
6,116.235,1742520365.6619463
7,123.375,1742520365.6619463
0,120.5,1742520365.7120776
1,116.875,1742520365.7120776
2,120.489,1742520365.7120776
3,118.344,1742520365.7120776
4,117.415,1742520365.7120776
5,120.036,1742520365.7120776
6,116.235,1742520365.7120776
7,123.375,1742520365.7120776
0,120.483,1742520365.762212
1,116.875,1742520365.762212
2,120.489,1742520365.762212
3,118.344,1742520365.762212
4,117.415,1742520365.762212
5,120.022,1742520365.762212
6,116.234,1742520365.762212
7,123.368,1742520365.762212
0,120.483,1742520365.8123474
1,116.763,1742520365.8123474
2,120.453,1742520365.8123474
3,118.352,1742520365.8123474
4,117.431,1742520365.8123474
5,120.022,1742520365.8123474
6,116.234,1742520365.8123474
7,123.368,1742520365.8123474
0,120.466,1742520365.8625083
1,116.763,1742520365.8625083
2,120.453,1742520365.8625083
3,118.352,1742520365.8625083
4,117.431,1742520365.8625083
5,120.035,1742520365.8625083
6,116.231,1742520365.8625083
7,123.362,1742520365.8625083
0,120.466,1742520365.912633
1,116.863,1742520365.912633
2,120.467,1742520365.912633
3,118.358,1742520365.912633
4,117.411,1742520365.912633
5,120.035,1742520365.912633
6,116.231,1742520365.912633
7,123.362,1742520365.912633
0,120.455,1742520365.962765
1,116.863,1742520365.962765
2,120.467,1742520365.962765
3,118.358,1742520365.962765
4,117.411,1742520365.962765
5,120.035,1742520365.962765
6,116.236,1742520365.962765
7,123.354,1742520365.962765
0,120.455,1742520366.0129962
1,116.863,1742520366.0129962
2,120.466,1742520366.0129962
3,118.343,1742520366.0129962
4,117.378,1742520366.0129962
5,120.035,1742520366.0129962
6,116.236,1742520366.0129962
7,123.354,1742520366.0129962
0,120.442,1742520366.0631294
1,116.744,1742520366.0631294
2,120.466,1742520366.0631294
3,118.343,1742520366.0631294
4,117.378,1742520366.0631294
5,120.026,1742520366.0631294
6,116.226,1742520366.0631294
7,123.354,1742520366.0631294
0,120.442,1742520366.113308
1,116.744,1742520366.113308
2,120.465,1742520366.113308
3,118.323,1742520366.113308
4,117.361,1742520366.113308
5,120.026,1742520366.113308
6,116.226,1742520366.113308
7,123.354,1742520366.113308
0,120.442,1742520366.16344
1,116.816,1742520366.16344
2,120.465,1742520366.16344
3,118.323,1742520366.16344
4,117.361,1742520366.16344
5,119.988,1742520366.16344
6,116.228,1742520366.16344
7,123.354,1742520366.16344
0,120.442,1742520366.213574
1,116.816,1742520366.213574
2,120.466,1742520366.213574
3,118.303,1742520366.213574
4,117.353,1742520366.213574
5,119.988,1742520366.213574
6,116.228,1742520366.213574
7,123.354,1742520366.213574
0,120.453,1742520366.263709
1,116.743,1742520366.263709
2,120.466,1742520366.263709
3,118.303,1742520366.263709
4,117.353,1742520366.263709
5,120.008,1742520366.263709
6,116.22,1742520366.263709
7,123.32,1742520366.263709
0,120.453,1742520366.3138442
1,116.743,1742520366.3138442
2,120.487,1742520366.3138442
3,118.284,1742520366.3138442
4,117.356,1742520366.3138442
5,120.008,1742520366.3138442
6,116.22,1742520366.3138442
7,123.32,1742520366.3138442
0,120.457,1742520366.3639796
1,116.79,1742520366.3639796
2,120.487,1742520366.3639796
3,118.284,1742520366.3639796
4,117.356,1742520366.3639796
5,119.993,1742520366.3639796
6,116.179,1742520366.3639796
7,123.339,1742520366.3639796
0,120.457,1742520366.4141147
1,116.79,1742520366.4141147
2,120.481,1742520366.4141147
3,118.283,1742520366.4141147
4,117.333,1742520366.4141147
5,119.993,1742520366.4141147
6,116.179,1742520366.4141147
7,123.339,1742520366.4141147
0,120.461,1742520366.4642508
1,116.775,1742520366.4642508
2,120.481,1742520366.4642508
3,118.283,1742520366.4642508
4,117.333,1742520366.4642508
5,120.008,1742520366.4642508
6,116.185,1742520366.4642508
7,123.311,1742520366.4642508
0,120.461,1742520366.5143852
1,116.775,1742520366.5143852
2,120.489,1742520366.5143852
3,118.277,1742520366.5143852
4,117.326,1742520366.5143852
5,120.008,1742520366.5143852
6,116.185,1742520366.5143852
7,123.311,1742520366.5143852
0,120.447,1742520366.5645201
1,116.751,1742520366.5645201
2,120.489,1742520366.5645201
3,118.277,1742520366.5645201
4,117.326,1742520366.5645201
5,119.98,1742520366.5645201
6,116.163,1742520366.5645201
7,123.302,1742520366.5645201
0,120.447,1742520366.6146703
1,116.751,1742520366.6146703
2,120.462,1742520366.6146703
3,118.285,1742520366.6146703
4,117.316,1742520366.6146703
5,119.98,1742520366.6146703
6,116.163,1742520366.6146703
7,123.302,1742520366.6146703
0,120.472,1742520366.6648383
1,116.821,1742520366.6648383
2,120.462,1742520366.6648383
3,118.285,1742520366.6648383
4,117.316,1742520366.6648383
5,119.987,1742520366.6648383
6,116.162,1742520366.6648383
7,123.296,1742520366.6648383
0,120.472,1742520366.7149706
1,116.821,1742520366.7149706
2,120.448,1742520366.7149706
3,118.271,1742520366.7149706
4,117.313,1742520366.7149706
5,119.987,1742520366.7149706
6,116.162,1742520366.7149706
7,123.296,1742520366.7149706
0,120.482,1742520366.7651036
1,116.714,1742520366.7651036
2,120.448,1742520366.7651036
3,118.271,1742520366.7651036
4,117.313,1742520366.7651036
5,119.968,1742520366.7651036
6,116.164,1742520366.7651036
7,123.277,1742520366.7651036
0,120.482,1742520366.8152382
1,116.714,1742520366.8152382
2,120.449,1742520366.8152382
3,118.231,1742520366.8152382
4,117.308,1742520366.8152382
5,119.968,1742520366.8152382
6,116.164,1742520366.8152382
7,123.277,1742520366.8152382
0,120.51,1742520366.8653615
1,116.825,1742520366.8653615
2,120.449,1742520366.8653615
3,118.231,1742520366.8653615
4,117.308,1742520366.8653615
5,119.963,1742520366.8653615
6,116.166,1742520366.8653615
7,123.273,1742520366.8653615
0,120.51,1742520366.9155457
1,116.825,1742520366.9155457
2,120.434,1742520366.9155457
3,118.21,1742520366.9155457
4,117.309,1742520366.9155457
5,119.963,1742520366.9155457
6,116.166,1742520366.9155457
7,123.273,1742520366.9155457
0,120.52,1742520366.9656792
1,116.711,1742520366.9656792
2,120.434,1742520366.9656792
3,118.21,1742520366.9656792
4,117.309,1742520366.9656792
5,119.963,1742520366.9656792
6,116.159,1742520366.9656792
7,123.273,1742520366.9656792
0,120.52,1742520367.0158114
1,116.711,1742520367.0158114
2,120.427,1742520367.0158114
3,118.212,1742520367.0158114
4,117.307,1742520367.0158114
5,119.963,1742520367.0158114
6,116.159,1742520367.0158114
7,123.273,1742520367.0158114
0,120.555,1742520367.065961
1,116.832,1742520367.065961
2,120.427,1742520367.065961
3,118.212,1742520367.065961
4,117.307,1742520367.065961
5,119.963,1742520367.065961
6,116.145,1742520367.065961
7,123.253,1742520367.065961
0,120.555,1742520367.116093
1,116.832,1742520367.116093
2,120.427,1742520367.116093
3,118.237,1742520367.116093
4,117.305,1742520367.116093
5,119.963,1742520367.116093
6,116.145,1742520367.116093
7,123.253,1742520367.116093
0,120.572,1742520367.1662278
1,116.76,1742520367.1662278
2,120.427,1742520367.1662278
3,118.237,1742520367.1662278
4,117.305,1742520367.1662278
5,119.962,1742520367.1662278
6,116.143,1742520367.1662278
7,123.254,1742520367.1662278
0,120.572,1742520367.2163618
1,116.76,1742520367.2163618
2,120.429,1742520367.2163618
3,118.224,1742520367.2163618
4,117.304,1742520367.2163618
5,119.962,1742520367.2163618
6,116.143,1742520367.2163618
7,123.254,1742520367.2163618
0,120.564,1742520367.2664979
1,116.807,1742520367.2664979
2,120.429,1742520367.2664979
3,118.224,1742520367.2664979
4,117.304,1742520367.2664979
5,119.955,1742520367.2664979
6,116.158,1742520367.2664979
7,123.252,1742520367.2664979
0,120.564,1742520367.3166327
1,116.807,1742520367.3166327
2,120.409,1742520367.3166327
3,118.227,1742520367.3166327
4,117.299,1742520367.3166327
5,119.955,1742520367.3166327
6,116.158,1742520367.3166327
7,123.252,1742520367.3166327
0,120.546,1742520367.3667684
1,116.788,1742520367.3667684
2,120.409,1742520367.3667684
3,118.227,1742520367.3667684
4,117.299,1742520367.3667684
5,119.936,1742520367.3667684
6,116.172,1742520367.3667684
7,123.231,1742520367.3667684
0,120.546,1742520367.4169483
1,116.788,1742520367.4169483
2,120.381,1742520367.4169483
3,118.235,1742520367.4169483
4,117.288,1742520367.4169483
5,119.936,1742520367.4169483
6,116.172,1742520367.4169483
7,123.231,1742520367.4169483
0,120.568,1742520367.46708
1,116.736,1742520367.46708
2,120.381,1742520367.46708
3,118.235,1742520367.46708
4,117.288,1742520367.46708
5,119.916,1742520367.46708
6,116.183,1742520367.46708
7,123.223,1742520367.46708
0,120.568,1742520367.5172088
1,116.736,1742520367.5172088
2,120.365,1742520367.5172088
3,118.229,1742520367.5172088
4,117.284,1742520367.5172088
5,119.916,1742520367.5172088
6,116.183,1742520367.5172088
7,123.223,1742520367.5172088
0,120.554,1742520367.5673416
1,116.788,1742520367.5673416
2,120.365,1742520367.5673416
3,118.229,1742520367.5673416
4,117.284,1742520367.5673416
5,119.929,1742520367.5673416
6,116.162,1742520367.5673416
7,123.223,1742520367.5673416
0,120.554,1742520367.617476
1,116.788,1742520367.617476
2,120.372,1742520367.617476
3,118.208,1742520367.617476
4,117.298,1742520367.617476
5,119.929,1742520367.617476
6,116.162,1742520367.617476
7,123.223,1742520367.617476
0,120.563,1742520367.6676114
1,116.687,1742520367.6676114
2,120.372,1742520367.6676114
3,118.208,1742520367.6676114
4,117.298,1742520367.6676114
5,119.903,1742520367.6676114
6,116.149,1742520367.6676114
7,123.23,1742520367.6676114
0,120.563,1742520367.7177465
1,116.687,1742520367.7177465
2,120.372,1742520367.7177465
3,118.204,1742520367.7177465
4,117.289,1742520367.7177465
5,119.903,1742520367.7177465
6,116.149,1742520367.7177465
7,123.23,1742520367.7177465
0,120.561,1742520367.7678769
1,116.804,1742520367.7678769
2,120.372,1742520367.7678769
3,118.204,1742520367.7678769
4,117.289,1742520367.7678769
5,119.89,1742520367.7678769
6,116.125,1742520367.7678769
7,123.233,1742520367.7678769
0,120.561,1742520367.8180523
1,116.804,1742520367.8180523
2,120.367,1742520367.8180523
3,118.215,1742520367.8180523
4,117.273,1742520367.8180523
5,119.89,1742520367.8180523
6,116.125,1742520367.8180523
7,123.233,1742520367.8180523
0,120.552,1742520367.868185
1,116.678,1742520367.868185
2,120.367,1742520367.868185
3,118.215,1742520367.868185
4,117.273,1742520367.868185
5,119.863,1742520367.868185
6,116.13,1742520367.868185
7,123.209,1742520367.868185
0,120.552,1742520367.9183128
1,116.678,1742520367.9183128
2,120.359,1742520367.9183128
3,118.221,1742520367.9183128
4,117.272,1742520367.9183128
5,119.863,1742520367.9183128
6,116.13,1742520367.9183128
7,123.209,1742520367.9183128
0,120.544,1742520367.9684384
1,116.783,1742520367.9684384
2,120.359,1742520367.9684384
3,118.221,1742520367.9684384
4,117.272,1742520367.9684384
5,119.87,1742520367.9684384
6,116.124,1742520367.9684384
7,123.182,1742520367.9684384
0,120.544,1742520368.018571
1,116.783,1742520368.018571
2,120.332,1742520368.018571
3,118.223,1742520368.018571
4,117.286,1742520368.018571
5,119.87,1742520368.018571
6,116.124,1742520368.018571
7,123.182,1742520368.018571
0,120.533,1742520368.0687046
1,116.689,1742520368.0687046
2,120.332,1742520368.0687046
3,118.223,1742520368.0687046
4,117.286,1742520368.0687046
5,119.849,1742520368.0687046
6,116.133,1742520368.0687046
7,123.164,1742520368.0687046
0,120.533,1742520368.118842
1,116.689,1742520368.118842
2,120.332,1742520368.118842
3,118.223,1742520368.118842
4,117.283,1742520368.118842
5,119.849,1742520368.118842
6,116.133,1742520368.118842
7,123.164,1742520368.118842
0,120.528,1742520368.1689765
1,116.74,1742520368.1689765
2,120.332,1742520368.1689765
3,118.223,1742520368.1689765
4,117.283,1742520368.1689765
5,119.871,1742520368.1689765
6,116.149,1742520368.1689765
7,123.141,1742520368.1689765
0,120.528,1742520368.2191098
1,116.74,1742520368.2191098
2,120.297,1742520368.2191098
3,118.2,1742520368.2191098
4,117.29,1742520368.2191098
5,119.871,1742520368.2191098
6,116.149,1742520368.2191098
7,123.141,1742520368.2191098
0,120.535,1742520368.269246
1,116.728,1742520368.269246
2,120.297,1742520368.269246
3,118.2,1742520368.269246
4,117.29,1742520368.269246
5,119.838,1742520368.269246
6,116.115,1742520368.269246
7,123.154,1742520368.269246
0,120.535,1742520368.319381
1,116.728,1742520368.319381
2,120.283,1742520368.319381
3,118.19,1742520368.319381
4,117.28,1742520368.319381
5,119.838,1742520368.319381
6,116.115,1742520368.319381
7,123.154,1742520368.319381
0,120.548,1742520368.3695164
1,116.689,1742520368.3695164
2,120.283,1742520368.3695164
3,118.19,1742520368.3695164
4,117.28,1742520368.3695164
5,119.843,1742520368.3695164
6,116.099,1742520368.3695164
7,123.156,1742520368.3695164
0,120.548,1742520368.4196513
1,116.689,1742520368.4196513
2,120.277,1742520368.4196513
3,118.182,1742520368.4196513
4,117.293,1742520368.4196513
5,119.843,1742520368.4196513
6,116.099,1742520368.4196513
7,123.156,1742520368.4196513
0,120.557,1742520368.4697838
1,116.744,1742520368.4697838
2,120.277,1742520368.4697838
3,118.182,1742520368.4697838
4,117.293,1742520368.4697838
5,119.815,1742520368.4697838
6,116.071,1742520368.4697838
7,123.164,1742520368.4697838
0,120.557,1742520368.5199056
1,116.744,1742520368.5199056
2,120.283,1742520368.5199056
3,118.163,1742520368.5199056
4,117.298,1742520368.5199056
5,119.815,1742520368.5199056
6,116.071,1742520368.5199056
7,123.164,1742520368.5199056
0,120.561,1742520368.5700383
1,116.639,1742520368.5700383
2,120.283,1742520368.5700383
3,118.163,1742520368.5700383
4,117.298,1742520368.5700383
5,119.815,1742520368.5700383
6,116.085,1742520368.5700383
7,123.156,1742520368.5700383
0,120.561,1742520368.6201725
1,116.639,1742520368.6201725
2,120.283,1742520368.6201725
3,118.19,1742520368.6201725
4,117.288,1742520368.6201725
5,119.815,1742520368.6201725
6,116.085,1742520368.6201725
7,123.156,1742520368.6201725
0,120.535,1742520368.6703224
1,116.743,1742520368.6703224
2,120.283,1742520368.6703224
3,118.19,1742520368.6703224
4,117.288,1742520368.6703224
5,119.803,1742520368.6703224
6,116.107,1742520368.6703224
7,123.121,1742520368.6703224
0,120.535,1742520368.720442
1,116.743,1742520368.720442
2,120.269,1742520368.720442
3,118.202,1742520368.720442
4,117.294,1742520368.720442
5,119.803,1742520368.720442
6,116.107,1742520368.720442
7,123.121,1742520368.720442
0,120.532,1742520368.7705793
1,116.618,1742520368.7705793
2,120.269,1742520368.7705793
3,118.202,1742520368.7705793
4,117.294,1742520368.7705793
5,119.814,1742520368.7705793
6,116.115,1742520368.7705793
7,123.091,1742520368.7705793
0,120.532,1742520368.820713
1,116.618,1742520368.820713
2,120.243,1742520368.820713
3,118.188,1742520368.820713
4,117.289,1742520368.820713
5,119.814,1742520368.820713
6,116.115,1742520368.820713
7,123.091,1742520368.820713
0,120.511,1742520368.8708477
1,116.727,1742520368.8708477
2,120.243,1742520368.8708477
3,118.188,1742520368.8708477
4,117.289,1742520368.8708477
5,119.809,1742520368.8708477
6,116.13,1742520368.8708477
7,123.091,1742520368.8708477
0,120.511,1742520368.920984
1,116.727,1742520368.920984
2,120.243,1742520368.920984
3,118.181,1742520368.920984
4,117.306,1742520368.920984
5,119.809,1742520368.920984
6,116.13,1742520368.920984
7,123.091,1742520368.920984
0,120.511,1742520368.971119
1,116.584,1742520368.971119
2,120.243,1742520368.971119
3,118.181,1742520368.971119
4,117.306,1742520368.971119
5,119.808,1742520368.971119
6,116.109,1742520368.971119
7,123.084,1742520368.971119
0,120.511,1742520369.0212388
1,116.584,1742520369.0212388
2,120.25,1742520369.0212388
3,118.152,1742520369.0212388
4,117.307,1742520369.0212388
5,119.808,1742520369.0212388
6,116.109,1742520369.0212388
7,123.084,1742520369.0212388
0,120.51,1742520369.0713968
1,116.693,1742520369.0713968
2,120.25,1742520369.0713968
3,118.152,1742520369.0713968
4,117.307,1742520369.0713968
5,119.788,1742520369.0713968
6,116.094,1742520369.0713968
7,123.097,1742520369.0713968
0,120.51,1742520369.1215305
1,116.693,1742520369.1215305
2,120.267,1742520369.1215305
3,118.151,1742520369.1215305
4,117.308,1742520369.1215305
5,119.788,1742520369.1215305
6,116.094,1742520369.1215305
7,123.097,1742520369.1215305
0,120.492,1742520369.1716626
1,116.584,1742520369.1716626
2,120.267,1742520369.1716626
3,118.151,1742520369.1716626
4,117.308,1742520369.1716626
5,119.78,1742520369.1716626
6,116.08,1742520369.1716626
7,123.096,1742520369.1716626
0,120.492,1742520369.2217968
1,116.584,1742520369.2217968
2,120.273,1742520369.2217968
3,118.166,1742520369.2217968
4,117.307,1742520369.2217968
5,119.78,1742520369.2217968
6,116.08,1742520369.2217968
7,123.096,1742520369.2217968
0,120.465,1742520369.2719316
1,116.66,1742520369.2719316
2,120.273,1742520369.2719316
3,118.166,1742520369.2719316
4,117.307,1742520369.2719316
5,119.786,1742520369.2719316
6,116.108,1742520369.2719316
7,123.082,1742520369.2719316
0,120.465,1742520369.3220665
1,116.66,1742520369.3220665
2,120.273,1742520369.3220665
3,118.174,1742520369.3220665
4,117.307,1742520369.3220665
5,119.786,1742520369.3220665
6,116.108,1742520369.3220665
7,123.082,1742520369.3220665
0,120.446,1742520369.3722026
1,116.614,1742520369.3722026
2,120.273,1742520369.3722026
3,118.174,1742520369.3722026
4,117.307,1742520369.3722026
5,119.808,1742520369.3722026
6,116.137,1742520369.3722026
7,123.074,1742520369.3722026
0,120.446,1742520369.4223394
1,116.614,1742520369.4223394
2,120.29,1742520369.4223394
3,118.16,1742520369.4223394
4,117.309,1742520369.4223394
5,119.808,1742520369.4223394
6,116.137,1742520369.4223394
7,123.074,1742520369.4223394
0,120.43,1742520369.4724658
1,116.592,1742520369.4724658
2,120.29,1742520369.4724658
3,118.16,1742520369.4724658
4,117.309,1742520369.4724658
5,119.801,1742520369.4724658
6,116.138,1742520369.4724658
7,123.046,1742520369.4724658
0,120.43,1742520369.5226352
1,116.592,1742520369.5226352
2,120.273,1742520369.5226352
3,118.135,1742520369.5226352
4,117.289,1742520369.5226352
5,119.801,1742520369.5226352
6,116.138,1742520369.5226352
7,123.046,1742520369.5226352
0,120.421,1742520369.572769
1,116.621,1742520369.572769
2,120.273,1742520369.572769
3,118.135,1742520369.572769
4,117.289,1742520369.572769
5,119.787,1742520369.572769
6,116.116,1742520369.572769
7,123.012,1742520369.572769
0,120.421,1742520369.6229005
1,116.621,1742520369.6229005
2,120.234,1742520369.6229005
3,118.117,1742520369.6229005
4,117.272,1742520369.6229005
5,119.787,1742520369.6229005
6,116.116,1742520369.6229005
7,123.012,1742520369.6229005
0,120.401,1742520369.6730359
1,116.539,1742520369.6730359
2,120.234,1742520369.6730359
3,118.117,1742520369.6730359
4,117.272,1742520369.6730359
5,119.785,1742520369.6730359
6,116.094,1742520369.6730359
7,123.012,1742520369.6730359
0,120.401,1742520369.7231853
1,116.539,1742520369.7231853
2,120.241,1742520369.7231853
3,118.121,1742520369.7231853
4,117.26,1742520369.7231853
5,119.785,1742520369.7231853
6,116.094,1742520369.7231853
7,123.012,1742520369.7231853
0,120.386,1742520369.7733414
1,116.636,1742520369.7733414
2,120.241,1742520369.7733414
3,118.121,1742520369.7733414
4,117.26,1742520369.7733414
5,119.767,1742520369.7733414
6,116.085,1742520369.7733414
7,122.979,1742520369.7733414
0,120.386,1742520369.8234665
1,116.636,1742520369.8234665
2,120.247,1742520369.8234665
3,118.109,1742520369.8234665
4,117.24,1742520369.8234665
5,119.767,1742520369.8234665
6,116.085,1742520369.8234665
7,122.979,1742520369.8234665
0,120.38,1742520369.8735995
1,116.516,1742520369.8735995
2,120.247,1742520369.8735995
3,118.109,1742520369.8735995
4,117.24,1742520369.8735995
5,119.777,1742520369.8735995
6,116.093,1742520369.8735995
7,122.978,1742520369.8735995
0,120.38,1742520369.923732
1,116.516,1742520369.923732
2,120.24,1742520369.923732
3,118.106,1742520369.923732
4,117.24,1742520369.923732
5,119.777,1742520369.923732
6,116.093,1742520369.923732
7,122.978,1742520369.923732
0,120.373,1742520369.9738672
1,116.621,1742520369.9738672
2,120.24,1742520369.9738672
3,118.106,1742520369.9738672
4,117.24,1742520369.9738672
5,119.751,1742520369.9738672
6,116.087,1742520369.9738672
7,122.959,1742520369.9738672
0,120.373,1742520370.0240026
1,116.621,1742520370.0240026
2,120.223,1742520370.0240026
3,118.107,1742520370.0240026
4,117.204,1742520370.0240026
5,119.751,1742520370.0240026
6,116.087,1742520370.0240026
7,122.959,1742520370.0240026
0,120.354,1742520370.0741384
1,116.541,1742520370.0741384
2,120.223,1742520370.0741384
3,118.107,1742520370.0741384
4,117.204,1742520370.0741384
5,119.779,1742520370.0741384
6,116.109,1742520370.0741384
7,122.957,1742520370.0741384
0,120.354,1742520370.124274
1,116.541,1742520370.124274
2,120.19,1742520370.124274
3,118.087,1742520370.124274
4,117.195,1742520370.124274
5,119.779,1742520370.124274
6,116.109,1742520370.124274
7,122.957,1742520370.124274
0,120.372,1742520370.1744092
1,116.597,1742520370.1744092
2,120.19,1742520370.1744092
3,118.087,1742520370.1744092
4,117.195,1742520370.1744092
5,119.76,1742520370.1744092
6,116.096,1742520370.1744092
7,122.971,1742520370.1744092
0,120.372,1742520370.2245684
1,116.597,1742520370.2245684
2,120.177,1742520370.2245684
3,118.06,1742520370.2245684
4,117.168,1742520370.2245684
5,119.76,1742520370.2245684
6,116.096,1742520370.2245684
7,122.971,1742520370.2245684
0,120.368,1742520370.274725
1,116.528,1742520370.274725
2,120.177,1742520370.274725
3,118.06,1742520370.274725
4,117.168,1742520370.274725
5,119.766,1742520370.274725
6,116.06,1742520370.274725
7,122.97,1742520370.274725
0,120.368,1742520370.3248494
1,116.528,1742520370.3248494
2,120.169,1742520370.3248494
3,118.069,1742520370.3248494
4,117.141,1742520370.3248494
5,119.766,1742520370.3248494
6,116.06,1742520370.3248494
7,122.97,1742520370.3248494
0,120.361,1742520370.3749804
1,116.518,1742520370.3749804
2,120.169,1742520370.3749804
3,118.069,1742520370.3749804
4,117.141,1742520370.3749804
5,119.689,1742520370.3749804
6,116.03,1742520370.3749804
7,122.956,1742520370.3749804
0,120.361,1742520370.4251153
1,116.518,1742520370.4251153
2,120.137,1742520370.4251153
3,118.066,1742520370.4251153
4,117.13,1742520370.4251153
5,119.689,1742520370.4251153
6,116.03,1742520370.4251153
7,122.956,1742520370.4251153
0,120.364,1742520370.4752514
1,116.562,1742520370.4752514
2,120.137,1742520370.4752514
3,118.066,1742520370.4752514
4,117.13,1742520370.4752514
5,119.707,1742520370.4752514
6,116.03,1742520370.4752514
7,122.982,1742520370.4752514
0,120.364,1742520370.525386
1,116.562,1742520370.525386
2,120.142,1742520370.525386
3,118.074,1742520370.525386
4,117.105,1742520370.525386
5,119.707,1742520370.525386
6,116.03,1742520370.525386
7,122.982,1742520370.525386
0,120.359,1742520370.575506
1,116.498,1742520370.575506
2,120.142,1742520370.575506
3,118.074,1742520370.575506
4,117.105,1742520370.575506
5,119.68,1742520370.575506
6,116.037,1742520370.575506
7,122.974,1742520370.575506
0,120.359,1742520370.625637
1,116.498,1742520370.625637
2,120.15,1742520370.625637
3,118.078,1742520370.625637
4,117.132,1742520370.625637
5,119.68,1742520370.625637
6,116.037,1742520370.625637
7,122.974,1742520370.625637
0,120.369,1742520370.6757722
1,116.592,1742520370.6757722
2,120.15,1742520370.6757722
3,118.078,1742520370.6757722
4,117.132,1742520370.6757722
5,119.709,1742520370.6757722
6,116.051,1742520370.6757722
7,122.969,1742520370.6757722
0,120.369,1742520370.725908
1,116.592,1742520370.725908
2,120.155,1742520370.725908
3,118.067,1742520370.725908
4,117.117,1742520370.725908
5,119.709,1742520370.725908
6,116.051,1742520370.725908
7,122.969,1742520370.725908
0,120.411,1742520370.7760482
1,116.479,1742520370.7760482
2,120.155,1742520370.7760482
3,118.067,1742520370.7760482
4,117.117,1742520370.7760482
5,119.694,1742520370.7760482
6,116.052,1742520370.7760482
7,122.964,1742520370.7760482
0,120.411,1742520370.8261795
1,116.479,1742520370.8261795
2,120.143,1742520370.8261795
3,118.066,1742520370.8261795
4,117.12,1742520370.8261795
5,119.694,1742520370.8261795
6,116.052,1742520370.8261795
7,122.964,1742520370.8261795
0,120.385,1742520370.8763092
1,116.586,1742520370.8763092
2,120.143,1742520370.8763092
3,118.066,1742520370.8763092
4,117.12,1742520370.8763092
5,119.688,1742520370.8763092
6,116.027,1742520370.8763092
7,122.97,1742520370.8763092
0,120.385,1742520370.926441
1,116.586,1742520370.926441
2,120.142,1742520370.926441
3,118.06,1742520370.926441
4,117.098,1742520370.926441
5,119.688,1742520370.926441
6,116.027,1742520370.926441
7,122.97,1742520370.926441
0,120.367,1742520370.9765744
1,116.466,1742520370.9765744
2,120.142,1742520370.9765744
3,118.06,1742520370.9765744
4,117.098,1742520370.9765744
5,119.693,1742520370.9765744
6,116.009,1742520370.9765744
7,122.95,1742520370.9765744
0,120.367,1742520371.0267107
1,116.466,1742520371.0267107
2,120.136,1742520371.0267107
3,118.053,1742520371.0267107
4,117.105,1742520371.0267107
5,119.693,1742520371.0267107
6,116.009,1742520371.0267107
7,122.95,1742520371.0267107
0,120.4,1742520371.0768456
1,116.547,1742520371.0768456
2,120.136,1742520371.0768456
3,118.053,1742520371.0768456
4,117.105,1742520371.0768456
5,119.667,1742520371.0768456
6,116.005,1742520371.0768456
7,122.961,1742520371.0768456
0,120.4,1742520371.126981
1,116.547,1742520371.126981
2,120.149,1742520371.126981
3,118.054,1742520371.126981
4,117.119,1742520371.126981
5,119.667,1742520371.126981
6,116.005,1742520371.126981
7,122.961,1742520371.126981
0,120.371,1742520371.177115
1,116.513,1742520371.177115
2,120.149,1742520371.177115
3,118.054,1742520371.177115
4,117.119,1742520371.177115
5,119.665,1742520371.177115
6,116.0,1742520371.177115
7,122.929,1742520371.177115
0,120.371,1742520371.22725
1,116.513,1742520371.22725
2,120.142,1742520371.22725
3,118.066,1742520371.22725
4,117.119,1742520371.22725
5,119.665,1742520371.22725
6,116.0,1742520371.22725
7,122.929,1742520371.22725
0,120.362,1742520371.2773714
1,116.505,1742520371.2773714
2,120.142,1742520371.2773714
3,118.066,1742520371.2773714
4,117.119,1742520371.2773714
5,119.658,1742520371.2773714
6,116.003,1742520371.2773714
7,122.934,1742520371.2773714
0,120.362,1742520371.3275156
1,116.505,1742520371.3275156
2,120.149,1742520371.3275156
3,118.058,1742520371.3275156
4,117.108,1742520371.3275156
5,119.658,1742520371.3275156
6,116.003,1742520371.3275156
7,122.934,1742520371.3275156
0,120.366,1742520371.377641
1,116.528,1742520371.377641
2,120.149,1742520371.377641
3,118.058,1742520371.377641
4,117.108,1742520371.377641
5,119.691,1742520371.377641
6,116.007,1742520371.377641
7,122.935,1742520371.377641
0,120.366,1742520371.4277644
1,116.528,1742520371.4277644
2,120.149,1742520371.4277644
3,118.066,1742520371.4277644
4,117.107,1742520371.4277644
5,119.691,1742520371.4277644
6,116.007,1742520371.4277644
7,122.935,1742520371.4277644
0,120.357,1742520371.477923
1,116.459,1742520371.477923
2,120.148,1742520371.477923
3,118.066,1742520371.477923
4,117.107,1742520371.477923
5,119.666,1742520371.477923
6,115.998,1742520371.477923
7,122.91,1742520371.477923
0,120.357,1742520371.5280545
1,116.459,1742520371.5280545
2,120.148,1742520371.5280545
3,118.084,1742520371.5280545
4,117.106,1742520371.5280545
5,119.666,1742520371.5280545
6,115.998,1742520371.5280545
7,122.91,1742520371.5280545
0,120.357,1742520371.5781887
1,116.54,1742520371.5781887
2,120.13,1742520371.5781887
3,118.084,1742520371.5781887
4,117.106,1742520371.5781887
5,119.674,1742520371.5781887
6,115.983,1742520371.5781887
7,122.898,1742520371.5781887
0,120.357,1742520371.628317
1,116.54,1742520371.628317
2,120.13,1742520371.628317
3,118.044,1742520371.628317
4,117.075,1742520371.628317
5,119.674,1742520371.628317
6,115.983,1742520371.628317
7,122.898,1742520371.628317
0,120.369,1742520371.678449
1,116.432,1742520371.678449
2,120.123,1742520371.678449
3,118.044,1742520371.678449
4,117.075,1742520371.678449
5,119.629,1742520371.678449
6,115.962,1742520371.678449
7,122.904,1742520371.678449
0,120.369,1742520371.7285843
1,116.432,1742520371.7285843
2,120.123,1742520371.7285843
3,118.022,1742520371.7285843
4,117.067,1742520371.7285843
5,119.629,1742520371.7285843
6,115.962,1742520371.7285843
7,122.904,1742520371.7285843
0,120.316,1742520371.7787209
1,116.54,1742520371.7787209
2,120.111,1742520371.7787209
3,118.022,1742520371.7787209
4,117.067,1742520371.7787209
5,119.66,1742520371.7787209
6,115.964,1742520371.7787209
7,122.911,1742520371.7787209
0,120.316,1742520371.8288572
1,116.54,1742520371.8288572
2,120.111,1742520371.8288572
3,118.008,1742520371.8288572
4,117.068,1742520371.8288572
5,119.66,1742520371.8288572
6,115.964,1742520371.8288572
7,122.911,1742520371.8288572
0,120.349,1742520371.8789895
1,116.41,1742520371.8789895
2,120.11,1742520371.8789895
3,118.008,1742520371.8789895
4,117.068,1742520371.8789895
5,119.633,1742520371.8789895
6,115.967,1742520371.8789895
7,122.925,1742520371.8789895
0,120.349,1742520371.9291167
1,116.41,1742520371.9291167
2,120.11,1742520371.9291167
3,118.009,1742520371.9291167
4,117.055,1742520371.9291167
5,119.633,1742520371.9291167
6,115.967,1742520371.9291167
7,122.925,1742520371.9291167
0,120.362,1742520371.9792504
1,116.532,1742520371.9792504
2,120.11,1742520371.9792504
3,118.009,1742520371.9792504
4,117.055,1742520371.9792504
5,119.652,1742520371.9792504
6,115.974,1742520371.9792504
7,122.924,1742520371.9792504
0,120.362,1742520372.0293849
1,116.532,1742520372.0293849
2,120.11,1742520372.0293849
3,118.167,1742520372.0293849
4,117.295,1742520372.0293849
5,119.652,1742520372.0293849
6,115.974,1742520372.0293849
7,122.924,1742520372.0293849
0,120.941,1742520372.0795038
1,117.134,1742520372.0795038
2,120.846,1742520372.0795038
3,118.167,1742520372.0795038
4,117.295,1742520372.0795038
5,120.054,1742520372.0795038
6,116.341,1742520372.0795038
7,123.004,1742520372.0795038
0,120.941,1742520372.1296804
1,117.134,1742520372.1296804
2,120.846,1742520372.1296804
3,118.781,1742520372.1296804
4,117.489,1742520372.1296804
5,120.054,1742520372.1296804
6,116.341,1742520372.1296804
7,123.004,1742520372.1296804
0,120.944,1742520372.1798124
1,117.204,1742520372.1798124
2,120.84,1742520372.1798124
3,118.781,1742520372.1798124
4,117.489,1742520372.1798124
5,120.035,1742520372.1798124
6,116.284,1742520372.1798124
7,122.95,1742520372.1798124
0,120.944,1742520372.2299473
1,117.204,1742520372.2299473
2,120.84,1742520372.2299473
3,118.747,1742520372.2299473
4,117.456,1742520372.2299473
5,120.035,1742520372.2299473
6,116.284,1742520372.2299473
7,122.95,1742520372.2299473
0,120.913,1742520372.2800832
1,117.074,1742520372.2800832
2,120.787,1742520372.2800832
3,118.747,1742520372.2800832
4,117.456,1742520372.2800832
5,119.971,1742520372.2800832
6,116.238,1742520372.2800832
7,122.916,1742520372.2800832
0,120.913,1742520372.3302088
1,117.074,1742520372.3302088
2,120.787,1742520372.3302088
3,118.684,1742520372.3302088
4,117.406,1742520372.3302088
5,119.971,1742520372.3302088
6,116.238,1742520372.3302088
7,122.916,1742520372.3302088
0,120.886,1742520372.3803775
1,117.074,1742520372.3803775
2,120.727,1742520372.3803775
3,118.684,1742520372.3803775
4,117.406,1742520372.3803775
5,119.944,1742520372.3803775
6,116.188,1742520372.3803775
7,122.861,1742520372.3803775
0,120.886,1742520372.4305084
1,117.074,1742520372.4305084
2,120.727,1742520372.4305084
3,118.663,1742520372.4305084
4,117.378,1742520372.4305084
5,119.944,1742520372.4305084
6,116.188,1742520372.4305084
7,122.861,1742520372.4305084
0,120.834,1742520372.4806283
1,117.02,1742520372.4806283
2,120.67,1742520372.4806283
3,118.663,1742520372.4806283
4,117.378,1742520372.4806283
5,119.861,1742520372.4806283
6,116.16,1742520372.4806283
7,122.839,1742520372.4806283
0,120.834,1742520372.5307627
1,117.02,1742520372.5307627
2,120.67,1742520372.5307627
3,118.628,1742520372.5307627
4,117.351,1742520372.5307627
5,119.861,1742520372.5307627
6,116.16,1742520372.5307627
7,122.839,1742520372.5307627
0,120.801,1742520372.5808954
1,116.938,1742520372.5808954
2,120.637,1742520372.5808954
3,118.628,1742520372.5808954
4,117.351,1742520372.5808954
5,119.827,1742520372.5808954
6,116.103,1742520372.5808954
7,122.784,1742520372.5808954
0,120.801,1742520372.6310308
1,116.938,1742520372.6310308
2,120.637,1742520372.6310308
3,118.641,1742520372.6310308
4,117.3,1742520372.6310308
5,119.827,1742520372.6310308
6,116.103,1742520372.6310308
7,122.784,1742520372.6310308
0,120.744,1742520372.6811666
1,116.96,1742520372.6811666
2,120.584,1742520372.6811666
3,118.641,1742520372.6811666
4,117.3,1742520372.6811666
5,119.786,1742520372.6811666
6,116.06,1742520372.6811666
7,122.716,1742520372.6811666
0,120.744,1742520372.7313013
1,116.96,1742520372.7313013
2,120.584,1742520372.7313013
3,118.648,1742520372.7313013
4,117.255,1742520372.7313013
5,119.786,1742520372.7313013
6,116.06,1742520372.7313013
7,122.716,1742520372.7313013
0,120.718,1742520372.781437
1,116.825,1742520372.781437
2,120.539,1742520372.781437
3,118.648,1742520372.781437
4,117.255,1742520372.781437
5,119.742,1742520372.781437
6,116.006,1742520372.781437
7,122.648,1742520372.781437
0,120.718,1742520372.831628
1,116.825,1742520372.831628
2,120.539,1742520372.831628
3,118.634,1742520372.831628
4,117.23,1742520372.831628
5,119.742,1742520372.831628
6,116.006,1742520372.831628
7,122.648,1742520372.831628
0,120.642,1742520372.8817627
1,116.901,1742520372.8817627
2,120.502,1742520372.8817627
3,118.634,1742520372.8817627
4,117.23,1742520372.8817627
5,119.692,1742520372.8817627
6,115.952,1742520372.8817627
7,122.589,1742520372.8817627
0,120.642,1742520372.9318945
1,116.901,1742520372.9318945
2,120.502,1742520372.9318945
3,118.621,1742520372.9318945
4,117.191,1742520372.9318945
5,119.692,1742520372.9318945
6,115.952,1742520372.9318945
7,122.589,1742520372.9318945
0,120.627,1742520372.9820287
1,116.74,1742520372.9820287
2,120.448,1742520372.9820287
3,118.621,1742520372.9820287
4,117.191,1742520372.9820287
5,119.635,1742520372.9820287
6,115.807,1742520372.9820287
7,122.529,1742520372.9820287
0,120.627,1742520373.0322278
1,116.74,1742520373.0322278
2,120.448,1742520373.0322278
3,118.143,1742520373.0322278
4,116.736,1742520373.0322278
5,119.635,1742520373.0322278
6,115.807,1742520373.0322278
7,122.529,1742520373.0322278
0,119.975,1742520373.0823383
1,116.095,1742520373.0823383
2,119.797,1742520373.0823383
3,118.143,1742520373.0823383
4,116.736,1742520373.0823383
5,119.17,1742520373.0823383
6,115.469,1742520373.0823383
7,122.358,1742520373.0823383
0,119.975,1742520373.1324599
1,116.095,1742520373.1324599
2,119.797,1742520373.1324599
3,117.806,1742520373.1324599
4,116.683,1742520373.1324599
5,119.17,1742520373.1324599
6,115.469,1742520373.1324599
7,122.358,1742520373.1324599
0,119.953,1742520373.1825929
1,115.957,1742520373.1825929
2,119.607,1742520373.1825929
3,117.806,1742520373.1825929
4,116.683,1742520373.1825929
5,119.143,1742520373.1825929
6,115.463,1742520373.1825929
7,122.377,1742520373.1825929
0,119.953,1742520373.232727
1,115.957,1742520373.232727
2,119.607,1742520373.232727
3,117.828,1742520373.232727
4,116.695,1742520373.232727
5,119.143,1742520373.232727
6,115.463,1742520373.232727
7,122.377,1742520373.232727
0,119.948,1742520373.2828603
1,116.027,1742520373.2828603
2,119.615,1742520373.2828603
3,117.828,1742520373.2828603
4,116.695,1742520373.2828603
5,119.151,1742520373.2828603
6,115.456,1742520373.2828603
7,122.364,1742520373.2828603
0,119.948,1742520373.3329802
1,116.027,1742520373.3329802
2,119.615,1742520373.3329802
3,117.86,1742520373.3329802
4,116.701,1742520373.3329802
5,119.151,1742520373.3329802
6,115.456,1742520373.3329802
7,122.364,1742520373.3329802
0,119.921,1742520373.3831143
1,116.002,1742520373.3831143
2,119.625,1742520373.3831143
3,117.86,1742520373.3831143
4,116.701,1742520373.3831143
5,119.134,1742520373.3831143
6,115.441,1742520373.3831143
7,122.343,1742520373.3831143
0,119.921,1742520373.4332461
1,116.002,1742520373.4332461
2,119.625,1742520373.4332461
3,117.88,1742520373.4332461
4,116.697,1742520373.4332461
5,119.134,1742520373.4332461
6,115.441,1742520373.4332461
7,122.343,1742520373.4332461
0,119.908,1742520373.4833815
1,116.003,1742520373.4833815
2,119.618,1742520373.4833815
3,117.88,1742520373.4833815
4,116.697,1742520373.4833815
5,119.176,1742520373.4833815
6,115.422,1742520373.4833815
7,122.324,1742520373.4833815
0,119.908,1742520373.5335112
1,116.003,1742520373.5335112
2,119.618,1742520373.5335112
3,117.888,1742520373.5335112
4,116.698,1742520373.5335112
5,119.176,1742520373.5335112
6,115.422,1742520373.5335112
7,122.324,1742520373.5335112
0,119.897,1742520373.5836432
1,116.068,1742520373.5836432
2,119.606,1742520373.5836432
3,117.888,1742520373.5836432
4,116.698,1742520373.5836432
5,119.155,1742520373.5836432
6,115.415,1742520373.5836432
7,122.324,1742520373.5836432
0,119.897,1742520373.6337764
1,116.068,1742520373.6337764
2,119.606,1742520373.6337764
3,117.883,1742520373.6337764
4,116.706,1742520373.6337764
5,119.155,1742520373.6337764
6,115.415,1742520373.6337764
7,122.324,1742520373.6337764
0,119.896,1742520373.6839185
1,115.992,1742520373.6839185
2,119.606,1742520373.6839185
3,117.883,1742520373.6839185
4,116.706,1742520373.6839185
5,119.14,1742520373.6839185
6,115.416,1742520373.6839185
7,122.309,1742520373.6839185
0,119.896,1742520373.7340512
1,115.992,1742520373.7340512
2,119.606,1742520373.7340512
3,117.883,1742520373.7340512
4,116.712,1742520373.7340512
5,119.14,1742520373.7340512
6,115.416,1742520373.7340512
7,122.309,1742520373.7340512
0,119.909,1742520373.784184
1,116.073,1742520373.784184
2,119.583,1742520373.784184
3,117.883,1742520373.784184
4,116.712,1742520373.784184
5,119.105,1742520373.784184
6,115.435,1742520373.784184
7,122.298,1742520373.784184
0,119.909,1742520373.8343153
1,116.073,1742520373.8343153
2,119.583,1742520373.8343153
3,117.889,1742520373.8343153
4,116.69,1742520373.8343153
5,119.105,1742520373.8343153
6,115.435,1742520373.8343153
7,122.298,1742520373.8343153
0,119.917,1742520373.8844416
1,115.942,1742520373.8844416
2,119.581,1742520373.8844416
3,117.889,1742520373.8844416
4,116.69,1742520373.8844416
5,119.122,1742520373.8844416
6,115.454,1742520373.8844416
7,122.296,1742520373.8844416
0,119.917,1742520373.9345639
1,115.942,1742520373.9345639
2,119.581,1742520373.9345639
3,117.867,1742520373.9345639
4,116.681,1742520373.9345639
5,119.122,1742520373.9345639
6,115.454,1742520373.9345639
7,122.296,1742520373.9345639
0,119.934,1742520373.9846978
1,116.053,1742520373.9846978
2,119.591,1742520373.9846978
3,117.867,1742520373.9846978
4,116.681,1742520373.9846978
5,119.093,1742520373.9846978
6,115.454,1742520373.9846978
7,122.276,1742520373.9846978
0,119.934,1742520374.0348313
1,116.053,1742520374.0348313
2,119.591,1742520374.0348313
3,117.883,1742520374.0348313
4,116.68,1742520374.0348313
5,119.093,1742520374.0348313
6,115.454,1742520374.0348313
7,122.276,1742520374.0348313
0,119.913,1742520374.0849662
1,115.943,1742520374.0849662
2,119.599,1742520374.0849662
3,117.883,1742520374.0849662
4,116.68,1742520374.0849662
5,119.092,1742520374.0849662
6,115.448,1742520374.0849662
7,122.277,1742520374.0849662
0,119.913,1742520374.1351085
1,115.943,1742520374.1351085
2,119.599,1742520374.1351085
3,117.881,1742520374.1351085
4,116.675,1742520374.1351085
5,119.092,1742520374.1351085
6,115.448,1742520374.1351085
7,122.277,1742520374.1351085
0,119.928,1742520374.1852396
1,116.021,1742520374.1852396
2,119.587,1742520374.1852396
3,117.881,1742520374.1852396
4,116.675,1742520374.1852396
5,119.092,1742520374.1852396
6,115.449,1742520374.1852396
7,122.259,1742520374.1852396
0,119.928,1742520374.235374
1,116.021,1742520374.235374
2,119.587,1742520374.235374
3,117.892,1742520374.235374
4,116.671,1742520374.235374
5,119.092,1742520374.235374
6,115.449,1742520374.235374
7,122.259,1742520374.235374
0,119.928,1742520374.2855067
1,115.981,1742520374.2855067
2,119.58,1742520374.2855067
3,117.892,1742520374.2855067
4,116.671,1742520374.2855067
5,119.095,1742520374.2855067
6,115.456,1742520374.2855067
7,122.245,1742520374.2855067
0,119.928,1742520374.335628
1,115.981,1742520374.335628
2,119.58,1742520374.335628
3,117.905,1742520374.335628
4,116.648,1742520374.335628
5,119.095,1742520374.335628
6,115.456,1742520374.335628
7,122.245,1742520374.335628
0,119.932,1742520374.3857608
1,115.973,1742520374.3857608
2,119.58,1742520374.3857608
3,117.905,1742520374.3857608
4,116.648,1742520374.3857608
5,119.11,1742520374.3857608
6,115.456,1742520374.3857608
7,122.253,1742520374.3857608
0,119.932,1742520374.4358928
1,115.973,1742520374.4358928
2,119.58,1742520374.4358928
3,117.885,1742520374.4358928
4,116.648,1742520374.4358928
5,119.11,1742520374.4358928
6,115.456,1742520374.4358928
7,122.253,1742520374.4358928
0,119.946,1742520374.486027
1,115.95,1742520374.486027
2,119.568,1742520374.486027
3,117.885,1742520374.486027
4,116.648,1742520374.486027
5,119.076,1742520374.486027
6,115.475,1742520374.486027
7,122.241,1742520374.486027
0,119.946,1742520374.5361917
1,115.95,1742520374.5361917
2,119.568,1742520374.5361917
3,117.887,1742520374.5361917
4,116.639,1742520374.5361917
5,119.076,1742520374.5361917
6,115.475,1742520374.5361917
7,122.241,1742520374.5361917
0,119.937,1742520374.5863307
1,115.943,1742520374.5863307
2,119.568,1742520374.5863307
3,117.887,1742520374.5863307
4,116.639,1742520374.5863307
5,119.07,1742520374.5863307
6,115.475,1742520374.5863307
7,122.239,1742520374.5863307
0,119.937,1742520374.6364503
1,115.943,1742520374.6364503
2,119.568,1742520374.6364503
3,117.878,1742520374.6364503
4,116.649,1742520374.6364503
5,119.07,1742520374.6364503
6,115.482,1742520374.6364503
7,122.239,1742520374.6364503
0,119.932,1742520374.686615
1,115.971,1742520374.686615
2,119.574,1742520374.686615
3,117.878,1742520374.686615
4,116.649,1742520374.686615
5,119.063,1742520374.686615
6,115.482,1742520374.686615
7,122.253,1742520374.686615
0,119.932,1742520374.7367904
1,115.971,1742520374.7367904
2,119.574,1742520374.7367904
3,117.884,1742520374.7367904
4,116.65,1742520374.7367904
5,119.063,1742520374.7367904
6,115.462,1742520374.7367904
7,122.253,1742520374.7367904
0,119.904,1742520374.786923
1,115.917,1742520374.786923
2,119.547,1742520374.786923
3,117.884,1742520374.786923
4,116.65,1742520374.786923
5,119.078,1742520374.786923
6,115.462,1742520374.786923
7,122.247,1742520374.786923
0,119.904,1742520374.8370554
1,115.917,1742520374.8370554
2,119.547,1742520374.8370554
3,117.886,1742520374.8370554
4,116.65,1742520374.8370554
5,119.078,1742520374.8370554
6,115.442,1742520374.8370554
7,122.247,1742520374.8370554
0,119.883,1742520374.887191
1,115.991,1742520374.887191
2,119.549,1742520374.887191
3,117.886,1742520374.887191
4,116.65,1742520374.887191
5,119.065,1742520374.887191
6,115.442,1742520374.887191
7,122.255,1742520374.887191
0,119.883,1742520374.937327
1,115.991,1742520374.937327
2,119.549,1742520374.937327
3,117.893,1742520374.937327
4,116.659,1742520374.937327
5,119.065,1742520374.937327
6,115.423,1742520374.937327
7,122.255,1742520374.937327
0,119.851,1742520374.9874527
1,115.889,1742520374.9874527
2,119.53,1742520374.9874527
3,117.893,1742520374.9874527
4,116.659,1742520374.9874527
5,119.071,1742520374.9874527
6,115.423,1742520374.9874527
7,122.253,1742520374.9874527
0,119.851,1742520375.0375867
1,115.889,1742520375.0375867
2,119.53,1742520375.0375867
3,117.853,1742520375.0375867
4,116.642,1742520375.0375867
5,119.071,1742520375.0375867
6,115.417,1742520375.0375867
7,122.253,1742520375.0375867
0,119.85,1742520375.087722
1,115.98,1742520375.087722
2,119.533,1742520375.087722
3,117.853,1742520375.087722
4,116.642,1742520375.087722
5,119.057,1742520375.087722
6,115.417,1742520375.087722
7,122.215,1742520375.087722
0,119.85,1742520375.1378572
1,115.98,1742520375.1378572
2,119.533,1742520375.1378572
3,117.796,1742520375.1378572
4,116.63,1742520375.1378572
5,119.057,1742520375.1378572
6,115.436,1742520375.1378572
7,122.215,1742520375.1378572
0,119.843,1742520375.1879926
1,115.849,1742520375.1879926
2,119.526,1742520375.1879926
3,117.796,1742520375.1879926
4,116.63,1742520375.1879926
5,119.059,1742520375.1879926
6,115.436,1742520375.1879926
7,122.232,1742520375.1879926
0,119.843,1742520375.2381227
1,115.849,1742520375.2381227
2,119.526,1742520375.2381227
3,117.745,1742520375.2381227
4,116.621,1742520375.2381227
5,119.059,1742520375.2381227
6,115.435,1742520375.2381227
7,122.232,1742520375.2381227
0,119.821,1742520375.2882986
1,115.951,1742520375.2882986
2,119.519,1742520375.2882986
3,117.745,1742520375.2882986
4,116.621,1742520375.2882986
5,119.031,1742520375.2882986
6,115.435,1742520375.2882986
7,122.211,1742520375.2882986
0,119.821,1742520375.3384295
1,115.951,1742520375.3384295
2,119.519,1742520375.3384295
3,117.712,1742520375.3384295
4,116.624,1742520375.3384295
5,119.031,1742520375.3384295
6,115.435,1742520375.3384295
7,122.211,1742520375.3384295
0,119.84,1742520375.388549
1,115.882,1742520375.388549
2,119.518,1742520375.388549
3,117.712,1742520375.388549
4,116.624,1742520375.388549
5,119.014,1742520375.388549
6,115.435,1742520375.388549
7,122.218,1742520375.388549
0,119.84,1742520375.438705
1,115.882,1742520375.438705
2,119.518,1742520375.438705
3,117.658,1742520375.438705
4,116.631,1742520375.438705
5,119.014,1742520375.438705
6,115.416,1742520375.438705
7,122.218,1742520375.438705
0,119.807,1742520375.4888294
1,115.901,1742520375.4888294
2,119.518,1742520375.4888294
3,117.658,1742520375.4888294
4,116.631,1742520375.4888294
5,118.996,1742520375.4888294
6,115.416,1742520375.4888294
7,122.225,1742520375.4888294
0,119.807,1742520375.5389588
1,115.901,1742520375.5389588
2,119.518,1742520375.5389588
3,117.624,1742520375.5389588
4,116.592,1742520375.5389588
5,118.996,1742520375.5389588
6,115.416,1742520375.5389588
7,122.225,1742520375.5389588
0,119.814,1742520375.5891013
1,115.917,1742520375.5891013
2,119.514,1742520375.5891013
3,117.624,1742520375.5891013
4,116.592,1742520375.5891013
5,119.0,1742520375.5891013
6,115.416,1742520375.5891013
7,122.219,1742520375.5891013
0,119.814,1742520375.6392336
1,115.917,1742520375.6392336
2,119.514,1742520375.6392336
3,117.591,1742520375.6392336
4,116.581,1742520375.6392336
5,119.0,1742520375.6392336
6,115.409,1742520375.6392336
7,122.219,1742520375.6392336
0,119.788,1742520375.6893706
1,115.868,1742520375.6893706
2,119.519,1742520375.6893706
3,117.591,1742520375.6893706
4,116.581,1742520375.6893706
5,118.989,1742520375.6893706
6,115.409,1742520375.6893706
7,122.227,1742520375.6893706
0,119.788,1742520375.7395046
1,115.868,1742520375.7395046
2,119.519,1742520375.7395046
3,117.542,1742520375.7395046
4,116.581,1742520375.7395046
5,118.989,1742520375.7395046
6,115.423,1742520375.7395046
7,122.227,1742520375.7395046
0,119.768,1742520375.7896338
1,115.924,1742520375.7896338
2,119.526,1742520375.7896338
3,117.542,1742520375.7896338
4,116.581,1742520375.7896338
5,119.032,1742520375.7896338
6,115.423,1742520375.7896338
7,122.228,1742520375.7896338
0,119.768,1742520375.8397934
1,115.924,1742520375.8397934
2,119.526,1742520375.8397934
3,117.5,1742520375.8397934
4,116.586,1742520375.8397934
5,119.032,1742520375.8397934
6,115.479,1742520375.8397934
7,122.228,1742520375.8397934
0,119.766,1742520375.8899307
1,115.829,1742520375.8899307
2,119.531,1742520375.8899307
3,117.5,1742520375.8899307
4,116.586,1742520375.8899307
5,119.015,1742520375.8899307
6,115.479,1742520375.8899307
7,122.211,1742520375.8899307
0,119.766,1742520375.9400716
1,115.829,1742520375.9400716
2,119.531,1742520375.9400716
3,117.444,1742520375.9400716
4,116.576,1742520375.9400716
5,119.015,1742520375.9400716
6,115.51,1742520375.9400716
7,122.211,1742520375.9400716
0,119.752,1742520375.9902067
1,115.932,1742520375.9902067
2,119.538,1742520375.9902067
3,117.444,1742520375.9902067
4,116.576,1742520375.9902067
5,119.063,1742520375.9902067
6,115.51,1742520375.9902067
7,122.216,1742520375.9902067
0,119.752,1742520376.040356
1,115.932,1742520376.040356
2,119.538,1742520376.040356
3,117.446,1742520376.040356
4,116.589,1742520376.040356
5,119.063,1742520376.040356
6,115.56,1742520376.040356
7,122.216,1742520376.040356
0,119.741,1742520376.0904937
1,115.834,1742520376.0904937
2,119.547,1742520376.0904937
3,117.446,1742520376.0904937
4,116.589,1742520376.0904937
5,119.078,1742520376.0904937
6,115.56,1742520376.0904937
7,122.226,1742520376.0904937
0,119.741,1742520376.1406326
1,115.834,1742520376.1406326
2,119.547,1742520376.1406326
3,117.457,1742520376.1406326
4,116.577,1742520376.1406326
5,119.078,1742520376.1406326
6,115.574,1742520376.1406326
7,122.226,1742520376.1406326
0,119.724,1742520376.1907587
1,115.958,1742520376.1907587
2,119.545,1742520376.1907587
3,117.457,1742520376.1907587
4,116.577,1742520376.1907587
5,119.125,1742520376.1907587
6,115.574,1742520376.1907587
7,122.202,1742520376.1907587
0,119.724,1742520376.2408965
1,115.958,1742520376.2408965
2,119.545,1742520376.2408965
3,117.47,1742520376.2408965
4,116.592,1742520376.2408965
5,119.125,1742520376.2408965
6,115.599,1742520376.2408965
7,122.202,1742520376.2408965
0,119.717,1742520376.2910357
1,115.854,1742520376.2910357
2,119.54,1742520376.2910357
3,117.47,1742520376.2910357
4,116.592,1742520376.2910357
5,119.18,1742520376.2910357
6,115.599,1742520376.2910357
7,122.218,1742520376.2910357
0,119.717,1742520376.3411605
1,115.854,1742520376.3411605
2,119.54,1742520376.3411605
3,117.47,1742520376.3411605
4,116.58,1742520376.3411605
5,119.18,1742520376.3411605
6,115.637,1742520376.3411605
7,122.218,1742520376.3411605
0,119.719,1742520376.3913016
1,115.901,1742520376.3913016
2,119.533,1742520376.3913016
3,117.47,1742520376.3913016
4,116.58,1742520376.3913016
5,119.201,1742520376.3913016
6,115.637,1742520376.3913016
7,122.215,1742520376.3913016
0,119.719,1742520376.4414454
1,115.901,1742520376.4414454
2,119.533,1742520376.4414454
3,117.474,1742520376.4414454
4,116.569,1742520376.4414454
5,119.201,1742520376.4414454
6,115.673,1742520376.4414454
7,122.215,1742520376.4414454
0,119.718,1742520376.4915767
1,115.848,1742520376.4915767
2,119.521,1742520376.4915767
3,117.474,1742520376.4915767
4,116.569,1742520376.4915767
5,119.255,1742520376.4915767
6,115.673,1742520376.4915767
7,122.208,1742520376.4915767
0,119.718,1742520376.5417216
1,115.848,1742520376.5417216
2,119.521,1742520376.5417216
3,117.455,1742520376.5417216
4,116.592,1742520376.5417216
5,119.255,1742520376.5417216
6,115.72,1742520376.5417216
7,122.208,1742520376.5417216
0,119.717,1742520376.5918622
1,115.835,1742520376.5918622
2,119.519,1742520376.5918622
3,117.455,1742520376.5918622
4,116.592,1742520376.5918622
5,119.289,1742520376.5918622
6,115.72,1742520376.5918622
7,122.216,1742520376.5918622
0,119.717,1742520376.6420026
1,115.835,1742520376.6420026
2,119.519,1742520376.6420026
3,117.455,1742520376.6420026
4,116.585,1742520376.6420026
5,119.289,1742520376.6420026
6,115.76,1742520376.6420026
7,122.216,1742520376.6420026
0,119.727,1742520376.6921792
1,115.862,1742520376.6921792
2,119.513,1742520376.6921792
3,117.455,1742520376.6921792
4,116.585,1742520376.6921792
5,119.352,1742520376.6921792
6,115.76,1742520376.6921792
7,122.196,1742520376.6921792
0,119.727,1742520376.7423167
1,115.862,1742520376.7423167
2,119.513,1742520376.7423167
3,117.448,1742520376.7423167
4,116.581,1742520376.7423167
5,119.352,1742520376.7423167
6,115.739,1742520376.7423167
7,122.196,1742520376.7423167
0,119.723,1742520376.7924564
1,115.814,1742520376.7924564
2,119.505,1742520376.7924564
3,117.448,1742520376.7924564
4,116.581,1742520376.7924564
5,119.311,1742520376.7924564
6,115.739,1742520376.7924564
7,122.177,1742520376.7924564
0,119.723,1742520376.8425977
1,115.814,1742520376.8425977
2,119.505,1742520376.8425977
3,117.455,1742520376.8425977
4,116.544,1742520376.8425977
5,119.311,1742520376.8425977
6,115.732,1742520376.8425977
7,122.177,1742520376.8425977
0,119.741,1742520376.8927462
1,115.93,1742520376.8927462
2,119.5,1742520376.8927462
3,117.455,1742520376.8927462
4,116.544,1742520376.8927462
5,119.343,1742520376.8927462
6,115.732,1742520376.8927462
7,122.183,1742520376.8927462
0,119.741,1742520376.9428966
1,115.93,1742520376.9428966
2,119.5,1742520376.9428966
3,117.477,1742520376.9428966
4,116.566,1742520376.9428966
5,119.343,1742520376.9428966
6,115.718,1742520376.9428966
7,122.183,1742520376.9428966
0,119.775,1742520376.9930465
1,115.86,1742520376.9930465
2,119.54,1742520376.9930465
3,117.477,1742520376.9930465
4,116.566,1742520376.9930465
5,119.31,1742520376.9930465
6,115.718,1742520376.9930465
7,122.202,1742520376.9930465
0,119.775,1742520377.0431926
1,115.86,1742520377.0431926
2,119.54,1742520377.0431926
3,117.474,1742520377.0431926
4,116.589,1742520377.0431926
5,119.31,1742520377.0431926
6,115.719,1742520377.0431926
7,122.202,1742520377.0431926
0,119.811,1742520377.093352
1,115.987,1742520377.093352
2,119.545,1742520377.093352
3,117.474,1742520377.093352
4,116.589,1742520377.093352
5,119.311,1742520377.093352
6,115.719,1742520377.093352
7,122.213,1742520377.093352
0,119.811,1742520377.1435006
1,115.987,1742520377.1435006
2,119.545,1742520377.1435006
3,117.458,1742520377.1435006
4,116.604,1742520377.1435006
5,119.311,1742520377.1435006
6,115.718,1742520377.1435006
7,122.213,1742520377.1435006
0,119.832,1742520377.1937718
1,115.909,1742520377.1937718
2,119.574,1742520377.1937718
3,117.458,1742520377.1937718
4,116.604,1742520377.1937718
5,119.297,1742520377.1937718
6,115.718,1742520377.1937718
7,122.256,1742520377.1937718
0,119.832,1742520377.2439592
1,115.909,1742520377.2439592
2,119.574,1742520377.2439592
3,117.434,1742520377.2439592
4,116.625,1742520377.2439592
5,119.297,1742520377.2439592
6,115.726,1742520377.2439592
7,122.256,1742520377.2439592
0,119.884,1742520377.294156
1,116.035,1742520377.294156
2,119.613,1742520377.294156
3,117.434,1742520377.294156
4,116.625,1742520377.294156
5,119.296,1742520377.294156
6,115.726,1742520377.294156
7,122.297,1742520377.294156
0,119.884,1742520377.3443005
1,116.035,1742520377.3443005
2,119.613,1742520377.3443005
3,117.432,1742520377.3443005
4,116.664,1742520377.3443005
5,119.296,1742520377.3443005
6,115.714,1742520377.3443005
7,122.297,1742520377.3443005
0,119.918,1742520377.3944511
1,116.004,1742520377.3944511
2,119.647,1742520377.3944511
3,117.432,1742520377.3944511
4,116.664,1742520377.3944511
5,119.295,1742520377.3944511
6,115.714,1742520377.3944511
7,122.332,1742520377.3944511
0,119.918,1742520377.4446123
1,116.004,1742520377.4446123
2,119.647,1742520377.4446123
3,117.421,1742520377.4446123
4,116.709,1742520377.4446123
5,119.295,1742520377.4446123
6,115.688,1742520377.4446123
7,122.332,1742520377.4446123
0,119.962,1742520377.4947612
1,116.063,1742520377.4947612
2,119.693,1742520377.4947612
3,117.421,1742520377.4947612
4,116.709,1742520377.4947612
5,119.297,1742520377.4947612
6,115.688,1742520377.4947612
7,122.378,1742520377.4947612
0,119.962,1742520377.5449176
1,116.063,1742520377.5449176
2,119.693,1742520377.5449176
3,117.421,1742520377.5449176
4,116.731,1742520377.5449176
5,119.297,1742520377.5449176
6,115.685,1742520377.5449176
7,122.378,1742520377.5449176
0,119.988,1742520377.595078
1,116.094,1742520377.595078
2,119.703,1742520377.595078
3,117.421,1742520377.595078
4,116.731,1742520377.595078
5,119.298,1742520377.595078
6,115.685,1742520377.595078
7,122.383,1742520377.595078
0,119.988,1742520377.6452234
1,116.094,1742520377.6452234
2,119.703,1742520377.6452234
3,117.431,1742520377.6452234
4,116.757,1742520377.6452234
5,119.298,1742520377.6452234
6,115.684,1742520377.6452234
7,122.383,1742520377.6452234
0,120.022,1742520377.69538
1,116.115,1742520377.69538
2,119.729,1742520377.69538
3,117.431,1742520377.69538
4,116.757,1742520377.69538
5,119.275,1742520377.69538
6,115.684,1742520377.69538
7,122.401,1742520377.69538
0,120.022,1742520377.7455227
1,116.115,1742520377.7455227
2,119.729,1742520377.7455227
3,117.436,1742520377.7455227
4,116.801,1742520377.7455227
5,119.275,1742520377.7455227
6,115.686,1742520377.7455227
7,122.401,1742520377.7455227
0,120.056,1742520377.7956834
1,116.228,1742520377.7956834
2,119.769,1742520377.7956834
3,117.436,1742520377.7956834
4,116.801,1742520377.7956834
5,119.281,1742520377.7956834
6,115.686,1742520377.7956834
7,122.427,1742520377.7956834
0,120.056,1742520377.8458488
1,116.228,1742520377.8458488
2,119.769,1742520377.8458488
3,117.434,1742520377.8458488
4,116.836,1742520377.8458488
5,119.281,1742520377.8458488
6,115.705,1742520377.8458488
7,122.427,1742520377.8458488
0,120.09,1742520377.8960278
1,116.152,1742520377.8960278
2,119.791,1742520377.8960278
3,117.434,1742520377.8960278
4,116.836,1742520377.8960278
5,119.267,1742520377.8960278
6,115.705,1742520377.8960278
7,122.438,1742520377.8960278
0,120.09,1742520377.9461858
1,116.152,1742520377.9461858
2,119.791,1742520377.9461858
3,117.428,1742520377.9461858
4,116.837,1742520377.9461858
5,119.267,1742520377.9461858
6,115.694,1742520377.9461858
7,122.438,1742520377.9461858
0,120.085,1742520377.9963405
1,116.208,1742520377.9963405
2,119.757,1742520377.9963405
3,117.428,1742520377.9963405
4,116.837,1742520377.9963405
5,119.26,1742520377.9963405
6,115.694,1742520377.9963405
7,122.44,1742520377.9963405
0,120.085,1742520378.0464852
1,116.208,1742520378.0464852
2,119.757,1742520378.0464852
3,117.401,1742520378.0464852
4,116.853,1742520378.0464852
5,119.26,1742520378.0464852
6,115.694,1742520378.0464852
7,122.44,1742520378.0464852
0,120.088,1742520378.0966432
1,116.132,1742520378.0966432
2,119.771,1742520378.0966432
3,117.401,1742520378.0966432
4,116.853,1742520378.0966432
5,119.232,1742520378.0966432
6,115.694,1742520378.0966432
7,122.474,1742520378.0966432
0,120.088,1742520378.1467948
1,116.132,1742520378.1467948
2,119.771,1742520378.1467948
3,117.396,1742520378.1467948
4,116.859,1742520378.1467948
5,119.232,1742520378.1467948
6,115.687,1742520378.1467948
7,122.474,1742520378.1467948
0,120.11,1742520378.1969295
1,116.221,1742520378.1969295
2,119.784,1742520378.1969295
3,117.396,1742520378.1969295
4,116.859,1742520378.1969295
5,119.259,1742520378.1969295
6,115.687,1742520378.1969295
7,122.454,1742520378.1969295
0,120.11,1742520378.247067
1,116.221,1742520378.247067
2,119.784,1742520378.247067
3,117.385,1742520378.247067
4,116.839,1742520378.247067
5,119.259,1742520378.247067
6,115.663,1742520378.247067
7,122.454,1742520378.247067
0,120.112,1742520378.2972205
1,116.11,1742520378.2972205
2,119.765,1742520378.2972205
3,117.385,1742520378.2972205
4,116.839,1742520378.2972205
5,119.224,1742520378.2972205
6,115.663,1742520378.2972205
7,122.453,1742520378.2972205
0,120.112,1742520378.3473647
1,116.11,1742520378.3473647
2,119.765,1742520378.3473647
3,117.388,1742520378.3473647
4,116.844,1742520378.3473647
5,119.224,1742520378.3473647
6,115.696,1742520378.3473647
7,122.453,1742520378.3473647
0,120.105,1742520378.397505
1,116.233,1742520378.397505
2,119.766,1742520378.397505
3,117.388,1742520378.397505
4,116.844,1742520378.397505
5,119.196,1742520378.397505
6,115.696,1742520378.397505
7,122.431,1742520378.397505
0,120.105,1742520378.44766
1,116.233,1742520378.44766
2,119.766,1742520378.44766
3,117.388,1742520378.44766
4,116.837,1742520378.44766
5,119.196,1742520378.44766
6,115.684,1742520378.44766
7,122.431,1742520378.44766
0,120.102,1742520378.4978123
1,116.138,1742520378.4978123
2,119.767,1742520378.4978123
3,117.388,1742520378.4978123
4,116.837,1742520378.4978123
5,119.129,1742520378.4978123
6,115.684,1742520378.4978123
7,122.406,1742520378.4978123
0,120.102,1742520378.5479507
1,116.138,1742520378.5479507
2,119.767,1742520378.5479507
3,117.386,1742520378.5479507
4,116.837,1742520378.5479507
5,119.129,1742520378.5479507
6,115.659,1742520378.5479507
7,122.406,1742520378.5479507
0,120.112,1742520378.5981052
1,116.213,1742520378.5981052
2,119.78,1742520378.5981052
3,117.386,1742520378.5981052
4,116.824,1742520378.5981052
5,119.094,1742520378.5981052
6,115.659,1742520378.5981052
7,122.397,1742520378.5981052
0,120.112,1742520378.648266
1,116.213,1742520378.648266
2,119.78,1742520378.648266
3,117.361,1742520378.648266
4,116.814,1742520378.648266
5,119.094,1742520378.648266
6,115.601,1742520378.648266
7,122.397,1742520378.648266
0,120.106,1742520378.6984346
1,116.171,1742520378.6984346
2,119.785,1742520378.6984346
3,117.361,1742520378.6984346
4,116.814,1742520378.6984346
5,119.03,1742520378.6984346
6,115.601,1742520378.6984346
7,122.411,1742520378.6984346
0,120.106,1742520378.7486002
1,116.171,1742520378.7486002
2,119.785,1742520378.7486002
3,117.358,1742520378.7486002
4,116.823,1742520378.7486002
5,119.03,1742520378.7486002
6,115.553,1742520378.7486002
7,122.411,1742520378.7486002
0,120.091,1742520378.7987568
1,116.125,1742520378.7987568
2,119.784,1742520378.7987568
3,117.358,1742520378.7987568
4,116.823,1742520378.7987568
5,119.018,1742520378.7987568
6,115.553,1742520378.7987568
7,122.411,1742520378.7987568
0,120.091,1742520378.8489218
1,116.125,1742520378.8489218
2,119.784,1742520378.8489218
3,117.366,1742520378.8489218
4,116.83,1742520378.8489218
5,119.018,1742520378.8489218
6,115.499,1742520378.8489218
7,122.434,1742520378.8489218
0,120.091,1742520378.8990805
1,116.125,1742520378.8990805
2,119.804,1742520378.8990805
3,117.366,1742520378.8990805
4,116.83,1742520378.8990805
5,118.946,1742520378.8990805
6,115.499,1742520378.8990805
7,122.434,1742520378.8990805
0,120.091,1742520378.9492683
1,116.173,1742520378.9492683
2,119.804,1742520378.9492683
3,117.359,1742520378.9492683
4,116.822,1742520378.9492683
5,118.946,1742520378.9492683
6,115.473,1742520378.9492683
7,122.419,1742520378.9492683
0,120.077,1742520378.99943
1,116.173,1742520378.99943
2,119.808,1742520378.99943
3,117.359,1742520378.99943
4,116.822,1742520378.99943
5,118.931,1742520378.99943
6,115.473,1742520378.99943
7,122.419,1742520378.99943
0,120.077,1742520379.049595
1,116.097,1742520379.049595
2,119.808,1742520379.049595
3,117.38,1742520379.049595
4,116.822,1742520379.049595
5,118.931,1742520379.049595
6,115.451,1742520379.049595
7,122.378,1742520379.049595
0,120.07,1742520379.0997558
1,116.097,1742520379.0997558
2,119.814,1742520379.0997558
3,117.38,1742520379.0997558
4,116.817,1742520379.0997558
5,118.884,1742520379.0997558
6,115.451,1742520379.0997558
7,122.378,1742520379.0997558
0,120.07,1742520379.1499221
1,116.211,1742520379.1499221
2,119.814,1742520379.1499221
3,117.372,1742520379.1499221
4,116.817,1742520379.1499221
5,118.884,1742520379.1499221
6,115.418,1742520379.1499221
7,122.378,1742520379.1499221
0,120.067,1742520379.2001762
1,116.211,1742520379.2001762
2,119.803,1742520379.2001762
3,117.372,1742520379.2001762
4,116.818,1742520379.2001762
5,118.871,1742520379.2001762
6,115.418,1742520379.2001762
7,122.378,1742520379.2001762
0,120.067,1742520379.2503157
1,116.09,1742520379.2503157
2,119.803,1742520379.2503157
3,117.493,1742520379.2503157
4,116.818,1742520379.2503157
5,118.871,1742520379.2503157
6,115.399,1742520379.2503157
7,122.361,1742520379.2503157
0,120.283,1742520379.3004618
1,116.09,1742520379.3004618
2,119.801,1742520379.3004618
3,117.493,1742520379.3004618
4,116.821,1742520379.3004618
5,118.812,1742520379.3004618
6,115.399,1742520379.3004618
7,122.361,1742520379.3004618
0,120.283,1742520379.350622
1,116.228,1742520379.350622
2,119.801,1742520379.350622
3,117.954,1742520379.350622
4,116.821,1742520379.350622
5,118.812,1742520379.350622
6,115.333,1742520379.350622
7,122.34,1742520379.350622
0,120.283,1742520379.400755
1,116.228,1742520379.400755
2,119.801,1742520379.400755
3,117.954,1742520379.400755
4,116.836,1742520379.400755
5,118.81,1742520379.400755
6,115.333,1742520379.400755
7,122.34,1742520379.400755
0,120.813,1742520379.4509003
1,116.112,1742520379.4509003
2,119.801,1742520379.4509003
3,117.954,1742520379.4509003
4,116.836,1742520379.4509003
5,118.81,1742520379.4509003
6,115.297,1742520379.4509003
7,122.347,1742520379.4509003
0,120.813,1742520379.50104
1,116.112,1742520379.50104
2,119.82,1742520379.50104
3,118.378,1742520379.50104
4,116.867,1742520379.50104
5,118.804,1742520379.50104
6,115.297,1742520379.50104
7,122.347,1742520379.50104
0,121.22,1742520379.551165
1,116.175,1742520379.551165
2,119.82,1742520379.551165
3,118.378,1742520379.551165
4,116.867,1742520379.551165
5,118.804,1742520379.551165
6,115.287,1742520379.551165
7,122.348,1742520379.551165
0,121.648,1742520379.6012888
1,116.175,1742520379.6012888
2,119.793,1742520379.6012888
3,120.509,1742520379.6012888
4,116.861,1742520379.6012888
5,118.817,1742520379.6012888
6,115.287,1742520379.6012888
7,122.348,1742520379.6012888
0,121.648,1742520379.6514204
1,116.089,1742520379.6514204
2,119.793,1742520379.6514204
3,120.509,1742520379.6514204
4,116.861,1742520379.6514204
5,118.817,1742520379.6514204
6,115.284,1742520379.6514204
7,122.316,1742520379.6514204
0,121.648,1742520379.701556
1,116.089,1742520379.701556
2,119.761,1742520379.701556
3,121.135,1742520379.701556
4,116.839,1742520379.701556
5,118.831,1742520379.701556
6,115.284,1742520379.701556
7,122.316,1742520379.701556
0,122.032,1742520379.7516909
1,116.108,1742520379.7516909
2,119.761,1742520379.7516909
3,121.135,1742520379.7516909
4,116.839,1742520379.7516909
5,118.831,1742520379.7516909
6,115.306,1742520379.7516909
7,122.297,1742520379.7516909
0,122.032,1742520379.8018224
1,116.108,1742520379.8018224
2,119.716,1742520379.8018224
3,121.644,1742520379.8018224
4,116.796,1742520379.8018224
5,118.83,1742520379.8018224
6,115.306,1742520379.8018224
7,122.297,1742520379.8018224
0,122.413,1742520379.8519459
1,116.083,1742520379.8519459
2,119.716,1742520379.8519459
3,122.07,1742520379.8519459
4,116.796,1742520379.8519459
5,118.83,1742520379.8519459
6,115.32,1742520379.8519459
7,122.217,1742520379.8519459
0,122.413,1742520379.9020724
1,116.083,1742520379.9020724
2,119.662,1742520379.9020724
3,122.07,1742520379.9020724
4,116.749,1742520379.9020724
5,118.851,1742520379.9020724
6,115.32,1742520379.9020724
7,122.217,1742520379.9020724
0,122.804,1742520379.9522064
1,115.996,1742520379.9522064
2,119.662,1742520379.9522064
3,122.392,1742520379.9522064
4,116.749,1742520379.9522064
5,118.851,1742520379.9522064
6,115.297,1742520379.9522064
7,122.185,1742520379.9522064
0,122.804,1742520380.0023398
1,116.022,1742520380.0023398
2,119.62,1742520380.0023398
3,122.392,1742520380.0023398
4,116.709,1742520380.0023398
5,118.837,1742520380.0023398
6,115.297,1742520380.0023398
7,122.185,1742520380.0023398
0,123.2,1742520380.0524743
1,116.022,1742520380.0524743
2,119.62,1742520380.0524743
3,122.918,1742520380.0524743
4,116.709,1742520380.0524743
5,118.837,1742520380.0524743
6,115.304,1742520380.0524743
7,122.145,1742520380.0524743
0,123.2,1742520380.1026084
1,116.022,1742520380.1026084
2,119.579,1742520380.1026084
3,122.918,1742520380.1026084
4,116.684,1742520380.1026084
5,118.838,1742520380.1026084
6,115.304,1742520380.1026084
7,122.145,1742520380.1026084
0,123.58,1742520380.1527443
1,115.884,1742520380.1527443
2,119.579,1742520380.1527443
3,123.231,1742520380.1527443
4,116.684,1742520380.1527443
5,118.838,1742520380.1527443
6,115.278,1742520380.1527443
7,122.105,1742520380.1527443
0,123.58,1742520380.2028797
1,115.941,1742520380.2028797
2,119.55,1742520380.2028797
3,123.231,1742520380.2028797
4,116.634,1742520380.2028797
5,118.803,1742520380.2028797
6,115.278,1742520380.2028797
7,122.105,1742520380.2028797
0,123.968,1742520380.253014
1,115.941,1742520380.253014
2,119.55,1742520380.253014
3,123.66,1742520380.253014
4,116.634,1742520380.253014
5,118.803,1742520380.253014
6,115.278,1742520380.253014
7,122.063,1742520380.253014
0,123.968,1742520380.3031647
1,115.784,1742520380.3031647
2,119.492,1742520380.3031647
3,123.66,1742520380.3031647
4,116.574,1742520380.3031647
5,118.803,1742520380.3031647
6,115.278,1742520380.3031647
7,122.063,1742520380.3031647
0,124.029,1742520380.353297
1,115.784,1742520380.353297
2,119.492,1742520380.353297
3,123.66,1742520380.353297
4,116.574,1742520380.353297
5,118.803,1742520380.353297
6,115.288,1742520380.353297
7,122.023,1742520380.353297
0,124.029,1742520380.4034305
1,115.824,1742520380.4034305
2,119.438,1742520380.4034305
3,123.62,1742520380.4034305
4,116.533,1742520380.4034305
5,118.763,1742520380.4034305
6,115.288,1742520380.4034305
7,122.023,1742520380.4034305
0,123.957,1742520380.4535644
1,115.824,1742520380.4535644
2,119.438,1742520380.4535644
3,123.62,1742520380.4535644
4,116.533,1742520380.4535644
5,118.763,1742520380.4535644
6,115.281,1742520380.4535644
7,121.99,1742520380.4535644
0,123.957,1742520380.5036957
1,115.707,1742520380.5036957
2,119.397,1742520380.5036957
3,123.576,1742520380.5036957
4,116.485,1742520380.5036957
5,118.804,1742520380.5036957
6,115.281,1742520380.5036957
7,121.99,1742520380.5036957
0,123.93,1742520380.5538278
1,115.707,1742520380.5538278
2,119.397,1742520380.5538278
3,123.576,1742520380.5538278
4,116.485,1742520380.5538278
5,118.804,1742520380.5538278
6,115.294,1742520380.5538278
7,121.945,1742520380.5538278
0,123.93,1742520380.6039655
1,115.782,1742520380.6039655
2,119.384,1742520380.6039655
3,122.447,1742520380.6039655
4,116.455,1742520380.6039655
5,118.756,1742520380.6039655
6,115.294,1742520380.6039655
7,121.945,1742520380.6039655
0,123.883,1742520380.6541936
1,115.782,1742520380.6541936
2,119.384,1742520380.6541936
3,122.447,1742520380.6541936
4,116.455,1742520380.6541936
5,118.756,1742520380.6541936
6,115.281,1742520380.6541936
7,121.931,1742520380.6541936
0,123.883,1742520380.7043278
1,115.694,1742520380.7043278
2,119.368,1742520380.7043278
3,121.651,1742520380.7043278
4,116.436,1742520380.7043278
5,118.75,1742520380.7043278
6,115.281,1742520380.7043278
7,121.931,1742520380.7043278
0,123.884,1742520380.7544625
1,115.694,1742520380.7544625
2,119.368,1742520380.7544625
3,121.651,1742520380.7544625
4,116.436,1742520380.7544625
5,118.75,1742520380.7544625
6,115.278,1742520380.7544625
7,121.912,1742520380.7544625
0,123.884,1742520380.80459
1,115.72,1742520380.80459
2,119.361,1742520380.80459
3,121.658,1742520380.80459
4,116.446,1742520380.80459
5,118.735,1742520380.80459
6,115.278,1742520380.80459
7,121.912,1742520380.80459
0,123.867,1742520380.8547246
1,115.72,1742520380.8547246
2,119.361,1742520380.8547246
3,121.658,1742520380.8547246
4,116.446,1742520380.8547246
5,118.735,1742520380.8547246
6,115.268,1742520380.8547246
7,121.917,1742520380.8547246
0,123.867,1742520380.9048586
1,115.719,1742520380.9048586
2,119.37,1742520380.9048586
3,121.645,1742520380.9048586
4,116.454,1742520380.9048586
5,118.741,1742520380.9048586
6,115.268,1742520380.9048586
7,121.917,1742520380.9048586
0,123.875,1742520380.9549925
1,115.719,1742520380.9549925
2,119.37,1742520380.9549925
3,121.645,1742520380.9549925
4,116.454,1742520380.9549925
5,118.741,1742520380.9549925
6,115.271,1742520380.9549925
7,121.925,1742520380.9549925
0,123.875,1742520381.0051267
1,115.686,1742520381.0051267
2,119.358,1742520381.0051267
3,121.657,1742520381.0051267
4,116.437,1742520381.0051267
5,118.741,1742520381.0051267
6,115.271,1742520381.0051267
7,121.925,1742520381.0051267
0,123.868,1742520381.0552638
1,115.686,1742520381.0552638
2,119.358,1742520381.0552638
3,121.657,1742520381.0552638
4,116.437,1742520381.0552638
5,118.742,1742520381.0552638
6,115.281,1742520381.0552638
7,121.938,1742520381.0552638
0,123.868,1742520381.1054008
1,115.748,1742520381.1054008
2,119.352,1742520381.1054008
3,121.67,1742520381.1054008
4,116.437,1742520381.1054008
5,118.742,1742520381.1054008
6,115.281,1742520381.1054008
7,121.938,1742520381.1054008
0,123.861,1742520381.1555307
1,115.748,1742520381.1555307
2,119.352,1742520381.1555307
3,121.67,1742520381.1555307
4,116.437,1742520381.1555307
5,118.741,1742520381.1555307
6,115.271,1742520381.1555307
7,121.939,1742520381.1555307
0,123.861,1742520381.2056668
1,115.649,1742520381.2056668
2,119.359,1742520381.2056668
3,121.669,1742520381.2056668
4,116.432,1742520381.2056668
5,118.741,1742520381.2056668
6,115.271,1742520381.2056668
7,121.939,1742520381.2056668
0,123.857,1742520381.2558181
1,115.649,1742520381.2558181
2,119.359,1742520381.2558181
3,121.669,1742520381.2558181
4,116.432,1742520381.2558181
5,118.761,1742520381.2558181
6,115.274,1742520381.2558181
7,121.921,1742520381.2558181
0,123.857,1742520381.3059433
1,115.738,1742520381.3059433
2,119.35,1742520381.3059433
3,121.664,1742520381.3059433
4,116.42,1742520381.3059433
5,118.761,1742520381.3059433
6,115.274,1742520381.3059433
7,121.921,1742520381.3059433
0,123.855,1742520381.356078
1,115.738,1742520381.356078
2,119.35,1742520381.356078
3,121.664,1742520381.356078
4,116.42,1742520381.356078
5,118.755,1742520381.356078
6,115.251,1742520381.356078
7,121.916,1742520381.356078
0,123.855,1742520381.4062107
1,115.621,1742520381.4062107
2,119.355,1742520381.4062107
3,121.684,1742520381.4062107
4,116.394,1742520381.4062107
5,118.755,1742520381.4062107
6,115.251,1742520381.4062107
7,121.916,1742520381.4062107
0,123.848,1742520381.456344
1,115.621,1742520381.456344
2,119.355,1742520381.456344
3,121.684,1742520381.456344
4,116.394,1742520381.456344
5,118.774,1742520381.456344
6,115.242,1742520381.456344
7,121.916,1742520381.456344
0,123.848,1742520381.5064802
1,115.72,1742520381.5064802
2,119.341,1742520381.5064802
3,121.671,1742520381.5064802
4,116.403,1742520381.5064802
5,118.774,1742520381.5064802
6,115.242,1742520381.5064802
7,121.916,1742520381.5064802
0,123.864,1742520381.556614
1,115.72,1742520381.556614
2,119.341,1742520381.556614
3,121.671,1742520381.556614
4,116.403,1742520381.556614
5,118.73,1742520381.556614
6,115.238,1742520381.556614
7,121.901,1742520381.556614
0,123.864,1742520381.6067505
1,115.639,1742520381.6067505
2,119.327,1742520381.6067505
3,118.27,1742520381.6067505
4,116.407,1742520381.6067505
5,118.73,1742520381.6067505
6,115.238,1742520381.6067505
7,121.901,1742520381.6067505
0,123.851,1742520381.6568418
1,115.639,1742520381.6568418
2,119.327,1742520381.6568418
3,118.27,1742520381.6568418
4,116.407,1742520381.6568418
5,118.736,1742520381.6568418
6,115.245,1742520381.6568418
7,121.913,1742520381.6568418
0,123.851,1742520381.7069159
1,115.639,1742520381.7069159
2,119.315,1742520381.7069159
3,113.481,1742520381.7069159
4,116.402,1742520381.7069159
5,118.736,1742520381.7069159
6,115.245,1742520381.7069159
7,121.913,1742520381.7069159
0,123.875,1742520381.756985
1,115.734,1742520381.756985
2,119.315,1742520381.756985
3,113.481,1742520381.756985
4,116.402,1742520381.756985
5,118.708,1742520381.756985
6,115.262,1742520381.756985
7,121.919,1742520381.756985
0,123.875,1742520381.8070533
1,115.626,1742520381.8070533
2,119.314,1742520381.8070533
3,108.706,1742520381.8070533
4,116.403,1742520381.8070533
5,118.708,1742520381.8070533
6,115.262,1742520381.8070533
7,121.919,1742520381.8070533
0,123.879,1742520381.8571203
1,115.626,1742520381.8571203
2,119.314,1742520381.8571203
3,108.706,1742520381.8571203
4,116.403,1742520381.8571203
5,118.731,1742520381.8571203
6,115.248,1742520381.8571203
7,121.899,1742520381.8571203
0,123.879,1742520381.9071865
1,115.626,1742520381.9071865
2,119.316,1742520381.9071865
3,104.274,1742520381.9071865
4,116.4,1742520381.9071865
5,118.731,1742520381.9071865
6,115.248,1742520381.9071865
7,121.899,1742520381.9071865
0,123.873,1742520381.9572525
1,115.708,1742520381.9572525
2,119.316,1742520381.9572525
3,104.274,1742520381.9572525
4,116.4,1742520381.9572525
5,118.681,1742520381.9572525
6,115.255,1742520381.9572525
7,121.894,1742520381.9572525
0,123.873,1742520382.0073192
1,115.708,1742520382.0073192
2,119.32,1742520382.0073192
3,99.524,1742520382.0073192
4,116.392,1742520382.0073192
5,118.681,1742520382.0073192
6,115.255,1742520382.0073192
7,121.894,1742520382.0073192
0,123.879,1742520382.0573862
1,115.659,1742520382.0573862
2,119.32,1742520382.0573862
3,99.524,1742520382.0573862
4,116.392,1742520382.0573862
5,118.688,1742520382.0573862
6,115.248,1742520382.0573862
7,121.875,1742520382.0573862
0,123.879,1742520382.1074524
1,115.659,1742520382.1074524
2,119.314,1742520382.1074524
3,94.219,1742520382.1074524
4,116.369,1742520382.1074524
5,118.688,1742520382.1074524
6,115.248,1742520382.1074524
7,121.875,1742520382.1074524
0,123.867,1742520382.157521
1,115.648,1742520382.157521
2,119.314,1742520382.157521
3,94.219,1742520382.157521
4,116.369,1742520382.157521
5,118.659,1742520382.157521
6,115.255,1742520382.157521
7,121.855,1742520382.157521
0,123.867,1742520382.2075882
1,115.648,1742520382.2075882
2,119.299,1742520382.2075882
3,89.33,1742520382.2075882
4,116.376,1742520382.2075882
5,118.659,1742520382.2075882
6,115.255,1742520382.2075882
7,121.855,1742520382.2075882
0,123.838,1742520382.2576532
1,115.69,1742520382.2576532
2,119.299,1742520382.2576532
3,89.33,1742520382.2576532
4,116.376,1742520382.2576532
5,118.663,1742520382.2576532
6,115.262,1742520382.2576532
7,121.842,1742520382.2576532
0,123.838,1742520382.3077197
1,115.69,1742520382.3077197
2,119.307,1742520382.3077197
3,84.43,1742520382.3077197
4,116.387,1742520382.3077197
5,118.663,1742520382.3077197
6,115.262,1742520382.3077197
7,121.842,1742520382.3077197
0,123.825,1742520382.3577857
1,115.614,1742520382.3577857
2,119.307,1742520382.3577857
3,84.43,1742520382.3577857
4,116.387,1742520382.3577857
5,118.656,1742520382.3577857
6,115.255,1742520382.3577857
7,121.854,1742520382.3577857
0,123.825,1742520382.4078512
1,115.614,1742520382.4078512
2,119.313,1742520382.4078512
3,79.481,1742520382.4078512
4,116.381,1742520382.4078512
5,118.656,1742520382.4078512
6,115.255,1742520382.4078512
7,121.854,1742520382.4078512
0,123.831,1742520382.45792
1,115.695,1742520382.45792
2,119.313,1742520382.45792
3,79.481,1742520382.45792
4,116.381,1742520382.45792
5,118.656,1742520382.45792
6,115.271,1742520382.45792
7,121.844,1742520382.45792
0,123.831,1742520382.5079868
1,115.695,1742520382.5079868
2,119.3,1742520382.5079868
3,74.561,1742520382.5079868
4,116.388,1742520382.5079868
5,118.656,1742520382.5079868
6,115.271,1742520382.5079868
7,121.844,1742520382.5079868
0,123.831,1742520382.5581183
1,115.585,1742520382.5581183
2,119.3,1742520382.5581183
3,74.561,1742520382.5581183
4,116.388,1742520382.5581183
5,118.653,1742520382.5581183
6,115.261,1742520382.5581183
7,121.848,1742520382.5581183
0,123.831,1742520382.6082535
1,115.585,1742520382.6082535
2,119.322,1742520382.6082535
3,72.985,1742520382.6082535
4,116.381,1742520382.6082535
5,118.653,1742520382.6082535
6,115.261,1742520382.6082535
7,121.848,1742520382.6082535
0,123.831,1742520382.6583865
1,115.695,1742520382.6583865
2,119.322,1742520382.6583865
3,72.985,1742520382.6583865
4,116.381,1742520382.6583865
5,118.67,1742520382.6583865
6,115.258,1742520382.6583865
7,121.818,1742520382.6583865
0,123.831,1742520382.7085211
1,115.695,1742520382.7085211
2,119.32,1742520382.7085211
3,72.805,1742520382.7085211
4,116.357,1742520382.7085211
5,118.67,1742520382.7085211
6,115.258,1742520382.7085211
7,121.818,1742520382.7085211
0,123.812,1742520382.7586544
1,115.594,1742520382.7586544
2,119.32,1742520382.7586544
3,72.805,1742520382.7586544
4,116.357,1742520382.7586544
5,118.677,1742520382.7586544
6,115.262,1742520382.7586544
7,121.818,1742520382.7586544
0,123.812,1742520382.808791
1,115.594,1742520382.808791
2,119.326,1742520382.808791
3,72.542,1742520382.808791
4,116.316,1742520382.808791
5,118.677,1742520382.808791
6,115.262,1742520382.808791
7,121.818,1742520382.808791
0,123.829,1742520382.858926
1,115.687,1742520382.858926
2,119.326,1742520382.858926
3,72.542,1742520382.858926
4,116.316,1742520382.858926
5,118.662,1742520382.858926
6,115.271,1742520382.858926
7,121.818,1742520382.858926
0,123.829,1742520382.909062
1,115.687,1742520382.909062
2,119.327,1742520382.909062
3,72.321,1742520382.909062
4,116.35,1742520382.909062
5,118.662,1742520382.909062
6,115.271,1742520382.909062
7,121.818,1742520382.909062
0,123.815,1742520382.959195
1,115.609,1742520382.959195
2,119.327,1742520382.959195
3,72.321,1742520382.959195
4,116.35,1742520382.959195
5,118.667,1742520382.959195
6,115.265,1742520382.959195
7,121.788,1742520382.959195
0,123.815,1742520383.009331
1,115.609,1742520383.009331
2,119.326,1742520383.009331
3,72.123,1742520383.009331
4,116.358,1742520383.009331
5,118.667,1742520383.009331
6,115.265,1742520383.009331
7,121.788,1742520383.009331
0,123.822,1742520383.0594685
1,115.647,1742520383.0594685
2,119.326,1742520383.0594685
3,72.123,1742520383.0594685
4,116.358,1742520383.0594685
5,118.661,1742520383.0594685
6,115.258,1742520383.0594685
7,121.781,1742520383.0594685
0,123.822,1742520383.109603
1,115.647,1742520383.109603
2,119.334,1742520383.109603
3,71.923,1742520383.109603
4,116.368,1742520383.109603
5,118.661,1742520383.109603
6,115.258,1742520383.109603
7,121.781,1742520383.109603
0,123.8,1742520383.159738
1,115.65,1742520383.159738
2,119.334,1742520383.159738
3,71.923,1742520383.159738
4,116.368,1742520383.159738
5,118.688,1742520383.159738
6,115.245,1742520383.159738
7,121.787,1742520383.159738
0,123.8,1742520383.2098665
1,115.65,1742520383.2098665
2,119.337,1742520383.2098665
3,71.726,1742520383.2098665
4,116.37,1742520383.2098665
5,118.688,1742520383.2098665
6,115.245,1742520383.2098665
7,121.787,1742520383.2098665
0,123.826,1742520383.2599945
1,115.621,1742520383.2599945
2,119.337,1742520383.2599945
3,71.726,1742520383.2599945
4,116.37,1742520383.2599945
5,118.676,1742520383.2599945
6,115.231,1742520383.2599945
7,121.789,1742520383.2599945
0,123.826,1742520383.3101215
1,115.621,1742520383.3101215
2,119.324,1742520383.3101215
3,71.555,1742520383.3101215
4,116.357,1742520383.3101215
5,118.676,1742520383.3101215
6,115.231,1742520383.3101215
7,121.789,1742520383.3101215
0,123.826,1742520383.3602579
1,115.676,1742520383.3602579
2,119.324,1742520383.3602579
3,71.555,1742520383.3602579
4,116.357,1742520383.3602579
5,118.699,1742520383.3602579
6,115.245,1742520383.3602579
7,121.783,1742520383.3602579
0,123.826,1742520383.4103792
1,115.676,1742520383.4103792
2,119.324,1742520383.4103792
3,71.428,1742520383.4103792
4,116.353,1742520383.4103792
5,118.699,1742520383.4103792
6,115.245,1742520383.4103792
7,121.783,1742520383.4103792
0,123.826,1742520383.4605033
1,115.585,1742520383.4605033
2,119.324,1742520383.4605033
3,71.428,1742520383.4605033
4,116.353,1742520383.4605033
5,118.686,1742520383.4605033
6,115.245,1742520383.4605033
7,121.774,1742520383.4605033
0,123.826,1742520383.5106375
1,115.585,1742520383.5106375
2,119.323,1742520383.5106375
3,71.26,1742520383.5106375
4,116.318,1742520383.5106375
5,118.686,1742520383.5106375
6,115.245,1742520383.5106375
7,121.774,1742520383.5106375
0,123.813,1742520383.5607724
1,115.688,1742520383.5607724
2,119.323,1742520383.5607724
3,71.26,1742520383.5607724
4,116.318,1742520383.5607724
5,118.704,1742520383.5607724
6,115.265,1742520383.5607724
7,121.798,1742520383.5607724
0,123.813,1742520383.6109064
1,115.688,1742520383.6109064
2,119.326,1742520383.6109064
3,71.129,1742520383.6109064
4,116.338,1742520383.6109064
5,118.704,1742520383.6109064
6,115.265,1742520383.6109064
7,121.798,1742520383.6109064
0,123.78,1742520383.661035
1,115.574,1742520383.661035
2,119.326,1742520383.661035
3,71.129,1742520383.661035
4,116.338,1742520383.661035
5,118.67,1742520383.661035
6,115.272,1742520383.661035
7,121.802,1742520383.661035
0,123.78,1742520383.7111592
1,115.574,1742520383.7111592
2,119.326,1742520383.7111592
3,70.999,1742520383.7111592
4,116.353,1742520383.7111592
5,118.67,1742520383.7111592
6,115.272,1742520383.7111592
7,121.802,1742520383.7111592
0,123.767,1742520383.7612946
1,115.685,1742520383.7612946
2,119.326,1742520383.7612946
3,70.999,1742520383.7612946
4,116.353,1742520383.7612946
5,118.693,1742520383.7612946
6,115.278,1742520383.7612946
7,121.802,1742520383.7612946
0,123.767,1742520383.8114395
1,115.685,1742520383.8114395
2,119.327,1742520383.8114395
3,70.897,1742520383.8114395
4,116.354,1742520383.8114395
5,118.693,1742520383.8114395
6,115.278,1742520383.8114395
7,121.802,1742520383.8114395
0,123.735,1742520383.8615737
1,115.586,1742520383.8615737
2,119.327,1742520383.8615737
3,70.897,1742520383.8615737
4,116.354,1742520383.8615737
5,118.674,1742520383.8615737
6,115.249,1742520383.8615737
7,121.809,1742520383.8615737
0,123.735,1742520383.9117072
1,115.586,1742520383.9117072
2,119.315,1742520383.9117072
3,70.795,1742520383.9117072
4,116.342,1742520383.9117072
5,118.674,1742520383.9117072
6,115.249,1742520383.9117072
7,121.809,1742520383.9117072
0,123.743,1742520383.9618413
1,115.681,1742520383.9618413
2,119.315,1742520383.9618413
3,70.795,1742520383.9618413
4,116.342,1742520383.9618413
5,118.683,1742520383.9618413
6,115.255,1742520383.9618413
7,121.804,1742520383.9618413
0,123.743,1742520384.011977
1,115.681,1742520384.011977
2,119.311,1742520384.011977
3,70.714,1742520384.011977
4,116.317,1742520384.011977
5,118.683,1742520384.011977
6,115.255,1742520384.011977
7,121.804,1742520384.011977
0,123.708,1742520384.0620975
1,115.609,1742520384.0620975
2,119.311,1742520384.0620975
3,70.714,1742520384.0620975
4,116.317,1742520384.0620975
5,118.67,1742520384.0620975
6,115.261,1742520384.0620975
7,121.804,1742520384.0620975
0,123.708,1742520384.1122518
1,115.609,1742520384.1122518
2,119.295,1742520384.1122518
3,70.666,1742520384.1122518
4,116.307,1742520384.1122518
5,118.67,1742520384.1122518
6,115.261,1742520384.1122518
7,121.804,1742520384.1122518
0,123.727,1742520384.1623847
1,115.611,1742520384.1623847
2,119.295,1742520384.1623847
3,70.666,1742520384.1623847
4,116.307,1742520384.1623847
5,118.662,1742520384.1623847
6,115.27,1742520384.1623847
7,121.797,1742520384.1623847
0,123.727,1742520384.2125185
1,115.611,1742520384.2125185
2,119.297,1742520384.2125185
3,70.593,1742520384.2125185
4,116.292,1742520384.2125185
5,118.662,1742520384.2125185
6,115.27,1742520384.2125185
7,121.797,1742520384.2125185
0,123.73,1742520384.2626543
1,115.63,1742520384.2626543
2,119.297,1742520384.2626543
3,70.593,1742520384.2626543
4,116.292,1742520384.2626543
5,118.662,1742520384.2626543
6,115.268,1742520384.2626543
7,121.818,1742520384.2626543
0,123.73,1742520384.3127875
1,115.63,1742520384.3127875
2,119.306,1742520384.3127875
3,70.546,1742520384.3127875
4,116.29,1742520384.3127875
5,118.662,1742520384.3127875
6,115.268,1742520384.3127875
7,121.818,1742520384.3127875
0,123.73,1742520384.3629117
1,115.579,1742520384.3629117
2,119.306,1742520384.3629117
3,70.546,1742520384.3629117
4,116.29,1742520384.3629117
5,118.643,1742520384.3629117
6,115.244,1742520384.3629117
7,121.796,1742520384.3629117
0,123.73,1742520384.4130325
1,115.579,1742520384.4130325
2,119.308,1742520384.4130325
3,70.494,1742520384.4130325
4,116.313,1742520384.4130325
5,118.643,1742520384.4130325
6,115.244,1742520384.4130325
7,121.796,1742520384.4130325
0,123.717,1742520384.463166
1,115.643,1742520384.463166
2,119.308,1742520384.463166
3,70.494,1742520384.463166
4,116.313,1742520384.463166
5,118.568,1742520384.463166
6,115.244,1742520384.463166
7,121.805,1742520384.463166
0,123.717,1742520384.5132997
1,115.643,1742520384.5132997
2,119.314,1742520384.5132997
3,70.469,1742520384.5132997
4,116.307,1742520384.5132997
5,118.568,1742520384.5132997
6,115.244,1742520384.5132997
7,121.805,1742520384.5132997
0,123.748,1742520384.5634341
1,115.543,1742520384.5634341
2,119.314,1742520384.5634341
3,70.469,1742520384.5634341
4,116.307,1742520384.5634341
5,118.458,1742520384.5634341
6,115.218,1742520384.5634341
7,121.769,1742520384.5634341
0,123.748,1742520384.6135573
1,115.543,1742520384.6135573
2,119.318,1742520384.6135573
3,70.443,1742520384.6135573
4,116.294,1742520384.6135573
5,118.458,1742520384.6135573
6,115.218,1742520384.6135573
7,121.769,1742520384.6135573
0,123.746,1742520384.663679
1,115.66,1742520384.663679
2,119.318,1742520384.663679
3,70.443,1742520384.663679
4,116.294,1742520384.663679
5,118.384,1742520384.663679
6,115.216,1742520384.663679
7,121.771,1742520384.663679
0,123.746,1742520384.7138855
1,115.66,1742520384.7138855
2,119.298,1742520384.7138855
3,70.456,1742520384.7138855
4,116.277,1742520384.7138855
5,118.384,1742520384.7138855
6,115.216,1742520384.7138855
7,121.771,1742520384.7138855
0,123.755,1742520384.7640193
1,115.536,1742520384.7640193
2,119.298,1742520384.7640193
3,70.456,1742520384.7640193
4,116.277,1742520384.7640193
5,118.282,1742520384.7640193
6,115.222,1742520384.7640193
7,121.763,1742520384.7640193
0,123.755,1742520384.8141532
1,115.536,1742520384.8141532
2,119.282,1742520384.8141532
3,70.454,1742520384.8141532
4,116.281,1742520384.8141532
5,118.282,1742520384.8141532
6,115.222,1742520384.8141532
7,121.763,1742520384.8141532
0,123.776,1742520384.8642871
1,115.622,1742520384.8642871
2,119.282,1742520384.8642871
3,70.454,1742520384.8642871
4,116.281,1742520384.8642871
5,118.201,1742520384.8642871
6,115.218,1742520384.8642871
7,121.758,1742520384.8642871
0,123.776,1742520384.914448
1,115.622,1742520384.914448
2,119.284,1742520384.914448
3,70.447,1742520384.914448
4,116.28,1742520384.914448
5,118.201,1742520384.914448
6,115.218,1742520384.914448
7,121.758,1742520384.914448
0,123.757,1742520384.9645824
1,115.507,1742520384.9645824
2,119.284,1742520384.9645824
3,70.447,1742520384.9645824
4,116.28,1742520384.9645824
5,118.07,1742520384.9645824
6,115.232,1742520384.9645824
7,121.757,1742520384.9645824
0,123.757,1742520385.0147133
1,115.507,1742520385.0147133
2,119.286,1742520385.0147133
3,70.433,1742520385.0147133
4,116.292,1742520385.0147133
5,118.07,1742520385.0147133
6,115.232,1742520385.0147133
7,121.757,1742520385.0147133
0,123.751,1742520385.0648496
1,115.592,1742520385.0648496
2,119.286,1742520385.0648496
3,70.433,1742520385.0648496
4,116.292,1742520385.0648496
5,118.003,1742520385.0648496
6,115.218,1742520385.0648496
7,121.777,1742520385.0648496
0,123.751,1742520385.1149845
1,115.592,1742520385.1149845
2,119.293,1742520385.1149845
3,70.44,1742520385.1149845
4,116.29,1742520385.1149845
5,118.003,1742520385.1149845
6,115.218,1742520385.1149845
7,121.777,1742520385.1149845
0,123.746,1742520385.1651192
1,115.535,1742520385.1651192
2,119.293,1742520385.1651192
3,70.44,1742520385.1651192
4,116.29,1742520385.1651192
5,117.894,1742520385.1651192
6,115.218,1742520385.1651192
7,121.752,1742520385.1651192
0,123.746,1742520385.2152543
1,115.535,1742520385.2152543
2,119.293,1742520385.2152543
3,70.427,1742520385.2152543
4,116.29,1742520385.2152543
5,117.894,1742520385.2152543
6,115.218,1742520385.2152543
7,121.752,1742520385.2152543
0,123.741,1742520385.265391
1,115.571,1742520385.265391
2,119.293,1742520385.265391
3,70.427,1742520385.265391
4,116.29,1742520385.265391
5,117.852,1742520385.265391
6,115.212,1742520385.265391
7,121.723,1742520385.265391
0,123.741,1742520385.3155286
1,115.571,1742520385.3155286
2,119.281,1742520385.3155286
3,70.429,1742520385.3155286
4,116.287,1742520385.3155286
5,117.852,1742520385.3155286
6,115.212,1742520385.3155286
7,121.723,1742520385.3155286
0,123.745,1742520385.3656569
1,115.571,1742520385.3656569
2,119.281,1742520385.3656569
3,70.429,1742520385.3656569
4,116.287,1742520385.3656569
5,117.746,1742520385.3656569
6,115.225,1742520385.3656569
7,121.722,1742520385.3656569
0,123.745,1742520385.4157922
1,115.571,1742520385.4157922
2,119.261,1742520385.4157922
3,70.442,1742520385.4157922
4,116.282,1742520385.4157922
5,117.746,1742520385.4157922
6,115.225,1742520385.4157922
7,121.722,1742520385.4157922
0,123.739,1742520385.4659183
1,115.557,1742520385.4659183
2,119.261,1742520385.4659183
3,70.442,1742520385.4659183
4,116.282,1742520385.4659183
5,117.758,1742520385.4659183
6,115.236,1742520385.4659183
7,121.716,1742520385.4659183
0,123.739,1742520385.5160396
1,115.557,1742520385.5160396
2,119.246,1742520385.5160396
3,70.426,1742520385.5160396
4,116.28,1742520385.5160396
5,117.758,1742520385.5160396
6,115.236,1742520385.5160396
7,121.716,1742520385.5160396
0,123.712,1742520385.5661414
1,115.55,1742520385.5661414
2,119.246,1742520385.5661414
3,70.426,1742520385.5661414
4,116.28,1742520385.5661414
5,117.753,1742520385.5661414
6,115.225,1742520385.5661414
7,121.722,1742520385.5661414
0,123.712,1742520385.6162713
1,115.55,1742520385.6162713
2,119.251,1742520385.6162713
3,70.422,1742520385.6162713
4,116.292,1742520385.6162713
5,117.753,1742520385.6162713
6,115.225,1742520385.6162713
7,121.722,1742520385.6162713
0,123.725,1742520385.6664052
1,115.503,1742520385.6664052
2,119.251,1742520385.6664052
3,70.422,1742520385.6664052
4,116.292,1742520385.6664052
5,117.76,1742520385.6664052
6,115.229,1742520385.6664052
7,121.722,1742520385.6664052
0,123.725,1742520385.7165318
1,115.503,1742520385.7165318
2,119.257,1742520385.7165318
3,70.396,1742520385.7165318
4,116.302,1742520385.7165318
5,117.76,1742520385.7165318
6,115.229,1742520385.7165318
7,121.722,1742520385.7165318
0,123.717,1742520385.7666645
1,115.576,1742520385.7666645
2,119.257,1742520385.7666645
3,70.396,1742520385.7666645
4,116.302,1742520385.7666645
5,117.78,1742520385.7666645
6,115.192,1742520385.7666645
7,121.716,1742520385.7666645
0,123.717,1742520385.8168848
1,115.576,1742520385.8168848
2,119.256,1742520385.8168848
3,70.389,1742520385.8168848
4,116.323,1742520385.8168848
5,117.78,1742520385.8168848
6,115.192,1742520385.8168848
7,121.716,1742520385.8168848
0,123.707,1742520385.8670912
1,115.477,1742520385.8670912
2,119.256,1742520385.8670912
3,70.389,1742520385.8670912
4,116.323,1742520385.8670912
5,117.772,1742520385.8670912
6,115.205,1742520385.8670912
7,121.728,1742520385.8670912
0,123.707,1742520385.917339
1,115.477,1742520385.917339
2,119.243,1742520385.917339
3,70.376,1742520385.917339
4,116.33,1742520385.917339
5,117.772,1742520385.917339
6,115.205,1742520385.917339
7,121.728,1742520385.917339
0,123.692,1742520385.9674554
1,115.585,1742520385.9674554
2,119.243,1742520385.9674554
3,70.376,1742520385.9674554
4,116.33,1742520385.9674554
5,117.8,1742520385.9674554
6,115.177,1742520385.9674554
7,121.702,1742520385.9674554
0,123.692,1742520386.0175786
1,115.585,1742520386.0175786
2,119.25,1742520386.0175786
3,70.383,1742520386.0175786
4,116.311,1742520386.0175786
5,117.8,1742520386.0175786
6,115.177,1742520386.0175786
7,121.702,1742520386.0175786
0,123.705,1742520386.067704
1,115.467,1742520386.067704
2,119.25,1742520386.067704
3,70.383,1742520386.067704
4,116.311,1742520386.067704
5,117.779,1742520386.067704
6,115.197,1742520386.067704
7,121.682,1742520386.067704
0,123.705,1742520386.1178257
1,115.467,1742520386.1178257
2,119.238,1742520386.1178257
3,70.389,1742520386.1178257
4,116.341,1742520386.1178257
5,117.779,1742520386.1178257
6,115.197,1742520386.1178257
7,121.682,1742520386.1178257
0,123.684,1742520386.1679602
1,115.577,1742520386.1679602
2,119.238,1742520386.1679602
3,70.389,1742520386.1679602
4,116.341,1742520386.1679602
5,117.8,1742520386.1679602
6,115.21,1742520386.1679602
7,121.69,1742520386.1679602
0,123.684,1742520386.2180948
1,115.577,1742520386.2180948
2,119.231,1742520386.2180948
3,70.389,1742520386.2180948
4,116.347,1742520386.2180948
5,117.8,1742520386.2180948
6,115.21,1742520386.2180948
7,121.69,1742520386.2180948
0,123.649,1742520386.2682307
1,115.467,1742520386.2682307
2,119.231,1742520386.2682307
3,70.389,1742520386.2682307
4,116.347,1742520386.2682307
5,117.785,1742520386.2682307
6,115.192,1742520386.2682307
7,121.684,1742520386.2682307
0,123.649,1742520386.3183653
1,115.467,1742520386.3183653
2,119.233,1742520386.3183653
3,70.386,1742520386.3183653
4,116.345,1742520386.3183653
5,117.785,1742520386.3183653
6,115.192,1742520386.3183653
7,121.684,1742520386.3183653
0,123.675,1742520386.3685048
1,115.533,1742520386.3685048
2,119.233,1742520386.3685048
3,70.386,1742520386.3685048
4,116.345,1742520386.3685048
5,117.807,1742520386.3685048
6,115.184,1742520386.3685048
7,121.691,1742520386.3685048
0,123.675,1742520386.4186392
1,115.533,1742520386.4186392
2,119.226,1742520386.4186392
3,70.386,1742520386.4186392
4,116.336,1742520386.4186392
5,117.807,1742520386.4186392
6,115.184,1742520386.4186392
7,121.691,1742520386.4186392
0,123.688,1742520386.4687972
1,115.506,1742520386.4687972
2,119.226,1742520386.4687972
3,70.386,1742520386.4687972
4,116.336,1742520386.4687972
5,117.758,1742520386.4687972
6,115.146,1742520386.4687972
7,121.698,1742520386.4687972
0,123.688,1742520386.5189207
1,115.506,1742520386.5189207
2,119.226,1742520386.5189207
3,70.386,1742520386.5189207
4,116.36,1742520386.5189207
5,117.758,1742520386.5189207
6,115.146,1742520386.5189207
7,121.698,1742520386.5189207
0,123.699,1742520386.5690541
1,115.527,1742520386.5690541
2,119.226,1742520386.5690541
3,70.386,1742520386.5690541
4,116.36,1742520386.5690541
5,117.779,1742520386.5690541
6,115.165,1742520386.5690541
7,121.685,1742520386.5690541
0,123.699,1742520386.6191869
1,115.527,1742520386.6191869
2,119.213,1742520386.6191869
3,70.399,1742520386.6191869
4,116.353,1742520386.6191869
5,117.779,1742520386.6191869
6,115.165,1742520386.6191869
7,121.685,1742520386.6191869
0,123.699,1742520386.669322
1,115.566,1742520386.669322
2,119.213,1742520386.669322
3,70.399,1742520386.669322
4,116.353,1742520386.669322
5,117.746,1742520386.669322
6,115.166,1742520386.669322
7,121.677,1742520386.669322
0,123.699,1742520386.719459
1,115.566,1742520386.719459
2,119.204,1742520386.719459
3,70.399,1742520386.719459
4,116.327,1742520386.719459
5,117.746,1742520386.719459
6,115.166,1742520386.719459
7,121.677,1742520386.719459
0,123.66,1742520386.769593
1,115.512,1742520386.769593
2,119.204,1742520386.769593
3,70.412,1742520386.769593
4,116.327,1742520386.769593
5,117.737,1742520386.769593
6,115.179,1742520386.769593
7,121.677,1742520386.769593
0,123.66,1742520386.8197296
1,115.512,1742520386.8197296
2,119.205,1742520386.8197296
3,70.412,1742520386.8197296
4,116.308,1742520386.8197296
5,117.737,1742520386.8197296
6,115.179,1742520386.8197296
7,121.677,1742520386.8197296
0,123.654,1742520386.8698633
1,115.586,1742520386.8698633
2,119.205,1742520386.8698633
3,70.426,1742520386.8698633
4,116.308,1742520386.8698633
5,117.719,1742520386.8698633
6,115.184,1742520386.8698633
7,121.697,1742520386.8698633
0,123.654,1742520386.92
1,115.586,1742520386.92
2,119.205,1742520386.92
3,70.426,1742520386.92
4,116.315,1742520386.92
5,117.719,1742520386.92
6,115.184,1742520386.92
7,121.697,1742520386.92
0,123.628,1742520386.9701226
1,115.492,1742520386.9701226
2,119.205,1742520386.9701226
3,70.439,1742520386.9701226
4,116.315,1742520386.9701226
5,117.74,1742520386.9701226
6,115.192,1742520386.9701226
7,121.717,1742520386.9701226
0,123.628,1742520387.0202441
1,115.492,1742520387.0202441
2,119.21,1742520387.0202441
3,70.439,1742520387.0202441
4,116.314,1742520387.0202441
5,117.74,1742520387.0202441
6,115.192,1742520387.0202441
7,121.717,1742520387.0202441
0,123.628,1742520387.0703683
1,115.607,1742520387.0703683
2,119.21,1742520387.0703683
3,70.425,1742520387.0703683
4,116.314,1742520387.0703683
5,117.724,1742520387.0703683
6,115.166,1742520387.0703683
7,121.717,1742520387.0703683
0,123.628,1742520387.1204925
1,115.607,1742520387.1204925
2,119.202,1742520387.1204925
3,70.425,1742520387.1204925
4,116.325,1742520387.1204925
5,117.724,1742520387.1204925
6,115.166,1742520387.1204925
7,121.717,1742520387.1204925
0,123.642,1742520387.1706254
1,115.506,1742520387.1706254
2,119.202,1742520387.1706254
3,70.421,1742520387.1706254
4,116.325,1742520387.1706254
5,117.724,1742520387.1706254
6,115.172,1742520387.1706254
7,121.704,1742520387.1706254
0,123.642,1742520387.2207525
1,115.506,1742520387.2207525
2,119.214,1742520387.2207525
3,70.421,1742520387.2207525
4,116.323,1742520387.2207525
5,117.724,1742520387.2207525
6,115.172,1742520387.2207525
7,121.704,1742520387.2207525
0,123.644,1742520387.2708743
1,115.594,1742520387.2708743
2,119.214,1742520387.2708743
3,70.419,1742520387.2708743
4,116.323,1742520387.2708743
5,117.713,1742520387.2708743
6,115.166,1742520387.2708743
7,121.729,1742520387.2708743
0,123.644,1742520387.3210099
1,115.594,1742520387.3210099
2,119.223,1742520387.3210099
3,70.419,1742520387.3210099
4,116.329,1742520387.3210099
5,117.713,1742520387.3210099
6,115.166,1742520387.3210099
7,121.729,1742520387.3210099
0,123.637,1742520387.3711326
1,115.501,1742520387.3711326
2,119.223,1742520387.3711326
3,70.408,1742520387.3711326
4,116.329,1742520387.3711326
5,117.706,1742520387.3711326
6,115.171,1742520387.3711326
7,121.691,1742520387.3711326
0,123.637,1742520387.4212542
1,115.501,1742520387.4212542
2,119.223,1742520387.4212542
3,70.408,1742520387.4212542
4,116.323,1742520387.4212542
5,117.706,1742520387.4212542
6,115.171,1742520387.4212542
7,121.691,1742520387.4212542
0,123.591,1742520387.4713802
1,115.574,1742520387.4713802
2,119.224,1742520387.4713802
3,70.389,1742520387.4713802
4,116.323,1742520387.4713802
5,117.713,1742520387.4713802
6,115.185,1742520387.4713802
7,121.665,1742520387.4713802
0,123.591,1742520387.5215056
1,115.574,1742520387.5215056
2,119.224,1742520387.5215056
3,70.389,1742520387.5215056
4,116.318,1742520387.5215056
5,117.713,1742520387.5215056
6,115.185,1742520387.5215056
7,121.665,1742520387.5215056
0,123.568,1742520387.5716395
1,115.56,1742520387.5716395
2,119.233,1742520387.5716395
3,70.408,1742520387.5716395
4,116.318,1742520387.5716395
5,117.706,1742520387.5716395
6,115.193,1742520387.5716395
7,121.652,1742520387.5716395
0,123.568,1742520387.6217866
1,115.56,1742520387.6217866
2,119.237,1742520387.6217866
3,70.408,1742520387.6217866
4,116.298,1742520387.6217866
5,117.706,1742520387.6217866
6,115.193,1742520387.6217866
7,121.652,1742520387.6217866
0,123.559,1742520387.6719203
1,115.542,1742520387.6719203
2,119.237,1742520387.6719203
3,70.409,1742520387.6719203
4,116.298,1742520387.6719203
5,117.714,1742520387.6719203
6,115.198,1742520387.6719203
7,121.659,1742520387.6719203
0,123.559,1742520387.7220542
1,115.542,1742520387.7220542
2,119.244,1742520387.7220542
3,70.409,1742520387.7220542
4,116.312,1742520387.7220542
5,117.714,1742520387.7220542
6,115.198,1742520387.7220542
7,121.659,1742520387.7220542
0,123.559,1742520387.7721858
1,115.548,1742520387.7721858
2,119.244,1742520387.7721858
3,70.403,1742520387.7721858
4,116.312,1742520387.7721858
5,117.692,1742520387.7721858
6,115.166,1742520387.7721858
7,121.672,1742520387.7721858
0,123.559,1742520387.8223226
1,115.548,1742520387.8223226
2,119.244,1742520387.8223226
3,70.403,1742520387.8223226
4,116.337,1742520387.8223226
5,117.692,1742520387.8223226
6,115.166,1742520387.8223226
7,121.672,1742520387.8223226
0,123.536,1742520387.8724587
1,115.493,1742520387.8724587
2,119.251,1742520387.8724587
3,70.38,1742520387.8724587
4,116.337,1742520387.8724587
5,117.717,1742520387.8724587
6,115.159,1742520387.8724587
7,121.652,1742520387.8724587
0,123.536,1742520387.9225934
1,115.493,1742520387.9225934
2,119.251,1742520387.9225934
3,70.38,1742520387.9225934
4,116.34,1742520387.9225934
5,117.717,1742520387.9225934
6,115.159,1742520387.9225934
7,121.652,1742520387.9225934
0,123.54,1742520387.9727333
1,115.581,1742520387.9727333
2,119.253,1742520387.9727333
3,70.377,1742520387.9727333
4,116.34,1742520387.9727333
5,117.686,1742520387.9727333
6,115.165,1742520387.9727333
7,121.639,1742520387.9727333
0,123.54,1742520388.0228543
1,115.581,1742520388.0228543
2,119.253,1742520388.0228543
3,70.377,1742520388.0228543
4,116.343,1742520388.0228543
5,117.686,1742520388.0228543
6,115.165,1742520388.0228543
7,121.639,1742520388.0228543
0,123.524,1742520388.0729957
1,115.471,1742520388.0729957
2,119.261,1742520388.0729957
3,70.374,1742520388.0729957
4,116.343,1742520388.0729957
5,117.688,1742520388.0729957
6,115.171,1742520388.0729957
7,121.631,1742520388.0729957
0,123.524,1742520388.1231244
1,115.471,1742520388.1231244
2,119.261,1742520388.1231244
3,70.374,1742520388.1231244
4,116.289,1742520388.1231244
5,117.688,1742520388.1231244
6,115.171,1742520388.1231244
7,121.631,1742520388.1231244
0,123.527,1742520388.1732602
1,115.577,1742520388.1732602
2,119.252,1742520388.1732602
3,70.384,1742520388.1732602
4,116.289,1742520388.1732602
5,117.667,1742520388.1732602
6,115.184,1742520388.1732602
7,121.626,1742520388.1732602
0,123.527,1742520388.2233968
1,115.577,1742520388.2233968
2,119.252,1742520388.2233968
3,70.384,1742520388.2233968
4,116.293,1742520388.2233968
5,117.667,1742520388.2233968
6,115.184,1742520388.2233968
7,121.626,1742520388.2233968
0,123.545,1742520388.2735357
1,115.458,1742520388.2735357
2,119.251,1742520388.2735357
3,70.387,1742520388.2735357
4,116.293,1742520388.2735357
5,117.674,1742520388.2735357
6,115.191,1742520388.2735357
7,121.591,1742520388.2735357
0,123.545,1742520388.3236635
1,115.458,1742520388.3236635
2,119.251,1742520388.3236635
3,70.387,1742520388.3236635
4,116.275,1742520388.3236635
5,117.674,1742520388.3236635
6,115.191,1742520388.3236635
7,121.591,1742520388.3236635
0,123.539,1742520388.373788
1,115.544,1742520388.373788
2,119.239,1742520388.373788
3,70.38,1742520388.373788
4,116.275,1742520388.373788
5,117.667,1742520388.373788
6,115.199,1742520388.373788
7,121.617,1742520388.373788
0,123.539,1742520388.423926
1,115.544,1742520388.423926
2,119.239,1742520388.423926
3,70.38,1742520388.423926
4,116.282,1742520388.423926
5,117.667,1742520388.423926
6,115.199,1742520388.423926
7,121.617,1742520388.423926
0,123.561,1742520388.4740965
1,115.45,1742520388.4740965
2,119.23,1742520388.4740965
3,70.387,1742520388.4740965
4,116.282,1742520388.4740965
5,117.674,1742520388.4740965
6,115.179,1742520388.4740965
7,121.624,1742520388.4740965
0,123.561,1742520388.5242312
1,115.45,1742520388.5242312
2,119.23,1742520388.5242312
3,70.387,1742520388.5242312
4,116.307,1742520388.5242312
5,117.674,1742520388.5242312
6,115.179,1742520388.5242312
7,121.624,1742520388.5242312
0,123.557,1742520388.5743666
1,115.518,1742520388.5743666
2,119.235,1742520388.5743666
3,70.383,1742520388.5743666
4,116.307,1742520388.5743666
5,117.668,1742520388.5743666
6,115.172,1742520388.5743666
7,121.631,1742520388.5743666
0,123.557,1742520388.6245008
1,115.518,1742520388.6245008
2,119.235,1742520388.6245008
3,70.383,1742520388.6245008
4,116.297,1742520388.6245008
5,117.668,1742520388.6245008
6,115.172,1742520388.6245008
7,121.631,1742520388.6245008
0,123.566,1742520388.674634
1,115.479,1742520388.674634
2,119.242,1742520388.674634
3,70.36,1742520388.674634
4,116.297,1742520388.674634
5,117.666,1742520388.674634
6,115.179,1742520388.674634
7,121.625,1742520388.674634
0,123.566,1742520388.7247684
1,115.479,1742520388.7247684
2,119.242,1742520388.7247684
3,70.36,1742520388.7247684
4,116.315,1742520388.7247684
5,117.666,1742520388.7247684
6,115.179,1742520388.7247684
7,121.625,1742520388.7247684
0,123.578,1742520388.7749035
1,115.521,1742520388.7749035
2,119.246,1742520388.7749035
3,70.366,1742520388.7749035
4,116.315,1742520388.7749035
5,117.682,1742520388.7749035
6,115.197,1742520388.7749035
7,121.626,1742520388.7749035
0,123.578,1742520388.8250377
1,115.521,1742520388.8250377
2,119.246,1742520388.8250377
3,70.366,1742520388.8250377
4,116.275,1742520388.8250377
5,117.682,1742520388.8250377
6,115.197,1742520388.8250377
7,121.626,1742520388.8250377
0,123.591,1742520388.8751726
1,115.466,1742520388.8751726
2,119.247,1742520388.8751726
3,70.386,1742520388.8751726
4,116.275,1742520388.8751726
5,117.688,1742520388.8751726
6,115.212,1742520388.8751726
7,121.607,1742520388.8751726
0,123.591,1742520388.9252608
1,115.466,1742520388.9252608
2,119.247,1742520388.9252608
3,70.386,1742520388.9252608
4,116.285,1742520388.9252608
5,117.688,1742520388.9252608
6,115.212,1742520388.9252608
7,121.607,1742520388.9252608
0,123.591,1742520388.9753964
1,115.458,1742520388.9753964
2,119.244,1742520388.9753964
3,70.379,1742520388.9753964
4,116.285,1742520388.9753964
5,117.692,1742520388.9753964
6,115.219,1742520388.9753964
7,121.6,1742520388.9753964
0,123.591,1742520389.0255291
1,115.458,1742520389.0255291
2,119.244,1742520389.0255291
3,70.379,1742520389.0255291
4,116.277,1742520389.0255291
5,117.692,1742520389.0255291
6,115.219,1742520389.0255291
7,121.6,1742520389.0255291
0,123.598,1742520389.0756621
1,115.465,1742520389.0756621
2,119.241,1742520389.0756621
3,70.357,1742520389.0756621
4,116.277,1742520389.0756621
5,117.664,1742520389.0756621
6,115.199,1742520389.0756621
7,121.589,1742520389.0756621
0,123.598,1742520389.1258142
1,115.465,1742520389.1258142
2,119.241,1742520389.1258142
3,70.357,1742520389.1258142
4,116.285,1742520389.1258142
5,117.664,1742520389.1258142
6,115.199,1742520389.1258142
7,121.589,1742520389.1258142
0,123.604,1742520389.1759377
1,115.416,1742520389.1759377
2,119.24,1742520389.1759377
3,70.37,1742520389.1759377
4,116.285,1742520389.1759377
5,117.686,1742520389.1759377
6,115.172,1742520389.1759377
7,121.612,1742520389.1759377
0,123.604,1742520389.2260935
1,115.416,1742520389.2260935
2,119.24,1742520389.2260935
3,70.37,1742520389.2260935
4,116.316,1742520389.2260935
5,117.686,1742520389.2260935
6,115.172,1742520389.2260935
7,121.612,1742520389.2260935
0,123.592,1742520389.2762246
1,115.508,1742520389.2762246
2,119.238,1742520389.2762246
3,70.35,1742520389.2762246
4,116.316,1742520389.2762246
5,117.665,1742520389.2762246
6,115.171,1742520389.2762246
7,121.625,1742520389.2762246
0,123.592,1742520389.3263593
1,115.508,1742520389.3263593
2,119.238,1742520389.3263593
3,70.35,1742520389.3263593
4,116.32,1742520389.3263593
5,117.665,1742520389.3263593
6,115.171,1742520389.3263593
7,121.625,1742520389.3263593
0,123.586,1742520389.3764951
1,115.429,1742520389.3764951
2,119.233,1742520389.3764951
3,70.351,1742520389.3764951
4,116.32,1742520389.3764951
5,117.686,1742520389.3764951
6,115.178,1742520389.3764951
7,121.6,1742520389.3764951
0,123.586,1742520389.4266298
1,115.429,1742520389.4266298
2,119.233,1742520389.4266298
3,70.351,1742520389.4266298
4,116.319,1742520389.4266298
5,117.686,1742520389.4266298
6,115.178,1742520389.4266298
7,121.6,1742520389.4266298
0,123.578,1742520389.476749
1,115.55,1742520389.476749
2,119.239,1742520389.476749
3,70.357,1742520389.476749
4,116.319,1742520389.476749
5,117.645,1742520389.476749
6,115.184,1742520389.476749
7,121.593,1742520389.476749
0,123.578,1742520389.526881
1,115.55,1742520389.526881
2,119.239,1742520389.526881
3,70.357,1742520389.526881
4,116.312,1742520389.526881
5,117.645,1742520389.526881
6,115.184,1742520389.526881
7,121.593,1742520389.526881
0,123.586,1742520389.5770102
1,115.436,1742520389.5770102
2,119.229,1742520389.5770102
3,70.353,1742520389.5770102
4,116.312,1742520389.5770102
5,117.673,1742520389.5770102
6,115.184,1742520389.5770102
7,121.567,1742520389.5770102
0,123.586,1742520389.6271427
1,115.436,1742520389.6271427
2,119.229,1742520389.6271427
3,70.353,1742520389.6271427
4,116.309,1742520389.6271427
5,117.673,1742520389.6271427
6,115.209,1742520389.6271427
7,121.567,1742520389.6271427
0,123.581,1742520389.6772778
1,115.521,1742520389.6772778
2,119.22,1742520389.6772778
3,70.371,1742520389.6772778
4,116.309,1742520389.6772778
5,117.652,1742520389.6772778
6,115.209,1742520389.6772778
7,121.567,1742520389.6772778
0,123.581,1742520389.7274117
1,115.521,1742520389.7274117
2,119.22,1742520389.7274117
3,70.371,1742520389.7274117
4,116.285,1742520389.7274117
5,117.652,1742520389.7274117
6,115.203,1742520389.7274117
7,121.567,1742520389.7274117
0,123.594,1742520389.7775471
1,115.467,1742520389.7775471
2,119.209,1742520389.7775471
3,70.371,1742520389.7775471
4,116.285,1742520389.7775471
5,117.673,1742520389.7775471
6,115.203,1742520389.7775471
7,121.554,1742520389.7775471
0,123.594,1742520389.8276818
1,115.467,1742520389.8276818
2,119.209,1742520389.8276818
3,70.371,1742520389.8276818
4,116.3,1742520389.8276818
5,117.673,1742520389.8276818
6,115.166,1742520389.8276818
7,121.554,1742520389.8276818
0,123.602,1742520389.877822
1,115.514,1742520389.877822
2,119.206,1742520389.877822
3,70.371,1742520389.877822
4,116.3,1742520389.877822
5,117.646,1742520389.877822
6,115.166,1742520389.877822
7,121.566,1742520389.877822
0,123.602,1742520389.9279537
1,115.514,1742520389.9279537
2,119.206,1742520389.9279537
3,70.371,1742520389.9279537
4,116.32,1742520389.9279537
5,117.646,1742520389.9279537
6,115.145,1742520389.9279537
7,121.566,1742520389.9279537
0,123.628,1742520389.9780748
1,115.497,1742520389.9780748
2,119.198,1742520389.9780748
3,70.361,1742520389.9780748
4,116.32,1742520389.9780748
5,117.655,1742520389.9780748
6,115.145,1742520389.9780748
7,121.579,1742520389.9780748
0,123.628,1742520390.0281982
1,115.497,1742520390.0281982
2,119.198,1742520390.0281982
3,70.361,1742520390.0281982
4,116.339,1742520390.0281982
5,117.655,1742520390.0281982
6,115.127,1742520390.0281982
7,121.579,1742520390.0281982
0,123.613,1742520390.0783286
1,115.507,1742520390.0783286
2,119.182,1742520390.0783286
3,70.367,1742520390.0783286
4,116.339,1742520390.0783286
5,117.652,1742520390.0783286
6,115.127,1742520390.0783286
7,121.565,1742520390.0783286
0,123.613,1742520390.1284578
1,115.507,1742520390.1284578
2,119.182,1742520390.1284578
3,70.367,1742520390.1284578
4,116.349,1742520390.1284578
5,117.652,1742520390.1284578
6,115.139,1742520390.1284578
7,121.565,1742520390.1284578
0,123.586,1742520390.178589
1,115.528,1742520390.178589
2,119.161,1742520390.178589
3,70.367,1742520390.178589
4,116.349,1742520390.178589
5,117.667,1742520390.178589
6,115.14,1742520390.178589
7,121.539,1742520390.178589
0,123.586,1742520390.228723
1,115.528,1742520390.228723
2,119.161,1742520390.228723
3,70.367,1742520390.228723
4,116.344,1742520390.228723
5,117.667,1742520390.228723
6,115.14,1742520390.228723
7,121.539,1742520390.228723
0,123.565,1742520390.2788935
1,115.464,1742520390.2788935
2,119.169,1742520390.2788935
3,70.365,1742520390.2788935
4,116.344,1742520390.2788935
5,117.69,1742520390.2788935
6,115.147,1742520390.2788935
7,121.548,1742520390.2788935
0,123.565,1742520390.3290248
1,115.464,1742520390.3290248
2,119.169,1742520390.3290248
3,70.365,1742520390.3290248
4,116.333,1742520390.3290248
5,117.69,1742520390.3290248
6,115.147,1742520390.3290248
7,121.548,1742520390.3290248
0,123.558,1742520390.3791542
1,115.546,1742520390.3791542
2,119.17,1742520390.3791542
3,70.374,1742520390.3791542
4,116.333,1742520390.3791542
5,117.676,1742520390.3791542
6,115.127,1742520390.3791542
7,121.526,1742520390.3791542
0,123.558,1742520390.4292872
1,115.546,1742520390.4292872
2,119.17,1742520390.4292872
3,70.374,1742520390.4292872
4,116.308,1742520390.4292872
5,117.676,1742520390.4292872
6,115.127,1742520390.4292872
7,121.526,1742520390.4292872
0,123.558,1742520390.4794214
1,115.444,1742520390.4794214
2,119.17,1742520390.4794214
3,70.359,1742520390.4794214
4,116.308,1742520390.4794214
5,117.673,1742520390.4794214
6,115.101,1742520390.4794214
7,121.513,1742520390.4794214
0,123.558,1742520390.5295563
1,115.444,1742520390.5295563
2,119.17,1742520390.5295563
3,70.359,1742520390.5295563
4,116.295,1742520390.5295563
5,117.673,1742520390.5295563
6,115.101,1742520390.5295563
7,121.513,1742520390.5295563
0,123.552,1742520390.5796783
1,115.539,1742520390.5796783
2,119.154,1742520390.5796783
3,70.346,1742520390.5796783
4,116.295,1742520390.5796783
5,117.64,1742520390.5796783
6,115.101,1742520390.5796783
7,121.539,1742520390.5796783
0,123.552,1742520390.6298099
1,115.539,1742520390.6298099
2,119.154,1742520390.6298099
3,70.346,1742520390.6298099
4,116.302,1742520390.6298099
5,117.64,1742520390.6298099
6,115.074,1742520390.6298099
7,121.539,1742520390.6298099
0,123.552,1742520390.6799424
1,115.417,1742520390.6799424
2,119.147,1742520390.6799424
3,70.352,1742520390.6799424
4,116.302,1742520390.6799424
5,117.624,1742520390.6799424
6,115.074,1742520390.6799424
7,121.535,1742520390.6799424
0,123.552,1742520390.730077
1,115.417,1742520390.730077
2,119.147,1742520390.730077
3,70.352,1742520390.730077
4,116.298,1742520390.730077
5,117.624,1742520390.730077
6,115.062,1742520390.730077
7,121.535,1742520390.730077
0,123.531,1742520390.7802005
1,115.526,1742520390.7802005
2,119.153,1742520390.7802005
3,70.359,1742520390.7802005
4,116.298,1742520390.7802005
5,117.605,1742520390.7802005
6,115.062,1742520390.7802005
7,121.532,1742520390.7802005
0,123.531,1742520390.8303204
1,115.526,1742520390.8303204
2,119.153,1742520390.8303204
3,70.359,1742520390.8303204
4,116.299,1742520390.8303204
5,117.605,1742520390.8303204
6,115.081,1742520390.8303204
7,121.532,1742520390.8303204
0,123.524,1742520390.8804514
1,115.431,1742520390.8804514
2,119.155,1742520390.8804514
3,70.359,1742520390.8804514
4,116.299,1742520390.8804514
5,117.624,1742520390.8804514
6,115.081,1742520390.8804514
7,121.516,1742520390.8804514
0,123.524,1742520390.9305696
1,115.431,1742520390.9305696
2,119.155,1742520390.9305696
3,70.359,1742520390.9305696
4,116.26,1742520390.9305696
5,117.624,1742520390.9305696
6,115.107,1742520390.9305696
7,121.516,1742520390.9305696
0,123.516,1742520390.9806902
1,115.491,1742520390.9806902
2,119.149,1742520390.9806902
3,70.378,1742520390.9806902
4,116.26,1742520390.9806902
5,117.591,1742520390.9806902
6,115.107,1742520390.9806902
7,121.49,1742520390.9806902
0,123.516,1742520391.0308216
1,115.491,1742520391.0308216
2,119.149,1742520391.0308216
3,70.378,1742520391.0308216
4,116.262,1742520391.0308216
5,117.591,1742520391.0308216
6,115.139,1742520391.0308216
7,121.49,1742520391.0308216
0,123.524,1742520391.080956
1,115.474,1742520391.080956
2,119.166,1742520391.080956
3,70.378,1742520391.080956
4,116.262,1742520391.080956
5,117.584,1742520391.080956
6,115.139,1742520391.080956
7,121.49,1742520391.080956
0,123.524,1742520391.13109
1,115.474,1742520391.13109
2,119.166,1742520391.13109
3,70.378,1742520391.13109
4,116.247,1742520391.13109
5,117.584,1742520391.13109
6,115.158,1742520391.13109
7,121.49,1742520391.13109
0,123.557,1742520391.181222
1,115.468,1742520391.181222
2,119.18,1742520391.181222
3,70.371,1742520391.181222
4,116.247,1742520391.181222
5,117.577,1742520391.181222
6,115.158,1742520391.181222
7,121.503,1742520391.181222
0,123.557,1742520391.231342
1,115.468,1742520391.231342
2,119.18,1742520391.231342
3,70.371,1742520391.231342
4,116.253,1742520391.231342
5,117.577,1742520391.231342
6,115.159,1742520391.231342
7,121.503,1742520391.231342
0,123.577,1742520391.2814724
1,115.487,1742520391.2814724
2,119.171,1742520391.2814724
3,70.381,1742520391.2814724
4,116.253,1742520391.2814724
5,117.575,1742520391.2814724
6,115.159,1742520391.2814724
7,121.507,1742520391.2814724
0,123.577,1742520391.3316019
1,115.487,1742520391.3316019
2,119.171,1742520391.3316019
3,70.381,1742520391.3316019
4,116.245,1742520391.3316019
5,117.575,1742520391.3316019
6,115.165,1742520391.3316019
7,121.507,1742520391.3316019
0,123.6,1742520391.3817282
1,115.417,1742520391.3817282
2,119.156,1742520391.3817282
3,70.358,1742520391.3817282
4,116.245,1742520391.3817282
5,117.562,1742520391.3817282
6,115.165,1742520391.3817282
7,121.536,1742520391.3817282
0,123.6,1742520391.4318614
1,115.417,1742520391.4318614
2,119.156,1742520391.4318614
3,70.358,1742520391.4318614
4,116.22,1742520391.4318614
5,117.562,1742520391.4318614
6,115.199,1742520391.4318614
7,121.536,1742520391.4318614
0,123.619,1742520391.4819942
1,115.478,1742520391.4819942
2,119.155,1742520391.4819942
3,70.364,1742520391.4819942
4,116.22,1742520391.4819942
5,117.577,1742520391.4819942
6,115.199,1742520391.4819942
7,121.537,1742520391.4819942
0,123.619,1742520391.532129
1,115.478,1742520391.532129
2,119.155,1742520391.532129
3,70.364,1742520391.532129
4,116.256,1742520391.532129
5,117.577,1742520391.532129
6,115.239,1742520391.532129
7,121.537,1742520391.532129
0,123.626,1742520391.5822506
1,115.443,1742520391.5822506
2,119.158,1742520391.5822506
3,70.393,1742520391.5822506
4,116.256,1742520391.5822506
5,117.627,1742520391.5822506
6,115.239,1742520391.5822506
7,121.517,1742520391.5822506
0,123.626,1742520391.6324031
1,115.443,1742520391.6324031
2,119.158,1742520391.6324031
3,70.393,1742520391.6324031
4,116.225,1742520391.6324031
5,117.627,1742520391.6324031
6,115.263,1742520391.6324031
7,121.517,1742520391.6324031
