GPU_ID,Power_Usage_W,Timestamp
0,70.769,1742519789.6144795
1,69.709,1742519789.6144795
2,71.648,1742519789.6144795
3,69.73,1742519789.6144795
4,70.482,1742519789.6144795
5,69.678,1742519789.6144795
6,68.516,1742519789.6144795
7,71.812,1742519789.6144795
0,70.77,1742519789.6740897
1,69.709,1742519789.6740897
2,71.641,1742519789.6740897
3,69.73,1742519789.6740897
4,70.471,1742519789.6740897
5,69.678,1742519789.6740897
6,68.516,1742519789.6740897
7,71.812,1742519789.6740897
0,70.77,1742519789.724211
1,69.709,1742519789.724211
2,71.641,1742519789.724211
3,69.73,1742519789.724211
4,70.471,1742519789.724211
5,69.686,1742519789.724211
6,68.496,1742519789.724211
7,71.822,1742519789.724211
0,70.761,1742519789.7743344
1,69.689,1742519789.7743344
2,71.635,1742519789.7743344
3,69.745,1742519789.7743344
4,70.501,1742519789.7743344
5,69.686,1742519789.7743344
6,68.496,1742519789.7743344
7,71.822,1742519789.7743344
0,70.761,1742519789.8244703
1,69.689,1742519789.8244703
2,71.635,1742519789.8244703
3,69.745,1742519789.8244703
4,70.501,1742519789.8244703
5,69.679,1742519789.8244703
6,68.502,1742519789.8244703
7,71.806,1742519789.8244703
0,70.763,1742519789.8746028
1,69.703,1742519789.8746028
2,71.628,1742519789.8746028
3,69.736,1742519789.8746028
4,70.505,1742519789.8746028
5,69.679,1742519789.8746028
6,68.502,1742519789.8746028
7,71.806,1742519789.8746028
0,70.763,1742519789.924736
1,69.703,1742519789.924736
2,71.628,1742519789.924736
3,69.736,1742519789.924736
4,70.505,1742519789.924736
5,69.667,1742519789.924736
6,68.485,1742519789.924736
7,71.807,1742519789.924736
0,70.771,1742519789.9748728
1,69.703,1742519789.9748728
2,71.641,1742519789.9748728
3,69.737,1742519789.9748728
4,70.544,1742519789.9748728
5,69.667,1742519789.9748728
6,68.485,1742519789.9748728
7,71.807,1742519789.9748728
0,70.771,1742519790.0250723
1,69.703,1742519790.0250723
2,71.641,1742519790.0250723
3,69.737,1742519790.0250723
4,70.544,1742519790.0250723
5,69.659,1742519790.0250723
6,68.488,1742519790.0250723
7,71.822,1742519790.0250723
0,70.796,1742519790.0751927
1,69.683,1742519790.0751927
2,71.655,1742519790.0751927
3,69.766,1742519790.0751927
4,70.543,1742519790.0751927
5,69.659,1742519790.0751927
6,68.488,1742519790.0751927
7,71.822,1742519790.0751927
0,70.796,1742519790.1253152
1,69.683,1742519790.1253152
2,71.655,1742519790.1253152
3,69.766,1742519790.1253152
4,70.543,1742519790.1253152
5,69.639,1742519790.1253152
6,68.486,1742519790.1253152
7,71.791,1742519790.1253152
0,70.796,1742519790.175449
1,69.71,1742519790.175449
2,71.667,1742519790.175449
3,69.753,1742519790.175449
4,70.527,1742519790.175449
5,69.639,1742519790.175449
6,68.486,1742519790.175449
7,71.791,1742519790.175449
0,70.796,1742519790.2255816
1,69.71,1742519790.2255816
2,71.667,1742519790.2255816
3,69.753,1742519790.2255816
4,70.527,1742519790.2255816
5,69.68,1742519790.2255816
6,68.501,1742519790.2255816
7,71.784,1742519790.2255816
0,70.777,1742519790.275715
1,69.723,1742519790.275715
2,71.661,1742519790.275715
3,69.745,1742519790.275715
4,70.54,1742519790.275715
5,69.68,1742519790.275715
6,68.501,1742519790.275715
7,71.784,1742519790.275715
0,70.777,1742519790.3258526
1,69.723,1742519790.3258526
2,71.661,1742519790.3258526
3,69.745,1742519790.3258526
4,70.54,1742519790.3258526
5,69.665,1742519790.3258526
6,68.511,1742519790.3258526
7,71.793,1742519790.3258526
0,70.763,1742519790.3759754
1,69.716,1742519790.3759754
2,71.648,1742519790.3759754
3,69.751,1742519790.3759754
4,70.508,1742519790.3759754
5,69.665,1742519790.3759754
6,68.511,1742519790.3759754
7,71.793,1742519790.3759754
0,70.763,1742519790.4261446
1,69.716,1742519790.4261446
2,71.648,1742519790.4261446
3,69.751,1742519790.4261446
4,70.508,1742519790.4261446
5,69.693,1742519790.4261446
6,68.484,1742519790.4261446
7,71.812,1742519790.4261446
0,70.768,1742519790.476278
1,69.743,1742519790.476278
2,71.66,1742519790.476278
3,69.73,1742519790.476278
4,70.517,1742519790.476278
5,69.693,1742519790.476278
6,68.484,1742519790.476278
7,71.812,1742519790.476278
0,70.768,1742519790.526412
1,69.743,1742519790.526412
2,71.66,1742519790.526412
3,69.73,1742519790.526412
4,70.517,1742519790.526412
5,69.68,1742519790.526412
6,68.485,1742519790.526412
7,71.815,1742519790.526412
0,70.776,1742519790.576533
1,69.723,1742519790.576533
2,71.673,1742519790.576533
3,69.723,1742519790.576533
4,70.522,1742519790.576533
5,69.68,1742519790.576533
6,68.485,1742519790.576533
7,71.815,1742519790.576533
0,70.776,1742519790.6266618
1,69.723,1742519790.6266618
2,71.673,1742519790.6266618
3,69.723,1742519790.6266618
4,70.522,1742519790.6266618
5,69.66,1742519790.6266618
6,68.466,1742519790.6266618
7,71.828,1742519790.6266618
0,70.789,1742519790.676794
1,69.744,1742519790.676794
2,71.666,1742519790.676794
3,69.735,1742519790.676794
4,70.523,1742519790.676794
5,69.66,1742519790.676794
6,68.466,1742519790.676794
7,71.828,1742519790.676794
0,70.789,1742519790.726925
1,69.744,1742519790.726925
2,71.666,1742519790.726925
3,69.735,1742519790.726925
4,70.523,1742519790.726925
5,69.673,1742519790.726925
6,68.462,1742519790.726925
7,71.829,1742519790.726925
0,70.804,1742519790.7770848
1,69.743,1742519790.7770848
2,71.686,1742519790.7770848
3,69.736,1742519790.7770848
4,70.515,1742519790.7770848
5,69.673,1742519790.7770848
6,68.462,1742519790.7770848
7,71.829,1742519790.7770848
0,70.804,1742519790.8272164
1,69.743,1742519790.8272164
2,71.686,1742519790.8272164
3,69.736,1742519790.8272164
4,70.515,1742519790.8272164
5,69.665,1742519790.8272164
6,68.466,1742519790.8272164
7,71.822,1742519790.8272164
0,70.809,1742519790.8773491
1,69.743,1742519790.8773491
2,71.692,1742519790.8773491
3,69.75,1742519790.8773491
4,70.503,1742519790.8773491
5,69.665,1742519790.8773491
6,68.466,1742519790.8773491
7,71.822,1742519790.8773491
0,70.809,1742519790.9274714
1,69.743,1742519790.9274714
2,71.692,1742519790.9274714
3,69.75,1742519790.9274714
4,70.503,1742519790.9274714
5,69.701,1742519790.9274714
6,68.462,1742519790.9274714
7,71.834,1742519790.9274714
0,70.808,1742519790.977603
1,69.743,1742519790.977603
2,71.692,1742519790.977603
3,69.765,1742519790.977603
4,70.473,1742519790.977603
5,69.701,1742519790.977603
6,68.462,1742519790.977603
7,71.834,1742519790.977603
0,70.808,1742519791.0277348
1,69.743,1742519791.0277348
2,71.685,1742519791.0277348
3,69.765,1742519791.0277348
4,70.473,1742519791.0277348
5,69.701,1742519791.0277348
6,68.472,1742519791.0277348
7,71.831,1742519791.0277348
0,70.796,1742519791.0778677
1,69.75,1742519791.0778677
2,71.685,1742519791.0778677
3,69.749,1742519791.0778677
4,70.458,1742519791.0778677
5,69.701,1742519791.0778677
6,68.472,1742519791.0778677
7,71.831,1742519791.0778677
0,70.796,1742519791.1280007
1,69.75,1742519791.1280007
2,71.679,1742519791.1280007
3,69.749,1742519791.1280007
4,70.458,1742519791.1280007
5,69.695,1742519791.1280007
6,68.469,1742519791.1280007
7,71.856,1742519791.1280007
0,70.794,1742519791.178134
1,69.723,1742519791.178134
2,71.679,1742519791.178134
3,69.763,1742519791.178134
4,70.458,1742519791.178134
5,69.695,1742519791.178134
6,68.469,1742519791.178134
7,71.856,1742519791.178134
0,70.794,1742519791.2282689
1,69.723,1742519791.2282689
2,71.686,1742519791.2282689
3,69.763,1742519791.2282689
4,70.487,1742519791.2282689
5,69.709,1742519791.2282689
6,68.469,1742519791.2282689
7,71.863,1742519791.2282689
0,70.797,1742519791.2783902
1,69.73,1742519791.2783902
2,71.686,1742519791.2783902
3,69.75,1742519791.2783902
4,70.487,1742519791.2783902
5,69.709,1742519791.2783902
6,68.469,1742519791.2783902
7,71.863,1742519791.2783902
0,70.797,1742519791.3285217
1,69.73,1742519791.3285217
2,71.692,1742519791.3285217
3,69.75,1742519791.3285217
4,70.479,1742519791.3285217
5,69.675,1742519791.3285217
6,68.475,1742519791.3285217
7,71.852,1742519791.3285217
0,70.804,1742519791.3786602
1,69.717,1742519791.3786602
2,71.692,1742519791.3786602
3,69.769,1742519791.3786602
4,70.479,1742519791.3786602
5,69.675,1742519791.3786602
6,68.475,1742519791.3786602
7,71.852,1742519791.3786602
0,70.804,1742519791.4288015
1,69.717,1742519791.4288015
2,71.685,1742519791.4288015
3,69.769,1742519791.4288015
4,70.486,1742519791.4288015
5,69.702,1742519791.4288015
6,68.475,1742519791.4288015
7,71.84,1742519791.4288015
0,70.784,1742519791.4789405
1,69.718,1742519791.4789405
2,71.685,1742519791.4789405
3,69.783,1742519791.4789405
4,70.486,1742519791.4789405
5,69.702,1742519791.4789405
6,68.475,1742519791.4789405
7,71.84,1742519791.4789405
0,70.784,1742519791.5290725
1,69.718,1742519791.5290725
2,71.699,1742519791.5290725
3,69.783,1742519791.5290725
4,70.49,1742519791.5290725
5,69.695,1742519791.5290725
6,68.475,1742519791.5290725
7,71.818,1742519791.5290725
0,70.784,1742519791.5792067
1,69.704,1742519791.5792067
2,71.699,1742519791.5792067
3,69.79,1742519791.5792067
4,70.49,1742519791.5792067
5,69.695,1742519791.5792067
6,68.475,1742519791.5792067
7,71.818,1742519791.5792067
0,70.77,1742519791.6293395
1,69.704,1742519791.6293395
2,71.693,1742519791.6293395
3,69.79,1742519791.6293395
4,70.486,1742519791.6293395
5,69.715,1742519791.6293395
6,68.462,1742519791.6293395
7,71.826,1742519791.6293395
0,70.77,1742519791.679472
1,69.717,1742519791.679472
2,71.693,1742519791.679472
3,69.77,1742519791.679472
4,70.486,1742519791.679472
5,69.715,1742519791.679472
6,68.462,1742519791.679472
7,71.826,1742519791.679472
0,70.763,1742519791.72959
1,69.717,1742519791.72959
2,71.686,1742519791.72959
3,69.77,1742519791.72959
4,70.491,1742519791.72959
5,69.709,1742519791.72959
6,68.462,1742519791.72959
7,71.813,1742519791.72959
0,70.763,1742519791.7797215
1,69.71,1742519791.7797215
2,71.686,1742519791.7797215
3,69.763,1742519791.7797215
4,70.491,1742519791.7797215
5,69.709,1742519791.7797215
6,68.462,1742519791.7797215
7,71.813,1742519791.7797215
0,70.756,1742519791.8299007
1,69.71,1742519791.8299007
2,71.685,1742519791.8299007
3,69.763,1742519791.8299007
4,70.506,1742519791.8299007
5,69.702,1742519791.8299007
6,68.442,1742519791.8299007
7,71.819,1742519791.8299007
0,70.756,1742519791.8800335
1,69.717,1742519791.8800335
2,71.685,1742519791.8800335
3,69.737,1742519791.8800335
4,70.506,1742519791.8800335
5,69.702,1742519791.8800335
6,68.442,1742519791.8800335
7,71.819,1742519791.8800335
0,70.756,1742519791.930167
1,69.717,1742519791.930167
2,71.664,1742519791.930167
3,69.737,1742519791.930167
4,70.505,1742519791.930167
5,69.68,1742519791.930167
6,68.44,1742519791.930167
7,71.817,1742519791.930167
0,70.756,1742519791.9803014
1,69.709,1742519791.9803014
2,71.664,1742519791.9803014
3,69.715,1742519791.9803014
4,70.505,1742519791.9803014
5,69.68,1742519791.9803014
6,68.44,1742519791.9803014
7,71.817,1742519791.9803014
0,70.763,1742519792.0304523
1,69.709,1742519792.0304523
2,71.665,1742519792.0304523
3,69.715,1742519792.0304523
4,70.514,1742519792.0304523
5,69.653,1742519792.0304523
6,68.429,1742519792.0304523
7,71.81,1742519792.0304523
0,70.763,1742519792.0805857
1,69.73,1742519792.0805857
2,71.665,1742519792.0805857
3,69.729,1742519792.0805857
4,70.514,1742519792.0805857
5,69.653,1742519792.0805857
6,68.429,1742519792.0805857
7,71.81,1742519792.0805857
0,70.775,1742519792.1307178
1,69.73,1742519792.1307178
2,71.665,1742519792.1307178
3,69.729,1742519792.1307178
4,70.543,1742519792.1307178
5,69.687,1742519792.1307178
6,68.44,1742519792.1307178
7,71.829,1742519792.1307178
0,70.775,1742519792.1808589
1,69.736,1742519792.1808589
2,71.665,1742519792.1808589
3,69.722,1742519792.1808589
4,70.543,1742519792.1808589
5,69.687,1742519792.1808589
6,68.44,1742519792.1808589
7,71.829,1742519792.1808589
0,70.804,1742519792.230999
1,69.736,1742519792.230999
2,71.645,1742519792.230999
3,69.722,1742519792.230999
4,70.511,1742519792.230999
5,69.672,1742519792.230999
6,68.449,1742519792.230999
7,71.8,1742519792.230999
0,70.804,1742519792.281131
1,69.737,1742519792.281131
2,71.645,1742519792.281131
3,69.708,1742519792.281131
4,70.511,1742519792.281131
5,69.672,1742519792.281131
6,68.449,1742519792.281131
7,71.8,1742519792.281131
0,70.802,1742519792.3312683
1,69.737,1742519792.3312683
2,71.638,1742519792.3312683
3,69.708,1742519792.3312683
4,70.536,1742519792.3312683
5,69.673,1742519792.3312683
6,68.439,1742519792.3312683
7,71.822,1742519792.3312683
0,70.802,1742519792.3814409
1,69.722,1742519792.3814409
2,71.638,1742519792.3814409
3,69.721,1742519792.3814409
4,70.536,1742519792.3814409
5,69.673,1742519792.3814409
6,68.439,1742519792.3814409
7,71.822,1742519792.3814409
0,70.79,1742519792.431574
1,69.722,1742519792.431574
2,71.624,1742519792.431574
3,69.721,1742519792.431574
4,70.537,1742519792.431574
5,69.66,1742519792.431574
6,68.428,1742519792.431574
7,71.807,1742519792.431574
0,70.79,1742519792.4817393
1,69.742,1742519792.4817393
2,71.624,1742519792.4817393
3,69.703,1742519792.4817393
4,70.537,1742519792.4817393
5,69.66,1742519792.4817393
6,68.428,1742519792.4817393
7,71.807,1742519792.4817393
0,70.794,1742519792.5318685
1,69.742,1742519792.5318685
2,71.618,1742519792.5318685
3,69.703,1742519792.5318685
4,70.536,1742519792.5318685
5,69.633,1742519792.5318685
6,68.414,1742519792.5318685
7,71.826,1742519792.5318685
0,70.794,1742519792.5820448
1,69.721,1742519792.5820448
2,71.618,1742519792.5820448
3,69.704,1742519792.5820448
4,70.536,1742519792.5820448
5,69.633,1742519792.5820448
6,68.414,1742519792.5820448
7,71.826,1742519792.5820448
0,70.794,1742519792.6321795
1,69.721,1742519792.6321795
2,71.611,1742519792.6321795
3,69.704,1742519792.6321795
4,70.546,1742519792.6321795
5,69.646,1742519792.6321795
6,68.408,1742519792.6321795
7,71.836,1742519792.6321795
0,70.794,1742519792.682311
1,69.728,1742519792.682311
2,71.611,1742519792.682311
3,69.71,1742519792.682311
4,70.546,1742519792.682311
5,69.646,1742519792.682311
6,68.408,1742519792.682311
7,71.836,1742519792.682311
0,70.776,1742519792.7324479
1,69.728,1742519792.7324479
2,71.611,1742519792.7324479
3,69.71,1742519792.7324479
4,70.551,1742519792.7324479
5,69.639,1742519792.7324479
6,68.414,1742519792.7324479
7,71.837,1742519792.7324479
0,70.776,1742519792.7825823
1,69.708,1742519792.7825823
2,71.611,1742519792.7825823
3,69.717,1742519792.7825823
4,70.551,1742519792.7825823
5,69.639,1742519792.7825823
6,68.414,1742519792.7825823
7,71.837,1742519792.7825823
0,70.791,1742519792.8327174
1,69.708,1742519792.8327174
2,71.632,1742519792.8327174
3,69.717,1742519792.8327174
4,70.565,1742519792.8327174
5,69.68,1742519792.8327174
6,68.423,1742519792.8327174
7,71.861,1742519792.8327174
0,70.791,1742519792.8828566
1,69.722,1742519792.8828566
2,71.632,1742519792.8828566
3,69.734,1742519792.8828566
4,70.565,1742519792.8828566
5,69.68,1742519792.8828566
6,68.423,1742519792.8828566
7,71.861,1742519792.8828566
0,70.77,1742519792.9329853
1,69.722,1742519792.9329853
2,71.62,1742519792.9329853
3,69.734,1742519792.9329853
4,70.562,1742519792.9329853
5,69.666,1742519792.9329853
6,68.446,1742519792.9329853
7,71.862,1742519792.9329853
0,70.77,1742519792.983118
1,69.715,1742519792.983118
2,71.62,1742519792.983118
3,69.749,1742519792.983118
4,70.562,1742519792.983118
5,69.666,1742519792.983118
6,68.446,1742519792.983118
7,71.862,1742519792.983118
0,70.763,1742519793.03326
1,69.715,1742519793.03326
2,71.627,1742519793.03326
3,69.749,1742519793.03326
4,70.562,1742519793.03326
5,69.688,1742519793.03326
6,68.468,1742519793.03326
7,71.862,1742519793.03326
0,70.763,1742519793.0833766
1,69.715,1742519793.0833766
2,71.627,1742519793.0833766
3,69.728,1742519793.0833766
4,70.562,1742519793.0833766
5,69.688,1742519793.0833766
6,68.468,1742519793.0833766
7,71.836,1742519793.0833766
0,70.75,1742519793.13351
1,69.715,1742519793.13351
2,71.62,1742519793.13351
3,69.728,1742519793.13351
4,70.54,1742519793.13351
5,69.674,1742519793.13351
6,68.468,1742519793.13351
7,71.836,1742519793.13351
0,70.75,1742519793.183646
1,69.722,1742519793.183646
2,71.62,1742519793.183646
3,69.729,1742519793.183646
4,70.54,1742519793.183646
5,69.674,1742519793.183646
6,68.459,1742519793.183646
7,71.844,1742519793.183646
0,70.737,1742519793.233783
1,69.722,1742519793.233783
2,71.633,1742519793.233783
3,69.729,1742519793.233783
4,70.557,1742519793.233783
5,69.661,1742519793.233783
6,68.459,1742519793.233783
7,71.844,1742519793.233783
0,70.737,1742519793.2839046
1,69.743,1742519793.2839046
2,71.633,1742519793.2839046
3,69.735,1742519793.2839046
4,70.557,1742519793.2839046
5,69.661,1742519793.2839046
6,68.439,1742519793.2839046
7,71.855,1742519793.2839046
0,70.743,1742519793.334108
1,69.743,1742519793.334108
2,71.627,1742519793.334108
3,69.735,1742519793.334108
4,70.559,1742519793.334108
5,69.666,1742519793.334108
6,68.439,1742519793.334108
7,71.855,1742519793.334108
0,70.743,1742519793.3842375
1,69.722,1742519793.3842375
2,71.627,1742519793.3842375
3,69.73,1742519793.3842375
4,70.559,1742519793.3842375
5,69.666,1742519793.3842375
6,68.427,1742519793.3842375
7,71.848,1742519793.3842375
0,70.763,1742519793.4343815
1,69.722,1742519793.4343815
2,71.641,1742519793.4343815
3,69.73,1742519793.4343815
4,70.546,1742519793.4343815
5,69.652,1742519793.4343815
6,68.427,1742519793.4343815
7,71.848,1742519793.4343815
0,70.763,1742519793.484503
1,69.723,1742519793.484503
2,71.641,1742519793.484503
3,69.742,1742519793.484503
4,70.546,1742519793.484503
5,69.652,1742519793.484503
6,68.419,1742519793.484503
7,71.853,1742519793.484503
0,70.763,1742519793.5346346
1,69.723,1742519793.5346346
2,71.667,1742519793.5346346
3,69.742,1742519793.5346346
4,70.562,1742519793.5346346
5,69.678,1742519793.5346346
6,68.419,1742519793.5346346
7,71.853,1742519793.5346346
0,70.763,1742519793.5847666
1,69.743,1742519793.5847666
2,71.667,1742519793.5847666
3,69.749,1742519793.5847666
4,70.562,1742519793.5847666
5,69.678,1742519793.5847666
6,68.435,1742519793.5847666
7,71.85,1742519793.5847666
0,70.755,1742519793.6348875
1,69.743,1742519793.6348875
2,71.66,1742519793.6348875
3,69.749,1742519793.6348875
4,70.549,1742519793.6348875
5,69.672,1742519793.6348875
6,68.435,1742519793.6348875
7,71.85,1742519793.6348875
0,70.755,1742519793.685056
1,69.757,1742519793.685056
2,71.66,1742519793.685056
3,69.742,1742519793.685056
4,70.549,1742519793.685056
5,69.672,1742519793.685056
6,68.455,1742519793.685056
7,71.835,1742519793.685056
0,70.76,1742519793.7351925
1,69.757,1742519793.7351925
2,71.654,1742519793.7351925
3,69.742,1742519793.7351925
4,70.521,1742519793.7351925
5,69.679,1742519793.7351925
6,68.455,1742519793.7351925
7,71.835,1742519793.7351925
0,70.76,1742519793.785326
1,69.751,1742519793.785326
2,71.654,1742519793.785326
3,69.729,1742519793.785326
4,70.521,1742519793.785326
5,69.679,1742519793.785326
6,68.458,1742519793.785326
7,71.828,1742519793.785326
0,70.746,1742519793.8354833
1,69.751,1742519793.8354833
2,71.648,1742519793.8354833
3,69.729,1742519793.8354833
4,70.517,1742519793.8354833
5,69.652,1742519793.8354833
6,68.458,1742519793.8354833
7,71.828,1742519793.8354833
0,70.746,1742519793.8856156
1,69.751,1742519793.8856156
2,71.648,1742519793.8856156
3,69.716,1742519793.8856156
4,70.517,1742519793.8856156
5,69.652,1742519793.8856156
6,68.465,1742519793.8856156
7,71.816,1742519793.8856156
0,70.754,1742519793.935751
1,69.751,1742519793.935751
2,71.661,1742519793.935751
3,69.716,1742519793.935751
4,70.498,1742519793.935751
5,69.652,1742519793.935751
6,68.465,1742519793.935751
7,71.816,1742519793.935751
0,70.754,1742519793.9858844
1,69.75,1742519793.9858844
2,71.661,1742519793.9858844
3,69.695,1742519793.9858844
4,70.498,1742519793.9858844
5,69.625,1742519793.9858844
6,68.462,1742519793.9858844
7,71.816,1742519793.9858844
0,70.773,1742519794.036021
1,69.75,1742519794.036021
2,71.667,1742519794.036021
3,69.695,1742519794.036021
4,70.496,1742519794.036021
5,69.625,1742519794.036021
6,68.462,1742519794.036021
7,71.816,1742519794.036021
0,70.773,1742519794.0861428
1,69.751,1742519794.0861428
2,71.667,1742519794.0861428
3,69.722,1742519794.0861428
4,70.496,1742519794.0861428
5,69.651,1742519794.0861428
6,68.449,1742519794.0861428
7,71.816,1742519794.0861428
0,70.786,1742519794.1362758
1,69.751,1742519794.1362758
2,71.674,1742519794.1362758
3,69.722,1742519794.1362758
4,70.506,1742519794.1362758
5,69.651,1742519794.1362758
6,68.449,1742519794.1362758
7,71.816,1742519794.1362758
0,70.786,1742519794.186408
1,69.724,1742519794.186408
2,71.674,1742519794.186408
3,69.715,1742519794.186408
4,70.506,1742519794.186408
5,69.65,1742519794.186408
6,68.449,1742519794.186408
7,71.843,1742519794.186408
0,70.774,1742519794.2365446
1,69.724,1742519794.2365446
2,71.667,1742519794.2365446
3,69.715,1742519794.2365446
4,70.543,1742519794.2365446
5,69.65,1742519794.2365446
6,68.449,1742519794.2365446
7,71.843,1742519794.2365446
0,70.774,1742519794.286679
1,69.723,1742519794.286679
2,71.667,1742519794.286679
3,69.716,1742519794.286679
4,70.543,1742519794.286679
5,69.672,1742519794.286679
6,68.455,1742519794.286679
7,71.824,1742519794.286679
0,70.782,1742519794.33684
1,69.723,1742519794.33684
2,71.661,1742519794.33684
3,69.716,1742519794.33684
4,70.54,1742519794.33684
5,69.672,1742519794.33684
6,68.455,1742519794.33684
7,71.824,1742519794.33684
0,70.782,1742519794.386972
1,69.73,1742519794.386972
2,71.661,1742519794.386972
3,69.723,1742519794.386972
4,70.54,1742519794.386972
5,69.651,1742519794.386972
6,68.474,1742519794.386972
7,71.837,1742519794.386972
0,70.793,1742519794.437108
1,69.73,1742519794.437108
2,71.648,1742519794.437108
3,69.723,1742519794.437108
4,70.534,1742519794.437108
5,69.651,1742519794.437108
6,68.474,1742519794.437108
7,71.837,1742519794.437108
0,70.793,1742519794.487242
1,69.73,1742519794.487242
2,71.648,1742519794.487242
3,69.709,1742519794.487242
4,70.534,1742519794.487242
5,69.645,1742519794.487242
6,68.484,1742519794.487242
7,71.832,1742519794.487242
0,70.803,1742519794.5373783
1,69.73,1742519794.5373783
2,71.628,1742519794.5373783
3,69.709,1742519794.5373783
4,70.506,1742519794.5373783
5,69.645,1742519794.5373783
6,68.484,1742519794.5373783
7,71.832,1742519794.5373783
0,70.803,1742519794.5875013
1,69.702,1742519794.5875013
2,71.628,1742519794.5875013
3,69.688,1742519794.5875013
4,70.506,1742519794.5875013
5,69.638,1742519794.5875013
6,68.491,1742519794.5875013
7,71.85,1742519794.5875013
0,70.81,1742519794.6376295
1,69.702,1742519794.6376295
2,71.628,1742519794.6376295
3,69.688,1742519794.6376295
4,70.521,1742519794.6376295
5,69.638,1742519794.6376295
6,68.491,1742519794.6376295
7,71.85,1742519794.6376295
0,70.81,1742519794.6877792
1,69.702,1742519794.6877792
2,71.628,1742519794.6877792
3,69.687,1742519794.6877792
4,70.521,1742519794.6877792
5,69.625,1742519794.6877792
6,68.504,1742519794.6877792
7,71.861,1742519794.6877792
0,70.803,1742519794.7379053
1,69.702,1742519794.7379053
2,71.647,1742519794.7379053
3,69.687,1742519794.7379053
4,70.529,1742519794.7379053
5,69.625,1742519794.7379053
6,68.504,1742519794.7379053
7,71.861,1742519794.7379053
0,70.803,1742519794.7880375
1,69.681,1742519794.7880375
2,71.647,1742519794.7880375
3,69.701,1742519794.7880375
4,70.529,1742519794.7880375
5,69.638,1742519794.7880375
6,68.497,1742519794.7880375
7,71.868,1742519794.7880375
0,70.803,1742519794.8381753
1,69.681,1742519794.8381753
2,71.654,1742519794.8381753
3,69.701,1742519794.8381753
4,70.554,1742519794.8381753
5,69.638,1742519794.8381753
6,68.497,1742519794.8381753
7,71.868,1742519794.8381753
0,70.803,1742519794.888313
1,69.709,1742519794.888313
2,71.654,1742519794.888313
3,69.701,1742519794.888313
4,70.554,1742519794.888313
5,69.645,1742519794.888313
6,68.491,1742519794.888313
7,71.866,1742519794.888313
0,70.789,1742519794.9384446
1,69.709,1742519794.9384446
2,71.647,1742519794.9384446
3,69.694,1742519794.9384446
4,70.579,1742519794.9384446
5,69.645,1742519794.9384446
6,68.491,1742519794.9384446
7,71.866,1742519794.9384446
0,70.789,1742519794.9885783
1,69.708,1742519794.9885783
2,71.647,1742519794.9885783
3,69.694,1742519794.9885783
4,70.579,1742519794.9885783
5,69.666,1742519794.9885783
6,68.474,1742519794.9885783
7,71.862,1742519794.9885783
0,70.775,1742519795.0387144
1,69.708,1742519795.0387144
2,71.641,1742519795.0387144
3,69.714,1742519795.0387144
4,70.586,1742519795.0387144
5,69.666,1742519795.0387144
6,68.474,1742519795.0387144
7,71.862,1742519795.0387144
0,70.775,1742519795.088846
1,69.722,1742519795.088846
2,71.641,1742519795.088846
3,69.714,1742519795.088846
4,70.586,1742519795.088846
5,69.646,1742519795.088846
6,68.455,1742519795.088846
7,71.875,1742519795.088846
0,70.761,1742519795.138978
1,69.722,1742519795.138978
2,71.641,1742519795.138978
3,69.709,1742519795.138978
4,70.59,1742519795.138978
5,69.646,1742519795.138978
6,68.455,1742519795.138978
7,71.875,1742519795.138978
0,70.761,1742519795.1891117
1,69.716,1742519795.1891117
2,71.641,1742519795.1891117
3,69.709,1742519795.1891117
4,70.59,1742519795.1891117
5,69.634,1742519795.1891117
6,68.468,1742519795.1891117
7,71.864,1742519795.1891117
0,70.761,1742519795.239248
1,69.716,1742519795.239248
2,71.627,1742519795.239248
3,69.708,1742519795.239248
4,70.563,1742519795.239248
5,69.634,1742519795.239248
6,68.468,1742519795.239248
7,71.864,1742519795.239248
0,70.761,1742519795.2893836
1,69.716,1742519795.2893836
2,71.627,1742519795.2893836
3,69.708,1742519795.2893836
4,70.563,1742519795.2893836
5,69.633,1742519795.2893836
6,68.456,1742519795.2893836
7,71.865,1742519795.2893836
0,70.766,1742519795.3395195
1,69.716,1742519795.3395195
2,71.634,1742519795.3395195
3,69.708,1742519795.3395195
4,70.581,1742519795.3395195
5,69.633,1742519795.3395195
6,68.456,1742519795.3395195
7,71.865,1742519795.3395195
0,70.766,1742519795.389655
1,69.709,1742519795.389655
2,71.634,1742519795.389655
3,69.708,1742519795.389655
4,70.581,1742519795.389655
5,69.627,1742519795.389655
6,68.478,1742519795.389655
7,71.857,1742519795.389655
0,70.773,1742519795.439791
1,69.709,1742519795.439791
2,71.647,1742519795.439791
3,69.714,1742519795.439791
4,70.595,1742519795.439791
5,69.627,1742519795.439791
6,68.478,1742519795.439791
7,71.857,1742519795.439791
0,70.773,1742519795.4899263
1,69.73,1742519795.4899263
2,71.647,1742519795.4899263
3,69.714,1742519795.4899263
4,70.595,1742519795.4899263
5,69.645,1742519795.4899263
6,68.469,1742519795.4899263
7,71.838,1742519795.4899263
0,70.766,1742519795.5400503
1,69.73,1742519795.5400503
2,71.666,1742519795.5400503
3,69.715,1742519795.5400503
4,70.601,1742519795.5400503
5,69.645,1742519795.5400503
6,68.469,1742519795.5400503
7,71.838,1742519795.5400503
0,70.766,1742519795.5901935
1,69.737,1742519795.5901935
2,71.666,1742519795.5901935
3,69.715,1742519795.5901935
4,70.601,1742519795.5901935
5,69.645,1742519795.5901935
6,68.459,1742519795.5901935
7,71.846,1742519795.5901935
0,70.775,1742519795.6403263
1,69.737,1742519795.6403263
2,71.667,1742519795.6403263
3,69.722,1742519795.6403263
4,70.578,1742519795.6403263
5,69.645,1742519795.6403263
6,68.459,1742519795.6403263
7,71.846,1742519795.6403263
0,70.775,1742519795.6904593
1,69.73,1742519795.6904593
2,71.667,1742519795.6904593
3,69.722,1742519795.6904593
4,70.578,1742519795.6904593
5,69.658,1742519795.6904593
6,68.455,1742519795.6904593
7,71.85,1742519795.6904593
0,70.78,1742519795.7405808
1,69.73,1742519795.7405808
2,71.654,1742519795.7405808
3,69.724,1742519795.7405808
4,70.596,1742519795.7405808
5,69.658,1742519795.7405808
6,68.455,1742519795.7405808
7,71.85,1742519795.7405808
0,70.78,1742519795.7907126
1,69.749,1742519795.7907126
2,71.654,1742519795.7907126
3,69.724,1742519795.7907126
4,70.596,1742519795.7907126
5,69.645,1742519795.7907126
6,68.436,1742519795.7907126
7,71.842,1742519795.7907126
0,70.762,1742519795.8408468
1,69.749,1742519795.8408468
2,71.661,1742519795.8408468
3,69.704,1742519795.8408468
4,70.58,1742519795.8408468
5,69.645,1742519795.8408468
6,68.436,1742519795.8408468
7,71.842,1742519795.8408468
0,70.762,1742519795.8909838
1,69.756,1742519795.8909838
2,71.661,1742519795.8909838
3,69.704,1742519795.8909838
4,70.58,1742519795.8909838
5,69.632,1742519795.8909838
6,68.449,1742519795.8909838
7,71.837,1742519795.8909838
0,70.767,1742519795.9411216
1,69.756,1742519795.9411216
2,71.668,1742519795.9411216
3,69.723,1742519795.9411216
4,70.555,1742519795.9411216
5,69.632,1742519795.9411216
6,68.449,1742519795.9411216
7,71.837,1742519795.9411216
0,70.767,1742519795.9912572
1,69.736,1742519795.9912572
2,71.668,1742519795.9912572
3,69.723,1742519795.9912572
4,70.555,1742519795.9912572
5,69.65,1742519795.9912572
6,68.453,1742519795.9912572
7,71.836,1742519795.9912572
0,70.775,1742519796.0413902
1,69.736,1742519796.0413902
2,71.674,1742519796.0413902
3,69.73,1742519796.0413902
4,70.555,1742519796.0413902
5,69.65,1742519796.0413902
6,68.453,1742519796.0413902
7,71.836,1742519796.0413902
0,70.775,1742519796.0915234
1,69.764,1742519796.0915234
2,71.674,1742519796.0915234
3,69.73,1742519796.0915234
4,70.555,1742519796.0915234
5,69.63,1742519796.0915234
6,68.478,1742519796.0915234
7,71.84,1742519796.0915234
0,70.767,1742519796.1416452
1,69.764,1742519796.1416452
2,71.694,1742519796.1416452
3,69.715,1742519796.1416452
4,70.529,1742519796.1416452
5,69.63,1742519796.1416452
6,68.478,1742519796.1416452
7,71.84,1742519796.1416452
0,70.767,1742519796.1917777
1,69.742,1742519796.1917777
2,71.694,1742519796.1917777
3,69.715,1742519796.1917777
4,70.529,1742519796.1917777
5,69.663,1742519796.1917777
6,68.482,1742519796.1917777
7,71.839,1742519796.1917777
0,70.787,1742519796.241913
1,69.742,1742519796.241913
2,71.713,1742519796.241913
3,69.736,1742519796.241913
4,70.539,1742519796.241913
5,69.663,1742519796.241913
6,68.482,1742519796.241913
7,71.839,1742519796.241913
0,70.787,1742519796.2920384
1,69.749,1742519796.2920384
2,71.713,1742519796.2920384
3,69.736,1742519796.2920384
4,70.539,1742519796.2920384
5,69.663,1742519796.2920384
6,68.488,1742519796.2920384
7,71.838,1742519796.2920384
0,70.776,1742519796.3421712
1,69.749,1742519796.3421712
2,71.725,1742519796.3421712
3,69.722,1742519796.3421712
4,70.536,1742519796.3421712
5,69.663,1742519796.3421712
6,68.488,1742519796.3421712
7,71.838,1742519796.3421712
0,70.776,1742519796.3922937
1,69.749,1742519796.3922937
2,71.725,1742519796.3922937
3,69.722,1742519796.3922937
4,70.536,1742519796.3922937
5,69.662,1742519796.3922937
6,68.504,1742519796.3922937
7,71.841,1742519796.3922937
0,70.775,1742519796.442427
1,69.736,1742519796.442427
2,71.725,1742519796.442427
3,69.729,1742519796.442427
4,70.519,1742519796.442427
5,69.662,1742519796.442427
6,68.504,1742519796.442427
7,71.841,1742519796.442427
0,70.775,1742519796.4925609
1,69.736,1742519796.4925609
2,71.725,1742519796.4925609
3,69.729,1742519796.4925609
4,70.519,1742519796.4925609
5,69.642,1742519796.4925609
6,68.505,1742519796.4925609
7,71.837,1742519796.4925609
0,70.762,1742519796.5427115
1,69.744,1742519796.5427115
2,71.727,1742519796.5427115
3,69.735,1742519796.5427115
4,70.536,1742519796.5427115
5,69.642,1742519796.5427115
6,68.505,1742519796.5427115
7,71.837,1742519796.5427115
0,70.762,1742519796.5928447
1,69.744,1742519796.5928447
2,71.727,1742519796.5928447
3,69.735,1742519796.5928447
4,70.536,1742519796.5928447
5,69.629,1742519796.5928447
6,68.502,1742519796.5928447
7,71.86,1742519796.5928447
0,70.741,1742519796.6429794
1,69.736,1742519796.6429794
2,71.733,1742519796.6429794
3,69.729,1742519796.6429794
4,70.505,1742519796.6429794
5,69.629,1742519796.6429794
6,68.502,1742519796.6429794
7,71.86,1742519796.6429794
0,70.741,1742519796.6931145
1,69.736,1742519796.6931145
2,71.733,1742519796.6931145
3,69.729,1742519796.6931145
4,70.505,1742519796.6931145
5,69.636,1742519796.6931145
6,68.493,1742519796.6931145
7,71.838,1742519796.6931145
0,70.761,1742519796.7432501
1,69.742,1742519796.7432501
2,71.731,1742519796.7432501
3,69.735,1742519796.7432501
4,70.498,1742519796.7432501
5,69.636,1742519796.7432501
6,68.493,1742519796.7432501
7,71.838,1742519796.7432501
0,70.761,1742519796.7933862
1,69.742,1742519796.7933862
2,71.731,1742519796.7933862
3,69.735,1742519796.7933862
4,70.498,1742519796.7933862
5,69.621,1742519796.7933862
6,68.498,1742519796.7933862
7,71.847,1742519796.7933862
0,70.768,1742519796.8435163
1,69.743,1742519796.8435163
2,71.725,1742519796.8435163
3,69.77,1742519796.8435163
4,70.511,1742519796.8435163
5,69.621,1742519796.8435163
6,68.498,1742519796.8435163
7,71.847,1742519796.8435163
0,70.768,1742519796.8936453
1,69.743,1742519796.8936453
2,71.725,1742519796.8936453
3,69.77,1742519796.8936453
4,70.511,1742519796.8936453
5,69.662,1742519796.8936453
6,68.496,1742519796.8936453
7,71.834,1742519796.8936453
0,70.761,1742519796.943765
1,69.736,1742519796.943765
2,71.718,1742519796.943765
3,69.756,1742519796.943765
4,70.507,1742519796.943765
5,69.662,1742519796.943765
6,68.496,1742519796.943765
7,71.834,1742519796.943765
0,70.761,1742519796.9938962
1,69.736,1742519796.9938962
2,71.718,1742519796.9938962
3,69.756,1742519796.9938962
4,70.507,1742519796.9938962
5,69.656,1742519796.9938962
6,68.489,1742519796.9938962
7,71.841,1742519796.9938962
0,70.769,1742519797.044023
1,69.743,1742519797.044023
2,71.718,1742519797.044023
3,69.756,1742519797.044023
4,70.508,1742519797.044023
5,69.656,1742519797.044023
6,68.489,1742519797.044023
7,71.841,1742519797.044023
0,70.769,1742519797.0941448
1,69.743,1742519797.0941448
2,71.72,1742519797.0941448
3,69.756,1742519797.0941448
4,70.508,1742519797.0941448
5,69.685,1742519797.0941448
6,68.505,1742519797.0941448
7,71.811,1742519797.0941448
0,70.776,1742519797.144276
1,69.722,1742519797.144276
2,71.72,1742519797.144276
3,69.77,1742519797.144276
4,70.511,1742519797.144276
5,69.685,1742519797.144276
6,68.505,1742519797.144276
7,71.811,1742519797.144276
0,70.776,1742519797.1944108
1,69.722,1742519797.1944108
2,71.719,1742519797.1944108
3,69.77,1742519797.1944108
4,70.511,1742519797.1944108
5,69.663,1742519797.1944108
6,68.499,1742519797.1944108
7,71.817,1742519797.1944108
0,70.761,1742519797.2445395
1,69.735,1742519797.2445395
2,71.719,1742519797.2445395
3,69.755,1742519797.2445395
4,70.536,1742519797.2445395
5,69.663,1742519797.2445395
6,68.499,1742519797.2445395
7,71.817,1742519797.2445395
0,70.761,1742519797.2946603
1,69.735,1742519797.2946603
2,71.694,1742519797.2946603
3,69.755,1742519797.2946603
4,70.536,1742519797.2946603
5,69.657,1742519797.2946603
6,68.499,1742519797.2946603
7,71.818,1742519797.2946603
0,70.76,1742519797.3447928
1,69.735,1742519797.3447928
2,71.694,1742519797.3447928
3,69.742,1742519797.3447928
4,70.536,1742519797.3447928
5,69.657,1742519797.3447928
6,68.499,1742519797.3447928
7,71.818,1742519797.3447928
0,70.76,1742519797.3949254
1,69.735,1742519797.3949254
2,71.7,1742519797.3949254
3,69.742,1742519797.3949254
4,70.544,1742519797.3949254
5,69.663,1742519797.3949254
6,68.47,1742519797.3949254
7,71.846,1742519797.3949254
0,70.747,1742519797.44506
1,69.735,1742519797.44506
2,71.7,1742519797.44506
3,69.735,1742519797.44506
4,70.544,1742519797.44506
5,69.663,1742519797.44506
6,68.47,1742519797.44506
7,71.846,1742519797.44506
0,70.747,1742519797.4951992
1,69.735,1742519797.4951992
2,71.688,1742519797.4951992
3,69.735,1742519797.4951992
4,70.535,1742519797.4951992
5,69.677,1742519797.4951992
6,68.469,1742519797.4951992
7,71.827,1742519797.4951992
0,70.761,1742519797.5453305
1,69.728,1742519797.5453305
2,71.688,1742519797.5453305
3,69.721,1742519797.5453305
4,70.535,1742519797.5453305
5,69.677,1742519797.5453305
6,68.469,1742519797.5453305
7,71.827,1742519797.5453305
0,70.761,1742519797.595467
1,69.728,1742519797.595467
2,71.674,1742519797.595467
3,69.721,1742519797.595467
4,70.5,1742519797.595467
5,69.719,1742519797.595467
6,68.473,1742519797.595467
7,71.856,1742519797.595467
0,70.767,1742519797.6456015
1,69.714,1742519797.6456015
2,71.674,1742519797.6456015
3,69.727,1742519797.6456015
4,70.5,1742519797.6456015
5,69.719,1742519797.6456015
6,68.473,1742519797.6456015
7,71.856,1742519797.6456015
0,70.767,1742519797.6957233
1,69.714,1742519797.6957233
2,71.668,1742519797.6957233
3,69.727,1742519797.6957233
4,70.51,1742519797.6957233
5,69.698,1742519797.6957233
6,68.482,1742519797.6957233
7,71.837,1742519797.6957233
0,70.788,1742519797.7458594
1,69.722,1742519797.7458594
2,71.668,1742519797.7458594
3,69.735,1742519797.7458594
4,70.51,1742519797.7458594
5,69.698,1742519797.7458594
6,68.482,1742519797.7458594
7,71.837,1742519797.7458594
0,70.788,1742519797.7959936
1,69.722,1742519797.7959936
2,71.675,1742519797.7959936
3,69.735,1742519797.7959936
4,70.511,1742519797.7959936
5,69.699,1742519797.7959936
6,68.516,1742519797.7959936
7,71.832,1742519797.7959936
0,70.777,1742519797.8461268
1,69.714,1742519797.8461268
2,71.675,1742519797.8461268
3,69.713,1742519797.8461268
4,70.511,1742519797.8461268
5,69.699,1742519797.8461268
6,68.516,1742519797.8461268
7,71.832,1742519797.8461268
0,70.777,1742519797.8962612
1,69.714,1742519797.8962612
2,71.661,1742519797.8962612
3,69.713,1742519797.8962612
4,70.52,1742519797.8962612
5,69.672,1742519797.8962612
6,68.505,1742519797.8962612
7,71.847,1742519797.8962612
0,70.777,1742519797.9463844
1,69.721,1742519797.9463844
2,71.661,1742519797.9463844
3,69.729,1742519797.9463844
4,70.52,1742519797.9463844
5,69.672,1742519797.9463844
6,68.505,1742519797.9463844
7,71.847,1742519797.9463844
0,70.777,1742519797.9965062
1,69.721,1742519797.9965062
2,71.648,1742519797.9965062
3,69.729,1742519797.9965062
4,70.548,1742519797.9965062
5,69.651,1742519797.9965062
6,68.512,1742519797.9965062
7,71.841,1742519797.9965062
0,70.777,1742519798.0466328
1,69.713,1742519798.0466328
2,71.648,1742519798.0466328
3,69.722,1742519798.0466328
4,70.548,1742519798.0466328
5,69.651,1742519798.0466328
6,68.512,1742519798.0466328
7,71.841,1742519798.0466328
0,70.774,1742519798.0967655
1,69.713,1742519798.0967655
2,71.634,1742519798.0967655
3,69.722,1742519798.0967655
4,70.548,1742519798.0967655
5,69.671,1742519798.0967655
6,68.477,1742519798.0967655
7,71.832,1742519798.0967655
0,70.774,1742519798.1468868
1,69.72,1742519798.1468868
2,71.634,1742519798.1468868
3,69.715,1742519798.1468868
4,70.548,1742519798.1468868
5,69.671,1742519798.1468868
6,68.477,1742519798.1468868
7,71.832,1742519798.1468868
0,70.762,1742519798.1970227
1,69.72,1742519798.1970227
2,71.635,1742519798.1970227
3,69.715,1742519798.1970227
4,70.545,1742519798.1970227
5,69.672,1742519798.1970227
6,68.489,1742519798.1970227
7,71.852,1742519798.1970227
0,70.762,1742519798.2471576
1,69.708,1742519798.2471576
2,71.635,1742519798.2471576
3,69.735,1742519798.2471576
4,70.545,1742519798.2471576
5,69.672,1742519798.2471576
6,68.489,1742519798.2471576
7,71.852,1742519798.2471576
0,70.755,1742519798.2972887
1,69.708,1742519798.2972887
2,71.635,1742519798.2972887
3,69.735,1742519798.2972887
4,70.537,1742519798.2972887
5,69.705,1742519798.2972887
6,68.467,1742519798.2972887
7,71.855,1742519798.2972887
0,70.755,1742519798.3474216
1,69.7,1742519798.3474216
2,71.635,1742519798.3474216
3,69.728,1742519798.3474216
4,70.537,1742519798.3474216
5,69.705,1742519798.3474216
6,68.467,1742519798.3474216
7,71.855,1742519798.3474216
0,70.773,1742519798.397561
1,69.7,1742519798.397561
2,71.607,1742519798.397561
3,69.728,1742519798.397561
4,70.531,1742519798.397561
5,69.685,1742519798.397561
6,68.489,1742519798.397561
7,71.828,1742519798.397561
0,70.773,1742519798.4476945
1,69.7,1742519798.4476945
2,71.607,1742519798.4476945
3,69.755,1742519798.4476945
4,70.531,1742519798.4476945
5,69.685,1742519798.4476945
6,68.489,1742519798.4476945
7,71.828,1742519798.4476945
0,70.769,1742519798.4978328
1,69.7,1742519798.4978328
2,71.62,1742519798.4978328
3,69.755,1742519798.4978328
4,70.553,1742519798.4978328
5,69.679,1742519798.4978328
6,68.476,1742519798.4978328
7,71.845,1742519798.4978328
0,70.769,1742519798.5479655
1,69.721,1742519798.5479655
2,71.62,1742519798.5479655
3,69.756,1742519798.5479655
4,70.553,1742519798.5479655
5,69.679,1742519798.5479655
6,68.476,1742519798.5479655
7,71.845,1742519798.5479655
0,70.762,1742519798.5980976
1,69.721,1742519798.5980976
2,71.62,1742519798.5980976
3,69.756,1742519798.5980976
4,70.566,1742519798.5980976
5,69.664,1742519798.5980976
6,68.469,1742519798.5980976
7,71.822,1742519798.5980976
0,70.762,1742519798.6482346
1,69.708,1742519798.6482346
2,71.62,1742519798.6482346
3,69.743,1742519798.6482346
4,70.566,1742519798.6482346
5,69.664,1742519798.6482346
6,68.469,1742519798.6482346
7,71.822,1742519798.6482346
0,70.756,1742519798.6983669
1,69.708,1742519798.6983669
2,71.607,1742519798.6983669
3,69.743,1742519798.6983669
4,70.556,1742519798.6983669
5,69.658,1742519798.6983669
6,68.463,1742519798.6983669
7,71.827,1742519798.6983669
0,70.756,1742519798.7485006
1,69.721,1742519798.7485006
2,71.607,1742519798.7485006
3,69.742,1742519798.7485006
4,70.556,1742519798.7485006
5,69.658,1742519798.7485006
6,68.463,1742519798.7485006
7,71.827,1742519798.7485006
0,70.769,1742519798.7986348
1,69.721,1742519798.7986348
2,71.601,1742519798.7986348
3,69.742,1742519798.7986348
4,70.568,1742519798.7986348
5,69.677,1742519798.7986348
6,68.45,1742519798.7986348
7,71.833,1742519798.7986348
0,70.769,1742519798.8487704
1,69.701,1742519798.8487704
2,71.601,1742519798.8487704
3,69.749,1742519798.8487704
4,70.568,1742519798.8487704
5,69.677,1742519798.8487704
6,68.45,1742519798.8487704
7,71.833,1742519798.8487704
0,70.774,1742519798.8989055
1,69.701,1742519798.8989055
2,71.6,1742519798.8989055
3,69.749,1742519798.8989055
4,70.571,1742519798.8989055
5,69.692,1742519798.8989055
6,68.456,1742519798.8989055
7,71.82,1742519798.8989055
0,70.774,1742519798.9490428
1,69.702,1742519798.9490428
2,71.6,1742519798.9490428
3,69.734,1742519798.9490428
4,70.571,1742519798.9490428
5,69.692,1742519798.9490428
6,68.456,1742519798.9490428
7,71.82,1742519798.9490428
0,70.781,1742519798.9991639
1,69.702,1742519798.9991639
2,71.601,1742519798.9991639
3,69.734,1742519798.9991639
4,70.552,1742519798.9991639
5,69.719,1742519798.9991639
6,68.437,1742519798.9991639
7,71.805,1742519798.9991639
0,70.781,1742519799.0492976
1,69.702,1742519799.0492976
2,71.601,1742519799.0492976
3,69.728,1742519799.0492976
4,70.552,1742519799.0492976
5,69.719,1742519799.0492976
6,68.437,1742519799.0492976
7,71.805,1742519799.0492976
0,70.796,1742519799.0994294
1,69.702,1742519799.0994294
2,71.62,1742519799.0994294
3,69.728,1742519799.0994294
4,70.533,1742519799.0994294
5,69.691,1742519799.0994294
6,68.453,1742519799.0994294
7,71.805,1742519799.0994294
0,70.796,1742519799.1495628
1,69.703,1742519799.1495628
2,71.62,1742519799.1495628
3,69.728,1742519799.1495628
4,70.533,1742519799.1495628
5,69.691,1742519799.1495628
6,68.453,1742519799.1495628
7,71.805,1742519799.1495628
0,70.789,1742519799.1996827
1,69.703,1742519799.1996827
2,71.634,1742519799.1996827
3,69.728,1742519799.1996827
4,70.541,1742519799.1996827
5,69.658,1742519799.1996827
6,68.453,1742519799.1996827
7,71.799,1742519799.1996827
0,70.789,1742519799.2498147
1,69.709,1742519799.2498147
2,71.634,1742519799.2498147
3,69.709,1742519799.2498147
4,70.541,1742519799.2498147
5,69.658,1742519799.2498147
6,68.453,1742519799.2498147
7,71.799,1742519799.2498147
0,70.796,1742519799.2999506
1,69.709,1742519799.2999506
2,71.614,1742519799.2999506
3,69.709,1742519799.2999506
4,70.526,1742519799.2999506
5,69.664,1742519799.2999506
6,68.453,1742519799.2999506
7,71.789,1742519799.2999506
0,70.796,1742519799.3500865
1,69.736,1742519799.3500865
2,71.614,1742519799.3500865
3,69.709,1742519799.3500865
4,70.526,1742519799.3500865
5,69.664,1742519799.3500865
6,68.459,1742519799.3500865
7,71.789,1742519799.3500865
0,70.775,1742519799.4001997
1,69.736,1742519799.4001997
2,71.627,1742519799.4001997
3,69.709,1742519799.4001997
4,70.536,1742519799.4001997
5,69.657,1742519799.4001997
6,68.459,1742519799.4001997
7,71.787,1742519799.4001997
0,70.775,1742519799.4503338
1,69.729,1742519799.4503338
2,71.627,1742519799.4503338
3,69.71,1742519799.4503338
4,70.536,1742519799.4503338
5,69.657,1742519799.4503338
6,68.46,1742519799.4503338
7,71.787,1742519799.4503338
0,70.782,1742519799.500467
1,69.729,1742519799.500467
2,71.614,1742519799.500467
3,69.71,1742519799.500467
4,70.536,1742519799.500467
5,69.699,1742519799.500467
6,68.46,1742519799.500467
7,71.794,1742519799.500467
0,70.782,1742519799.5506036
1,69.723,1742519799.5506036
2,71.614,1742519799.5506036
3,69.687,1742519799.5506036
4,70.536,1742519799.5506036
5,69.699,1742519799.5506036
6,68.443,1742519799.5506036
7,71.794,1742519799.5506036
0,70.781,1742519799.6007385
1,69.723,1742519799.6007385
2,71.641,1742519799.6007385
3,69.687,1742519799.6007385
4,70.522,1742519799.6007385
5,69.699,1742519799.6007385
6,68.443,1742519799.6007385
7,71.794,1742519799.6007385
0,70.781,1742519799.6508725
1,69.736,1742519799.6508725
2,71.641,1742519799.6508725
3,69.694,1742519799.6508725
4,70.522,1742519799.6508725
5,69.699,1742519799.6508725
6,68.45,1742519799.6508725
7,71.81,1742519799.6508725
0,70.795,1742519799.701007
1,69.736,1742519799.701007
2,71.641,1742519799.701007
3,69.694,1742519799.701007
4,70.513,1742519799.701007
5,69.727,1742519799.701007
6,68.45,1742519799.701007
7,71.81,1742519799.701007
0,70.795,1742519799.7511418
1,69.736,1742519799.7511418
2,71.641,1742519799.7511418
3,69.721,1742519799.7511418
4,70.513,1742519799.7511418
5,69.727,1742519799.7511418
6,68.447,1742519799.7511418
7,71.812,1742519799.7511418
0,70.795,1742519799.8012762
1,69.736,1742519799.8012762
2,71.661,1742519799.8012762
3,69.721,1742519799.8012762
4,70.499,1742519799.8012762
5,69.707,1742519799.8012762
6,68.447,1742519799.8012762
7,71.812,1742519799.8012762
0,70.795,1742519799.85141
1,69.743,1742519799.85141
2,71.661,1742519799.85141
3,69.729,1742519799.85141
4,70.499,1742519799.85141
5,69.707,1742519799.85141
6,68.447,1742519799.85141
7,71.813,1742519799.85141
0,70.799,1742519799.9015434
1,69.743,1742519799.9015434
2,71.674,1742519799.9015434
3,69.729,1742519799.9015434
4,70.493,1742519799.9015434
5,69.707,1742519799.9015434
6,68.447,1742519799.9015434
7,71.813,1742519799.9015434
0,70.799,1742519799.95167
1,69.749,1742519799.95167
2,71.674,1742519799.95167
3,69.708,1742519799.95167
4,70.493,1742519799.95167
5,69.688,1742519799.95167
6,68.447,1742519799.95167
7,71.807,1742519799.95167
0,70.792,1742519800.0018058
1,69.749,1742519800.0018058
2,71.674,1742519800.0018058
3,69.708,1742519800.0018058
4,70.477,1742519800.0018058
5,69.688,1742519800.0018058
6,68.447,1742519800.0018058
7,71.807,1742519800.0018058
0,70.792,1742519800.051934
1,69.749,1742519800.051934
2,71.674,1742519800.051934
3,69.708,1742519800.051934
4,70.477,1742519800.051934
5,69.678,1742519800.051934
6,68.446,1742519800.051934
7,71.808,1742519800.051934
0,70.79,1742519800.1020656
1,69.749,1742519800.1020656
2,71.66,1742519800.1020656
3,69.708,1742519800.1020656
4,70.504,1742519800.1020656
5,69.678,1742519800.1020656
6,68.446,1742519800.1020656
7,71.808,1742519800.1020656
0,70.79,1742519800.1521976
1,69.77,1742519800.1521976
2,71.66,1742519800.1521976
3,69.701,1742519800.1521976
4,70.504,1742519800.1521976
5,69.678,1742519800.1521976
6,68.441,1742519800.1521976
7,71.827,1742519800.1521976
0,70.79,1742519800.2023308
1,69.77,1742519800.2023308
2,71.661,1742519800.2023308
3,69.701,1742519800.2023308
4,70.504,1742519800.2023308
5,69.678,1742519800.2023308
6,68.441,1742519800.2023308
7,71.827,1742519800.2023308
0,70.79,1742519800.2524526
1,69.744,1742519800.2524526
2,71.661,1742519800.2524526
3,69.72,1742519800.2524526
4,70.504,1742519800.2524526
5,69.698,1742519800.2524526
6,68.43,1742519800.2524526
7,71.83,1742519800.2524526
0,70.79,1742519800.3025882
1,69.744,1742519800.3025882
2,71.667,1742519800.3025882
3,69.72,1742519800.3025882
4,70.501,1742519800.3025882
5,69.698,1742519800.3025882
6,68.43,1742519800.3025882
7,71.83,1742519800.3025882
0,70.79,1742519800.3527212
1,69.758,1742519800.3527212
2,71.667,1742519800.3527212
3,69.72,1742519800.3527212
4,70.501,1742519800.3527212
5,69.712,1742519800.3527212
6,68.436,1742519800.3527212
7,71.827,1742519800.3527212
0,70.783,1742519800.4028563
1,69.758,1742519800.4028563
2,71.667,1742519800.4028563
3,69.72,1742519800.4028563
4,70.526,1742519800.4028563
5,69.712,1742519800.4028563
6,68.436,1742519800.4028563
7,71.827,1742519800.4028563
0,70.783,1742519800.4529927
1,69.737,1742519800.4529927
2,71.667,1742519800.4529927
3,69.711,1742519800.4529927
4,70.526,1742519800.4529927
5,69.726,1742519800.4529927
6,68.429,1742519800.4529927
7,71.838,1742519800.4529927
0,70.791,1742519800.5031273
1,69.737,1742519800.5031273
2,71.674,1742519800.5031273
3,69.711,1742519800.5031273
4,70.507,1742519800.5031273
5,69.726,1742519800.5031273
6,68.429,1742519800.5031273
7,71.838,1742519800.5031273
0,70.791,1742519800.5532482
1,69.73,1742519800.5532482
2,71.674,1742519800.5532482
3,69.732,1742519800.5532482
4,70.507,1742519800.5532482
5,69.712,1742519800.5532482
6,68.434,1742519800.5532482
7,71.819,1742519800.5532482
0,70.791,1742519800.6033804
1,69.73,1742519800.6033804
2,71.64,1742519800.6033804
3,69.732,1742519800.6033804
4,70.522,1742519800.6033804
5,69.712,1742519800.6033804
6,68.434,1742519800.6033804
7,71.819,1742519800.6033804
0,70.791,1742519800.6535156
1,69.724,1742519800.6535156
2,71.64,1742519800.6535156
3,69.724,1742519800.6535156
4,70.522,1742519800.6535156
5,69.68,1742519800.6535156
6,68.446,1742519800.6535156
7,71.797,1742519800.6535156
0,70.787,1742519800.7036443
1,69.724,1742519800.7036443
2,71.647,1742519800.7036443
3,69.724,1742519800.7036443
4,70.515,1742519800.7036443
5,69.68,1742519800.7036443
6,68.446,1742519800.7036443
7,71.797,1742519800.7036443
0,70.787,1742519800.7537766
1,69.737,1742519800.7537766
2,71.647,1742519800.7537766
3,69.705,1742519800.7537766
4,70.515,1742519800.7537766
5,69.67,1742519800.7537766
6,68.442,1742519800.7537766
7,71.81,1742519800.7537766
0,70.769,1742519800.8039374
1,69.737,1742519800.8039374
2,71.634,1742519800.8039374
3,69.705,1742519800.8039374
4,70.543,1742519800.8039374
5,69.67,1742519800.8039374
6,68.442,1742519800.8039374
7,71.81,1742519800.8039374
0,70.769,1742519800.8540702
1,69.703,1742519800.8540702
2,71.634,1742519800.8540702
3,69.703,1742519800.8540702
4,70.543,1742519800.8540702
5,69.663,1742519800.8540702
6,68.45,1742519800.8540702
7,71.804,1742519800.8540702
0,70.755,1742519800.9042046
1,69.703,1742519800.9042046
2,71.64,1742519800.9042046
3,69.703,1742519800.9042046
4,70.56,1742519800.9042046
5,69.663,1742519800.9042046
6,68.45,1742519800.9042046
7,71.804,1742519800.9042046
0,70.755,1742519800.954358
1,69.716,1742519800.954358
2,71.64,1742519800.954358
3,69.705,1742519800.954358
4,70.56,1742519800.954358
5,69.704,1742519800.954358
6,68.43,1742519800.954358
7,71.809,1742519800.954358
0,70.767,1742519801.00449
1,69.716,1742519801.00449
2,71.634,1742519801.00449
3,69.705,1742519801.00449
4,70.576,1742519801.00449
5,69.704,1742519801.00449
6,68.43,1742519801.00449
7,71.809,1742519801.00449
0,70.767,1742519801.0546188
1,69.717,1742519801.0546188
2,71.634,1742519801.0546188
3,69.696,1742519801.0546188
4,70.576,1742519801.0546188
5,69.705,1742519801.0546188
6,68.424,1742519801.0546188
7,71.806,1742519801.0546188
0,70.774,1742519801.1047533
1,69.717,1742519801.1047533
2,71.626,1742519801.1047533
3,69.696,1742519801.1047533
4,70.564,1742519801.1047533
5,69.705,1742519801.1047533
6,68.424,1742519801.1047533
7,71.806,1742519801.1047533
0,70.774,1742519801.1548898
1,69.703,1742519801.1548898
2,71.626,1742519801.1548898
3,69.725,1742519801.1548898
4,70.564,1742519801.1548898
5,69.72,1742519801.1548898
6,68.421,1742519801.1548898
7,71.799,1742519801.1548898
0,70.768,1742519801.2050216
1,69.703,1742519801.2050216
2,71.632,1742519801.2050216
3,69.725,1742519801.2050216
4,70.562,1742519801.2050216
5,69.72,1742519801.2050216
6,68.421,1742519801.2050216
7,71.799,1742519801.2050216
0,70.768,1742519801.2551558
1,69.689,1742519801.2551558
2,71.632,1742519801.2551558
3,69.718,1742519801.2551558
4,70.562,1742519801.2551558
5,69.712,1742519801.2551558
6,68.434,1742519801.2551558
7,71.821,1742519801.2551558
0,70.784,1742519801.3052895
1,69.689,1742519801.3052895
2,71.646,1742519801.3052895
3,69.718,1742519801.3052895
4,70.564,1742519801.3052895
5,69.712,1742519801.3052895
6,68.434,1742519801.3052895
7,71.821,1742519801.3052895
0,70.784,1742519801.3554094
1,69.71,1742519801.3554094
2,71.646,1742519801.3554094
3,69.718,1742519801.3554094
4,70.564,1742519801.3554094
5,69.692,1742519801.3554094
6,68.442,1742519801.3554094
7,71.812,1742519801.3554094
0,70.784,1742519801.4055398
1,69.71,1742519801.4055398
2,71.653,1742519801.4055398
3,69.719,1742519801.4055398
4,70.542,1742519801.4055398
5,69.692,1742519801.4055398
6,68.442,1742519801.4055398
7,71.812,1742519801.4055398
0,70.784,1742519801.4556613
1,69.71,1742519801.4556613
2,71.653,1742519801.4556613
3,69.719,1742519801.4556613
4,70.542,1742519801.4556613
5,69.684,1742519801.4556613
6,68.459,1742519801.4556613
7,71.812,1742519801.4556613
0,70.774,1742519801.5058267
1,69.71,1742519801.5058267
2,71.646,1742519801.5058267
3,69.728,1742519801.5058267
4,70.541,1742519801.5058267
5,69.684,1742519801.5058267
6,68.459,1742519801.5058267
7,71.812,1742519801.5058267
0,70.774,1742519801.5559585
1,69.731,1742519801.5559585
2,71.646,1742519801.5559585
3,69.728,1742519801.5559585
4,70.541,1742519801.5559585
5,69.671,1742519801.5559585
6,68.459,1742519801.5559585
7,71.819,1742519801.5559585
0,70.756,1742519801.6060817
1,69.731,1742519801.6060817
2,71.667,1742519801.6060817
3,69.7,1742519801.6060817
4,70.539,1742519801.6060817
5,69.671,1742519801.6060817
6,68.459,1742519801.6060817
7,71.819,1742519801.6060817
0,70.756,1742519801.656215
1,69.709,1742519801.656215
2,71.667,1742519801.656215
3,69.7,1742519801.656215
4,70.539,1742519801.656215
5,69.703,1742519801.656215
6,68.446,1742519801.656215
7,71.818,1742519801.656215
0,70.75,1742519801.7063477
1,69.709,1742519801.7063477
2,71.667,1742519801.7063477
3,69.695,1742519801.7063477
4,70.544,1742519801.7063477
5,69.703,1742519801.7063477
6,68.446,1742519801.7063477
7,71.818,1742519801.7063477
0,70.75,1742519801.756484
1,69.709,1742519801.756484
2,71.667,1742519801.756484
3,69.695,1742519801.756484
4,70.544,1742519801.756484
5,69.697,1742519801.756484
6,68.427,1742519801.756484
7,71.819,1742519801.756484
0,70.749,1742519801.806619
1,69.716,1742519801.806619
2,71.673,1742519801.806619
3,69.709,1742519801.806619
4,70.528,1742519801.806619
5,69.697,1742519801.806619
6,68.427,1742519801.806619
7,71.819,1742519801.806619
0,70.749,1742519801.856753
1,69.716,1742519801.856753
2,71.673,1742519801.856753
3,69.709,1742519801.856753
4,70.528,1742519801.856753
5,69.72,1742519801.856753
6,68.426,1742519801.856753
7,71.811,1742519801.856753
0,70.763,1742519801.9068897
1,69.717,1742519801.9068897
2,71.68,1742519801.9068897
3,69.696,1742519801.9068897
4,70.505,1742519801.9068897
5,69.72,1742519801.9068897
6,68.426,1742519801.9068897
7,71.811,1742519801.9068897
0,70.763,1742519801.9570282
1,69.717,1742519801.9570282
2,71.68,1742519801.9570282
3,69.696,1742519801.9570282
4,70.505,1742519801.9570282
5,69.699,1742519801.9570282
6,68.427,1742519801.9570282
7,71.808,1742519801.9570282
0,70.755,1742519802.0071604
1,69.724,1742519802.0071604
2,71.694,1742519802.0071604
3,69.708,1742519802.0071604
4,70.495,1742519802.0071604
5,69.699,1742519802.0071604
6,68.427,1742519802.0071604
7,71.808,1742519802.0071604
0,70.755,1742519802.0572808
1,69.724,1742519802.0572808
2,71.694,1742519802.0572808
3,69.708,1742519802.0572808
4,70.495,1742519802.0572808
5,69.68,1742519802.0572808
6,68.439,1742519802.0572808
7,71.826,1742519802.0572808
0,70.755,1742519802.1074135
1,69.717,1742519802.1074135
2,71.699,1742519802.1074135
3,69.717,1742519802.1074135
4,70.482,1742519802.1074135
5,69.68,1742519802.1074135
6,68.439,1742519802.1074135
7,71.826,1742519802.1074135
0,70.755,1742519802.157543
1,69.717,1742519802.157543
2,71.699,1742519802.157543
3,69.717,1742519802.157543
4,70.482,1742519802.157543
5,69.678,1742519802.157543
6,68.446,1742519802.157543
7,71.824,1742519802.157543
0,70.762,1742519802.2076766
1,69.724,1742519802.2076766
2,71.693,1742519802.2076766
3,69.71,1742519802.2076766
4,70.472,1742519802.2076766
5,69.678,1742519802.2076766
6,68.446,1742519802.2076766
7,71.824,1742519802.2076766
0,70.762,1742519802.2577987
1,69.724,1742519802.2577987
2,71.693,1742519802.2577987
3,69.71,1742519802.2577987
4,70.472,1742519802.2577987
5,69.67,1742519802.2577987
6,68.446,1742519802.2577987
7,71.831,1742519802.2577987
0,70.755,1742519802.3079312
1,69.704,1742519802.3079312
2,71.693,1742519802.3079312
3,69.696,1742519802.3079312
4,70.46,1742519802.3079312
5,69.67,1742519802.3079312
6,68.446,1742519802.3079312
7,71.831,1742519802.3079312
0,70.755,1742519802.358064
1,69.704,1742519802.358064
2,71.693,1742519802.358064
3,69.696,1742519802.358064
4,70.46,1742519802.358064
5,69.692,1742519802.358064
6,68.446,1742519802.358064
7,71.837,1742519802.358064
0,70.761,1742519802.4081962
1,69.69,1742519802.4081962
2,71.693,1742519802.4081962
3,69.71,1742519802.4081962
4,70.46,1742519802.4081962
5,69.692,1742519802.4081962
6,68.446,1742519802.4081962
7,71.837,1742519802.4081962
0,70.761,1742519802.4583287
1,69.69,1742519802.4583287
2,71.693,1742519802.4583287
3,69.71,1742519802.4583287
4,70.473,1742519802.4583287
5,69.678,1742519802.4583287
6,68.427,1742519802.4583287
7,71.83,1742519802.4583287
0,70.776,1742519802.5084624
1,69.677,1742519802.5084624
2,71.699,1742519802.5084624
3,69.71,1742519802.5084624
4,70.473,1742519802.5084624
5,69.678,1742519802.5084624
6,68.427,1742519802.5084624
7,71.83,1742519802.5084624
0,70.776,1742519802.558594
1,69.677,1742519802.558594
2,71.699,1742519802.558594
3,69.71,1742519802.558594
4,70.471,1742519802.558594
5,69.651,1742519802.558594
6,68.422,1742519802.558594
7,71.826,1742519802.558594
0,70.767,1742519802.608729
1,69.671,1742519802.608729
2,71.699,1742519802.608729
3,69.717,1742519802.608729
4,70.471,1742519802.608729
5,69.651,1742519802.608729
6,68.422,1742519802.608729
7,71.826,1742519802.608729
0,70.767,1742519802.658865
1,69.671,1742519802.658865
2,71.684,1742519802.658865
3,69.717,1742519802.658865
4,70.464,1742519802.658865
5,69.643,1742519802.658865
6,68.422,1742519802.658865
7,71.825,1742519802.658865
0,70.767,1742519802.7090049
1,69.663,1742519802.7090049
2,71.684,1742519802.7090049
3,69.723,1742519802.7090049
4,70.464,1742519802.7090049
5,69.643,1742519802.7090049
6,68.422,1742519802.7090049
7,71.825,1742519802.7090049
0,70.767,1742519802.7591743
1,69.663,1742519802.7591743
2,71.679,1742519802.7591743
3,69.723,1742519802.7591743
4,70.445,1742519802.7591743
5,69.63,1742519802.7591743
6,68.436,1742519802.7591743
7,71.82,1742519802.7591743
0,70.769,1742519802.8092973
1,69.684,1742519802.8092973
2,71.679,1742519802.8092973
3,69.703,1742519802.8092973
4,70.445,1742519802.8092973
5,69.63,1742519802.8092973
6,68.436,1742519802.8092973
7,71.82,1742519802.8092973
0,70.769,1742519802.8594332
1,69.684,1742519802.8594332
2,71.672,1742519802.8594332
3,69.703,1742519802.8594332
4,70.435,1742519802.8594332
5,69.656,1742519802.8594332
6,68.436,1742519802.8594332
7,71.825,1742519802.8594332
0,70.767,1742519802.909566
1,69.703,1742519802.909566
2,71.672,1742519802.909566
3,69.71,1742519802.909566
4,70.435,1742519802.909566
5,69.656,1742519802.909566
6,68.436,1742519802.909566
7,71.825,1742519802.909566
0,70.767,1742519802.9597008
1,69.703,1742519802.9597008
2,71.665,1742519802.9597008
3,69.71,1742519802.9597008
4,70.495,1742519802.9597008
5,69.649,1742519802.9597008
6,68.455,1742519802.9597008
7,71.842,1742519802.9597008
0,70.773,1742519803.0098276
1,69.71,1742519803.0098276
2,71.665,1742519803.0098276
3,69.696,1742519803.0098276
4,70.495,1742519803.0098276
5,69.649,1742519803.0098276
6,68.455,1742519803.0098276
7,71.842,1742519803.0098276
0,70.773,1742519803.0599616
1,69.71,1742519803.0599616
2,71.652,1742519803.0599616
3,69.696,1742519803.0599616
4,70.501,1742519803.0599616
5,69.676,1742519803.0599616
6,68.462,1742519803.0599616
7,71.83,1742519803.0599616
0,70.773,1742519803.1100984
1,69.722,1742519803.1100984
2,71.652,1742519803.1100984
3,69.689,1742519803.1100984
4,70.501,1742519803.1100984
5,69.676,1742519803.1100984
6,68.462,1742519803.1100984
7,71.83,1742519803.1100984
0,70.773,1742519803.160233
1,69.722,1742519803.160233
2,71.645,1742519803.160233
3,69.689,1742519803.160233
4,70.525,1742519803.160233
5,69.671,1742519803.160233
6,68.474,1742519803.160233
7,71.837,1742519803.160233
0,70.773,1742519803.2103682
1,69.723,1742519803.2103682
2,71.645,1742519803.2103682
3,69.696,1742519803.2103682
4,70.525,1742519803.2103682
5,69.671,1742519803.2103682
6,68.474,1742519803.2103682
7,71.837,1742519803.2103682
0,70.773,1742519803.2604895
1,69.723,1742519803.2604895
2,71.632,1742519803.2604895
3,69.696,1742519803.2604895
4,70.516,1742519803.2604895
5,69.672,1742519803.2604895
6,68.481,1742519803.2604895
7,71.825,1742519803.2604895
0,70.769,1742519803.3106189
1,69.709,1742519803.3106189
2,71.632,1742519803.3106189
3,69.715,1742519803.3106189
4,70.516,1742519803.3106189
5,69.672,1742519803.3106189
6,68.481,1742519803.3106189
7,71.825,1742519803.3106189
0,70.769,1742519803.360755
1,69.709,1742519803.360755
2,71.632,1742519803.360755
3,69.715,1742519803.360755
4,70.529,1742519803.360755
5,69.656,1742519803.360755
6,68.483,1742519803.360755
7,71.845,1742519803.360755
0,70.769,1742519803.410915
1,69.744,1742519803.410915
2,71.632,1742519803.410915
3,69.729,1742519803.410915
4,70.529,1742519803.410915
5,69.656,1742519803.410915
6,68.483,1742519803.410915
7,71.845,1742519803.410915
0,70.776,1742519803.4610481
1,69.744,1742519803.4610481
2,71.611,1742519803.4610481
3,69.729,1742519803.4610481
4,70.533,1742519803.4610481
5,69.649,1742519803.4610481
6,68.471,1742519803.4610481
7,71.839,1742519803.4610481
0,70.776,1742519803.5111823
1,69.749,1742519803.5111823
2,71.611,1742519803.5111823
3,69.734,1742519803.5111823
4,70.533,1742519803.5111823
5,69.649,1742519803.5111823
6,68.471,1742519803.5111823
7,71.839,1742519803.5111823
0,70.774,1742519803.5613143
1,69.749,1742519803.5613143
2,71.612,1742519803.5613143
3,69.734,1742519803.5613143
4,70.542,1742519803.5613143
5,69.669,1742519803.5613143
6,68.477,1742519803.5613143
7,71.852,1742519803.5613143
0,70.774,1742519803.6114457
1,69.756,1742519803.6114457
2,71.612,1742519803.6114457
3,69.735,1742519803.6114457
4,70.542,1742519803.6114457
5,69.669,1742519803.6114457
6,68.477,1742519803.6114457
7,71.852,1742519803.6114457
0,70.769,1742519803.6615794
1,69.756,1742519803.6615794
2,71.625,1742519803.6615794
3,69.735,1742519803.6615794
4,70.555,1742519803.6615794
5,69.67,1742519803.6615794
6,68.49,1742519803.6615794
7,71.869,1742519803.6615794
0,70.769,1742519803.711713
1,69.736,1742519803.711713
2,71.625,1742519803.711713
3,69.721,1742519803.711713
4,70.555,1742519803.711713
5,69.67,1742519803.711713
6,68.49,1742519803.711713
7,71.869,1742519803.711713
0,70.769,1742519803.7618332
1,69.736,1742519803.7618332
2,71.619,1742519803.7618332
3,69.721,1742519803.7618332
4,70.573,1742519803.7618332
5,69.706,1742519803.7618332
6,68.507,1742519803.7618332
7,71.87,1742519803.7618332
0,70.769,1742519803.8119776
1,69.749,1742519803.8119776
2,71.619,1742519803.8119776
3,69.728,1742519803.8119776
4,70.573,1742519803.8119776
5,69.706,1742519803.8119776
6,68.507,1742519803.8119776
7,71.87,1742519803.8119776
0,70.775,1742519803.862178
1,69.749,1742519803.862178
2,71.606,1742519803.862178
3,69.728,1742519803.862178
4,70.576,1742519803.862178
5,69.678,1742519803.862178
6,68.51,1742519803.862178
7,71.87,1742519803.862178
0,70.775,1742519803.9123101
1,69.715,1742519803.9123101
2,71.606,1742519803.9123101
3,69.741,1742519803.9123101
4,70.576,1742519803.9123101
5,69.678,1742519803.9123101
6,68.51,1742519803.9123101
7,71.87,1742519803.9123101
0,70.754,1742519803.9624436
1,69.715,1742519803.9624436
2,71.6,1742519803.9624436
3,69.741,1742519803.9624436
4,70.534,1742519803.9624436
5,69.658,1742519803.9624436
6,68.508,1742519803.9624436
7,71.87,1742519803.9624436
0,70.754,1742519804.0125785
1,69.722,1742519804.0125785
2,71.6,1742519804.0125785
3,69.748,1742519804.0125785
4,70.534,1742519804.0125785
5,69.658,1742519804.0125785
6,68.508,1742519804.0125785
7,71.87,1742519804.0125785
0,70.749,1742519804.0626988
1,69.722,1742519804.0626988
2,71.627,1742519804.0626988
3,69.748,1742519804.0626988
4,70.564,1742519804.0626988
5,69.656,1742519804.0626988
6,68.495,1742519804.0626988
7,71.856,1742519804.0626988
0,70.749,1742519804.11283
1,69.715,1742519804.11283
2,71.627,1742519804.11283
3,69.761,1742519804.11283
4,70.564,1742519804.11283
5,69.656,1742519804.11283
6,68.495,1742519804.11283
7,71.856,1742519804.11283
0,70.742,1742519804.1629667
1,69.715,1742519804.1629667
2,71.621,1742519804.1629667
3,69.761,1742519804.1629667
4,70.526,1742519804.1629667
5,69.642,1742519804.1629667
6,68.462,1742519804.1629667
7,71.849,1742519804.1629667
0,70.742,1742519804.2130952
1,69.709,1742519804.2130952
2,71.621,1742519804.2130952
3,69.769,1742519804.2130952
4,70.526,1742519804.2130952
5,69.642,1742519804.2130952
6,68.462,1742519804.2130952
7,71.849,1742519804.2130952
0,70.735,1742519804.263227
1,69.709,1742519804.263227
2,71.615,1742519804.263227
3,69.769,1742519804.263227
4,70.525,1742519804.263227
5,69.691,1742519804.263227
6,68.459,1742519804.263227
7,71.869,1742519804.263227
0,70.735,1742519804.3133595
1,69.715,1742519804.3133595
2,71.615,1742519804.3133595
3,69.768,1742519804.3133595
4,70.525,1742519804.3133595
5,69.691,1742519804.3133595
6,68.459,1742519804.3133595
7,71.869,1742519804.3133595
0,70.736,1742519804.363492
1,69.715,1742519804.363492
2,71.614,1742519804.363492
3,69.768,1742519804.363492
4,70.55,1742519804.363492
5,69.692,1742519804.363492
6,68.437,1742519804.363492
7,71.854,1742519804.363492
0,70.736,1742519804.413625
1,69.714,1742519804.413625
2,71.614,1742519804.413625
3,69.762,1742519804.413625
4,70.55,1742519804.413625
5,69.692,1742519804.413625
6,68.437,1742519804.413625
7,71.854,1742519804.413625
0,70.741,1742519804.4637532
1,69.714,1742519804.4637532
2,71.628,1742519804.4637532
3,69.762,1742519804.4637532
4,70.537,1742519804.4637532
5,69.699,1742519804.4637532
6,68.475,1742519804.4637532
7,71.859,1742519804.4637532
0,70.741,1742519804.5138886
1,69.689,1742519804.5138886
2,71.628,1742519804.5138886
3,69.771,1742519804.5138886
4,70.537,1742519804.5138886
5,69.699,1742519804.5138886
6,68.475,1742519804.5138886
7,71.859,1742519804.5138886
0,70.755,1742519804.5640206
1,69.689,1742519804.5640206
2,71.642,1742519804.5640206
3,69.771,1742519804.5640206
4,70.55,1742519804.5640206
5,69.687,1742519804.5640206
6,68.483,1742519804.5640206
7,71.828,1742519804.5640206
0,70.755,1742519804.6141615
1,69.696,1742519804.6141615
2,71.642,1742519804.6141615
3,69.769,1742519804.6141615
4,70.55,1742519804.6141615
5,69.687,1742519804.6141615
6,68.483,1742519804.6141615
7,71.828,1742519804.6141615
0,70.761,1742519804.6643274
1,69.696,1742519804.6643274
2,71.654,1742519804.6643274
3,69.769,1742519804.6643274
4,70.55,1742519804.6643274
5,69.666,1742519804.6643274
6,68.489,1742519804.6643274
7,71.821,1742519804.6643274
0,70.761,1742519804.7144594
1,69.702,1742519804.7144594
2,71.654,1742519804.7144594
3,69.777,1742519804.7144594
4,70.55,1742519804.7144594
5,69.666,1742519804.7144594
6,68.489,1742519804.7144594
7,71.821,1742519804.7144594
0,70.768,1742519804.7645934
1,69.702,1742519804.7645934
2,71.675,1742519804.7645934
3,69.777,1742519804.7645934
4,70.539,1742519804.7645934
5,69.671,1742519804.7645934
6,68.495,1742519804.7645934
7,71.82,1742519804.7645934
0,70.768,1742519804.8147528
1,69.69,1742519804.8147528
2,71.675,1742519804.8147528
3,69.769,1742519804.8147528
4,70.539,1742519804.8147528
5,69.671,1742519804.8147528
6,68.495,1742519804.8147528
7,71.82,1742519804.8147528
0,70.768,1742519804.8648858
1,69.69,1742519804.8648858
2,71.668,1742519804.8648858
3,69.769,1742519804.8648858
4,70.519,1742519804.8648858
5,69.657,1742519804.8648858
6,68.476,1742519804.8648858
7,71.825,1742519804.8648858
0,70.768,1742519804.91502
1,69.696,1742519804.91502
2,71.668,1742519804.91502
3,69.743,1742519804.91502
4,70.519,1742519804.91502
5,69.657,1742519804.91502
6,68.476,1742519804.91502
7,71.825,1742519804.91502
0,70.761,1742519804.965156
1,69.696,1742519804.965156
2,71.693,1742519804.965156
3,69.743,1742519804.965156
4,70.523,1742519804.965156
5,69.657,1742519804.965156
6,68.479,1742519804.965156
7,71.827,1742519804.965156
0,70.761,1742519805.015303
1,69.724,1742519805.015303
2,71.693,1742519805.015303
3,69.75,1742519805.015303
4,70.523,1742519805.015303
5,69.676,1742519805.015303
6,68.479,1742519805.015303
7,71.827,1742519805.015303
0,70.755,1742519805.0654364
1,69.724,1742519805.0654364
2,71.668,1742519805.0654364
3,69.75,1742519805.0654364
4,70.506,1742519805.0654364
5,69.676,1742519805.0654364
6,68.48,1742519805.0654364
7,71.824,1742519805.0654364
0,70.755,1742519805.1155698
1,69.709,1742519805.1155698
2,71.668,1742519805.1155698
3,69.736,1742519805.1155698
4,70.506,1742519805.1155698
5,69.672,1742519805.1155698
6,68.48,1742519805.1155698
7,71.824,1742519805.1155698
0,70.762,1742519805.1657095
1,69.709,1742519805.1657095
2,71.673,1742519805.1657095
3,69.736,1742519805.1657095
4,70.513,1742519805.1657095
5,69.672,1742519805.1657095
6,68.491,1742519805.1657095
7,71.838,1742519805.1657095
0,70.762,1742519805.2158437
1,69.73,1742519805.2158437
2,71.673,1742519805.2158437
3,69.722,1742519805.2158437
4,70.513,1742519805.2158437
5,69.686,1742519805.2158437
6,68.491,1742519805.2158437
7,71.838,1742519805.2158437
0,70.775,1742519805.265963
1,69.73,1742519805.265963
2,71.7,1742519805.265963
3,69.722,1742519805.265963
4,70.517,1742519805.265963
5,69.672,1742519805.265963
6,68.492,1742519805.265963
7,71.818,1742519805.265963
0,70.775,1742519805.3160946
1,69.724,1742519805.3160946
2,71.7,1742519805.3160946
3,69.715,1742519805.3160946
4,70.517,1742519805.3160946
5,69.672,1742519805.3160946
6,68.492,1742519805.3160946
7,71.818,1742519805.3160946
0,70.783,1742519805.3662348
1,69.724,1742519805.3662348
2,71.707,1742519805.3662348
3,69.715,1742519805.3662348
4,70.487,1742519805.3662348
5,69.666,1742519805.3662348
6,68.492,1742519805.3662348
7,71.813,1742519805.3662348
0,70.783,1742519805.4163597
1,69.724,1742519805.4163597
2,71.707,1742519805.4163597
3,69.709,1742519805.4163597
4,70.487,1742519805.4163597
5,69.666,1742519805.4163597
6,68.498,1742519805.4163597
7,71.813,1742519805.4163597
0,70.769,1742519805.4665005
1,69.724,1742519805.4665005
2,71.707,1742519805.4665005
3,69.709,1742519805.4665005
4,70.5,1742519805.4665005
5,69.665,1742519805.4665005
6,68.498,1742519805.4665005
7,71.814,1742519805.4665005
0,70.769,1742519805.5166323
1,69.737,1742519805.5166323
2,71.707,1742519805.5166323
3,69.716,1742519805.5166323
4,70.5,1742519805.5166323
5,69.665,1742519805.5166323
6,68.498,1742519805.5166323
7,71.814,1742519805.5166323
0,70.769,1742519805.5667677
1,69.737,1742519805.5667677
2,71.692,1742519805.5667677
3,69.716,1742519805.5667677
4,70.486,1742519805.5667677
5,69.65,1742519805.5667677
6,68.498,1742519805.5667677
7,71.814,1742519805.5667677
0,70.769,1742519805.6169338
1,69.756,1742519805.6169338
2,71.692,1742519805.6169338
3,69.711,1742519805.6169338
4,70.486,1742519805.6169338
5,69.65,1742519805.6169338
6,68.505,1742519805.6169338
7,71.82,1742519805.6169338
0,70.762,1742519805.6670668
1,69.756,1742519805.6670668
2,71.672,1742519805.6670668
3,69.711,1742519805.6670668
4,70.511,1742519805.6670668
5,69.65,1742519805.6670668
6,68.505,1742519805.6670668
7,71.82,1742519805.6670668
0,70.762,1742519805.7171993
1,69.743,1742519805.7171993
2,71.672,1742519805.7171993
3,69.717,1742519805.7171993
4,70.511,1742519805.7171993
5,69.678,1742519805.7171993
6,68.505,1742519805.7171993
7,71.847,1742519805.7171993
0,70.762,1742519805.7673194
1,69.743,1742519805.7673194
2,71.665,1742519805.7673194
3,69.717,1742519805.7673194
4,70.496,1742519805.7673194
5,69.678,1742519805.7673194
6,68.505,1742519805.7673194
7,71.847,1742519805.7673194
0,70.762,1742519805.8174627
1,69.716,1742519805.8174627
2,71.665,1742519805.8174627
3,69.723,1742519805.8174627
4,70.496,1742519805.8174627
5,69.652,1742519805.8174627
6,68.503,1742519805.8174627
7,71.855,1742519805.8174627
0,70.789,1742519805.867597
1,69.716,1742519805.867597
2,71.678,1742519805.867597
3,69.723,1742519805.867597
4,70.514,1742519805.867597
5,69.652,1742519805.867597
6,68.503,1742519805.867597
7,71.855,1742519805.867597
0,70.789,1742519805.917768
1,69.716,1742519805.917768
2,71.678,1742519805.917768
3,69.73,1742519805.917768
4,70.514,1742519805.917768
5,69.668,1742519805.917768
6,68.495,1742519805.917768
7,71.856,1742519805.917768
0,70.789,1742519805.9679031
1,69.716,1742519805.9679031
2,71.678,1742519805.9679031
3,69.73,1742519805.9679031
4,70.53,1742519805.9679031
5,69.668,1742519805.9679031
6,68.495,1742519805.9679031
7,71.856,1742519805.9679031
0,70.789,1742519806.018037
1,69.702,1742519806.018037
2,71.678,1742519806.018037
3,69.744,1742519806.018037
4,70.53,1742519806.018037
5,69.674,1742519806.018037
6,68.496,1742519806.018037
7,71.834,1742519806.018037
0,70.79,1742519806.0681717
1,69.702,1742519806.0681717
2,71.678,1742519806.0681717
3,69.744,1742519806.0681717
4,70.557,1742519806.0681717
5,69.674,1742519806.0681717
6,68.496,1742519806.0681717
7,71.834,1742519806.0681717
0,70.79,1742519806.1183043
1,69.715,1742519806.1183043
2,71.678,1742519806.1183043
3,69.75,1742519806.1183043
4,70.557,1742519806.1183043
5,69.666,1742519806.1183043
6,68.476,1742519806.1183043
7,71.826,1742519806.1183043
0,70.783,1742519806.1684368
1,69.715,1742519806.1684368
2,71.686,1742519806.1684368
3,69.75,1742519806.1684368
4,70.588,1742519806.1684368
5,69.666,1742519806.1684368
6,68.476,1742519806.1684368
7,71.826,1742519806.1684368
0,70.783,1742519806.2185783
1,69.716,1742519806.2185783
2,71.686,1742519806.2185783
3,69.759,1742519806.2185783
4,70.588,1742519806.2185783
5,69.665,1742519806.2185783
6,68.499,1742519806.2185783
7,71.812,1742519806.2185783
0,70.773,1742519806.2687123
1,69.716,1742519806.2687123
2,71.685,1742519806.2687123
3,69.759,1742519806.2687123
4,70.56,1742519806.2687123
5,69.665,1742519806.2687123
6,68.499,1742519806.2687123
7,71.812,1742519806.2687123
0,70.773,1742519806.318848
1,69.735,1742519806.318848
2,71.685,1742519806.318848
3,69.745,1742519806.318848
4,70.56,1742519806.318848
5,69.666,1742519806.318848
6,68.502,1742519806.318848
7,71.826,1742519806.318848
0,70.767,1742519806.3689806
1,69.735,1742519806.3689806
2,71.666,1742519806.3689806
3,69.745,1742519806.3689806
4,70.568,1742519806.3689806
5,69.666,1742519806.3689806
6,68.502,1742519806.3689806
7,71.826,1742519806.3689806
0,70.767,1742519806.4191277
1,69.749,1742519806.4191277
2,71.666,1742519806.4191277
3,69.737,1742519806.4191277
4,70.568,1742519806.4191277
5,69.68,1742519806.4191277
6,68.516,1742519806.4191277
7,71.827,1742519806.4191277
0,70.767,1742519806.4692647
1,69.749,1742519806.4692647
2,71.646,1742519806.4692647
3,69.737,1742519806.4692647
4,70.563,1742519806.4692647
5,69.68,1742519806.4692647
6,68.516,1742519806.4692647
7,71.827,1742519806.4692647
0,70.767,1742519806.5193856
1,69.728,1742519806.5193856
2,71.646,1742519806.5193856
3,69.722,1742519806.5193856
4,70.563,1742519806.5193856
5,69.673,1742519806.5193856
6,68.496,1742519806.5193856
7,71.835,1742519806.5193856
0,70.775,1742519806.569518
1,69.728,1742519806.569518
2,71.653,1742519806.569518
3,69.722,1742519806.569518
4,70.578,1742519806.569518
5,69.673,1742519806.569518
6,68.496,1742519806.569518
7,71.835,1742519806.569518
0,70.775,1742519806.6196516
1,69.728,1742519806.6196516
2,71.653,1742519806.6196516
3,69.728,1742519806.6196516
4,70.578,1742519806.6196516
5,69.688,1742519806.6196516
6,68.486,1742519806.6196516
7,71.83,1742519806.6196516
0,70.774,1742519806.6697795
1,69.728,1742519806.6697795
2,71.681,1742519806.6697795
3,69.728,1742519806.6697795
4,70.566,1742519806.6697795
5,69.688,1742519806.6697795
6,68.486,1742519806.6697795
7,71.83,1742519806.6697795
0,70.774,1742519806.7199378
1,69.741,1742519806.7199378
2,71.681,1742519806.7199378
3,69.722,1742519806.7199378
4,70.566,1742519806.7199378
5,69.68,1742519806.7199378
6,68.473,1742519806.7199378
7,71.813,1742519806.7199378
0,70.781,1742519806.7700706
1,69.741,1742519806.7700706
2,71.687,1742519806.7700706
3,69.722,1742519806.7700706
4,70.593,1742519806.7700706
5,69.68,1742519806.7700706
6,68.473,1742519806.7700706
7,71.813,1742519806.7700706
0,70.781,1742519806.820204
1,69.756,1742519806.820204
2,71.687,1742519806.820204
3,69.729,1742519806.820204
4,70.593,1742519806.820204
5,69.679,1742519806.820204
6,68.479,1742519806.820204
7,71.804,1742519806.820204
0,70.788,1742519806.8703387
1,69.756,1742519806.8703387
2,71.675,1742519806.8703387
3,69.729,1742519806.8703387
4,70.563,1742519806.8703387
5,69.679,1742519806.8703387
6,68.479,1742519806.8703387
7,71.804,1742519806.8703387
0,70.788,1742519806.9204702
1,69.735,1742519806.9204702
2,71.675,1742519806.9204702
3,69.736,1742519806.9204702
4,70.563,1742519806.9204702
5,69.678,1742519806.9204702
6,68.48,1742519806.9204702
7,71.794,1742519806.9204702
0,70.768,1742519806.9706037
1,69.735,1742519806.9706037
2,71.681,1742519806.9706037
3,69.736,1742519806.9706037
4,70.541,1742519806.9706037
5,69.678,1742519806.9706037
6,68.48,1742519806.9706037
7,71.794,1742519806.9706037
0,70.768,1742519807.0207376
1,69.756,1742519807.0207376
2,71.681,1742519807.0207376
3,69.735,1742519807.0207376
4,70.541,1742519807.0207376
5,69.664,1742519807.0207376
6,68.476,1742519807.0207376
7,71.8,1742519807.0207376
0,70.774,1742519807.070871
1,69.756,1742519807.070871
2,71.673,1742519807.070871
3,69.735,1742519807.070871
4,70.529,1742519807.070871
5,69.664,1742519807.070871
6,68.476,1742519807.070871
7,71.8,1742519807.070871
0,70.774,1742519807.1210036
1,69.742,1742519807.1210036
2,71.673,1742519807.1210036
3,69.735,1742519807.1210036
4,70.529,1742519807.1210036
5,69.691,1742519807.1210036
6,68.48,1742519807.1210036
7,71.813,1742519807.1210036
0,70.769,1742519807.1711361
1,69.742,1742519807.1711361
2,71.667,1742519807.1711361
3,69.723,1742519807.1711361
4,70.497,1742519807.1711361
5,69.691,1742519807.1711361
6,68.48,1742519807.1711361
7,71.813,1742519807.1711361
0,70.769,1742519807.2212691
1,69.729,1742519807.2212691
2,71.667,1742519807.2212691
3,69.723,1742519807.2212691
4,70.497,1742519807.2212691
5,69.694,1742519807.2212691
6,68.457,1742519807.2212691
7,71.82,1742519807.2212691
0,70.775,1742519807.2714038
1,69.729,1742519807.2714038
2,71.673,1742519807.2714038
3,69.715,1742519807.2714038
4,70.522,1742519807.2714038
5,69.694,1742519807.2714038
6,68.457,1742519807.2714038
7,71.82,1742519807.2714038
0,70.775,1742519807.3215396
1,69.701,1742519807.3215396
2,71.673,1742519807.3215396
3,69.715,1742519807.3215396
4,70.522,1742519807.3215396
5,69.707,1742519807.3215396
6,68.473,1742519807.3215396
7,71.829,1742519807.3215396
0,70.762,1742519807.3716788
1,69.701,1742519807.3716788
2,71.693,1742519807.3716788
3,69.743,1742519807.3716788
4,70.491,1742519807.3716788
5,69.707,1742519807.3716788
6,68.473,1742519807.3716788
7,71.829,1742519807.3716788
0,70.762,1742519807.4218168
1,69.701,1742519807.4218168
2,71.693,1742519807.4218168
3,69.743,1742519807.4218168
4,70.491,1742519807.4218168
5,69.693,1742519807.4218168
6,68.473,1742519807.4218168
7,71.832,1742519807.4218168
0,70.781,1742519807.4720027
1,69.701,1742519807.4720027
2,71.706,1742519807.4720027
3,69.737,1742519807.4720027
4,70.481,1742519807.4720027
5,69.693,1742519807.4720027
6,68.473,1742519807.4720027
7,71.832,1742519807.4720027
0,70.781,1742519807.522137
1,69.694,1742519807.522137
2,71.706,1742519807.522137
3,69.737,1742519807.522137
4,70.481,1742519807.522137
5,69.687,1742519807.522137
6,68.485,1742519807.522137
7,71.815,1742519807.522137
0,70.761,1742519807.5722692
1,69.694,1742519807.5722692
2,71.712,1742519807.5722692
3,69.751,1742519807.5722692
4,70.489,1742519807.5722692
5,69.687,1742519807.5722692
6,68.485,1742519807.5722692
7,71.815,1742519807.5722692
0,70.761,1742519807.622405
1,69.708,1742519807.622405
2,71.712,1742519807.622405
3,69.751,1742519807.622405
4,70.489,1742519807.622405
5,69.686,1742519807.622405
6,68.477,1742519807.622405
7,71.827,1742519807.622405
0,70.767,1742519807.6725392
1,69.708,1742519807.6725392
2,71.699,1742519807.6725392
3,69.75,1742519807.6725392
4,70.483,1742519807.6725392
5,69.686,1742519807.6725392
6,68.477,1742519807.6725392
7,71.827,1742519807.6725392
0,70.767,1742519807.7226713
1,69.688,1742519807.7226713
2,71.699,1742519807.7226713
3,69.75,1742519807.7226713
4,70.483,1742519807.7226713
5,69.681,1742519807.7226713
6,68.476,1742519807.7226713
7,71.821,1742519807.7226713
0,70.767,1742519807.7728028
1,69.688,1742519807.7728028
2,71.687,1742519807.7728028
3,69.743,1742519807.7728028
4,70.485,1742519807.7728028
5,69.681,1742519807.7728028
6,68.476,1742519807.7728028
7,71.821,1742519807.7728028
0,70.767,1742519807.8229365
1,69.688,1742519807.8229365
2,71.687,1742519807.8229365
3,69.743,1742519807.8229365
4,70.485,1742519807.8229365
5,69.696,1742519807.8229365
6,68.47,1742519807.8229365
7,71.829,1742519807.8229365
0,70.761,1742519807.8730693
1,69.722,1742519807.8730693
2,71.686,1742519807.8730693
3,69.755,1742519807.8730693
4,70.498,1742519807.8730693
5,69.696,1742519807.8730693
6,68.47,1742519807.8730693
7,71.829,1742519807.8730693
0,70.761,1742519807.923202
1,69.722,1742519807.923202
2,71.686,1742519807.923202
3,69.755,1742519807.923202
4,70.498,1742519807.923202
5,69.682,1742519807.923202
6,68.476,1742519807.923202
7,71.825,1742519807.923202
0,70.774,1742519807.9733357
1,69.71,1742519807.9733357
2,71.694,1742519807.9733357
3,69.749,1742519807.9733357
4,70.523,1742519807.9733357
5,69.682,1742519807.9733357
6,68.476,1742519807.9733357
7,71.825,1742519807.9733357
0,70.774,1742519808.0234687
1,69.71,1742519808.0234687
2,71.694,1742519808.0234687
3,69.749,1742519808.0234687
4,70.523,1742519808.0234687
5,69.69,1742519808.0234687
6,68.473,1742519808.0234687
7,71.842,1742519808.0234687
0,70.78,1742519808.0736713
1,69.689,1742519808.0736713
2,71.7,1742519808.0736713
3,69.749,1742519808.0736713
4,70.523,1742519808.0736713
5,69.69,1742519808.0736713
6,68.473,1742519808.0736713
7,71.842,1742519808.0736713
0,70.78,1742519808.1238043
1,69.689,1742519808.1238043
2,71.7,1742519808.1238043
3,69.749,1742519808.1238043
4,70.523,1742519808.1238043
5,69.681,1742519808.1238043
6,68.482,1742519808.1238043
7,71.809,1742519808.1238043
0,70.795,1742519808.1739383
1,69.694,1742519808.1739383
2,71.7,1742519808.1739383
3,69.756,1742519808.1739383
4,70.523,1742519808.1739383
5,69.681,1742519808.1739383
6,68.482,1742519808.1739383
7,71.809,1742519808.1739383
0,70.795,1742519808.2240736
1,69.694,1742519808.2240736
2,71.7,1742519808.2240736
3,69.756,1742519808.2240736
4,70.516,1742519808.2240736
5,69.646,1742519808.2240736
6,68.505,1742519808.2240736
7,71.821,1742519808.2240736
0,70.796,1742519808.2742102
1,69.715,1742519808.2742102
2,71.7,1742519808.2742102
3,69.765,1742519808.2742102
4,70.516,1742519808.2742102
5,69.646,1742519808.2742102
6,68.505,1742519808.2742102
7,71.821,1742519808.2742102
0,70.796,1742519808.3243442
1,69.715,1742519808.3243442
2,71.694,1742519808.3243442
3,69.765,1742519808.3243442
4,70.504,1742519808.3243442
5,69.674,1742519808.3243442
6,68.499,1742519808.3243442
7,71.814,1742519808.3243442
0,70.8,1742519808.3744798
1,69.716,1742519808.3744798
2,71.694,1742519808.3744798
3,69.736,1742519808.3744798
4,70.504,1742519808.3744798
5,69.674,1742519808.3744798
6,68.499,1742519808.3744798
7,71.814,1742519808.3744798
0,70.8,1742519808.4246094
1,69.716,1742519808.4246094
2,71.674,1742519808.4246094
3,69.736,1742519808.4246094
4,70.506,1742519808.4246094
5,69.661,1742519808.4246094
6,68.488,1742519808.4246094
7,71.825,1742519808.4246094
0,70.789,1742519808.474734
1,69.709,1742519808.474734
2,71.674,1742519808.474734
3,69.737,1742519808.474734
4,70.506,1742519808.474734
5,69.661,1742519808.474734
6,68.488,1742519808.474734
7,71.825,1742519808.474734
0,70.789,1742519808.5248668
1,69.709,1742519808.5248668
2,71.659,1742519808.5248668
3,69.737,1742519808.5248668
4,70.529,1742519808.5248668
5,69.668,1742519808.5248668
6,68.496,1742519808.5248668
7,71.831,1742519808.5248668
0,70.796,1742519808.575015
1,69.688,1742519808.575015
2,71.659,1742519808.575015
3,69.729,1742519808.575015
4,70.529,1742519808.575015
5,69.668,1742519808.575015
6,68.496,1742519808.575015
7,71.831,1742519808.575015
0,70.796,1742519808.625147
1,69.688,1742519808.625147
2,71.66,1742519808.625147
3,69.729,1742519808.625147
4,70.551,1742519808.625147
5,69.667,1742519808.625147
6,68.479,1742519808.625147
7,71.85,1742519808.625147
0,70.786,1742519808.6752825
1,69.701,1742519808.6752825
2,71.66,1742519808.6752825
3,69.716,1742519808.6752825
4,70.551,1742519808.6752825
5,69.667,1742519808.6752825
6,68.479,1742519808.6752825
7,71.85,1742519808.6752825
0,70.786,1742519808.7254195
1,69.701,1742519808.7254195
2,71.66,1742519808.7254195
3,69.716,1742519808.7254195
4,70.541,1742519808.7254195
5,69.674,1742519808.7254195
6,68.482,1742519808.7254195
7,71.859,1742519808.7254195
0,70.8,1742519808.7755535
1,69.688,1742519808.7755535
2,71.66,1742519808.7755535
3,69.73,1742519808.7755535
4,70.541,1742519808.7755535
5,69.674,1742519808.7755535
6,68.482,1742519808.7755535
7,71.859,1742519808.7755535
0,70.8,1742519808.8256848
1,69.688,1742519808.8256848
2,71.659,1742519808.8256848
3,69.73,1742519808.8256848
4,70.521,1742519808.8256848
5,69.673,1742519808.8256848
6,68.462,1742519808.8256848
7,71.853,1742519808.8256848
0,70.783,1742519808.8758512
1,69.694,1742519808.8758512
2,71.659,1742519808.8758512
3,69.723,1742519808.8758512
4,70.521,1742519808.8758512
5,69.673,1742519808.8758512
6,68.462,1742519808.8758512
7,71.853,1742519808.8758512
0,70.783,1742519808.9259825
1,69.694,1742519808.9259825
2,71.653,1742519808.9259825
3,69.723,1742519808.9259825
4,70.547,1742519808.9259825
5,69.659,1742519808.9259825
6,68.472,1742519808.9259825
7,71.847,1742519808.9259825
0,70.777,1742519808.976122
1,69.687,1742519808.976122
2,71.653,1742519808.976122
3,69.729,1742519808.976122
4,70.547,1742519808.976122
5,69.659,1742519808.976122
6,68.472,1742519808.976122
7,71.847,1742519808.976122
0,70.777,1742519809.026255
1,69.687,1742519809.026255
2,71.639,1742519809.026255
3,69.729,1742519809.026255
4,70.516,1742519809.026255
5,69.659,1742519809.026255
6,68.491,1742519809.026255
7,71.859,1742519809.026255
0,70.77,1742519809.0763886
1,69.714,1742519809.0763886
2,71.639,1742519809.0763886
3,69.738,1742519809.0763886
4,70.516,1742519809.0763886
5,69.659,1742519809.0763886
6,68.491,1742519809.0763886
7,71.859,1742519809.0763886
0,70.77,1742519809.1265242
1,69.714,1742519809.1265242
2,71.626,1742519809.1265242
3,69.738,1742519809.1265242
4,70.532,1742519809.1265242
5,69.639,1742519809.1265242
6,68.478,1742519809.1265242
7,71.872,1742519809.1265242
0,70.77,1742519809.176662
1,69.708,1742519809.176662
2,71.626,1742519809.176662
3,69.738,1742519809.176662
4,70.532,1742519809.176662
5,69.639,1742519809.176662
6,68.478,1742519809.176662
7,71.872,1742519809.176662
0,70.77,1742519809.2267935
1,69.708,1742519809.2267935
2,71.633,1742519809.2267935
3,69.738,1742519809.2267935
4,70.552,1742519809.2267935
5,69.646,1742519809.2267935
6,68.463,1742519809.2267935
7,71.871,1742519809.2267935
0,70.756,1742519809.2769146
1,69.722,1742519809.2769146
2,71.633,1742519809.2769146
3,69.73,1742519809.2769146
4,70.552,1742519809.2769146
5,69.646,1742519809.2769146
6,68.463,1742519809.2769146
7,71.871,1742519809.2769146
0,70.756,1742519809.3270476
1,69.722,1742519809.3270476
2,71.625,1742519809.3270476
3,69.73,1742519809.3270476
4,70.572,1742519809.3270476
5,69.645,1742519809.3270476
6,68.436,1742519809.3270476
7,71.866,1742519809.3270476
0,70.77,1742519809.3771808
1,69.708,1742519809.3771808
2,71.625,1742519809.3771808
3,69.731,1742519809.3771808
4,70.572,1742519809.3771808
5,69.645,1742519809.3771808
6,68.436,1742519809.3771808
7,71.866,1742519809.3771808
0,70.77,1742519809.427303
1,69.708,1742519809.427303
2,71.632,1742519809.427303
3,69.731,1742519809.427303
4,70.59,1742519809.427303
5,69.653,1742519809.427303
6,68.437,1742519809.427303
7,71.856,1742519809.427303
0,70.77,1742519809.4774368
1,69.729,1742519809.4774368
2,71.632,1742519809.4774368
3,69.731,1742519809.4774368
4,70.59,1742519809.4774368
5,69.653,1742519809.4774368
6,68.437,1742519809.4774368
7,71.856,1742519809.4774368
0,70.764,1742519809.527572
1,69.729,1742519809.527572
2,71.626,1742519809.527572
3,69.731,1742519809.527572
4,70.556,1742519809.527572
5,69.657,1742519809.527572
6,68.415,1742519809.527572
7,71.855,1742519809.527572
0,70.764,1742519809.5777373
1,69.722,1742519809.5777373
2,71.626,1742519809.5777373
3,69.743,1742519809.5777373
4,70.556,1742519809.5777373
5,69.657,1742519809.5777373
6,68.415,1742519809.5777373
7,71.855,1742519809.5777373
0,70.778,1742519809.6278732
1,69.722,1742519809.6278732
2,71.619,1742519809.6278732
3,69.743,1742519809.6278732
4,70.577,1742519809.6278732
5,69.638,1742519809.6278732
6,68.43,1742519809.6278732
7,71.82,1742519809.6278732
0,70.778,1742519809.678008
1,69.75,1742519809.678008
2,71.619,1742519809.678008
3,69.737,1742519809.678008
4,70.577,1742519809.678008
5,69.638,1742519809.678008
6,68.43,1742519809.678008
7,71.82,1742519809.678008
0,70.784,1742519809.7281344
1,69.75,1742519809.7281344
2,71.626,1742519809.7281344
3,69.737,1742519809.7281344
4,70.573,1742519809.7281344
5,69.652,1742519809.7281344
6,68.44,1742519809.7281344
7,71.824,1742519809.7281344
0,70.784,1742519809.7782679
1,69.722,1742519809.7782679
2,71.626,1742519809.7782679
3,69.723,1742519809.7782679
4,70.573,1742519809.7782679
5,69.652,1742519809.7782679
6,68.44,1742519809.7782679
7,71.824,1742519809.7782679
0,70.756,1742519809.828401
1,69.722,1742519809.828401
2,71.619,1742519809.828401
3,69.723,1742519809.828401
4,70.571,1742519809.828401
5,69.631,1742519809.828401
6,68.447,1742519809.828401
7,71.823,1742519809.828401
0,70.756,1742519809.8785377
1,69.742,1742519809.8785377
2,71.619,1742519809.8785377
3,69.715,1742519809.8785377
4,70.571,1742519809.8785377
5,69.631,1742519809.8785377
6,68.447,1742519809.8785377
7,71.823,1742519809.8785377
0,70.781,1742519809.9286735
1,69.742,1742519809.9286735
2,71.613,1742519809.9286735
3,69.715,1742519809.9286735
4,70.551,1742519809.9286735
5,69.653,1742519809.9286735
6,68.45,1742519809.9286735
7,71.83,1742519809.9286735
0,70.781,1742519809.9788094
1,69.736,1742519809.9788094
2,71.613,1742519809.9788094
3,69.702,1742519809.9788094
4,70.551,1742519809.9788094
5,69.653,1742519809.9788094
6,68.45,1742519809.9788094
7,71.83,1742519809.9788094
0,70.795,1742519810.0289307
1,69.736,1742519810.0289307
2,71.621,1742519810.0289307
3,69.702,1742519810.0289307
4,70.555,1742519810.0289307
5,69.658,1742519810.0289307
6,68.43,1742519810.0289307
7,71.816,1742519810.0289307
0,70.795,1742519810.079065
1,69.75,1742519810.079065
2,71.621,1742519810.079065
3,69.694,1742519810.079065
4,70.555,1742519810.079065
5,69.658,1742519810.079065
6,68.43,1742519810.079065
7,71.816,1742519810.079065
0,70.81,1742519810.129199
1,69.75,1742519810.129199
2,71.635,1742519810.129199
3,69.694,1742519810.129199
4,70.559,1742519810.129199
5,69.672,1742519810.129199
6,68.43,1742519810.129199
7,71.809,1742519810.129199
0,70.81,1742519810.179332
1,69.735,1742519810.179332
2,71.635,1742519810.179332
3,69.687,1742519810.179332
4,70.559,1742519810.179332
5,69.672,1742519810.179332
6,68.43,1742519810.179332
7,71.809,1742519810.179332
0,70.82,1742519810.2294645
1,69.735,1742519810.2294645
2,71.622,1742519810.2294645
3,69.687,1742519810.2294645
4,70.553,1742519810.2294645
5,69.677,1742519810.2294645
6,68.42,1742519810.2294645
7,71.789,1742519810.2294645
0,70.82,1742519810.2795858
1,69.742,1742519810.2795858
2,71.622,1742519810.2795858
3,69.7,1742519810.2795858
4,70.553,1742519810.2795858
5,69.677,1742519810.2795858
6,68.42,1742519810.2795858
7,71.789,1742519810.2795858
0,70.814,1742519810.3297253
1,69.742,1742519810.3297253
2,71.655,1742519810.3297253
3,69.7,1742519810.3297253
4,70.534,1742519810.3297253
5,69.657,1742519810.3297253
6,68.427,1742519810.3297253
7,71.771,1742519810.3297253
0,70.814,1742519810.3798568
1,69.715,1742519810.3798568
2,71.655,1742519810.3798568
3,69.688,1742519810.3798568
4,70.534,1742519810.3798568
5,69.657,1742519810.3798568
6,68.427,1742519810.3798568
7,71.771,1742519810.3798568
0,70.803,1742519810.429979
1,69.715,1742519810.429979
2,71.648,1742519810.429979
3,69.688,1742519810.429979
4,70.525,1742519810.429979
5,69.665,1742519810.429979
6,68.462,1742519810.429979
7,71.796,1742519810.429979
0,70.803,1742519810.4801009
1,69.736,1742519810.4801009
2,71.648,1742519810.4801009
3,69.686,1742519810.4801009
4,70.525,1742519810.4801009
5,69.665,1742519810.4801009
6,68.462,1742519810.4801009
7,71.796,1742519810.4801009
0,70.781,1742519810.5302315
1,69.736,1742519810.5302315
2,71.655,1742519810.5302315
3,69.686,1742519810.5302315
4,70.485,1742519810.5302315
5,69.645,1742519810.5302315
6,68.465,1742519810.5302315
7,71.794,1742519810.5302315
0,70.781,1742519810.5803664
1,69.729,1742519810.5803664
2,71.655,1742519810.5803664
3,69.688,1742519810.5803664
4,70.485,1742519810.5803664
5,69.645,1742519810.5803664
6,68.465,1742519810.5803664
7,71.794,1742519810.5803664
0,70.782,1742519810.6305377
1,69.729,1742519810.6305377
2,71.655,1742519810.6305377
3,69.688,1742519810.6305377
4,70.495,1742519810.6305377
5,69.679,1742519810.6305377
6,68.462,1742519810.6305377
7,71.786,1742519810.6305377
0,70.782,1742519810.6806715
1,69.748,1742519810.6806715
2,71.655,1742519810.6806715
3,69.688,1742519810.6806715
4,70.495,1742519810.6806715
5,69.679,1742519810.6806715
6,68.462,1742519810.6806715
7,71.786,1742519810.6806715
0,70.783,1742519810.7307951
1,69.748,1742519810.7307951
2,71.648,1742519810.7307951
3,69.688,1742519810.7307951
4,70.515,1742519810.7307951
5,69.685,1742519810.7307951
6,68.459,1742519810.7307951
7,71.81,1742519810.7307951
0,70.783,1742519810.7809289
1,69.722,1742519810.7809289
2,71.648,1742519810.7809289
3,69.701,1742519810.7809289
4,70.515,1742519810.7809289
5,69.685,1742519810.7809289
6,68.459,1742519810.7809289
7,71.81,1742519810.7809289
0,70.783,1742519810.831062
1,69.722,1742519810.831062
2,71.674,1742519810.831062
3,69.701,1742519810.831062
4,70.501,1742519810.831062
5,69.685,1742519810.831062
6,68.455,1742519810.831062
7,71.818,1742519810.831062
0,70.783,1742519810.8811939
1,69.736,1742519810.8811939
2,71.674,1742519810.8811939
3,69.715,1742519810.8811939
4,70.501,1742519810.8811939
5,69.671,1742519810.8811939
6,68.455,1742519810.8811939
7,71.818,1742519810.8811939
0,70.775,1742519810.9313252
1,69.736,1742519810.9313252
2,71.674,1742519810.9313252
3,69.715,1742519810.9313252
4,70.505,1742519810.9313252
5,69.671,1742519810.9313252
6,68.455,1742519810.9313252
7,71.818,1742519810.9313252
0,70.775,1742519810.981449
1,69.716,1742519810.981449
2,71.674,1742519810.981449
3,69.715,1742519810.981449
4,70.505,1742519810.981449
5,69.691,1742519810.981449
6,68.445,1742519810.981449
7,71.82,1742519810.981449
0,70.769,1742519811.031583
1,69.716,1742519811.031583
2,71.674,1742519811.031583
3,69.715,1742519811.031583
4,70.513,1742519811.031583
5,69.691,1742519811.031583
6,68.445,1742519811.031583
7,71.82,1742519811.031583
0,70.769,1742519811.0817199
1,69.73,1742519811.0817199
2,71.674,1742519811.0817199
3,69.729,1742519811.0817199
4,70.513,1742519811.0817199
5,69.665,1742519811.0817199
6,68.433,1742519811.0817199
7,71.821,1742519811.0817199
0,70.755,1742519811.1318517
1,69.73,1742519811.1318517
2,71.667,1742519811.1318517
3,69.729,1742519811.1318517
4,70.506,1742519811.1318517
5,69.665,1742519811.1318517
6,68.433,1742519811.1318517
7,71.821,1742519811.1318517
0,70.755,1742519811.181976
1,69.723,1742519811.181976
2,71.667,1742519811.181976
3,69.734,1742519811.181976
4,70.506,1742519811.181976
5,69.679,1742519811.181976
6,68.439,1742519811.181976
7,71.826,1742519811.181976
0,70.749,1742519811.2321098
1,69.723,1742519811.2321098
2,71.674,1742519811.2321098
3,69.734,1742519811.2321098
4,70.503,1742519811.2321098
5,69.679,1742519811.2321098
6,68.439,1742519811.2321098
7,71.826,1742519811.2321098
0,70.749,1742519811.2822433
1,69.73,1742519811.2822433
2,71.674,1742519811.2822433
3,69.735,1742519811.2822433
4,70.503,1742519811.2822433
5,69.671,1742519811.2822433
6,68.446,1742519811.2822433
7,71.836,1742519811.2822433
0,70.756,1742519811.3323994
1,69.73,1742519811.3323994
2,71.654,1742519811.3323994
3,69.735,1742519811.3323994
4,70.476,1742519811.3323994
5,69.671,1742519811.3323994
6,68.446,1742519811.3323994
7,71.836,1742519811.3323994
0,70.756,1742519811.3825648
1,69.736,1742519811.3825648
2,71.654,1742519811.3825648
3,69.747,1742519811.3825648
4,70.476,1742519811.3825648
5,69.692,1742519811.3825648
6,68.465,1742519811.3825648
7,71.847,1742519811.3825648
0,70.756,1742519811.4326963
1,69.736,1742519811.4326963
2,71.667,1742519811.4326963
3,69.747,1742519811.4326963
4,70.484,1742519811.4326963
5,69.692,1742519811.4326963
6,68.465,1742519811.4326963
7,71.847,1742519811.4326963
0,70.756,1742519811.4828203
1,69.723,1742519811.4828203
2,71.667,1742519811.4828203
3,69.756,1742519811.4828203
4,70.484,1742519811.4828203
5,69.704,1742519811.4828203
6,68.472,1742519811.4828203
7,71.85,1742519811.4828203
0,70.773,1742519811.5329506
1,69.723,1742519811.5329506
2,71.667,1742519811.5329506
3,69.756,1742519811.5329506
4,70.503,1742519811.5329506
5,69.704,1742519811.5329506
6,68.472,1742519811.5329506
7,71.85,1742519811.5329506
0,70.773,1742519811.5830824
1,69.703,1742519811.5830824
2,71.667,1742519811.5830824
3,69.754,1742519811.5830824
4,70.503,1742519811.5830824
5,69.677,1742519811.5830824
6,68.475,1742519811.5830824
7,71.825,1742519811.5830824
0,70.773,1742519811.6332195
1,69.703,1742519811.6332195
2,71.674,1742519811.6332195
3,69.754,1742519811.6332195
4,70.505,1742519811.6332195
5,69.677,1742519811.6332195
6,68.475,1742519811.6332195
7,71.825,1742519811.6332195
0,70.773,1742519811.683351
1,69.698,1742519811.683351
2,71.674,1742519811.683351
3,69.769,1742519811.683351
4,70.505,1742519811.683351
5,69.683,1742519811.683351
6,68.481,1742519811.683351
7,71.846,1742519811.683351
0,70.759,1742519811.7334867
1,69.698,1742519811.7334867
2,71.681,1742519811.7334867
3,69.769,1742519811.7334867
4,70.512,1742519811.7334867
5,69.683,1742519811.7334867
6,68.481,1742519811.7334867
7,71.846,1742519811.7334867
0,70.759,1742519811.783621
1,69.69,1742519811.783621
2,71.681,1742519811.783621
3,69.769,1742519811.783621
4,70.512,1742519811.783621
5,69.643,1742519811.783621
6,68.478,1742519811.783621
7,71.826,1742519811.783621
0,70.765,1742519811.8337421
1,69.69,1742519811.8337421
2,71.675,1742519811.8337421
3,69.769,1742519811.8337421
4,70.53,1742519811.8337421
5,69.643,1742519811.8337421
6,68.478,1742519811.8337421
7,71.826,1742519811.8337421
0,70.765,1742519811.883864
1,69.703,1742519811.883864
2,71.675,1742519811.883864
3,69.755,1742519811.883864
4,70.53,1742519811.883864
5,69.671,1742519811.883864
6,68.475,1742519811.883864
7,71.82,1742519811.883864
0,70.781,1742519811.9339945
1,69.703,1742519811.9339945
2,71.674,1742519811.9339945
3,69.755,1742519811.9339945
4,70.515,1742519811.9339945
5,69.671,1742519811.9339945
6,68.475,1742519811.9339945
7,71.82,1742519811.9339945
0,70.781,1742519811.9841945
1,69.716,1742519811.9841945
2,71.674,1742519811.9841945
3,69.755,1742519811.9841945
4,70.515,1742519811.9841945
5,69.664,1742519811.9841945
6,68.482,1742519811.9841945
7,71.819,1742519811.9841945
0,70.774,1742519812.0343087
1,69.716,1742519812.0343087
2,71.674,1742519812.0343087
3,69.755,1742519812.0343087
4,70.503,1742519812.0343087
5,69.664,1742519812.0343087
6,68.482,1742519812.0343087
7,71.819,1742519812.0343087
0,70.774,1742519812.084442
1,69.71,1742519812.084442
2,71.674,1742519812.084442
3,69.727,1742519812.084442
4,70.503,1742519812.084442
5,69.671,1742519812.084442
6,68.501,1742519812.084442
7,71.826,1742519812.084442
0,70.772,1742519812.134569
1,69.71,1742519812.134569
2,71.681,1742519812.134569
3,69.727,1742519812.134569
4,70.53,1742519812.134569
5,69.671,1742519812.134569
6,68.501,1742519812.134569
7,71.826,1742519812.134569
0,70.772,1742519812.1846936
1,69.696,1742519812.1846936
2,71.681,1742519812.1846936
3,69.714,1742519812.1846936
4,70.53,1742519812.1846936
5,69.677,1742519812.1846936
6,68.501,1742519812.1846936
7,71.828,1742519812.1846936
0,70.774,1742519812.234818
1,69.696,1742519812.234818
2,71.687,1742519812.234818
3,69.714,1742519812.234818
4,70.54,1742519812.234818
5,69.677,1742519812.234818
6,68.501,1742519812.234818
7,71.828,1742519812.234818
0,70.774,1742519812.285015
1,69.702,1742519812.285015
2,71.687,1742519812.285015
3,69.738,1742519812.285015
4,70.54,1742519812.285015
5,69.656,1742519812.285015
6,68.519,1742519812.285015
7,71.823,1742519812.285015
0,70.789,1742519812.3351414
1,69.702,1742519812.3351414
2,71.7,1742519812.3351414
3,69.738,1742519812.3351414
4,70.595,1742519812.3351414
5,69.656,1742519812.3351414
6,68.519,1742519812.3351414
7,71.823,1742519812.3351414
0,70.789,1742519812.3852642
1,69.689,1742519812.3852642
2,71.7,1742519812.3852642
3,69.733,1742519812.3852642
4,70.595,1742519812.3852642
5,69.664,1742519812.3852642
6,68.513,1742519812.3852642
7,71.828,1742519812.3852642
0,70.788,1742519812.4353874
1,69.689,1742519812.4353874
2,71.707,1742519812.4353874
3,69.733,1742519812.4353874
4,70.598,1742519812.4353874
5,69.664,1742519812.4353874
6,68.513,1742519812.4353874
7,71.828,1742519812.4353874
0,70.788,1742519812.4855208
1,69.716,1742519812.4855208
2,71.707,1742519812.4855208
3,69.746,1742519812.4855208
4,70.598,1742519812.4855208
5,69.63,1742519812.4855208
6,68.515,1742519812.4855208
7,71.827,1742519812.4855208
0,70.782,1742519812.5356538
1,69.716,1742519812.5356538
2,71.706,1742519812.5356538
3,69.746,1742519812.5356538
4,70.601,1742519812.5356538
5,69.63,1742519812.5356538
6,68.515,1742519812.5356538
7,71.827,1742519812.5356538
0,70.782,1742519812.5857885
1,69.709,1742519812.5857885
2,71.706,1742519812.5857885
3,69.767,1742519812.5857885
4,70.601,1742519812.5857885
5,69.665,1742519812.5857885
6,68.481,1742519812.5857885
7,71.833,1742519812.5857885
0,70.769,1742519812.6358874
1,69.709,1742519812.6358874
2,71.699,1742519812.6358874
3,69.767,1742519812.6358874
4,70.579,1742519812.6358874
5,69.665,1742519812.6358874
6,68.481,1742519812.6358874
7,71.833,1742519812.6358874
0,70.769,1742519812.6859689
1,69.729,1742519812.6859689
2,71.699,1742519812.6859689
3,69.747,1742519812.6859689
4,70.579,1742519812.6859689
5,69.665,1742519812.6859689
6,68.477,1742519812.6859689
7,71.828,1742519812.6859689
0,70.769,1742519812.7360876
1,69.729,1742519812.7360876
2,71.693,1742519812.7360876
3,69.747,1742519812.7360876
4,70.575,1742519812.7360876
5,69.665,1742519812.7360876
6,68.477,1742519812.7360876
7,71.828,1742519812.7360876
0,70.769,1742519812.7862036
1,69.708,1742519812.7862036
2,71.693,1742519812.7862036
3,69.747,1742519812.7862036
4,70.575,1742519812.7862036
5,69.651,1742519812.7862036
6,68.462,1742519812.7862036
7,71.852,1742519812.7862036
0,70.776,1742519812.8363442
1,69.708,1742519812.8363442
2,71.698,1742519812.8363442
3,69.733,1742519812.8363442
4,70.558,1742519812.8363442
5,69.651,1742519812.8363442
6,68.462,1742519812.8363442
7,71.852,1742519812.8363442
0,70.776,1742519812.8864818
1,69.729,1742519812.8864818
2,71.698,1742519812.8864818
3,69.733,1742519812.8864818
4,70.558,1742519812.8864818
5,69.663,1742519812.8864818
6,68.471,1742519812.8864818
7,71.829,1742519812.8864818
0,70.783,1742519812.9366157
1,69.729,1742519812.9366157
2,71.711,1742519812.9366157
3,69.739,1742519812.9366157
4,70.556,1742519812.9366157
5,69.663,1742519812.9366157
6,68.471,1742519812.9366157
7,71.829,1742519812.9366157
0,70.783,1742519812.986751
1,69.709,1742519812.986751
2,71.711,1742519812.986751
3,69.739,1742519812.986751
4,70.556,1742519812.986751
5,69.65,1742519812.986751
6,68.474,1742519812.986751
7,71.829,1742519812.986751
0,70.768,1742519813.036885
1,69.709,1742519813.036885
2,71.731,1742519813.036885
3,69.748,1742519813.036885
4,70.553,1742519813.036885
5,69.65,1742519813.036885
6,68.474,1742519813.036885
7,71.829,1742519813.036885
0,70.768,1742519813.0870228
1,69.737,1742519813.0870228
2,71.731,1742519813.0870228
3,69.748,1742519813.0870228
4,70.553,1742519813.0870228
5,69.679,1742519813.0870228
6,68.494,1742519813.0870228
7,71.838,1742519813.0870228
0,70.767,1742519813.1371884
1,69.737,1742519813.1371884
2,71.71,1742519813.1371884
3,69.762,1742519813.1371884
4,70.532,1742519813.1371884
5,69.679,1742519813.1371884
6,68.494,1742519813.1371884
7,71.838,1742519813.1371884
0,70.767,1742519813.187362
1,69.736,1742519813.187362
2,71.71,1742519813.187362
3,69.762,1742519813.187362
4,70.532,1742519813.187362
5,69.659,1742519813.187362
6,68.488,1742519813.187362
7,71.826,1742519813.187362
0,70.754,1742519813.2375338
1,69.736,1742519813.2375338
2,71.723,1742519813.2375338
3,69.76,1742519813.2375338
4,70.521,1742519813.2375338
5,69.659,1742519813.2375338
6,68.488,1742519813.2375338
7,71.826,1742519813.2375338
0,70.754,1742519813.287691
1,69.736,1742519813.287691
2,71.723,1742519813.287691
3,69.76,1742519813.287691
4,70.521,1742519813.287691
5,69.673,1742519813.287691
6,68.456,1742519813.287691
7,71.833,1742519813.287691
0,70.746,1742519813.3378396
1,69.736,1742519813.3378396
2,71.723,1742519813.3378396
3,69.736,1742519813.3378396
4,70.521,1742519813.3378396
5,69.673,1742519813.3378396
6,68.456,1742519813.3378396
7,71.833,1742519813.3378396
0,70.746,1742519813.3879895
1,69.716,1742519813.3879895
2,71.723,1742519813.3879895
3,69.736,1742519813.3879895
4,70.512,1742519813.3879895
5,69.671,1742519813.3879895
6,68.469,1742519813.3879895
7,71.84,1742519813.3879895
0,70.76,1742519813.4381344
1,69.716,1742519813.4381344
2,71.699,1742519813.4381344
3,69.736,1742519813.4381344
4,70.512,1742519813.4381344
5,69.671,1742519813.4381344
6,68.469,1742519813.4381344
7,71.84,1742519813.4381344
0,70.76,1742519813.4883118
1,69.716,1742519813.4883118
2,71.699,1742519813.4883118
3,69.736,1742519813.4883118
4,70.506,1742519813.4883118
5,69.664,1742519813.4883118
6,68.456,1742519813.4883118
7,71.84,1742519813.4883118
0,70.773,1742519813.5384686
1,69.715,1742519813.5384686
2,71.697,1742519813.5384686
3,69.722,1742519813.5384686
4,70.495,1742519813.5384686
5,69.664,1742519813.5384686
6,68.456,1742519813.5384686
7,71.84,1742519813.5384686
0,70.773,1742519813.5886297
1,69.715,1742519813.5886297
2,71.697,1742519813.5886297
3,69.722,1742519813.5886297
4,70.495,1742519813.5886297
5,69.669,1742519813.5886297
6,68.472,1742519813.5886297
7,71.831,1742519813.5886297
0,70.786,1742519813.638787
1,69.709,1742519813.638787
2,71.697,1742519813.638787
3,69.716,1742519813.638787
4,70.505,1742519813.638787
5,69.669,1742519813.638787
6,68.472,1742519813.638787
7,71.831,1742519813.638787
0,70.786,1742519813.6889355
1,69.709,1742519813.6889355
2,71.705,1742519813.6889355
3,69.716,1742519813.6889355
4,70.505,1742519813.6889355
5,69.67,1742519813.6889355
6,68.476,1742519813.6889355
7,71.825,1742519813.6889355
0,70.78,1742519813.7390666
1,69.708,1742519813.7390666
2,71.705,1742519813.7390666
3,69.73,1742519813.7390666
4,70.496,1742519813.7390666
5,69.67,1742519813.7390666
6,68.476,1742519813.7390666
7,71.825,1742519813.7390666
0,70.78,1742519813.789204
1,69.708,1742519813.789204
2,71.698,1742519813.789204
3,69.73,1742519813.789204
4,70.496,1742519813.789204
5,69.671,1742519813.789204
6,68.492,1742519813.789204
7,71.826,1742519813.789204
0,70.781,1742519813.8393638
1,69.695,1742519813.8393638
2,71.698,1742519813.8393638
3,69.716,1742519813.8393638
4,70.497,1742519813.8393638
5,69.671,1742519813.8393638
6,68.492,1742519813.8393638
7,71.826,1742519813.8393638
0,70.781,1742519813.8895411
1,69.695,1742519813.8895411
2,71.697,1742519813.8895411
3,69.716,1742519813.8895411
4,70.497,1742519813.8895411
5,69.645,1742519813.8895411
6,68.496,1742519813.8895411
7,71.821,1742519813.8895411
0,70.77,1742519813.9397902
1,69.722,1742519813.9397902
2,71.697,1742519813.9397902
3,69.697,1742519813.9397902
4,70.493,1742519813.9397902
5,69.645,1742519813.9397902
6,68.496,1742519813.9397902
7,71.821,1742519813.9397902
0,70.77,1742519813.9899518
1,69.722,1742519813.9899518
2,71.685,1742519813.9899518
3,69.697,1742519813.9899518
4,70.493,1742519813.9899518
5,69.658,1742519813.9899518
6,68.479,1742519813.9899518
7,71.822,1742519813.9899518
0,70.768,1742519814.0401149
1,69.714,1742519814.0401149
2,71.685,1742519814.0401149
3,69.703,1742519814.0401149
4,70.529,1742519814.0401149
5,69.658,1742519814.0401149
6,68.479,1742519814.0401149
7,71.822,1742519814.0401149
0,70.768,1742519814.0902681
1,69.714,1742519814.0902681
2,71.671,1742519814.0902681
3,69.703,1742519814.0902681
4,70.529,1742519814.0902681
5,69.67,1742519814.0902681
6,68.496,1742519814.0902681
7,71.834,1742519814.0902681
0,70.782,1742519814.1404333
1,69.714,1742519814.1404333
2,71.671,1742519814.1404333
3,69.691,1742519814.1404333
4,70.529,1742519814.1404333
5,69.67,1742519814.1404333
6,68.496,1742519814.1404333
7,71.834,1742519814.1404333
0,70.782,1742519814.1905847
1,69.714,1742519814.1905847
2,71.671,1742519814.1905847
3,69.691,1742519814.1905847
4,70.518,1742519814.1905847
5,69.67,1742519814.1905847
6,68.496,1742519814.1905847
7,71.848,1742519814.1905847
0,70.791,1742519814.240732
1,69.695,1742519814.240732
2,71.671,1742519814.240732
3,69.683,1742519814.240732
4,70.518,1742519814.240732
5,69.67,1742519814.240732
6,68.496,1742519814.240732
7,71.848,1742519814.240732
0,70.791,1742519814.2908905
1,69.695,1742519814.2908905
2,71.658,1742519814.2908905
3,69.683,1742519814.2908905
4,70.502,1742519814.2908905
5,69.69,1742519814.2908905
6,68.495,1742519814.2908905
7,71.853,1742519814.2908905
0,70.784,1742519814.3410432
1,69.703,1742519814.3410432
2,71.658,1742519814.3410432
3,69.703,1742519814.3410432
4,70.502,1742519814.3410432
5,69.69,1742519814.3410432
6,68.495,1742519814.3410432
7,71.853,1742519814.3410432
0,70.784,1742519814.3911948
1,69.703,1742519814.3911948
2,71.651,1742519814.3911948
3,69.703,1742519814.3911948
4,70.511,1742519814.3911948
5,69.69,1742519814.3911948
6,68.486,1742519814.3911948
7,71.847,1742519814.3911948
0,70.798,1742519814.4413512
1,69.722,1742519814.4413512
2,71.651,1742519814.4413512
3,69.716,1742519814.4413512
4,70.511,1742519814.4413512
5,69.69,1742519814.4413512
6,68.486,1742519814.4413512
7,71.847,1742519814.4413512
0,70.798,1742519814.4915109
1,69.722,1742519814.4915109
2,71.652,1742519814.4915109
3,69.716,1742519814.4915109
4,70.527,1742519814.4915109
5,69.691,1742519814.4915109
6,68.479,1742519814.4915109
7,71.832,1742519814.4915109
0,70.784,1742519814.541685
1,69.716,1742519814.541685
2,71.652,1742519814.541685
3,69.716,1742519814.541685
4,70.527,1742519814.541685
5,69.691,1742519814.541685
6,68.479,1742519814.541685
7,71.832,1742519814.541685
0,70.784,1742519814.5918486
1,69.716,1742519814.5918486
2,71.646,1742519814.5918486
3,69.716,1742519814.5918486
4,70.53,1742519814.5918486
5,69.671,1742519814.5918486
6,68.473,1742519814.5918486
7,71.838,1742519814.5918486
0,70.784,1742519814.6420317
1,69.736,1742519814.6420317
2,71.646,1742519814.6420317
3,69.735,1742519814.6420317
4,70.53,1742519814.6420317
5,69.671,1742519814.6420317
6,68.473,1742519814.6420317
7,71.838,1742519814.6420317
0,70.784,1742519814.6921864
1,69.736,1742519814.6921864
2,71.64,1742519814.6921864
3,69.735,1742519814.6921864
4,70.559,1742519814.6921864
5,69.671,1742519814.6921864
6,68.469,1742519814.6921864
7,71.85,1742519814.6921864
0,70.798,1742519814.7423358
1,69.723,1742519814.7423358
2,71.64,1742519814.7423358
3,69.722,1742519814.7423358
4,70.559,1742519814.7423358
5,69.671,1742519814.7423358
6,68.469,1742519814.7423358
7,71.85,1742519814.7423358
0,70.798,1742519814.7924702
1,69.723,1742519814.7924702
2,71.627,1742519814.7924702
3,69.722,1742519814.7924702
4,70.587,1742519814.7924702
5,69.683,1742519814.7924702
6,68.483,1742519814.7924702
7,71.851,1742519814.7924702
0,70.776,1742519814.8426661
1,69.742,1742519814.8426661
2,71.627,1742519814.8426661
3,69.723,1742519814.8426661
4,70.587,1742519814.8426661
5,69.683,1742519814.8426661
6,68.483,1742519814.8426661
7,71.851,1742519814.8426661
0,70.776,1742519814.8927946
1,69.742,1742519814.8927946
2,71.627,1742519814.8927946
3,69.723,1742519814.8927946
4,70.599,1742519814.8927946
5,69.669,1742519814.8927946
6,68.482,1742519814.8927946
7,71.863,1742519814.8927946
0,70.789,1742519814.9429297
1,69.716,1742519814.9429297
2,71.627,1742519814.9429297
3,69.749,1742519814.9429297
4,70.599,1742519814.9429297
5,69.669,1742519814.9429297
6,68.482,1742519814.9429297
7,71.863,1742519814.9429297
0,70.789,1742519814.9930785
1,69.716,1742519814.9930785
2,71.614,1742519814.9930785
3,69.749,1742519814.9930785
4,70.597,1742519814.9930785
5,69.704,1742519814.9930785
6,68.476,1742519814.9930785
7,71.857,1742519814.9930785
0,70.803,1742519815.043211
1,69.724,1742519815.043211
2,71.614,1742519815.043211
3,69.763,1742519815.043211
4,70.597,1742519815.043211
5,69.704,1742519815.043211
6,68.476,1742519815.043211
7,71.857,1742519815.043211
0,70.803,1742519815.0933878
1,69.724,1742519815.0933878
2,71.621,1742519815.0933878
3,69.763,1742519815.0933878
4,70.569,1742519815.0933878
5,69.677,1742519815.0933878
6,68.46,1742519815.0933878
7,71.842,1742519815.0933878
0,70.799,1742519815.1435163
1,69.711,1742519815.1435163
2,71.621,1742519815.1435163
3,69.77,1742519815.1435163
4,70.569,1742519815.1435163
5,69.677,1742519815.1435163
6,68.46,1742519815.1435163
7,71.842,1742519815.1435163
0,70.799,1742519815.1936874
1,69.711,1742519815.1936874
2,71.622,1742519815.1936874
3,69.77,1742519815.1936874
4,70.564,1742519815.1936874
5,69.684,1742519815.1936874
6,68.46,1742519815.1936874
7,71.836,1742519815.1936874
0,70.799,1742519815.2438204
1,69.73,1742519815.2438204
2,71.622,1742519815.2438204
3,69.784,1742519815.2438204
4,70.564,1742519815.2438204
5,69.684,1742519815.2438204
6,68.46,1742519815.2438204
7,71.836,1742519815.2438204
0,70.799,1742519815.2939541
1,69.73,1742519815.2939541
2,71.648,1742519815.2939541
3,69.784,1742519815.2939541
4,70.592,1742519815.2939541
5,69.65,1742519815.2939541
6,68.467,1742519815.2939541
7,71.841,1742519815.2939541
0,70.785,1742519815.3440878
1,69.716,1742519815.3440878
2,71.648,1742519815.3440878
3,69.758,1742519815.3440878
4,70.592,1742519815.3440878
5,69.65,1742519815.3440878
6,68.467,1742519815.3440878
7,71.841,1742519815.3440878
0,70.785,1742519815.394188
1,69.716,1742519815.394188
2,71.642,1742519815.394188
3,69.758,1742519815.394188
4,70.561,1742519815.394188
5,69.65,1742519815.394188
6,68.449,1742519815.394188
7,71.846,1742519815.394188
0,70.785,1742519815.444321
1,69.73,1742519815.444321
2,71.642,1742519815.444321
3,69.758,1742519815.444321
4,70.561,1742519815.444321
5,69.65,1742519815.444321
6,68.449,1742519815.444321
7,71.846,1742519815.444321
0,70.785,1742519815.4944537
1,69.73,1742519815.4944537
2,71.641,1742519815.4944537
3,69.758,1742519815.4944537
4,70.538,1742519815.4944537
5,69.663,1742519815.4944537
6,68.47,1742519815.4944537
7,71.865,1742519815.4944537
0,70.785,1742519815.5445876
1,69.722,1742519815.5445876
2,71.641,1742519815.5445876
3,69.759,1742519815.5445876
4,70.538,1742519815.5445876
5,69.663,1742519815.5445876
6,68.47,1742519815.5445876
7,71.865,1742519815.5445876
0,70.786,1742519815.5947218
1,69.722,1742519815.5947218
2,71.641,1742519815.5947218
3,69.759,1742519815.5947218
4,70.536,1742519815.5947218
5,69.676,1742519815.5947218
6,68.463,1742519815.5947218
7,71.885,1742519815.5947218
0,70.786,1742519815.6448722
1,69.709,1742519815.6448722
2,71.641,1742519815.6448722
3,69.746,1742519815.6448722
4,70.536,1742519815.6448722
5,69.676,1742519815.6448722
6,68.463,1742519815.6448722
7,71.885,1742519815.6448722
0,70.802,1742519815.6950047
1,69.709,1742519815.6950047
2,71.661,1742519815.6950047
3,69.746,1742519815.6950047
4,70.526,1742519815.6950047
5,69.676,1742519815.6950047
6,68.469,1742519815.6950047
7,71.904,1742519815.6950047
0,70.802,1742519815.7451441
1,69.728,1742519815.7451441
2,71.661,1742519815.7451441
3,69.751,1742519815.7451441
4,70.526,1742519815.7451441
5,69.676,1742519815.7451441
6,68.469,1742519815.7451441
7,71.904,1742519815.7451441
0,70.81,1742519815.7952685
1,69.728,1742519815.7952685
2,71.674,1742519815.7952685
3,69.751,1742519815.7952685
4,70.534,1742519815.7952685
5,69.657,1742519815.7952685
6,68.46,1742519815.7952685
7,71.891,1742519815.7952685
0,70.81,1742519815.8455245
1,69.722,1742519815.8455245
2,71.674,1742519815.8455245
3,69.752,1742519815.8455245
4,70.534,1742519815.8455245
5,69.657,1742519815.8455245
6,68.46,1742519815.8455245
7,71.891,1742519815.8455245
0,70.801,1742519815.8956583
1,69.722,1742519815.8956583
2,71.667,1742519815.8956583
3,69.752,1742519815.8956583
4,70.521,1742519815.8956583
5,69.685,1742519815.8956583
6,68.46,1742519815.8956583
7,71.892,1742519815.8956583
0,70.801,1742519815.9458005
1,69.743,1742519815.9458005
2,71.667,1742519815.9458005
3,69.752,1742519815.9458005
4,70.521,1742519815.9458005
5,69.685,1742519815.9458005
6,68.46,1742519815.9458005
7,71.892,1742519815.9458005
0,70.808,1742519815.9959946
1,69.743,1742519815.9959946
2,71.681,1742519815.9959946
3,69.752,1742519815.9959946
4,70.507,1742519815.9959946
5,69.649,1742519815.9959946
6,68.464,1742519815.9959946
7,71.874,1742519815.9959946
0,70.808,1742519816.0461776
1,69.715,1742519816.0461776
2,71.681,1742519816.0461776
3,69.725,1742519816.0461776
4,70.507,1742519816.0461776
5,69.649,1742519816.0461776
6,68.464,1742519816.0461776
7,71.874,1742519816.0461776
0,70.777,1742519816.0963573
1,69.715,1742519816.0963573
2,71.674,1742519816.0963573
3,69.725,1742519816.0963573
4,70.489,1742519816.0963573
5,69.65,1742519816.0963573
6,68.454,1742519816.0963573
7,71.887,1742519816.0963573
0,70.777,1742519816.1465487
1,69.728,1742519816.1465487
2,71.674,1742519816.1465487
3,69.718,1742519816.1465487
4,70.489,1742519816.1465487
5,69.65,1742519816.1465487
6,68.454,1742519816.1465487
7,71.887,1742519816.1465487
0,70.77,1742519816.1967485
1,69.728,1742519816.1967485
2,71.674,1742519816.1967485
3,69.718,1742519816.1967485
4,70.493,1742519816.1967485
5,69.669,1742519816.1967485
6,68.451,1742519816.1967485
7,71.874,1742519816.1967485
0,70.77,1742519816.24694
1,69.688,1742519816.24694
2,71.674,1742519816.24694
3,69.71,1742519816.24694
4,70.493,1742519816.24694
5,69.669,1742519816.24694
6,68.451,1742519816.24694
7,71.874,1742519816.24694
0,70.761,1742519816.2971284
1,69.688,1742519816.2971284
2,71.661,1742519816.2971284
3,69.71,1742519816.2971284
4,70.483,1742519816.2971284
5,69.663,1742519816.2971284
6,68.444,1742519816.2971284
7,71.877,1742519816.2971284
0,70.761,1742519816.3473165
1,69.716,1742519816.3473165
2,71.661,1742519816.3473165
3,69.73,1742519816.3473165
4,70.483,1742519816.3473165
5,69.663,1742519816.3473165
6,68.444,1742519816.3473165
7,71.877,1742519816.3473165
0,70.771,1742519816.3975048
1,69.716,1742519816.3975048
2,71.673,1742519816.3975048
3,69.73,1742519816.3975048
4,70.511,1742519816.3975048
5,69.699,1742519816.3975048
6,68.448,1742519816.3975048
7,71.871,1742519816.3975048
0,70.771,1742519816.4476855
1,69.695,1742519816.4476855
2,71.673,1742519816.4476855
3,69.724,1742519816.4476855
4,70.511,1742519816.4476855
5,69.699,1742519816.4476855
6,68.448,1742519816.4476855
7,71.871,1742519816.4476855
0,70.768,1742519816.4978693
1,69.695,1742519816.4978693
2,71.68,1742519816.4978693
3,69.724,1742519816.4978693
4,70.51,1742519816.4978693
5,69.673,1742519816.4978693
6,68.451,1742519816.4978693
7,71.874,1742519816.4978693
0,70.768,1742519816.5480504
1,69.709,1742519816.5480504
2,71.68,1742519816.5480504
3,69.717,1742519816.5480504
4,70.51,1742519816.5480504
5,69.673,1742519816.5480504
6,68.451,1742519816.5480504
7,71.874,1742519816.5480504
0,70.782,1742519816.5982509
1,69.709,1742519816.5982509
2,71.673,1742519816.5982509
3,69.717,1742519816.5982509
4,70.517,1742519816.5982509
5,69.679,1742519816.5982509
6,68.47,1742519816.5982509
7,71.835,1742519816.5982509
0,70.782,1742519816.648433
1,69.702,1742519816.648433
2,71.673,1742519816.648433
3,69.731,1742519816.648433
4,70.517,1742519816.648433
5,69.679,1742519816.648433
6,68.47,1742519816.648433
7,71.835,1742519816.648433
0,70.761,1742519816.698628
1,69.702,1742519816.698628
2,71.68,1742519816.698628
3,69.731,1742519816.698628
4,70.508,1742519816.698628
5,69.665,1742519816.698628
6,68.474,1742519816.698628
7,71.843,1742519816.698628
0,70.761,1742519816.7488272
1,69.709,1742519816.7488272
2,71.68,1742519816.7488272
3,69.733,1742519816.7488272
4,70.508,1742519816.7488272
5,69.665,1742519816.7488272
6,68.474,1742519816.7488272
7,71.843,1742519816.7488272
0,70.747,1742519816.799027
1,69.709,1742519816.799027
2,71.661,1742519816.799027
3,69.733,1742519816.799027
4,70.499,1742519816.799027
5,69.665,1742519816.799027
6,68.46,1742519816.799027
7,71.848,1742519816.799027
0,70.747,1742519816.849213
1,69.722,1742519816.849213
2,71.661,1742519816.849213
3,69.725,1742519816.849213
4,70.499,1742519816.849213
5,69.665,1742519816.849213
6,68.46,1742519816.849213
7,71.848,1742519816.849213
0,70.754,1742519816.8994038
1,69.722,1742519816.8994038
2,71.667,1742519816.8994038
3,69.725,1742519816.8994038
4,70.509,1742519816.8994038
5,69.665,1742519816.8994038
6,68.448,1742519816.8994038
7,71.843,1742519816.8994038
0,70.754,1742519816.949588
1,69.695,1742519816.949588
2,71.667,1742519816.949588
3,69.731,1742519816.949588
4,70.509,1742519816.949588
5,69.678,1742519816.949588
6,68.448,1742519816.949588
7,71.843,1742519816.949588
0,70.747,1742519816.9998112
1,69.695,1742519816.9998112
2,71.66,1742519816.9998112
3,69.731,1742519816.9998112
4,70.504,1742519816.9998112
5,69.678,1742519816.9998112
6,68.434,1742519816.9998112
7,71.854,1742519816.9998112
0,70.747,1742519817.04999
1,69.702,1742519817.04999
2,71.66,1742519817.04999
3,69.731,1742519817.04999
4,70.504,1742519817.04999
5,69.686,1742519817.04999
6,68.434,1742519817.04999
7,71.854,1742519817.04999
0,70.754,1742519817.100188
1,69.702,1742519817.100188
2,71.668,1742519817.100188
3,69.731,1742519817.100188
4,70.505,1742519817.100188
5,69.686,1742519817.100188
6,68.434,1742519817.100188
7,71.847,1742519817.100188
0,70.754,1742519817.1503851
1,69.689,1742519817.1503851
2,71.668,1742519817.1503851
3,69.731,1742519817.1503851
4,70.505,1742519817.1503851
5,69.678,1742519817.1503851
6,68.447,1742519817.1503851
7,71.847,1742519817.1503851
0,70.768,1742519817.2005742
1,69.689,1742519817.2005742
2,71.668,1742519817.2005742
3,69.731,1742519817.2005742
4,70.522,1742519817.2005742
5,69.678,1742519817.2005742
6,68.447,1742519817.2005742
7,71.841,1742519817.2005742
0,70.768,1742519817.2507703
1,69.71,1742519817.2507703
2,71.668,1742519817.2507703
3,69.752,1742519817.2507703
4,70.522,1742519817.2507703
5,69.653,1742519817.2507703
6,68.44,1742519817.2507703
7,71.841,1742519817.2507703
0,70.783,1742519817.3009613
1,69.71,1742519817.3009613
2,71.66,1742519817.3009613
3,69.752,1742519817.3009613
4,70.555,1742519817.3009613
5,69.653,1742519817.3009613
6,68.453,1742519817.3009613
7,71.84,1742519817.3009613
0,70.783,1742519817.3511431
1,69.722,1742519817.3511431
2,71.66,1742519817.3511431
3,69.733,1742519817.3511431
4,70.555,1742519817.3511431
5,69.673,1742519817.3511431
6,68.453,1742519817.3511431
7,71.84,1742519817.3511431
0,70.769,1742519817.401338
1,69.722,1742519817.401338
2,71.667,1742519817.401338
3,69.733,1742519817.401338
4,70.544,1742519817.401338
5,69.673,1742519817.401338
6,68.454,1742519817.401338
7,71.84,1742519817.401338
0,70.769,1742519817.451503
1,69.729,1742519817.451503
2,71.667,1742519817.451503
3,69.711,1742519817.451503
4,70.544,1742519817.451503
5,69.664,1742519817.451503
6,68.454,1742519817.451503
7,71.84,1742519817.451503
0,70.762,1742519817.5016682
1,69.729,1742519817.5016682
2,71.674,1742519817.5016682
3,69.711,1742519817.5016682
4,70.536,1742519817.5016682
5,69.664,1742519817.5016682
6,68.454,1742519817.5016682
7,71.85,1742519817.5016682
0,70.762,1742519817.5518365
1,69.723,1742519817.5518365
2,71.674,1742519817.5518365
3,69.704,1742519817.5518365
4,70.536,1742519817.5518365
5,69.65,1742519817.5518365
6,68.451,1742519817.5518365
7,71.85,1742519817.5518365
0,70.755,1742519817.6020026
1,69.723,1742519817.6020026
2,71.681,1742519817.6020026
3,69.704,1742519817.6020026
4,70.538,1742519817.6020026
5,69.65,1742519817.6020026
6,68.451,1742519817.6020026
7,71.838,1742519817.6020026
0,70.755,1742519817.652187
1,69.709,1742519817.652187
2,71.681,1742519817.652187
3,69.688,1742519817.652187
4,70.538,1742519817.652187
5,69.677,1742519817.652187
6,68.438,1742519817.652187
7,71.838,1742519817.652187
0,70.776,1742519817.7023659
1,69.709,1742519817.7023659
2,71.674,1742519817.7023659
3,69.688,1742519817.7023659
4,70.546,1742519817.7023659
5,69.677,1742519817.7023659
6,68.438,1742519817.7023659
7,71.85,1742519817.7023659
0,70.776,1742519817.7525332
1,69.722,1742519817.7525332
2,71.674,1742519817.7525332
3,69.696,1742519817.7525332
4,70.546,1742519817.7525332
5,69.656,1742519817.7525332
6,68.41,1742519817.7525332
7,71.85,1742519817.7525332
0,70.782,1742519817.802711
1,69.722,1742519817.802711
2,71.687,1742519817.802711
3,69.696,1742519817.802711
4,70.583,1742519817.802711
5,69.656,1742519817.802711
6,68.41,1742519817.802711
7,71.826,1742519817.802711
0,70.782,1742519817.8528728
1,69.721,1742519817.8528728
2,71.687,1742519817.8528728
3,69.716,1742519817.8528728
4,70.583,1742519817.8528728
5,69.686,1742519817.8528728
6,68.418,1742519817.8528728
7,71.826,1742519817.8528728
0,70.776,1742519817.9030378
1,69.721,1742519817.9030378
2,71.699,1742519817.9030378
3,69.716,1742519817.9030378
4,70.58,1742519817.9030378
5,69.686,1742519817.9030378
6,68.418,1742519817.9030378
7,71.826,1742519817.9030378
0,70.776,1742519817.953178
1,69.742,1742519817.953178
2,71.699,1742519817.953178
3,69.73,1742519817.953178
4,70.58,1742519817.953178
5,69.665,1742519817.953178
6,68.416,1742519817.953178
7,71.836,1742519817.953178
0,70.79,1742519818.0033007
1,69.742,1742519818.0033007
2,71.7,1742519818.0033007
3,69.73,1742519818.0033007
4,70.564,1742519818.0033007
5,69.665,1742519818.0033007
6,68.416,1742519818.0033007
7,71.836,1742519818.0033007
0,70.79,1742519818.0534225
1,69.716,1742519818.0534225
2,71.7,1742519818.0534225
3,69.736,1742519818.0534225
4,70.564,1742519818.0534225
5,69.679,1742519818.0534225
6,68.41,1742519818.0534225
7,71.837,1742519818.0534225
0,70.777,1742519818.1035485
1,69.716,1742519818.1035485
2,71.706,1742519818.1035485
3,69.736,1742519818.1035485
4,70.566,1742519818.1035485
5,69.679,1742519818.1035485
6,68.41,1742519818.1035485
7,71.837,1742519818.1035485
0,70.777,1742519818.153682
1,69.75,1742519818.153682
2,71.706,1742519818.153682
3,69.743,1742519818.153682
4,70.566,1742519818.153682
5,69.685,1742519818.153682
6,68.411,1742519818.153682
7,71.849,1742519818.153682
0,70.769,1742519818.2038188
1,69.75,1742519818.2038188
2,71.721,1742519818.2038188
3,69.743,1742519818.2038188
4,70.545,1742519818.2038188
5,69.685,1742519818.2038188
6,68.411,1742519818.2038188
7,71.849,1742519818.2038188
0,70.769,1742519818.2539518
1,69.722,1742519818.2539518
2,71.721,1742519818.2539518
3,69.742,1742519818.2539518
4,70.545,1742519818.2539518
5,69.684,1742519818.2539518
6,68.425,1742519818.2539518
7,71.842,1742519818.2539518
0,70.783,1742519818.3040864
1,69.722,1742519818.3040864
2,71.719,1742519818.3040864
3,69.742,1742519818.3040864
4,70.56,1742519818.3040864
5,69.684,1742519818.3040864
6,68.425,1742519818.3040864
7,71.842,1742519818.3040864
0,70.783,1742519818.3542366
1,69.73,1742519818.3542366
2,71.719,1742519818.3542366
3,69.755,1742519818.3542366
4,70.56,1742519818.3542366
5,69.691,1742519818.3542366
6,68.438,1742519818.3542366
7,71.855,1742519818.3542366
0,70.777,1742519818.4043725
1,69.73,1742519818.4043725
2,71.713,1742519818.4043725
3,69.755,1742519818.4043725
4,70.55,1742519818.4043725
5,69.691,1742519818.4043725
6,68.438,1742519818.4043725
7,71.855,1742519818.4043725
0,70.777,1742519818.4545045
1,69.702,1742519818.4545045
2,71.713,1742519818.4545045
3,69.775,1742519818.4545045
4,70.55,1742519818.4545045
5,69.678,1742519818.4545045
6,68.43,1742519818.4545045
7,71.855,1742519818.4545045
0,70.763,1742519818.5046737
1,69.702,1742519818.5046737
2,71.706,1742519818.5046737
3,69.775,1742519818.5046737
4,70.555,1742519818.5046737
5,69.678,1742519818.5046737
6,68.43,1742519818.5046737
7,71.855,1742519818.5046737
0,70.763,1742519818.5549417
1,69.715,1742519818.5549417
2,71.706,1742519818.5549417
3,69.776,1742519818.5549417
4,70.555,1742519818.5549417
5,69.706,1742519818.5549417
6,68.428,1742519818.5549417
7,71.849,1742519818.5549417
0,70.763,1742519818.6050751
1,69.715,1742519818.6050751
2,71.719,1742519818.6050751
3,69.776,1742519818.6050751
4,70.533,1742519818.6050751
5,69.706,1742519818.6050751
6,68.428,1742519818.6050751
7,71.849,1742519818.6050751
0,70.763,1742519818.6552079
1,69.701,1742519818.6552079
2,71.719,1742519818.6552079
3,69.796,1742519818.6552079
4,70.533,1742519818.6552079
5,69.686,1742519818.6552079
6,68.421,1742519818.6552079
7,71.85,1742519818.6552079
0,70.749,1742519818.7053387
1,69.701,1742519818.7053387
2,71.726,1742519818.7053387
3,69.796,1742519818.7053387
4,70.518,1742519818.7053387
5,69.686,1742519818.7053387
6,68.421,1742519818.7053387
7,71.85,1742519818.7053387
0,70.749,1742519818.7554731
1,69.716,1742519818.7554731
2,71.726,1742519818.7554731
3,69.775,1742519818.7554731
4,70.518,1742519818.7554731
5,69.714,1742519818.7554731
6,68.443,1742519818.7554731
7,71.841,1742519818.7554731
0,70.748,1742519818.8055942
1,69.716,1742519818.8055942
2,71.714,1742519818.8055942
3,69.775,1742519818.8055942
4,70.515,1742519818.8055942
5,69.714,1742519818.8055942
6,68.443,1742519818.8055942
7,71.841,1742519818.8055942
0,70.748,1742519818.8557265
1,69.703,1742519818.8557265
2,71.714,1742519818.8557265
3,69.757,1742519818.8557265
4,70.515,1742519818.8557265
5,69.698,1742519818.8557265
6,68.453,1742519818.8557265
7,71.847,1742519818.8557265
0,70.748,1742519818.9058619
1,69.703,1742519818.9058619
2,71.706,1742519818.9058619
3,69.757,1742519818.9058619
4,70.496,1742519818.9058619
5,69.698,1742519818.9058619
6,68.453,1742519818.9058619
7,71.847,1742519818.9058619
0,70.775,1742519818.9559772
1,69.73,1742519818.9559772
2,71.706,1742519818.9559772
3,69.755,1742519818.9559772
4,70.496,1742519818.9559772
5,69.705,1742519818.9559772
6,68.469,1742519818.9559772
7,71.848,1742519818.9559772
0,70.775,1742519819.006106
1,69.73,1742519819.006106
2,71.719,1742519819.006106
3,69.755,1742519819.006106
4,70.532,1742519819.006106
5,69.705,1742519819.006106
6,68.469,1742519819.006106
7,71.848,1742519819.006106
0,70.777,1742519819.0562372
1,69.73,1742519819.0562372
2,71.719,1742519819.0562372
3,69.75,1742519819.0562372
4,70.532,1742519819.0562372
5,69.713,1742519819.0562372
6,68.482,1742519819.0562372
7,71.853,1742519819.0562372
0,70.777,1742519819.1063564
1,69.73,1742519819.1063564
2,71.705,1742519819.1063564
3,69.75,1742519819.1063564
4,70.52,1742519819.1063564
5,69.713,1742519819.1063564
6,68.482,1742519819.1063564
7,71.853,1742519819.1063564
0,70.804,1742519819.1564877
1,69.737,1742519819.1564877
2,71.705,1742519819.1564877
3,69.75,1742519819.1564877
4,70.52,1742519819.1564877
5,69.702,1742519819.1564877
6,68.485,1742519819.1564877
7,71.835,1742519819.1564877
0,70.804,1742519819.206607
1,69.737,1742519819.206607
2,71.718,1742519819.206607
3,69.75,1742519819.206607
4,70.504,1742519819.206607
5,69.702,1742519819.206607
6,68.485,1742519819.206607
7,71.835,1742519819.206607
0,70.804,1742519819.2567403
1,69.751,1742519819.2567403
2,71.718,1742519819.2567403
3,69.743,1742519819.2567403
4,70.504,1742519819.2567403
5,69.723,1742519819.2567403
6,68.489,1742519819.2567403
7,71.862,1742519819.2567403
0,70.804,1742519819.3068771
1,69.751,1742519819.3068771
2,71.724,1742519819.3068771
3,69.743,1742519819.3068771
4,70.483,1742519819.3068771
5,69.723,1742519819.3068771
6,68.489,1742519819.3068771
7,71.862,1742519819.3068771
0,70.801,1742519819.3570123
1,69.757,1742519819.3570123
2,71.724,1742519819.3570123
3,69.743,1742519819.3570123
4,70.483,1742519819.3570123
5,69.702,1742519819.3570123
6,68.479,1742519819.3570123
7,71.852,1742519819.3570123
0,70.801,1742519819.407133
1,69.757,1742519819.407133
2,71.719,1742519819.407133
3,69.757,1742519819.407133
4,70.511,1742519819.407133
5,69.702,1742519819.407133
6,68.479,1742519819.407133
7,71.852,1742519819.407133
0,70.796,1742519819.4572606
1,69.751,1742519819.4572606
2,71.719,1742519819.4572606
3,69.757,1742519819.4572606
4,70.511,1742519819.4572606
5,69.702,1742519819.4572606
6,68.476,1742519819.4572606
7,71.865,1742519819.4572606
0,70.796,1742519819.5073943
1,69.751,1742519819.5073943
2,71.706,1742519819.5073943
3,69.729,1742519819.5073943
4,70.499,1742519819.5073943
5,69.702,1742519819.5073943
6,68.476,1742519819.5073943
7,71.865,1742519819.5073943
0,70.801,1742519819.5574982
1,69.778,1742519819.5574982
2,71.706,1742519819.5574982
3,69.729,1742519819.5574982
4,70.499,1742519819.5574982
5,69.707,1742519819.5574982
6,68.496,1742519819.5574982
7,71.851,1742519819.5574982
0,70.801,1742519819.6076314
1,69.778,1742519819.6076314
2,71.691,1742519819.6076314
3,69.729,1742519819.6076314
4,70.503,1742519819.6076314
5,69.707,1742519819.6076314
6,68.496,1742519819.6076314
7,71.851,1742519819.6076314
0,70.789,1742519819.657796
1,69.778,1742519819.657796
2,71.691,1742519819.657796
3,69.729,1742519819.657796
4,70.503,1742519819.657796
5,69.695,1742519819.657796
6,68.505,1742519819.657796
7,71.877,1742519819.657796
0,70.789,1742519819.7079237
1,69.752,1742519819.7079237
2,71.684,1742519819.7079237
3,69.736,1742519819.7079237
4,70.548,1742519819.7079237
5,69.695,1742519819.7079237
6,68.505,1742519819.7079237
7,71.877,1742519819.7079237
0,70.787,1742519819.7580578
1,69.752,1742519819.7580578
2,71.684,1742519819.7580578
3,69.736,1742519819.7580578
4,70.548,1742519819.7580578
5,69.731,1742519819.7580578
6,68.515,1742519819.7580578
7,71.891,1742519819.7580578
0,70.787,1742519819.808172
1,69.752,1742519819.808172
2,71.677,1742519819.808172
3,69.737,1742519819.808172
4,70.547,1742519819.808172
5,69.731,1742519819.808172
6,68.515,1742519819.808172
7,71.891,1742519819.808172
0,70.773,1742519819.8583057
1,69.751,1742519819.8583057
2,71.677,1742519819.8583057
3,69.737,1742519819.8583057
4,70.547,1742519819.8583057
5,69.71,1742519819.8583057
6,68.518,1742519819.8583057
7,71.888,1742519819.8583057
0,70.773,1742519819.9084294
1,69.751,1742519819.9084294
2,71.677,1742519819.9084294
3,69.742,1742519819.9084294
4,70.578,1742519819.9084294
5,69.71,1742519819.9084294
6,68.518,1742519819.9084294
7,71.888,1742519819.9084294
0,70.773,1742519819.9585612
1,69.758,1742519819.9585612
2,71.677,1742519819.9585612
3,69.742,1742519819.9585612
4,70.578,1742519819.9585612
5,69.723,1742519819.9585612
6,68.517,1742519819.9585612
7,71.886,1742519819.9585612
0,70.773,1742519820.008688
1,69.758,1742519820.008688
2,71.677,1742519820.008688
3,69.75,1742519820.008688
4,70.578,1742519820.008688
5,69.723,1742519820.008688
6,68.517,1742519820.008688
7,71.886,1742519820.008688
0,70.761,1742519820.0588217
1,69.757,1742519820.0588217
2,71.677,1742519820.0588217
3,69.75,1742519820.0588217
4,70.55,1742519820.0588217
5,69.707,1742519820.0588217
6,68.517,1742519820.0588217
7,71.87,1742519820.0588217
0,70.761,1742519820.10895
1,69.757,1742519820.10895
2,71.677,1742519820.10895
3,69.762,1742519820.10895
4,70.55,1742519820.10895
5,69.707,1742519820.10895
6,68.517,1742519820.10895
7,71.87,1742519820.10895
0,70.74,1742519820.1590762
1,69.751,1742519820.1590762
2,71.677,1742519820.1590762
3,69.762,1742519820.1590762
4,70.546,1742519820.1590762
5,69.706,1742519820.1590762
6,68.504,1742519820.1590762
7,71.869,1742519820.1590762
0,70.74,1742519820.2092116
1,69.751,1742519820.2092116
2,71.666,1742519820.2092116
3,69.755,1742519820.2092116
4,70.546,1742519820.2092116
5,69.706,1742519820.2092116
6,68.504,1742519820.2092116
7,71.869,1742519820.2092116
0,70.734,1742519820.259346
1,69.743,1742519820.259346
2,71.666,1742519820.259346
3,69.755,1742519820.259346
4,70.536,1742519820.259346
5,69.705,1742519820.259346
6,68.491,1742519820.259346
7,71.863,1742519820.259346
0,70.734,1742519820.3094828
1,69.743,1742519820.3094828
2,71.666,1742519820.3094828
3,69.755,1742519820.3094828
4,70.536,1742519820.3094828
5,69.705,1742519820.3094828
6,68.491,1742519820.3094828
7,71.863,1742519820.3094828
0,70.748,1742519820.3596196
1,69.756,1742519820.3596196
2,71.666,1742519820.3596196
3,69.755,1742519820.3596196
4,70.557,1742519820.3596196
5,69.685,1742519820.3596196
6,68.484,1742519820.3596196
7,71.864,1742519820.3596196
0,70.748,1742519820.4098403
1,69.756,1742519820.4098403
2,71.653,1742519820.4098403
3,69.73,1742519820.4098403
4,70.557,1742519820.4098403
5,69.685,1742519820.4098403
6,68.484,1742519820.4098403
7,71.864,1742519820.4098403
0,70.767,1742519820.4600909
1,69.756,1742519820.4600909
2,71.653,1742519820.4600909
3,69.73,1742519820.4600909
4,70.548,1742519820.4600909
5,69.7,1742519820.4600909
6,68.494,1742519820.4600909
7,71.871,1742519820.4600909
0,70.767,1742519820.5102277
1,69.756,1742519820.5102277
2,71.641,1742519820.5102277
3,69.73,1742519820.5102277
4,70.548,1742519820.5102277
5,69.7,1742519820.5102277
6,68.494,1742519820.5102277
7,71.871,1742519820.5102277
0,70.776,1742519820.5603633
1,69.764,1742519820.5603633
2,71.641,1742519820.5603633
3,69.757,1742519820.5603633
4,70.547,1742519820.5603633
5,69.667,1742519820.5603633
6,68.487,1742519820.5603633
7,71.884,1742519820.5603633
0,70.776,1742519820.6105003
1,69.764,1742519820.6105003
2,71.661,1742519820.6105003
3,69.757,1742519820.6105003
4,70.547,1742519820.6105003
5,69.667,1742519820.6105003
6,68.487,1742519820.6105003
7,71.884,1742519820.6105003
0,70.781,1742519820.6606243
1,69.763,1742519820.6606243
2,71.661,1742519820.6606243
3,69.758,1742519820.6606243
4,70.558,1742519820.6606243
5,69.679,1742519820.6606243
6,68.5,1742519820.6606243
7,71.844,1742519820.6606243
0,70.781,1742519820.7107584
1,69.763,1742519820.7107584
2,71.668,1742519820.7107584
3,69.758,1742519820.7107584
4,70.558,1742519820.7107584
5,69.679,1742519820.7107584
6,68.5,1742519820.7107584
7,71.844,1742519820.7107584
0,70.77,1742519820.7609136
1,69.783,1742519820.7609136
2,71.668,1742519820.7609136
3,69.751,1742519820.7609136
4,70.558,1742519820.7609136
5,69.685,1742519820.7609136
6,68.513,1742519820.7609136
7,71.865,1742519820.7609136
0,70.77,1742519820.8110468
1,69.783,1742519820.8110468
2,71.655,1742519820.8110468
3,69.751,1742519820.8110468
4,70.557,1742519820.8110468
5,69.685,1742519820.8110468
6,68.513,1742519820.8110468
7,71.865,1742519820.8110468
0,70.777,1742519820.8611817
1,69.769,1742519820.8611817
2,71.655,1742519820.8611817
3,69.76,1742519820.8611817
4,70.557,1742519820.8611817
5,69.698,1742519820.8611817
6,68.513,1742519820.8611817
7,71.856,1742519820.8611817
0,70.777,1742519820.911318
1,69.769,1742519820.911318
2,71.668,1742519820.911318
3,69.76,1742519820.911318
4,70.539,1742519820.911318
5,69.698,1742519820.911318
6,68.513,1742519820.911318
7,71.856,1742519820.911318
0,70.777,1742519820.9614553
1,69.783,1742519820.9614553
2,71.668,1742519820.9614553
3,69.765,1742519820.9614553
4,70.539,1742519820.9614553
5,69.69,1742519820.9614553
6,68.507,1742519820.9614553
7,71.865,1742519820.9614553
0,70.777,1742519821.01159
1,69.783,1742519821.01159
2,71.669,1742519821.01159
3,69.765,1742519821.01159
4,70.546,1742519821.01159
5,69.69,1742519821.01159
6,68.507,1742519821.01159
7,71.865,1742519821.01159
0,70.769,1742519821.0617192
1,69.783,1742519821.0617192
2,71.669,1742519821.0617192
3,69.744,1742519821.0617192
4,70.546,1742519821.0617192
5,69.69,1742519821.0617192
6,68.501,1742519821.0617192
7,71.861,1742519821.0617192
0,70.769,1742519821.1118531
1,69.783,1742519821.1118531
2,71.649,1742519821.1118531
3,69.744,1742519821.1118531
4,70.549,1742519821.1118531
5,69.69,1742519821.1118531
6,68.501,1742519821.1118531
7,71.861,1742519821.1118531
0,70.769,1742519821.1619864
1,69.782,1742519821.1619864
2,71.649,1742519821.1619864
3,69.738,1742519821.1619864
4,70.549,1742519821.1619864
5,69.692,1742519821.1619864
6,68.495,1742519821.1619864
7,71.889,1742519821.1619864
0,70.777,1742519821.2121096
1,69.782,1742519821.2121096
2,71.662,1742519821.2121096
3,69.738,1742519821.2121096
4,70.58,1742519821.2121096
5,69.692,1742519821.2121096
6,68.495,1742519821.2121096
7,71.889,1742519821.2121096
0,70.777,1742519821.2622416
1,69.79,1742519821.2622416
2,71.662,1742519821.2622416
3,69.718,1742519821.2622416
4,70.58,1742519821.2622416
5,69.694,1742519821.2622416
6,68.517,1742519821.2622416
7,71.882,1742519821.2622416
0,70.784,1742519821.3123784
1,69.79,1742519821.3123784
2,71.675,1742519821.3123784
3,69.718,1742519821.3123784
4,70.551,1742519821.3123784
5,69.694,1742519821.3123784
6,68.517,1742519821.3123784
7,71.882,1742519821.3123784
0,70.784,1742519821.3625138
1,69.783,1742519821.3625138
2,71.675,1742519821.3625138
3,69.738,1742519821.3625138
4,70.551,1742519821.3625138
5,69.701,1742519821.3625138
6,68.517,1742519821.3625138
7,71.87,1742519821.3625138
0,70.77,1742519821.412648
1,69.783,1742519821.412648
2,71.674,1742519821.412648
3,69.738,1742519821.412648
4,70.553,1742519821.412648
5,69.701,1742519821.412648
6,68.534,1742519821.412648
7,71.87,1742519821.412648
0,70.77,1742519821.4627705
1,69.777,1742519821.4627705
2,71.674,1742519821.4627705
3,69.765,1742519821.4627705
4,70.553,1742519821.4627705
5,69.701,1742519821.4627705
6,68.534,1742519821.4627705
7,71.877,1742519821.4627705
0,70.782,1742519821.5129032
1,69.777,1742519821.5129032
2,71.667,1742519821.5129032
3,69.765,1742519821.5129032
4,70.547,1742519821.5129032
5,69.701,1742519821.5129032
6,68.553,1742519821.5129032
7,71.877,1742519821.5129032
0,70.782,1742519821.5630388
1,69.769,1742519821.5630388
2,71.667,1742519821.5630388
3,69.73,1742519821.5630388
4,70.547,1742519821.5630388
5,69.734,1742519821.5630388
6,68.553,1742519821.5630388
7,71.856,1742519821.5630388
0,70.768,1742519821.6131759
1,69.769,1742519821.6131759
2,71.675,1742519821.6131759
3,69.73,1742519821.6131759
4,70.526,1742519821.6131759
5,69.734,1742519821.6131759
6,68.554,1742519821.6131759
7,71.856,1742519821.6131759
0,70.768,1742519821.6633112
1,69.755,1742519821.6633112
2,71.675,1742519821.6633112
3,69.731,1742519821.6633112
4,70.526,1742519821.6633112
5,69.727,1742519821.6633112
6,68.554,1742519821.6633112
7,71.846,1742519821.6633112
0,70.764,1742519821.7134488
1,69.755,1742519821.7134488
2,71.655,1742519821.7134488
3,69.731,1742519821.7134488
4,70.503,1742519821.7134488
5,69.727,1742519821.7134488
6,68.536,1742519821.7134488
7,71.846,1742519821.7134488
0,70.764,1742519821.7635849
1,69.782,1742519821.7635849
2,71.655,1742519821.7635849
3,69.724,1742519821.7635849
4,70.503,1742519821.7635849
5,69.742,1742519821.7635849
6,68.536,1742519821.7635849
7,71.846,1742519821.7635849
0,70.764,1742519821.8137214
1,69.782,1742519821.8137214
2,71.668,1742519821.8137214
3,69.724,1742519821.8137214
4,70.488,1742519821.8137214
5,69.742,1742519821.8137214
6,68.541,1742519821.8137214
7,71.857,1742519821.8137214
0,70.764,1742519821.8638713
1,69.767,1742519821.8638713
2,71.668,1742519821.8638713
3,69.709,1742519821.8638713
4,70.488,1742519821.8638713
5,69.701,1742519821.8638713
6,68.541,1742519821.8638713
7,71.857,1742519821.8638713
0,70.776,1742519821.9139943
1,69.767,1742519821.9139943
2,71.68,1742519821.9139943
3,69.709,1742519821.9139943
4,70.504,1742519821.9139943
5,69.701,1742519821.9139943
6,68.529,1742519821.9139943
7,71.876,1742519821.9139943
0,70.776,1742519821.9641082
1,69.748,1742519821.9641082
2,71.68,1742519821.9641082
3,69.695,1742519821.9641082
4,70.504,1742519821.9641082
5,69.702,1742519821.9641082
6,68.529,1742519821.9641082
7,71.876,1742519821.9641082
0,70.768,1742519822.01423
1,69.748,1742519822.01423
2,71.68,1742519822.01423
3,69.695,1742519822.01423
4,70.497,1742519822.01423
5,69.702,1742519822.01423
6,68.536,1742519822.01423
7,71.879,1742519822.01423
0,70.768,1742519822.0643637
1,69.741,1742519822.0643637
2,71.68,1742519822.0643637
3,69.709,1742519822.0643637
4,70.497,1742519822.0643637
5,69.701,1742519822.0643637
6,68.536,1742519822.0643637
7,71.879,1742519822.0643637
0,70.782,1742519822.1144981
1,69.741,1742519822.1144981
2,71.687,1742519822.1144981
3,69.709,1742519822.1144981
4,70.508,1742519822.1144981
5,69.701,1742519822.1144981
6,68.528,1742519822.1144981
7,71.864,1742519822.1144981
0,70.782,1742519822.1646347
1,69.749,1742519822.1646347
2,71.687,1742519822.1646347
3,69.708,1742519822.1646347
4,70.508,1742519822.1646347
5,69.688,1742519822.1646347
6,68.528,1742519822.1646347
7,71.864,1742519822.1646347
0,71.453,1742519822.2147682
1,69.749,1742519822.2147682
2,71.706,1742519822.2147682
3,69.708,1742519822.2147682
4,70.495,1742519822.2147682
5,69.688,1742519822.2147682
6,68.549,1742519822.2147682
7,71.856,1742519822.2147682
0,71.453,1742519822.2649226
1,69.749,1742519822.2649226
2,71.706,1742519822.2649226
3,69.734,1742519822.2649226
4,70.495,1742519822.2649226
5,69.728,1742519822.2649226
6,68.549,1742519822.2649226
7,71.856,1742519822.2649226
0,76.264,1742519822.315059
1,69.749,1742519822.315059
2,71.7,1742519822.315059
3,69.734,1742519822.315059
4,70.482,1742519822.315059
5,69.728,1742519822.315059
6,68.55,1742519822.315059
7,71.851,1742519822.315059
0,76.264,1742519822.3651845
1,69.749,1742519822.3651845
2,71.7,1742519822.3651845
3,69.729,1742519822.3651845
4,70.482,1742519822.3651845
5,69.722,1742519822.3651845
6,68.55,1742519822.3651845
7,71.851,1742519822.3651845
0,82.154,1742519822.4153204
1,69.749,1742519822.4153204
2,71.708,1742519822.4153204
3,69.729,1742519822.4153204
4,70.474,1742519822.4153204
5,69.722,1742519822.4153204
6,68.53,1742519822.4153204
7,71.857,1742519822.4153204
0,82.154,1742519822.4654675
1,69.749,1742519822.4654675
2,71.708,1742519822.4654675
3,69.7,1742519822.4654675
4,70.474,1742519822.4654675
5,69.702,1742519822.4654675
6,68.53,1742519822.4654675
7,71.857,1742519822.4654675
0,87.141,1742519822.5156457
1,69.749,1742519822.5156457
2,71.727,1742519822.5156457
3,69.7,1742519822.5156457
4,70.508,1742519822.5156457
5,69.702,1742519822.5156457
6,68.508,1742519822.5156457
7,71.864,1742519822.5156457
0,87.141,1742519822.5658324
1,69.743,1742519822.5658324
2,71.727,1742519822.5658324
3,69.728,1742519822.5658324
4,70.508,1742519822.5658324
5,69.709,1742519822.5658324
6,68.508,1742519822.5658324
7,71.864,1742519822.5658324
0,92.159,1742519822.6159678
1,69.743,1742519822.6159678
2,71.72,1742519822.6159678
3,69.728,1742519822.6159678
4,70.524,1742519822.6159678
5,69.709,1742519822.6159678
6,68.486,1742519822.6159678
7,71.86,1742519822.6159678
0,92.159,1742519822.6660948
1,69.743,1742519822.6660948
2,71.72,1742519822.6660948
3,69.734,1742519822.6660948
4,70.524,1742519822.6660948
5,69.675,1742519822.6660948
6,68.486,1742519822.6660948
7,71.86,1742519822.6660948
0,97.162,1742519822.7162135
1,69.743,1742519822.7162135
2,71.74,1742519822.7162135
3,69.734,1742519822.7162135
4,70.546,1742519822.7162135
5,69.675,1742519822.7162135
6,68.485,1742519822.7162135
7,71.855,1742519822.7162135
0,97.162,1742519822.766337
1,69.724,1742519822.766337
2,71.74,1742519822.766337
3,69.734,1742519822.766337
4,70.546,1742519822.766337
5,69.701,1742519822.766337
6,68.485,1742519822.766337
7,71.855,1742519822.766337
0,102.181,1742519822.8164706
1,69.724,1742519822.8164706
2,71.734,1742519822.8164706
3,69.734,1742519822.8164706
4,70.575,1742519822.8164706
5,69.701,1742519822.8164706
6,68.463,1742519822.8164706
7,71.854,1742519822.8164706
0,102.181,1742519822.866603
1,69.731,1742519822.866603
2,71.734,1742519822.866603
3,69.754,1742519822.866603
4,70.575,1742519822.866603
5,69.7,1742519822.866603
6,68.463,1742519822.866603
7,71.854,1742519822.866603
0,107.121,1742519822.916726
1,69.731,1742519822.916726
2,71.733,1742519822.916726
3,69.754,1742519822.916726
4,70.568,1742519822.916726
5,69.7,1742519822.916726
6,68.472,1742519822.916726
7,71.842,1742519822.916726
0,107.121,1742519822.966854
1,69.737,1742519822.966854
2,71.733,1742519822.966854
3,69.749,1742519822.966854
4,70.568,1742519822.966854
5,69.729,1742519822.966854
6,68.472,1742519822.966854
7,71.842,1742519822.966854
0,112.612,1742519823.0169787
1,69.737,1742519823.0169787
2,71.739,1742519823.0169787
3,69.749,1742519823.0169787
4,70.585,1742519823.0169787
5,69.729,1742519823.0169787
6,68.483,1742519823.0169787
7,71.848,1742519823.0169787
0,112.612,1742519823.0671446
1,69.736,1742519823.0671446
2,71.739,1742519823.0671446
3,69.734,1742519823.0671446
4,70.585,1742519823.0671446
5,69.716,1742519823.0671446
6,68.483,1742519823.0671446
7,71.848,1742519823.0671446
0,116.258,1742519823.1173244
1,69.736,1742519823.1173244
2,71.734,1742519823.1173244
3,69.734,1742519823.1173244
4,70.564,1742519823.1173244
5,69.716,1742519823.1173244
6,68.456,1742519823.1173244
7,71.848,1742519823.1173244
0,116.258,1742519823.167474
1,69.736,1742519823.167474
2,71.734,1742519823.167474
3,69.729,1742519823.167474
4,70.564,1742519823.167474
5,69.683,1742519823.167474
6,68.456,1742519823.167474
7,71.848,1742519823.167474
0,119.228,1742519823.2176526
1,69.736,1742519823.2176526
2,71.719,1742519823.2176526
3,69.729,1742519823.2176526
4,70.567,1742519823.2176526
5,69.683,1742519823.2176526
6,68.454,1742519823.2176526
7,71.864,1742519823.2176526
0,119.228,1742519823.2677963
1,69.722,1742519823.2677963
2,71.719,1742519823.2677963
3,69.722,1742519823.2677963
4,70.567,1742519823.2677963
5,69.696,1742519823.2677963
6,68.454,1742519823.2677963
7,71.864,1742519823.2677963
0,119.048,1742519823.3179445
1,69.722,1742519823.3179445
2,71.719,1742519823.3179445
3,69.722,1742519823.3179445
4,70.581,1742519823.3179445
5,69.696,1742519823.3179445
6,68.461,1742519823.3179445
7,71.865,1742519823.3179445
0,119.048,1742519823.3680906
1,69.714,1742519823.3680906
2,71.719,1742519823.3680906
3,69.729,1742519823.3680906
4,70.581,1742519823.3680906
5,69.669,1742519823.3680906
6,68.461,1742519823.3680906
7,71.865,1742519823.3680906
0,119.048,1742519823.4182537
1,69.714,1742519823.4182537
2,71.725,1742519823.4182537
3,69.729,1742519823.4182537
4,70.596,1742519823.4182537
5,69.669,1742519823.4182537
6,68.454,1742519823.4182537
7,71.859,1742519823.4182537
0,118.799,1742519823.46849
1,69.727,1742519823.46849
2,71.725,1742519823.46849
3,69.75,1742519823.46849
4,70.596,1742519823.46849
5,69.694,1742519823.46849
6,68.454,1742519823.46849
7,71.859,1742519823.46849
0,118.799,1742519823.5186417
1,69.727,1742519823.5186417
2,71.734,1742519823.5186417
3,69.75,1742519823.5186417
4,70.614,1742519823.5186417
5,69.694,1742519823.5186417
6,68.477,1742519823.5186417
7,71.866,1742519823.5186417
0,118.534,1742519823.5688226
1,69.741,1742519823.5688226
2,71.734,1742519823.5688226
3,69.742,1742519823.5688226
4,70.614,1742519823.5688226
5,69.68,1742519823.5688226
6,68.477,1742519823.5688226
7,71.866,1742519823.5688226
0,118.534,1742519823.6189973
1,69.741,1742519823.6189973
2,71.754,1742519823.6189973
3,69.742,1742519823.6189973
4,70.598,1742519823.6189973
5,69.68,1742519823.6189973
6,68.463,1742519823.6189973
7,71.872,1742519823.6189973
0,118.314,1742519823.6691675
1,69.734,1742519823.6691675
2,71.754,1742519823.6691675
3,69.751,1742519823.6691675
4,70.598,1742519823.6691675
5,69.701,1742519823.6691675
6,68.463,1742519823.6691675
7,71.872,1742519823.6691675
0,118.314,1742519823.7193263
1,69.734,1742519823.7193263
2,71.739,1742519823.7193263
3,69.751,1742519823.7193263
4,70.58,1742519823.7193263
5,69.701,1742519823.7193263
6,68.464,1742519823.7193263
7,71.879,1742519823.7193263
0,117.975,1742519823.7695038
1,69.755,1742519823.7695038
2,71.739,1742519823.7695038
3,69.751,1742519823.7695038
4,70.58,1742519823.7695038
5,69.675,1742519823.7695038
6,68.464,1742519823.7695038
7,71.879,1742519823.7695038
0,117.975,1742519823.81969
1,69.755,1742519823.81969
2,71.739,1742519823.81969
3,69.751,1742519823.81969
4,70.559,1742519823.81969
5,69.675,1742519823.81969
6,68.45,1742519823.81969
7,71.866,1742519823.81969
0,118.28,1742519823.8698611
1,69.755,1742519823.8698611
2,71.739,1742519823.8698611
3,69.732,1742519823.8698611
4,70.559,1742519823.8698611
5,69.67,1742519823.8698611
6,68.45,1742519823.8698611
7,71.866,1742519823.8698611
0,118.28,1742519823.9200459
1,69.755,1742519823.9200459
2,71.726,1742519823.9200459
3,69.732,1742519823.9200459
4,70.568,1742519823.9200459
5,69.67,1742519823.9200459
6,68.447,1742519823.9200459
7,71.865,1742519823.9200459
0,118.876,1742519823.9702528
1,69.742,1742519823.9702528
2,71.726,1742519823.9702528
3,69.729,1742519823.9702528
4,70.568,1742519823.9702528
5,69.681,1742519823.9702528
6,68.447,1742519823.9702528
7,71.865,1742519823.9702528
0,118.876,1742519824.0204217
1,69.742,1742519824.0204217
2,71.746,1742519824.0204217
3,69.729,1742519824.0204217
4,70.571,1742519824.0204217
5,69.681,1742519824.0204217
6,68.453,1742519824.0204217
7,71.845,1742519824.0204217
0,119.612,1742519824.0706081
1,69.756,1742519824.0706081
2,71.746,1742519824.0706081
3,69.743,1742519824.0706081
4,70.571,1742519824.0706081
5,69.681,1742519824.0706081
6,68.453,1742519824.0706081
7,71.845,1742519824.0706081
0,119.612,1742519824.1207972
1,69.756,1742519824.1207972
2,71.752,1742519824.1207972
3,69.743,1742519824.1207972
4,70.548,1742519824.1207972
5,69.681,1742519824.1207972
6,68.467,1742519824.1207972
7,71.852,1742519824.1207972
0,120.494,1742519824.1709723
1,69.735,1742519824.1709723
2,71.752,1742519824.1709723
3,69.75,1742519824.1709723
4,70.548,1742519824.1709723
5,69.692,1742519824.1709723
6,68.467,1742519824.1709723
7,71.852,1742519824.1709723
0,120.494,1742519824.2211742
1,69.735,1742519824.2211742
2,71.756,1742519824.2211742
3,69.75,1742519824.2211742
4,70.558,1742519824.2211742
5,69.692,1742519824.2211742
6,68.473,1742519824.2211742
7,71.825,1742519824.2211742
0,121.181,1742519824.2713313
1,69.743,1742519824.2713313
2,71.756,1742519824.2713313
3,69.77,1742519824.2713313
4,70.558,1742519824.2713313
5,69.679,1742519824.2713313
6,68.473,1742519824.2713313
7,71.825,1742519824.2713313
0,121.181,1742519824.3215156
1,69.743,1742519824.3215156
2,71.752,1742519824.3215156
3,69.77,1742519824.3215156
4,70.531,1742519824.3215156
5,69.679,1742519824.3215156
6,68.463,1742519824.3215156
7,71.832,1742519824.3215156
0,121.765,1742519824.371697
1,69.743,1742519824.371697
2,71.752,1742519824.371697
3,69.778,1742519824.371697
4,70.531,1742519824.371697
5,69.708,1742519824.371697
6,68.463,1742519824.371697
7,71.832,1742519824.371697
0,121.765,1742519824.4218354
1,69.743,1742519824.4218354
2,71.73,1742519824.4218354
3,69.778,1742519824.4218354
4,70.531,1742519824.4218354
5,69.708,1742519824.4218354
6,68.463,1742519824.4218354
7,71.824,1742519824.4218354
0,122.139,1742519824.472018
1,69.744,1742519824.472018
2,71.73,1742519824.472018
3,69.764,1742519824.472018
4,70.514,1742519824.472018
5,69.694,1742519824.472018
6,68.47,1742519824.472018
7,71.824,1742519824.472018
0,122.139,1742519824.5221522
1,69.744,1742519824.5221522
2,71.719,1742519824.5221522
3,69.764,1742519824.5221522
4,70.514,1742519824.5221522
5,69.694,1742519824.5221522
6,68.47,1742519824.5221522
7,71.816,1742519824.5221522
0,122.12,1742519824.572287
1,69.723,1742519824.572287
2,71.719,1742519824.572287
3,69.752,1742519824.572287
4,70.503,1742519824.572287
5,69.675,1742519824.572287
6,68.473,1742519824.572287
7,71.816,1742519824.572287
0,122.12,1742519824.6224258
1,69.723,1742519824.6224258
2,71.724,1742519824.6224258
3,69.752,1742519824.6224258
4,70.503,1742519824.6224258
5,69.675,1742519824.6224258
6,68.473,1742519824.6224258
7,71.816,1742519824.6224258
0,122.039,1742519824.672645
1,69.716,1742519824.672645
2,71.724,1742519824.672645
3,69.73,1742519824.672645
4,70.535,1742519824.672645
5,69.695,1742519824.672645
6,68.463,1742519824.672645
7,71.837,1742519824.672645
0,122.039,1742519824.7227802
1,69.716,1742519824.7227802
2,71.72,1742519824.7227802
3,69.73,1742519824.7227802
4,70.535,1742519824.7227802
5,69.695,1742519824.7227802
6,68.463,1742519824.7227802
7,71.837,1742519824.7227802
0,121.953,1742519824.7729135
1,69.717,1742519824.7729135
2,71.72,1742519824.7729135
3,69.736,1742519824.7729135
4,70.515,1742519824.7729135
5,69.687,1742519824.7729135
6,68.463,1742519824.7729135
7,71.823,1742519824.7729135
0,121.953,1742519824.8230486
1,69.717,1742519824.8230486
2,71.713,1742519824.8230486
3,69.736,1742519824.8230486
4,70.515,1742519824.8230486
5,69.687,1742519824.8230486
6,68.463,1742519824.8230486
7,71.823,1742519824.8230486
0,121.377,1742519824.873181
1,69.711,1742519824.873181
2,71.713,1742519824.873181
3,69.756,1742519824.873181
4,70.504,1742519824.873181
5,69.699,1742519824.873181
6,68.468,1742519824.873181
7,71.83,1742519824.873181
0,121.377,1742519824.923315
1,69.711,1742519824.923315
2,71.705,1742519824.923315
3,69.756,1742519824.923315
4,70.504,1742519824.923315
5,69.699,1742519824.923315
6,68.468,1742519824.923315
7,71.83,1742519824.923315
0,120.632,1742519824.9734821
1,69.723,1742519824.9734821
2,71.705,1742519824.9734821
3,69.758,1742519824.9734821
4,70.492,1742519824.9734821
5,69.701,1742519824.9734821
6,68.465,1742519824.9734821
7,71.825,1742519824.9734821
0,120.632,1742519825.0236204
1,69.723,1742519825.0236204
2,71.7,1742519825.0236204
3,69.758,1742519825.0236204
4,70.492,1742519825.0236204
5,69.701,1742519825.0236204
6,68.465,1742519825.0236204
7,71.825,1742519825.0236204
0,119.832,1742519825.073847
1,69.71,1742519825.073847
2,71.7,1742519825.073847
3,69.744,1742519825.073847
4,70.498,1742519825.073847
5,69.709,1742519825.073847
6,68.478,1742519825.073847
7,71.818,1742519825.073847
0,119.832,1742519825.123993
1,69.71,1742519825.123993
2,71.699,1742519825.123993
3,69.744,1742519825.123993
4,70.498,1742519825.123993
5,69.709,1742519825.123993
6,68.478,1742519825.123993
7,71.818,1742519825.123993
0,119.02,1742519825.1741261
1,69.731,1742519825.1741261
2,71.699,1742519825.1741261
3,69.751,1742519825.1741261
4,70.503,1742519825.1741261
5,69.696,1742519825.1741261
6,68.47,1742519825.1741261
7,71.826,1742519825.1741261
0,119.02,1742519825.224261
1,69.731,1742519825.224261
2,71.694,1742519825.224261
3,69.751,1742519825.224261
4,70.503,1742519825.224261
5,69.696,1742519825.224261
6,68.47,1742519825.224261
7,71.826,1742519825.224261
0,118.254,1742519825.274395
1,69.725,1742519825.274395
2,71.694,1742519825.274395
3,69.723,1742519825.274395
4,70.527,1742519825.274395
5,69.696,1742519825.274395
6,68.451,1742519825.274395
7,71.831,1742519825.274395
0,118.254,1742519825.324515
1,69.725,1742519825.324515
2,71.694,1742519825.324515
3,69.723,1742519825.324515
4,70.527,1742519825.324515
5,69.669,1742519825.324515
6,68.451,1742519825.324515
7,71.831,1742519825.324515
0,117.583,1742519825.374648
1,69.718,1742519825.374648
2,71.694,1742519825.374648
3,69.723,1742519825.374648
4,70.535,1742519825.374648
5,69.669,1742519825.374648
6,68.438,1742519825.374648
7,71.832,1742519825.374648
0,117.583,1742519825.4247766
1,69.718,1742519825.4247766
2,71.687,1742519825.4247766
3,69.73,1742519825.4247766
4,70.535,1742519825.4247766
5,69.667,1742519825.4247766
6,68.438,1742519825.4247766
7,71.832,1742519825.4247766
0,117.009,1742519825.474909
1,69.704,1742519825.474909
2,71.687,1742519825.474909
3,69.73,1742519825.474909
4,70.553,1742519825.474909
5,69.667,1742519825.474909
6,68.435,1742519825.474909
7,71.847,1742519825.474909
0,117.009,1742519825.5250437
1,69.704,1742519825.5250437
2,71.674,1742519825.5250437
3,69.737,1742519825.5250437
4,70.553,1742519825.5250437
5,69.679,1742519825.5250437
6,68.435,1742519825.5250437
7,71.847,1742519825.5250437
0,116.796,1742519825.5751774
1,69.723,1742519825.5751774
2,71.674,1742519825.5751774
3,69.737,1742519825.5751774
4,70.578,1742519825.5751774
5,69.679,1742519825.5751774
6,68.442,1742519825.5751774
7,71.828,1742519825.5751774
0,116.796,1742519825.62531
1,69.723,1742519825.62531
2,71.673,1742519825.62531
3,69.745,1742519825.62531
4,70.578,1742519825.62531
5,69.693,1742519825.62531
6,68.442,1742519825.62531
7,71.828,1742519825.62531
0,116.668,1742519825.6754427
1,69.723,1742519825.6754427
2,71.673,1742519825.6754427
3,69.745,1742519825.6754427
4,70.561,1742519825.6754427
5,69.693,1742519825.6754427
6,68.438,1742519825.6754427
7,71.843,1742519825.6754427
0,116.668,1742519825.725577
1,69.723,1742519825.725577
2,71.66,1742519825.725577
3,69.766,1742519825.725577
4,70.561,1742519825.725577
5,69.688,1742519825.725577
6,68.438,1742519825.725577
7,71.843,1742519825.725577
0,116.506,1742519825.7757118
1,69.723,1742519825.7757118
2,71.66,1742519825.7757118
3,69.766,1742519825.7757118
4,70.577,1742519825.7757118
5,69.688,1742519825.7757118
6,68.431,1742519825.7757118
7,71.835,1742519825.7757118
0,116.506,1742519825.825846
1,69.743,1742519825.825846
2,71.66,1742519825.825846
3,69.751,1742519825.825846
4,70.577,1742519825.825846
5,69.689,1742519825.825846
6,68.431,1742519825.825846
7,71.835,1742519825.825846
0,116.488,1742519825.8759668
1,69.743,1742519825.8759668
2,71.66,1742519825.8759668
3,69.751,1742519825.8759668
4,70.566,1742519825.8759668
5,69.689,1742519825.8759668
6,68.443,1742519825.8759668
7,71.835,1742519825.8759668
0,116.488,1742519825.926099
1,69.744,1742519825.926099
2,71.66,1742519825.926099
3,69.738,1742519825.926099
4,70.566,1742519825.926099
5,69.682,1742519825.926099
6,68.443,1742519825.926099
7,71.835,1742519825.926099
0,116.495,1742519825.976238
1,69.744,1742519825.976238
2,71.647,1742519825.976238
3,69.738,1742519825.976238
4,70.587,1742519825.976238
5,69.682,1742519825.976238
6,68.462,1742519825.976238
7,71.849,1742519825.976238
0,116.495,1742519826.0263703
1,69.73,1742519826.0263703
2,71.647,1742519826.0263703
3,69.724,1742519826.0263703
4,70.587,1742519826.0263703
5,69.661,1742519826.0263703
6,68.462,1742519826.0263703
7,71.849,1742519826.0263703
0,116.501,1742519826.0765054
1,69.73,1742519826.0765054
2,71.64,1742519826.0765054
3,69.724,1742519826.0765054
4,70.585,1742519826.0765054
5,69.661,1742519826.0765054
6,68.436,1742519826.0765054
7,71.875,1742519826.0765054
0,116.501,1742519826.1266415
1,69.73,1742519826.1266415
2,71.64,1742519826.1266415
3,69.743,1742519826.1266415
4,70.585,1742519826.1266415
5,69.665,1742519826.1266415
6,68.436,1742519826.1266415
7,71.875,1742519826.1266415
0,116.52,1742519826.1767771
1,69.73,1742519826.1767771
2,71.627,1742519826.1767771
3,69.743,1742519826.1767771
4,70.582,1742519826.1767771
5,69.665,1742519826.1767771
6,68.43,1742519826.1767771
7,71.855,1742519826.1767771
0,116.52,1742519826.2269127
1,69.722,1742519826.2269127
2,71.627,1742519826.2269127
3,69.751,1742519826.2269127
4,70.582,1742519826.2269127
5,69.672,1742519826.2269127
6,68.43,1742519826.2269127
7,71.855,1742519826.2269127
0,116.526,1742519826.2770476
1,69.722,1742519826.2770476
2,71.64,1742519826.2770476
3,69.751,1742519826.2770476
4,70.584,1742519826.2770476
5,69.672,1742519826.2770476
6,68.43,1742519826.2770476
7,71.868,1742519826.2770476
0,116.526,1742519826.3271809
1,69.723,1742519826.3271809
2,71.64,1742519826.3271809
3,69.75,1742519826.3271809
4,70.584,1742519826.3271809
5,69.692,1742519826.3271809
6,68.43,1742519826.3271809
7,71.868,1742519826.3271809
0,116.527,1742519826.3773336
1,69.723,1742519826.3773336
2,71.633,1742519826.3773336
3,69.75,1742519826.3773336
4,70.573,1742519826.3773336
5,69.692,1742519826.3773336
6,68.456,1742519826.3773336
7,71.855,1742519826.3773336
0,116.527,1742519826.427468
1,69.722,1742519826.427468
2,71.633,1742519826.427468
3,69.743,1742519826.427468
4,70.573,1742519826.427468
5,69.686,1742519826.427468
6,68.456,1742519826.427468
7,71.855,1742519826.427468
0,116.513,1742519826.477601
1,69.722,1742519826.477601
2,71.647,1742519826.477601
3,69.743,1742519826.477601
4,70.587,1742519826.477601
5,69.686,1742519826.477601
6,68.469,1742519826.477601
7,71.873,1742519826.477601
0,116.513,1742519826.5277407
1,69.729,1742519826.5277407
2,71.647,1742519826.5277407
3,69.744,1742519826.5277407
4,70.587,1742519826.5277407
5,69.68,1742519826.5277407
6,68.469,1742519826.5277407
7,71.873,1742519826.5277407
0,116.514,1742519826.5778742
1,69.729,1742519826.5778742
2,71.647,1742519826.5778742
3,69.744,1742519826.5778742
4,70.579,1742519826.5778742
5,69.68,1742519826.5778742
6,68.476,1742519826.5778742
7,71.879,1742519826.5778742
0,116.514,1742519826.6280127
1,69.742,1742519826.6280127
2,71.647,1742519826.6280127
3,69.743,1742519826.6280127
4,70.579,1742519826.6280127
5,69.673,1742519826.6280127
6,68.476,1742519826.6280127
7,71.879,1742519826.6280127
0,116.513,1742519826.6781998
1,69.742,1742519826.6781998
2,71.66,1742519826.6781998
3,69.743,1742519826.6781998
4,70.577,1742519826.6781998
5,69.673,1742519826.6781998
6,68.489,1742519826.6781998
7,71.878,1742519826.6781998
0,116.513,1742519826.7283359
1,69.742,1742519826.7283359
2,71.66,1742519826.7283359
3,69.737,1742519826.7283359
4,70.577,1742519826.7283359
5,69.658,1742519826.7283359
6,68.489,1742519826.7283359
7,71.878,1742519826.7283359
0,116.521,1742519826.7784686
1,69.742,1742519826.7784686
2,71.661,1742519826.7784686
3,69.737,1742519826.7784686
4,70.547,1742519826.7784686
5,69.658,1742519826.7784686
6,68.496,1742519826.7784686
7,71.883,1742519826.7784686
0,116.521,1742519826.8286035
1,69.735,1742519826.8286035
2,71.661,1742519826.8286035
3,69.715,1742519826.8286035
4,70.547,1742519826.8286035
5,69.685,1742519826.8286035
6,68.496,1742519826.8286035
7,71.883,1742519826.8286035
0,116.526,1742519826.8787386
1,69.735,1742519826.8787386
2,71.661,1742519826.8787386
3,69.715,1742519826.8787386
4,70.54,1742519826.8787386
5,69.685,1742519826.8787386
6,68.483,1742519826.8787386
7,71.863,1742519826.8787386
0,116.526,1742519826.9288743
1,69.742,1742519826.9288743
2,71.661,1742519826.9288743
3,69.749,1742519826.9288743
4,70.54,1742519826.9288743
5,69.685,1742519826.9288743
6,68.483,1742519826.9288743
7,71.863,1742519826.9288743
0,116.539,1742519826.9790094
1,69.742,1742519826.9790094
2,71.681,1742519826.9790094
3,69.749,1742519826.9790094
4,70.528,1742519826.9790094
5,69.685,1742519826.9790094
6,68.472,1742519826.9790094
7,71.876,1742519826.9790094
0,116.539,1742519827.02915
1,69.741,1742519827.02915
2,71.681,1742519827.02915
3,69.742,1742519827.02915
4,70.528,1742519827.02915
5,69.692,1742519827.02915
6,68.472,1742519827.02915
7,71.876,1742519827.02915
0,116.532,1742519827.0792835
1,69.741,1742519827.0792835
2,71.661,1742519827.0792835
3,69.742,1742519827.0792835
4,70.529,1742519827.0792835
5,69.692,1742519827.0792835
6,68.483,1742519827.0792835
7,71.85,1742519827.0792835
0,116.532,1742519827.1294177
1,69.755,1742519827.1294177
2,71.661,1742519827.1294177
3,69.735,1742519827.1294177
4,70.529,1742519827.1294177
5,69.679,1742519827.1294177
6,68.483,1742519827.1294177
7,71.85,1742519827.1294177
0,116.533,1742519827.1795526
1,69.755,1742519827.1795526
2,71.668,1742519827.1795526
3,69.735,1742519827.1795526
4,70.529,1742519827.1795526
5,69.679,1742519827.1795526
6,68.508,1742519827.1795526
7,71.851,1742519827.1795526
0,116.533,1742519827.229684
1,69.754,1742519827.229684
2,71.668,1742519827.229684
3,69.734,1742519827.229684
4,70.529,1742519827.229684
5,69.667,1742519827.229684
6,68.508,1742519827.229684
7,71.851,1742519827.229684
0,116.526,1742519827.2798073
1,69.754,1742519827.2798073
2,71.668,1742519827.2798073
3,69.734,1742519827.2798073
4,70.51,1742519827.2798073
5,69.667,1742519827.2798073
6,68.509,1742519827.2798073
7,71.851,1742519827.2798073
0,116.526,1742519827.3299413
1,69.754,1742519827.3299413
2,71.668,1742519827.3299413
3,69.742,1742519827.3299413
4,70.51,1742519827.3299413
5,69.686,1742519827.3299413
6,68.509,1742519827.3299413
7,71.851,1742519827.3299413
0,116.52,1742519827.380076
1,69.754,1742519827.380076
2,71.661,1742519827.380076
3,69.742,1742519827.380076
4,70.484,1742519827.380076
5,69.686,1742519827.380076
6,68.524,1742519827.380076
7,71.871,1742519827.380076
0,116.52,1742519827.4302118
1,69.749,1742519827.4302118
2,71.661,1742519827.4302118
3,69.734,1742519827.4302118
4,70.484,1742519827.4302118
5,69.673,1742519827.4302118
6,68.524,1742519827.4302118
7,71.871,1742519827.4302118
0,116.532,1742519827.4803476
1,69.749,1742519827.4803476
2,71.654,1742519827.4803476
3,69.734,1742519827.4803476
4,70.474,1742519827.4803476
5,69.673,1742519827.4803476
6,68.537,1742519827.4803476
7,71.846,1742519827.4803476
0,116.532,1742519827.5304832
1,69.749,1742519827.5304832
2,71.654,1742519827.5304832
3,69.749,1742519827.5304832
4,70.474,1742519827.5304832
5,69.714,1742519827.5304832
6,68.537,1742519827.5304832
7,71.846,1742519827.5304832
0,116.539,1742519827.5806177
1,69.749,1742519827.5806177
2,71.654,1742519827.5806177
3,69.749,1742519827.5806177
4,70.497,1742519827.5806177
5,69.714,1742519827.5806177
6,68.531,1742519827.5806177
7,71.866,1742519827.5806177
0,116.539,1742519827.6307542
1,69.75,1742519827.6307542
2,71.654,1742519827.6307542
3,69.742,1742519827.6307542
4,70.497,1742519827.6307542
5,69.707,1742519827.6307542
6,68.531,1742519827.6307542
7,71.866,1742519827.6307542
0,116.533,1742519827.6809442
1,69.75,1742519827.6809442
2,71.648,1742519827.6809442
3,69.742,1742519827.6809442
4,70.52,1742519827.6809442
5,69.707,1742519827.6809442
6,68.53,1742519827.6809442
7,71.84,1742519827.6809442
0,116.533,1742519827.731076
1,69.736,1742519827.731076
2,71.648,1742519827.731076
3,69.742,1742519827.731076
4,70.52,1742519827.731076
5,69.7,1742519827.731076
6,68.53,1742519827.731076
7,71.84,1742519827.731076
0,116.546,1742519827.781212
1,69.736,1742519827.781212
2,71.642,1742519827.781212
3,69.742,1742519827.781212
4,70.521,1742519827.781212
5,69.7,1742519827.781212
6,68.518,1742519827.781212
7,71.836,1742519827.781212
0,116.546,1742519827.831348
1,69.743,1742519827.831348
2,71.642,1742519827.831348
3,69.751,1742519827.831348
4,70.521,1742519827.831348
5,69.671,1742519827.831348
6,68.518,1742519827.831348
7,71.836,1742519827.831348
0,116.526,1742519827.881484
1,69.743,1742519827.881484
2,71.648,1742519827.881484
3,69.751,1742519827.881484
4,70.555,1742519827.881484
5,69.671,1742519827.881484
6,68.521,1742519827.881484
7,71.848,1742519827.881484
0,116.526,1742519827.9316196
1,69.743,1742519827.9316196
2,71.648,1742519827.9316196
3,69.73,1742519827.9316196
4,70.555,1742519827.9316196
5,69.673,1742519827.9316196
6,68.521,1742519827.9316196
7,71.848,1742519827.9316196
0,116.539,1742519827.9817564
1,69.743,1742519827.9817564
2,71.648,1742519827.9817564
3,69.73,1742519827.9817564
4,70.552,1742519827.9817564
5,69.673,1742519827.9817564
6,68.515,1742519827.9817564
7,71.835,1742519827.9817564
0,116.539,1742519828.0318904
1,69.757,1742519828.0318904
2,71.648,1742519828.0318904
3,69.738,1742519828.0318904
4,70.552,1742519828.0318904
5,69.672,1742519828.0318904
6,68.515,1742519828.0318904
7,71.835,1742519828.0318904
0,116.546,1742519828.0820272
1,69.757,1742519828.0820272
2,71.661,1742519828.0820272
3,69.738,1742519828.0820272
4,70.579,1742519828.0820272
5,69.672,1742519828.0820272
6,68.524,1742519828.0820272
7,71.85,1742519828.0820272
0,116.546,1742519828.1321604
1,69.749,1742519828.1321604
2,71.661,1742519828.1321604
3,69.738,1742519828.1321604
4,70.579,1742519828.1321604
5,69.658,1742519828.1321604
6,68.524,1742519828.1321604
7,71.85,1742519828.1321604
0,116.565,1742519828.1822824
1,69.749,1742519828.1822824
2,71.654,1742519828.1822824
3,69.738,1742519828.1822824
4,70.601,1742519828.1822824
5,69.658,1742519828.1822824
6,68.53,1742519828.1822824
7,71.855,1742519828.1822824
0,116.565,1742519828.23241
1,73.029,1742519828.23241
2,71.654,1742519828.23241
3,69.731,1742519828.23241
4,70.601,1742519828.23241
5,71.061,1742519828.23241
6,68.53,1742519828.23241
7,71.855,1742519828.23241
0,116.572,1742519828.2825422
1,73.029,1742519828.2825422
2,71.662,1742519828.2825422
3,69.731,1742519828.2825422
4,70.585,1742519828.2825422
5,71.061,1742519828.2825422
6,68.534,1742519828.2825422
7,71.848,1742519828.2825422
0,116.572,1742519828.332685
1,78.012,1742519828.332685
2,71.662,1742519828.332685
3,69.722,1742519828.332685
4,70.585,1742519828.332685
5,76.087,1742519828.332685
6,68.534,1742519828.332685
7,71.848,1742519828.332685
0,116.571,1742519828.3828304
1,78.012,1742519828.3828304
2,71.654,1742519828.3828304
3,69.722,1742519828.3828304
4,70.593,1742519828.3828304
5,76.087,1742519828.3828304
6,68.517,1742519828.3828304
7,71.841,1742519828.3828304
0,116.571,1742519828.4329689
1,82.788,1742519828.4329689
2,71.654,1742519828.4329689
3,69.724,1742519828.4329689
4,70.593,1742519828.4329689
5,81.197,1742519828.4329689
6,68.517,1742519828.4329689
7,71.841,1742519828.4329689
0,116.565,1742519828.4831035
1,82.788,1742519828.4831035
2,71.673,1742519828.4831035
3,69.724,1742519828.4831035
4,70.607,1742519828.4831035
5,81.197,1742519828.4831035
6,71.578,1742519828.4831035
7,71.851,1742519828.4831035
0,116.565,1742519828.533266
1,86.947,1742519828.533266
2,71.673,1742519828.533266
3,69.724,1742519828.533266
4,70.607,1742519828.533266
5,85.89,1742519828.533266
6,71.578,1742519828.533266
7,71.851,1742519828.533266
0,116.572,1742519828.5833907
1,86.947,1742519828.5833907
2,71.68,1742519828.5833907
3,69.724,1742519828.5833907
4,70.584,1742519828.5833907
5,85.89,1742519828.5833907
6,76.554,1742519828.5833907
7,71.851,1742519828.5833907
0,116.572,1742519828.6335142
1,91.792,1742519828.6335142
2,71.68,1742519828.6335142
3,69.716,1742519828.6335142
4,70.584,1742519828.6335142
5,90.55,1742519828.6335142
6,76.554,1742519828.6335142
7,71.851,1742519828.6335142
0,116.578,1742519828.683648
1,91.792,1742519828.683648
2,71.7,1742519828.683648
3,69.716,1742519828.683648
4,70.557,1742519828.683648
5,90.55,1742519828.683648
6,81.271,1742519828.683648
7,71.85,1742519828.683648
0,116.578,1742519828.7337778
1,95.761,1742519828.7337778
2,71.7,1742519828.7337778
3,69.71,1742519828.7337778
4,70.557,1742519828.7337778
5,95.253,1742519828.7337778
6,81.271,1742519828.7337778
7,71.85,1742519828.7337778
0,116.591,1742519828.783904
1,95.761,1742519828.783904
2,71.706,1742519828.783904
3,69.71,1742519828.783904
4,70.579,1742519828.783904
5,95.253,1742519828.783904
6,86.164,1742519828.783904
7,74.359,1742519828.783904
0,116.591,1742519828.834031
1,100.749,1742519828.834031
2,71.706,1742519828.834031
3,69.709,1742519828.834031
4,70.579,1742519828.834031
5,99.918,1742519828.834031
6,86.164,1742519828.834031
7,74.359,1742519828.834031
0,116.585,1742519828.8841674
1,100.749,1742519828.8841674
2,71.706,1742519828.8841674
3,69.709,1742519828.8841674
4,70.547,1742519828.8841674
5,99.918,1742519828.8841674
6,91.131,1742519828.8841674
7,79.377,1742519828.8841674
0,116.585,1742519828.9343116
1,104.531,1742519828.9343116
2,71.706,1742519828.9343116
3,69.715,1742519828.9343116
4,70.547,1742519828.9343116
5,104.629,1742519828.9343116
6,91.131,1742519828.9343116
7,79.377,1742519828.9343116
0,117.726,1742519828.9844477
1,104.531,1742519828.9844477
2,73.237,1742519828.9844477
3,69.715,1742519828.9844477
4,70.555,1742519828.9844477
5,104.629,1742519828.9844477
6,95.689,1742519828.9844477
7,84.248,1742519828.9844477
0,117.726,1742519829.034627
1,111.241,1742519829.034627
2,73.237,1742519829.034627
3,69.721,1742519829.034627
4,70.555,1742519829.034627
5,110.229,1742519829.034627
6,95.689,1742519829.034627
7,84.248,1742519829.034627
0,120.637,1742519829.0847778
1,111.241,1742519829.0847778
2,78.227,1742519829.0847778
3,69.721,1742519829.0847778
4,70.561,1742519829.0847778
5,110.229,1742519829.0847778
6,100.246,1742519829.0847778
7,88.82,1742519829.0847778
0,120.637,1742519829.1349256
1,118.479,1742519829.1349256
2,78.227,1742519829.1349256
3,69.715,1742519829.1349256
4,70.561,1742519829.1349256
5,110.229,1742519829.1349256
6,100.246,1742519829.1349256
7,88.82,1742519829.1349256
0,123.595,1742519829.185051
1,118.479,1742519829.185051
2,83.291,1742519829.185051
3,69.715,1742519829.185051
4,70.565,1742519829.185051
5,119.443,1742519829.185051
6,104.089,1742519829.185051
7,93.398,1742519829.185051
0,123.595,1742519829.2351787
1,123.406,1742519829.2351787
2,83.291,1742519829.2351787
3,69.728,1742519829.2351787
4,70.565,1742519829.2351787
5,119.443,1742519829.2351787
6,104.089,1742519829.2351787
7,93.398,1742519829.2351787
0,126.63,1742519829.2853394
1,123.406,1742519829.2853394
2,88.109,1742519829.2853394
3,69.728,1742519829.2853394
4,70.565,1742519829.2853394
5,124.693,1742519829.2853394
6,108.537,1742519829.2853394
7,97.982,1742519829.2853394
0,126.63,1742519829.3354886
1,126.069,1742519829.3354886
2,88.109,1742519829.3354886
3,69.728,1742519829.3354886
4,70.573,1742519829.3354886
5,124.693,1742519829.3354886
6,108.537,1742519829.3354886
7,97.982,1742519829.3354886
0,130.884,1742519829.3856382
1,126.069,1742519829.3856382
2,92.755,1742519829.3856382
3,69.708,1742519829.3856382
4,70.573,1742519829.3856382
5,127.398,1742519829.3856382
6,115.851,1742519829.3856382
7,104.284,1742519829.3856382
0,130.884,1742519829.4358168
1,127.028,1742519829.4358168
2,92.755,1742519829.4358168
3,69.708,1742519829.4358168
4,70.572,1742519829.4358168
5,127.398,1742519829.4358168
6,115.851,1742519829.4358168
7,104.284,1742519829.4358168
0,134.229,1742519829.4859848
1,127.028,1742519829.4859848
2,97.374,1742519829.4859848
3,69.712,1742519829.4859848
4,70.572,1742519829.4859848
5,127.376,1742519829.4859848
6,118.354,1742519829.4859848
7,111.38,1742519829.4859848
0,134.229,1742519829.5361435
1,127.029,1742519829.5361435
2,97.374,1742519829.5361435
3,69.712,1742519829.5361435
4,70.588,1742519829.5361435
5,127.376,1742519829.5361435
6,118.354,1742519829.5361435
7,111.38,1742519829.5361435
0,137.098,1742519829.586338
1,127.029,1742519829.586338
2,104.534,1742519829.586338
3,69.725,1742519829.586338
4,70.588,1742519829.586338
5,127.398,1742519829.586338
6,118.005,1742519829.586338
7,115.991,1742519829.586338
0,137.098,1742519829.6364877
1,127.005,1742519829.6364877
2,104.534,1742519829.6364877
3,69.725,1742519829.6364877
4,70.586,1742519829.6364877
5,127.416,1742519829.6364877
6,118.005,1742519829.6364877
7,115.991,1742519829.6364877
0,137.243,1742519829.686703
1,127.005,1742519829.686703
2,109.271,1742519829.686703
3,69.744,1742519829.686703
4,70.586,1742519829.686703
5,127.416,1742519829.686703
6,117.611,1742519829.686703
7,120.589,1742519829.686703
0,137.243,1742519829.7369308
1,126.769,1742519829.7369308
2,109.271,1742519829.7369308
3,69.744,1742519829.7369308
4,70.565,1742519829.7369308
5,127.413,1742519829.7369308
6,117.611,1742519829.7369308
7,120.589,1742519829.7369308
0,137.236,1742519829.787141
1,126.769,1742519829.787141
2,113.906,1742519829.787141
3,69.746,1742519829.787141
4,70.565,1742519829.787141
5,127.413,1742519829.787141
6,117.232,1742519829.787141
7,123.639,1742519829.787141
0,137.236,1742519829.837313
1,127.035,1742519829.837313
2,113.906,1742519829.837313
3,69.746,1742519829.837313
4,70.536,1742519829.837313
5,127.4,1742519829.837313
6,117.232,1742519829.837313
7,123.639,1742519829.837313
0,136.826,1742519829.887468
1,127.035,1742519829.887468
2,118.566,1742519829.887468
3,69.766,1742519829.887468
4,70.536,1742519829.887468
5,127.4,1742519829.887468
6,117.174,1742519829.887468
7,123.22,1742519829.887468
0,136.826,1742519829.9376256
1,126.883,1742519829.9376256
2,118.566,1742519829.9376256
3,69.766,1742519829.9376256
4,70.536,1742519829.9376256
5,127.4,1742519829.9376256
6,117.174,1742519829.9376256
7,123.22,1742519829.9376256
0,136.07,1742519829.9877856
1,126.883,1742519829.9877856
2,122.633,1742519829.9877856
3,69.774,1742519829.9877856
4,70.536,1742519829.9877856
5,127.2,1742519829.9877856
6,117.107,1742519829.9877856
7,122.888,1742519829.9877856
0,136.07,1742519830.0380106
1,124.137,1742519830.0380106
2,122.633,1742519830.0380106
3,69.774,1742519830.0380106
4,73.647,1742519830.0380106
5,127.2,1742519830.0380106
6,117.107,1742519830.0380106
7,122.888,1742519830.0380106
0,133.093,1742519830.0881689
1,124.137,1742519830.0881689
2,122.328,1742519830.0881689
3,69.774,1742519830.0881689
4,73.647,1742519830.0881689
5,125.896,1742519830.0881689
6,117.176,1742519830.0881689
7,122.973,1742519830.0881689
0,133.093,1742519830.1383345
1,121.241,1742519830.1383345
2,122.328,1742519830.1383345
3,69.774,1742519830.1383345
4,78.357,1742519830.1383345
5,125.896,1742519830.1383345
6,117.176,1742519830.1383345
7,122.973,1742519830.1383345
0,130.074,1742519830.1885018
1,121.241,1742519830.1885018
2,121.938,1742519830.1885018
3,69.766,1742519830.1885018
4,78.357,1742519830.1885018
5,123.372,1742519830.1885018
6,117.173,1742519830.1885018
7,123.003,1742519830.1885018
0,130.074,1742519830.238677
1,118.442,1742519830.238677
2,121.938,1742519830.238677
3,69.766,1742519830.238677
4,82.589,1742519830.238677
5,123.372,1742519830.238677
6,117.173,1742519830.238677
7,123.003,1742519830.238677
0,126.972,1742519830.2888372
1,118.442,1742519830.2888372
2,121.71,1742519830.2888372
3,69.761,1742519830.2888372
4,82.589,1742519830.2888372
5,120.518,1742519830.2888372
6,117.133,1742519830.2888372
7,122.915,1742519830.2888372
0,126.972,1742519830.339054
1,115.863,1742519830.339054
2,121.71,1742519830.339054
3,69.761,1742519830.339054
4,86.936,1742519830.339054
5,120.518,1742519830.339054
6,117.133,1742519830.339054
7,122.915,1742519830.339054
0,124.805,1742519830.38923
1,115.863,1742519830.38923
2,121.709,1742519830.38923
3,69.774,1742519830.38923
4,86.936,1742519830.38923
5,116.801,1742519830.38923
6,114.3,1742519830.38923
7,121.791,1742519830.38923
0,124.805,1742519830.4393907
1,114.518,1742519830.4393907
2,121.709,1742519830.4393907
3,69.774,1742519830.4393907
4,94.788,1742519830.4393907
5,116.801,1742519830.4393907
6,114.3,1742519830.4393907
7,121.791,1742519830.4393907
0,122.433,1742519830.4895465
1,114.518,1742519830.4895465
2,121.715,1742519830.4895465
3,69.779,1742519830.4895465
4,94.788,1742519830.4895465
5,116.385,1742519830.4895465
6,114.185,1742519830.4895465
7,118.733,1742519830.4895465
0,122.433,1742519830.539697
1,114.389,1742519830.539697
2,121.715,1742519830.539697
3,69.779,1742519830.539697
4,99.147,1742519830.539697
5,116.385,1742519830.539697
6,114.185,1742519830.539697
7,118.733,1742519830.539697
0,119.588,1742519830.589922
1,114.389,1742519830.589922
2,119.23,1742519830.589922
3,69.773,1742519830.589922
4,99.147,1742519830.589922
5,116.306,1742519830.589922
6,114.176,1742519830.589922
7,118.699,1742519830.589922
0,119.588,1742519830.6400604
1,114.277,1742519830.6400604
2,119.23,1742519830.6400604
3,69.773,1742519830.6400604
4,103.521,1742519830.6400604
5,116.306,1742519830.6400604
6,114.176,1742519830.6400604
7,118.699,1742519830.6400604
0,119.572,1742519830.690196
1,114.277,1742519830.690196
2,119.166,1742519830.690196
3,69.761,1742519830.690196
4,103.521,1742519830.690196
5,116.211,1742519830.690196
6,114.173,1742519830.690196
7,118.719,1742519830.690196
0,119.572,1742519830.7403674
1,114.181,1742519830.7403674
2,119.166,1742519830.7403674
3,69.761,1742519830.7403674
4,107.91,1742519830.7403674
5,116.211,1742519830.7403674
6,114.173,1742519830.7403674
7,118.719,1742519830.7403674
0,119.777,1742519830.7905002
1,114.181,1742519830.7905002
2,119.164,1742519830.7905002
3,69.766,1742519830.7905002
4,107.91,1742519830.7905002
5,116.13,1742519830.7905002
6,114.176,1742519830.7905002
7,118.759,1742519830.7905002
0,119.777,1742519830.840669
1,114.073,1742519830.840669
2,119.164,1742519830.840669
3,69.766,1742519830.840669
4,112.296,1742519830.840669
5,116.13,1742519830.840669
6,114.176,1742519830.840669
7,118.759,1742519830.840669
0,120.323,1742519830.8908017
1,114.073,1742519830.8908017
2,119.174,1742519830.8908017
3,69.76,1742519830.8908017
4,112.296,1742519830.8908017
5,116.084,1742519830.8908017
6,114.178,1742519830.8908017
7,118.754,1742519830.8908017
0,120.323,1742519830.9409623
1,113.991,1742519830.9409623
2,119.174,1742519830.9409623
3,69.76,1742519830.9409623
4,116.711,1742519830.9409623
5,116.084,1742519830.9409623
6,114.178,1742519830.9409623
7,118.754,1742519830.9409623
0,120.745,1742519830.9911191
1,113.991,1742519830.9911191
2,119.18,1742519830.9911191
3,69.766,1742519830.9911191
4,116.711,1742519830.9911191
5,116.001,1742519830.9911191
6,114.221,1742519830.9911191
7,118.774,1742519830.9911191
0,120.745,1742519831.0412686
1,113.868,1742519831.0412686
2,119.18,1742519831.0412686
3,69.766,1742519831.0412686
4,118.037,1742519831.0412686
5,116.001,1742519831.0412686
6,114.221,1742519831.0412686
7,118.774,1742519831.0412686
0,120.745,1742519831.0914516
1,113.868,1742519831.0914516
2,119.173,1742519831.0914516
3,73.963,1742519831.0914516
4,118.037,1742519831.0914516
5,115.953,1742519831.0914516
6,114.229,1742519831.0914516
7,118.758,1742519831.0914516
0,120.745,1742519831.141557
1,113.726,1742519831.141557
2,119.173,1742519831.141557
3,73.963,1742519831.141557
4,117.801,1742519831.141557
5,115.953,1742519831.141557
6,114.229,1742519831.141557
7,118.758,1742519831.141557
0,120.772,1742519831.1917336
1,113.726,1742519831.1917336
2,119.195,1742519831.1917336
3,79.66,1742519831.1917336
4,117.801,1742519831.1917336
5,115.87,1742519831.1917336
6,114.249,1742519831.1917336
7,118.761,1742519831.1917336
0,120.772,1742519831.2420366
1,113.597,1742519831.2420366
2,119.195,1742519831.2420366
3,79.66,1742519831.2420366
4,117.765,1742519831.2420366
5,115.87,1742519831.2420366
6,114.249,1742519831.2420366
7,118.761,1742519831.2420366
0,120.876,1742519831.2922046
1,113.597,1742519831.2922046
2,119.186,1742519831.2922046
3,84.834,1742519831.2922046
4,117.765,1742519831.2922046
5,115.788,1742519831.2922046
6,114.248,1742519831.2922046
7,118.786,1742519831.2922046
0,120.876,1742519831.3423595
1,113.526,1742519831.3423595
2,119.186,1742519831.3423595
3,84.834,1742519831.3423595
4,117.781,1742519831.3423595
5,115.788,1742519831.3423595
6,114.248,1742519831.3423595
7,118.786,1742519831.3423595
0,118.772,1742519831.3924742
1,113.526,1742519831.3924742
2,119.185,1742519831.3924742
3,89.424,1742519831.3924742
4,117.781,1742519831.3924742
5,115.792,1742519831.3924742
6,114.245,1742519831.3924742
7,118.796,1742519831.3924742
0,118.772,1742519831.4426148
1,113.523,1742519831.4426148
2,119.185,1742519831.4426148
3,89.424,1742519831.4426148
4,115.165,1742519831.4426148
5,115.792,1742519831.4426148
6,114.245,1742519831.4426148
7,118.796,1742519831.4426148
0,118.057,1742519831.492773
1,113.523,1742519831.492773
2,119.192,1742519831.492773
3,93.962,1742519831.492773
4,115.165,1742519831.492773
5,115.792,1742519831.492773
6,114.243,1742519831.492773
7,118.806,1742519831.492773
0,118.057,1742519831.5429122
1,113.54,1742519831.5429122
2,119.192,1742519831.5429122
3,93.962,1742519831.5429122
4,115.188,1742519831.5429122
5,115.792,1742519831.5429122
6,114.243,1742519831.5429122
7,118.806,1742519831.5429122
0,118.018,1742519831.5930412
1,113.54,1742519831.5930412
2,119.193,1742519831.5930412
3,97.949,1742519831.5930412
4,115.188,1742519831.5930412
5,115.823,1742519831.5930412
6,114.25,1742519831.5930412
7,118.824,1742519831.5930412
0,118.018,1742519831.6431668
1,113.516,1742519831.6431668
2,119.193,1742519831.6431668
3,97.949,1742519831.6431668
4,115.212,1742519831.6431668
5,115.823,1742519831.6431668
6,114.25,1742519831.6431668
7,118.824,1742519831.6431668
0,118.005,1742519831.693302
1,113.516,1742519831.693302
2,119.163,1742519831.693302
3,103.026,1742519831.693302
4,115.212,1742519831.693302
5,115.83,1742519831.693302
6,114.25,1742519831.693302
7,118.806,1742519831.693302
0,118.005,1742519831.743437
1,113.52,1742519831.743437
2,119.163,1742519831.743437
3,103.026,1742519831.743437
4,115.21,1742519831.743437
5,115.83,1742519831.743437
6,114.25,1742519831.743437
7,118.806,1742519831.743437
0,117.773,1742519831.7935762
1,113.52,1742519831.7935762
2,119.178,1742519831.7935762
3,106.831,1742519831.7935762
4,115.21,1742519831.7935762
5,115.847,1742519831.7935762
6,114.242,1742519831.7935762
7,118.807,1742519831.7935762
0,117.773,1742519831.8437223
1,113.516,1742519831.8437223
2,119.178,1742519831.8437223
3,106.831,1742519831.8437223
4,115.23,1742519831.8437223
5,115.847,1742519831.8437223
6,114.242,1742519831.8437223
7,118.807,1742519831.8437223
0,117.434,1742519831.89386
1,113.516,1742519831.89386
2,119.197,1742519831.89386
3,111.271,1742519831.89386
4,115.23,1742519831.89386
5,115.839,1742519831.89386
6,114.223,1742519831.89386
7,118.792,1742519831.89386
0,117.434,1742519831.9439995
1,113.508,1742519831.9439995
2,119.197,1742519831.9439995
3,111.271,1742519831.9439995
4,115.176,1742519831.9439995
5,115.839,1742519831.9439995
6,114.223,1742519831.9439995
7,118.792,1742519831.9439995
0,119.135,1742519831.9941947
1,113.508,1742519831.9941947
2,119.192,1742519831.9941947
3,117.098,1742519831.9941947
4,115.176,1742519831.9941947
5,115.861,1742519831.9941947
6,114.216,1742519831.9941947
7,118.797,1742519831.9941947
0,119.135,1742519832.0443542
1,113.499,1742519832.0443542
2,119.192,1742519832.0443542
3,117.098,1742519832.0443542
4,115.191,1742519832.0443542
5,115.861,1742519832.0443542
6,114.216,1742519832.0443542
7,118.797,1742519832.0443542
0,119.592,1742519832.094523
1,113.499,1742519832.094523
2,119.212,1742519832.094523
3,118.552,1742519832.094523
4,115.191,1742519832.094523
5,115.851,1742519832.094523
6,114.197,1742519832.094523
7,118.807,1742519832.094523
0,119.592,1742519832.1446786
1,113.511,1742519832.1446786
2,119.212,1742519832.1446786
3,118.552,1742519832.1446786
4,115.178,1742519832.1446786
5,115.851,1742519832.1446786
6,114.197,1742519832.1446786
7,118.807,1742519832.1446786
0,119.605,1742519832.194831
1,113.511,1742519832.194831
2,119.219,1742519832.194831
3,118.17,1742519832.194831
4,115.178,1742519832.194831
5,115.848,1742519832.194831
6,114.19,1742519832.194831
7,118.81,1742519832.194831
0,119.605,1742519832.2449825
1,113.525,1742519832.2449825
2,119.219,1742519832.2449825
3,118.17,1742519832.2449825
4,115.243,1742519832.2449825
5,115.848,1742519832.2449825
6,114.19,1742519832.2449825
7,118.81,1742519832.2449825
0,119.494,1742519832.295133
1,113.525,1742519832.295133
2,119.218,1742519832.295133
3,117.712,1742519832.295133
4,115.243,1742519832.295133
5,115.853,1742519832.295133
6,114.166,1742519832.295133
7,118.812,1742519832.295133
0,119.494,1742519832.345356
1,113.505,1742519832.345356
2,119.218,1742519832.345356
3,117.712,1742519832.345356
4,115.269,1742519832.345356
5,115.853,1742519832.345356
6,114.166,1742519832.345356
7,118.812,1742519832.345356
0,119.463,1742519832.3954847
1,113.505,1742519832.3954847
2,119.241,1742519832.3954847
3,117.59,1742519832.3954847
4,115.269,1742519832.3954847
5,115.837,1742519832.3954847
6,114.178,1742519832.3954847
7,118.833,1742519832.3954847
0,119.463,1742519832.4456525
1,113.505,1742519832.4456525
2,119.241,1742519832.4456525
3,117.59,1742519832.4456525
4,115.271,1742519832.4456525
5,115.837,1742519832.4456525
6,114.178,1742519832.4456525
7,118.833,1742519832.4456525
0,119.396,1742519832.4957924
1,113.505,1742519832.4957924
2,119.253,1742519832.4957924
3,117.597,1742519832.4957924
4,115.271,1742519832.4957924
5,115.872,1742519832.4957924
6,114.192,1742519832.4957924
7,118.843,1742519832.4957924
0,119.396,1742519832.545943
1,113.492,1742519832.545943
2,119.253,1742519832.545943
3,117.597,1742519832.545943
4,115.249,1742519832.545943
5,115.872,1742519832.545943
6,114.192,1742519832.545943
7,118.843,1742519832.545943
0,119.457,1742519832.596113
1,113.492,1742519832.596113
2,119.24,1742519832.596113
3,117.603,1742519832.596113
4,115.249,1742519832.596113
5,115.851,1742519832.596113
6,114.187,1742519832.596113
7,118.859,1742519832.596113
0,119.457,1742519832.6462536
1,113.513,1742519832.6462536
2,119.24,1742519832.6462536
3,117.603,1742519832.6462536
4,115.252,1742519832.6462536
5,115.851,1742519832.6462536
6,114.187,1742519832.6462536
7,118.859,1742519832.6462536
0,119.449,1742519832.696416
1,113.513,1742519832.696416
2,119.254,1742519832.696416
3,117.583,1742519832.696416
4,115.252,1742519832.696416
5,115.846,1742519832.696416
6,114.2,1742519832.696416
7,118.855,1742519832.696416
0,119.449,1742519832.746556
1,113.521,1742519832.746556
2,119.254,1742519832.746556
3,117.583,1742519832.746556
4,115.266,1742519832.746556
5,115.846,1742519832.746556
6,114.2,1742519832.746556
7,118.855,1742519832.746556
0,119.456,1742519832.796694
1,113.521,1742519832.796694
2,119.256,1742519832.796694
3,117.583,1742519832.796694
4,115.266,1742519832.796694
5,115.84,1742519832.796694
6,114.188,1742519832.796694
7,118.871,1742519832.796694
0,119.456,1742519832.846832
1,113.494,1742519832.846832
2,119.256,1742519832.846832
3,117.583,1742519832.846832
4,115.253,1742519832.846832
5,115.84,1742519832.846832
6,114.188,1742519832.846832
7,118.871,1742519832.846832
0,119.322,1742519832.8969777
1,113.494,1742519832.8969777
2,119.242,1742519832.8969777
3,117.583,1742519832.8969777
4,115.253,1742519832.8969777
5,115.811,1742519832.8969777
6,114.191,1742519832.8969777
7,118.883,1742519832.8969777
0,119.322,1742519832.9471345
1,113.528,1742519832.9471345
2,119.242,1742519832.9471345
3,117.583,1742519832.9471345
4,115.266,1742519832.9471345
5,115.811,1742519832.9471345
6,114.191,1742519832.9471345
7,118.883,1742519832.9471345
0,117.097,1742519832.997274
1,113.528,1742519832.997274
2,119.242,1742519832.997274
3,116.224,1742519832.997274
4,115.266,1742519832.997274
5,115.843,1742519832.997274
6,114.186,1742519832.997274
7,118.906,1742519832.997274
0,117.097,1742519833.0474172
1,113.489,1742519833.0474172
2,119.242,1742519833.0474172
3,116.224,1742519833.0474172
4,115.257,1742519833.0474172
5,115.843,1742519833.0474172
6,114.186,1742519833.0474172
7,118.906,1742519833.0474172
0,116.611,1742519833.0975537
1,113.489,1742519833.0975537
2,119.248,1742519833.0975537
3,115.093,1742519833.0975537
4,115.257,1742519833.0975537
5,115.815,1742519833.0975537
6,114.212,1742519833.0975537
7,118.919,1742519833.0975537
0,116.611,1742519833.1476924
1,113.502,1742519833.1476924
2,119.248,1742519833.1476924
3,115.093,1742519833.1476924
4,115.25,1742519833.1476924
5,115.815,1742519833.1476924
6,114.212,1742519833.1476924
7,118.919,1742519833.1476924
0,116.604,1742519833.1978455
1,113.502,1742519833.1978455
2,119.234,1742519833.1978455
3,115.075,1742519833.1978455
4,115.25,1742519833.1978455
5,115.842,1742519833.1978455
6,114.218,1742519833.1978455
7,118.895,1742519833.1978455
0,116.604,1742519833.2479992
1,113.494,1742519833.2479992
2,119.234,1742519833.2479992
3,115.075,1742519833.2479992
4,115.205,1742519833.2479992
5,115.842,1742519833.2479992
6,114.218,1742519833.2479992
7,118.895,1742519833.2479992
0,116.61,1742519833.2981575
1,113.494,1742519833.2981575
2,119.234,1742519833.2981575
3,115.062,1742519833.2981575
4,115.205,1742519833.2981575
5,115.836,1742519833.2981575
6,114.251,1742519833.2981575
7,118.883,1742519833.2981575
0,116.61,1742519833.3483245
1,113.515,1742519833.3483245
2,119.234,1742519833.3483245
3,115.062,1742519833.3483245
4,115.208,1742519833.3483245
5,115.836,1742519833.3483245
6,114.251,1742519833.3483245
7,118.883,1742519833.3483245
0,116.858,1742519833.3984787
1,113.515,1742519833.3984787
2,119.246,1742519833.3984787
3,115.081,1742519833.3984787
4,115.208,1742519833.3984787
5,115.842,1742519833.3984787
6,114.271,1742519833.3984787
7,118.874,1742519833.3984787
0,116.858,1742519833.448621
1,113.508,1742519833.448621
2,119.246,1742519833.448621
3,115.081,1742519833.448621
4,115.202,1742519833.448621
5,115.842,1742519833.448621
6,114.271,1742519833.448621
7,118.874,1742519833.448621
0,116.868,1742519833.4987495
1,113.508,1742519833.4987495
2,119.248,1742519833.4987495
3,115.127,1742519833.4987495
4,115.202,1742519833.4987495
5,115.842,1742519833.4987495
6,114.259,1742519833.4987495
7,118.865,1742519833.4987495
0,116.868,1742519833.5488799
1,113.535,1742519833.5488799
2,119.248,1742519833.5488799
3,115.127,1742519833.5488799
4,115.214,1742519833.5488799
5,115.842,1742519833.5488799
6,114.259,1742519833.5488799
7,118.865,1742519833.5488799
0,116.877,1742519833.599009
1,113.535,1742519833.599009
2,119.268,1742519833.599009
3,115.12,1742519833.599009
4,115.214,1742519833.599009
5,115.834,1742519833.599009
6,114.272,1742519833.599009
7,118.866,1742519833.599009
0,116.877,1742519833.6491554
1,113.508,1742519833.6491554
2,119.268,1742519833.6491554
3,115.12,1742519833.6491554
4,115.218,1742519833.6491554
5,115.834,1742519833.6491554
6,114.272,1742519833.6491554
7,118.866,1742519833.6491554
0,116.888,1742519833.699293
1,113.508,1742519833.699293
2,119.282,1742519833.699293
3,115.14,1742519833.699293
4,115.218,1742519833.699293
5,115.855,1742519833.699293
6,114.252,1742519833.699293
7,118.88,1742519833.699293
0,116.888,1742519833.749422
1,113.493,1742519833.749422
2,119.282,1742519833.749422
3,115.14,1742519833.749422
4,115.225,1742519833.749422
5,115.855,1742519833.749422
6,114.252,1742519833.749422
7,118.88,1742519833.749422
0,116.911,1742519833.7995472
1,113.493,1742519833.7995472
2,119.287,1742519833.7995472
3,115.153,1742519833.7995472
4,115.225,1742519833.7995472
5,115.826,1742519833.7995472
6,114.259,1742519833.7995472
7,118.873,1742519833.7995472
0,116.911,1742519833.8496726
1,113.492,1742519833.8496726
2,119.287,1742519833.8496726
3,115.153,1742519833.8496726
4,115.234,1742519833.8496726
5,115.826,1742519833.8496726
6,114.259,1742519833.8496726
7,118.873,1742519833.8496726
0,116.931,1742519833.8998492
1,113.492,1742519833.8998492
2,119.279,1742519833.8998492
3,115.16,1742519833.8998492
4,115.234,1742519833.8998492
5,115.861,1742519833.8998492
6,114.281,1742519833.8998492
7,118.884,1742519833.8998492
0,116.931,1742519833.9499753
1,113.465,1742519833.9499753
2,119.279,1742519833.9499753
3,115.16,1742519833.9499753
4,115.257,1742519833.9499753
5,115.861,1742519833.9499753
6,114.281,1742519833.9499753
7,118.884,1742519833.9499753
0,116.984,1742519834.0001414
1,113.465,1742519834.0001414
2,119.177,1742519834.0001414
3,115.178,1742519834.0001414
4,115.257,1742519834.0001414
5,115.857,1742519834.0001414
6,114.28,1742519834.0001414
7,118.873,1742519834.0001414
0,116.984,1742519834.0502656
1,113.506,1742519834.0502656
2,119.177,1742519834.0502656
3,115.178,1742519834.0502656
4,115.287,1742519834.0502656
5,115.857,1742519834.0502656
6,114.28,1742519834.0502656
7,118.873,1742519834.0502656
0,116.983,1742519834.1003964
1,113.506,1742519834.1003964
2,119.055,1742519834.1003964
3,115.153,1742519834.1003964
4,115.287,1742519834.1003964
5,115.878,1742519834.1003964
6,114.293,1742519834.1003964
7,118.886,1742519834.1003964
0,116.983,1742519834.1505177
1,113.569,1742519834.1505177
2,119.055,1742519834.1505177
3,115.153,1742519834.1505177
4,115.276,1742519834.1505177
5,115.878,1742519834.1505177
6,114.293,1742519834.1505177
7,118.886,1742519834.1505177
0,116.97,1742519834.2006512
1,113.569,1742519834.2006512
2,118.988,1742519834.2006512
3,115.166,1742519834.2006512
4,115.276,1742519834.2006512
5,115.874,1742519834.2006512
6,114.293,1742519834.2006512
7,118.906,1742519834.2006512
0,116.97,1742519834.2507825
1,113.599,1742519834.2507825
2,118.988,1742519834.2507825
3,115.166,1742519834.2507825
4,115.323,1742519834.2507825
5,115.874,1742519834.2507825
6,114.293,1742519834.2507825
7,118.906,1742519834.2507825
0,116.979,1742519834.3009038
1,113.599,1742519834.3009038
2,118.857,1742519834.3009038
3,115.186,1742519834.3009038
4,115.323,1742519834.3009038
5,115.85,1742519834.3009038
6,114.286,1742519834.3009038
7,118.903,1742519834.3009038
0,116.979,1742519834.3510396
1,113.637,1742519834.3510396
2,118.857,1742519834.3510396
3,115.186,1742519834.3510396
4,115.307,1742519834.3510396
5,115.85,1742519834.3510396
6,114.286,1742519834.3510396
7,118.903,1742519834.3510396
0,116.745,1742519834.4011593
1,113.637,1742519834.4011593
2,118.779,1742519834.4011593
3,115.172,1742519834.4011593
4,115.307,1742519834.4011593
5,115.87,1742519834.4011593
6,114.287,1742519834.4011593
7,118.926,1742519834.4011593
0,116.745,1742519834.4512787
1,113.604,1742519834.4512787
2,118.779,1742519834.4512787
3,115.172,1742519834.4512787
4,115.315,1742519834.4512787
5,115.87,1742519834.4512787
6,114.287,1742519834.4512787
7,118.926,1742519834.4512787
0,116.732,1742519834.5013978
1,113.604,1742519834.5013978
2,118.733,1742519834.5013978
3,115.146,1742519834.5013978
4,115.315,1742519834.5013978
5,115.83,1742519834.5013978
6,114.287,1742519834.5013978
7,118.896,1742519834.5013978
0,116.732,1742519834.55152
1,113.631,1742519834.55152
2,118.733,1742519834.55152
3,115.146,1742519834.55152
4,115.325,1742519834.55152
5,115.83,1742519834.55152
6,114.288,1742519834.55152
7,118.896,1742519834.55152
0,116.739,1742519834.6016452
1,113.631,1742519834.6016452
2,118.671,1742519834.6016452
3,115.178,1742519834.6016452
4,115.325,1742519834.6016452
5,115.863,1742519834.6016452
6,114.288,1742519834.6016452
7,118.861,1742519834.6016452
0,116.739,1742519834.651767
1,113.617,1742519834.651767
2,118.671,1742519834.651767
3,115.178,1742519834.651767
4,115.334,1742519834.651767
5,115.863,1742519834.651767
6,114.294,1742519834.651767
7,118.861,1742519834.651767
0,116.726,1742519834.7019281
1,113.617,1742519834.7019281
2,118.574,1742519834.7019281
3,115.192,1742519834.7019281
4,115.334,1742519834.7019281
5,115.855,1742519834.7019281
6,114.294,1742519834.7019281
7,118.873,1742519834.7019281
0,116.726,1742519834.7520607
1,113.627,1742519834.7520607
2,118.574,1742519834.7520607
3,115.192,1742519834.7520607
4,115.361,1742519834.7520607
5,115.855,1742519834.7520607
6,114.288,1742519834.7520607
7,118.873,1742519834.7520607
0,116.692,1742519834.8021896
1,113.627,1742519834.8021896
2,118.471,1742519834.8021896
3,115.231,1742519834.8021896
4,115.361,1742519834.8021896
5,115.876,1742519834.8021896
6,114.288,1742519834.8021896
7,118.879,1742519834.8021896
0,116.692,1742519834.852317
1,113.637,1742519834.852317
2,118.471,1742519834.852317
3,115.231,1742519834.852317
4,115.379,1742519834.852317
5,115.876,1742519834.852317
6,114.302,1742519834.852317
7,118.879,1742519834.852317
0,116.666,1742519834.9024394
1,113.637,1742519834.9024394
2,118.404,1742519834.9024394
3,115.265,1742519834.9024394
4,115.379,1742519834.9024394
5,115.879,1742519834.9024394
6,114.302,1742519834.9024394
7,118.876,1742519834.9024394
0,116.666,1742519834.9525642
1,113.66,1742519834.9525642
2,118.404,1742519834.9525642
3,115.265,1742519834.9525642
4,115.396,1742519834.9525642
5,115.879,1742519834.9525642
6,114.301,1742519834.9525642
7,118.876,1742519834.9525642
0,116.638,1742519835.0026958
1,113.66,1742519835.0026958
2,118.402,1742519835.0026958
3,115.256,1742519835.0026958
4,115.396,1742519835.0026958
5,115.844,1742519835.0026958
6,114.315,1742519835.0026958
7,118.869,1742519835.0026958
0,116.638,1742519835.052816
1,113.636,1742519835.052816
2,118.402,1742519835.052816
3,115.256,1742519835.052816
4,115.402,1742519835.052816
5,115.844,1742519835.052816
6,114.315,1742519835.052816
7,118.869,1742519835.052816
0,116.651,1742519835.1029427
1,113.636,1742519835.1029427
2,118.402,1742519835.1029427
3,115.269,1742519835.1029427
4,115.402,1742519835.1029427
5,115.861,1742519835.1029427
6,114.329,1742519835.1029427
7,118.869,1742519835.1029427
0,116.651,1742519835.1530666
1,113.599,1742519835.1530666
2,118.434,1742519835.1530666
3,115.269,1742519835.1530666
4,115.47,1742519835.1530666
5,115.861,1742519835.1530666
6,114.329,1742519835.1530666
7,118.894,1742519835.1530666
0,116.659,1742519835.2031975
1,113.599,1742519835.2031975
2,118.434,1742519835.2031975
3,115.282,1742519835.2031975
4,115.47,1742519835.2031975
5,115.844,1742519835.2031975
6,114.322,1742519835.2031975
7,118.894,1742519835.2031975
0,116.659,1742519835.2533178
1,113.549,1742519835.2533178
2,118.412,1742519835.2533178
3,115.282,1742519835.2533178
4,115.451,1742519835.2533178
5,115.844,1742519835.2533178
6,114.322,1742519835.2533178
7,118.905,1742519835.2533178
0,116.651,1742519835.3034422
1,113.549,1742519835.3034422
2,118.412,1742519835.3034422
3,115.288,1742519835.3034422
4,115.451,1742519835.3034422
5,115.904,1742519835.3034422
6,114.329,1742519835.3034422
7,118.905,1742519835.3034422
0,116.651,1742519835.353589
1,113.533,1742519835.353589
2,118.432,1742519835.353589
3,115.288,1742519835.353589
4,115.446,1742519835.353589
5,115.904,1742519835.353589
6,114.329,1742519835.353589
7,118.888,1742519835.353589
0,116.645,1742519835.403725
1,113.533,1742519835.403725
2,118.412,1742519835.403725
3,115.309,1742519835.403725
4,115.446,1742519835.403725
5,115.946,1742519835.403725
6,114.309,1742519835.403725
7,118.894,1742519835.403725
0,116.645,1742519835.4539945
1,113.553,1742519835.4539945
2,118.412,1742519835.4539945
3,115.309,1742519835.4539945
4,115.45,1742519835.4539945
5,115.946,1742519835.4539945
6,114.309,1742519835.4539945
7,118.894,1742519835.4539945
0,116.639,1742519835.5040941
1,113.553,1742519835.5040941
2,118.378,1742519835.5040941
3,115.303,1742519835.5040941
4,115.45,1742519835.5040941
5,115.99,1742519835.5040941
6,114.309,1742519835.5040941
7,118.92,1742519835.5040941
0,116.639,1742519835.5541673
1,113.553,1742519835.5541673
2,118.378,1742519835.5541673
3,115.303,1742519835.5541673
4,115.441,1742519835.5541673
5,115.99,1742519835.5541673
6,114.322,1742519835.5541673
7,118.92,1742519835.5541673
0,116.652,1742519835.6042476
1,113.553,1742519835.6042476
2,118.325,1742519835.6042476
3,115.3,1742519835.6042476
4,115.441,1742519835.6042476
5,115.982,1742519835.6042476
6,114.322,1742519835.6042476
7,118.948,1742519835.6042476
0,116.652,1742519835.6543293
1,113.567,1742519835.6543293
2,118.325,1742519835.6543293
3,115.3,1742519835.6543293
4,115.419,1742519835.6543293
5,115.982,1742519835.6543293
6,114.361,1742519835.6543293
7,118.948,1742519835.6543293
0,116.659,1742519835.7043996
1,113.567,1742519835.7043996
2,118.325,1742519835.7043996
3,115.274,1742519835.7043996
4,115.419,1742519835.7043996
5,115.956,1742519835.7043996
6,114.361,1742519835.7043996
7,118.952,1742519835.7043996
0,116.659,1742519835.754479
1,113.547,1742519835.754479
2,118.325,1742519835.754479
3,115.274,1742519835.754479
4,115.399,1742519835.754479
5,115.956,1742519835.754479
6,114.407,1742519835.754479
7,118.952,1742519835.754479
0,116.678,1742519835.8045537
1,113.547,1742519835.8045537
2,118.331,1742519835.8045537
3,115.238,1742519835.8045537
4,115.399,1742519835.8045537
5,115.963,1742519835.8045537
6,114.407,1742519835.8045537
7,118.952,1742519835.8045537
0,116.678,1742519835.854683
1,113.541,1742519835.854683
2,118.331,1742519835.854683
3,115.238,1742519835.854683
4,115.394,1742519835.854683
5,115.963,1742519835.854683
6,114.439,1742519835.854683
7,118.982,1742519835.854683
0,116.671,1742519835.904807
1,113.541,1742519835.904807
2,118.332,1742519835.904807
3,115.199,1742519835.904807
4,115.394,1742519835.904807
5,115.95,1742519835.904807
6,114.439,1742519835.904807
7,118.982,1742519835.904807
0,116.671,1742519835.954933
1,113.536,1742519835.954933
2,118.332,1742519835.954933
3,115.199,1742519835.954933
4,115.36,1742519835.954933
5,115.95,1742519835.954933
6,114.439,1742519835.954933
7,119.01,1742519835.954933
0,116.671,1742519836.0050619
1,113.536,1742519836.0050619
2,118.337,1742519836.0050619
3,115.199,1742519836.0050619
4,115.36,1742519836.0050619
5,115.984,1742519836.0050619
6,114.439,1742519836.0050619
7,119.01,1742519836.0050619
0,116.671,1742519836.0551896
1,113.53,1742519836.0551896
2,118.337,1742519836.0551896
3,115.199,1742519836.0551896
4,115.34,1742519836.0551896
5,115.984,1742519836.0551896
6,114.448,1742519836.0551896
7,119.064,1742519836.0551896
0,116.658,1742519836.1053278
1,113.53,1742519836.1053278
2,118.344,1742519836.1053278
3,115.2,1742519836.1053278
4,115.34,1742519836.1053278
5,115.991,1742519836.1053278
6,114.448,1742519836.1053278
7,119.064,1742519836.1053278
0,116.658,1742519836.1554554
1,113.564,1742519836.1554554
2,118.344,1742519836.1554554
3,115.2,1742519836.1554554
4,115.282,1742519836.1554554
5,115.991,1742519836.1554554
6,114.418,1742519836.1554554
7,119.035,1742519836.1554554
0,116.678,1742519836.2055817
1,113.564,1742519836.2055817
2,118.332,1742519836.2055817
3,115.185,1742519836.2055817
4,115.282,1742519836.2055817
5,116.006,1742519836.2055817
6,114.418,1742519836.2055817
7,119.035,1742519836.2055817
0,116.678,1742519836.2557087
1,113.568,1742519836.2557087
2,118.332,1742519836.2557087
3,115.185,1742519836.2557087
4,115.281,1742519836.2557087
5,116.006,1742519836.2557087
6,114.412,1742519836.2557087
7,119.065,1742519836.2557087
0,116.678,1742519836.3058324
1,113.568,1742519836.3058324
2,118.338,1742519836.3058324
3,115.172,1742519836.3058324
4,115.281,1742519836.3058324
5,115.964,1742519836.3058324
6,114.412,1742519836.3058324
7,119.065,1742519836.3058324
0,116.678,1742519836.3559566
1,113.583,1742519836.3559566
2,118.338,1742519836.3559566
3,115.172,1742519836.3559566
4,115.284,1742519836.3559566
5,115.964,1742519836.3559566
6,114.412,1742519836.3559566
7,119.061,1742519836.3559566
0,116.691,1742519836.4060807
1,113.583,1742519836.4060807
2,118.332,1742519836.4060807
3,115.172,1742519836.4060807
4,115.284,1742519836.4060807
5,115.908,1742519836.4060807
6,114.412,1742519836.4060807
7,119.061,1742519836.4060807
0,116.691,1742519836.4561994
1,113.557,1742519836.4561994
2,118.332,1742519836.4561994
3,115.172,1742519836.4561994
4,115.28,1742519836.4561994
5,115.908,1742519836.4561994
6,114.418,1742519836.4561994
7,119.074,1742519836.4561994
0,116.704,1742519836.5063748
1,113.557,1742519836.5063748
2,118.332,1742519836.5063748
3,115.185,1742519836.5063748
4,115.28,1742519836.5063748
5,115.908,1742519836.5063748
6,114.418,1742519836.5063748
7,119.074,1742519836.5063748
0,116.704,1742519836.5564995
1,113.57,1742519836.5564995
2,118.332,1742519836.5564995
3,115.185,1742519836.5564995
4,115.295,1742519836.5564995
5,115.908,1742519836.5564995
6,114.437,1742519836.5564995
7,119.069,1742519836.5564995
0,116.697,1742519836.6066296
1,113.57,1742519836.6066296
2,118.318,1742519836.6066296
3,115.185,1742519836.6066296
4,115.295,1742519836.6066296
5,115.895,1742519836.6066296
6,114.437,1742519836.6066296
7,119.069,1742519836.6066296
0,116.697,1742519836.6568117
1,113.562,1742519836.6568117
2,118.318,1742519836.6568117
3,115.185,1742519836.6568117
4,115.308,1742519836.6568117
5,115.895,1742519836.6568117
6,114.412,1742519836.6568117
7,119.074,1742519836.6568117
0,116.684,1742519836.706946
1,113.562,1742519836.706946
2,118.345,1742519836.706946
3,115.203,1742519836.706946
4,115.308,1742519836.706946
5,115.931,1742519836.706946
6,114.412,1742519836.706946
7,119.074,1742519836.706946
0,116.684,1742519836.7570846
1,113.596,1742519836.7570846
2,118.345,1742519836.7570846
3,115.203,1742519836.7570846
4,115.328,1742519836.7570846
5,115.931,1742519836.7570846
6,114.38,1742519836.7570846
7,119.044,1742519836.7570846
0,116.671,1742519836.807209
1,113.596,1742519836.807209
2,118.345,1742519836.807209
3,115.198,1742519836.807209
4,115.328,1742519836.807209
5,115.943,1742519836.807209
6,114.38,1742519836.807209
7,119.044,1742519836.807209
0,116.671,1742519836.8573334
1,113.582,1742519836.8573334
2,118.345,1742519836.8573334
3,115.198,1742519836.8573334
4,115.312,1742519836.8573334
5,115.943,1742519836.8573334
6,114.359,1742519836.8573334
7,119.035,1742519836.8573334
0,116.665,1742519836.9074671
1,113.582,1742519836.9074671
2,118.345,1742519836.9074671
3,115.211,1742519836.9074671
4,115.312,1742519836.9074671
5,115.942,1742519836.9074671
6,114.359,1742519836.9074671
7,119.035,1742519836.9074671
0,116.665,1742519836.9576015
1,113.616,1742519836.9576015
2,118.344,1742519836.9576015
3,115.211,1742519836.9576015
4,115.342,1742519836.9576015
5,115.942,1742519836.9576015
6,114.347,1742519836.9576015
7,119.014,1742519836.9576015
0,116.672,1742519837.0077379
1,113.616,1742519837.0077379
2,118.344,1742519837.0077379
3,115.218,1742519837.0077379
4,115.342,1742519837.0077379
5,115.945,1742519837.0077379
6,114.347,1742519837.0077379
7,119.014,1742519837.0077379
0,116.672,1742519837.0579913
1,113.588,1742519837.0579913
2,118.345,1742519837.0579913
3,115.218,1742519837.0579913
4,115.335,1742519837.0579913
5,115.945,1742519837.0579913
6,114.327,1742519837.0579913
7,118.977,1742519837.0579913
0,116.672,1742519837.108116
1,113.588,1742519837.108116
2,118.345,1742519837.108116
3,115.238,1742519837.108116
4,115.335,1742519837.108116
5,115.922,1742519837.108116
6,114.327,1742519837.108116
7,118.977,1742519837.108116
0,116.672,1742519837.1582413
1,113.601,1742519837.1582413
2,118.345,1742519837.1582413
3,115.238,1742519837.1582413
4,115.349,1742519837.1582413
5,115.922,1742519837.1582413
6,114.327,1742519837.1582413
7,118.984,1742519837.1582413
0,116.678,1742519837.2083669
1,113.601,1742519837.2083669
2,118.345,1742519837.2083669
3,115.258,1742519837.2083669
4,115.349,1742519837.2083669
5,115.938,1742519837.2083669
6,114.327,1742519837.2083669
7,118.984,1742519837.2083669
0,116.678,1742519837.2584648
1,113.574,1742519837.2584648
2,118.352,1742519837.2584648
3,115.258,1742519837.2584648
4,115.365,1742519837.2584648
5,115.938,1742519837.2584648
6,114.341,1742519837.2584648
7,118.978,1742519837.2584648
0,117.079,1742519837.3085876
1,113.574,1742519837.3085876
2,118.352,1742519837.3085876
3,115.264,1742519837.3085876
4,115.365,1742519837.3085876
5,115.931,1742519837.3085876
6,114.341,1742519837.3085876
7,118.978,1742519837.3085876
0,117.079,1742519837.3587117
1,113.868,1742519837.3587117
2,118.516,1742519837.3587117
3,115.264,1742519837.3587117
4,115.609,1742519837.3587117
5,115.931,1742519837.3587117
6,114.361,1742519837.3587117
7,119.138,1742519837.3587117
0,117.104,1742519837.4088385
1,113.868,1742519837.4088385
2,118.516,1742519837.4088385
3,115.614,1742519837.4088385
4,115.609,1742519837.4088385
5,116.104,1742519837.4088385
6,114.361,1742519837.4088385
7,119.138,1742519837.4088385
0,117.104,1742519837.4589949
1,114.025,1742519837.4589949
2,118.535,1742519837.4589949
3,115.614,1742519837.4589949
4,115.654,1742519837.4589949
5,116.104,1742519837.4589949
6,114.568,1742519837.4589949
7,119.26,1742519837.4589949
0,117.138,1742519837.5091934
1,114.025,1742519837.5091934
2,118.535,1742519837.5091934
3,115.836,1742519837.5091934
4,115.654,1742519837.5091934
5,116.135,1742519837.5091934
6,114.568,1742519837.5091934
7,119.26,1742519837.5091934
0,117.138,1742519837.5593224
1,117.955,1742519837.5593224
2,118.551,1742519837.5593224
3,115.836,1742519837.5593224
4,118.116,1742519837.5593224
5,116.135,1742519837.5593224
6,114.609,1742519837.5593224
7,119.35,1742519837.5593224
0,121.165,1742519837.6094296
1,117.955,1742519837.6094296
2,118.551,1742519837.6094296
3,121.465,1742519837.6094296
4,118.116,1742519837.6094296
5,121.112,1742519837.6094296
6,114.609,1742519837.6094296
7,119.35,1742519837.6094296
0,121.165,1742519837.6595037
1,120.103,1742519837.6595037
2,123.761,1742519837.6595037
3,121.465,1742519837.6595037
4,121.338,1742519837.6595037
5,121.112,1742519837.6595037
6,120.329,1742519837.6595037
7,124.953,1742519837.6595037
0,121.489,1742519837.7095852
1,120.103,1742519837.7095852
2,123.761,1742519837.7095852
3,121.904,1742519837.7095852
4,121.338,1742519837.7095852
5,122.427,1742519837.7095852
6,120.329,1742519837.7095852
7,124.953,1742519837.7095852
0,121.489,1742519837.7596679
1,120.103,1742519837.7596679
2,123.794,1742519837.7596679
3,121.904,1742519837.7596679
4,121.512,1742519837.7596679
5,122.427,1742519837.7596679
6,120.434,1742519837.7596679
7,125.068,1742519837.7596679
0,121.612,1742519837.8097205
1,120.19,1742519837.8097205
2,123.794,1742519837.8097205
3,121.911,1742519837.8097205
4,121.512,1742519837.8097205
5,122.234,1742519837.8097205
6,120.434,1742519837.8097205
7,125.068,1742519837.8097205
0,121.612,1742519837.8597984
1,120.19,1742519837.8597984
2,123.808,1742519837.8597984
3,121.911,1742519837.8597984
4,121.471,1742519837.8597984
5,122.234,1742519837.8597984
6,120.328,1742519837.8597984
7,124.958,1742519837.8597984
0,121.618,1742519837.909892
1,120.191,1742519837.909892
2,123.808,1742519837.909892
3,121.91,1742519837.909892
4,121.471,1742519837.909892
5,122.31,1742519837.909892
6,120.328,1742519837.909892
7,124.958,1742519837.909892
0,121.618,1742519837.9600432
1,120.191,1742519837.9600432
2,124.388,1742519837.9600432
3,121.91,1742519837.9600432
4,121.6,1742519837.9600432
5,122.31,1742519837.9600432
6,120.458,1742519837.9600432
7,125.124,1742519837.9600432
0,122.875,1742519838.0102034
1,121.321,1742519838.0102034
2,124.388,1742519838.0102034
3,123.008,1742519838.0102034
4,121.6,1742519838.0102034
5,122.573,1742519838.0102034
6,120.458,1742519838.0102034
7,125.124,1742519838.0102034
0,122.875,1742519838.060347
1,121.321,1742519838.060347
2,126.447,1742519838.060347
3,123.008,1742519838.060347
4,122.939,1742519838.060347
5,122.573,1742519838.060347
6,120.929,1742519838.060347
7,125.816,1742519838.060347
0,122.881,1742519838.1104865
1,121.467,1742519838.1104865
2,126.447,1742519838.1104865
3,123.951,1742519838.1104865
4,122.939,1742519838.1104865
5,123.82,1742519838.1104865
6,120.929,1742519838.1104865
7,125.816,1742519838.1104865
0,122.881,1742519838.1606297
1,121.467,1742519838.1606297
2,126.49,1742519838.1606297
3,123.951,1742519838.1606297
4,123.174,1742519838.1606297
5,123.82,1742519838.1606297
6,121.935,1742519838.1606297
7,126.352,1742519838.1606297
0,122.887,1742519838.21078
1,121.487,1742519838.21078
2,126.49,1742519838.21078
3,123.949,1742519838.21078
4,123.174,1742519838.21078
5,123.767,1742519838.21078
6,121.935,1742519838.21078
7,126.352,1742519838.21078
0,122.887,1742519838.2609556
1,121.642,1742519838.2609556
2,126.491,1742519838.2609556
3,123.949,1742519838.2609556
4,123.097,1742519838.2609556
5,123.767,1742519838.2609556
6,121.968,1742519838.2609556
7,126.362,1742519838.2609556
0,122.48,1742519838.3111243
1,121.642,1742519838.3111243
2,126.491,1742519838.3111243
3,123.951,1742519838.3111243
4,123.097,1742519838.3111243
5,123.685,1742519838.3111243
6,121.968,1742519838.3111243
7,126.362,1742519838.3111243
0,122.48,1742519838.361299
1,121.22,1742519838.361299
2,126.173,1742519838.361299
3,123.951,1742519838.361299
4,123.099,1742519838.361299
5,123.685,1742519838.361299
6,121.966,1742519838.361299
7,126.236,1742519838.361299
0,122.493,1742519838.4114296
1,121.22,1742519838.4114296
2,126.173,1742519838.4114296
3,123.621,1742519838.4114296
4,123.099,1742519838.4114296
5,123.451,1742519838.4114296
6,121.966,1742519838.4114296
7,126.236,1742519838.4114296
0,122.493,1742519838.4615808
1,122.017,1742519838.4615808
2,126.143,1742519838.4615808
3,123.621,1742519838.4615808
4,122.946,1742519838.4615808
5,123.451,1742519838.4615808
6,121.607,1742519838.4615808
7,126.233,1742519838.4615808
0,123.606,1742519838.511726
1,122.017,1742519838.511726
2,126.143,1742519838.511726
3,123.565,1742519838.511726
4,122.946,1742519838.511726
5,123.382,1742519838.511726
6,121.607,1742519838.511726
7,126.233,1742519838.511726
0,123.606,1742519838.5618696
1,122.017,1742519838.5618696
2,126.87,1742519838.5618696
3,123.565,1742519838.5618696
4,122.946,1742519838.5618696
5,123.382,1742519838.5618696
6,121.577,1742519838.5618696
7,126.137,1742519838.5618696
0,123.606,1742519838.611997
1,118.814,1742519838.611997
2,126.87,1742519838.611997
3,119.373,1742519838.611997
4,121.188,1742519838.611997
5,118.25,1742519838.611997
6,121.577,1742519838.611997
7,126.137,1742519838.611997
0,120.104,1742519838.6621306
1,118.814,1742519838.6621306
2,122.778,1742519838.6621306
3,119.373,1742519838.6621306
4,121.188,1742519838.6621306
5,118.25,1742519838.6621306
6,116.444,1742519838.6621306
7,121.489,1742519838.6621306
0,120.104,1742519838.712261
1,117.077,1742519838.712261
2,122.778,1742519838.712261
3,118.894,1742519838.712261
4,118.797,1742519838.712261
5,119.419,1742519838.712261
6,116.444,1742519838.712261
7,121.489,1742519838.712261
0,120.083,1742519838.7624152
1,117.077,1742519838.7624152
2,122.857,1742519838.7624152
3,118.894,1742519838.7624152
4,118.797,1742519838.7624152
5,119.419,1742519838.7624152
6,116.942,1742519838.7624152
7,122.526,1742519838.7624152
0,120.083,1742519838.8125465
1,116.969,1742519838.8125465
2,122.857,1742519838.8125465
3,121.847,1742519838.8125465
4,119.062,1742519838.8125465
5,122.466,1742519838.8125465
6,116.942,1742519838.8125465
7,122.526,1742519838.8125465
0,124.033,1742519838.86265
1,116.969,1742519838.86265
2,127.622,1742519838.86265
3,121.847,1742519838.86265
4,119.062,1742519838.86265
5,122.466,1742519838.86265
6,121.594,1742519838.86265
7,127.176,1742519838.86265
0,124.033,1742519838.9128046
1,123.729,1742519838.9128046
2,127.622,1742519838.9128046
3,129.061,1742519838.9128046
4,125.208,1742519838.9128046
5,130.004,1742519838.9128046
6,121.594,1742519838.9128046
7,127.176,1742519838.9128046
0,130.923,1742519838.962941
1,123.729,1742519838.962941
2,135.08,1742519838.962941
3,129.061,1742519838.962941
4,125.208,1742519838.962941
5,130.004,1742519838.962941
6,129.536,1742519838.962941
7,135.348,1742519838.962941
0,130.923,1742519839.0130913
1,127.956,1742519839.0130913
2,135.08,1742519839.0130913
3,130.789,1742519839.0130913
4,130.94,1742519839.0130913
5,133.158,1742519839.0130913
6,129.536,1742519839.0130913
7,135.348,1742519839.0130913
0,132.306,1742519839.0632346
1,127.956,1742519839.0632346
2,134.888,1742519839.0632346
3,130.789,1742519839.0632346
4,130.94,1742519839.0632346
5,133.158,1742519839.0632346
6,130.503,1742519839.0632346
7,137.341,1742519839.0632346
0,132.306,1742519839.1133645
1,132.209,1742519839.1133645
2,134.888,1742519839.1133645
3,141.54,1742519839.1133645
4,136.101,1742519839.1133645
5,143.172,1742519839.1133645
6,130.503,1742519839.1133645
7,137.341,1742519839.1133645
0,145.504,1742519839.1635287
1,132.209,1742519839.1635287
2,148.921,1742519839.1635287
3,141.54,1742519839.1635287
4,136.101,1742519839.1635287
5,143.172,1742519839.1635287
6,146.293,1742519839.1635287
7,151.018,1742519839.1635287
0,145.504,1742519839.2136576
1,148.762,1742519839.2136576
2,148.921,1742519839.2136576
3,161.227,1742519839.2136576
4,154.515,1742519839.2136576
5,161.444,1742519839.2136576
6,146.293,1742519839.2136576
7,151.018,1742519839.2136576
0,161.522,1742519839.263795
1,148.762,1742519839.263795
2,165.038,1742519839.263795
3,161.227,1742519839.263795
4,154.515,1742519839.263795
5,161.444,1742519839.263795
6,161.986,1742519839.263795
7,168.061,1742519839.263795
0,161.522,1742519839.3139305
1,163.111,1742519839.3139305
2,165.038,1742519839.3139305
3,175.131,1742519839.3139305
4,169.505,1742519839.3139305
5,175.287,1742519839.3139305
6,161.986,1742519839.3139305
7,168.061,1742519839.3139305
0,176.964,1742519839.3640647
1,163.111,1742519839.3640647
2,182.95,1742519839.3640647
3,175.131,1742519839.3640647
4,169.505,1742519839.3640647
5,175.287,1742519839.3640647
6,180.175,1742519839.3640647
7,185.309,1742519839.3640647
0,176.964,1742519839.4142036
1,183.089,1742519839.4142036
2,182.95,1742519839.4142036
3,194.651,1742519839.4142036
4,187.19,1742519839.4142036
5,195.04,1742519839.4142036
6,180.175,1742519839.4142036
7,185.309,1742519839.4142036
0,198.419,1742519839.4643288
1,183.089,1742519839.4643288
2,200.686,1742519839.4643288
3,194.651,1742519839.4643288
4,187.19,1742519839.4643288
5,195.04,1742519839.4643288
6,199.572,1742519839.4643288
7,207.62,1742519839.4643288
0,198.419,1742519839.514464
1,200.923,1742519839.514464
2,200.686,1742519839.514464
3,216.244,1742519839.514464
4,204.158,1742519839.514464
5,215.671,1742519839.514464
6,199.572,1742519839.514464
7,207.62,1742519839.514464
0,215.581,1742519839.5645978
1,200.923,1742519839.5645978
2,218.755,1742519839.5645978
3,216.244,1742519839.5645978
4,204.158,1742519839.5645978
5,215.671,1742519839.5645978
6,215.385,1742519839.5645978
7,223.868,1742519839.5645978
0,215.581,1742519839.6147587
1,212.666,1742519839.6147587
2,218.755,1742519839.6147587
3,219.247,1742519839.6147587
4,211.924,1742519839.6147587
5,218.893,1742519839.6147587
6,215.385,1742519839.6147587
7,223.868,1742519839.6147587
0,216.53,1742519839.664893
1,212.666,1742519839.664893
2,218.985,1742519839.664893
3,219.247,1742519839.664893
4,211.924,1742519839.664893
5,218.893,1742519839.664893
6,215.898,1742519839.664893
7,222.056,1742519839.664893
0,216.53,1742519839.7150373
1,212.806,1742519839.7150373
2,218.985,1742519839.7150373
3,218.949,1742519839.7150373
4,211.467,1742519839.7150373
5,217.873,1742519839.7150373
6,215.898,1742519839.7150373
7,222.056,1742519839.7150373
0,218.942,1742519839.7651722
1,212.806,1742519839.7651722
2,223.518,1742519839.7651722
3,218.949,1742519839.7651722
4,211.467,1742519839.7651722
5,217.873,1742519839.7651722
6,218.295,1742519839.7651722
7,223.493,1742519839.7651722
0,218.942,1742519839.815308
1,216.62,1742519839.815308
2,223.518,1742519839.815308
3,218.903,1742519839.815308
4,214.072,1742519839.815308
5,218.749,1742519839.815308
6,218.295,1742519839.815308
7,223.493,1742519839.815308
0,225.303,1742519839.8654435
1,216.62,1742519839.8654435
2,219.373,1742519839.8654435
3,218.903,1742519839.8654435
4,214.072,1742519839.8654435
5,218.749,1742519839.8654435
6,216.286,1742519839.8654435
7,219.424,1742519839.8654435
0,225.303,1742519839.9155884
1,212.423,1742519839.9155884
2,219.373,1742519839.9155884
3,216.941,1742519839.9155884
4,208.009,1742519839.9155884
5,216.562,1742519839.9155884
6,216.286,1742519839.9155884
7,219.424,1742519839.9155884
0,218.888,1742519839.9657292
1,212.423,1742519839.9657292
2,219.687,1742519839.9657292
3,216.941,1742519839.9657292
4,208.009,1742519839.9657292
5,216.562,1742519839.9657292
6,215.336,1742519839.9657292
7,223.957,1742519839.9657292
0,218.888,1742519840.0158517
1,227.745,1742519840.0158517
2,219.687,1742519840.0158517
3,232.036,1742519840.0158517
4,218.453,1742519840.0158517
5,228.902,1742519840.0158517
6,215.336,1742519840.0158517
7,223.957,1742519840.0158517
0,233.84,1742519840.065992
1,227.745,1742519840.065992
2,236.651,1742519840.065992
3,232.036,1742519840.065992
4,218.453,1742519840.065992
5,228.902,1742519840.065992
6,234.204,1742519840.065992
7,242.627,1742519840.065992
0,233.84,1742519840.1161182
1,245.016,1742519840.1161182
2,236.651,1742519840.1161182
3,249.661,1742519840.1161182
4,236.845,1742519840.1161182
5,244.781,1742519840.1161182
6,234.204,1742519840.1161182
7,242.627,1742519840.1161182
0,246.175,1742519840.1662443
1,245.016,1742519840.1662443
2,254.147,1742519840.1662443
3,249.661,1742519840.1662443
4,236.845,1742519840.1662443
5,244.781,1742519840.1662443
6,242.83,1742519840.1662443
7,251.59,1742519840.1662443
0,246.175,1742519840.21637
1,253.635,1742519840.21637
2,254.147,1742519840.21637
3,258.397,1742519840.21637
4,242.718,1742519840.21637
5,253.24,1742519840.21637
6,242.83,1742519840.21637
7,251.59,1742519840.21637
0,255.388,1742519840.266525
1,253.635,1742519840.266525
2,259.993,1742519840.266525
3,258.397,1742519840.266525
4,242.718,1742519840.266525
5,253.24,1742519840.266525
6,251.451,1742519840.266525
7,263.322,1742519840.266525
0,255.388,1742519840.3167057
1,265.01,1742519840.3167057
2,259.993,1742519840.3167057
3,267.87,1742519840.3167057
4,253.291,1742519840.3167057
5,263.012,1742519840.3167057
6,251.451,1742519840.3167057
7,263.322,1742519840.3167057
0,266.863,1742519840.3668435
1,265.01,1742519840.3668435
2,266.723,1742519840.3668435
3,267.87,1742519840.3668435
4,253.291,1742519840.3668435
5,263.012,1742519840.3668435
6,257.906,1742519840.3668435
7,270.707,1742519840.3668435
0,266.863,1742519840.41698
1,272.276,1742519840.41698
2,266.723,1742519840.41698
3,272.648,1742519840.41698
4,261.28,1742519840.41698
5,269.235,1742519840.41698
6,257.906,1742519840.41698
7,270.707,1742519840.41698
0,271.652,1742519840.467127
1,272.276,1742519840.467127
2,272.365,1742519840.467127
3,272.648,1742519840.467127
4,261.28,1742519840.467127
5,269.235,1742519840.467127
6,263.312,1742519840.467127
7,278.729,1742519840.467127
0,271.652,1742519840.5172617
1,278.852,1742519840.5172617
2,272.365,1742519840.5172617
3,277.81,1742519840.5172617
4,266.148,1742519840.5172617
5,275.287,1742519840.5172617
6,263.312,1742519840.5172617
7,278.729,1742519840.5172617
0,276.878,1742519840.5673952
1,278.852,1742519840.5673952
2,280.227,1742519840.5673952
3,277.81,1742519840.5673952
4,266.148,1742519840.5673952
5,275.287,1742519840.5673952
6,272.457,1742519840.5673952
7,291.48,1742519840.5673952
0,276.878,1742519840.61753
1,291.722,1742519840.61753
2,280.227,1742519840.61753
3,299.472,1742519840.61753
4,285.772,1742519840.61753
5,292.121,1742519840.61753
6,272.457,1742519840.61753
7,291.48,1742519840.61753
0,306.494,1742519840.6676555
1,291.722,1742519840.6676555
2,307.062,1742519840.6676555
3,299.472,1742519840.6676555
4,285.772,1742519840.6676555
5,292.121,1742519840.6676555
6,296.78,1742519840.6676555
7,314.295,1742519840.6676555
0,306.494,1742519840.7177947
1,316.888,1742519840.7177947
2,307.062,1742519840.7177947
3,324.725,1742519840.7177947
4,310.191,1742519840.7177947
5,321.182,1742519840.7177947
6,296.78,1742519840.7177947
7,314.295,1742519840.7177947
0,328.505,1742519840.767926
1,316.888,1742519840.767926
2,326.801,1742519840.767926
3,324.725,1742519840.767926
4,310.191,1742519840.767926
5,321.182,1742519840.767926
6,318.468,1742519840.767926
7,341.258,1742519840.767926
0,328.505,1742519840.818047
1,342.428,1742519840.818047
2,326.801,1742519840.818047
3,346.868,1742519840.818047
4,331.677,1742519840.818047
5,348.98,1742519840.818047
6,318.468,1742519840.818047
7,341.258,1742519840.818047
0,345.079,1742519840.8682325
1,342.428,1742519840.8682325
2,351.136,1742519840.8682325
3,346.868,1742519840.8682325
4,331.677,1742519840.8682325
5,348.98,1742519840.8682325
6,342.817,1742519840.8682325
7,367.332,1742519840.8682325
0,345.079,1742519840.9184015
1,366.524,1742519840.9184015
2,351.136,1742519840.9184015
3,369.467,1742519840.9184015
4,351.372,1742519840.9184015
5,367.715,1742519840.9184015
6,342.817,1742519840.9184015
7,367.332,1742519840.9184015
0,369.303,1742519840.9685276
1,366.524,1742519840.9685276
2,362.01,1742519840.9685276
3,369.467,1742519840.9685276
4,351.372,1742519840.9685276
5,367.715,1742519840.9685276
6,359.286,1742519840.9685276
7,377.476,1742519840.9685276
0,369.303,1742519841.0186293
1,372.171,1742519841.0186293
2,362.01,1742519841.0186293
3,369.467,1742519841.0186293
4,360.946,1742519841.0186293
5,374.641,1742519841.0186293
6,359.286,1742519841.0186293
7,377.476,1742519841.0186293
0,374.017,1742519841.068763
1,372.171,1742519841.068763
2,368.367,1742519841.068763
3,375.053,1742519841.068763
4,360.946,1742519841.068763
5,374.641,1742519841.068763
6,365.577,1742519841.068763
7,379.631,1742519841.068763
0,374.017,1742519841.1189024
1,374.79,1742519841.1189024
2,368.367,1742519841.1189024
3,375.053,1742519841.1189024
4,360.937,1742519841.1189024
5,374.776,1742519841.1189024
6,365.577,1742519841.1189024
7,379.631,1742519841.1189024
0,373.205,1742519841.1690352
1,374.79,1742519841.1690352
2,368.684,1742519841.1690352
3,373.219,1742519841.1690352
4,360.937,1742519841.1690352
5,374.776,1742519841.1690352
6,363.874,1742519841.1690352
7,382.818,1742519841.1690352
0,373.205,1742519841.2191694
1,374.057,1742519841.2191694
2,368.684,1742519841.2191694
3,373.219,1742519841.2191694
4,360.967,1742519841.2191694
5,374.631,1742519841.2191694
6,363.874,1742519841.2191694
7,382.818,1742519841.2191694
0,372.725,1742519841.269306
1,374.057,1742519841.269306
2,367.474,1742519841.269306
3,370.851,1742519841.269306
4,360.967,1742519841.269306
5,374.631,1742519841.269306
6,364.408,1742519841.269306
7,383.152,1742519841.269306
0,372.725,1742519841.3194504
1,373.692,1742519841.3194504
2,367.474,1742519841.3194504
3,370.851,1742519841.3194504
4,361.004,1742519841.3194504
5,373.976,1742519841.3194504
6,364.408,1742519841.3194504
7,383.152,1742519841.3194504
0,372.976,1742519841.3695881
1,373.692,1742519841.3695881
2,368.16,1742519841.3695881
3,371.796,1742519841.3695881
4,361.004,1742519841.3695881
5,373.976,1742519841.3695881
6,364.251,1742519841.3695881
7,383.098,1742519841.3695881
0,372.976,1742519841.419725
1,371.262,1742519841.419725
2,368.16,1742519841.419725
3,371.796,1742519841.419725
4,360.182,1742519841.419725
5,375.453,1742519841.419725
6,364.251,1742519841.419725
7,383.098,1742519841.419725
0,371.792,1742519841.469903
1,371.262,1742519841.469903
2,367.786,1742519841.469903
3,370.731,1742519841.469903
4,360.182,1742519841.469903
5,375.453,1742519841.469903
6,364.134,1742519841.469903
7,382.494,1742519841.469903
0,371.792,1742519841.5200834
1,371.657,1742519841.5200834
2,367.786,1742519841.5200834
3,370.731,1742519841.5200834
4,359.867,1742519841.5200834
5,375.519,1742519841.5200834
6,364.134,1742519841.5200834
7,382.494,1742519841.5200834
0,371.397,1742519841.5702055
1,371.657,1742519841.5702055
2,368.614,1742519841.5702055
3,370.346,1742519841.5702055
4,359.867,1742519841.5702055
5,375.519,1742519841.5702055
6,363.538,1742519841.5702055
7,381.747,1742519841.5702055
0,371.397,1742519841.6203277
1,371.017,1742519841.6203277
2,368.614,1742519841.6203277
3,370.346,1742519841.6203277
4,360.323,1742519841.6203277
5,374.559,1742519841.6203277
6,363.538,1742519841.6203277
7,381.747,1742519841.6203277
0,370.398,1742519841.6704648
1,371.017,1742519841.6704648
2,368.366,1742519841.6704648
3,369.709,1742519841.6704648
4,360.323,1742519841.6704648
5,374.559,1742519841.6704648
6,362.602,1742519841.6704648
7,380.638,1742519841.6704648
0,370.398,1742519841.7206008
1,368.348,1742519841.7206008
2,368.366,1742519841.7206008
3,369.709,1742519841.7206008
4,359.66,1742519841.7206008
5,373.667,1742519841.7206008
6,362.602,1742519841.7206008
7,380.638,1742519841.7206008
0,369.404,1742519841.77074
1,368.348,1742519841.77074
2,368.95,1742519841.77074
3,368.769,1742519841.77074
4,359.66,1742519841.77074
5,373.667,1742519841.77074
6,361.47,1742519841.77074
7,378.635,1742519841.77074
0,369.404,1742519841.8208752
1,367.318,1742519841.8208752
2,368.95,1742519841.8208752
3,368.769,1742519841.8208752
4,359.405,1742519841.8208752
5,372.648,1742519841.8208752
6,361.47,1742519841.8208752
7,378.635,1742519841.8208752
0,369.528,1742519841.8710096
1,367.318,1742519841.8710096
2,369.276,1742519841.8710096
3,367.695,1742519841.8710096
4,359.405,1742519841.8710096
5,372.648,1742519841.8710096
6,362.18,1742519841.8710096
7,379.2,1742519841.8710096
0,369.528,1742519841.9211466
1,364.723,1742519841.9211466
2,369.276,1742519841.9211466
3,367.695,1742519841.9211466
4,358.562,1742519841.9211466
5,372.648,1742519841.9211466
6,362.18,1742519841.9211466
7,379.2,1742519841.9211466
0,368.965,1742519841.9712715
1,364.723,1742519841.9712715
2,371.511,1742519841.9712715
3,367.232,1742519841.9712715
4,358.562,1742519841.9712715
5,372.53,1742519841.9712715
6,363.938,1742519841.9712715
7,379.156,1742519841.9712715
0,368.965,1742519842.0214043
1,363.915,1742519842.0214043
2,371.511,1742519842.0214043
3,367.232,1742519842.0214043
4,357.017,1742519842.0214043
5,372.53,1742519842.0214043
6,363.938,1742519842.0214043
7,379.156,1742519842.0214043
0,368.973,1742519842.0715384
1,363.915,1742519842.0715384
2,370.731,1742519842.0715384
3,366.782,1742519842.0715384
4,357.017,1742519842.0715384
5,374.062,1742519842.0715384
6,363.742,1742519842.0715384
7,378.538,1742519842.0715384
0,368.973,1742519842.1216774
1,362.652,1742519842.1216774
2,370.731,1742519842.1216774
3,366.782,1742519842.1216774
4,357.515,1742519842.1216774
5,374.062,1742519842.1216774
6,363.742,1742519842.1216774
7,378.538,1742519842.1216774
0,368.573,1742519842.1718261
1,362.652,1742519842.1718261
2,370.127,1742519842.1718261
3,366.794,1742519842.1718261
4,357.515,1742519842.1718261
5,372.241,1742519842.1718261
6,365.435,1742519842.1718261
7,378.538,1742519842.1718261
0,368.573,1742519842.221973
1,362.727,1742519842.221973
2,370.127,1742519842.221973
3,366.794,1742519842.221973
4,358.787,1742519842.221973
5,372.241,1742519842.221973
6,365.435,1742519842.221973
7,375.901,1742519842.221973
0,367.24,1742519842.2720969
1,362.727,1742519842.2720969
2,369.676,1742519842.2720969
3,366.816,1742519842.2720969
4,358.787,1742519842.2720969
5,373.24,1742519842.2720969
6,366.328,1742519842.2720969
7,375.901,1742519842.2720969
0,367.24,1742519842.3222294
1,362.018,1742519842.3222294
2,369.676,1742519842.3222294
3,366.816,1742519842.3222294
4,359.81,1742519842.3222294
5,373.24,1742519842.3222294
6,366.328,1742519842.3222294
7,374.294,1742519842.3222294
0,364.966,1742519842.3723593
1,362.018,1742519842.3723593
2,367.594,1742519842.3723593
3,364.615,1742519842.3723593
4,359.81,1742519842.3723593
5,371.731,1742519842.3723593
6,366.51,1742519842.3723593
7,374.294,1742519842.3723593
0,364.966,1742519842.4224823
1,360.35,1742519842.4224823
2,367.594,1742519842.4224823
3,364.615,1742519842.4224823
4,357.534,1742519842.4224823
5,371.731,1742519842.4224823
6,366.51,1742519842.4224823
7,372.021,1742519842.4224823
0,365.567,1742519842.4726162
1,360.35,1742519842.4726162
2,367.163,1742519842.4726162
3,365.662,1742519842.4726162
4,357.534,1742519842.4726162
5,372.75,1742519842.4726162
6,367.164,1742519842.4726162
7,372.021,1742519842.4726162
0,365.567,1742519842.5227435
1,359.806,1742519842.5227435
2,367.163,1742519842.5227435
3,365.662,1742519842.5227435
4,357.534,1742519842.5227435
5,372.75,1742519842.5227435
6,367.164,1742519842.5227435
7,372.422,1742519842.5227435
0,365.246,1742519842.5728965
1,359.806,1742519842.5728965
2,366.323,1742519842.5728965
3,365.355,1742519842.5728965
4,356.27,1742519842.5728965
5,372.319,1742519842.5728965
6,367.354,1742519842.5728965
7,372.422,1742519842.5728965
0,365.246,1742519842.622993
1,360.09,1742519842.622993
2,366.323,1742519842.622993
3,365.355,1742519842.622993
4,356.461,1742519842.622993
5,372.319,1742519842.622993
6,367.354,1742519842.622993
7,370.47,1742519842.622993
0,365.262,1742519842.6731265
1,360.09,1742519842.6731265
2,366.448,1742519842.6731265
3,364.839,1742519842.6731265
4,356.461,1742519842.6731265
5,371.764,1742519842.6731265
6,367.034,1742519842.6731265
7,370.47,1742519842.6731265
0,365.262,1742519842.7232645
1,361.481,1742519842.7232645
2,366.448,1742519842.7232645
3,364.839,1742519842.7232645
4,356.358,1742519842.7232645
5,371.764,1742519842.7232645
6,367.034,1742519842.7232645
7,371.069,1742519842.7232645
0,365.979,1742519842.773423
1,361.481,1742519842.773423
2,367.311,1742519842.773423
3,365.593,1742519842.773423
4,356.358,1742519842.773423
5,372.626,1742519842.773423
6,367.065,1742519842.773423
7,371.069,1742519842.773423
0,365.979,1742519842.8236089
1,361.258,1742519842.8236089
2,367.311,1742519842.8236089
3,365.593,1742519842.8236089
4,356.348,1742519842.8236089
5,372.626,1742519842.8236089
6,367.065,1742519842.8236089
7,371.673,1742519842.8236089
0,365.458,1742519842.8737426
1,361.258,1742519842.8737426
2,368.21,1742519842.8737426
3,366.131,1742519842.8737426
4,356.348,1742519842.8737426
5,371.429,1742519842.8737426
6,367.659,1742519842.8737426
7,371.673,1742519842.8737426
0,365.458,1742519842.9238758
1,362.516,1742519842.9238758
2,368.21,1742519842.9238758
3,366.131,1742519842.9238758
4,356.557,1742519842.9238758
5,371.429,1742519842.9238758
6,367.659,1742519842.9238758
7,373.864,1742519842.9238758
0,366.004,1742519842.9740095
1,362.516,1742519842.9740095
2,368.581,1742519842.9740095
3,367.172,1742519842.9740095
4,356.557,1742519842.9740095
5,370.169,1742519842.9740095
6,368.099,1742519842.9740095
7,373.864,1742519842.9740095
0,366.004,1742519843.0241318
1,363.405,1742519843.0241318
2,368.581,1742519843.0241318
3,367.172,1742519843.0241318
4,358.73,1742519843.0241318
5,370.169,1742519843.0241318
6,368.099,1742519843.0241318
7,372.241,1742519843.0241318
0,366.64,1742519843.074259
1,363.405,1742519843.074259
2,369.347,1742519843.074259
3,367.365,1742519843.074259
4,358.73,1742519843.074259
5,369.546,1742519843.074259
6,368.977,1742519843.074259
7,372.241,1742519843.074259
0,366.64,1742519843.1243963
1,363.963,1742519843.1243963
2,369.347,1742519843.1243963
3,367.365,1742519843.1243963
4,357.545,1742519843.1243963
5,369.546,1742519843.1243963
6,368.977,1742519843.1243963
7,372.666,1742519843.1243963
0,367.699,1742519843.1745365
1,363.963,1742519843.1745365
2,371.256,1742519843.1745365
3,368.457,1742519843.1745365
4,357.545,1742519843.1745365
5,370.128,1742519843.1745365
6,366.979,1742519843.1745365
7,372.666,1742519843.1745365
0,367.699,1742519843.2246697
1,364.395,1742519843.2246697
2,371.256,1742519843.2246697
3,368.457,1742519843.2246697
4,357.458,1742519843.2246697
5,370.128,1742519843.2246697
6,366.979,1742519843.2246697
7,377.429,1742519843.2246697
0,369.068,1742519843.2748058
1,364.395,1742519843.2748058
2,373.326,1742519843.2748058
3,369.177,1742519843.2748058
4,357.458,1742519843.2748058
5,370.476,1742519843.2748058
6,366.619,1742519843.2748058
7,377.429,1742519843.2748058
0,369.068,1742519843.324942
1,365.879,1742519843.324942
2,373.326,1742519843.324942
3,369.177,1742519843.324942
4,357.189,1742519843.324942
5,370.476,1742519843.324942
6,366.619,1742519843.324942
7,378.337,1742519843.324942
0,370.816,1742519843.375083
1,365.879,1742519843.375083
2,375.685,1742519843.375083
3,372.002,1742519843.375083
4,357.189,1742519843.375083
5,370.932,1742519843.375083
6,365.737,1742519843.375083
7,378.337,1742519843.375083
0,370.816,1742519843.4252183
1,367.925,1742519843.4252183
2,375.685,1742519843.4252183
3,372.002,1742519843.4252183
4,357.189,1742519843.4252183
5,370.932,1742519843.4252183
6,365.737,1742519843.4252183
7,379.4,1742519843.4252183
0,371.095,1742519843.475435
1,367.925,1742519843.475435
2,375.73,1742519843.475435
3,372.22,1742519843.475435
4,356.044,1742519843.475435
5,370.566,1742519843.475435
6,363.74,1742519843.475435
7,379.4,1742519843.475435
0,371.095,1742519843.5256248
1,365.527,1742519843.5256248
2,375.73,1742519843.5256248
3,372.22,1742519843.5256248
4,356.044,1742519843.5256248
5,370.566,1742519843.5256248
6,363.74,1742519843.5256248
7,378.368,1742519843.5256248
0,370.06,1742519843.5757475
1,365.527,1742519843.5757475
2,375.574,1742519843.5757475
3,373.382,1742519843.5757475
4,358.944,1742519843.5757475
5,369.617,1742519843.5757475
6,364.539,1742519843.5757475
7,378.368,1742519843.5757475
0,370.06,1742519843.6258404
1,367.888,1742519843.6258404
2,375.574,1742519843.6258404
3,373.382,1742519843.6258404
4,358.944,1742519843.6258404
5,369.617,1742519843.6258404
6,364.539,1742519843.6258404
7,379.683,1742519843.6258404
0,369.426,1742519843.6759753
1,367.888,1742519843.6759753
2,376.741,1742519843.6759753
3,373.546,1742519843.6759753
4,357.682,1742519843.6759753
5,370.202,1742519843.6759753
6,365.476,1742519843.6759753
7,379.683,1742519843.6759753
0,369.426,1742519843.726197
1,367.727,1742519843.726197
2,376.741,1742519843.726197
3,373.546,1742519843.726197
4,357.682,1742519843.726197
5,370.202,1742519843.726197
6,365.476,1742519843.726197
7,379.905,1742519843.726197
0,368.617,1742519843.7763228
1,367.727,1742519843.7763228
2,376.7,1742519843.7763228
3,373.291,1742519843.7763228
4,357.208,1742519843.7763228
5,369.424,1742519843.7763228
6,365.669,1742519843.7763228
7,379.905,1742519843.7763228
0,368.617,1742519843.8264494
1,365.47,1742519843.8264494
2,376.7,1742519843.8264494
3,373.291,1742519843.8264494
4,357.208,1742519843.8264494
5,369.424,1742519843.8264494
6,365.669,1742519843.8264494
7,380.116,1742519843.8264494
0,369.031,1742519843.876575
1,365.47,1742519843.876575
2,376.509,1742519843.876575
3,372.84,1742519843.876575
4,357.113,1742519843.876575
5,369.94,1742519843.876575
6,364.421,1742519843.876575
7,380.116,1742519843.876575
0,369.031,1742519843.926712
1,365.447,1742519843.926712
2,376.509,1742519843.926712
3,372.84,1742519843.926712
4,357.113,1742519843.926712
5,369.94,1742519843.926712
6,364.421,1742519843.926712
7,378.471,1742519843.926712
0,368.085,1742519843.9768386
1,365.447,1742519843.9768386
2,376.242,1742519843.9768386
3,372.83,1742519843.9768386
4,357.137,1742519843.9768386
5,369.606,1742519843.9768386
6,363.292,1742519843.9768386
7,378.471,1742519843.9768386
0,368.085,1742519844.0269701
1,366.581,1742519844.0269701
2,376.242,1742519844.0269701
3,372.83,1742519844.0269701
4,357.137,1742519844.0269701
5,369.606,1742519844.0269701
6,363.292,1742519844.0269701
7,378.115,1742519844.0269701
0,368.162,1742519844.0770981
1,366.581,1742519844.0770981
2,376.018,1742519844.0770981
3,374.206,1742519844.0770981
4,356.893,1742519844.0770981
5,370.825,1742519844.0770981
6,361.594,1742519844.0770981
7,378.115,1742519844.0770981
0,368.162,1742519844.1272326
1,366.506,1742519844.1272326
2,376.018,1742519844.1272326
3,374.206,1742519844.1272326
4,356.893,1742519844.1272326
5,370.825,1742519844.1272326
6,361.594,1742519844.1272326
7,378.366,1742519844.1272326
0,368.604,1742519844.1773846
1,366.506,1742519844.1773846
2,376.082,1742519844.1773846
3,372.794,1742519844.1773846
4,356.043,1742519844.1773846
5,370.612,1742519844.1773846
6,361.435,1742519844.1773846
7,378.366,1742519844.1773846
0,368.604,1742519844.2275195
1,363.564,1742519844.2275195
2,376.082,1742519844.2275195
3,372.794,1742519844.2275195
4,356.043,1742519844.2275195
5,370.612,1742519844.2275195
6,361.435,1742519844.2275195
7,376.621,1742519844.2275195
0,367.669,1742519844.2776563
1,363.564,1742519844.2776563
2,374.817,1742519844.2776563
3,371.474,1742519844.2776563
4,355.864,1742519844.2776563
5,371.366,1742519844.2776563
6,361.47,1742519844.2776563
7,376.621,1742519844.2776563
0,367.669,1742519844.3277533
1,362.969,1742519844.3277533
2,374.817,1742519844.3277533
3,371.474,1742519844.3277533
4,355.864,1742519844.3277533
5,371.366,1742519844.3277533
6,361.47,1742519844.3277533
7,376.484,1742519844.3277533
0,366.93,1742519844.3778796
1,362.969,1742519844.3778796
2,374.376,1742519844.3778796
3,371.474,1742519844.3778796
4,356.362,1742519844.3778796
5,371.349,1742519844.3778796
6,363.643,1742519844.3778796
7,376.484,1742519844.3778796
0,366.93,1742519844.4279692
1,365.587,1742519844.4279692
2,374.376,1742519844.4279692
3,371.419,1742519844.4279692
4,356.362,1742519844.4279692
5,371.349,1742519844.4279692
6,363.643,1742519844.4279692
7,376.833,1742519844.4279692
0,367.079,1742519844.4781036
1,365.587,1742519844.4781036
2,373.835,1742519844.4781036
3,371.419,1742519844.4781036
4,356.856,1742519844.4781036
5,369.576,1742519844.4781036
6,363.643,1742519844.4781036
7,376.833,1742519844.4781036
0,367.079,1742519844.528235
1,363.008,1742519844.528235
2,373.835,1742519844.528235
3,370.845,1742519844.528235
4,356.856,1742519844.528235
5,369.576,1742519844.528235
6,366.236,1742519844.528235
7,376.079,1742519844.528235
0,367.989,1742519844.5783815
1,363.008,1742519844.5783815
2,372.792,1742519844.5783815
3,370.845,1742519844.5783815
4,357.594,1742519844.5783815
5,369.666,1742519844.5783815
6,366.236,1742519844.5783815
7,376.079,1742519844.5783815
0,367.989,1742519844.6284692
1,361.074,1742519844.6284692
2,372.792,1742519844.6284692
3,370.071,1742519844.6284692
4,357.594,1742519844.6284692
5,369.666,1742519844.6284692
6,367.465,1742519844.6284692
7,374.515,1742519844.6284692
0,367.952,1742519844.6785915
1,361.074,1742519844.6785915
2,371.936,1742519844.6785915
3,370.071,1742519844.6785915
4,358.276,1742519844.6785915
5,368.689,1742519844.6785915
6,367.465,1742519844.6785915
7,374.515,1742519844.6785915
0,367.952,1742519844.7286813
1,362.136,1742519844.7286813
2,371.936,1742519844.7286813
3,370.273,1742519844.7286813
4,358.276,1742519844.7286813
5,368.689,1742519844.7286813
6,368.047,1742519844.7286813
7,372.667,1742519844.7286813
0,368.719,1742519844.7787907
1,362.136,1742519844.7787907
2,371.053,1742519844.7787907
3,370.273,1742519844.7787907
4,361.163,1742519844.7787907
5,368.878,1742519844.7787907
6,368.047,1742519844.7787907
7,372.667,1742519844.7787907
0,368.719,1742519844.8288825
1,362.649,1742519844.8288825
2,371.053,1742519844.8288825
3,371.433,1742519844.8288825
4,361.163,1742519844.8288825
5,368.878,1742519844.8288825
6,369.919,1742519844.8288825
7,372.951,1742519844.8288825
0,368.591,1742519844.8790214
1,362.649,1742519844.8790214
2,369.662,1742519844.8790214
3,371.433,1742519844.8790214
4,361.956,1742519844.8790214
5,370.681,1742519844.8790214
6,369.919,1742519844.8790214
7,372.951,1742519844.8790214
0,368.591,1742519844.9292014
1,363.111,1742519844.9292014
2,369.662,1742519844.9292014
3,373.161,1742519844.9292014
4,361.956,1742519844.9292014
5,370.681,1742519844.9292014
6,370.969,1742519844.9292014
7,373.493,1742519844.9292014
0,368.528,1742519844.979343
1,363.111,1742519844.979343
2,368.639,1742519844.979343
3,373.161,1742519844.979343
4,361.314,1742519844.979343
5,371.667,1742519844.979343
6,370.969,1742519844.979343
7,373.493,1742519844.979343
0,368.528,1742519845.0294695
1,362.81,1742519845.0294695
2,368.639,1742519845.0294695
3,374.473,1742519845.0294695
4,361.314,1742519845.0294695
5,371.667,1742519845.0294695
6,372.173,1742519845.0294695
7,373.271,1742519845.0294695
0,368.244,1742519845.0795982
1,362.81,1742519845.0795982
2,366.502,1742519845.0795982
3,374.473,1742519845.0795982
4,363.455,1742519845.0795982
5,370.611,1742519845.0795982
6,372.173,1742519845.0795982
7,373.271,1742519845.0795982
0,368.244,1742519845.1297019
1,363.019,1742519845.1297019
2,366.502,1742519845.1297019
3,374.441,1742519845.1297019
4,363.455,1742519845.1297019
5,370.611,1742519845.1297019
6,373.712,1742519845.1297019
7,373.244,1742519845.1297019
0,369.63,1742519845.1798246
1,363.019,1742519845.1798246
2,365.687,1742519845.1798246
3,374.441,1742519845.1798246
4,362.555,1742519845.1798246
5,371.835,1742519845.1798246
6,373.712,1742519845.1798246
7,373.244,1742519845.1798246
0,369.63,1742519845.2299159
1,363.297,1742519845.2299159
2,365.687,1742519845.2299159
3,376.513,1742519845.2299159
4,362.555,1742519845.2299159
5,371.835,1742519845.2299159
6,374.284,1742519845.2299159
7,375.228,1742519845.2299159
0,371.365,1742519845.280038
1,363.297,1742519845.280038
2,365.687,1742519845.280038
3,376.513,1742519845.280038
4,365.597,1742519845.280038
5,375.24,1742519845.280038
6,374.284,1742519845.280038
7,375.228,1742519845.280038
0,371.365,1742519845.3301597
1,362.109,1742519845.3301597
2,366.688,1742519845.3301597
3,376.91,1742519845.3301597
4,365.597,1742519845.3301597
5,375.24,1742519845.3301597
6,373.572,1742519845.3301597
7,376.789,1742519845.3301597
0,372.189,1742519845.3802817
1,362.109,1742519845.3802817
2,366.688,1742519845.3802817
3,376.91,1742519845.3802817
4,365.409,1742519845.3802817
5,375.666,1742519845.3802817
6,373.572,1742519845.3802817
7,376.789,1742519845.3802817
0,372.189,1742519845.4304163
1,361.975,1742519845.4304163
2,365.503,1742519845.4304163
3,378.616,1742519845.4304163
4,365.409,1742519845.4304163
5,375.666,1742519845.4304163
6,372.529,1742519845.4304163
7,377.092,1742519845.4304163
0,374.554,1742519845.480553
1,361.975,1742519845.480553
2,365.503,1742519845.480553
3,378.616,1742519845.480553
4,365.389,1742519845.480553
5,378.244,1742519845.480553
6,372.529,1742519845.480553
7,377.092,1742519845.480553
0,374.554,1742519845.5306902
1,362.625,1742519845.5306902
2,366.447,1742519845.5306902
3,381.185,1742519845.5306902
4,365.389,1742519845.5306902
5,378.244,1742519845.5306902
6,370.851,1742519845.5306902
7,378.264,1742519845.5306902
0,375.366,1742519845.580832
1,362.625,1742519845.580832
2,366.447,1742519845.580832
3,381.185,1742519845.580832
4,365.238,1742519845.580832
5,379.992,1742519845.580832
6,370.851,1742519845.580832
7,378.264,1742519845.580832
0,375.366,1742519845.6309972
1,363.364,1742519845.6309972
2,367.189,1742519845.6309972
3,382.337,1742519845.6309972
4,365.238,1742519845.6309972
5,379.992,1742519845.6309972
6,370.702,1742519845.6309972
7,381.544,1742519845.6309972
0,376.665,1742519845.6811743
1,363.364,1742519845.6811743
2,367.189,1742519845.6811743
3,382.337,1742519845.6811743
4,365.596,1742519845.6811743
5,381.61,1742519845.6811743
6,370.702,1742519845.6811743
7,381.544,1742519845.6811743
0,376.665,1742519845.7312977
1,362.228,1742519845.7312977
2,367.824,1742519845.7312977
3,383.154,1742519845.7312977
4,365.596,1742519845.7312977
5,381.61,1742519845.7312977
6,370.182,1742519845.7312977
7,382.909,1742519845.7312977
0,378.126,1742519845.7814434
1,362.228,1742519845.7814434
2,367.824,1742519845.7814434
3,383.154,1742519845.7814434
4,365.289,1742519845.7814434
5,383.018,1742519845.7814434
6,370.182,1742519845.7814434
7,382.909,1742519845.7814434
0,378.126,1742519845.8315732
1,360.854,1742519845.8315732
2,367.75,1742519845.8315732
3,382.918,1742519845.8315732
4,365.289,1742519845.8315732
5,383.018,1742519845.8315732
6,370.013,1742519845.8315732
7,383.878,1742519845.8315732
0,378.396,1742519845.8817348
1,360.854,1742519845.8817348
2,367.75,1742519845.8817348
3,382.918,1742519845.8817348
4,364.552,1742519845.8817348
5,382.991,1742519845.8817348
6,370.013,1742519845.8817348
7,383.878,1742519845.8817348
0,378.396,1742519845.9318638
1,361.083,1742519845.9318638
2,366.962,1742519845.9318638
3,383.306,1742519845.9318638
4,364.552,1742519845.9318638
5,382.991,1742519845.9318638
6,369.316,1742519845.9318638
7,382.905,1742519845.9318638
0,379.935,1742519845.9819884
1,361.083,1742519845.9819884
2,366.962,1742519845.9819884
3,383.306,1742519845.9819884
4,364.087,1742519845.9819884
5,383.92,1742519845.9819884
6,369.316,1742519845.9819884
7,382.905,1742519845.9819884
0,379.935,1742519846.0321155
1,362.577,1742519846.0321155
2,367.944,1742519846.0321155
3,383.269,1742519846.0321155
4,364.087,1742519846.0321155
5,383.92,1742519846.0321155
6,369.228,1742519846.0321155
7,384.265,1742519846.0321155
0,380.637,1742519846.0822659
1,362.577,1742519846.0822659
2,367.944,1742519846.0822659
3,383.269,1742519846.0822659
4,362.867,1742519846.0822659
5,385.925,1742519846.0822659
6,369.228,1742519846.0822659
7,384.265,1742519846.0822659
0,380.637,1742519846.1324039
1,363.035,1742519846.1324039
2,368.079,1742519846.1324039
3,382.83,1742519846.1324039
4,362.867,1742519846.1324039
5,385.925,1742519846.1324039
6,367.754,1742519846.1324039
7,383.987,1742519846.1324039
0,380.849,1742519846.182543
1,363.035,1742519846.182543
2,368.079,1742519846.182543
3,382.83,1742519846.182543
4,364.5,1742519846.182543
5,384.901,1742519846.182543
6,367.754,1742519846.182543
7,383.987,1742519846.182543
0,380.849,1742519846.2326832
1,362.947,1742519846.2326832
2,368.007,1742519846.2326832
3,381.839,1742519846.2326832
4,364.5,1742519846.2326832
5,384.901,1742519846.2326832
6,367.359,1742519846.2326832
7,384.54,1742519846.2326832
0,381.466,1742519846.282819
1,362.947,1742519846.282819
2,368.007,1742519846.282819
3,381.839,1742519846.282819
4,363.485,1742519846.282819
5,384.901,1742519846.282819
6,367.359,1742519846.282819
7,384.54,1742519846.282819
0,381.466,1742519846.332949
1,364.919,1742519846.332949
2,368.084,1742519846.332949
3,384.119,1742519846.332949
4,363.485,1742519846.332949
5,385.142,1742519846.332949
6,369.067,1742519846.332949
7,384.222,1742519846.332949
0,381.466,1742519846.3830802
1,364.919,1742519846.3830802
2,368.084,1742519846.3830802
3,384.119,1742519846.3830802
4,365.024,1742519846.3830802
5,385.333,1742519846.3830802
6,369.067,1742519846.3830802
7,384.222,1742519846.3830802
0,382.087,1742519846.4332197
1,363.815,1742519846.4332197
2,368.939,1742519846.4332197
3,384.001,1742519846.4332197
4,365.024,1742519846.4332197
5,385.333,1742519846.4332197
6,369.013,1742519846.4332197
7,385.256,1742519846.4332197
0,382.087,1742519846.4833455
1,363.815,1742519846.4833455
2,368.939,1742519846.4833455
3,384.001,1742519846.4833455
4,365.981,1742519846.4833455
5,385.617,1742519846.4833455
6,369.013,1742519846.4833455
7,385.256,1742519846.4833455
0,381.787,1742519846.5334783
1,362.885,1742519846.5334783
2,368.489,1742519846.5334783
3,382.978,1742519846.5334783
4,365.981,1742519846.5334783
5,385.617,1742519846.5334783
6,368.266,1742519846.5334783
7,385.174,1742519846.5334783
0,381.787,1742519846.5836124
1,362.885,1742519846.5836124
2,368.489,1742519846.5836124
3,382.978,1742519846.5836124
4,366.404,1742519846.5836124
5,386.406,1742519846.5836124
6,368.266,1742519846.5836124
7,385.174,1742519846.5836124
0,384.453,1742519846.6337378
1,362.132,1742519846.6337378
2,367.856,1742519846.6337378
3,382.696,1742519846.6337378
4,366.404,1742519846.6337378
5,386.406,1742519846.6337378
6,368.804,1742519846.6337378
7,385.411,1742519846.6337378
0,384.453,1742519846.6838753
1,362.132,1742519846.6838753
2,367.856,1742519846.6838753
3,382.696,1742519846.6838753
4,364.38,1742519846.6838753
5,386.406,1742519846.6838753
6,368.804,1742519846.6838753
7,385.411,1742519846.6838753
0,384.465,1742519846.734006
1,364.756,1742519846.734006
2,367.452,1742519846.734006
3,382.422,1742519846.734006
4,364.38,1742519846.734006
5,386.059,1742519846.734006
6,368.391,1742519846.734006
7,384.92,1742519846.734006
0,384.465,1742519846.7841432
1,364.756,1742519846.7841432
2,367.452,1742519846.7841432
3,382.422,1742519846.7841432
4,365.29,1742519846.7841432
5,386.059,1742519846.7841432
6,368.391,1742519846.7841432
7,384.92,1742519846.7841432
0,385.055,1742519846.834281
1,365.841,1742519846.834281
2,367.9,1742519846.834281
3,382.866,1742519846.834281
4,365.29,1742519846.834281
5,385.72,1742519846.834281
6,368.991,1742519846.834281
7,385.922,1742519846.834281
0,385.055,1742519846.884452
1,365.841,1742519846.884452
2,367.9,1742519846.884452
3,382.866,1742519846.884452
4,366.012,1742519846.884452
5,385.72,1742519846.884452
6,368.991,1742519846.884452
7,385.922,1742519846.884452
0,384.263,1742519846.9346163
1,365.207,1742519846.9346163
2,368.797,1742519846.9346163
3,382.376,1742519846.9346163
4,366.012,1742519846.9346163
5,385.524,1742519846.9346163
6,368.947,1742519846.9346163
7,387.907,1742519846.9346163
0,384.263,1742519846.98474
1,365.207,1742519846.98474
2,368.797,1742519846.98474
3,382.376,1742519846.98474
4,365.976,1742519846.98474
5,385.524,1742519846.98474
6,368.947,1742519846.98474
7,387.907,1742519846.98474
0,382.775,1742519847.0348732
1,365.093,1742519847.0348732
2,368.977,1742519847.0348732
3,381.885,1742519847.0348732
4,365.976,1742519847.0348732
5,387.202,1742519847.0348732
6,369.167,1742519847.0348732
7,386.715,1742519847.0348732
0,382.775,1742519847.0850089
1,365.093,1742519847.0850089
2,368.977,1742519847.0850089
3,381.885,1742519847.0850089
4,365.612,1742519847.0850089
5,387.202,1742519847.0850089
6,369.167,1742519847.0850089
7,386.715,1742519847.0850089
0,382.082,1742519847.1351473
1,366.659,1742519847.1351473
2,369.469,1742519847.1351473
3,381.978,1742519847.1351473
4,365.612,1742519847.1351473
5,385.837,1742519847.1351473
6,369.796,1742519847.1351473
7,385.86,1742519847.1351473
0,382.082,1742519847.185281
1,366.659,1742519847.185281
2,369.469,1742519847.185281
3,381.978,1742519847.185281
4,365.447,1742519847.185281
5,385.837,1742519847.185281
6,369.796,1742519847.185281
7,385.86,1742519847.185281
0,381.767,1742519847.2354152
1,366.364,1742519847.2354152
2,371.588,1742519847.2354152
3,383.507,1742519847.2354152
4,365.447,1742519847.2354152
5,385.712,1742519847.2354152
6,370.989,1742519847.2354152
7,384.63,1742519847.2354152
0,381.767,1742519847.28555
1,366.364,1742519847.28555
2,371.588,1742519847.28555
3,383.507,1742519847.28555
4,366.112,1742519847.28555
5,385.712,1742519847.28555
6,370.989,1742519847.28555
7,384.63,1742519847.28555
0,381.018,1742519847.3356907
1,366.364,1742519847.3356907
2,371.477,1742519847.3356907
3,380.442,1742519847.3356907
4,366.112,1742519847.3356907
5,384.455,1742519847.3356907
6,371.927,1742519847.3356907
7,383.189,1742519847.3356907
0,381.018,1742519847.3858173
1,366.586,1742519847.3858173
2,371.477,1742519847.3858173
3,380.442,1742519847.3858173
4,366.105,1742519847.3858173
5,384.455,1742519847.3858173
6,371.927,1742519847.3858173
7,383.189,1742519847.3858173
0,381.53,1742519847.4359422
1,366.586,1742519847.4359422
2,372.071,1742519847.4359422
3,379.807,1742519847.4359422
4,366.105,1742519847.4359422
5,383.155,1742519847.4359422
6,372.603,1742519847.4359422
7,381.744,1742519847.4359422
0,381.53,1742519847.4860759
1,367.515,1742519847.4860759
2,372.071,1742519847.4860759
3,379.807,1742519847.4860759
4,366.667,1742519847.4860759
5,383.155,1742519847.4860759
6,372.603,1742519847.4860759
7,381.744,1742519847.4860759
0,380.394,1742519847.536205
1,367.515,1742519847.536205
2,371.415,1742519847.536205
3,378.564,1742519847.536205
4,366.667,1742519847.536205
5,379.449,1742519847.536205
6,372.645,1742519847.536205
7,380.514,1742519847.536205
0,380.394,1742519847.5863285
1,366.984,1742519847.5863285
2,371.415,1742519847.5863285
3,378.564,1742519847.5863285
4,366.214,1742519847.5863285
5,379.449,1742519847.5863285
6,372.645,1742519847.5863285
7,380.514,1742519847.5863285
0,380.396,1742519847.6364555
1,366.984,1742519847.6364555
2,372.096,1742519847.6364555
3,377.883,1742519847.6364555
4,366.214,1742519847.6364555
5,378.106,1742519847.6364555
6,374.461,1742519847.6364555
7,381.212,1742519847.6364555
0,380.396,1742519847.6865897
1,366.76,1742519847.6865897
2,372.096,1742519847.6865897
3,377.883,1742519847.6865897
4,368.681,1742519847.6865897
5,378.106,1742519847.6865897
6,374.461,1742519847.6865897
7,381.212,1742519847.6865897
0,379.194,1742519847.7367122
1,366.76,1742519847.7367122
2,372.84,1742519847.7367122
3,377.842,1742519847.7367122
4,368.681,1742519847.7367122
5,378.147,1742519847.7367122
6,375.253,1742519847.7367122
7,379.868,1742519847.7367122
0,379.194,1742519847.7868469
1,365.375,1742519847.7868469
2,372.84,1742519847.7868469
3,377.842,1742519847.7868469
4,368.334,1742519847.7868469
5,378.147,1742519847.7868469
6,375.253,1742519847.7868469
7,379.868,1742519847.7868469
0,377.871,1742519847.8369842
1,365.375,1742519847.8369842
2,373.791,1742519847.8369842
3,377.24,1742519847.8369842
4,368.334,1742519847.8369842
5,376.311,1742519847.8369842
6,375.556,1742519847.8369842
7,375.614,1742519847.8369842
0,377.871,1742519847.8871188
1,366.141,1742519847.8871188
2,373.791,1742519847.8871188
3,377.24,1742519847.8871188
4,367.351,1742519847.8871188
5,376.311,1742519847.8871188
6,375.556,1742519847.8871188
7,375.614,1742519847.8871188
0,379.583,1742519847.9372609
1,366.141,1742519847.9372609
2,373.711,1742519847.9372609
3,377.122,1742519847.9372609
4,367.351,1742519847.9372609
5,375.017,1742519847.9372609
6,375.096,1742519847.9372609
7,377.356,1742519847.9372609
0,379.583,1742519847.9873972
1,365.807,1742519847.9873972
2,373.711,1742519847.9873972
3,377.122,1742519847.9873972
4,367.902,1742519847.9873972
5,375.017,1742519847.9873972
6,375.096,1742519847.9873972
7,377.356,1742519847.9873972
0,376.557,1742519848.0375211
1,365.807,1742519848.0375211
2,376.092,1742519848.0375211
3,376.023,1742519848.0375211
4,367.902,1742519848.0375211
5,373.837,1742519848.0375211
6,374.961,1742519848.0375211
7,376.563,1742519848.0375211
0,376.557,1742519848.0876567
1,364.965,1742519848.0876567
2,376.092,1742519848.0876567
3,376.023,1742519848.0876567
4,368.093,1742519848.0876567
5,373.837,1742519848.0876567
6,374.961,1742519848.0876567
7,376.563,1742519848.0876567
0,377.023,1742519848.1378236
1,364.965,1742519848.1378236
2,376.421,1742519848.1378236
3,375.149,1742519848.1378236
4,368.093,1742519848.1378236
5,374.248,1742519848.1378236
6,375.103,1742519848.1378236
7,375.805,1742519848.1378236
0,377.023,1742519848.1880152
1,365.284,1742519848.1880152
2,376.421,1742519848.1880152
3,375.149,1742519848.1880152
4,367.543,1742519848.1880152
5,374.248,1742519848.1880152
6,375.103,1742519848.1880152
7,375.805,1742519848.1880152
0,376.511,1742519848.2381535
1,365.284,1742519848.2381535
2,375.403,1742519848.2381535
3,374.513,1742519848.2381535
4,367.543,1742519848.2381535
5,373.647,1742519848.2381535
6,372.505,1742519848.2381535
7,375.792,1742519848.2381535
0,376.511,1742519848.2882888
1,365.24,1742519848.2882888
2,375.403,1742519848.2882888
3,374.513,1742519848.2882888
4,366.405,1742519848.2882888
5,373.647,1742519848.2882888
6,372.505,1742519848.2882888
7,375.792,1742519848.2882888
0,377.664,1742519848.3384194
1,365.24,1742519848.3384194
2,378.603,1742519848.3384194
3,374.561,1742519848.3384194
4,366.405,1742519848.3384194
5,374.676,1742519848.3384194
6,371.766,1742519848.3384194
7,376.684,1742519848.3384194
0,377.664,1742519848.3885584
1,365.473,1742519848.3885584
2,378.603,1742519848.3885584
3,374.561,1742519848.3885584
4,366.323,1742519848.3885584
5,374.676,1742519848.3885584
6,371.766,1742519848.3885584
7,376.684,1742519848.3885584
0,376.315,1742519848.438681
1,365.473,1742519848.438681
2,377.698,1742519848.438681
3,373.505,1742519848.438681
4,366.323,1742519848.438681
5,373.973,1742519848.438681
6,371.894,1742519848.438681
7,376.982,1742519848.438681
0,376.315,1742519848.4888132
1,366.688,1742519848.4888132
2,377.698,1742519848.4888132
3,373.505,1742519848.4888132
4,365.665,1742519848.4888132
5,373.973,1742519848.4888132
6,371.894,1742519848.4888132
7,376.982,1742519848.4888132
0,377.228,1742519848.5389457
1,366.688,1742519848.5389457
2,380.471,1742519848.5389457
3,375.336,1742519848.5389457
4,365.665,1742519848.5389457
5,377.177,1742519848.5389457
6,373.138,1742519848.5389457
7,379.437,1742519848.5389457
0,377.228,1742519848.5890784
1,368.642,1742519848.5890784
2,380.471,1742519848.5890784
3,375.336,1742519848.5890784
4,365.382,1742519848.5890784
5,377.177,1742519848.5890784
6,373.138,1742519848.5890784
7,379.437,1742519848.5890784
0,378.504,1742519848.6391995
1,368.642,1742519848.6391995
2,379.543,1742519848.6391995
3,376.27,1742519848.6391995
4,365.382,1742519848.6391995
5,377.484,1742519848.6391995
6,371.357,1742519848.6391995
7,379.865,1742519848.6391995
0,378.504,1742519848.6893747
1,368.871,1742519848.6893747
2,379.543,1742519848.6893747
3,376.27,1742519848.6893747
4,364.178,1742519848.6893747
5,377.484,1742519848.6893747
6,371.357,1742519848.6893747
7,379.865,1742519848.6893747
0,379.824,1742519848.739482
1,368.871,1742519848.739482
2,378.907,1742519848.739482
3,376.846,1742519848.739482
4,364.178,1742519848.739482
5,378.743,1742519848.739482
6,370.781,1742519848.739482
7,380.506,1742519848.739482
0,379.824,1742519848.7896304
1,370.521,1742519848.7896304
2,378.907,1742519848.7896304
3,376.846,1742519848.7896304
4,364.672,1742519848.7896304
5,378.743,1742519848.7896304
6,370.781,1742519848.7896304
7,380.506,1742519848.7896304
0,379.303,1742519848.8397734
1,370.521,1742519848.8397734
2,375.91,1742519848.8397734
3,377.614,1742519848.8397734
4,364.672,1742519848.8397734
5,380.228,1742519848.8397734
6,370.598,1742519848.8397734
7,383.44,1742519848.8397734
0,379.303,1742519848.8899047
1,370.603,1742519848.8899047
2,375.91,1742519848.8899047
3,377.614,1742519848.8899047
4,363.999,1742519848.8899047
5,380.228,1742519848.8899047
6,370.598,1742519848.8899047
7,383.44,1742519848.8899047
0,380.755,1742519848.9400406
1,370.603,1742519848.9400406
2,374.74,1742519848.9400406
3,379.599,1742519848.9400406
4,363.999,1742519848.9400406
5,382.068,1742519848.9400406
6,367.427,1742519848.9400406
7,384.357,1742519848.9400406
0,380.755,1742519848.9902003
1,369.433,1742519848.9902003
2,374.74,1742519848.9902003
3,379.599,1742519848.9902003
4,363.615,1742519848.9902003
5,382.068,1742519848.9902003
6,367.427,1742519848.9902003
7,384.357,1742519848.9902003
0,380.648,1742519849.0403347
1,369.433,1742519849.0403347
2,373.206,1742519849.0403347
3,380.737,1742519849.0403347
4,363.615,1742519849.0403347
5,382.567,1742519849.0403347
6,367.585,1742519849.0403347
7,386.375,1742519849.0403347
0,380.648,1742519849.0904415
1,370.186,1742519849.0904415
2,373.206,1742519849.0904415
3,380.737,1742519849.0904415
4,364.208,1742519849.0904415
5,382.567,1742519849.0904415
6,367.585,1742519849.0904415
7,386.375,1742519849.0904415
0,382.025,1742519849.140585
1,370.186,1742519849.140585
2,372.777,1742519849.140585
3,381.459,1742519849.140585
4,364.208,1742519849.140585
5,384.801,1742519849.140585
6,368.904,1742519849.140585
7,386.836,1742519849.140585
0,382.025,1742519849.1907094
1,368.441,1742519849.1907094
2,372.777,1742519849.1907094
3,381.459,1742519849.1907094
4,365.648,1742519849.1907094
5,384.801,1742519849.1907094
6,368.904,1742519849.1907094
7,386.836,1742519849.1907094
0,382.565,1742519849.2408438
1,368.441,1742519849.2408438
2,371.888,1742519849.2408438
3,382.619,1742519849.2408438
4,365.648,1742519849.2408438
5,385.427,1742519849.2408438
6,370.395,1742519849.2408438
7,387.438,1742519849.2408438
0,382.565,1742519849.2909765
1,369.124,1742519849.2909765
2,371.888,1742519849.2909765
3,382.619,1742519849.2909765
4,366.385,1742519849.2909765
5,385.427,1742519849.2909765
6,370.395,1742519849.2909765
7,387.438,1742519849.2909765
0,381.891,1742519849.341112
1,369.124,1742519849.341112
2,369.265,1742519849.341112
3,384.013,1742519849.341112
4,366.385,1742519849.341112
5,386.832,1742519849.341112
6,371.736,1742519849.341112
7,385.138,1742519849.341112
0,381.891,1742519849.3912463
1,367.26,1742519849.3912463
2,369.265,1742519849.3912463
3,384.013,1742519849.3912463
4,367.473,1742519849.3912463
5,386.832,1742519849.3912463
6,371.736,1742519849.3912463
7,385.138,1742519849.3912463
0,380.333,1742519849.4413476
1,367.26,1742519849.4413476
2,368.781,1742519849.4413476
3,385.941,1742519849.4413476
4,367.473,1742519849.4413476
5,385.791,1742519849.4413476
6,371.595,1742519849.4413476
7,386.458,1742519849.4413476
0,380.333,1742519849.491449
1,365.551,1742519849.491449
2,368.781,1742519849.491449
3,385.941,1742519849.491449
4,367.434,1742519849.491449
5,385.791,1742519849.491449
6,371.595,1742519849.491449
7,386.458,1742519849.491449
0,379.861,1742519849.5415769
1,365.551,1742519849.5415769
2,367.993,1742519849.5415769
3,386.316,1742519849.5415769
4,367.434,1742519849.5415769
5,386.001,1742519849.5415769
6,372.889,1742519849.5415769
7,385.423,1742519849.5415769
0,379.861,1742519849.591704
1,365.004,1742519849.591704
2,367.993,1742519849.591704
3,386.316,1742519849.591704
4,368.778,1742519849.591704
5,386.001,1742519849.591704
6,372.889,1742519849.591704
7,385.423,1742519849.591704
