GPU_ID,Power_Usage_W,Timestamp
0,121.031,1742520271.6650672
1,117.651,1742520271.6650672
2,121.72,1742520271.6650672
3,119.013,1742520271.6650672
4,118.091,1742520271.6650672
5,120.871,1742520271.6650672
6,116.962,1742520271.6650672
7,124.456,1742520271.6650672
0,121.023,1742520271.7151606
1,117.529,1742520271.7151606
2,121.72,1742520271.7151606
3,119.013,1742520271.7151606
4,118.075,1742520271.7151606
5,120.891,1742520271.7151606
6,116.981,1742520271.7151606
7,124.454,1742520271.7151606
0,121.023,1742520271.765233
1,117.529,1742520271.765233
2,121.698,1742520271.765233
3,119.012,1742520271.765233
4,118.075,1742520271.765233
5,120.891,1742520271.765233
6,116.981,1742520271.765233
7,124.454,1742520271.765233
0,121.012,1742520271.81532
1,117.623,1742520271.81532
2,121.698,1742520271.81532
3,119.012,1742520271.81532
4,118.07,1742520271.81532
5,120.849,1742520271.81532
6,116.949,1742520271.81532
7,124.441,1742520271.81532
0,121.012,1742520271.8653896
1,117.623,1742520271.8653896
2,121.698,1742520271.8653896
3,119.019,1742520271.8653896
4,118.07,1742520271.8653896
5,120.849,1742520271.8653896
6,116.949,1742520271.8653896
7,124.441,1742520271.8653896
0,121.001,1742520271.9155195
1,117.495,1742520271.9155195
2,121.685,1742520271.9155195
3,119.019,1742520271.9155195
4,118.043,1742520271.9155195
5,120.842,1742520271.9155195
6,116.923,1742520271.9155195
7,124.414,1742520271.9155195
0,121.001,1742520271.965632
1,117.495,1742520271.965632
2,121.685,1742520271.965632
3,119.01,1742520271.965632
4,118.043,1742520271.965632
5,120.842,1742520271.965632
6,116.923,1742520271.965632
7,124.414,1742520271.965632
0,120.988,1742520272.0157924
1,117.585,1742520272.0157924
2,121.681,1742520272.0157924
3,119.01,1742520272.0157924
4,118.025,1742520272.0157924
5,120.821,1742520272.0157924
6,116.883,1742520272.0157924
7,124.388,1742520272.0157924
0,120.988,1742520272.065969
1,117.585,1742520272.065969
2,121.681,1742520272.065969
3,118.984,1742520272.065969
4,118.025,1742520272.065969
5,120.821,1742520272.065969
6,116.883,1742520272.065969
7,124.388,1742520272.065969
0,120.987,1742520272.1161013
1,117.503,1742520272.1161013
2,121.681,1742520272.1161013
3,118.984,1742520272.1161013
4,118.02,1742520272.1161013
5,120.836,1742520272.1161013
6,116.864,1742520272.1161013
7,124.366,1742520272.1161013
0,120.987,1742520272.1662195
1,117.503,1742520272.1662195
2,121.681,1742520272.1662195
3,118.971,1742520272.1662195
4,118.02,1742520272.1662195
5,120.836,1742520272.1662195
6,116.864,1742520272.1662195
7,124.366,1742520272.1662195
0,120.981,1742520272.2163503
1,117.523,1742520272.2163503
2,121.674,1742520272.2163503
3,118.971,1742520272.2163503
4,118.016,1742520272.2163503
5,120.816,1742520272.2163503
6,116.87,1742520272.2163503
7,124.36,1742520272.2163503
0,120.981,1742520272.2664704
1,117.523,1742520272.2664704
2,121.674,1742520272.2664704
3,118.945,1742520272.2664704
4,118.016,1742520272.2664704
5,120.816,1742520272.2664704
6,116.87,1742520272.2664704
7,124.36,1742520272.2664704
0,120.98,1742520272.3166015
1,117.55,1742520272.3166015
2,121.661,1742520272.3166015
3,118.945,1742520272.3166015
4,118.011,1742520272.3166015
5,120.81,1742520272.3166015
6,116.857,1742520272.3166015
7,124.347,1742520272.3166015
0,120.98,1742520272.3667207
1,117.55,1742520272.3667207
2,121.661,1742520272.3667207
3,118.945,1742520272.3667207
4,118.011,1742520272.3667207
5,120.81,1742520272.3667207
6,116.857,1742520272.3667207
7,124.347,1742520272.3667207
0,120.973,1742520272.4168766
1,117.47,1742520272.4168766
2,121.657,1742520272.4168766
3,118.945,1742520272.4168766
4,117.99,1742520272.4168766
5,120.789,1742520272.4168766
6,116.87,1742520272.4168766
7,124.319,1742520272.4168766
0,120.973,1742520272.4670076
1,117.47,1742520272.4670076
2,121.657,1742520272.4670076
3,118.938,1742520272.4670076
4,117.99,1742520272.4670076
5,120.789,1742520272.4670076
6,116.87,1742520272.4670076
7,124.319,1742520272.4670076
0,120.954,1742520272.5171273
1,117.538,1742520272.5171273
2,121.644,1742520272.5171273
3,118.938,1742520272.5171273
4,118.007,1742520272.5171273
5,120.805,1742520272.5171273
6,116.844,1742520272.5171273
7,124.319,1742520272.5171273
0,120.954,1742520272.5672572
1,117.538,1742520272.5672572
2,121.644,1742520272.5672572
3,118.938,1742520272.5672572
4,118.007,1742520272.5672572
5,120.805,1742520272.5672572
6,116.844,1742520272.5672572
7,124.28,1742520272.5672572
0,120.926,1742520272.617377
1,117.405,1742520272.617377
2,121.641,1742520272.617377
3,118.938,1742520272.617377
4,118.008,1742520272.617377
5,120.768,1742520272.617377
6,116.817,1742520272.617377
7,124.28,1742520272.617377
0,120.926,1742520272.6675005
1,117.405,1742520272.6675005
2,121.641,1742520272.6675005
3,118.938,1742520272.6675005
4,118.008,1742520272.6675005
5,120.768,1742520272.6675005
6,116.817,1742520272.6675005
7,124.24,1742520272.6675005
0,120.914,1742520272.717633
1,117.507,1742520272.717633
2,121.631,1742520272.717633
3,118.938,1742520272.717633
4,118.009,1742520272.717633
5,120.741,1742520272.717633
6,116.811,1742520272.717633
7,124.24,1742520272.717633
0,120.914,1742520272.7677794
1,117.507,1742520272.7677794
2,121.631,1742520272.7677794
3,118.93,1742520272.7677794
4,118.009,1742520272.7677794
5,120.741,1742520272.7677794
6,116.811,1742520272.7677794
7,124.203,1742520272.7677794
0,120.906,1742520272.8179138
1,117.407,1742520272.8179138
2,121.628,1742520272.8179138
3,118.93,1742520272.8179138
4,118.006,1742520272.8179138
5,120.734,1742520272.8179138
6,116.824,1742520272.8179138
7,124.203,1742520272.8179138
0,120.906,1742520272.8680444
1,117.407,1742520272.8680444
2,121.628,1742520272.8680444
3,118.917,1742520272.8680444
4,118.006,1742520272.8680444
5,120.734,1742520272.8680444
6,116.824,1742520272.8680444
7,124.197,1742520272.8680444
0,120.894,1742520272.9181745
1,117.488,1742520272.9181745
2,121.634,1742520272.9181745
3,118.917,1742520272.9181745
4,117.993,1742520272.9181745
5,120.746,1742520272.9181745
6,116.824,1742520272.9181745
7,124.197,1742520272.9181745
0,120.894,1742520272.9682689
1,117.488,1742520272.9682689
2,121.634,1742520272.9682689
3,118.904,1742520272.9682689
4,117.993,1742520272.9682689
5,120.746,1742520272.9682689
6,116.824,1742520272.9682689
7,124.175,1742520272.9682689
0,120.881,1742520273.0184
1,117.447,1742520273.0184
2,121.631,1742520273.0184
3,118.904,1742520273.0184
4,117.971,1742520273.0184
5,120.745,1742520273.0184
6,116.843,1742520273.0184
7,124.175,1742520273.0184
0,120.881,1742520273.068503
1,117.447,1742520273.068503
2,121.631,1742520273.068503
3,118.905,1742520273.068503
4,117.971,1742520273.068503
5,120.745,1742520273.068503
6,116.843,1742520273.068503
7,124.175,1742520273.068503
0,120.855,1742520273.1186347
1,117.446,1742520273.1186347
2,121.621,1742520273.1186347
3,118.905,1742520273.1186347
4,117.951,1742520273.1186347
5,120.718,1742520273.1186347
6,116.837,1742520273.1186347
7,124.175,1742520273.1186347
0,120.855,1742520273.168769
1,117.446,1742520273.168769
2,121.621,1742520273.168769
3,118.889,1742520273.168769
4,117.951,1742520273.168769
5,120.718,1742520273.168769
6,116.837,1742520273.168769
7,124.174,1742520273.168769
0,120.839,1742520273.2188776
1,117.461,1742520273.2188776
2,121.595,1742520273.2188776
3,118.889,1742520273.2188776
4,117.951,1742520273.2188776
5,120.725,1742520273.2188776
6,116.824,1742520273.2188776
7,124.174,1742520273.2188776
0,120.839,1742520273.2690082
1,117.461,1742520273.2690082
2,121.595,1742520273.2690082
3,118.882,1742520273.2690082
4,117.951,1742520273.2690082
5,120.725,1742520273.2690082
6,116.824,1742520273.2690082
7,124.147,1742520273.2690082
0,120.811,1742520273.3191483
1,117.374,1742520273.3191483
2,121.576,1742520273.3191483
3,118.882,1742520273.3191483
4,117.942,1742520273.3191483
5,120.712,1742520273.3191483
6,116.811,1742520273.3191483
7,124.147,1742520273.3191483
0,120.811,1742520273.369274
1,117.374,1742520273.369274
2,121.576,1742520273.369274
3,118.855,1742520273.369274
4,117.942,1742520273.369274
5,120.712,1742520273.369274
6,116.811,1742520273.369274
7,124.141,1742520273.369274
0,120.842,1742520273.4194078
1,117.453,1742520273.4194078
2,121.551,1742520273.4194078
3,118.855,1742520273.4194078
4,117.941,1742520273.4194078
5,120.713,1742520273.4194078
6,116.804,1742520273.4194078
7,124.141,1742520273.4194078
0,120.842,1742520273.469529
1,117.453,1742520273.469529
2,121.551,1742520273.469529
3,118.862,1742520273.469529
4,117.941,1742520273.469529
5,120.713,1742520273.469529
6,116.804,1742520273.469529
7,124.152,1742520273.469529
0,120.847,1742520273.5196493
1,117.369,1742520273.5196493
2,121.545,1742520273.5196493
3,118.862,1742520273.5196493
4,117.926,1742520273.5196493
5,120.683,1742520273.5196493
6,116.811,1742520273.5196493
7,124.152,1742520273.5196493
0,120.847,1742520273.5697792
1,117.369,1742520273.5697792
2,121.545,1742520273.5697792
3,118.849,1742520273.5697792
4,117.926,1742520273.5697792
5,120.683,1742520273.5697792
6,116.811,1742520273.5697792
7,124.132,1742520273.5697792
0,120.857,1742520273.6199093
1,117.489,1742520273.6199093
2,121.523,1742520273.6199093
3,118.849,1742520273.6199093
4,117.923,1742520273.6199093
5,120.687,1742520273.6199093
6,116.811,1742520273.6199093
7,124.132,1742520273.6199093
0,120.857,1742520273.6700406
1,117.489,1742520273.6700406
2,121.523,1742520273.6700406
3,118.836,1742520273.6700406
4,117.923,1742520273.6700406
5,120.687,1742520273.6700406
6,116.811,1742520273.6700406
7,124.138,1742520273.6700406
0,120.871,1742520273.7201707
1,117.394,1742520273.7201707
2,121.517,1742520273.7201707
3,118.836,1742520273.7201707
4,117.916,1742520273.7201707
5,120.657,1742520273.7201707
6,116.791,1742520273.7201707
7,124.138,1742520273.7201707
0,120.871,1742520273.770301
1,117.394,1742520273.770301
2,121.517,1742520273.770301
3,118.836,1742520273.770301
4,117.916,1742520273.770301
5,120.657,1742520273.770301
6,116.791,1742520273.770301
7,124.131,1742520273.770301
0,120.868,1742520273.8204317
1,117.454,1742520273.8204317
2,121.516,1742520273.8204317
3,118.836,1742520273.8204317
4,117.91,1742520273.8204317
5,120.678,1742520273.8204317
6,116.765,1742520273.8204317
7,124.131,1742520273.8204317
0,120.868,1742520273.8705623
1,117.454,1742520273.8705623
2,121.516,1742520273.8705623
3,118.836,1742520273.8705623
4,117.91,1742520273.8705623
5,120.678,1742520273.8705623
6,116.765,1742520273.8705623
7,124.11,1742520273.8705623
0,120.883,1742520273.9206917
1,117.395,1742520273.9206917
2,121.483,1742520273.9206917
3,118.836,1742520273.9206917
4,117.904,1742520273.9206917
5,120.631,1742520273.9206917
6,116.764,1742520273.9206917
7,124.11,1742520273.9206917
0,120.883,1742520273.970826
1,117.395,1742520273.970826
2,121.483,1742520273.970826
3,118.837,1742520273.970826
4,117.904,1742520273.970826
5,120.631,1742520273.970826
6,116.764,1742520273.970826
7,124.104,1742520273.970826
0,120.906,1742520274.02092
1,117.398,1742520274.02092
2,121.463,1742520274.02092
3,118.837,1742520274.02092
4,117.915,1742520274.02092
5,120.635,1742520274.02092
6,116.752,1742520274.02092
7,124.104,1742520274.02092
0,120.906,1742520274.0710144
1,117.398,1742520274.0710144
2,121.463,1742520274.0710144
3,118.822,1742520274.0710144
4,117.915,1742520274.0710144
5,120.635,1742520274.0710144
6,116.752,1742520274.0710144
7,124.091,1742520274.0710144
0,120.936,1742520274.12114
1,117.412,1742520274.12114
2,121.444,1742520274.12114
3,118.822,1742520274.12114
4,117.926,1742520274.12114
5,120.613,1742520274.12114
6,116.753,1742520274.12114
7,124.091,1742520274.12114
0,120.936,1742520274.1712706
1,117.412,1742520274.1712706
2,121.444,1742520274.1712706
3,118.809,1742520274.1712706
4,117.926,1742520274.1712706
5,120.613,1742520274.1712706
6,116.753,1742520274.1712706
7,124.06,1742520274.1712706
0,120.951,1742520274.2213912
1,117.358,1742520274.2213912
2,121.437,1742520274.2213912
3,118.809,1742520274.2213912
4,117.914,1742520274.2213912
5,120.625,1742520274.2213912
6,116.752,1742520274.2213912
7,124.06,1742520274.2213912
0,120.951,1742520274.2715216
1,117.358,1742520274.2715216
2,121.437,1742520274.2715216
3,118.809,1742520274.2715216
4,117.914,1742520274.2715216
5,120.625,1742520274.2715216
6,116.752,1742520274.2715216
7,124.066,1742520274.2715216
0,120.957,1742520274.3216403
1,117.442,1742520274.3216403
2,121.444,1742520274.3216403
3,118.809,1742520274.3216403
4,117.92,1742520274.3216403
5,120.578,1742520274.3216403
6,116.734,1742520274.3216403
7,124.066,1742520274.3216403
0,120.957,1742520274.3717713
1,117.442,1742520274.3717713
2,121.444,1742520274.3717713
3,118.825,1742520274.3717713
4,117.92,1742520274.3717713
5,120.578,1742520274.3717713
6,116.734,1742520274.3717713
7,124.046,1742520274.3717713
0,120.93,1742520274.4218907
1,117.31,1742520274.4218907
2,121.438,1742520274.4218907
3,118.825,1742520274.4218907
4,117.907,1742520274.4218907
5,120.578,1742520274.4218907
6,116.725,1742520274.4218907
7,124.046,1742520274.4218907
0,120.93,1742520274.4720242
1,117.31,1742520274.4720242
2,121.438,1742520274.4720242
3,118.795,1742520274.4720242
4,117.907,1742520274.4720242
5,120.578,1742520274.4720242
6,116.725,1742520274.4720242
7,124.048,1742520274.4720242
0,120.932,1742520274.522157
1,117.406,1742520274.522157
2,121.43,1742520274.522157
3,118.795,1742520274.522157
4,117.909,1742520274.522157
5,120.565,1742520274.522157
6,116.706,1742520274.522157
7,124.048,1742520274.522157
0,120.932,1742520274.572276
1,117.406,1742520274.572276
2,121.43,1742520274.572276
3,118.806,1742520274.572276
4,117.909,1742520274.572276
5,120.565,1742520274.572276
6,116.706,1742520274.572276
7,124.041,1742520274.572276
0,120.925,1742520274.622407
1,117.281,1742520274.622407
2,121.425,1742520274.622407
3,118.806,1742520274.622407
4,117.891,1742520274.622407
5,120.583,1742520274.622407
6,116.708,1742520274.622407
7,124.041,1742520274.622407
0,120.925,1742520274.6725373
1,117.281,1742520274.6725373
2,121.425,1742520274.6725373
3,118.807,1742520274.6725373
4,117.891,1742520274.6725373
5,120.583,1742520274.6725373
6,116.708,1742520274.6725373
7,124.034,1742520274.6725373
0,120.906,1742520274.72267
1,117.36,1742520274.72267
2,121.406,1742520274.72267
3,118.807,1742520274.72267
4,117.894,1742520274.72267
5,120.543,1742520274.72267
6,116.725,1742520274.72267
7,124.034,1742520274.72267
0,120.906,1742520274.7728035
1,117.36,1742520274.7728035
2,121.406,1742520274.7728035
3,118.794,1742520274.7728035
4,117.894,1742520274.7728035
5,120.543,1742520274.7728035
6,116.725,1742520274.7728035
7,124.027,1742520274.7728035
0,120.913,1742520274.8229218
1,117.264,1742520274.8229218
2,121.405,1742520274.8229218
3,118.794,1742520274.8229218
4,117.902,1742520274.8229218
5,120.544,1742520274.8229218
6,116.74,1742520274.8229218
7,124.027,1742520274.8229218
0,120.913,1742520274.8730536
1,117.264,1742520274.8730536
2,121.405,1742520274.8730536
3,118.776,1742520274.8730536
4,117.902,1742520274.8730536
5,120.544,1742520274.8730536
6,116.74,1742520274.8730536
7,124.041,1742520274.8730536
0,120.928,1742520274.9231722
1,117.34,1742520274.9231722
2,121.38,1742520274.9231722
3,118.776,1742520274.9231722
4,117.876,1742520274.9231722
5,120.523,1742520274.9231722
6,116.732,1742520274.9231722
7,124.041,1742520274.9231722
0,120.928,1742520274.9733052
1,117.34,1742520274.9733052
2,121.38,1742520274.9733052
3,118.767,1742520274.9733052
4,117.876,1742520274.9733052
5,120.523,1742520274.9733052
6,116.732,1742520274.9733052
7,124.029,1742520274.9733052
0,120.901,1742520275.0233998
1,117.286,1742520275.0233998
2,121.38,1742520275.0233998
3,118.767,1742520275.0233998
4,117.884,1742520275.0233998
5,120.51,1742520275.0233998
6,116.708,1742520275.0233998
7,124.029,1742520275.0233998
0,120.901,1742520275.0735059
1,117.286,1742520275.0735059
2,121.38,1742520275.0735059
3,118.776,1742520275.0735059
4,117.884,1742520275.0735059
5,120.51,1742520275.0735059
6,116.708,1742520275.0735059
7,124.036,1742520275.0735059
0,120.873,1742520275.1236217
1,117.28,1742520275.1236217
2,121.379,1742520275.1236217
3,118.776,1742520275.1236217
4,117.858,1742520275.1236217
5,120.482,1742520275.1236217
6,116.699,1742520275.1236217
7,124.036,1742520275.1236217
0,120.873,1742520275.1737514
1,117.28,1742520275.1737514
2,121.379,1742520275.1737514
3,118.79,1742520275.1737514
4,117.858,1742520275.1737514
5,120.482,1742520275.1737514
6,116.699,1742520275.1737514
7,124.003,1742520275.1737514
0,120.858,1742520275.2238734
1,117.298,1742520275.2238734
2,121.38,1742520275.2238734
3,118.79,1742520275.2238734
4,117.863,1742520275.2238734
5,120.471,1742520275.2238734
6,116.695,1742520275.2238734
7,124.003,1742520275.2238734
0,120.858,1742520275.2740033
1,117.298,1742520275.2740033
2,121.38,1742520275.2740033
3,118.781,1742520275.2740033
4,117.863,1742520275.2740033
5,120.471,1742520275.2740033
6,116.695,1742520275.2740033
7,123.983,1742520275.2740033
0,120.854,1742520275.3241343
1,117.209,1742520275.3241343
2,121.358,1742520275.3241343
3,118.781,1742520275.3241343
4,117.85,1742520275.3241343
5,120.465,1742520275.3241343
6,116.706,1742520275.3241343
7,123.983,1742520275.3241343
0,120.854,1742520275.3742652
1,117.209,1742520275.3742652
2,121.358,1742520275.3742652
3,118.768,1742520275.3742652
4,117.85,1742520275.3742652
5,120.465,1742520275.3742652
6,116.706,1742520275.3742652
7,123.956,1742520275.3742652
0,120.859,1742520275.4243586
1,117.302,1742520275.4243586
2,121.347,1742520275.4243586
3,118.768,1742520275.4243586
4,117.837,1742520275.4243586
5,120.445,1742520275.4243586
6,116.715,1742520275.4243586
7,123.956,1742520275.4243586
0,120.859,1742520275.4744928
1,117.302,1742520275.4744928
2,121.347,1742520275.4744928
3,118.757,1742520275.4744928
4,117.837,1742520275.4744928
5,120.445,1742520275.4744928
6,116.715,1742520275.4744928
7,123.915,1742520275.4744928
0,120.853,1742520275.5246122
1,117.18,1742520275.5246122
2,121.339,1742520275.5246122
3,118.757,1742520275.5246122
4,117.829,1742520275.5246122
5,120.44,1742520275.5246122
6,116.702,1742520275.5246122
7,123.915,1742520275.5246122
0,120.853,1742520275.5748496
1,117.18,1742520275.5748496
2,121.339,1742520275.5748496
3,118.723,1742520275.5748496
4,117.829,1742520275.5748496
5,120.44,1742520275.5748496
6,116.702,1742520275.5748496
7,123.908,1742520275.5748496
0,120.817,1742520275.6249804
1,117.302,1742520275.6249804
2,121.312,1742520275.6249804
3,118.723,1742520275.6249804
4,117.825,1742520275.6249804
5,120.413,1742520275.6249804
6,116.667,1742520275.6249804
7,123.908,1742520275.6249804
0,120.817,1742520275.6750898
1,117.302,1742520275.6750898
2,121.312,1742520275.6750898
3,118.702,1742520275.6750898
4,117.825,1742520275.6750898
5,120.413,1742520275.6750898
6,116.667,1742520275.6750898
7,123.902,1742520275.6750898
0,120.801,1742520275.7252212
1,117.179,1742520275.7252212
2,121.315,1742520275.7252212
3,118.702,1742520275.7252212
4,117.814,1742520275.7252212
5,120.448,1742520275.7252212
6,116.634,1742520275.7252212
7,123.902,1742520275.7252212
0,120.801,1742520275.7753906
1,117.179,1742520275.7753906
2,121.315,1742520275.7753906
3,118.696,1742520275.7753906
4,117.814,1742520275.7753906
5,120.448,1742520275.7753906
6,116.634,1742520275.7753906
7,123.91,1742520275.7753906
0,120.794,1742520275.825522
1,117.245,1742520275.825522
2,121.303,1742520275.825522
3,118.696,1742520275.825522
4,117.776,1742520275.825522
5,120.427,1742520275.825522
6,116.607,1742520275.825522
7,123.91,1742520275.825522
0,120.794,1742520275.8756418
1,117.245,1742520275.8756418
2,121.303,1742520275.8756418
3,118.702,1742520275.8756418
4,117.776,1742520275.8756418
5,120.427,1742520275.8756418
6,116.607,1742520275.8756418
7,123.923,1742520275.8756418
0,120.714,1742520275.92587
1,117.225,1742520275.92587
2,121.315,1742520275.92587
3,118.702,1742520275.92587
4,117.777,1742520275.92587
5,120.441,1742520275.92587
6,116.614,1742520275.92587
7,123.923,1742520275.92587
0,120.714,1742520275.9760752
1,117.225,1742520275.9760752
2,121.315,1742520275.9760752
3,118.702,1742520275.9760752
4,117.777,1742520275.9760752
5,120.441,1742520275.9760752
6,116.614,1742520275.9760752
7,123.88,1742520275.9760752
0,120.675,1742520276.026168
1,117.185,1742520276.026168
2,121.292,1742520276.026168
3,118.702,1742520276.026168
4,117.745,1742520276.026168
5,120.42,1742520276.026168
6,116.62,1742520276.026168
7,123.88,1742520276.026168
0,120.675,1742520276.0762837
1,117.185,1742520276.0762837
2,121.292,1742520276.0762837
3,118.695,1742520276.0762837
4,117.745,1742520276.0762837
5,120.42,1742520276.0762837
6,116.62,1742520276.0762837
7,123.86,1742520276.0762837
0,120.636,1742520276.1264176
1,117.239,1742520276.1264176
2,121.264,1742520276.1264176
3,118.695,1742520276.1264176
4,117.742,1742520276.1264176
5,120.421,1742520276.1264176
6,116.613,1742520276.1264176
7,123.86,1742520276.1264176
0,120.636,1742520276.1766489
1,117.239,1742520276.1766489
2,121.264,1742520276.1766489
3,118.669,1742520276.1766489
4,117.742,1742520276.1766489
5,120.421,1742520276.1766489
6,116.613,1742520276.1766489
7,123.867,1742520276.1766489
0,120.614,1742520276.2267802
1,117.167,1742520276.2267802
2,121.25,1742520276.2267802
3,118.669,1742520276.2267802
4,117.731,1742520276.2267802
5,120.391,1742520276.2267802
6,116.6,1742520276.2267802
7,123.867,1742520276.2267802
0,120.614,1742520276.2769496
1,117.167,1742520276.2769496
2,121.25,1742520276.2769496
3,118.669,1742520276.2769496
4,117.731,1742520276.2769496
5,120.391,1742520276.2769496
6,116.6,1742520276.2769496
7,123.846,1742520276.2769496
0,120.592,1742520276.3270802
1,117.253,1742520276.3270802
2,121.237,1742520276.3270802
3,118.669,1742520276.3270802
4,117.743,1742520276.3270802
5,120.38,1742520276.3270802
6,116.568,1742520276.3270802
7,123.846,1742520276.3270802
0,120.592,1742520276.377212
1,117.253,1742520276.377212
2,121.237,1742520276.377212
3,118.662,1742520276.377212
4,117.743,1742520276.377212
5,120.38,1742520276.377212
6,116.568,1742520276.377212
7,123.859,1742520276.377212
0,120.526,1742520276.4273462
1,117.141,1742520276.4273462
2,121.23,1742520276.4273462
3,118.662,1742520276.4273462
4,117.727,1742520276.4273462
5,120.36,1742520276.4273462
6,116.548,1742520276.4273462
7,123.859,1742520276.4273462
0,120.526,1742520276.4774709
1,117.141,1742520276.4774709
2,121.23,1742520276.4774709
3,118.65,1742520276.4774709
4,117.727,1742520276.4774709
5,120.36,1742520276.4774709
6,116.548,1742520276.4774709
7,123.86,1742520276.4774709
0,120.51,1742520276.527602
1,117.264,1742520276.527602
2,121.229,1742520276.527602
3,118.65,1742520276.527602
4,117.692,1742520276.527602
5,120.358,1742520276.527602
6,116.541,1742520276.527602
7,123.86,1742520276.527602
0,120.51,1742520276.577734
1,117.264,1742520276.577734
2,121.229,1742520276.577734
3,118.69,1742520276.577734
4,117.692,1742520276.577734
5,120.358,1742520276.577734
6,116.541,1742520276.577734
7,123.854,1742520276.577734
0,120.499,1742520276.6278653
1,117.156,1742520276.6278653
2,121.23,1742520276.6278653
3,118.69,1742520276.6278653
4,117.686,1742520276.6278653
5,120.358,1742520276.6278653
6,116.541,1742520276.6278653
7,123.854,1742520276.6278653
0,120.499,1742520276.6779988
1,117.156,1742520276.6779988
2,121.23,1742520276.6779988
3,118.677,1742520276.6779988
4,117.686,1742520276.6779988
5,120.358,1742520276.6779988
6,116.541,1742520276.6779988
7,123.868,1742520276.6779988
0,120.463,1742520276.7281332
1,117.209,1742520276.7281332
2,121.227,1742520276.7281332
3,118.677,1742520276.7281332
4,117.669,1742520276.7281332
5,120.336,1742520276.7281332
6,116.535,1742520276.7281332
7,123.868,1742520276.7281332
0,120.463,1742520276.7782521
1,117.209,1742520276.7782521
2,121.227,1742520276.7782521
3,118.677,1742520276.7782521
4,117.669,1742520276.7782521
5,120.336,1742520276.7782521
6,116.535,1742520276.7782521
7,123.849,1742520276.7782521
0,120.43,1742520276.8283706
1,117.17,1742520276.8283706
2,121.226,1742520276.8283706
3,118.677,1742520276.8283706
4,117.648,1742520276.8283706
5,120.323,1742520276.8283706
6,116.541,1742520276.8283706
7,123.849,1742520276.8283706
0,120.43,1742520276.8785
1,117.17,1742520276.8785
2,121.226,1742520276.8785
3,118.683,1742520276.8785
4,117.648,1742520276.8785
5,120.323,1742520276.8785
6,116.541,1742520276.8785
7,123.822,1742520276.8785
0,120.447,1742520276.9286342
1,117.136,1742520276.9286342
2,121.198,1742520276.9286342
3,118.683,1742520276.9286342
4,117.66,1742520276.9286342
5,120.324,1742520276.9286342
6,116.534,1742520276.9286342
7,123.822,1742520276.9286342
0,120.447,1742520276.9787638
1,117.136,1742520276.9787638
2,121.198,1742520276.9787638
3,118.664,1742520276.9787638
4,117.66,1742520276.9787638
5,120.324,1742520276.9787638
6,116.534,1742520276.9787638
7,123.829,1742520276.9787638
0,120.453,1742520277.0288813
1,117.182,1742520277.0288813
2,121.191,1742520277.0288813
3,118.664,1742520277.0288813
4,117.665,1742520277.0288813
5,120.331,1742520277.0288813
6,116.502,1742520277.0288813
7,123.829,1742520277.0288813
0,120.453,1742520277.0790439
1,117.182,1742520277.0790439
2,121.191,1742520277.0790439
3,118.664,1742520277.0790439
4,117.665,1742520277.0790439
5,120.331,1742520277.0790439
6,116.502,1742520277.0790439
7,123.794,1742520277.0790439
0,120.44,1742520277.129176
1,117.109,1742520277.129176
2,121.192,1742520277.129176
3,118.664,1742520277.129176
4,117.664,1742520277.129176
5,120.315,1742520277.129176
6,116.509,1742520277.129176
7,123.794,1742520277.129176
0,120.44,1742520277.1792953
1,117.109,1742520277.1792953
2,121.192,1742520277.1792953
3,118.671,1742520277.1792953
4,117.664,1742520277.1792953
5,120.315,1742520277.1792953
6,116.509,1742520277.1792953
7,123.802,1742520277.1792953
0,120.433,1742520277.2294264
1,117.221,1742520277.2294264
2,121.184,1742520277.2294264
3,118.671,1742520277.2294264
4,117.637,1742520277.2294264
5,120.33,1742520277.2294264
6,116.502,1742520277.2294264
7,123.802,1742520277.2294264
0,120.433,1742520277.2795606
1,117.221,1742520277.2795606
2,121.184,1742520277.2795606
3,118.678,1742520277.2795606
4,117.637,1742520277.2795606
5,120.33,1742520277.2795606
6,116.502,1742520277.2795606
7,123.794,1742520277.2795606
0,120.42,1742520277.3296802
1,117.114,1742520277.3296802
2,121.198,1742520277.3296802
3,118.678,1742520277.3296802
4,117.629,1742520277.3296802
5,120.317,1742520277.3296802
6,116.521,1742520277.3296802
7,123.794,1742520277.3296802
0,120.42,1742520277.3797972
1,117.114,1742520277.3797972
2,121.198,1742520277.3797972
3,118.658,1742520277.3797972
4,117.629,1742520277.3797972
5,120.317,1742520277.3797972
6,116.521,1742520277.3797972
7,123.774,1742520277.3797972
0,120.417,1742520277.4299314
1,117.221,1742520277.4299314
2,121.184,1742520277.4299314
3,118.658,1742520277.4299314
4,117.624,1742520277.4299314
5,120.335,1742520277.4299314
6,116.535,1742520277.4299314
7,123.774,1742520277.4299314
0,120.417,1742520277.4800615
1,117.221,1742520277.4800615
2,121.184,1742520277.4800615
3,118.664,1742520277.4800615
4,117.624,1742520277.4800615
5,120.335,1742520277.4800615
6,116.535,1742520277.4800615
7,123.786,1742520277.4800615
0,120.422,1742520277.530221
1,117.105,1742520277.530221
2,121.183,1742520277.530221
3,118.664,1742520277.530221
4,117.631,1742520277.530221
5,120.301,1742520277.530221
6,116.54,1742520277.530221
7,123.786,1742520277.530221
0,120.422,1742520277.580388
1,117.105,1742520277.580388
2,121.183,1742520277.580388
3,118.63,1742520277.580388
4,117.631,1742520277.580388
5,120.301,1742520277.580388
6,116.54,1742520277.580388
7,123.785,1742520277.580388
0,120.408,1742520277.6306534
1,117.179,1742520277.6306534
2,121.155,1742520277.6306534
3,118.63,1742520277.6306534
4,117.627,1742520277.6306534
5,120.309,1742520277.6306534
6,116.548,1742520277.6306534
7,123.785,1742520277.6306534
0,120.408,1742520277.6807513
1,117.179,1742520277.6807513
2,121.155,1742520277.6807513
3,118.624,1742520277.6807513
4,117.627,1742520277.6807513
5,120.309,1742520277.6807513
6,116.548,1742520277.6807513
7,123.74,1742520277.6807513
0,120.414,1742520277.7308848
1,117.131,1742520277.7308848
2,121.133,1742520277.7308848
3,118.624,1742520277.7308848
4,117.642,1742520277.7308848
5,120.294,1742520277.7308848
6,116.534,1742520277.7308848
7,123.74,1742520277.7308848
0,120.414,1742520277.781018
1,117.131,1742520277.781018
2,121.133,1742520277.781018
3,118.605,1742520277.781018
4,117.642,1742520277.781018
5,120.294,1742520277.781018
6,116.534,1742520277.781018
7,123.734,1742520277.781018
0,120.417,1742520277.8311384
1,117.145,1742520277.8311384
2,121.126,1742520277.8311384
3,118.605,1742520277.8311384
4,117.663,1742520277.8311384
5,120.323,1742520277.8311384
6,116.535,1742520277.8311384
7,123.734,1742520277.8311384
0,120.417,1742520277.8812642
1,117.145,1742520277.8812642
2,121.126,1742520277.8812642
3,118.605,1742520277.8812642
4,117.663,1742520277.8812642
5,120.323,1742520277.8812642
6,116.535,1742520277.8812642
7,123.708,1742520277.8812642
0,120.41,1742520277.931383
1,117.132,1742520277.931383
2,121.133,1742520277.931383
3,118.605,1742520277.931383
4,117.649,1742520277.931383
5,120.288,1742520277.931383
6,116.549,1742520277.931383
7,123.708,1742520277.931383
0,120.41,1742520277.9815037
1,117.132,1742520277.9815037
2,121.133,1742520277.9815037
3,118.592,1742520277.9815037
4,117.649,1742520277.9815037
5,120.288,1742520277.9815037
6,116.549,1742520277.9815037
7,123.688,1742520277.9815037
0,120.39,1742520278.031636
1,117.114,1742520278.031636
2,121.134,1742520278.031636
3,118.592,1742520278.031636
4,117.653,1742520278.031636
5,120.294,1742520278.031636
6,116.568,1742520278.031636
7,123.688,1742520278.031636
0,120.39,1742520278.0817697
1,117.114,1742520278.0817697
2,121.134,1742520278.0817697
3,118.598,1742520278.0817697
4,117.653,1742520278.0817697
5,120.294,1742520278.0817697
6,116.568,1742520278.0817697
7,123.7,1742520278.0817697
0,120.381,1742520278.1318874
1,117.12,1742520278.1318874
2,121.128,1742520278.1318874
3,118.598,1742520278.1318874
4,117.65,1742520278.1318874
5,120.248,1742520278.1318874
6,116.56,1742520278.1318874
7,123.7,1742520278.1318874
0,120.381,1742520278.182022
1,117.12,1742520278.182022
2,121.128,1742520278.182022
3,118.579,1742520278.182022
4,117.65,1742520278.182022
5,120.248,1742520278.182022
6,116.56,1742520278.182022
7,123.68,1742520278.182022
0,120.38,1742520278.2321572
1,117.04,1742520278.2321572
2,121.115,1742520278.2321572
3,118.579,1742520278.2321572
4,117.645,1742520278.2321572
5,120.281,1742520278.2321572
6,116.551,1742520278.2321572
7,123.68,1742520278.2321572
0,120.38,1742520278.282291
1,117.04,1742520278.282291
2,121.115,1742520278.282291
3,118.559,1742520278.282291
4,117.645,1742520278.282291
5,120.281,1742520278.282291
6,116.551,1742520278.282291
7,123.66,1742520278.282291
0,120.377,1742520278.3324258
1,117.128,1742520278.3324258
2,121.078,1742520278.3324258
3,118.559,1742520278.3324258
4,117.64,1742520278.3324258
5,120.249,1742520278.3324258
6,116.526,1742520278.3324258
7,123.66,1742520278.3324258
0,120.377,1742520278.3825452
1,117.128,1742520278.3825452
2,121.078,1742520278.3825452
3,118.559,1742520278.3825452
4,117.64,1742520278.3825452
5,120.249,1742520278.3825452
6,116.526,1742520278.3825452
7,123.666,1742520278.3825452
0,120.367,1742520278.432658
1,117.001,1742520278.432658
2,121.056,1742520278.432658
3,118.559,1742520278.432658
4,117.648,1742520278.432658
5,120.262,1742520278.432658
6,116.519,1742520278.432658
7,123.666,1742520278.432658
0,120.367,1742520278.482795
1,117.001,1742520278.482795
2,121.056,1742520278.482795
3,118.546,1742520278.482795
4,117.648,1742520278.482795
5,120.262,1742520278.482795
6,116.519,1742520278.482795
7,123.633,1742520278.482795
0,120.392,1742520278.53293
1,117.102,1742520278.53293
2,121.042,1742520278.53293
3,118.546,1742520278.53293
4,117.632,1742520278.53293
5,120.243,1742520278.53293
6,116.5,1742520278.53293
7,123.633,1742520278.53293
0,120.392,1742520278.5830445
1,117.102,1742520278.5830445
2,121.042,1742520278.5830445
3,118.553,1742520278.5830445
4,117.632,1742520278.5830445
5,120.243,1742520278.5830445
6,116.5,1742520278.5830445
7,123.641,1742520278.5830445
0,120.419,1742520278.633144
1,116.994,1742520278.633144
2,121.064,1742520278.633144
3,118.553,1742520278.633144
4,117.632,1742520278.633144
5,120.256,1742520278.633144
6,116.486,1742520278.633144
7,123.641,1742520278.633144
0,120.419,1742520278.6832156
1,116.994,1742520278.6832156
2,121.064,1742520278.6832156
3,118.558,1742520278.6832156
4,117.632,1742520278.6832156
5,120.256,1742520278.6832156
6,116.486,1742520278.6832156
7,123.634,1742520278.6832156
0,120.41,1742520278.73333
1,117.069,1742520278.73333
2,121.065,1742520278.73333
3,118.558,1742520278.73333
4,117.62,1742520278.73333
5,120.236,1742520278.73333
6,116.506,1742520278.73333
7,123.634,1742520278.73333
0,120.41,1742520278.7834542
1,117.069,1742520278.7834542
2,121.065,1742520278.7834542
3,118.571,1742520278.7834542
4,117.62,1742520278.7834542
5,120.236,1742520278.7834542
6,116.506,1742520278.7834542
7,123.632,1742520278.7834542
0,120.417,1742520278.8336117
1,117.069,1742520278.8336117
2,121.052,1742520278.8336117
3,118.571,1742520278.8336117
4,117.605,1742520278.8336117
5,120.222,1742520278.8336117
6,116.486,1742520278.8336117
7,123.632,1742520278.8336117
0,120.417,1742520278.8837063
1,117.03,1742520278.8837063
2,121.052,1742520278.8837063
3,118.553,1742520278.8837063
4,117.605,1742520278.8837063
5,120.222,1742520278.8837063
6,116.486,1742520278.8837063
7,123.631,1742520278.8837063
0,120.427,1742520278.9338002
1,117.03,1742520278.9338002
2,121.041,1742520278.9338002
3,118.553,1742520278.9338002
4,117.589,1742520278.9338002
5,120.196,1742520278.9338002
6,116.48,1742520278.9338002
7,123.631,1742520278.9338002
0,120.427,1742520278.9838765
1,117.003,1742520278.9838765
2,121.041,1742520278.9838765
3,118.546,1742520278.9838765
4,117.589,1742520278.9838765
5,120.196,1742520278.9838765
6,116.48,1742520278.9838765
7,123.631,1742520278.9838765
0,120.439,1742520279.0339646
1,117.003,1742520279.0339646
2,121.02,1742520279.0339646
3,118.546,1742520279.0339646
4,117.57,1742520279.0339646
5,120.202,1742520279.0339646
6,116.455,1742520279.0339646
7,123.631,1742520279.0339646
0,120.439,1742520279.0840843
1,117.032,1742520279.0840843
2,121.02,1742520279.0840843
3,118.537,1742520279.0840843
4,117.57,1742520279.0840843
5,120.202,1742520279.0840843
6,116.455,1742520279.0840843
7,123.633,1742520279.0840843
0,120.447,1742520279.1341867
1,117.032,1742520279.1341867
2,121.01,1742520279.1341867
3,118.537,1742520279.1341867
4,117.568,1742520279.1341867
5,120.21,1742520279.1341867
6,116.449,1742520279.1341867
7,123.633,1742520279.1341867
0,120.447,1742520279.1842842
1,116.948,1742520279.1842842
2,121.01,1742520279.1842842
3,118.551,1742520279.1842842
4,117.568,1742520279.1842842
5,120.21,1742520279.1842842
6,116.449,1742520279.1842842
7,123.633,1742520279.1842842
0,120.458,1742520279.23438
1,116.948,1742520279.23438
2,121.016,1742520279.23438
3,118.551,1742520279.23438
4,117.553,1742520279.23438
5,120.19,1742520279.23438
6,116.457,1742520279.23438
7,123.633,1742520279.23438
0,120.458,1742520279.2845006
1,117.053,1742520279.2845006
2,121.016,1742520279.2845006
3,118.538,1742520279.2845006
4,117.553,1742520279.2845006
5,120.19,1742520279.2845006
6,116.457,1742520279.2845006
7,123.64,1742520279.2845006
0,120.471,1742520279.3345985
1,117.053,1742520279.3345985
2,121.024,1742520279.3345985
3,118.538,1742520279.3345985
4,117.57,1742520279.3345985
5,120.202,1742520279.3345985
6,116.434,1742520279.3345985
7,123.64,1742520279.3345985
0,120.471,1742520279.3847127
1,116.931,1742520279.3847127
2,121.024,1742520279.3847127
3,118.54,1742520279.3847127
4,117.57,1742520279.3847127
5,120.202,1742520279.3847127
6,116.434,1742520279.3847127
7,123.632,1742520279.3847127
0,120.487,1742520279.434808
1,116.931,1742520279.434808
2,121.017,1742520279.434808
3,118.54,1742520279.434808
4,117.557,1742520279.434808
5,120.196,1742520279.434808
6,116.442,1742520279.434808
7,123.632,1742520279.434808
0,120.487,1742520279.4849353
1,117.028,1742520279.4849353
2,121.017,1742520279.4849353
3,118.538,1742520279.4849353
4,117.557,1742520279.4849353
5,120.196,1742520279.4849353
6,116.442,1742520279.4849353
7,123.595,1742520279.4849353
0,120.478,1742520279.535071
1,116.924,1742520279.535071
2,121.024,1742520279.535071
3,118.538,1742520279.535071
4,117.537,1742520279.535071
5,120.209,1742520279.535071
6,116.441,1742520279.535071
7,123.595,1742520279.535071
0,120.478,1742520279.585175
1,116.924,1742520279.585175
2,121.024,1742520279.585175
3,118.525,1742520279.585175
4,117.537,1742520279.585175
5,120.209,1742520279.585175
6,116.441,1742520279.585175
7,123.569,1742520279.585175
0,120.458,1742520279.635263
1,116.924,1742520279.635263
2,121.004,1742520279.635263
3,118.525,1742520279.635263
4,117.522,1742520279.635263
5,120.176,1742520279.635263
6,116.448,1742520279.635263
7,123.569,1742520279.635263
0,120.458,1742520279.6853545
1,117.012,1742520279.6853545
2,121.004,1742520279.6853545
3,118.495,1742520279.6853545
4,117.522,1742520279.6853545
5,120.176,1742520279.6853545
6,116.448,1742520279.6853545
7,123.575,1742520279.6853545
0,120.455,1742520279.7354262
1,117.012,1742520279.7354262
2,121.0,1742520279.7354262
3,118.495,1742520279.7354262
4,117.53,1742520279.7354262
5,120.189,1742520279.7354262
6,116.443,1742520279.7354262
7,123.575,1742520279.7354262
0,120.455,1742520279.7854955
1,116.951,1742520279.7854955
2,121.0,1742520279.7854955
3,118.492,1742520279.7854955
4,117.53,1742520279.7854955
5,120.189,1742520279.7854955
6,116.443,1742520279.7854955
7,123.562,1742520279.7854955
0,120.457,1742520279.835611
1,116.951,1742520279.835611
2,120.989,1742520279.835611
3,118.492,1742520279.835611
4,117.525,1742520279.835611
5,120.183,1742520279.835611
6,116.427,1742520279.835611
7,123.562,1742520279.835611
0,120.457,1742520279.8857381
1,116.956,1742520279.8857381
2,120.989,1742520279.8857381
3,118.486,1742520279.8857381
4,117.525,1742520279.8857381
5,120.183,1742520279.8857381
6,116.427,1742520279.8857381
7,123.552,1742520279.8857381
0,120.457,1742520279.9358916
1,116.956,1742520279.9358916
2,120.988,1742520279.9358916
3,118.486,1742520279.9358916
4,117.519,1742520279.9358916
5,120.209,1742520279.9358916
6,116.427,1742520279.9358916
7,123.552,1742520279.9358916
0,120.457,1742520279.9860246
1,116.985,1742520279.9860246
2,120.988,1742520279.9860246
3,118.489,1742520279.9860246
4,117.519,1742520279.9860246
5,120.209,1742520279.9860246
6,116.427,1742520279.9860246
7,123.568,1742520279.9860246
0,120.479,1742520280.0361574
1,116.985,1742520280.0361574
2,120.994,1742520280.0361574
3,118.489,1742520280.0361574
4,117.524,1742520280.0361574
5,120.162,1742520280.0361574
6,116.411,1742520280.0361574
7,123.568,1742520280.0361574
0,120.479,1742520280.086278
1,116.939,1742520280.086278
2,120.994,1742520280.086278
3,118.479,1742520280.086278
4,117.524,1742520280.086278
5,120.162,1742520280.086278
6,116.411,1742520280.086278
7,123.539,1742520280.086278
0,120.465,1742520280.1364093
1,116.939,1742520280.1364093
2,120.989,1742520280.1364093
3,118.479,1742520280.1364093
4,117.558,1742520280.1364093
5,120.168,1742520280.1364093
6,116.404,1742520280.1364093
7,123.539,1742520280.1364093
0,120.465,1742520280.1865444
1,117.034,1742520280.1865444
2,120.989,1742520280.1865444
3,118.453,1742520280.1865444
4,117.558,1742520280.1865444
5,120.168,1742520280.1865444
6,116.404,1742520280.1865444
7,123.526,1742520280.1865444
0,120.448,1742520280.236704
1,117.034,1742520280.236704
2,120.974,1742520280.236704
3,118.453,1742520280.236704
4,117.554,1742520280.236704
5,120.135,1742520280.236704
6,116.384,1742520280.236704
7,123.526,1742520280.236704
0,120.448,1742520280.2868705
1,116.913,1742520280.2868705
2,120.974,1742520280.2868705
3,118.446,1742520280.2868705
4,117.554,1742520280.2868705
5,120.135,1742520280.2868705
6,116.384,1742520280.2868705
7,123.493,1742520280.2868705
0,120.453,1742520280.3370054
1,116.913,1742520280.3370054
2,120.986,1742520280.3370054
3,118.446,1742520280.3370054
4,117.524,1742520280.3370054
5,120.122,1742520280.3370054
6,116.394,1742520280.3370054
7,123.493,1742520280.3370054
0,120.453,1742520280.3871388
1,117.023,1742520280.3871388
2,120.986,1742520280.3871388
3,118.439,1742520280.3871388
4,117.524,1742520280.3871388
5,120.122,1742520280.3871388
6,116.394,1742520280.3871388
7,123.474,1742520280.3871388
0,120.42,1742520280.437307
1,117.023,1742520280.437307
2,120.981,1742520280.437307
3,118.439,1742520280.437307
4,117.52,1742520280.437307
5,120.115,1742520280.437307
6,116.409,1742520280.437307
7,123.474,1742520280.437307
0,120.42,1742520280.487473
1,116.919,1742520280.487473
2,120.981,1742520280.487473
3,118.424,1742520280.487473
4,117.52,1742520280.487473
5,120.115,1742520280.487473
6,116.409,1742520280.487473
7,123.48,1742520280.487473
0,120.387,1742520280.537606
1,116.919,1742520280.537606
2,120.974,1742520280.537606
3,118.424,1742520280.537606
4,117.524,1742520280.537606
5,120.096,1742520280.537606
6,116.394,1742520280.537606
7,123.48,1742520280.537606
0,120.387,1742520280.5877385
1,116.996,1742520280.5877385
2,120.974,1742520280.5877385
3,118.411,1742520280.5877385
4,117.524,1742520280.5877385
5,120.096,1742520280.5877385
6,116.394,1742520280.5877385
7,123.484,1742520280.5877385
0,120.368,1742520280.6378887
1,116.996,1742520280.6378887
2,120.96,1742520280.6378887
3,118.411,1742520280.6378887
4,117.519,1742520280.6378887
5,120.102,1742520280.6378887
6,116.406,1742520280.6378887
7,123.484,1742520280.6378887
0,120.368,1742520280.6880205
1,116.956,1742520280.6880205
2,120.96,1742520280.6880205
3,118.433,1742520280.6880205
4,117.519,1742520280.6880205
5,120.102,1742520280.6880205
6,116.406,1742520280.6880205
7,123.473,1742520280.6880205
0,120.317,1742520280.7381449
1,116.956,1742520280.7381449
2,120.951,1742520280.7381449
3,118.433,1742520280.7381449
4,117.506,1742520280.7381449
5,120.102,1742520280.7381449
6,116.372,1742520280.7381449
7,123.473,1742520280.7381449
0,120.317,1742520280.7882648
1,116.957,1742520280.7882648
2,120.951,1742520280.7882648
3,118.437,1742520280.7882648
4,117.506,1742520280.7882648
5,120.102,1742520280.7882648
6,116.372,1742520280.7882648
7,123.484,1742520280.7882648
0,120.293,1742520280.838396
1,116.957,1742520280.838396
2,120.95,1742520280.838396
3,118.437,1742520280.838396
4,117.493,1742520280.838396
5,120.105,1742520280.838396
6,116.385,1742520280.838396
7,123.484,1742520280.838396
0,120.293,1742520280.8885307
1,116.983,1742520280.8885307
2,120.95,1742520280.8885307
3,118.426,1742520280.8885307
4,117.493,1742520280.8885307
5,120.105,1742520280.8885307
6,116.385,1742520280.8885307
7,123.464,1742520280.8885307
0,120.265,1742520280.938681
1,116.983,1742520280.938681
2,120.935,1742520280.938681
3,118.426,1742520280.938681
4,117.485,1742520280.938681
5,120.072,1742520280.938681
6,116.379,1742520280.938681
7,123.464,1742520280.938681
0,120.265,1742520280.9888139
1,116.911,1742520280.9888139
2,120.935,1742520280.9888139
3,118.411,1742520280.9888139
4,117.485,1742520280.9888139
5,120.072,1742520280.9888139
6,116.379,1742520280.9888139
7,123.436,1742520280.9888139
0,120.227,1742520281.038947
1,116.911,1742520281.038947
2,120.921,1742520281.038947
3,118.411,1742520281.038947
4,117.469,1742520281.038947
5,120.072,1742520281.038947
6,116.375,1742520281.038947
7,123.436,1742520281.038947
0,120.227,1742520281.0890827
1,116.986,1742520281.0890827
2,120.921,1742520281.0890827
3,118.413,1742520281.0890827
4,117.469,1742520281.0890827
5,120.072,1742520281.0890827
6,116.375,1742520281.0890827
7,123.436,1742520281.0890827
0,120.198,1742520281.1392183
1,116.986,1742520281.1392183
2,120.911,1742520281.1392183
3,118.413,1742520281.1392183
4,117.42,1742520281.1392183
5,120.059,1742520281.1392183
6,116.382,1742520281.1392183
7,123.436,1742520281.1392183
0,120.198,1742520281.1893532
1,116.877,1742520281.1893532
2,120.911,1742520281.1893532
3,118.426,1742520281.1893532
4,117.42,1742520281.1893532
5,120.059,1742520281.1893532
6,116.382,1742520281.1893532
7,123.41,1742520281.1893532
0,120.169,1742520281.2395139
1,116.877,1742520281.2395139
2,120.909,1742520281.2395139
3,118.426,1742520281.2395139
4,117.416,1742520281.2395139
5,120.089,1742520281.2395139
6,116.372,1742520281.2395139
7,123.41,1742520281.2395139
0,120.169,1742520281.289639
1,116.993,1742520281.289639
2,120.909,1742520281.289639
3,118.439,1742520281.289639
4,117.416,1742520281.289639
5,120.089,1742520281.289639
6,116.372,1742520281.289639
7,123.41,1742520281.289639
0,120.138,1742520281.3397717
1,116.993,1742520281.3397717
2,120.902,1742520281.3397717
3,118.439,1742520281.3397717
4,117.412,1742520281.3397717
5,120.069,1742520281.3397717
6,116.37,1742520281.3397717
7,123.41,1742520281.3397717
0,120.138,1742520281.3899055
1,116.865,1742520281.3899055
2,120.902,1742520281.3899055
3,118.439,1742520281.3899055
4,117.412,1742520281.3899055
5,120.069,1742520281.3899055
6,116.37,1742520281.3899055
7,123.423,1742520281.3899055
0,120.146,1742520281.44004
1,116.865,1742520281.44004
2,120.896,1742520281.44004
3,118.439,1742520281.44004
4,117.414,1742520281.44004
5,120.085,1742520281.44004
6,116.357,1742520281.44004
7,123.423,1742520281.44004
0,120.146,1742520281.4901757
1,116.965,1742520281.4901757
2,120.896,1742520281.4901757
3,118.42,1742520281.4901757
4,117.414,1742520281.4901757
5,120.085,1742520281.4901757
6,116.357,1742520281.4901757
7,123.409,1742520281.4901757
0,120.14,1742520281.5403118
1,116.965,1742520281.5403118
2,120.88,1742520281.5403118
3,118.42,1742520281.5403118
4,117.403,1742520281.5403118
5,120.059,1742520281.5403118
6,116.371,1742520281.5403118
7,123.409,1742520281.5403118
0,120.14,1742520281.5904462
1,116.899,1742520281.5904462
2,120.88,1742520281.5904462
3,118.4,1742520281.5904462
4,117.403,1742520281.5904462
5,120.059,1742520281.5904462
6,116.371,1742520281.5904462
7,123.421,1742520281.5904462
0,120.144,1742520281.6405816
1,116.899,1742520281.6405816
2,120.879,1742520281.6405816
3,118.4,1742520281.6405816
4,117.416,1742520281.6405816
5,120.082,1742520281.6405816
6,116.375,1742520281.6405816
7,123.421,1742520281.6405816
0,120.144,1742520281.6907175
1,116.969,1742520281.6907175
2,120.879,1742520281.6907175
3,118.398,1742520281.6907175
4,117.416,1742520281.6907175
5,120.082,1742520281.6907175
6,116.375,1742520281.6907175
7,123.414,1742520281.6907175
0,120.151,1742520281.740853
1,116.969,1742520281.740853
2,120.872,1742520281.740853
3,118.398,1742520281.740853
4,117.409,1742520281.740853
5,120.042,1742520281.740853
6,116.396,1742520281.740853
7,123.414,1742520281.740853
0,120.151,1742520281.7909892
1,116.868,1742520281.7909892
2,120.872,1742520281.7909892
3,118.385,1742520281.7909892
4,117.409,1742520281.7909892
5,120.042,1742520281.7909892
6,116.396,1742520281.7909892
7,123.394,1742520281.7909892
0,120.149,1742520281.841158
1,116.868,1742520281.841158
2,120.867,1742520281.841158
3,118.385,1742520281.841158
4,117.433,1742520281.841158
5,120.052,1742520281.841158
6,116.379,1742520281.841158
7,123.394,1742520281.841158
0,120.149,1742520281.8912907
1,116.894,1742520281.8912907
2,120.867,1742520281.8912907
3,118.372,1742520281.8912907
4,117.433,1742520281.8912907
5,120.052,1742520281.8912907
6,116.379,1742520281.8912907
7,123.382,1742520281.8912907
0,120.139,1742520281.9414234
1,116.894,1742520281.9414234
2,120.876,1742520281.9414234
3,118.372,1742520281.9414234
4,117.441,1742520281.9414234
5,120.027,1742520281.9414234
6,116.384,1742520281.9414234
7,123.382,1742520281.9414234
0,120.139,1742520281.9915445
1,116.872,1742520281.9915445
2,120.876,1742520281.9915445
3,118.385,1742520281.9915445
4,117.441,1742520281.9915445
5,120.027,1742520281.9915445
6,116.384,1742520281.9915445
7,123.39,1742520281.9915445
0,120.136,1742520282.0416691
1,116.872,1742520282.0416691
2,120.89,1742520282.0416691
3,118.385,1742520282.0416691
4,117.465,1742520282.0416691
5,120.049,1742520282.0416691
6,116.365,1742520282.0416691
7,123.39,1742520282.0416691
0,120.136,1742520282.0917928
1,116.853,1742520282.0917928
2,120.89,1742520282.0917928
3,118.385,1742520282.0917928
4,117.465,1742520282.0917928
5,120.049,1742520282.0917928
6,116.365,1742520282.0917928
7,123.375,1742520282.0917928
0,120.141,1742520282.1419249
1,116.853,1742520282.1419249
2,120.882,1742520282.1419249
3,118.385,1742520282.1419249
4,117.465,1742520282.1419249
5,120.036,1742520282.1419249
6,116.368,1742520282.1419249
7,123.375,1742520282.1419249
0,120.141,1742520282.1920614
1,116.93,1742520282.1920614
2,120.882,1742520282.1920614
3,118.387,1742520282.1920614
4,117.465,1742520282.1920614
5,120.036,1742520282.1920614
6,116.368,1742520282.1920614
7,123.381,1742520282.1920614
0,120.137,1742520282.2421951
1,116.93,1742520282.2421951
2,120.883,1742520282.2421951
3,118.387,1742520282.2421951
4,117.467,1742520282.2421951
5,120.04,1742520282.2421951
6,116.37,1742520282.2421951
7,123.381,1742520282.2421951
0,120.137,1742520282.2923312
1,116.812,1742520282.2923312
2,120.883,1742520282.2923312
3,118.405,1742520282.2923312
4,117.467,1742520282.2923312
5,120.04,1742520282.2923312
6,116.37,1742520282.2923312
7,123.359,1742520282.2923312
0,120.131,1742520282.3424664
1,116.812,1742520282.3424664
2,120.879,1742520282.3424664
3,118.405,1742520282.3424664
4,117.467,1742520282.3424664
5,120.03,1742520282.3424664
6,116.383,1742520282.3424664
7,123.359,1742520282.3424664
0,120.131,1742520282.3925877
1,116.931,1742520282.3925877
2,120.879,1742520282.3925877
3,118.385,1742520282.3925877
4,117.467,1742520282.3925877
5,120.03,1742520282.3925877
6,116.383,1742520282.3925877
7,123.339,1742520282.3925877
0,120.138,1742520282.4427197
1,116.931,1742520282.4427197
2,120.873,1742520282.4427197
3,118.385,1742520282.4427197
4,117.465,1742520282.4427197
5,120.03,1742520282.4427197
6,116.384,1742520282.4427197
7,123.339,1742520282.4427197
0,120.138,1742520282.4928524
1,116.796,1742520282.4928524
2,120.873,1742520282.4928524
3,118.373,1742520282.4928524
4,117.465,1742520282.4928524
5,120.03,1742520282.4928524
6,116.384,1742520282.4928524
7,123.345,1742520282.4928524
0,120.123,1742520282.5430112
1,116.796,1742520282.5430112
2,120.866,1742520282.5430112
3,118.373,1742520282.5430112
4,117.471,1742520282.5430112
5,120.023,1742520282.5430112
6,116.355,1742520282.5430112
7,123.345,1742520282.5430112
0,120.123,1742520282.5931885
1,116.881,1742520282.5931885
2,120.866,1742520282.5931885
3,118.379,1742520282.5931885
4,117.471,1742520282.5931885
5,120.023,1742520282.5931885
6,116.355,1742520282.5931885
7,123.324,1742520282.5931885
0,120.112,1742520282.6433332
1,116.881,1742520282.6433332
2,120.876,1742520282.6433332
3,118.379,1742520282.6433332
4,117.468,1742520282.6433332
5,119.996,1742520282.6433332
6,116.345,1742520282.6433332
7,123.324,1742520282.6433332
0,120.112,1742520282.6934657
1,116.809,1742520282.6934657
2,120.876,1742520282.6934657
3,118.38,1742520282.6934657
4,117.468,1742520282.6934657
5,119.996,1742520282.6934657
6,116.345,1742520282.6934657
7,123.325,1742520282.6934657
0,120.105,1742520282.743625
1,116.809,1742520282.743625
2,120.881,1742520282.743625
3,118.38,1742520282.743625
4,117.475,1742520282.743625
5,119.988,1742520282.743625
6,116.325,1742520282.743625
7,123.325,1742520282.743625
0,120.105,1742520282.7937577
1,116.869,1742520282.7937577
2,120.881,1742520282.7937577
3,118.38,1742520282.7937577
4,117.475,1742520282.7937577
5,119.988,1742520282.7937577
6,116.325,1742520282.7937577
7,123.325,1742520282.7937577
0,120.092,1742520282.8438919
1,116.869,1742520282.8438919
2,120.898,1742520282.8438919
3,118.38,1742520282.8438919
4,117.482,1742520282.8438919
5,119.996,1742520282.8438919
6,116.345,1742520282.8438919
7,123.325,1742520282.8438919
0,120.092,1742520282.8940272
1,116.85,1742520282.8940272
2,120.898,1742520282.8940272
3,118.393,1742520282.8940272
4,117.482,1742520282.8940272
5,119.996,1742520282.8940272
6,116.345,1742520282.8940272
7,123.327,1742520282.8940272
0,120.095,1742520282.9441624
1,116.85,1742520282.9441624
2,120.889,1742520282.9441624
3,118.393,1742520282.9441624
4,117.482,1742520282.9441624
5,120.023,1742520282.9441624
6,116.349,1742520282.9441624
7,123.327,1742520282.9441624
0,120.095,1742520282.994282
1,116.825,1742520282.994282
2,120.889,1742520282.994282
3,118.38,1742520282.994282
4,117.482,1742520282.994282
5,120.023,1742520282.994282
6,116.349,1742520282.994282
7,123.32,1742520282.994282
0,120.082,1742520283.0444145
1,116.825,1742520283.0444145
2,120.874,1742520283.0444145
3,118.38,1742520283.0444145
4,117.463,1742520283.0444145
5,119.988,1742520283.0444145
6,116.323,1742520283.0444145
7,123.32,1742520283.0444145
0,120.082,1742520283.0945477
1,116.864,1742520283.0945477
2,120.874,1742520283.0945477
3,118.366,1742520283.0945477
4,117.463,1742520283.0945477
5,119.988,1742520283.0945477
6,116.323,1742520283.0945477
7,123.299,1742520283.0945477
0,120.084,1742520283.1446824
1,116.864,1742520283.1446824
2,120.866,1742520283.1446824
3,118.366,1742520283.1446824
4,117.448,1742520283.1446824
5,119.983,1742520283.1446824
6,116.33,1742520283.1446824
7,123.299,1742520283.1446824
0,120.084,1742520283.1948185
1,116.792,1742520283.1948185
2,120.866,1742520283.1948185
3,118.36,1742520283.1948185
4,117.448,1742520283.1948185
5,119.983,1742520283.1948185
6,116.33,1742520283.1948185
7,123.299,1742520283.1948185
0,120.069,1742520283.2449536
1,116.792,1742520283.2449536
2,120.846,1742520283.2449536
3,118.36,1742520283.2449536
4,117.444,1742520283.2449536
5,119.957,1742520283.2449536
6,116.294,1742520283.2449536
7,123.299,1742520283.2449536
0,120.069,1742520283.2950895
1,116.891,1742520283.2950895
2,120.846,1742520283.2950895
3,118.365,1742520283.2950895
4,117.444,1742520283.2950895
5,119.957,1742520283.2950895
6,116.294,1742520283.2950895
7,123.318,1742520283.2950895
0,120.057,1742520283.3452244
1,116.891,1742520283.3452244
2,120.856,1742520283.3452244
3,118.365,1742520283.3452244
4,117.47,1742520283.3452244
5,119.964,1742520283.3452244
6,116.29,1742520283.3452244
7,123.318,1742520283.3452244
0,120.057,1742520283.3953247
1,116.781,1742520283.3953247
2,120.856,1742520283.3953247
3,118.353,1742520283.3953247
4,117.47,1742520283.3953247
5,119.964,1742520283.3953247
6,116.29,1742520283.3953247
7,123.331,1742520283.3953247
0,120.044,1742520283.4454594
1,116.781,1742520283.4454594
2,120.878,1742520283.4454594
3,118.353,1742520283.4454594
4,117.471,1742520283.4454594
5,119.964,1742520283.4454594
6,116.277,1742520283.4454594
7,123.331,1742520283.4454594
0,120.044,1742520283.4955933
1,116.899,1742520283.4955933
2,120.878,1742520283.4955933
3,118.359,1742520283.4955933
4,117.471,1742520283.4955933
5,119.944,1742520283.4955933
6,116.277,1742520283.4955933
7,123.309,1742520283.4955933
0,120.031,1742520283.545721
1,116.899,1742520283.545721
2,120.863,1742520283.545721
3,118.359,1742520283.545721
4,117.464,1742520283.545721
5,119.944,1742520283.545721
6,116.277,1742520283.545721
7,123.309,1742520283.545721
0,120.031,1742520283.5958555
1,116.821,1742520283.5958555
2,120.863,1742520283.5958555
3,118.365,1742520283.5958555
4,117.464,1742520283.5958555
5,119.963,1742520283.5958555
6,116.305,1742520283.5958555
7,123.291,1742520283.5958555
0,120.024,1742520283.6459858
1,116.821,1742520283.6459858
2,120.869,1742520283.6459858
3,118.365,1742520283.6459858
4,117.473,1742520283.6459858
5,119.963,1742520283.6459858
6,116.305,1742520283.6459858
7,123.291,1742520283.6459858
0,120.024,1742520283.6961205
1,116.893,1742520283.6961205
2,120.869,1742520283.6961205
3,118.359,1742520283.6961205
4,117.473,1742520283.6961205
5,119.957,1742520283.6961205
6,116.315,1742520283.6961205
7,123.274,1742520283.6961205
0,120.003,1742520283.7462564
1,116.893,1742520283.7462564
2,120.863,1742520283.7462564
3,118.359,1742520283.7462564
4,117.468,1742520283.7462564
5,119.957,1742520283.7462564
6,116.315,1742520283.7462564
7,123.274,1742520283.7462564
0,120.003,1742520283.7963917
1,116.85,1742520283.7963917
2,120.863,1742520283.7963917
3,118.339,1742520283.7963917
4,117.468,1742520283.7963917
5,119.963,1742520283.7963917
6,116.3,1742520283.7963917
7,123.257,1742520283.7963917
0,120.005,1742520283.8465266
1,116.85,1742520283.8465266
2,120.846,1742520283.8465266
3,118.339,1742520283.8465266
4,117.452,1742520283.8465266
5,119.963,1742520283.8465266
6,116.3,1742520283.8465266
7,123.257,1742520283.8465266
0,120.005,1742520283.8966484
1,116.864,1742520283.8966484
2,120.846,1742520283.8966484
3,118.34,1742520283.8966484
4,117.452,1742520283.8966484
5,119.944,1742520283.8966484
6,116.282,1742520283.8966484
7,123.246,1742520283.8966484
0,119.99,1742520283.9467802
1,116.864,1742520283.9467802
2,120.845,1742520283.9467802
3,118.34,1742520283.9467802
4,117.456,1742520283.9467802
5,119.944,1742520283.9467802
6,116.282,1742520283.9467802
7,123.246,1742520283.9467802
0,119.99,1742520283.996913
1,116.809,1742520283.996913
2,120.845,1742520283.996913
3,118.345,1742520283.996913
4,117.456,1742520283.996913
5,119.924,1742520283.996913
6,116.255,1742520283.996913
7,123.253,1742520283.996913
0,119.994,1742520284.0470939
1,116.809,1742520284.0470939
2,120.832,1742520284.0470939
3,118.345,1742520284.0470939
4,117.459,1742520284.0470939
5,119.924,1742520284.0470939
6,116.255,1742520284.0470939
7,123.253,1742520284.0470939
0,119.994,1742520284.097227
1,116.83,1742520284.097227
2,120.832,1742520284.097227
3,118.339,1742520284.097227
4,117.459,1742520284.097227
5,119.91,1742520284.097227
6,116.272,1742520284.097227
7,123.267,1742520284.097227
0,120.008,1742520284.1473598
1,116.83,1742520284.1473598
2,120.845,1742520284.1473598
3,118.339,1742520284.1473598
4,117.458,1742520284.1473598
5,119.91,1742520284.1473598
6,116.272,1742520284.1473598
7,123.267,1742520284.1473598
0,120.008,1742520284.1974955
1,116.843,1742520284.1974955
2,120.845,1742520284.1974955
3,118.332,1742520284.1974955
4,117.458,1742520284.1974955
5,119.922,1742520284.1974955
6,116.288,1742520284.1974955
7,123.261,1742520284.1974955
0,120.006,1742520284.24763
1,116.843,1742520284.24763
2,120.852,1742520284.24763
3,118.332,1742520284.24763
4,117.433,1742520284.24763
5,119.922,1742520284.24763
6,116.288,1742520284.24763
7,123.261,1742520284.24763
0,120.006,1742520284.2977498
1,116.775,1742520284.2977498
2,120.852,1742520284.2977498
3,118.306,1742520284.2977498
4,117.433,1742520284.2977498
5,119.956,1742520284.2977498
6,116.297,1742520284.2977498
7,123.238,1742520284.2977498
0,120.016,1742520284.3478856
1,116.775,1742520284.3478856
2,120.852,1742520284.3478856
3,118.306,1742520284.3478856
4,117.416,1742520284.3478856
5,119.956,1742520284.3478856
6,116.297,1742520284.3478856
7,123.238,1742520284.3478856
0,120.016,1742520284.3980193
1,116.842,1742520284.3980193
2,120.852,1742520284.3980193
3,118.306,1742520284.3980193
4,117.416,1742520284.3980193
5,119.935,1742520284.3980193
6,116.304,1742520284.3980193
7,123.197,1742520284.3980193
0,120.016,1742520284.448152
1,116.842,1742520284.448152
2,120.846,1742520284.448152
3,118.292,1742520284.448152
4,117.416,1742520284.448152
5,119.935,1742520284.448152
6,116.304,1742520284.448152
7,123.197,1742520284.448152
0,120.029,1742520284.4982872
1,116.714,1742520284.4982872
2,120.846,1742520284.4982872
3,118.292,1742520284.4982872
4,117.378,1742520284.4982872
5,119.949,1742520284.4982872
6,116.256,1742520284.4982872
7,123.189,1742520284.4982872
0,120.029,1742520284.5484223
1,116.714,1742520284.5484223
2,120.838,1742520284.5484223
3,118.286,1742520284.5484223
4,117.378,1742520284.5484223
5,119.949,1742520284.5484223
6,116.256,1742520284.5484223
7,123.189,1742520284.5484223
0,120.055,1742520284.5985584
1,116.821,1742520284.5985584
2,120.838,1742520284.5985584
3,118.286,1742520284.5985584
4,117.392,1742520284.5985584
5,119.929,1742520284.5985584
6,116.229,1742520284.5985584
7,123.188,1742520284.5985584
0,120.055,1742520284.648667
1,116.821,1742520284.648667
2,120.83,1742520284.648667
3,118.272,1742520284.648667
4,117.392,1742520284.648667
5,119.929,1742520284.648667
6,116.229,1742520284.648667
7,123.188,1742520284.648667
0,120.065,1742520284.6987982
1,116.707,1742520284.6987982
2,120.83,1742520284.6987982
3,118.272,1742520284.6987982
4,117.376,1742520284.6987982
5,119.935,1742520284.6987982
6,116.212,1742520284.6987982
7,123.185,1742520284.6987982
0,120.065,1742520284.7489321
1,116.707,1742520284.7489321
2,120.822,1742520284.7489321
3,118.272,1742520284.7489321
4,117.376,1742520284.7489321
5,119.935,1742520284.7489321
6,116.212,1742520284.7489321
7,123.185,1742520284.7489321
0,120.117,1742520284.799053
1,116.809,1742520284.799053
2,120.822,1742520284.799053
3,118.272,1742520284.799053
4,117.372,1742520284.799053
5,119.903,1742520284.799053
6,116.225,1742520284.799053
7,123.196,1742520284.799053
0,120.117,1742520284.8491874
1,116.809,1742520284.8491874
2,120.824,1742520284.8491874
3,118.271,1742520284.8491874
4,117.372,1742520284.8491874
5,119.903,1742520284.8491874
6,116.225,1742520284.8491874
7,123.196,1742520284.8491874
0,120.144,1742520284.8993201
1,116.728,1742520284.8993201
2,120.824,1742520284.8993201
3,118.271,1742520284.8993201
4,117.35,1742520284.8993201
5,119.916,1742520284.8993201
6,116.237,1742520284.8993201
7,123.201,1742520284.8993201
0,120.144,1742520284.9494793
1,116.728,1742520284.9494793
2,120.823,1742520284.9494793
3,118.265,1742520284.9494793
4,117.35,1742520284.9494793
5,119.916,1742520284.9494793
6,116.237,1742520284.9494793
7,123.201,1742520284.9494793
0,120.171,1742520284.999604
1,116.741,1742520284.999604
2,120.823,1742520284.999604
3,118.265,1742520284.999604
4,117.305,1742520284.999604
5,119.89,1742520284.999604
6,116.253,1742520284.999604
7,123.18,1742520284.999604
0,120.171,1742520285.0497353
1,116.741,1742520285.0497353
2,120.84,1742520285.0497353
3,118.258,1742520285.0497353
4,117.305,1742520285.0497353
5,119.89,1742520285.0497353
6,116.253,1742520285.0497353
7,123.18,1742520285.0497353
0,120.176,1742520285.0999167
1,116.749,1742520285.0999167
2,120.84,1742520285.0999167
3,118.258,1742520285.0999167
4,117.306,1742520285.0999167
5,119.916,1742520285.0999167
6,116.246,1742520285.0999167
7,123.133,1742520285.0999167
0,120.176,1742520285.150049
1,116.749,1742520285.150049
2,120.846,1742520285.150049
3,118.239,1742520285.150049
4,117.306,1742520285.150049
5,119.916,1742520285.150049
6,116.246,1742520285.150049
7,123.133,1742520285.150049
0,120.163,1742520285.2001696
1,116.669,1742520285.2001696
2,120.846,1742520285.2001696
3,118.239,1742520285.2001696
4,117.288,1742520285.2001696
5,119.89,1742520285.2001696
6,116.216,1742520285.2001696
7,123.115,1742520285.2001696
0,120.163,1742520285.2503006
1,116.669,1742520285.2503006
2,120.833,1742520285.2503006
3,118.237,1742520285.2503006
4,117.288,1742520285.2503006
5,119.89,1742520285.2503006
6,116.216,1742520285.2503006
7,123.115,1742520285.2503006
0,120.177,1742520285.3004332
1,116.732,1742520285.3004332
2,120.833,1742520285.3004332
3,118.237,1742520285.3004332
4,117.318,1742520285.3004332
5,119.896,1742520285.3004332
6,116.214,1742520285.3004332
7,123.087,1742520285.3004332
0,120.177,1742520285.3505678
1,116.732,1742520285.3505678
2,120.818,1742520285.3505678
3,118.244,1742520285.3505678
4,117.318,1742520285.3505678
5,119.896,1742520285.3505678
6,116.214,1742520285.3505678
7,123.087,1742520285.3505678
0,120.213,1742520285.4006865
1,116.627,1742520285.4006865
2,120.818,1742520285.4006865
3,118.244,1742520285.4006865
4,117.315,1742520285.4006865
5,119.843,1742520285.4006865
6,116.212,1742520285.4006865
7,123.087,1742520285.4006865
0,120.213,1742520285.4507825
1,116.627,1742520285.4507825
2,120.804,1742520285.4507825
3,118.241,1742520285.4507825
4,117.315,1742520285.4507825
5,119.843,1742520285.4507825
6,116.212,1742520285.4507825
7,123.087,1742520285.4507825
0,120.202,1742520285.5008917
1,116.739,1742520285.5008917
2,120.804,1742520285.5008917
3,118.241,1742520285.5008917
4,117.324,1742520285.5008917
5,119.864,1742520285.5008917
6,116.24,1742520285.5008917
7,123.095,1742520285.5008917
0,120.202,1742520285.5509832
1,116.739,1742520285.5509832
2,120.804,1742520285.5509832
3,118.249,1742520285.5509832
4,117.324,1742520285.5509832
5,119.864,1742520285.5509832
6,116.24,1742520285.5509832
7,123.095,1742520285.5509832
0,120.227,1742520285.6010532
1,116.611,1742520285.6010532
2,120.804,1742520285.6010532
3,118.249,1742520285.6010532
4,117.289,1742520285.6010532
5,119.837,1742520285.6010532
6,116.265,1742520285.6010532
7,123.088,1742520285.6010532
0,120.227,1742520285.6511598
1,116.611,1742520285.6511598
2,120.812,1742520285.6511598
3,118.22,1742520285.6511598
4,117.289,1742520285.6511598
5,119.837,1742520285.6511598
6,116.265,1742520285.6511598
7,123.088,1742520285.6511598
0,120.232,1742520285.7012842
1,116.691,1742520285.7012842
2,120.812,1742520285.7012842
3,118.22,1742520285.7012842
4,117.276,1742520285.7012842
5,119.829,1742520285.7012842
6,116.259,1742520285.7012842
7,123.101,1742520285.7012842
0,120.232,1742520285.7514186
1,116.691,1742520285.7514186
2,120.819,1742520285.7514186
3,118.234,1742520285.7514186
4,117.276,1742520285.7514186
5,119.829,1742520285.7514186
6,116.259,1742520285.7514186
7,123.101,1742520285.7514186
0,120.226,1742520285.8015316
1,116.617,1742520285.8015316
2,120.819,1742520285.8015316
3,118.234,1742520285.8015316
4,117.291,1742520285.8015316
5,119.816,1742520285.8015316
6,116.245,1742520285.8015316
7,123.087,1742520285.8015316
0,120.226,1742520285.8516414
1,116.617,1742520285.8516414
2,120.806,1742520285.8516414
3,118.24,1742520285.8516414
4,117.291,1742520285.8516414
5,119.816,1742520285.8516414
6,116.245,1742520285.8516414
7,123.087,1742520285.8516414
0,120.203,1742520285.9017627
1,116.636,1742520285.9017627
2,120.806,1742520285.9017627
3,118.24,1742520285.9017627
4,117.279,1742520285.9017627
5,119.823,1742520285.9017627
6,116.23,1742520285.9017627
7,123.06,1742520285.9017627
0,120.203,1742520285.9518607
1,116.636,1742520285.9518607
2,120.798,1742520285.9518607
3,118.231,1742520285.9518607
4,117.279,1742520285.9518607
5,119.823,1742520285.9518607
6,116.23,1742520285.9518607
7,123.06,1742520285.9518607
0,120.188,1742520286.001984
1,116.649,1742520286.001984
2,120.798,1742520286.001984
3,118.231,1742520286.001984
4,117.307,1742520286.001984
5,119.82,1742520286.001984
6,116.2,1742520286.001984
7,123.065,1742520286.001984
0,120.188,1742520286.0521183
1,116.649,1742520286.0521183
2,120.777,1742520286.0521183
3,118.206,1742520286.0521183
4,117.307,1742520286.0521183
5,119.82,1742520286.0521183
6,116.2,1742520286.0521183
7,123.065,1742520286.0521183
0,120.194,1742520286.1022155
1,116.634,1742520286.1022155
2,120.777,1742520286.1022155
3,118.206,1742520286.1022155
4,117.305,1742520286.1022155
5,119.821,1742520286.1022155
6,116.223,1742520286.1022155
7,123.066,1742520286.1022155
0,120.194,1742520286.1523263
1,116.634,1742520286.1523263
2,120.761,1742520286.1523263
3,118.238,1742520286.1523263
4,117.305,1742520286.1523263
5,119.821,1742520286.1523263
6,116.223,1742520286.1523263
7,123.066,1742520286.1523263
0,120.199,1742520286.2024598
1,116.689,1742520286.2024598
2,120.761,1742520286.2024598
3,118.238,1742520286.2024598
4,117.303,1742520286.2024598
5,119.828,1742520286.2024598
6,116.231,1742520286.2024598
7,123.053,1742520286.2024598
0,120.199,1742520286.2525988
1,116.689,1742520286.2525988
2,120.769,1742520286.2525988
3,118.229,1742520286.2525988
4,117.303,1742520286.2525988
5,119.828,1742520286.2525988
6,116.231,1742520286.2525988
7,123.053,1742520286.2525988
0,120.196,1742520286.302716
1,116.606,1742520286.302716
2,120.769,1742520286.302716
3,118.229,1742520286.302716
4,117.279,1742520286.302716
5,119.8,1742520286.302716
6,116.248,1742520286.302716
7,123.053,1742520286.302716
0,120.196,1742520286.352815
1,116.606,1742520286.352815
2,120.769,1742520286.352815
3,118.216,1742520286.352815
4,117.279,1742520286.352815
5,119.8,1742520286.352815
6,116.248,1742520286.352815
7,123.053,1742520286.352815
0,120.176,1742520286.402913
1,116.717,1742520286.402913
2,120.769,1742520286.402913
3,118.216,1742520286.402913
4,117.271,1742520286.402913
5,119.827,1742520286.402913
6,116.235,1742520286.402913
7,123.046,1742520286.402913
0,120.176,1742520286.4530232
1,116.717,1742520286.4530232
2,120.784,1742520286.4530232
3,118.246,1742520286.4530232
4,117.271,1742520286.4530232
5,119.827,1742520286.4530232
6,116.235,1742520286.4530232
7,123.046,1742520286.4530232
0,120.178,1742520286.5031588
1,116.607,1742520286.5031588
2,120.784,1742520286.5031588
3,118.246,1742520286.5031588
4,117.269,1742520286.5031588
5,119.787,1742520286.5031588
6,116.22,1742520286.5031588
7,123.04,1742520286.5031588
0,120.178,1742520286.5532584
1,116.607,1742520286.5532584
2,120.791,1742520286.5532584
3,118.218,1742520286.5532584
4,117.269,1742520286.5532584
5,119.787,1742520286.5532584
6,116.22,1742520286.5532584
7,123.04,1742520286.5532584
0,120.147,1742520286.6033576
1,116.728,1742520286.6033576
2,120.791,1742520286.6033576
3,118.218,1742520286.6033576
4,117.263,1742520286.6033576
5,119.808,1742520286.6033576
6,116.203,1742520286.6033576
7,123.047,1742520286.6033576
0,120.147,1742520286.6534715
1,116.728,1742520286.6534715
2,120.776,1742520286.6534715
3,118.207,1742520286.6534715
4,117.263,1742520286.6534715
5,119.808,1742520286.6534715
6,116.203,1742520286.6534715
7,123.047,1742520286.6534715
0,120.118,1742520286.703566
1,116.613,1742520286.703566
2,120.776,1742520286.703566
3,118.207,1742520286.703566
4,117.28,1742520286.703566
5,119.773,1742520286.703566
6,116.202,1742520286.703566
7,123.019,1742520286.703566
0,120.118,1742520286.7536755
1,116.613,1742520286.7536755
2,120.77,1742520286.7536755
3,118.198,1742520286.7536755
4,117.28,1742520286.7536755
5,119.773,1742520286.7536755
6,116.202,1742520286.7536755
7,123.019,1742520286.7536755
0,120.118,1742520286.8038077
1,116.714,1742520286.8038077
2,120.77,1742520286.8038077
3,118.198,1742520286.8038077
4,117.267,1742520286.8038077
5,119.802,1742520286.8038077
6,116.196,1742520286.8038077
7,123.01,1742520286.8038077
0,120.118,1742520286.8539414
1,116.714,1742520286.8539414
2,120.77,1742520286.8539414
3,118.193,1742520286.8539414
4,117.267,1742520286.8539414
5,119.802,1742520286.8539414
6,116.196,1742520286.8539414
7,123.01,1742520286.8539414
0,120.147,1742520286.9040775
1,116.659,1742520286.9040775
2,120.77,1742520286.9040775
3,118.193,1742520286.9040775
4,117.264,1742520286.9040775
5,119.775,1742520286.9040775
6,116.219,1742520286.9040775
7,123.017,1742520286.9040775
0,120.147,1742520286.9542122
1,116.659,1742520286.9542122
2,120.785,1742520286.9542122
3,118.181,1742520286.9542122
4,117.264,1742520286.9542122
5,119.775,1742520286.9542122
6,116.219,1742520286.9542122
7,123.017,1742520286.9542122
0,120.12,1742520287.0043497
1,116.679,1742520287.0043497
2,120.785,1742520287.0043497
3,118.181,1742520287.0043497
4,117.25,1742520287.0043497
5,119.789,1742520287.0043497
6,116.227,1742520287.0043497
7,123.019,1742520287.0043497
0,120.12,1742520287.054483
1,116.679,1742520287.054483
2,120.784,1742520287.054483
3,118.194,1742520287.054483
4,117.25,1742520287.054483
5,119.789,1742520287.054483
6,116.227,1742520287.054483
7,123.019,1742520287.054483
0,120.08,1742520287.1046205
1,116.67,1742520287.1046205
2,120.784,1742520287.1046205
3,118.194,1742520287.1046205
4,117.257,1742520287.1046205
5,119.766,1742520287.1046205
6,116.218,1742520287.1046205
7,123.013,1742520287.1046205
0,120.08,1742520287.1547558
1,116.67,1742520287.1547558
2,120.764,1742520287.1547558
3,118.216,1742520287.1547558
4,117.257,1742520287.1547558
5,119.766,1742520287.1547558
6,116.218,1742520287.1547558
7,123.013,1742520287.1547558
0,120.044,1742520287.20489
1,116.621,1742520287.20489
2,120.764,1742520287.20489
3,118.216,1742520287.20489
4,117.251,1742520287.20489
5,119.768,1742520287.20489
6,116.196,1742520287.20489
7,123.013,1742520287.20489
0,120.044,1742520287.2550206
1,116.621,1742520287.2550206
2,120.763,1742520287.2550206
3,118.203,1742520287.2550206
4,117.251,1742520287.2550206
5,119.768,1742520287.2550206
6,116.196,1742520287.2550206
7,123.013,1742520287.2550206
0,119.995,1742520287.3051527
1,116.708,1742520287.3051527
2,120.763,1742520287.3051527
3,118.203,1742520287.3051527
4,117.239,1742520287.3051527
5,119.768,1742520287.3051527
6,116.174,1742520287.3051527
7,123.013,1742520287.3051527
0,119.995,1742520287.3552845
1,116.708,1742520287.3552845
2,120.734,1742520287.3552845
3,118.19,1742520287.3552845
4,117.239,1742520287.3552845
5,119.768,1742520287.3552845
6,116.174,1742520287.3552845
7,123.006,1742520287.3552845
0,119.966,1742520287.4054053
1,116.583,1742520287.4054053
2,120.734,1742520287.4054053
3,118.19,1742520287.4054053
4,117.235,1742520287.4054053
5,119.755,1742520287.4054053
6,116.168,1742520287.4054053
7,123.006,1742520287.4054053
0,119.966,1742520287.4555001
1,116.583,1742520287.4555001
2,120.734,1742520287.4555001
3,118.203,1742520287.4555001
4,117.235,1742520287.4555001
5,119.755,1742520287.4555001
6,116.168,1742520287.4555001
7,123.01,1742520287.4555001
0,120.004,1742520287.5056355
1,116.697,1742520287.5056355
2,120.734,1742520287.5056355
3,118.203,1742520287.5056355
4,117.217,1742520287.5056355
5,119.754,1742520287.5056355
6,116.169,1742520287.5056355
7,123.01,1742520287.5056355
0,120.004,1742520287.5557861
1,116.697,1742520287.5557861
2,120.734,1742520287.5557861
3,118.202,1742520287.5557861
4,117.217,1742520287.5557861
5,119.754,1742520287.5557861
6,116.169,1742520287.5557861
7,123.01,1742520287.5557861
0,119.979,1742520287.6059213
1,116.583,1742520287.6059213
2,120.72,1742520287.6059213
3,118.202,1742520287.6059213
4,117.226,1742520287.6059213
5,119.757,1742520287.6059213
6,116.184,1742520287.6059213
7,123.004,1742520287.6059213
0,119.979,1742520287.6560566
1,116.583,1742520287.6560566
2,120.72,1742520287.6560566
3,118.23,1742520287.6560566
4,117.226,1742520287.6560566
5,119.757,1742520287.6560566
6,116.184,1742520287.6560566
7,123.004,1742520287.6560566
0,119.944,1742520287.7061496
1,116.707,1742520287.7061496
2,120.724,1742520287.7061496
3,118.23,1742520287.7061496
4,117.216,1742520287.7061496
5,119.777,1742520287.7061496
6,116.171,1742520287.7061496
7,122.998,1742520287.7061496
0,119.944,1742520287.756258
1,116.707,1742520287.756258
2,120.724,1742520287.756258
3,118.238,1742520287.756258
4,117.216,1742520287.756258
5,119.777,1742520287.756258
6,116.171,1742520287.756258
7,122.998,1742520287.756258
0,119.94,1742520287.8063843
1,116.623,1742520287.8063843
2,120.727,1742520287.8063843
3,118.238,1742520287.8063843
4,117.211,1742520287.8063843
5,119.76,1742520287.8063843
6,116.178,1742520287.8063843
7,122.998,1742520287.8063843
0,119.94,1742520287.8565109
1,116.623,1742520287.8565109
2,120.727,1742520287.8565109
3,118.223,1742520287.8565109
4,117.211,1742520287.8565109
5,119.76,1742520287.8565109
6,116.178,1742520287.8565109
7,123.022,1742520287.8565109
0,119.914,1742520287.9066463
1,116.661,1742520287.9066463
2,120.728,1742520287.9066463
3,118.223,1742520287.9066463
4,117.206,1742520287.9066463
5,119.751,1742520287.9066463
6,116.148,1742520287.9066463
7,123.022,1742520287.9066463
0,119.914,1742520287.956725
1,116.661,1742520287.956725
2,120.728,1742520287.956725
3,118.212,1742520287.956725
4,117.206,1742520287.956725
5,119.751,1742520287.956725
6,116.148,1742520287.956725
7,123.023,1742520287.956725
0,119.914,1742520288.0068214
1,116.651,1742520288.0068214
2,120.713,1742520288.0068214
3,118.212,1742520288.0068214
4,117.195,1742520288.0068214
5,119.731,1742520288.0068214
6,116.141,1742520288.0068214
7,123.023,1742520288.0068214
0,119.914,1742520288.0569491
1,116.651,1742520288.0569491
2,120.713,1742520288.0569491
3,118.211,1742520288.0569491
4,117.195,1742520288.0569491
5,119.731,1742520288.0569491
6,116.141,1742520288.0569491
7,123.022,1742520288.0569491
0,119.942,1742520288.1070645
1,116.603,1742520288.1070645
2,120.706,1742520288.1070645
3,118.211,1742520288.1070645
4,117.183,1742520288.1070645
5,119.735,1742520288.1070645
6,116.149,1742520288.1070645
7,123.022,1742520288.1070645
0,119.942,1742520288.157142
1,116.603,1742520288.157142
2,120.706,1742520288.157142
3,118.191,1742520288.157142
4,117.183,1742520288.157142
5,119.735,1742520288.157142
6,116.149,1742520288.157142
7,123.014,1742520288.157142
0,119.995,1742520288.2072313
1,116.646,1742520288.2072313
2,120.707,1742520288.2072313
3,118.191,1742520288.2072313
4,117.182,1742520288.2072313
5,119.731,1742520288.2072313
6,116.164,1742520288.2072313
7,123.014,1742520288.2072313
0,119.995,1742520288.2573287
1,116.646,1742520288.2573287
2,120.707,1742520288.2573287
3,118.216,1742520288.2573287
4,117.182,1742520288.2573287
5,119.731,1742520288.2573287
6,116.164,1742520288.2573287
7,122.993,1742520288.2573287
0,120.038,1742520288.3074276
1,116.583,1742520288.3074276
2,120.707,1742520288.3074276
3,118.216,1742520288.3074276
4,117.178,1742520288.3074276
5,119.742,1742520288.3074276
6,116.165,1742520288.3074276
7,122.993,1742520288.3074276
0,120.038,1742520288.3575037
1,116.583,1742520288.3575037
2,120.707,1742520288.3575037
3,118.222,1742520288.3575037
4,117.178,1742520288.3575037
5,119.742,1742520288.3575037
6,116.165,1742520288.3575037
7,122.985,1742520288.3575037
0,120.053,1742520288.4076066
1,116.692,1742520288.4076066
2,120.715,1742520288.4076066
3,118.222,1742520288.4076066
4,117.201,1742520288.4076066
5,119.721,1742520288.4076066
6,116.149,1742520288.4076066
7,122.985,1742520288.4076066
0,120.053,1742520288.4577472
1,116.692,1742520288.4577472
2,120.715,1742520288.4577472
3,120.088,1742520288.4577472
4,117.201,1742520288.4577472
5,119.721,1742520288.4577472
6,116.149,1742520288.4577472
7,122.967,1742520288.4577472
0,134.639,1742520288.5078826
1,126.94,1742520288.5078826
2,131.524,1742520288.5078826
3,120.088,1742520288.5078826
4,125.053,1742520288.5078826
5,129.587,1742520288.5078826
6,124.344,1742520288.5078826
7,122.967,1742520288.5078826
0,134.639,1742520288.5579884
1,126.94,1742520288.5579884
2,131.524,1742520288.5579884
3,144.282,1742520288.5579884
4,125.053,1742520288.5579884
5,129.587,1742520288.5579884
6,124.344,1742520288.5579884
7,144.475,1742520288.5579884
0,158.753,1742520288.6080678
1,157.37,1742520288.6080678
2,156.783,1742520288.6080678
3,144.282,1742520288.6080678
4,148.763,1742520288.6080678
5,154.724,1742520288.6080678
6,153.818,1742520288.6080678
7,144.475,1742520288.6080678
0,158.753,1742520288.658141
1,157.37,1742520288.658141
2,156.783,1742520288.658141
3,168.57,1742520288.658141
4,148.763,1742520288.658141
5,154.724,1742520288.658141
6,153.818,1742520288.658141
7,170.76,1742520288.658141
0,181.003,1742520288.7082155
1,180.732,1742520288.7082155
2,180.594,1742520288.7082155
3,168.57,1742520288.7082155
4,171.271,1742520288.7082155
5,178.753,1742520288.7082155
6,176.046,1742520288.7082155
7,170.76,1742520288.7082155
0,181.003,1742520288.7582884
1,180.732,1742520288.7582884
2,180.594,1742520288.7582884
3,193.525,1742520288.7582884
4,171.271,1742520288.7582884
5,178.753,1742520288.7582884
6,176.046,1742520288.7582884
7,194.179,1742520288.7582884
0,205.407,1742520288.8084085
1,205.009,1742520288.8084085
2,208.191,1742520288.8084085
3,193.525,1742520288.8084085
4,195.791,1742520288.8084085
5,202.197,1742520288.8084085
6,201.489,1742520288.8084085
7,194.179,1742520288.8084085
0,205.407,1742520288.8585017
1,205.009,1742520288.8585017
2,208.191,1742520288.8585017
3,216.009,1742520288.8585017
4,195.791,1742520288.8585017
5,202.197,1742520288.8585017
6,201.489,1742520288.8585017
7,217.46,1742520288.8585017
0,238.309,1742520288.90864
1,228.494,1742520288.90864
2,232.351,1742520288.90864
3,216.009,1742520288.90864
4,221.062,1742520288.90864
5,229.035,1742520288.90864
6,226.703,1742520288.90864
7,217.46,1742520288.90864
0,238.309,1742520288.9587622
1,228.494,1742520288.9587622
2,232.351,1742520288.9587622
3,243.379,1742520288.9587622
4,221.062,1742520288.9587622
5,229.035,1742520288.9587622
6,226.703,1742520288.9587622
7,243.148,1742520288.9587622
0,263.929,1742520289.0088954
1,252.925,1742520289.0088954
2,256.386,1742520289.0088954
3,243.379,1742520289.0088954
4,245.991,1742520289.0088954
5,254.343,1742520289.0088954
6,252.582,1742520289.0088954
7,243.148,1742520289.0088954
0,263.929,1742520289.05907
1,252.925,1742520289.05907
2,256.386,1742520289.05907
3,270.283,1742520289.05907
4,245.991,1742520289.05907
5,254.343,1742520289.05907
6,252.582,1742520289.05907
7,269.193,1742520289.05907
0,290.378,1742520289.1091948
1,277.495,1742520289.1091948
2,278.676,1742520289.1091948
3,270.283,1742520289.1091948
4,268.47,1742520289.1091948
5,284.685,1742520289.1091948
6,278.202,1742520289.1091948
7,269.193,1742520289.1091948
0,290.378,1742520289.1593313
1,277.495,1742520289.1593313
2,278.676,1742520289.1593313
3,296.468,1742520289.1593313
4,268.47,1742520289.1593313
5,284.685,1742520289.1593313
6,278.202,1742520289.1593313
7,296.11,1742520289.1593313
0,316.993,1742520289.2094607
1,301.08,1742520289.2094607
2,306.288,1742520289.2094607
3,296.468,1742520289.2094607
4,296.945,1742520289.2094607
5,310.688,1742520289.2094607
6,303.277,1742520289.2094607
7,296.11,1742520289.2094607
0,316.993,1742520289.2595685
1,301.08,1742520289.2595685
2,306.288,1742520289.2595685
3,322.384,1742520289.2595685
4,296.945,1742520289.2595685
5,310.688,1742520289.2595685
6,303.277,1742520289.2595685
7,323.396,1742520289.2595685
0,343.642,1742520289.3097177
1,325.54,1742520289.3097177
2,326.671,1742520289.3097177
3,322.384,1742520289.3097177
4,321.43,1742520289.3097177
5,337.034,1742520289.3097177
6,328.064,1742520289.3097177
7,323.396,1742520289.3097177
0,343.642,1742520289.359909
1,325.54,1742520289.359909
2,326.671,1742520289.359909
3,348.691,1742520289.359909
4,321.43,1742520289.359909
5,337.034,1742520289.359909
6,328.064,1742520289.359909
7,349.827,1742520289.359909
0,370.536,1742520289.4100418
1,350.55,1742520289.4100418
2,351.217,1742520289.4100418
3,348.691,1742520289.4100418
4,351.098,1742520289.4100418
5,363.316,1742520289.4100418
6,353.653,1742520289.4100418
7,349.827,1742520289.4100418
0,370.536,1742520289.4602184
1,350.55,1742520289.4602184
2,351.217,1742520289.4602184
3,373.987,1742520289.4602184
4,351.098,1742520289.4602184
5,363.316,1742520289.4602184
6,353.653,1742520289.4602184
7,377.237,1742520289.4602184
0,374.515,1742520289.5103507
1,364.698,1742520289.5103507
2,369.541,1742520289.5103507
3,373.987,1742520289.5103507
4,363.655,1742520289.5103507
5,374.741,1742520289.5103507
6,366.096,1742520289.5103507
7,377.237,1742520289.5103507
0,374.515,1742520289.5604842
1,364.698,1742520289.5604842
2,369.541,1742520289.5604842
3,376.212,1742520289.5604842
4,363.655,1742520289.5604842
5,374.741,1742520289.5604842
6,366.096,1742520289.5604842
7,385.302,1742520289.5604842
0,376.292,1742520289.6106203
1,363.021,1742520289.6106203
2,368.979,1742520289.6106203
3,376.212,1742520289.6106203
4,365.31,1742520289.6106203
5,375.545,1742520289.6106203
6,367.75,1742520289.6106203
7,385.302,1742520289.6106203
0,376.292,1742520289.6607287
1,363.021,1742520289.6607287
2,368.979,1742520289.6607287
3,377.481,1742520289.6607287
4,365.31,1742520289.6607287
5,375.545,1742520289.6607287
6,367.75,1742520289.6607287
7,385.099,1742520289.6607287
0,376.292,1742520289.7108548
1,363.025,1742520289.7108548
2,368.698,1742520289.7108548
3,377.481,1742520289.7108548
4,368.822,1742520289.7108548
5,377.997,1742520289.7108548
6,370.001,1742520289.7108548
7,385.099,1742520289.7108548
0,381.459,1742520289.7609906
1,363.025,1742520289.7609906
2,368.698,1742520289.7609906
3,378.972,1742520289.7609906
4,368.822,1742520289.7609906
5,377.997,1742520289.7609906
6,370.001,1742520289.7609906
7,386.437,1742520289.7609906
0,381.459,1742520289.8111255
1,363.025,1742520289.8111255
2,367.027,1742520289.8111255
3,378.972,1742520289.8111255
4,369.334,1742520289.8111255
5,379.673,1742520289.8111255
6,370.843,1742520289.8111255
7,386.437,1742520289.8111255
0,383.853,1742520289.8612592
1,365.511,1742520289.8612592
2,367.027,1742520289.8612592
3,381.136,1742520289.8612592
4,369.334,1742520289.8612592
5,379.673,1742520289.8612592
6,370.843,1742520289.8612592
7,387.452,1742520289.8612592
0,383.853,1742520289.9113545
1,365.511,1742520289.9113545
2,368.109,1742520289.9113545
3,381.136,1742520289.9113545
4,369.482,1742520289.9113545
5,380.767,1742520289.9113545
6,370.486,1742520289.9113545
7,387.452,1742520289.9113545
0,385.736,1742520289.961479
1,366.955,1742520289.961479
2,368.109,1742520289.961479
3,380.823,1742520289.961479
4,369.482,1742520289.961479
5,380.767,1742520289.961479
6,370.486,1742520289.961479
7,388.215,1742520289.961479
0,385.736,1742520290.0116112
1,366.955,1742520290.0116112
2,369.531,1742520290.0116112
3,380.823,1742520290.0116112
4,369.291,1742520290.0116112
5,381.795,1742520290.0116112
6,371.158,1742520290.0116112
7,388.215,1742520290.0116112
0,387.246,1742520290.0617018
1,365.706,1742520290.0617018
2,369.531,1742520290.0617018
3,378.746,1742520290.0617018
4,369.291,1742520290.0617018
5,381.795,1742520290.0617018
6,371.158,1742520290.0617018
7,389.242,1742520290.0617018
0,387.246,1742520290.1118212
1,365.706,1742520290.1118212
2,369.377,1742520290.1118212
3,378.746,1742520290.1118212
4,369.212,1742520290.1118212
5,380.875,1742520290.1118212
6,372.403,1742520290.1118212
7,389.242,1742520290.1118212
0,386.912,1742520290.16193
1,367.115,1742520290.16193
2,369.377,1742520290.16193
3,377.686,1742520290.16193
4,369.212,1742520290.16193
5,380.875,1742520290.16193
6,372.403,1742520290.16193
7,387.631,1742520290.16193
0,386.912,1742520290.2120612
1,367.115,1742520290.2120612
2,370.194,1742520290.2120612
3,377.686,1742520290.2120612
4,368.857,1742520290.2120612
5,381.467,1742520290.2120612
6,372.171,1742520290.2120612
7,387.631,1742520290.2120612
0,386.729,1742520290.262159
1,366.301,1742520290.262159
2,370.194,1742520290.262159
3,377.759,1742520290.262159
4,368.857,1742520290.262159
5,381.467,1742520290.262159
6,372.171,1742520290.262159
7,385.798,1742520290.262159
0,386.729,1742520290.3122897
1,366.301,1742520290.3122897
2,373.186,1742520290.3122897
3,377.759,1742520290.3122897
4,369.401,1742520290.3122897
5,380.311,1742520290.3122897
6,373.551,1742520290.3122897
7,385.798,1742520290.3122897
0,386.042,1742520290.3624208
1,366.769,1742520290.3624208
2,373.186,1742520290.3624208
3,376.078,1742520290.3624208
4,369.401,1742520290.3624208
5,380.311,1742520290.3624208
6,373.551,1742520290.3624208
7,385.705,1742520290.3624208
0,386.042,1742520290.4125445
1,366.769,1742520290.4125445
2,372.289,1742520290.4125445
3,376.078,1742520290.4125445
4,368.766,1742520290.4125445
5,380.245,1742520290.4125445
6,373.832,1742520290.4125445
7,385.705,1742520290.4125445
0,383.237,1742520290.4626696
1,366.313,1742520290.4626696
2,372.289,1742520290.4626696
3,374.262,1742520290.4626696
4,368.766,1742520290.4626696
5,380.245,1742520290.4626696
6,373.832,1742520290.4626696
7,384.656,1742520290.4626696
0,383.237,1742520290.5128338
1,366.313,1742520290.5128338
2,374.2,1742520290.5128338
3,374.262,1742520290.5128338
4,369.276,1742520290.5128338
5,379.987,1742520290.5128338
6,373.602,1742520290.5128338
7,384.656,1742520290.5128338
0,383.487,1742520290.5629675
1,366.858,1742520290.5629675
2,374.2,1742520290.5629675
3,374.262,1742520290.5629675
4,369.276,1742520290.5629675
5,379.987,1742520290.5629675
6,373.602,1742520290.5629675
7,383.899,1742520290.5629675
0,382.64,1742520290.6132207
1,369.675,1742520290.6132207
2,375.89,1742520290.6132207
3,373.101,1742520290.6132207
4,369.436,1742520290.6132207
5,380.57,1742520290.6132207
6,373.703,1742520290.6132207
7,383.899,1742520290.6132207
0,382.64,1742520290.663339
1,369.675,1742520290.663339
2,375.89,1742520290.663339
3,373.115,1742520290.663339
4,369.436,1742520290.663339
5,380.57,1742520290.663339
6,373.703,1742520290.663339
7,384.227,1742520290.663339
0,381.557,1742520290.7134743
1,371.931,1742520290.7134743
2,378.873,1742520290.7134743
3,373.115,1742520290.7134743
4,370.132,1742520290.7134743
5,381.185,1742520290.7134743
6,375.265,1742520290.7134743
7,384.227,1742520290.7134743
0,381.557,1742520290.7636054
1,371.931,1742520290.7636054
2,378.873,1742520290.7636054
3,373.334,1742520290.7636054
4,370.132,1742520290.7636054
5,381.185,1742520290.7636054
6,375.265,1742520290.7636054
7,384.412,1742520290.7636054
0,381.557,1742520290.813719
1,371.931,1742520290.813719
2,379.572,1742520290.813719
3,373.334,1742520290.813719
4,370.777,1742520290.813719
5,381.845,1742520290.813719
6,374.242,1742520290.813719
7,384.412,1742520290.813719
0,381.146,1742520290.8638315
1,372.387,1742520290.8638315
2,379.572,1742520290.8638315
3,373.397,1742520290.8638315
4,370.777,1742520290.8638315
5,381.845,1742520290.8638315
6,374.242,1742520290.8638315
7,384.397,1742520290.8638315
0,381.146,1742520290.913935
1,372.387,1742520290.913935
2,380.203,1742520290.913935
3,373.397,1742520290.913935
4,369.777,1742520290.913935
5,382.032,1742520290.913935
6,374.105,1742520290.913935
7,384.397,1742520290.913935
0,381.144,1742520290.9640694
1,373.855,1742520290.9640694
2,380.203,1742520290.9640694
3,374.655,1742520290.9640694
4,369.777,1742520290.9640694
5,382.032,1742520290.9640694
6,374.105,1742520290.9640694
7,384.014,1742520290.9640694
0,381.144,1742520291.0141659
1,373.855,1742520291.0141659
2,379.905,1742520291.0141659
3,374.655,1742520291.0141659
4,369.488,1742520291.0141659
5,383.594,1742520291.0141659
6,374.022,1742520291.0141659
7,384.014,1742520291.0141659
0,380.996,1742520291.0643003
1,373.38,1742520291.0643003
2,379.905,1742520291.0643003
3,377.31,1742520291.0643003
4,369.488,1742520291.0643003
5,383.594,1742520291.0643003
6,374.022,1742520291.0643003
7,384.282,1742520291.0643003
0,380.996,1742520291.1144018
1,373.38,1742520291.1144018
2,379.183,1742520291.1144018
3,377.31,1742520291.1144018
4,369.299,1742520291.1144018
5,386.062,1742520291.1144018
6,371.99,1742520291.1144018
7,384.282,1742520291.1144018
0,380.561,1742520291.164521
1,371.461,1742520291.164521
2,379.183,1742520291.164521
3,377.813,1742520291.164521
4,369.299,1742520291.164521
5,386.062,1742520291.164521
6,371.99,1742520291.164521
7,384.168,1742520291.164521
0,380.561,1742520291.2146194
1,371.461,1742520291.2146194
2,379.276,1742520291.2146194
3,377.813,1742520291.2146194
4,369.569,1742520291.2146194
5,386.794,1742520291.2146194
6,371.812,1742520291.2146194
7,384.168,1742520291.2146194
0,382.302,1742520291.264739
1,373.692,1742520291.264739
2,379.276,1742520291.264739
3,377.794,1742520291.264739
4,369.569,1742520291.264739
5,386.794,1742520291.264739
6,371.812,1742520291.264739
7,384.697,1742520291.264739
0,382.302,1742520291.3148384
1,373.692,1742520291.3148384
2,379.438,1742520291.3148384
3,377.794,1742520291.3148384
4,370.34,1742520291.3148384
5,386.953,1742520291.3148384
6,373.63,1742520291.3148384
7,384.697,1742520291.3148384
0,381.308,1742520291.3649309
1,371.772,1742520291.3649309
2,379.438,1742520291.3649309
3,377.146,1742520291.3649309
4,370.34,1742520291.3649309
5,386.953,1742520291.3649309
6,373.63,1742520291.3649309
7,385.176,1742520291.3649309
0,381.308,1742520291.4150403
1,371.772,1742520291.4150403
2,379.657,1742520291.4150403
3,377.146,1742520291.4150403
4,372.679,1742520291.4150403
5,386.774,1742520291.4150403
6,373.362,1742520291.4150403
7,385.176,1742520291.4150403
0,381.277,1742520291.4651792
1,372.928,1742520291.4651792
2,379.657,1742520291.4651792
3,379.821,1742520291.4651792
4,372.679,1742520291.4651792
5,386.774,1742520291.4651792
6,373.362,1742520291.4651792
7,383.475,1742520291.4651792
0,381.277,1742520291.5152931
1,372.928,1742520291.5152931
2,378.916,1742520291.5152931
3,379.821,1742520291.5152931
4,371.625,1742520291.5152931
5,385.452,1742520291.5152931
6,373.996,1742520291.5152931
7,383.475,1742520291.5152931
0,380.906,1742520291.5654285
1,372.783,1742520291.5654285
2,378.916,1742520291.5654285
3,378.005,1742520291.5654285
4,371.625,1742520291.5654285
5,385.452,1742520291.5654285
6,373.996,1742520291.5654285
7,384.015,1742520291.5654285
0,380.906,1742520291.6155388
1,372.783,1742520291.6155388
2,377.078,1742520291.6155388
3,378.005,1742520291.6155388
4,371.046,1742520291.6155388
5,386.314,1742520291.6155388
6,374.179,1742520291.6155388
7,384.015,1742520291.6155388
0,379.84,1742520291.6656578
1,371.633,1742520291.6656578
2,377.078,1742520291.6656578
3,378.802,1742520291.6656578
4,371.046,1742520291.6656578
5,386.314,1742520291.6656578
6,374.179,1742520291.6656578
7,382.301,1742520291.6656578
0,379.84,1742520291.715756
1,371.633,1742520291.715756
2,375.903,1742520291.715756
3,378.802,1742520291.715756
4,370.923,1742520291.715756
5,385.871,1742520291.715756
6,375.27,1742520291.715756
7,382.301,1742520291.715756
0,377.125,1742520291.7658737
1,368.526,1742520291.7658737
2,375.903,1742520291.7658737
3,377.937,1742520291.7658737
4,370.923,1742520291.7658737
5,385.871,1742520291.7658737
6,375.27,1742520291.7658737
7,383.151,1742520291.7658737
0,377.125,1742520291.815971
1,368.526,1742520291.815971
2,375.966,1742520291.815971
3,377.937,1742520291.815971
4,369.452,1742520291.815971
5,385.533,1742520291.815971
6,374.882,1742520291.815971
7,383.151,1742520291.815971
0,376.774,1742520291.866067
1,367.609,1742520291.866067
2,375.966,1742520291.866067
3,377.354,1742520291.866067
4,369.452,1742520291.866067
5,385.533,1742520291.866067
6,374.882,1742520291.866067
7,382.584,1742520291.866067
0,376.774,1742520291.916163
1,367.609,1742520291.916163
2,375.874,1742520291.916163
3,377.354,1742520291.916163
4,370.64,1742520291.916163
5,385.533,1742520291.916163
6,374.317,1742520291.916163
7,382.584,1742520291.916163
0,375.538,1742520291.9662971
1,367.76,1742520291.9662971
2,375.874,1742520291.9662971
3,375.788,1742520291.9662971
4,370.64,1742520291.9662971
5,383.793,1742520291.9662971
6,374.317,1742520291.9662971
7,382.981,1742520291.9662971
0,375.538,1742520292.0163956
1,367.76,1742520292.0163956
2,376.208,1742520292.0163956
3,375.788,1742520292.0163956
4,370.175,1742520292.0163956
5,383.793,1742520292.0163956
6,373.667,1742520292.0163956
7,382.981,1742520292.0163956
0,374.366,1742520292.0664752
1,368.613,1742520292.0664752
2,376.208,1742520292.0664752
3,375.584,1742520292.0664752
4,370.175,1742520292.0664752
5,382.435,1742520292.0664752
6,373.667,1742520292.0664752
7,382.283,1742520292.0664752
0,374.366,1742520292.1165469
1,368.613,1742520292.1165469
2,378.761,1742520292.1165469
3,375.584,1742520292.1165469
4,369.561,1742520292.1165469
5,382.435,1742520292.1165469
6,373.63,1742520292.1165469
7,382.283,1742520292.1165469
0,373.957,1742520292.1666756
1,369.95,1742520292.1666756
2,378.761,1742520292.1666756
3,373.835,1742520292.1666756
4,369.561,1742520292.1666756
5,380.572,1742520292.1666756
6,373.63,1742520292.1666756
7,382.525,1742520292.1666756
0,373.957,1742520292.2167737
1,369.95,1742520292.2167737
2,378.302,1742520292.2167737
3,373.835,1742520292.2167737
4,369.406,1742520292.2167737
5,380.572,1742520292.2167737
6,371.138,1742520292.2167737
7,382.525,1742520292.2167737
0,373.992,1742520292.2669048
1,371.563,1742520292.2669048
2,378.302,1742520292.2669048
3,375.348,1742520292.2669048
4,369.406,1742520292.2669048
5,378.214,1742520292.2669048
6,371.138,1742520292.2669048
7,382.119,1742520292.2669048
0,373.992,1742520292.31703
1,371.563,1742520292.31703
2,378.319,1742520292.31703
3,375.348,1742520292.31703
4,369.406,1742520292.31703
5,378.214,1742520292.31703
6,372.016,1742520292.31703
7,382.119,1742520292.31703
0,375.483,1742520292.3671963
1,372.023,1742520292.3671963
2,378.319,1742520292.3671963
3,375.348,1742520292.3671963
4,368.314,1742520292.3671963
5,379.326,1742520292.3671963
6,372.016,1742520292.3671963
7,383.992,1742520292.3671963
0,375.483,1742520292.4173205
1,372.023,1742520292.4173205
2,376.394,1742520292.4173205
3,378.767,1742520292.4173205
4,368.314,1742520292.4173205
5,379.326,1742520292.4173205
6,371.29,1742520292.4173205
7,383.992,1742520292.4173205
0,377.184,1742520292.4674518
1,372.015,1742520292.4674518
2,376.394,1742520292.4674518
3,378.767,1742520292.4674518
4,365.283,1742520292.4674518
5,380.609,1742520292.4674518
6,371.29,1742520292.4674518
7,384.702,1742520292.4674518
0,377.184,1742520292.5175662
1,372.015,1742520292.5175662
2,375.603,1742520292.5175662
3,379.897,1742520292.5175662
4,365.283,1742520292.5175662
5,380.609,1742520292.5175662
6,369.073,1742520292.5175662
7,384.702,1742520292.5175662
0,380.29,1742520292.567702
1,372.955,1742520292.567702
2,375.603,1742520292.567702
3,379.897,1742520292.567702
4,365.463,1742520292.567702
5,382.568,1742520292.567702
6,369.073,1742520292.567702
7,385.053,1742520292.567702
0,380.29,1742520292.6178832
1,372.955,1742520292.6178832
2,375.036,1742520292.6178832
3,381.916,1742520292.6178832
4,365.463,1742520292.6178832
5,382.568,1742520292.6178832
6,369.073,1742520292.6178832
7,385.053,1742520292.6178832
0,381.19,1742520292.668018
1,372.787,1742520292.668018
2,375.036,1742520292.668018
3,381.916,1742520292.668018
4,367.21,1742520292.668018
5,382.9,1742520292.668018
6,368.107,1742520292.668018
7,386.589,1742520292.668018
0,381.19,1742520292.7180972
1,372.787,1742520292.7180972
2,375.091,1742520292.7180972
3,381.455,1742520292.7180972
4,367.21,1742520292.7180972
5,382.9,1742520292.7180972
6,368.107,1742520292.7180972
7,386.589,1742520292.7180972
0,380.616,1742520292.768225
1,373.23,1742520292.768225
2,375.091,1742520292.768225
3,381.455,1742520292.768225
4,369.633,1742520292.768225
5,382.787,1742520292.768225
6,370.135,1742520292.768225
7,387.739,1742520292.768225
0,380.616,1742520292.8183599
1,373.23,1742520292.8183599
2,375.048,1742520292.8183599
3,381.244,1742520292.8183599
4,369.633,1742520292.8183599
5,382.787,1742520292.8183599
6,370.135,1742520292.8183599
7,387.739,1742520292.8183599
0,380.051,1742520292.868457
1,371.703,1742520292.868457
2,375.048,1742520292.868457
3,381.244,1742520292.868457
4,366.799,1742520292.868457
5,382.21,1742520292.868457
6,370.655,1742520292.868457
7,388.427,1742520292.868457
0,380.051,1742520292.9186227
1,371.703,1742520292.9186227
2,375.136,1742520292.9186227
3,381.114,1742520292.9186227
4,366.799,1742520292.9186227
5,382.21,1742520292.9186227
6,370.655,1742520292.9186227
7,388.427,1742520292.9186227
0,381.336,1742520292.9687483
1,374.026,1742520292.9687483
2,375.136,1742520292.9687483
3,381.114,1742520292.9687483
4,366.562,1742520292.9687483
5,382.227,1742520292.9687483
6,370.41,1742520292.9687483
7,389.252,1742520292.9687483
0,381.336,1742520293.0188427
1,374.026,1742520293.0188427
2,376.06,1742520293.0188427
3,382.444,1742520293.0188427
4,366.562,1742520293.0188427
5,382.227,1742520293.0188427
6,370.41,1742520293.0188427
7,389.252,1742520293.0188427
0,381.357,1742520293.0689738
1,374.808,1742520293.0689738
2,376.06,1742520293.0689738
3,382.444,1742520293.0689738
4,367.327,1742520293.0689738
5,381.828,1742520293.0689738
6,369.335,1742520293.0689738
7,389.252,1742520293.0689738
0,381.357,1742520293.1191328
1,374.808,1742520293.1191328
2,375.247,1742520293.1191328
3,381.564,1742520293.1191328
4,367.327,1742520293.1191328
5,381.828,1742520293.1191328
6,369.335,1742520293.1191328
7,387.854,1742520293.1191328
0,382.002,1742520293.1692677
1,374.342,1742520293.1692677
2,375.247,1742520293.1692677
3,381.564,1742520293.1692677
4,368.13,1742520293.1692677
5,381.249,1742520293.1692677
6,369.505,1742520293.1692677
7,387.52,1742520293.1692677
0,382.002,1742520293.2193868
1,374.342,1742520293.2193868
2,376.312,1742520293.2193868
3,381.931,1742520293.2193868
4,368.13,1742520293.2193868
5,381.249,1742520293.2193868
6,369.505,1742520293.2193868
7,387.52,1742520293.2193868
0,381.143,1742520293.2695093
1,373.389,1742520293.2695093
2,376.312,1742520293.2695093
3,381.931,1742520293.2695093
4,367.702,1742520293.2695093
5,380.705,1742520293.2695093
6,369.164,1742520293.2695093
7,387.52,1742520293.2695093
0,381.143,1742520293.3196118
1,373.389,1742520293.3196118
2,376.618,1742520293.3196118
3,381.606,1742520293.3196118
4,367.702,1742520293.3196118
5,380.705,1742520293.3196118
6,369.164,1742520293.3196118
7,387.788,1742520293.3196118
0,380.223,1742520293.3697531
1,375.772,1742520293.3697531
2,376.618,1742520293.3697531
3,381.606,1742520293.3697531
4,367.623,1742520293.3697531
5,380.067,1742520293.3697531
6,369.287,1742520293.3697531
7,387.788,1742520293.3697531
0,380.223,1742520293.419966
1,375.772,1742520293.419966
2,375.509,1742520293.419966
3,381.297,1742520293.419966
4,367.623,1742520293.419966
5,380.067,1742520293.419966
6,369.287,1742520293.419966
7,388.629,1742520293.419966
0,378.27,1742520293.470079
1,375.581,1742520293.470079
2,375.509,1742520293.470079
3,381.297,1742520293.470079
4,367.248,1742520293.470079
5,379.506,1742520293.470079
6,368.739,1742520293.470079
7,388.629,1742520293.470079
0,378.27,1742520293.5202
1,375.581,1742520293.5202
2,375.731,1742520293.5202
3,378.992,1742520293.5202
4,367.248,1742520293.5202
5,379.506,1742520293.5202
6,368.739,1742520293.5202
7,387.307,1742520293.5202
0,376.252,1742520293.5703127
1,376.079,1742520293.5703127
2,375.731,1742520293.5703127
3,378.992,1742520293.5703127
4,366.89,1742520293.5703127
5,379.614,1742520293.5703127
6,368.127,1742520293.5703127
7,387.307,1742520293.5703127
0,376.252,1742520293.6204355
1,376.079,1742520293.6204355
2,375.55,1742520293.6204355
3,378.848,1742520293.6204355
4,366.89,1742520293.6204355
5,379.614,1742520293.6204355
6,368.127,1742520293.6204355
7,387.955,1742520293.6204355
0,376.317,1742520293.6705248
1,376.131,1742520293.6705248
2,375.55,1742520293.6705248
3,378.848,1742520293.6705248
4,365.122,1742520293.6705248
5,380.446,1742520293.6705248
6,368.407,1742520293.6705248
7,387.955,1742520293.6705248
0,376.317,1742520293.7206438
1,376.131,1742520293.7206438
2,373.589,1742520293.7206438
3,379.366,1742520293.7206438
4,365.122,1742520293.7206438
5,380.446,1742520293.7206438
6,368.407,1742520293.7206438
7,386.375,1742520293.7206438
0,375.452,1742520293.7707767
1,376.347,1742520293.7707767
2,373.589,1742520293.7707767
3,379.366,1742520293.7707767
4,364.154,1742520293.7707767
5,380.181,1742520293.7707767
6,366.141,1742520293.7707767
7,386.375,1742520293.7707767
0,375.452,1742520293.8209112
1,376.347,1742520293.8209112
2,372.918,1742520293.8209112
3,378.85,1742520293.8209112
4,364.154,1742520293.8209112
5,380.181,1742520293.8209112
6,366.141,1742520293.8209112
7,385.718,1742520293.8209112
0,376.284,1742520293.871022
1,377.746,1742520293.871022
2,372.918,1742520293.871022
3,378.85,1742520293.871022
4,363.359,1742520293.871022
5,380.649,1742520293.871022
6,366.254,1742520293.871022
7,385.718,1742520293.871022
0,376.284,1742520293.9211452
1,377.746,1742520293.9211452
2,372.987,1742520293.9211452
3,380.523,1742520293.9211452
4,363.359,1742520293.9211452
5,380.649,1742520293.9211452
6,366.254,1742520293.9211452
7,385.818,1742520293.9211452
0,377.542,1742520293.971261
1,377.381,1742520293.971261
2,372.987,1742520293.971261
3,380.523,1742520293.971261
4,365.166,1742520293.971261
5,382.159,1742520293.971261
6,366.019,1742520293.971261
7,385.818,1742520293.971261
0,377.542,1742520294.0213847
1,377.381,1742520294.0213847
2,372.987,1742520294.0213847
3,379.897,1742520294.0213847
4,365.166,1742520294.0213847
5,382.159,1742520294.0213847
6,366.019,1742520294.0213847
7,386.74,1742520294.0213847
0,377.866,1742520294.0714712
1,378.131,1742520294.0714712
2,371.489,1742520294.0714712
3,379.897,1742520294.0714712
4,364.811,1742520294.0714712
5,383.1,1742520294.0714712
6,366.254,1742520294.0714712
7,386.74,1742520294.0714712
0,377.866,1742520294.1215615
1,378.131,1742520294.1215615
2,371.489,1742520294.1215615
3,379.24,1742520294.1215615
4,364.811,1742520294.1215615
5,383.1,1742520294.1215615
6,366.254,1742520294.1215615
7,388.045,1742520294.1215615
0,378.388,1742520294.1716752
1,378.299,1742520294.1716752
2,370.577,1742520294.1716752
3,379.24,1742520294.1716752
4,365.263,1742520294.1716752
5,384.477,1742520294.1716752
6,366.35,1742520294.1716752
7,388.045,1742520294.1716752
0,378.388,1742520294.2218118
1,378.299,1742520294.2218118
2,370.577,1742520294.2218118
3,379.559,1742520294.2218118
4,365.263,1742520294.2218118
5,384.477,1742520294.2218118
6,366.35,1742520294.2218118
7,388.487,1742520294.2218118
0,379.628,1742520294.2719293
1,378.199,1742520294.2719293
2,369.907,1742520294.2719293
3,379.559,1742520294.2719293
4,365.76,1742520294.2719293
5,384.526,1742520294.2719293
6,366.785,1742520294.2719293
7,388.487,1742520294.2719293
0,379.628,1742520294.322053
1,378.199,1742520294.322053
2,369.907,1742520294.322053
3,379.451,1742520294.322053
4,365.76,1742520294.322053
5,384.526,1742520294.322053
6,366.785,1742520294.322053
7,387.249,1742520294.322053
0,380.927,1742520294.3721755
1,377.447,1742520294.3721755
2,370.326,1742520294.3721755
3,379.451,1742520294.3721755
4,366.733,1742520294.3721755
5,383.966,1742520294.3721755
6,366.969,1742520294.3721755
7,387.249,1742520294.3721755
0,380.927,1742520294.4223154
1,377.447,1742520294.4223154
2,370.326,1742520294.4223154
3,378.589,1742520294.4223154
4,366.733,1742520294.4223154
5,383.966,1742520294.4223154
6,366.969,1742520294.4223154
7,386.37,1742520294.4223154
0,382.659,1742520294.4724116
1,376.156,1742520294.4724116
2,371.243,1742520294.4724116
3,378.589,1742520294.4724116
4,367.478,1742520294.4724116
5,383.85,1742520294.4724116
6,369.706,1742520294.4724116
7,386.37,1742520294.4724116
0,382.659,1742520294.5225437
1,376.156,1742520294.5225437
2,371.243,1742520294.5225437
3,376.464,1742520294.5225437
4,367.478,1742520294.5225437
5,383.85,1742520294.5225437
6,369.706,1742520294.5225437
7,388.373,1742520294.5225437
0,382.834,1742520294.5726738
1,375.261,1742520294.5726738
2,372.433,1742520294.5726738
3,376.464,1742520294.5726738
4,368.79,1742520294.5726738
5,382.677,1742520294.5726738
6,370.79,1742520294.5726738
7,388.373,1742520294.5726738
0,382.834,1742520294.6228101
1,375.261,1742520294.6228101
2,372.433,1742520294.6228101
3,376.125,1742520294.6228101
4,368.79,1742520294.6228101
5,382.677,1742520294.6228101
6,370.79,1742520294.6228101
7,386.314,1742520294.6228101
0,381.171,1742520294.6729314
1,375.6,1742520294.6729314
2,372.644,1742520294.6729314
3,376.125,1742520294.6729314
4,369.406,1742520294.6729314
5,381.235,1742520294.6729314
6,371.406,1742520294.6729314
7,386.314,1742520294.6729314
0,381.171,1742520294.7230632
1,375.6,1742520294.7230632
2,372.644,1742520294.7230632
3,375.682,1742520294.7230632
4,369.406,1742520294.7230632
5,381.235,1742520294.7230632
6,371.406,1742520294.7230632
7,387.537,1742520294.7230632
0,381.779,1742520294.7731974
1,373.483,1742520294.7731974
2,373.301,1742520294.7731974
3,375.682,1742520294.7731974
4,370.176,1742520294.7731974
5,381.572,1742520294.7731974
6,373.341,1742520294.7731974
7,387.537,1742520294.7731974
0,381.779,1742520294.823331
1,373.483,1742520294.823331
2,373.301,1742520294.823331
3,376.068,1742520294.823331
4,370.176,1742520294.823331
5,381.572,1742520294.823331
6,373.341,1742520294.823331
7,387.711,1742520294.823331
0,382.885,1742520294.873422
1,373.98,1742520294.873422
2,374.378,1742520294.873422
3,376.068,1742520294.873422
4,371.273,1742520294.873422
5,382.285,1742520294.873422
6,374.154,1742520294.873422
7,387.711,1742520294.873422
0,382.885,1742520294.9235532
1,373.98,1742520294.9235532
2,374.378,1742520294.9235532
3,375.923,1742520294.9235532
4,371.273,1742520294.9235532
5,382.285,1742520294.9235532
6,374.154,1742520294.9235532
7,387.577,1742520294.9235532
0,382.606,1742520294.9736857
1,371.695,1742520294.9736857
2,374.645,1742520294.9736857
3,375.923,1742520294.9736857
4,371.887,1742520294.9736857
5,382.131,1742520294.9736857
6,375.621,1742520294.9736857
7,387.577,1742520294.9736857
0,382.606,1742520295.0238664
1,371.695,1742520295.0238664
2,374.645,1742520295.0238664
3,373.909,1742520295.0238664
4,371.887,1742520295.0238664
5,382.131,1742520295.0238664
6,375.621,1742520295.0238664
7,386.535,1742520295.0238664
0,381.338,1742520295.0739686
1,371.799,1742520295.0739686
2,375.833,1742520295.0739686
3,373.909,1742520295.0739686
4,371.611,1742520295.0739686
5,381.404,1742520295.0739686
6,375.444,1742520295.0739686
7,386.535,1742520295.0739686
0,381.338,1742520295.124127
1,371.799,1742520295.124127
2,375.833,1742520295.124127
3,373.486,1742520295.124127
4,371.611,1742520295.124127
5,381.404,1742520295.124127
6,375.444,1742520295.124127
7,382.944,1742520295.124127
0,380.82,1742520295.1742518
1,371.142,1742520295.1742518
2,377.901,1742520295.1742518
3,373.486,1742520295.1742518
4,370.266,1742520295.1742518
5,381.349,1742520295.1742518
6,375.904,1742520295.1742518
7,382.944,1742520295.1742518
0,380.82,1742520295.2243743
1,371.142,1742520295.2243743
2,377.901,1742520295.2243743
3,374.879,1742520295.2243743
4,370.266,1742520295.2243743
5,381.349,1742520295.2243743
6,375.904,1742520295.2243743
7,382.633,1742520295.2243743
0,379.61,1742520295.274465
1,371.487,1742520295.274465
2,379.493,1742520295.274465
3,374.879,1742520295.274465
4,369.703,1742520295.274465
5,380.254,1742520295.274465
6,376.011,1742520295.274465
7,382.633,1742520295.274465
0,379.61,1742520295.3245847
1,371.487,1742520295.3245847
2,379.493,1742520295.3245847
3,373.583,1742520295.3245847
4,369.703,1742520295.3245847
5,380.254,1742520295.3245847
6,376.011,1742520295.3245847
7,380.734,1742520295.3245847
0,378.53,1742520295.3747134
1,372.126,1742520295.3747134
2,380.269,1742520295.3747134
3,373.583,1742520295.3747134
4,369.233,1742520295.3747134
5,380.429,1742520295.3747134
6,375.749,1742520295.3747134
7,380.734,1742520295.3747134
0,378.53,1742520295.4248784
1,372.126,1742520295.4248784
2,380.269,1742520295.4248784
3,374.292,1742520295.4248784
4,369.233,1742520295.4248784
5,380.429,1742520295.4248784
6,375.749,1742520295.4248784
7,379.516,1742520295.4248784
0,376.756,1742520295.474974
1,373.315,1742520295.474974
2,380.468,1742520295.474974
3,374.292,1742520295.474974
4,369.863,1742520295.474974
5,380.155,1742520295.474974
6,375.237,1742520295.474974
7,379.516,1742520295.474974
0,376.756,1742520295.5251184
1,373.315,1742520295.5251184
2,380.468,1742520295.5251184
3,376.489,1742520295.5251184
4,369.863,1742520295.5251184
5,380.155,1742520295.5251184
6,375.237,1742520295.5251184
7,377.519,1742520295.5251184
0,376.732,1742520295.5753305
1,373.704,1742520295.5753305
2,381.0,1742520295.5753305
3,376.489,1742520295.5753305
4,369.544,1742520295.5753305
5,381.574,1742520295.5753305
6,374.31,1742520295.5753305
7,377.519,1742520295.5753305
0,376.732,1742520295.6254694
1,373.704,1742520295.6254694
2,381.0,1742520295.6254694
3,376.999,1742520295.6254694
4,369.544,1742520295.6254694
5,381.574,1742520295.6254694
6,374.31,1742520295.6254694
7,377.08,1742520295.6254694
0,375.582,1742520295.6755645
1,374.696,1742520295.6755645
2,382.078,1742520295.6755645
3,376.999,1742520295.6755645
4,368.874,1742520295.6755645
5,380.526,1742520295.6755645
6,372.805,1742520295.6755645
7,377.08,1742520295.6755645
0,375.582,1742520295.7257092
1,374.696,1742520295.7257092
2,382.078,1742520295.7257092
3,376.405,1742520295.7257092
4,368.874,1742520295.7257092
5,380.526,1742520295.7257092
6,372.805,1742520295.7257092
7,377.873,1742520295.7257092
0,374.802,1742520295.7758431
1,374.698,1742520295.7758431
2,382.982,1742520295.7758431
3,376.405,1742520295.7758431
4,369.144,1742520295.7758431
5,382.792,1742520295.7758431
6,372.862,1742520295.7758431
7,377.873,1742520295.7758431
0,374.802,1742520295.825992
1,374.698,1742520295.825992
2,382.982,1742520295.825992
3,376.175,1742520295.825992
4,369.144,1742520295.825992
5,382.792,1742520295.825992
6,372.862,1742520295.825992
7,379.295,1742520295.825992
0,375.486,1742520295.87613
1,374.419,1742520295.87613
2,382.565,1742520295.87613
3,376.175,1742520295.87613
4,367.972,1742520295.87613
5,382.699,1742520295.87613
6,371.837,1742520295.87613
7,379.295,1742520295.87613
0,375.486,1742520295.926286
1,374.419,1742520295.926286
2,382.565,1742520295.926286
3,377.221,1742520295.926286
4,367.972,1742520295.926286
5,382.699,1742520295.926286
6,371.837,1742520295.926286
7,379.484,1742520295.926286
0,376.026,1742520295.9764097
1,372.842,1742520295.9764097
2,382.61,1742520295.9764097
3,377.221,1742520295.9764097
4,368.724,1742520295.9764097
5,380.243,1742520295.9764097
6,371.919,1742520295.9764097
7,379.484,1742520295.9764097
0,376.026,1742520296.0265412
1,372.842,1742520296.0265412
2,382.61,1742520296.0265412
3,379.602,1742520296.0265412
4,368.724,1742520296.0265412
5,380.243,1742520296.0265412
6,371.919,1742520296.0265412
7,382.01,1742520296.0265412
0,376.929,1742520296.076632
1,372.366,1742520296.076632
2,380.918,1742520296.076632
3,379.602,1742520296.076632
4,369.03,1742520296.076632
5,381.195,1742520296.076632
6,371.136,1742520296.076632
7,382.01,1742520296.076632
0,376.929,1742520296.1267529
1,372.366,1742520296.1267529
2,380.918,1742520296.1267529
3,380.313,1742520296.1267529
4,369.03,1742520296.1267529
5,381.195,1742520296.1267529
6,371.136,1742520296.1267529
7,383.219,1742520296.1267529
0,378.19,1742520296.1768486
1,373.452,1742520296.1768486
2,380.765,1742520296.1768486
3,380.313,1742520296.1768486
4,369.76,1742520296.1768486
5,381.269,1742520296.1768486
6,371.173,1742520296.1768486
7,383.219,1742520296.1768486
0,378.19,1742520296.2269783
1,373.452,1742520296.2269783
2,380.765,1742520296.2269783
3,381.435,1742520296.2269783
4,369.76,1742520296.2269783
5,381.269,1742520296.2269783
6,371.173,1742520296.2269783
7,382.998,1742520296.2269783
0,377.842,1742520296.2770996
1,372.073,1742520296.2770996
2,378.19,1742520296.2770996
3,381.435,1742520296.2770996
4,369.617,1742520296.2770996
5,380.786,1742520296.2770996
6,371.247,1742520296.2770996
7,382.998,1742520296.2770996
0,377.842,1742520296.3272307
1,372.073,1742520296.3272307
2,378.19,1742520296.3272307
3,381.71,1742520296.3272307
4,369.617,1742520296.3272307
5,380.786,1742520296.3272307
6,371.247,1742520296.3272307
7,385.143,1742520296.3272307
0,378.303,1742520296.377309
1,372.494,1742520296.377309
2,376.152,1742520296.377309
3,381.71,1742520296.377309
4,371.003,1742520296.377309
5,380.373,1742520296.377309
6,373.299,1742520296.377309
7,385.143,1742520296.377309
0,378.303,1742520296.4274373
1,372.494,1742520296.4274373
2,376.152,1742520296.4274373
3,382.156,1742520296.4274373
4,371.003,1742520296.4274373
5,380.373,1742520296.4274373
6,373.299,1742520296.4274373
7,386.255,1742520296.4274373
0,379.116,1742520296.4776113
1,372.494,1742520296.4776113
2,377.27,1742520296.4776113
3,382.156,1742520296.4776113
4,371.661,1742520296.4776113
5,380.782,1742520296.4776113
6,374.14,1742520296.4776113
7,386.255,1742520296.4776113
0,379.116,1742520296.5277352
1,370.733,1742520296.5277352
2,377.27,1742520296.5277352
3,381.97,1742520296.5277352
4,371.661,1742520296.5277352
5,380.782,1742520296.5277352
6,374.14,1742520296.5277352
7,388.09,1742520296.5277352
0,379.091,1742520296.5778444
1,370.733,1742520296.5778444
2,375.419,1742520296.5778444
3,381.97,1742520296.5778444
4,371.379,1742520296.5778444
5,380.365,1742520296.5778444
6,371.784,1742520296.5778444
7,388.09,1742520296.5778444
0,379.091,1742520296.627957
1,370.812,1742520296.627957
2,375.419,1742520296.627957
3,382.053,1742520296.627957
4,371.379,1742520296.627957
5,380.365,1742520296.627957
6,371.784,1742520296.627957
7,388.433,1742520296.627957
0,379.091,1742520296.6780558
1,370.812,1742520296.6780558
2,373.768,1742520296.6780558
3,382.053,1742520296.6780558
4,372.0,1742520296.6780558
5,380.894,1742520296.6780558
6,371.381,1742520296.6780558
7,388.433,1742520296.6780558
0,379.283,1742520296.7281876
1,369.187,1742520296.7281876
2,373.768,1742520296.7281876
3,382.126,1742520296.7281876
4,372.0,1742520296.7281876
5,380.894,1742520296.7281876
6,371.381,1742520296.7281876
7,388.046,1742520296.7281876
0,379.283,1742520296.7783253
1,369.187,1742520296.7783253
2,374.976,1742520296.7783253
3,382.126,1742520296.7783253
4,371.648,1742520296.7783253
5,380.167,1742520296.7783253
6,370.844,1742520296.7783253
7,388.046,1742520296.7783253
0,379.171,1742520296.8284566
1,369.01,1742520296.8284566
2,374.976,1742520296.8284566
3,381.419,1742520296.8284566
4,371.648,1742520296.8284566
5,380.167,1742520296.8284566
6,370.844,1742520296.8284566
7,387.198,1742520296.8284566
0,379.171,1742520296.8785434
1,369.01,1742520296.8785434
2,376.703,1742520296.8785434
3,381.419,1742520296.8785434
4,371.959,1742520296.8785434
5,379.239,1742520296.8785434
6,371.544,1742520296.8785434
7,387.198,1742520296.8785434
0,380.484,1742520296.9286625
1,369.067,1742520296.9286625
2,376.703,1742520296.9286625
3,380.479,1742520296.9286625
4,371.959,1742520296.9286625
5,379.239,1742520296.9286625
6,371.544,1742520296.9286625
7,387.468,1742520296.9286625
0,380.484,1742520296.9787881
1,369.067,1742520296.9787881
2,376.769,1742520296.9787881
3,380.479,1742520296.9787881
4,370.834,1742520296.9787881
5,377.75,1742520296.9787881
6,370.952,1742520296.9787881
7,387.468,1742520296.9787881
0,379.998,1742520297.028921
1,372.198,1742520297.028921
2,376.769,1742520297.028921
3,381.097,1742520297.028921
4,370.834,1742520297.028921
5,377.75,1742520297.028921
6,370.952,1742520297.028921
7,386.535,1742520297.028921
0,379.998,1742520297.079056
1,372.198,1742520297.079056
2,378.405,1742520297.079056
3,381.097,1742520297.079056
4,369.816,1742520297.079056
5,377.369,1742520297.079056
6,370.536,1742520297.079056
7,386.535,1742520297.079056
0,378.893,1742520297.129226
1,373.298,1742520297.129226
2,378.405,1742520297.129226
3,380.133,1742520297.129226
4,369.816,1742520297.129226
5,377.369,1742520297.129226
6,370.536,1742520297.129226
7,385.936,1742520297.129226
0,378.893,1742520297.179349
1,373.298,1742520297.179349
2,377.872,1742520297.179349
3,380.133,1742520297.179349
4,369.172,1742520297.179349
5,379.464,1742520297.179349
6,369.578,1742520297.179349
7,385.936,1742520297.179349
0,378.01,1742520297.2294495
1,372.496,1742520297.2294495
2,377.872,1742520297.2294495
3,380.639,1742520297.2294495
4,369.172,1742520297.2294495
5,379.464,1742520297.2294495
6,369.578,1742520297.2294495
7,386.068,1742520297.2294495
0,378.01,1742520297.2795854
1,372.496,1742520297.2795854
2,377.422,1742520297.2795854
3,380.639,1742520297.2795854
4,369.505,1742520297.2795854
5,379.222,1742520297.2795854
6,370.877,1742520297.2795854
7,386.068,1742520297.2795854
0,378.925,1742520297.3297226
1,373.417,1742520297.3297226
2,377.422,1742520297.3297226
3,382.548,1742520297.3297226
4,369.505,1742520297.3297226
5,379.222,1742520297.3297226
6,370.877,1742520297.3297226
7,386.328,1742520297.3297226
0,378.925,1742520297.3798585
1,373.417,1742520297.3798585
2,378.645,1742520297.3798585
3,382.548,1742520297.3798585
4,369.364,1742520297.3798585
5,381.847,1742520297.3798585
6,370.42,1742520297.3798585
7,386.328,1742520297.3798585
0,379.871,1742520297.4299617
1,373.219,1742520297.4299617
2,378.645,1742520297.4299617
3,382.548,1742520297.4299617
4,369.364,1742520297.4299617
5,381.847,1742520297.4299617
6,370.42,1742520297.4299617
7,387.143,1742520297.4299617
0,379.871,1742520297.4800954
1,373.219,1742520297.4800954
2,378.689,1742520297.4800954
3,381.245,1742520297.4800954
4,369.839,1742520297.4800954
5,381.024,1742520297.4800954
6,370.379,1742520297.4800954
7,387.143,1742520297.4800954
0,379.971,1742520297.5301948
1,375.975,1742520297.5301948
2,378.689,1742520297.5301948
3,381.245,1742520297.5301948
4,369.839,1742520297.5301948
5,381.024,1742520297.5301948
6,370.379,1742520297.5301948
7,386.696,1742520297.5301948
0,379.971,1742520297.5803313
1,375.975,1742520297.5803313
2,377.543,1742520297.5803313
3,383.483,1742520297.5803313
4,370.664,1742520297.5803313
5,381.746,1742520297.5803313
6,369.468,1742520297.5803313
7,386.696,1742520297.5803313
0,381.101,1742520297.630421
1,374.736,1742520297.630421
2,377.543,1742520297.630421
3,383.226,1742520297.630421
4,370.664,1742520297.630421
5,381.746,1742520297.630421
6,369.468,1742520297.630421
7,387.253,1742520297.630421
0,381.101,1742520297.680519
1,374.736,1742520297.680519
2,376.966,1742520297.680519
3,383.226,1742520297.680519
4,369.893,1742520297.680519
5,381.1,1742520297.680519
6,371.166,1742520297.680519
7,387.253,1742520297.680519
0,381.629,1742520297.7306166
1,374.339,1742520297.7306166
2,376.966,1742520297.7306166
3,383.013,1742520297.7306166
4,369.893,1742520297.7306166
5,381.1,1742520297.7306166
6,371.166,1742520297.7306166
7,388.56,1742520297.7306166
0,381.629,1742520297.7807376
1,374.339,1742520297.7807376
2,376.581,1742520297.7807376
3,383.013,1742520297.7807376
4,369.986,1742520297.7807376
5,380.367,1742520297.7807376
6,372.425,1742520297.7807376
7,388.56,1742520297.7807376
0,381.704,1742520297.8308544
1,376.008,1742520297.8308544
2,376.581,1742520297.8308544
3,382.561,1742520297.8308544
4,369.986,1742520297.8308544
5,380.367,1742520297.8308544
6,372.425,1742520297.8308544
7,388.203,1742520297.8308544
0,381.704,1742520297.880979
1,376.008,1742520297.880979
2,377.581,1742520297.880979
3,382.561,1742520297.880979
4,369.858,1742520297.880979
5,380.367,1742520297.880979
6,370.879,1742520297.880979
7,388.203,1742520297.880979
0,381.333,1742520297.9310758
1,376.062,1742520297.9310758
2,377.581,1742520297.9310758
3,381.704,1742520297.9310758
4,369.858,1742520297.9310758
5,381.961,1742520297.9310758
6,370.879,1742520297.9310758
7,387.169,1742520297.9310758
0,381.333,1742520297.9811966
1,376.062,1742520297.9811966
2,378.688,1742520297.9811966
3,381.704,1742520297.9811966
4,370.8,1742520297.9811966
5,381.961,1742520297.9811966
6,371.308,1742520297.9811966
7,387.169,1742520297.9811966
0,381.978,1742520298.0312846
1,375.776,1742520298.0312846
2,378.688,1742520298.0312846
3,381.284,1742520298.0312846
4,370.8,1742520298.0312846
5,381.122,1742520298.0312846
6,371.308,1742520298.0312846
7,387.434,1742520298.0312846
0,381.978,1742520298.0813887
1,375.776,1742520298.0813887
2,378.361,1742520298.0813887
3,381.284,1742520298.0813887
4,370.934,1742520298.0813887
5,381.122,1742520298.0813887
6,373.333,1742520298.0813887
7,387.434,1742520298.0813887
0,382.268,1742520298.1314998
1,375.182,1742520298.1314998
2,378.361,1742520298.1314998
3,381.837,1742520298.1314998
4,370.934,1742520298.1314998
5,384.029,1742520298.1314998
6,373.333,1742520298.1314998
7,388.247,1742520298.1314998
0,382.268,1742520298.1816251
1,375.182,1742520298.1816251
2,378.52,1742520298.1816251
3,381.837,1742520298.1816251
4,370.934,1742520298.1816251
5,384.029,1742520298.1816251
6,373.09,1742520298.1816251
7,388.247,1742520298.1816251
0,382.648,1742520298.2317383
1,374.124,1742520298.2317383
2,378.52,1742520298.2317383
3,380.647,1742520298.2317383
4,370.535,1742520298.2317383
5,383.446,1742520298.2317383
6,373.09,1742520298.2317383
7,389.381,1742520298.2317383
0,382.648,1742520298.2818592
1,374.124,1742520298.2818592
2,377.804,1742520298.2818592
3,380.647,1742520298.2818592
4,370.535,1742520298.2818592
5,383.446,1742520298.2818592
6,372.925,1742520298.2818592
7,389.381,1742520298.2818592
0,383.519,1742520298.3319716
1,373.828,1742520298.3319716
2,377.804,1742520298.3319716
3,379.999,1742520298.3319716
4,369.876,1742520298.3319716
5,383.002,1742520298.3319716
6,372.925,1742520298.3319716
7,389.133,1742520298.3319716
0,383.519,1742520298.3821058
1,373.828,1742520298.3821058
2,377.357,1742520298.3821058
3,379.999,1742520298.3821058
4,369.876,1742520298.3821058
5,383.002,1742520298.3821058
6,372.628,1742520298.3821058
7,389.133,1742520298.3821058
0,381.889,1742520298.4321995
1,373.819,1742520298.4321995
2,377.357,1742520298.4321995
3,380.178,1742520298.4321995
4,367.931,1742520298.4321995
5,383.21,1742520298.4321995
6,372.628,1742520298.4321995
7,389.378,1742520298.4321995
0,381.889,1742520298.4823327
1,373.819,1742520298.4823327
2,379.747,1742520298.4823327
3,380.178,1742520298.4823327
4,367.931,1742520298.4823327
5,383.21,1742520298.4823327
6,372.172,1742520298.4823327
7,389.378,1742520298.4823327
0,381.484,1742520298.5324347
1,373.634,1742520298.5324347
2,379.747,1742520298.5324347
3,379.877,1742520298.5324347
4,366.346,1742520298.5324347
5,383.383,1742520298.5324347
6,372.172,1742520298.5324347
7,389.764,1742520298.5324347
0,381.484,1742520298.582556
1,373.634,1742520298.582556
2,380.375,1742520298.582556
3,379.877,1742520298.582556
4,366.346,1742520298.582556
5,383.383,1742520298.582556
6,372.172,1742520298.582556
7,389.764,1742520298.582556
0,381.399,1742520298.63268
1,373.006,1742520298.63268
2,380.375,1742520298.63268
3,380.56,1742520298.63268
4,365.876,1742520298.63268
5,385.626,1742520298.63268
6,371.676,1742520298.63268
7,388.467,1742520298.63268
0,381.399,1742520298.6827896
1,373.006,1742520298.6827896
2,380.148,1742520298.6827896
3,380.56,1742520298.6827896
4,365.876,1742520298.6827896
5,385.626,1742520298.6827896
6,371.676,1742520298.6827896
7,388.467,1742520298.6827896
0,381.751,1742520298.732881
1,374.451,1742520298.732881
2,380.148,1742520298.732881
3,381.037,1742520298.732881
4,365.911,1742520298.732881
5,385.808,1742520298.732881
6,371.413,1742520298.732881
7,388.932,1742520298.732881
0,381.751,1742520298.7829928
1,374.451,1742520298.7829928
2,377.88,1742520298.7829928
3,381.037,1742520298.7829928
4,365.911,1742520298.7829928
5,385.808,1742520298.7829928
6,371.413,1742520298.7829928
7,388.932,1742520298.7829928
0,381.68,1742520298.833129
1,372.819,1742520298.833129
2,377.88,1742520298.833129
3,382.787,1742520298.833129
4,365.642,1742520298.833129
5,385.179,1742520298.833129
6,372.308,1742520298.833129
7,390.823,1742520298.833129
0,381.68,1742520298.883264
1,372.819,1742520298.883264
2,377.326,1742520298.883264
3,382.787,1742520298.883264
4,365.642,1742520298.883264
5,385.179,1742520298.883264
6,372.308,1742520298.883264
7,390.823,1742520298.883264
0,383.035,1742520298.9333878
1,369.671,1742520298.9333878
2,377.326,1742520298.9333878
3,382.787,1742520298.9333878
4,366.22,1742520298.9333878
5,386.013,1742520298.9333878
6,372.847,1742520298.9333878
7,390.77,1742520298.9333878
0,383.035,1742520298.9835215
1,369.671,1742520298.9835215
2,375.473,1742520298.9835215
3,383.067,1742520298.9835215
4,366.22,1742520298.9835215
5,386.013,1742520298.9835215
6,372.847,1742520298.9835215
7,390.77,1742520298.9835215
0,382.082,1742520299.0336347
1,368.14,1742520299.0336347
2,375.473,1742520299.0336347
3,383.067,1742520299.0336347
4,367.2,1742520299.0336347
5,386.729,1742520299.0336347
6,373.721,1742520299.0336347
7,391.393,1742520299.0336347
0,382.082,1742520299.0837917
1,368.14,1742520299.0837917
2,374.805,1742520299.0837917
3,383.324,1742520299.0837917
4,367.2,1742520299.0837917
5,386.729,1742520299.0837917
6,373.721,1742520299.0837917
7,391.393,1742520299.0837917
0,383.752,1742520299.1338897
1,368.577,1742520299.1338897
2,374.805,1742520299.1338897
3,383.324,1742520299.1338897
4,368.332,1742520299.1338897
5,385.488,1742520299.1338897
6,374.269,1742520299.1338897
7,389.691,1742520299.1338897
0,383.752,1742520299.1840143
1,368.577,1742520299.1840143
2,375.137,1742520299.1840143
3,382.084,1742520299.1840143
4,368.332,1742520299.1840143
5,385.488,1742520299.1840143
6,374.269,1742520299.1840143
7,389.691,1742520299.1840143
0,381.27,1742520299.234104
1,366.83,1742520299.234104
2,375.137,1742520299.234104
3,382.084,1742520299.234104
4,371.734,1742520299.234104
5,386.308,1742520299.234104
6,375.021,1742520299.234104
7,388.967,1742520299.234104
0,381.27,1742520299.2842424
1,366.83,1742520299.2842424
2,374.921,1742520299.2842424
3,381.705,1742520299.2842424
4,371.734,1742520299.2842424
5,386.308,1742520299.2842424
6,375.021,1742520299.2842424
7,388.967,1742520299.2842424
0,381.475,1742520299.3343797
1,365.847,1742520299.3343797
2,374.921,1742520299.3343797
3,381.705,1742520299.3343797
4,370.641,1742520299.3343797
5,385.576,1742520299.3343797
6,376.524,1742520299.3343797
7,386.218,1742520299.3343797
0,381.475,1742520299.3845155
1,365.847,1742520299.3845155
2,375.376,1742520299.3845155
3,380.19,1742520299.3845155
4,370.641,1742520299.3845155
5,385.576,1742520299.3845155
6,376.524,1742520299.3845155
7,386.218,1742520299.3845155
0,380.353,1742520299.4346497
1,366.25,1742520299.4346497
2,375.376,1742520299.4346497
3,380.19,1742520299.4346497
4,372.825,1742520299.4346497
5,383.384,1742520299.4346497
6,376.858,1742520299.4346497
7,384.311,1742520299.4346497
0,380.353,1742520299.4847798
1,366.25,1742520299.4847798
2,375.298,1742520299.4847798
3,378.584,1742520299.4847798
4,372.825,1742520299.4847798
5,383.384,1742520299.4847798
6,376.858,1742520299.4847798
7,384.311,1742520299.4847798
0,376.769,1742520299.5349114
1,365.845,1742520299.5349114
2,375.298,1742520299.5349114
3,378.584,1742520299.5349114
4,371.454,1742520299.5349114
5,378.856,1742520299.5349114
6,377.145,1742520299.5349114
7,382.124,1742520299.5349114
0,376.769,1742520299.585044
1,365.845,1742520299.585044
2,374.013,1742520299.585044
3,377.082,1742520299.585044
4,371.454,1742520299.585044
5,378.856,1742520299.585044
6,377.145,1742520299.585044
7,382.124,1742520299.585044
0,377.182,1742520299.6351316
1,367.255,1742520299.6351316
2,374.013,1742520299.6351316
3,377.082,1742520299.6351316
4,371.516,1742520299.6351316
5,377.315,1742520299.6351316
6,377.436,1742520299.6351316
7,381.919,1742520299.6351316
0,377.182,1742520299.6852877
1,367.255,1742520299.6852877
2,373.197,1742520299.6852877
3,375.458,1742520299.6852877
4,371.516,1742520299.6852877
5,377.315,1742520299.6852877
6,377.436,1742520299.6852877
7,381.919,1742520299.6852877
0,375.872,1742520299.735414
1,366.67,1742520299.735414
2,373.197,1742520299.735414
3,375.458,1742520299.735414
4,372.474,1742520299.735414
5,376.854,1742520299.735414
6,377.158,1742520299.735414
7,380.831,1742520299.735414
0,375.872,1742520299.78554
1,366.67,1742520299.78554
2,372.439,1742520299.78554
3,374.697,1742520299.78554
4,372.474,1742520299.78554
5,376.854,1742520299.78554
6,377.158,1742520299.78554
7,380.831,1742520299.78554
0,374.499,1742520299.8357186
1,367.796,1742520299.8357186
2,372.439,1742520299.8357186
3,374.697,1742520299.8357186
4,374.008,1742520299.8357186
5,375.616,1742520299.8357186
6,377.031,1742520299.8357186
7,378.993,1742520299.8357186
0,374.499,1742520299.8858442
1,367.796,1742520299.8858442
2,371.964,1742520299.8858442
3,373.02,1742520299.8858442
4,374.008,1742520299.8858442
5,375.616,1742520299.8858442
6,377.031,1742520299.8858442
7,378.993,1742520299.8858442
0,369.992,1742520299.9359803
1,368.506,1742520299.9359803
2,371.964,1742520299.9359803
3,373.02,1742520299.9359803
4,374.793,1742520299.9359803
5,375.44,1742520299.9359803
6,377.725,1742520299.9359803
7,378.993,1742520299.9359803
0,369.992,1742520299.986109
1,368.506,1742520299.986109
2,372.364,1742520299.986109
3,372.654,1742520299.986109
4,374.793,1742520299.986109
5,375.44,1742520299.986109
6,377.725,1742520299.986109
7,378.343,1742520299.986109
0,370.539,1742520300.0362031
1,368.525,1742520300.0362031
2,372.364,1742520300.0362031
3,372.654,1742520300.0362031
4,374.316,1742520300.0362031
5,374.546,1742520300.0362031
6,376.986,1742520300.0362031
7,378.343,1742520300.0362031
0,370.539,1742520300.0863287
1,368.525,1742520300.0863287
2,372.366,1742520300.0863287
3,371.147,1742520300.0863287
4,374.316,1742520300.0863287
5,374.546,1742520300.0863287
6,376.986,1742520300.0863287
7,377.371,1742520300.0863287
0,369.521,1742520300.136461
1,369.573,1742520300.136461
2,372.366,1742520300.136461
3,371.147,1742520300.136461
4,373.722,1742520300.136461
5,374.933,1742520300.136461
6,376.832,1742520300.136461
7,377.371,1742520300.136461
0,369.521,1742520300.1865854
1,369.573,1742520300.1865854
2,372.366,1742520300.1865854
3,372.47,1742520300.1865854
4,373.722,1742520300.1865854
5,374.933,1742520300.1865854
6,376.832,1742520300.1865854
7,379.098,1742520300.1865854
0,370.037,1742520300.2367141
1,369.899,1742520300.2367141
2,372.693,1742520300.2367141
3,372.47,1742520300.2367141
4,369.367,1742520300.2367141
5,375.042,1742520300.2367141
6,378.435,1742520300.2367141
7,379.098,1742520300.2367141
0,370.037,1742520300.286891
1,369.899,1742520300.286891
2,372.693,1742520300.286891
3,371.804,1742520300.286891
4,369.367,1742520300.286891
5,375.042,1742520300.286891
6,378.435,1742520300.286891
7,378.172,1742520300.286891
0,370.668,1742520300.3370667
1,370.44,1742520300.3370667
2,373.399,1742520300.3370667
3,371.804,1742520300.3370667
4,369.315,1742520300.3370667
5,375.193,1742520300.3370667
6,376.693,1742520300.3370667
7,378.172,1742520300.3370667
0,370.668,1742520300.387198
1,370.44,1742520300.387198
2,373.399,1742520300.387198
3,371.941,1742520300.387198
4,369.315,1742520300.387198
5,375.193,1742520300.387198
6,376.693,1742520300.387198
7,379.556,1742520300.387198
0,370.046,1742520300.43728
1,369.935,1742520300.43728
2,374.229,1742520300.43728
3,371.941,1742520300.43728
4,371.595,1742520300.43728
5,376.346,1742520300.43728
6,376.928,1742520300.43728
7,379.556,1742520300.43728
0,370.046,1742520300.4874113
1,369.935,1742520300.4874113
2,374.229,1742520300.4874113
3,372.283,1742520300.4874113
4,371.595,1742520300.4874113
5,376.346,1742520300.4874113
6,376.928,1742520300.4874113
7,378.826,1742520300.4874113
0,371.369,1742520300.5375426
1,370.487,1742520300.5375426
2,375.246,1742520300.5375426
3,372.283,1742520300.5375426
4,368.362,1742520300.5375426
5,377.951,1742520300.5375426
6,375.331,1742520300.5375426
7,378.826,1742520300.5375426
0,371.369,1742520300.5876784
1,370.487,1742520300.5876784
2,375.246,1742520300.5876784
3,372.097,1742520300.5876784
4,368.362,1742520300.5876784
5,377.951,1742520300.5876784
6,375.331,1742520300.5876784
7,378.649,1742520300.5876784
0,371.973,1742520300.6378798
1,369.696,1742520300.6378798
2,377.121,1742520300.6378798
3,372.097,1742520300.6378798
4,368.931,1742520300.6378798
5,378.557,1742520300.6378798
6,375.29,1742520300.6378798
7,378.649,1742520300.6378798
0,371.973,1742520300.6880124
1,369.696,1742520300.6880124
2,377.121,1742520300.6880124
3,372.1,1742520300.6880124
4,368.931,1742520300.6880124
5,378.557,1742520300.6880124
6,375.29,1742520300.6880124
7,377.889,1742520300.6880124
0,372.88,1742520300.7381375
1,369.066,1742520300.7381375
2,380.218,1742520300.7381375
3,372.1,1742520300.7381375
4,365.632,1742520300.7381375
5,379.256,1742520300.7381375
6,373.949,1742520300.7381375
7,377.889,1742520300.7381375
0,372.88,1742520300.7882726
1,369.066,1742520300.7882726
2,380.218,1742520300.7882726
3,373.391,1742520300.7882726
4,365.632,1742520300.7882726
5,379.256,1742520300.7882726
6,373.949,1742520300.7882726
7,378.211,1742520300.7882726
0,373.707,1742520300.8384073
1,367.848,1742520300.8384073
2,381.416,1742520300.8384073
3,373.391,1742520300.8384073
4,368.274,1742520300.8384073
5,380.478,1742520300.8384073
6,370.183,1742520300.8384073
7,378.211,1742520300.8384073
0,373.707,1742520300.8885403
1,367.848,1742520300.8885403
2,381.416,1742520300.8885403
3,372.561,1742520300.8885403
4,368.274,1742520300.8885403
5,380.478,1742520300.8885403
6,370.183,1742520300.8885403
7,379.757,1742520300.8885403
0,375.554,1742520300.9386597
1,368.13,1742520300.9386597
2,382.282,1742520300.9386597
3,372.561,1742520300.9386597
4,367.298,1742520300.9386597
5,379.285,1742520300.9386597
6,370.111,1742520300.9386597
7,379.757,1742520300.9386597
0,375.554,1742520300.9887927
1,368.13,1742520300.9887927
2,382.282,1742520300.9887927
3,373.705,1742520300.9887927
4,367.298,1742520300.9887927
5,379.285,1742520300.9887927
6,370.111,1742520300.9887927
7,378.752,1742520300.9887927
0,375.867,1742520301.0389204
1,367.694,1742520301.0389204
2,382.394,1742520301.0389204
3,373.705,1742520301.0389204
4,366.908,1742520301.0389204
5,380.685,1742520301.0389204
6,369.966,1742520301.0389204
7,378.752,1742520301.0389204
0,375.867,1742520301.089097
1,367.694,1742520301.089097
2,382.394,1742520301.089097
3,373.279,1742520301.089097
4,366.908,1742520301.089097
5,380.685,1742520301.089097
6,369.966,1742520301.089097
7,379.427,1742520301.089097
0,375.123,1742520301.139254
1,368.201,1742520301.139254
2,383.736,1742520301.139254
3,373.279,1742520301.139254
4,366.117,1742520301.139254
5,380.099,1742520301.139254
6,370.26,1742520301.139254
7,379.427,1742520301.139254
0,375.123,1742520301.1893873
1,368.201,1742520301.1893873
2,383.736,1742520301.1893873
3,374.125,1742520301.1893873
4,366.117,1742520301.1893873
5,380.099,1742520301.1893873
6,370.26,1742520301.1893873
7,380.079,1742520301.1893873
0,375.439,1742520301.2395456
1,368.175,1742520301.2395456
2,385.189,1742520301.2395456
3,374.125,1742520301.2395456
4,365.948,1742520301.2395456
5,380.392,1742520301.2395456
6,366.742,1742520301.2395456
7,380.079,1742520301.2395456
0,375.439,1742520301.2897718
1,368.175,1742520301.2897718
2,385.189,1742520301.2897718
3,374.959,1742520301.2897718
4,365.948,1742520301.2897718
5,380.392,1742520301.2897718
6,366.742,1742520301.2897718
7,379.885,1742520301.2897718
0,375.632,1742520301.3398979
1,368.913,1742520301.3398979
2,384.411,1742520301.3398979
3,374.959,1742520301.3398979
4,366.034,1742520301.3398979
5,381.205,1742520301.3398979
6,368.069,1742520301.3398979
7,379.885,1742520301.3398979
0,375.632,1742520301.3900213
1,368.913,1742520301.3900213
2,384.411,1742520301.3900213
3,375.266,1742520301.3900213
4,366.034,1742520301.3900213
5,381.205,1742520301.3900213
6,368.069,1742520301.3900213
7,381.06,1742520301.3900213
0,375.964,1742520301.4402397
1,370.262,1742520301.4402397
2,384.059,1742520301.4402397
3,375.266,1742520301.4402397
4,365.124,1742520301.4402397
5,381.222,1742520301.4402397
6,367.806,1742520301.4402397
7,381.06,1742520301.4402397
0,375.964,1742520301.490353
1,370.262,1742520301.490353
2,384.059,1742520301.490353
3,374.877,1742520301.490353
4,365.124,1742520301.490353
5,381.222,1742520301.490353
6,367.806,1742520301.490353
7,381.491,1742520301.490353
0,375.637,1742520301.5404854
1,371.745,1742520301.5404854
2,380.699,1742520301.5404854
3,374.877,1742520301.5404854
4,366.308,1742520301.5404854
5,381.01,1742520301.5404854
6,367.655,1742520301.5404854
7,381.491,1742520301.5404854
0,375.637,1742520301.5905693
1,371.745,1742520301.5905693
2,380.699,1742520301.5905693
3,377.085,1742520301.5905693
4,366.308,1742520301.5905693
5,381.01,1742520301.5905693
6,367.655,1742520301.5905693
7,382.861,1742520301.5905693
0,376.065,1742520301.6406887
1,372.801,1742520301.6406887
2,378.965,1742520301.6406887
3,377.085,1742520301.6406887
4,367.021,1742520301.6406887
5,381.904,1742520301.6406887
6,368.367,1742520301.6406887
7,382.861,1742520301.6406887
0,376.065,1742520301.6908345
1,372.801,1742520301.6908345
2,378.965,1742520301.6908345
3,377.882,1742520301.6908345
4,367.021,1742520301.6908345
5,381.904,1742520301.6908345
6,368.367,1742520301.6908345
7,385.028,1742520301.6908345
0,376.127,1742520301.7409375
1,371.508,1742520301.7409375
2,376.257,1742520301.7409375
3,377.882,1742520301.7409375
4,365.296,1742520301.7409375
5,381.853,1742520301.7409375
6,367.745,1742520301.7409375
7,385.028,1742520301.7409375
0,376.127,1742520301.7910588
1,371.508,1742520301.7910588
2,376.257,1742520301.7910588
3,378.508,1742520301.7910588
4,365.296,1742520301.7910588
5,381.853,1742520301.7910588
6,367.745,1742520301.7910588
7,384.641,1742520301.7910588
0,375.66,1742520301.8411546
1,372.631,1742520301.8411546
2,375.381,1742520301.8411546
3,378.508,1742520301.8411546
4,365.434,1742520301.8411546
5,381.963,1742520301.8411546
6,367.665,1742520301.8411546
7,384.641,1742520301.8411546
0,375.66,1742520301.8912504
1,372.631,1742520301.8912504
2,375.381,1742520301.8912504
3,378.549,1742520301.8912504
4,365.434,1742520301.8912504
5,381.963,1742520301.8912504
6,367.665,1742520301.8912504
7,383.104,1742520301.8912504
0,373.846,1742520301.9413857
1,372.631,1742520301.9413857
2,373.776,1742520301.9413857
3,378.549,1742520301.9413857
4,363.369,1742520301.9413857
5,381.16,1742520301.9413857
6,367.657,1742520301.9413857
7,383.104,1742520301.9413857
0,373.846,1742520301.9915094
1,372.664,1742520301.9915094
2,373.776,1742520301.9915094
3,376.839,1742520301.9915094
4,363.369,1742520301.9915094
5,381.16,1742520301.9915094
6,367.657,1742520301.9915094
7,382.112,1742520301.9915094
0,371.769,1742520302.04163
1,372.664,1742520302.04163
2,371.835,1742520302.04163
3,376.839,1742520302.04163
4,362.809,1742520302.04163
5,379.806,1742520302.04163
6,366.453,1742520302.04163
7,382.112,1742520302.04163
0,371.769,1742520302.0917854
1,370.921,1742520302.0917854
2,371.835,1742520302.0917854
3,375.806,1742520302.0917854
4,362.809,1742520302.0917854
5,379.806,1742520302.0917854
6,366.453,1742520302.0917854
7,381.278,1742520302.0917854
0,369.882,1742520302.1419098
1,370.921,1742520302.1419098
2,370.601,1742520302.1419098
3,375.806,1742520302.1419098
4,362.573,1742520302.1419098
5,377.867,1742520302.1419098
6,367.294,1742520302.1419098
7,381.278,1742520302.1419098
0,369.882,1742520302.1920412
1,371.217,1742520302.1920412
2,370.601,1742520302.1920412
3,374.721,1742520302.1920412
4,362.573,1742520302.1920412
5,377.867,1742520302.1920412
6,367.294,1742520302.1920412
7,381.126,1742520302.1920412
0,369.716,1742520302.2421746
1,371.217,1742520302.2421746
2,369.994,1742520302.2421746
3,374.721,1742520302.2421746
4,362.482,1742520302.2421746
5,375.908,1742520302.2421746
6,369.135,1742520302.2421746
7,381.126,1742520302.2421746
0,369.716,1742520302.2923117
1,369.779,1742520302.2923117
2,369.994,1742520302.2923117
3,372.678,1742520302.2923117
4,362.482,1742520302.2923117
5,375.908,1742520302.2923117
6,369.135,1742520302.2923117
7,380.362,1742520302.2923117
0,369.716,1742520302.342449
1,369.779,1742520302.342449
2,368.798,1742520302.342449
3,372.678,1742520302.342449
4,363.626,1742520302.342449
5,375.29,1742520302.342449
6,368.711,1742520302.342449
7,380.362,1742520302.342449
0,370.0,1742520302.3925831
1,368.879,1742520302.3925831
2,368.798,1742520302.3925831
3,371.778,1742520302.3925831
4,363.626,1742520302.3925831
5,375.29,1742520302.3925831
6,368.711,1742520302.3925831
7,378.605,1742520302.3925831
0,370.0,1742520302.4427125
1,368.879,1742520302.4427125
2,368.977,1742520302.4427125
3,371.778,1742520302.4427125
4,363.802,1742520302.4427125
5,375.148,1742520302.4427125
6,367.733,1742520302.4427125
7,378.605,1742520302.4427125
0,370.446,1742520302.492845
1,365.58,1742520302.492845
2,368.977,1742520302.492845
3,372.522,1742520302.492845
4,363.802,1742520302.492845
5,375.148,1742520302.492845
6,367.733,1742520302.492845
7,379.497,1742520302.492845
0,370.446,1742520302.5429773
1,365.58,1742520302.5429773
2,368.022,1742520302.5429773
3,372.522,1742520302.5429773
4,363.933,1742520302.5429773
5,375.145,1742520302.5429773
6,368.353,1742520302.5429773
7,379.497,1742520302.5429773
0,370.415,1742520302.5931137
1,364.043,1742520302.5931137
2,368.022,1742520302.5931137
3,373.014,1742520302.5931137
4,363.933,1742520302.5931137
5,375.145,1742520302.5931137
6,368.353,1742520302.5931137
7,379.711,1742520302.5931137
0,370.415,1742520302.6432486
1,364.043,1742520302.6432486
2,368.4,1742520302.6432486
3,373.014,1742520302.6432486
4,362.698,1742520302.6432486
5,374.54,1742520302.6432486
6,367.007,1742520302.6432486
7,379.711,1742520302.6432486
0,370.656,1742520302.693418
1,362.411,1742520302.693418
2,368.4,1742520302.693418
3,372.948,1742520302.693418
4,362.698,1742520302.693418
5,374.54,1742520302.693418
6,367.007,1742520302.693418
7,378.186,1742520302.693418
0,370.656,1742520302.7435496
1,362.411,1742520302.7435496
2,368.588,1742520302.7435496
3,372.948,1742520302.7435496
4,363.16,1742520302.7435496
5,375.636,1742520302.7435496
6,368.162,1742520302.7435496
7,378.186,1742520302.7435496
0,372.722,1742520302.7936702
1,362.598,1742520302.7936702
2,368.588,1742520302.7936702
3,373.379,1742520302.7936702
4,363.16,1742520302.7936702
5,375.636,1742520302.7936702
6,368.162,1742520302.7936702
7,379.347,1742520302.7936702
0,372.722,1742520302.8438137
1,362.598,1742520302.8438137
2,369.408,1742520302.8438137
3,373.379,1742520302.8438137
4,364.041,1742520302.8438137
5,377.621,1742520302.8438137
6,369.75,1742520302.8438137
7,379.347,1742520302.8438137
0,373.514,1742520302.8939362
1,362.052,1742520302.8939362
2,369.408,1742520302.8939362
3,373.144,1742520302.8939362
4,364.041,1742520302.8939362
5,377.621,1742520302.8939362
6,369.75,1742520302.8939362
7,380.921,1742520302.8939362
0,373.514,1742520302.9440734
1,362.052,1742520302.9440734
2,370.697,1742520302.9440734
3,373.144,1742520302.9440734
4,365.084,1742520302.9440734
5,379.544,1742520302.9440734
6,371.13,1742520302.9440734
7,380.921,1742520302.9440734
0,377.839,1742520302.9941993
1,363.353,1742520302.9941993
2,370.697,1742520302.9941993
3,376.104,1742520302.9941993
4,365.084,1742520302.9941993
5,379.544,1742520302.9941993
6,371.13,1742520302.9941993
7,382.408,1742520302.9941993
0,377.839,1742520303.0443347
1,363.353,1742520303.0443347
2,371.466,1742520303.0443347
3,376.104,1742520303.0443347
4,366.361,1742520303.0443347
5,379.227,1742520303.0443347
6,370.85,1742520303.0443347
7,382.408,1742520303.0443347
0,379.088,1742520303.0944672
1,364.039,1742520303.0944672
2,371.466,1742520303.0944672
3,377.675,1742520303.0944672
4,366.361,1742520303.0944672
5,379.227,1742520303.0944672
6,370.85,1742520303.0944672
7,383.657,1742520303.0944672
0,379.088,1742520303.1446006
1,364.039,1742520303.1446006
2,371.488,1742520303.1446006
3,377.675,1742520303.1446006
4,369.683,1742520303.1446006
5,380.376,1742520303.1446006
6,371.481,1742520303.1446006
7,383.657,1742520303.1446006
0,381.154,1742520303.1947315
1,363.956,1742520303.1947315
2,371.488,1742520303.1947315
3,379.284,1742520303.1947315
4,369.683,1742520303.1947315
5,380.376,1742520303.1947315
6,371.481,1742520303.1947315
7,384.549,1742520303.1947315
0,381.154,1742520303.2448564
1,363.956,1742520303.2448564
2,371.508,1742520303.2448564
3,379.284,1742520303.2448564
4,369.467,1742520303.2448564
5,383.781,1742520303.2448564
6,370.524,1742520303.2448564
7,384.549,1742520303.2448564
0,381.153,1742520303.2949796
1,364.35,1742520303.2949796
2,371.508,1742520303.2949796
3,382.742,1742520303.2949796
4,369.467,1742520303.2949796
5,383.781,1742520303.2949796
6,370.524,1742520303.2949796
7,385.986,1742520303.2949796
0,381.153,1742520303.3451126
1,364.35,1742520303.3451126
2,372.163,1742520303.3451126
3,382.742,1742520303.3451126
4,367.685,1742520303.3451126
5,383.534,1742520303.3451126
6,371.598,1742520303.3451126
7,385.986,1742520303.3451126
0,380.458,1742520303.3952131
1,364.91,1742520303.3952131
2,372.163,1742520303.3952131
3,381.844,1742520303.3952131
4,367.685,1742520303.3952131
5,383.534,1742520303.3952131
6,371.598,1742520303.3952131
7,387.534,1742520303.3952131
0,380.458,1742520303.4453406
1,364.91,1742520303.4453406
2,373.582,1742520303.4453406
3,381.844,1742520303.4453406
4,365.926,1742520303.4453406
5,382.066,1742520303.4453406
6,372.382,1742520303.4453406
7,387.534,1742520303.4453406
0,380.324,1742520303.49547
1,365.948,1742520303.49547
2,373.582,1742520303.49547
3,382.024,1742520303.49547
4,365.926,1742520303.49547
5,382.066,1742520303.49547
6,372.382,1742520303.49547
7,386.784,1742520303.49547
0,380.324,1742520303.545663
1,365.948,1742520303.545663
2,374.4,1742520303.545663
3,382.024,1742520303.545663
4,367.331,1742520303.545663
5,381.869,1742520303.545663
6,371.139,1742520303.545663
7,386.784,1742520303.545663
0,381.244,1742520303.5959053
1,365.456,1742520303.5959053
2,374.4,1742520303.5959053
3,380.291,1742520303.5959053
4,367.331,1742520303.5959053
5,381.869,1742520303.5959053
6,371.139,1742520303.5959053
7,386.011,1742520303.5959053
0,381.244,1742520303.6460392
1,365.456,1742520303.6460392
2,374.78,1742520303.6460392
3,380.291,1742520303.6460392
4,368.022,1742520303.6460392
5,382.045,1742520303.6460392
6,372.162,1742520303.6460392
7,386.011,1742520303.6460392
0,380.683,1742520303.6961617
1,366.42,1742520303.6961617
2,374.78,1742520303.6961617
3,379.489,1742520303.6961617
4,368.022,1742520303.6961617
5,382.045,1742520303.6961617
6,372.162,1742520303.6961617
7,385.196,1742520303.6961617
0,380.683,1742520303.7462835
1,366.42,1742520303.7462835
2,374.969,1742520303.7462835
3,379.489,1742520303.7462835
4,368.109,1742520303.7462835
5,381.987,1742520303.7462835
6,371.013,1742520303.7462835
7,385.196,1742520303.7462835
0,378.149,1742520303.796521
1,366.138,1742520303.796521
2,374.969,1742520303.796521
3,377.711,1742520303.796521
4,368.109,1742520303.796521
5,381.987,1742520303.796521
6,371.013,1742520303.796521
7,383.119,1742520303.796521
0,378.149,1742520303.8466547
1,366.138,1742520303.8466547
2,375.219,1742520303.8466547
3,377.711,1742520303.8466547
4,368.11,1742520303.8466547
5,379.881,1742520303.8466547
6,369.83,1742520303.8466547
7,383.119,1742520303.8466547
0,378.487,1742520303.8967562
1,366.297,1742520303.8967562
2,375.219,1742520303.8967562
3,377.537,1742520303.8967562
4,368.11,1742520303.8967562
5,379.881,1742520303.8967562
6,369.83,1742520303.8967562
7,382.324,1742520303.8967562
0,378.487,1742520303.9468772
1,366.297,1742520303.9468772
2,375.91,1742520303.9468772
3,377.537,1742520303.9468772
4,367.723,1742520303.9468772
5,379.7,1742520303.9468772
6,369.777,1742520303.9468772
7,382.324,1742520303.9468772
0,376.885,1742520303.9970014
1,366.457,1742520303.9970014
2,375.91,1742520303.9970014
3,377.537,1742520303.9970014
4,367.723,1742520303.9970014
5,379.7,1742520303.9970014
6,369.777,1742520303.9970014
7,381.744,1742520303.9970014
0,376.885,1742520304.047137
1,366.457,1742520304.047137
2,376.261,1742520304.047137
3,376.776,1742520304.047137
4,366.942,1742520304.047137
5,379.372,1742520304.047137
6,368.838,1742520304.047137
7,381.744,1742520304.047137
0,376.456,1742520304.0972614
1,367.712,1742520304.0972614
2,376.261,1742520304.0972614
3,376.776,1742520304.0972614
4,366.942,1742520304.0972614
5,379.372,1742520304.0972614
6,368.838,1742520304.0972614
7,380.859,1742520304.0972614
0,376.456,1742520304.1473868
1,367.712,1742520304.1473868
2,377.517,1742520304.1473868
3,375.45,1742520304.1473868
4,366.1,1742520304.1473868
5,379.169,1742520304.1473868
6,368.393,1742520304.1473868
7,380.859,1742520304.1473868
0,374.97,1742520304.1975162
1,369.374,1742520304.1975162
2,377.517,1742520304.1975162
3,375.45,1742520304.1975162
4,366.1,1742520304.1975162
5,379.169,1742520304.1975162
6,368.393,1742520304.1975162
7,381.299,1742520304.1975162
0,374.97,1742520304.247656
1,369.374,1742520304.247656
2,378.071,1742520304.247656
3,375.178,1742520304.247656
4,365.484,1742520304.247656
5,379.169,1742520304.247656
6,366.145,1742520304.247656
7,381.299,1742520304.247656
0,375.472,1742520304.2977269
1,370.628,1742520304.2977269
2,378.071,1742520304.2977269
3,375.178,1742520304.2977269
4,365.484,1742520304.2977269
5,379.425,1742520304.2977269
6,366.145,1742520304.2977269
7,383.219,1742520304.2977269
0,375.472,1742520304.347849
1,370.628,1742520304.347849
2,371.611,1742520304.347849
3,371.975,1742520304.347849
4,357.645,1742520304.347849
5,379.425,1742520304.347849
6,356.792,1742520304.347849
7,383.219,1742520304.347849
0,360.753,1742520304.3979406
1,362.107,1742520304.3979406
2,371.611,1742520304.3979406
3,371.975,1742520304.3979406
4,357.645,1742520304.3979406
5,369.853,1742520304.3979406
6,356.792,1742520304.3979406
7,361.381,1742520304.3979406
0,360.753,1742520304.448073
1,362.107,1742520304.448073
2,347.047,1742520304.448073
3,348.214,1742520304.448073
4,333.881,1742520304.448073
5,369.853,1742520304.448073
6,332.39,1742520304.448073
7,361.381,1742520304.448073
0,335.334,1742520304.498206
1,337.128,1742520304.498206
2,347.047,1742520304.498206
3,348.214,1742520304.498206
4,333.881,1742520304.498206
5,344.002,1742520304.498206
6,332.39,1742520304.498206
7,336.522,1742520304.498206
0,335.334,1742520304.5483422
1,337.128,1742520304.5483422
2,321.989,1742520304.5483422
3,323.033,1742520304.5483422
4,309.135,1742520304.5483422
5,344.002,1742520304.5483422
6,307.996,1742520304.5483422
7,336.522,1742520304.5483422
0,309.772,1742520304.5984757
1,312.157,1742520304.5984757
2,321.989,1742520304.5984757
3,323.033,1742520304.5984757
4,309.135,1742520304.5984757
5,318.699,1742520304.5984757
6,307.996,1742520304.5984757
7,308.434,1742520304.5984757
0,309.772,1742520304.6485848
1,312.157,1742520304.6485848
2,296.963,1742520304.6485848
3,297.84,1742520304.6485848
4,309.135,1742520304.6485848
5,318.699,1742520304.6485848
6,283.49,1742520304.6485848
7,308.434,1742520304.6485848
0,284.471,1742520304.6987176
1,288.308,1742520304.6987176
2,296.963,1742520304.6987176
3,297.84,1742520304.6987176
4,281.379,1742520304.6987176
5,291.991,1742520304.6987176
6,283.49,1742520304.6987176
7,287.018,1742520304.6987176
0,284.471,1742520304.748857
1,288.308,1742520304.748857
2,272.187,1742520304.748857
3,271.674,1742520304.748857
4,261.081,1742520304.748857
5,291.991,1742520304.748857
6,259.266,1742520304.748857
7,287.018,1742520304.748857
0,262.127,1742520304.798989
1,264.045,1742520304.798989
2,272.187,1742520304.798989
3,271.674,1742520304.798989
4,261.081,1742520304.798989
5,266.424,1742520304.798989
6,259.266,1742520304.798989
7,258.987,1742520304.798989
0,262.127,1742520304.849123
1,264.045,1742520304.849123
2,247.334,1742520304.849123
3,246.583,1742520304.849123
4,236.885,1742520304.849123
5,266.424,1742520304.849123
6,259.266,1742520304.849123
7,258.987,1742520304.849123
0,237.266,1742520304.8992438
1,239.94,1742520304.8992438
2,247.334,1742520304.8992438
3,246.583,1742520304.8992438
4,236.885,1742520304.8992438
5,240.934,1742520304.8992438
6,236.274,1742520304.8992438
7,237.818,1742520304.8992438
0,237.266,1742520304.9493773
1,239.94,1742520304.9493773
2,222.183,1742520304.9493773
3,223.577,1742520304.9493773
4,212.804,1742520304.9493773
5,240.934,1742520304.9493773
6,236.274,1742520304.9493773
7,237.818,1742520304.9493773
0,212.933,1742520304.9995084
1,214.872,1742520304.9995084
2,222.183,1742520304.9995084
3,223.577,1742520304.9995084
4,212.804,1742520304.9995084
5,217.412,1742520304.9995084
6,211.617,1742520304.9995084
7,212.393,1742520304.9995084
0,212.933,1742520305.0496438
1,214.872,1742520305.0496438
2,196.546,1742520305.0496438
3,195.409,1742520305.0496438
4,188.904,1742520305.0496438
5,217.412,1742520305.0496438
6,211.617,1742520305.0496438
7,212.393,1742520305.0496438
0,183.731,1742520305.0997798
1,190.154,1742520305.0997798
2,196.546,1742520305.0997798
3,195.409,1742520305.0997798
4,188.904,1742520305.0997798
5,192.242,1742520305.0997798
6,187.284,1742520305.0997798
7,187.829,1742520305.0997798
0,183.731,1742520305.1499004
1,190.154,1742520305.1499004
2,170.838,1742520305.1499004
3,173.209,1742520305.1499004
4,164.507,1742520305.1499004
5,192.242,1742520305.1499004
6,187.284,1742520305.1499004
7,187.829,1742520305.1499004
0,162.999,1742520305.200033
1,164.588,1742520305.200033
2,170.838,1742520305.200033
3,173.209,1742520305.200033
4,164.507,1742520305.200033
5,167.006,1742520305.200033
6,162.66,1742520305.200033
7,162.061,1742520305.200033
0,162.999,1742520305.2501655
1,164.588,1742520305.2501655
2,145.31,1742520305.2501655
3,147.69,1742520305.2501655
4,139.703,1742520305.2501655
5,167.006,1742520305.2501655
6,162.66,1742520305.2501655
7,162.061,1742520305.2501655
0,138.071,1742520305.3003356
1,138.722,1742520305.3003356
2,145.31,1742520305.3003356
3,147.69,1742520305.3003356
4,139.703,1742520305.3003356
5,141.822,1742520305.3003356
6,134.275,1742520305.3003356
7,136.026,1742520305.3003356
0,138.071,1742520305.3504567
1,138.722,1742520305.3504567
2,123.196,1742520305.3504567
3,120.308,1742520305.3504567
4,119.571,1742520305.3504567
5,141.822,1742520305.3504567
6,134.275,1742520305.3504567
7,136.026,1742520305.3504567
0,122.142,1742520305.4005668
1,118.565,1742520305.4005668
2,123.196,1742520305.4005668
3,120.308,1742520305.4005668
4,119.571,1742520305.4005668
5,121.343,1742520305.4005668
6,117.41,1742520305.4005668
7,125.646,1742520305.4005668
0,122.142,1742520305.450699
1,118.565,1742520305.450699
2,122.623,1742520305.450699
3,119.489,1742520305.450699
4,119.401,1742520305.450699
5,121.343,1742520305.450699
6,117.41,1742520305.450699
7,125.646,1742520305.450699
0,121.992,1742520305.5009387
1,118.382,1742520305.5009387
2,122.623,1742520305.5009387
3,119.489,1742520305.5009387
4,119.401,1742520305.5009387
5,121.26,1742520305.5009387
6,117.276,1742520305.5009387
7,125.474,1742520305.5009387
0,121.992,1742520305.5510635
1,118.382,1742520305.5510635
2,122.5,1742520305.5510635
3,119.385,1742520305.5510635
4,119.281,1742520305.5510635
5,121.26,1742520305.5510635
6,117.276,1742520305.5510635
7,125.474,1742520305.5510635
0,121.909,1742520305.6011972
1,118.398,1742520305.6011972
2,122.5,1742520305.6011972
3,119.385,1742520305.6011972
4,119.281,1742520305.6011972
5,121.145,1742520305.6011972
6,117.162,1742520305.6011972
7,125.367,1742520305.6011972
0,121.909,1742520305.6513329
1,118.398,1742520305.6513329
2,122.391,1742520305.6513329
3,119.297,1742520305.6513329
4,119.191,1742520305.6513329
5,121.145,1742520305.6513329
6,117.162,1742520305.6513329
7,125.367,1742520305.6513329
0,121.837,1742520305.7014656
1,118.214,1742520305.7014656
2,122.391,1742520305.7014656
3,119.297,1742520305.7014656
4,119.191,1742520305.7014656
5,121.049,1742520305.7014656
6,117.048,1742520305.7014656
7,125.257,1742520305.7014656
0,121.837,1742520305.7516003
1,118.214,1742520305.7516003
2,122.336,1742520305.7516003
3,119.248,1742520305.7516003
4,119.081,1742520305.7516003
5,121.049,1742520305.7516003
6,117.048,1742520305.7516003
7,125.257,1742520305.7516003
0,121.775,1742520305.8017364
1,118.273,1742520305.8017364
2,122.336,1742520305.8017364
3,119.248,1742520305.8017364
4,119.081,1742520305.8017364
5,120.991,1742520305.8017364
6,117.003,1742520305.8017364
7,125.187,1742520305.8017364
0,121.775,1742520305.8518655
1,118.273,1742520305.8518655
2,122.284,1742520305.8518655
3,119.188,1742520305.8518655
4,118.99,1742520305.8518655
5,120.991,1742520305.8518655
6,117.003,1742520305.8518655
7,125.187,1742520305.8518655
0,121.724,1742520305.9020007
1,118.131,1742520305.9020007
2,122.284,1742520305.9020007
3,119.188,1742520305.9020007
4,118.99,1742520305.9020007
5,120.943,1742520305.9020007
6,116.922,1742520305.9020007
7,125.129,1742520305.9020007
0,121.724,1742520305.952134
1,118.131,1742520305.952134
2,122.223,1742520305.952134
3,119.122,1742520305.952134
4,118.918,1742520305.952134
5,120.943,1742520305.952134
6,116.922,1742520305.952134
7,125.129,1742520305.952134
0,121.669,1742520306.0022678
1,118.131,1742520306.0022678
2,122.223,1742520306.0022678
3,119.122,1742520306.0022678
4,118.918,1742520306.0022678
5,120.955,1742520306.0022678
6,116.903,1742520306.0022678
7,125.082,1742520306.0022678
0,121.669,1742520306.052391
1,118.131,1742520306.052391
2,122.166,1742520306.052391
3,119.086,1742520306.052391
4,118.836,1742520306.052391
5,120.955,1742520306.052391
6,116.903,1742520306.052391
7,125.082,1742520306.052391
0,121.635,1742520306.1025121
1,118.078,1742520306.1025121
2,122.166,1742520306.1025121
3,119.086,1742520306.1025121
4,118.836,1742520306.1025121
5,120.949,1742520306.1025121
6,116.876,1742520306.1025121
7,125.021,1742520306.1025121
0,121.635,1742520306.1526878
1,118.078,1742520306.1526878
2,122.139,1742520306.1526878
3,119.027,1742520306.1526878
4,118.802,1742520306.1526878
5,120.949,1742520306.1526878
6,116.876,1742520306.1526878
7,125.021,1742520306.1526878
0,121.604,1742520306.20282
1,118.008,1742520306.20282
2,122.139,1742520306.20282
3,119.027,1742520306.20282
4,118.802,1742520306.20282
5,120.991,1742520306.20282
6,116.818,1742520306.20282
7,124.993,1742520306.20282
0,121.604,1742520306.252949
1,118.008,1742520306.252949
2,122.099,1742520306.252949
3,118.992,1742520306.252949
4,118.778,1742520306.252949
5,120.991,1742520306.252949
6,116.818,1742520306.252949
7,124.993,1742520306.252949
0,121.571,1742520306.3030746
1,118.066,1742520306.3030746
2,122.099,1742520306.3030746
3,118.992,1742520306.3030746
4,118.778,1742520306.3030746
5,121.004,1742520306.3030746
6,116.772,1742520306.3030746
7,124.961,1742520306.3030746
0,121.571,1742520306.3532603
1,118.066,1742520306.3532603
2,122.06,1742520306.3532603
3,118.953,1742520306.3532603
4,118.752,1742520306.3532603
5,121.004,1742520306.3532603
6,116.772,1742520306.3532603
7,124.961,1742520306.3532603
0,121.535,1742520306.4033697
1,117.931,1742520306.4033697
2,122.06,1742520306.4033697
3,118.953,1742520306.4033697
4,118.752,1742520306.4033697
5,121.069,1742520306.4033697
6,116.74,1742520306.4033697
7,124.93,1742520306.4033697
0,121.535,1742520306.4534905
1,117.931,1742520306.4534905
2,122.053,1742520306.4534905
3,118.952,1742520306.4534905
4,118.709,1742520306.4534905
5,121.069,1742520306.4534905
6,116.74,1742520306.4534905
7,124.93,1742520306.4534905
0,121.52,1742520306.503646
1,118.043,1742520306.503646
2,122.053,1742520306.503646
3,118.952,1742520306.503646
4,118.709,1742520306.503646
5,121.094,1742520306.503646
6,116.759,1742520306.503646
7,124.913,1742520306.503646
0,121.52,1742520306.5538223
1,118.043,1742520306.5538223
2,122.007,1742520306.5538223
3,118.903,1742520306.5538223
4,118.659,1742520306.5538223
5,121.094,1742520306.5538223
6,116.759,1742520306.5538223
7,124.913,1742520306.5538223
0,121.476,1742520306.604092
1,117.911,1742520306.604092
2,122.007,1742520306.604092
3,118.903,1742520306.604092
4,118.659,1742520306.604092
5,121.141,1742520306.604092
6,116.778,1742520306.604092
7,125.934,1742520306.604092
0,121.476,1742520306.6542397
1,117.911,1742520306.6542397
2,122.007,1742520306.6542397
3,126.296,1742520306.6542397
4,118.659,1742520306.6542397
5,121.141,1742520306.6542397
6,116.778,1742520306.6542397
7,125.934,1742520306.6542397
0,140.565,1742520306.7043319
1,138.789,1742520306.7043319
2,137.664,1742520306.7043319
3,126.296,1742520306.7043319
4,129.174,1742520306.7043319
5,134.256,1742520306.7043319
6,133.662,1742520306.7043319
7,148.737,1742520306.7043319
0,140.565,1742520306.7544553
1,138.789,1742520306.7544553
2,137.664,1742520306.7544553
3,151.1,1742520306.7544553
4,129.174,1742520306.7544553
5,134.256,1742520306.7544553
6,133.662,1742520306.7544553
7,148.737,1742520306.7544553
0,163.975,1742520306.804588
1,162.847,1742520306.804588
2,162.492,1742520306.804588
3,151.1,1742520306.804588
4,153.362,1742520306.804588
5,165.758,1742520306.804588
6,158.527,1742520306.804588
7,173.783,1742520306.804588
0,163.975,1742520306.8547273
1,162.847,1742520306.8547273
2,162.492,1742520306.8547273
3,175.929,1742520306.8547273
4,153.362,1742520306.8547273
5,165.758,1742520306.8547273
6,158.527,1742520306.8547273
7,173.783,1742520306.8547273
0,190.186,1742520306.9048505
1,187.876,1742520306.9048505
2,187.85,1742520306.9048505
3,175.929,1742520306.9048505
4,182.482,1742520306.9048505
5,191.174,1742520306.9048505
6,183.678,1742520306.9048505
7,173.783,1742520306.9048505
0,190.186,1742520306.9549751
1,187.876,1742520306.9549751
2,187.85,1742520306.9549751
3,203.304,1742520306.9549751
4,182.482,1742520306.9549751
5,191.174,1742520306.9549751
6,183.678,1742520306.9549751
7,200.623,1742520306.9549751
0,216.179,1742520307.0051062
1,213.139,1742520307.0051062
2,214.089,1742520307.0051062
3,203.304,1742520307.0051062
4,209.072,1742520307.0051062
5,217.149,1742520307.0051062
6,208.429,1742520307.0051062
7,200.623,1742520307.0051062
0,216.179,1742520307.0552406
1,213.139,1742520307.0552406
2,214.089,1742520307.0552406
3,226.912,1742520307.0552406
4,209.072,1742520307.0552406
5,217.149,1742520307.0552406
6,208.429,1742520307.0552406
7,227.872,1742520307.0552406
0,246.609,1742520307.1053312
1,238.268,1742520307.1053312
2,240.899,1742520307.1053312
3,226.912,1742520307.1053312
4,236.221,1742520307.1053312
5,243.42,1742520307.1053312
6,236.35,1742520307.1053312
7,227.872,1742520307.1053312
0,246.609,1742520307.1554637
1,238.268,1742520307.1554637
2,240.899,1742520307.1554637
3,251.994,1742520307.1554637
4,236.221,1742520307.1554637
5,243.42,1742520307.1554637
6,236.35,1742520307.1554637
7,253.934,1742520307.1554637
0,271.997,1742520307.2055962
1,264.005,1742520307.2055962
2,266.727,1742520307.2055962
3,251.994,1742520307.2055962
4,260.702,1742520307.2055962
5,268.936,1742520307.2055962
6,258.982,1742520307.2055962
7,253.934,1742520307.2055962
0,271.997,1742520307.2557309
1,264.005,1742520307.2557309
2,266.727,1742520307.2557309
3,276.036,1742520307.2557309
4,260.702,1742520307.2557309
5,268.936,1742520307.2557309
6,258.982,1742520307.2557309
7,278.434,1742520307.2557309
0,296.921,1742520307.3058672
1,288.654,1742520307.3058672
2,288.747,1742520307.3058672
3,276.036,1742520307.3058672
4,284.294,1742520307.3058672
5,294.177,1742520307.3058672
6,282.743,1742520307.3058672
7,278.434,1742520307.3058672
0,296.921,1742520307.3560781
1,288.654,1742520307.3560781
2,288.747,1742520307.3560781
3,300.578,1742520307.3560781
4,284.294,1742520307.3560781
5,294.177,1742520307.3560781
6,282.743,1742520307.3560781
7,303.466,1742520307.3560781
0,322.137,1742520307.406204
1,317.877,1742520307.406204
2,314.503,1742520307.406204
3,300.578,1742520307.406204
4,309.408,1742520307.406204
5,319.795,1742520307.406204
6,310.123,1742520307.406204
7,303.466,1742520307.406204
0,322.137,1742520307.45634
1,317.877,1742520307.45634
2,314.503,1742520307.45634
3,325.265,1742520307.45634
4,309.408,1742520307.45634
5,319.795,1742520307.45634
6,310.123,1742520307.45634
7,328.774,1742520307.45634
0,347.045,1742520307.5064528
1,342.942,1742520307.5064528
2,343.56,1742520307.5064528
3,325.265,1742520307.5064528
4,334.0,1742520307.5064528
5,345.102,1742520307.5064528
6,329.826,1742520307.5064528
7,328.774,1742520307.5064528
0,347.045,1742520307.5565886
1,342.942,1742520307.5565886
2,343.56,1742520307.5565886
3,350.638,1742520307.5565886
4,334.0,1742520307.5565886
5,345.102,1742520307.5565886
6,329.826,1742520307.5565886
7,354.518,1742520307.5565886
0,372.842,1742520307.606728
1,363.215,1742520307.606728
2,369.738,1742520307.606728
3,350.638,1742520307.606728
4,363.177,1742520307.606728
5,370.824,1742520307.606728
6,358.987,1742520307.606728
7,354.518,1742520307.606728
0,372.842,1742520307.6568513
1,363.215,1742520307.6568513
2,369.738,1742520307.6568513
3,372.108,1742520307.6568513
4,363.177,1742520307.6568513
5,370.824,1742520307.6568513
6,358.987,1742520307.6568513
7,377.158,1742520307.6568513
0,374.172,1742520307.7069783
1,369.076,1742520307.7069783
2,380.15,1742520307.7069783
3,372.108,1742520307.7069783
4,366.662,1742520307.7069783
5,378.418,1742520307.7069783
6,366.296,1742520307.7069783
7,377.158,1742520307.7069783
0,374.172,1742520307.7571
1,369.076,1742520307.7571
2,380.15,1742520307.7571
3,373.668,1742520307.7571
4,366.662,1742520307.7571
5,378.418,1742520307.7571
6,366.296,1742520307.7571
7,378.543,1742520307.7571
0,375.714,1742520307.8072245
1,371.026,1742520307.8072245
2,383.093,1742520307.8072245
3,373.668,1742520307.8072245
4,366.95,1742520307.8072245
5,379.612,1742520307.8072245
6,368.025,1742520307.8072245
7,378.543,1742520307.8072245
0,375.714,1742520307.8573573
1,371.026,1742520307.8573573
2,383.093,1742520307.8573573
3,374.795,1742520307.8573573
4,366.95,1742520307.8573573
5,379.612,1742520307.8573573
6,368.025,1742520307.8573573
7,378.946,1742520307.8573573
0,376.396,1742520307.9074473
1,372.323,1742520307.9074473
2,382.37,1742520307.9074473
3,374.795,1742520307.9074473
4,367.094,1742520307.9074473
5,381.32,1742520307.9074473
6,367.391,1742520307.9074473
7,378.946,1742520307.9074473
0,376.396,1742520307.9575698
1,372.323,1742520307.9575698
2,382.37,1742520307.9575698
3,373.598,1742520307.9575698
4,367.094,1742520307.9575698
5,381.32,1742520307.9575698
6,367.391,1742520307.9575698
7,381.015,1742520307.9575698
0,376.365,1742520308.007703
1,373.195,1742520308.007703
2,382.182,1742520308.007703
3,373.598,1742520308.007703
4,366.307,1742520308.007703
5,381.079,1742520308.007703
6,367.167,1742520308.007703
7,381.015,1742520308.007703
0,376.365,1742520308.0578282
1,373.195,1742520308.0578282
2,382.182,1742520308.0578282
3,374.559,1742520308.0578282
4,366.307,1742520308.0578282
5,381.079,1742520308.0578282
6,367.167,1742520308.0578282
7,380.191,1742520308.0578282
0,376.459,1742520308.1079638
1,374.127,1742520308.1079638
2,379.599,1742520308.1079638
3,374.559,1742520308.1079638
4,364.283,1742520308.1079638
5,379.617,1742520308.1079638
6,365.258,1742520308.1079638
7,380.191,1742520308.1079638
0,376.459,1742520308.1580966
1,374.127,1742520308.1580966
2,379.599,1742520308.1580966
3,374.632,1742520308.1580966
4,364.283,1742520308.1580966
5,379.617,1742520308.1580966
6,365.258,1742520308.1580966
7,381.826,1742520308.1580966
0,377.352,1742520308.2082314
1,374.053,1742520308.2082314
2,378.342,1742520308.2082314
3,374.632,1742520308.2082314
4,363.862,1742520308.2082314
5,380.331,1742520308.2082314
6,366.398,1742520308.2082314
7,381.826,1742520308.2082314
0,377.352,1742520308.2583668
1,374.053,1742520308.2583668
2,378.342,1742520308.2583668
3,378.03,1742520308.2583668
4,363.862,1742520308.2583668
5,380.331,1742520308.2583668
6,366.398,1742520308.2583668
7,384.31,1742520308.2583668
0,379.113,1742520308.3084657
1,373.946,1742520308.3084657
2,377.889,1742520308.3084657
3,378.03,1742520308.3084657
4,365.149,1742520308.3084657
5,381.62,1742520308.3084657
6,366.328,1742520308.3084657
7,384.31,1742520308.3084657
0,379.113,1742520308.3585958
1,373.946,1742520308.3585958
2,377.889,1742520308.3585958
3,381.087,1742520308.3585958
4,365.149,1742520308.3585958
5,381.62,1742520308.3585958
6,366.328,1742520308.3585958
7,385.181,1742520308.3585958
0,381.344,1742520308.408732
1,373.275,1742520308.408732
2,376.142,1742520308.408732
3,381.087,1742520308.408732
4,364.81,1742520308.408732
5,382.225,1742520308.408732
6,367.421,1742520308.408732
7,385.181,1742520308.408732
0,381.344,1742520308.4588664
1,373.275,1742520308.4588664
2,376.142,1742520308.4588664
3,382.001,1742520308.4588664
4,364.81,1742520308.4588664
5,382.225,1742520308.4588664
6,367.421,1742520308.4588664
7,387.338,1742520308.4588664
0,383.603,1742520308.5090048
1,373.262,1742520308.5090048
2,375.189,1742520308.5090048
3,382.001,1742520308.5090048
4,365.223,1742520308.5090048
5,383.054,1742520308.5090048
6,368.856,1742520308.5090048
7,387.338,1742520308.5090048
0,383.603,1742520308.5591729
1,373.262,1742520308.5591729
2,375.189,1742520308.5591729
3,382.98,1742520308.5591729
4,365.223,1742520308.5591729
5,383.054,1742520308.5591729
6,368.856,1742520308.5591729
7,389.371,1742520308.5591729
0,383.132,1742520308.6093047
1,373.789,1742520308.6093047
2,374.348,1742520308.6093047
3,382.98,1742520308.6093047
4,365.412,1742520308.6093047
5,385.066,1742520308.6093047
6,369.015,1742520308.6093047
7,389.371,1742520308.6093047
0,383.132,1742520308.6594384
1,373.789,1742520308.6594384
2,374.348,1742520308.6594384
3,383.907,1742520308.6594384
4,365.412,1742520308.6594384
5,385.066,1742520308.6594384
6,369.015,1742520308.6594384
7,389.401,1742520308.6594384
0,384.492,1742520308.7095582
1,371.966,1742520308.7095582
2,371.788,1742520308.7095582
3,383.907,1742520308.7095582
4,365.776,1742520308.7095582
5,387.028,1742520308.7095582
6,370.283,1742520308.7095582
7,389.401,1742520308.7095582
0,384.492,1742520308.7596908
1,371.966,1742520308.7596908
2,371.788,1742520308.7596908
3,384.554,1742520308.7596908
4,365.776,1742520308.7596908
5,387.028,1742520308.7596908
6,370.283,1742520308.7596908
7,390.682,1742520308.7596908
0,384.58,1742520308.8098233
1,368.885,1742520308.8098233
2,371.184,1742520308.8098233
3,384.554,1742520308.8098233
4,365.866,1742520308.8098233
5,387.528,1742520308.8098233
6,369.166,1742520308.8098233
7,390.682,1742520308.8098233
0,384.58,1742520308.8599548
1,368.885,1742520308.8599548
2,371.184,1742520308.8599548
3,384.151,1742520308.8599548
4,365.866,1742520308.8599548
5,387.528,1742520308.8599548
6,369.166,1742520308.8599548
7,389.504,1742520308.8599548
0,385.204,1742520308.910057
1,368.269,1742520308.910057
2,370.579,1742520308.910057
3,384.151,1742520308.910057
4,366.168,1742520308.910057
5,387.152,1742520308.910057
6,369.234,1742520308.910057
7,389.504,1742520308.910057
0,385.204,1742520308.9601905
1,368.269,1742520308.9601905
2,370.579,1742520308.9601905
3,385.834,1742520308.9601905
4,366.168,1742520308.9601905
5,387.152,1742520308.9601905
6,369.234,1742520308.9601905
7,391.108,1742520308.9601905
0,385.989,1742520309.010319
1,366.256,1742520309.010319
2,369.113,1742520309.010319
3,385.834,1742520309.010319
4,366.8,1742520309.010319
5,386.44,1742520309.010319
6,369.253,1742520309.010319
7,391.108,1742520309.010319
0,385.989,1742520309.0605257
1,366.256,1742520309.0605257
2,369.113,1742520309.0605257
3,385.135,1742520309.0605257
4,366.8,1742520309.0605257
5,386.44,1742520309.0605257
6,369.253,1742520309.0605257
7,390.848,1742520309.0605257
0,387.07,1742520309.1106138
1,363.568,1742520309.1106138
2,369.88,1742520309.1106138
3,385.135,1742520309.1106138
4,366.997,1742520309.1106138
5,386.855,1742520309.1106138
6,369.121,1742520309.1106138
7,390.848,1742520309.1106138
0,387.07,1742520309.1607442
1,363.568,1742520309.1607442
2,369.88,1742520309.1607442
3,384.889,1742520309.1607442
4,366.997,1742520309.1607442
5,386.855,1742520309.1607442
6,369.121,1742520309.1607442
7,392.054,1742520309.1607442
0,386.598,1742520309.2108767
1,364.222,1742520309.2108767
2,369.908,1742520309.2108767
3,384.889,1742520309.2108767
4,367.529,1742520309.2108767
5,387.054,1742520309.2108767
6,368.69,1742520309.2108767
7,392.054,1742520309.2108767
0,386.598,1742520309.261018
1,364.222,1742520309.261018
2,369.908,1742520309.261018
3,384.049,1742520309.261018
4,367.529,1742520309.261018
5,387.054,1742520309.261018
6,368.69,1742520309.261018
7,392.156,1742520309.261018
0,386.598,1742520309.311145
1,363.834,1742520309.311145
2,370.053,1742520309.311145
3,384.049,1742520309.311145
4,367.37,1742520309.311145
5,387.504,1742520309.311145
6,368.914,1742520309.311145
7,392.156,1742520309.311145
0,386.53,1742520309.361266
1,363.834,1742520309.361266
2,370.053,1742520309.361266
3,383.878,1742520309.361266
4,367.37,1742520309.361266
5,387.504,1742520309.361266
6,368.914,1742520309.361266
7,393.033,1742520309.361266
0,386.53,1742520309.4113984
1,364.001,1742520309.4113984
2,368.78,1742520309.4113984
3,383.878,1742520309.4113984
4,366.613,1742520309.4113984
5,387.565,1742520309.4113984
6,369.15,1742520309.4113984
7,393.033,1742520309.4113984
0,386.203,1742520309.4616401
1,364.001,1742520309.4616401
2,368.78,1742520309.4616401
3,382.841,1742520309.4616401
4,366.613,1742520309.4616401
5,387.565,1742520309.4616401
6,369.15,1742520309.4616401
7,392.246,1742520309.4616401
0,386.203,1742520309.5117657
1,361.006,1742520309.5117657
2,366.832,1742520309.5117657
3,382.841,1742520309.5117657
4,365.803,1742520309.5117657
5,384.073,1742520309.5117657
6,367.551,1742520309.5117657
7,392.246,1742520309.5117657
0,379.591,1742520309.561899
1,361.006,1742520309.561899
2,366.832,1742520309.561899
3,367.014,1742520309.561899
4,365.803,1742520309.561899
5,384.073,1742520309.561899
6,367.551,1742520309.561899
7,381.266,1742520309.561899
0,379.591,1742520309.6120174
1,335.665,1742520309.6120174
2,341.384,1742520309.6120174
3,367.014,1742520309.6120174
4,342.107,1742520309.6120174
5,358.29,1742520309.6120174
6,342.634,1742520309.6120174
7,381.266,1742520309.6120174
0,353.002,1742520309.662149
1,335.665,1742520309.662149
2,341.384,1742520309.662149
3,341.161,1742520309.662149
4,342.107,1742520309.662149
5,358.29,1742520309.662149
6,342.634,1742520309.662149
7,353.676,1742520309.662149
0,353.002,1742520309.7122812
1,311.88,1742520309.7122812
2,316.887,1742520309.7122812
3,341.161,1742520309.7122812
4,317.177,1742520309.7122812
5,327.391,1742520309.7122812
6,316.57,1742520309.7122812
7,353.676,1742520309.7122812
0,327.251,1742520309.762416
1,311.88,1742520309.762416
2,316.887,1742520309.762416
3,341.161,1742520309.762416
4,317.177,1742520309.762416
5,327.391,1742520309.762416
6,316.57,1742520309.762416
7,328.919,1742520309.762416
0,327.251,1742520309.812546
1,288.203,1742520309.812546
2,292.399,1742520309.812546
3,308.908,1742520309.812546
4,292.342,1742520309.812546
5,300.981,1742520309.812546
6,292.084,1742520309.812546
7,328.919,1742520309.812546
0,301.974,1742520309.8626797
1,288.203,1742520309.8626797
2,292.399,1742520309.8626797
3,308.908,1742520309.8626797
4,292.342,1742520309.8626797
5,300.981,1742520309.8626797
6,292.084,1742520309.8626797
7,304.348,1742520309.8626797
0,301.974,1742520309.912805
1,263.15,1742520309.912805
2,268.717,1742520309.912805
3,283.251,1742520309.912805
4,269.078,1742520309.912805
5,275.379,1742520309.912805
6,268.507,1742520309.912805
7,304.348,1742520309.912805
0,276.247,1742520309.963135
1,263.15,1742520309.963135
2,268.717,1742520309.963135
3,283.251,1742520309.963135
4,269.078,1742520309.963135
5,275.379,1742520309.963135
6,268.507,1742520309.963135
7,277.991,1742520309.963135
0,276.247,1742520310.0132673
1,234.84,1742520310.0132673
2,244.481,1742520310.0132673
3,256.96,1742520310.0132673
4,244.844,1742520310.0132673
5,275.379,1742520310.0132673
6,242.139,1742520310.0132673
7,277.991,1742520310.0132673
0,250.04,1742520310.0634012
1,234.84,1742520310.0634012
2,244.481,1742520310.0634012
3,256.96,1742520310.0634012
4,244.844,1742520310.0634012
5,247.81,1742520310.0634012
6,242.139,1742520310.0634012
7,251.892,1742520310.0634012
0,250.04,1742520310.1135375
1,210.935,1742520310.1135375
2,220.322,1742520310.1135375
3,231.56,1742520310.1135375
4,219.715,1742520310.1135375
5,221.221,1742520310.1135375
6,219.392,1742520310.1135375
7,251.892,1742520310.1135375
0,223.957,1742520310.1636722
1,210.935,1742520310.1636722
2,220.322,1742520310.1636722
3,231.56,1742520310.1636722
4,219.715,1742520310.1636722
5,221.221,1742520310.1636722
6,219.392,1742520310.1636722
7,225.412,1742520310.1636722
0,223.957,1742520310.2138028
1,186.187,1742520310.2138028
2,196.117,1742520310.2138028
3,205.802,1742520310.2138028
4,195.793,1742520310.2138028
5,194.794,1742520310.2138028
6,195.032,1742520310.2138028
7,225.412,1742520310.2138028
0,198.287,1742520310.2639356
1,186.187,1742520310.2639356
2,196.117,1742520310.2639356
3,205.802,1742520310.2639356
4,195.793,1742520310.2639356
5,194.794,1742520310.2639356
6,195.032,1742520310.2639356
7,198.508,1742520310.2639356
0,198.287,1742520310.3140676
1,161.11,1742520310.3140676
2,171.68,1742520310.3140676
3,179.891,1742520310.3140676
4,171.533,1742520310.3140676
5,168.02,1742520310.3140676
6,170.317,1742520310.3140676
7,198.508,1742520310.3140676
0,169.172,1742520310.3642294
1,161.11,1742520310.3642294
2,171.68,1742520310.3642294
3,179.891,1742520310.3642294
4,171.533,1742520310.3642294
5,168.02,1742520310.3642294
6,170.317,1742520310.3642294
7,168.273,1742520310.3642294
0,169.172,1742520310.4143612
1,136.77,1742520310.4143612
2,147.838,1742520310.4143612
3,154.439,1742520310.4143612
4,146.83,1742520310.4143612
5,142.084,1742520310.4143612
6,145.104,1742520310.4143612
7,168.273,1742520310.4143612
0,146.183,1742520310.4644947
1,136.77,1742520310.4644947
2,147.838,1742520310.4644947
3,154.439,1742520310.4644947
4,146.83,1742520310.4644947
5,142.084,1742520310.4644947
6,145.104,1742520310.4644947
7,141.655,1742520310.4644947
0,146.183,1742520310.5146258
1,118.592,1742520310.5146258
2,124.242,1742520310.5146258
3,128.822,1742520310.5146258
4,119.913,1742520310.5146258
5,121.388,1742520310.5146258
6,120.175,1742520310.5146258
7,141.655,1742520310.5146258
0,122.41,1742520310.5647533
1,118.592,1742520310.5647533
2,124.242,1742520310.5647533
3,128.822,1742520310.5647533
4,119.913,1742520310.5647533
5,121.388,1742520310.5647533
6,120.175,1742520310.5647533
7,125.76,1742520310.5647533
0,122.41,1742520310.6149251
1,118.338,1742520310.6149251
2,123.049,1742520310.6149251
3,119.408,1742520310.6149251
4,119.175,1742520310.6149251
5,121.243,1742520310.6149251
6,117.342,1742520310.6149251
7,125.76,1742520310.6149251
0,121.916,1742520310.6650572
1,118.338,1742520310.6650572
2,123.049,1742520310.6650572
3,119.408,1742520310.6650572
4,119.175,1742520310.6650572
5,121.243,1742520310.6650572
6,117.342,1742520310.6650572
7,125.539,1742520310.6650572
0,121.916,1742520310.715192
1,118.31,1742520310.715192
2,122.931,1742520310.715192
3,119.292,1742520310.715192
4,119.086,1742520310.715192
5,121.105,1742520310.715192
6,117.308,1742520310.715192
7,125.539,1742520310.715192
0,121.785,1742520310.7653275
1,118.31,1742520310.7653275
2,122.931,1742520310.7653275
3,119.292,1742520310.7653275
4,119.086,1742520310.7653275
5,121.105,1742520310.7653275
6,117.308,1742520310.7653275
7,125.379,1742520310.7653275
0,121.785,1742520310.8154616
1,118.31,1742520310.8154616
2,122.813,1742520310.8154616
3,119.235,1742520310.8154616
4,119.008,1742520310.8154616
5,121.071,1742520310.8154616
6,117.268,1742520310.8154616
7,125.379,1742520310.8154616
0,121.706,1742520310.8655937
1,118.213,1742520310.8655937
2,122.813,1742520310.8655937
3,119.235,1742520310.8655937
4,119.008,1742520310.8655937
5,121.071,1742520310.8655937
6,117.268,1742520310.8655937
7,125.292,1742520310.8655937
0,121.706,1742520310.9157228
1,118.213,1742520310.9157228
2,122.733,1742520310.9157228
3,119.17,1742520310.9157228
4,118.952,1742520310.9157228
5,121.056,1742520310.9157228
6,117.278,1742520310.9157228
7,125.292,1742520310.9157228
0,121.64,1742520310.9658372
1,118.138,1742520310.9658372
2,122.733,1742520310.9658372
3,119.17,1742520310.9658372
4,118.952,1742520310.9658372
5,121.056,1742520310.9658372
6,117.278,1742520310.9658372
7,125.205,1742520310.9658372
0,121.64,1742520311.0159662
1,118.138,1742520311.0159662
2,122.637,1742520311.0159662
3,119.114,1742520311.0159662
4,118.898,1742520311.0159662
5,121.041,1742520311.0159662
6,117.269,1742520311.0159662
7,125.205,1742520311.0159662
0,121.605,1742520311.0661016
1,118.162,1742520311.0661016
2,122.637,1742520311.0661016
3,119.114,1742520311.0661016
4,118.898,1742520311.0661016
5,121.041,1742520311.0661016
6,117.269,1742520311.0661016
7,125.144,1742520311.0661016
0,121.605,1742520311.1162326
1,118.162,1742520311.1162326
2,122.578,1742520311.1162326
3,119.06,1742520311.1162326
4,118.85,1742520311.1162326
5,121.029,1742520311.1162326
6,117.254,1742520311.1162326
7,125.144,1742520311.1162326
0,121.57,1742520311.1663673
1,118.007,1742520311.1663673
2,122.578,1742520311.1663673
3,119.06,1742520311.1663673
4,118.85,1742520311.1663673
5,121.029,1742520311.1663673
6,117.254,1742520311.1663673
7,125.077,1742520311.1663673
0,121.57,1742520311.2164986
1,118.007,1742520311.2164986
2,122.51,1742520311.2164986
3,119.008,1742520311.2164986
4,118.813,1742520311.2164986
5,121.049,1742520311.2164986
6,117.271,1742520311.2164986
7,125.077,1742520311.2164986
0,121.54,1742520311.266633
1,118.101,1742520311.266633
2,122.51,1742520311.266633
3,119.008,1742520311.266633
4,118.813,1742520311.266633
5,121.049,1742520311.266633
6,117.271,1742520311.266633
7,127.653,1742520311.266633
0,121.54,1742520311.316751
1,118.101,1742520311.316751
2,133.916,1742520311.316751
3,124.421,1742520311.316751
4,127.748,1742520311.316751
5,121.049,1742520311.316751
6,126.056,1742520311.316751
7,127.653,1742520311.316751
0,144.026,1742520311.3669164
1,134.123,1742520311.3669164
2,133.916,1742520311.3669164
3,124.421,1742520311.3669164
4,127.748,1742520311.3669164
5,136.295,1742520311.3669164
6,126.056,1742520311.3669164
7,151.694,1742520311.3669164
0,144.026,1742520311.417039
1,134.123,1742520311.417039
2,157.748,1742520311.417039
3,149.846,1742520311.417039
4,156.5,1742520311.417039
5,136.295,1742520311.417039
6,150.479,1742520311.417039
7,151.694,1742520311.417039
0,169.29,1742520311.4671655
1,159.916,1742520311.4671655
2,157.748,1742520311.4671655
3,149.846,1742520311.4671655
4,156.5,1742520311.4671655
5,161.486,1742520311.4671655
6,150.479,1742520311.4671655
7,176.873,1742520311.4671655
0,169.29,1742520311.5172994
1,159.916,1742520311.5172994
2,183.171,1742520311.5172994
3,179.395,1742520311.5172994
4,181.003,1742520311.5172994
5,161.486,1742520311.5172994
6,172.769,1742520311.5172994
7,176.873,1742520311.5172994
0,194.958,1742520311.5674882
1,185.752,1742520311.5674882
2,183.171,1742520311.5674882
3,179.395,1742520311.5674882
4,181.003,1742520311.5674882
5,195.586,1742520311.5674882
6,172.769,1742520311.5674882
7,203.304,1742520311.5674882
0,194.958,1742520311.6176212
1,185.752,1742520311.6176212
2,209.147,1742520311.6176212
3,204.946,1742520311.6176212
4,205.287,1742520311.6176212
5,195.586,1742520311.6176212
6,203.357,1742520311.6176212
7,203.304,1742520311.6176212
0,221.04,1742520311.6677158
1,210.594,1742520311.6677158
2,209.147,1742520311.6677158
3,204.946,1742520311.6677158
4,205.287,1742520311.6677158
5,222.277,1742520311.6677158
6,203.357,1742520311.6677158
7,228.515,1742520311.6677158
0,221.04,1742520311.7178485
1,210.594,1742520311.7178485
2,234.29,1742520311.7178485
3,231.076,1742520311.7178485
4,229.051,1742520311.7178485
5,222.277,1742520311.7178485
6,229.047,1742520311.7178485
7,228.515,1742520311.7178485
0,244.29,1742520311.7679718
1,245.207,1742520311.7679718
2,234.29,1742520311.7679718
3,231.076,1742520311.7679718
4,229.051,1742520311.7679718
5,249.677,1742520311.7679718
6,229.047,1742520311.7679718
7,253.933,1742520311.7679718
0,244.29,1742520311.8180945
1,245.207,1742520311.8180945
2,259.63,1742520311.8180945
3,256.958,1742520311.8180945
4,253.564,1742520311.8180945
5,249.677,1742520311.8180945
6,254.192,1742520311.8180945
7,253.933,1742520311.8180945
0,269.65,1742520311.8682294
1,270.585,1742520311.8682294
2,259.63,1742520311.8682294
3,256.958,1742520311.8682294
4,253.564,1742520311.8682294
5,276.224,1742520311.8682294
6,254.192,1742520311.8682294
7,280.137,1742520311.8682294
0,269.65,1742520311.9183605
1,270.585,1742520311.9183605
2,284.466,1742520311.9183605
3,284.004,1742520311.9183605
4,277.692,1742520311.9183605
5,276.224,1742520311.9183605
6,279.553,1742520311.9183605
7,280.137,1742520311.9183605
0,298.853,1742520311.9684942
1,295.602,1742520311.9684942
2,284.466,1742520311.9684942
3,284.004,1742520311.9684942
4,277.692,1742520311.9684942
5,303.523,1742520311.9684942
6,279.553,1742520311.9684942
7,306.527,1742520311.9684942
0,298.853,1742520312.0186288
1,295.602,1742520312.0186288
2,309.174,1742520312.0186288
3,310.158,1742520312.0186288
4,301.985,1742520312.0186288
5,303.523,1742520312.0186288
6,304.748,1742520312.0186288
7,306.527,1742520312.0186288
0,324.749,1742520312.0687172
1,319.831,1742520312.0687172
2,309.174,1742520312.0687172
3,310.158,1742520312.0687172
4,301.985,1742520312.0687172
5,330.362,1742520312.0687172
6,304.748,1742520312.0687172
7,332.579,1742520312.0687172
0,324.749,1742520312.118853
1,319.831,1742520312.118853
2,309.174,1742520312.118853
3,336.249,1742520312.118853
4,326.374,1742520312.118853
5,330.362,1742520312.118853
6,330.232,1742520312.118853
7,332.579,1742520312.118853
0,346.072,1742520312.1689858
1,348.155,1742520312.1689858
2,341.303,1742520312.1689858
3,336.249,1742520312.1689858
4,326.374,1742520312.1689858
5,357.114,1742520312.1689858
6,330.232,1742520312.1689858
7,357.714,1742520312.1689858
0,346.072,1742520312.2191079
1,348.155,1742520312.2191079
2,341.303,1742520312.2191079
3,363.043,1742520312.2191079
4,351.377,1742520312.2191079
5,357.114,1742520312.2191079
6,356.355,1742520312.2191079
7,357.714,1742520312.2191079
0,371.866,1742520312.2692423
1,370.536,1742520312.2692423
2,366.268,1742520312.2692423
3,363.043,1742520312.2692423
4,351.377,1742520312.2692423
5,383.72,1742520312.2692423
6,356.355,1742520312.2692423
7,383.973,1742520312.2692423
0,371.866,1742520312.3193753
1,370.536,1742520312.3193753
2,366.268,1742520312.3193753
3,380.128,1742520312.3193753
4,367.461,1742520312.3193753
5,383.72,1742520312.3193753
6,368.254,1742520312.3193753
7,383.973,1742520312.3193753
0,380.694,1742520312.3695824
1,369.707,1742520312.3695824
2,373.163,1742520312.3695824
3,380.128,1742520312.3695824
4,367.461,1742520312.3695824
5,387.515,1742520312.3695824
6,368.254,1742520312.3695824
7,388.225,1742520312.3695824
0,380.694,1742520312.4197142
1,369.707,1742520312.4197142
2,373.163,1742520312.4197142
3,379.752,1742520312.4197142
4,368.0,1742520312.4197142
5,387.515,1742520312.4197142
6,369.175,1742520312.4197142
7,388.225,1742520312.4197142
0,383.071,1742520312.4698071
1,369.502,1742520312.4698071
2,372.393,1742520312.4698071
3,379.752,1742520312.4698071
4,368.0,1742520312.4698071
5,388.76,1742520312.4698071
6,369.175,1742520312.4698071
7,389.208,1742520312.4698071
0,383.071,1742520312.5199754
1,369.502,1742520312.5199754
2,372.393,1742520312.5199754
3,382.05,1742520312.5199754
4,368.0,1742520312.5199754
5,388.76,1742520312.5199754
6,373.297,1742520312.5199754
7,389.208,1742520312.5199754
0,382.138,1742520312.5701098
1,367.221,1742520312.5701098
2,372.546,1742520312.5701098
3,382.05,1742520312.5701098
4,368.765,1742520312.5701098
5,388.646,1742520312.5701098
6,373.297,1742520312.5701098
7,389.232,1742520312.5701098
0,382.138,1742520312.620347
1,367.221,1742520312.620347
2,372.546,1742520312.620347
3,383.014,1742520312.620347
4,368.765,1742520312.620347
5,388.646,1742520312.620347
6,374.672,1742520312.620347
7,389.232,1742520312.620347
0,383.168,1742520312.6704686
1,365.687,1742520312.6704686
2,372.153,1742520312.6704686
3,383.014,1742520312.6704686
4,369.98,1742520312.6704686
5,389.783,1742520312.6704686
6,374.672,1742520312.6704686
7,389.02,1742520312.6704686
0,383.168,1742520312.720563
1,365.687,1742520312.720563
2,372.153,1742520312.720563
3,381.816,1742520312.720563
4,369.98,1742520312.720563
5,389.783,1742520312.720563
6,375.258,1742520312.720563
7,389.02,1742520312.720563
0,382.877,1742520312.7706842
1,366.539,1742520312.7706842
2,370.388,1742520312.7706842
3,381.816,1742520312.7706842
4,371.621,1742520312.7706842
5,387.853,1742520312.7706842
6,375.258,1742520312.7706842
7,388.039,1742520312.7706842
0,382.877,1742520312.8208404
1,366.539,1742520312.8208404
2,370.388,1742520312.8208404
3,380.532,1742520312.8208404
4,371.621,1742520312.8208404
5,387.853,1742520312.8208404
6,375.427,1742520312.8208404
7,388.039,1742520312.8208404
0,381.597,1742520312.8709733
1,365.091,1742520312.8709733
2,369.921,1742520312.8709733
3,380.532,1742520312.8709733
4,372.026,1742520312.8709733
5,386.513,1742520312.8709733
6,375.427,1742520312.8709733
7,385.941,1742520312.8709733
0,381.597,1742520312.9211025
1,365.091,1742520312.9211025
2,369.921,1742520312.9211025
3,379.645,1742520312.9211025
4,372.026,1742520312.9211025
5,386.513,1742520312.9211025
6,375.607,1742520312.9211025
7,385.941,1742520312.9211025
0,381.199,1742520312.9712262
1,363.139,1742520312.9712262
2,368.949,1742520312.9712262
3,379.645,1742520312.9712262
4,372.407,1742520312.9712262
5,384.87,1742520312.9712262
6,375.607,1742520312.9712262
7,384.496,1742520312.9712262
0,381.199,1742520313.0213509
1,363.139,1742520313.0213509
2,368.949,1742520313.0213509
3,379.448,1742520313.0213509
4,372.407,1742520313.0213509
5,384.87,1742520313.0213509
6,375.844,1742520313.0213509
7,384.496,1742520313.0213509
0,382.275,1742520313.0715177
1,362.465,1742520313.0715177
2,369.369,1742520313.0715177
3,379.448,1742520313.0715177
4,372.401,1742520313.0715177
5,384.67,1742520313.0715177
6,375.844,1742520313.0715177
7,385.043,1742520313.0715177
0,382.275,1742520313.1217065
1,362.465,1742520313.1217065
2,369.369,1742520313.1217065
3,378.552,1742520313.1217065
4,372.401,1742520313.1217065
5,384.67,1742520313.1217065
6,376.491,1742520313.1217065
7,385.043,1742520313.1217065
0,381.728,1742520313.1718311
1,362.677,1742520313.1718311
2,368.66,1742520313.1718311
3,378.552,1742520313.1718311
4,373.137,1742520313.1718311
5,384.804,1742520313.1718311
6,376.491,1742520313.1718311
7,386.427,1742520313.1718311
0,381.728,1742520313.222139
1,362.677,1742520313.222139
2,368.66,1742520313.222139
3,379.251,1742520313.222139
4,373.137,1742520313.222139
5,384.804,1742520313.222139
6,374.738,1742520313.222139
7,386.427,1742520313.222139
0,381.439,1742520313.2722642
1,363.287,1742520313.2722642
2,368.711,1742520313.2722642
3,379.251,1742520313.2722642
4,372.268,1742520313.2722642
5,382.872,1742520313.2722642
6,374.738,1742520313.2722642
7,385.839,1742520313.2722642
0,381.439,1742520313.322388
1,363.287,1742520313.322388
2,368.711,1742520313.322388
3,379.655,1742520313.322388
4,372.268,1742520313.322388
5,382.872,1742520313.322388
6,374.065,1742520313.322388
7,385.839,1742520313.322388
0,380.772,1742520313.3725228
1,365.415,1742520313.3725228
2,368.223,1742520313.3725228
3,379.655,1742520313.3725228
4,373.44,1742520313.3725228
5,382.826,1742520313.3725228
6,374.065,1742520313.3725228
7,385.7,1742520313.3725228
0,380.772,1742520313.4226491
1,365.415,1742520313.4226491
2,368.223,1742520313.4226491
3,379.189,1742520313.4226491
4,373.44,1742520313.4226491
5,382.826,1742520313.4226491
6,374.649,1742520313.4226491
7,385.7,1742520313.4226491
0,381.566,1742520313.472778
1,365.567,1742520313.472778
2,368.684,1742520313.472778
3,379.189,1742520313.472778
4,370.642,1742520313.472778
5,383.458,1742520313.472778
6,374.649,1742520313.472778
7,385.7,1742520313.472778
0,381.566,1742520313.5228987
1,365.567,1742520313.5228987
2,368.684,1742520313.5228987
3,378.333,1742520313.5228987
4,370.642,1742520313.5228987
5,383.458,1742520313.5228987
6,372.462,1742520313.5228987
7,385.307,1742520313.5228987
0,379.994,1742520313.5730324
1,366.508,1742520313.5730324
2,368.335,1742520313.5730324
3,378.333,1742520313.5730324
4,371.087,1742520313.5730324
5,386.319,1742520313.5730324
6,372.462,1742520313.5730324
7,385.307,1742520313.5730324
0,379.994,1742520313.623155
1,366.508,1742520313.623155
2,368.335,1742520313.623155
3,378.2,1742520313.623155
4,371.087,1742520313.623155
5,386.319,1742520313.623155
6,371.838,1742520313.623155
7,384.545,1742520313.623155
0,380.77,1742520313.6732945
1,366.804,1742520313.6732945
2,367.263,1742520313.6732945
3,378.2,1742520313.6732945
4,370.04,1742520313.6732945
5,385.953,1742520313.6732945
6,371.838,1742520313.6732945
7,384.545,1742520313.6732945
0,380.77,1742520313.7234497
1,366.804,1742520313.7234497
2,367.263,1742520313.7234497
3,380.545,1742520313.7234497
4,370.04,1742520313.7234497
5,385.953,1742520313.7234497
6,372.181,1742520313.7234497
7,385.771,1742520313.7234497
0,382.346,1742520313.7735846
1,365.441,1742520313.7735846
2,366.674,1742520313.7735846
3,380.545,1742520313.7735846
4,369.882,1742520313.7735846
5,388.697,1742520313.7735846
6,372.181,1742520313.7735846
7,385.771,1742520313.7735846
0,382.346,1742520313.823802
1,365.441,1742520313.823802
2,366.674,1742520313.823802
3,381.787,1742520313.823802
4,369.882,1742520313.823802
5,388.697,1742520313.823802
6,370.862,1742520313.823802
7,387.642,1742520313.823802
0,381.998,1742520313.8739583
1,367.445,1742520313.8739583
2,367.221,1742520313.8739583
3,381.787,1742520313.8739583
4,366.814,1742520313.8739583
5,390.344,1742520313.8739583
6,370.862,1742520313.8739583
7,387.642,1742520313.8739583
0,381.998,1742520313.9241278
1,367.445,1742520313.9241278
2,367.221,1742520313.9241278
3,382.848,1742520313.9241278
4,366.814,1742520313.9241278
5,390.344,1742520313.9241278
6,370.068,1742520313.9241278
7,389.485,1742520313.9241278
0,383.805,1742520313.974225
1,366.632,1742520313.974225
2,368.469,1742520313.974225
3,382.848,1742520313.974225
4,367.887,1742520313.974225
5,392.041,1742520313.974225
6,370.068,1742520313.974225
7,389.485,1742520313.974225
0,383.805,1742520314.0243628
1,366.632,1742520314.0243628
2,368.469,1742520314.0243628
3,383.988,1742520314.0243628
4,367.887,1742520314.0243628
5,392.041,1742520314.0243628
6,370.464,1742520314.0243628
7,391.288,1742520314.0243628
0,383.692,1742520314.0744996
1,367.468,1742520314.0744996
2,368.367,1742520314.0744996
3,383.988,1742520314.0744996
4,368.943,1742520314.0744996
5,391.082,1742520314.0744996
6,370.464,1742520314.0744996
7,391.288,1742520314.0744996
0,383.692,1742520314.124667
1,367.468,1742520314.124667
2,368.367,1742520314.124667
3,384.578,1742520314.124667
4,368.943,1742520314.124667
5,391.082,1742520314.124667
6,370.639,1742520314.124667
7,391.584,1742520314.124667
0,384.596,1742520314.1748016
1,366.449,1742520314.1748016
2,369.237,1742520314.1748016
3,384.578,1742520314.1748016
4,369.031,1742520314.1748016
5,391.184,1742520314.1748016
6,370.639,1742520314.1748016
7,391.584,1742520314.1748016
0,384.596,1742520314.224892
1,366.449,1742520314.224892
2,369.237,1742520314.224892
3,384.643,1742520314.224892
4,369.031,1742520314.224892
5,391.184,1742520314.224892
6,373.297,1742520314.224892
7,392.618,1742520314.224892
0,384.256,1742520314.2750118
1,368.742,1742520314.2750118
2,370.464,1742520314.2750118
3,384.643,1742520314.2750118
4,369.273,1742520314.2750118
5,392.809,1742520314.2750118
6,373.297,1742520314.2750118
7,392.618,1742520314.2750118
0,384.256,1742520314.3251374
1,368.742,1742520314.3251374
2,370.464,1742520314.3251374
3,383.159,1742520314.3251374
4,369.273,1742520314.3251374
5,392.809,1742520314.3251374
6,374.594,1742520314.3251374
7,393.119,1742520314.3251374
0,383.832,1742520314.3752754
1,368.679,1742520314.3752754
2,371.601,1742520314.3752754
3,383.159,1742520314.3752754
4,370.056,1742520314.3752754
5,389.7,1742520314.3752754
6,374.594,1742520314.3752754
7,393.119,1742520314.3752754
0,383.832,1742520314.4254904
1,368.679,1742520314.4254904
2,371.601,1742520314.4254904
3,384.556,1742520314.4254904
4,370.056,1742520314.4254904
5,389.7,1742520314.4254904
6,374.429,1742520314.4254904
7,392.018,1742520314.4254904
0,380.684,1742520314.4756136
1,364.227,1742520314.4756136
2,367.629,1742520314.4756136
3,384.556,1742520314.4756136
4,372.302,1742520314.4756136
5,384.132,1742520314.4756136
6,374.429,1742520314.4756136
7,392.018,1742520314.4756136
0,380.684,1742520314.5257452
1,364.227,1742520314.5257452
2,367.629,1742520314.5257452
3,364.956,1742520314.5257452
4,372.302,1742520314.5257452
5,384.132,1742520314.5257452
6,357.874,1742520314.5257452
7,379.147,1742520314.5257452
0,354.924,1742520314.5758803
1,338.058,1742520314.5758803
2,343.367,1742520314.5758803
3,364.956,1742520314.5758803
4,347.964,1742520314.5758803
5,357.433,1742520314.5758803
6,357.874,1742520314.5758803
7,379.147,1742520314.5758803
0,354.924,1742520314.626061
1,338.058,1742520314.626061
2,343.367,1742520314.626061
3,339.365,1742520314.626061
4,347.964,1742520314.626061
5,357.433,1742520314.626061
6,327.332,1742520314.626061
7,349.067,1742520314.626061
0,328.677,1742520314.6761925
1,313.178,1742520314.6761925
2,318.687,1742520314.6761925
3,339.365,1742520314.6761925
4,323.202,1742520314.6761925
5,330.535,1742520314.6761925
6,327.332,1742520314.6761925
7,349.067,1742520314.6761925
0,328.677,1742520314.7263215
1,313.178,1742520314.7263215
2,318.687,1742520314.7263215
3,312.216,1742520314.7263215
4,323.202,1742520314.7263215
5,330.535,1742520314.7263215
6,327.332,1742520314.7263215
7,326.267,1742520314.7263215
0,297.93,1742520314.7764537
1,288.462,1742520314.7764537
2,294.677,1742520314.7764537
3,312.216,1742520314.7764537
4,292.651,1742520314.7764537
5,303.146,1742520314.7764537
6,293.726,1742520314.7764537
7,326.267,1742520314.7764537
0,297.93,1742520314.8265822
1,288.462,1742520314.8265822
2,294.677,1742520314.8265822
3,286.914,1742520314.8265822
4,292.651,1742520314.8265822
5,303.146,1742520314.8265822
6,293.726,1742520314.8265822
7,301.514,1742520314.8265822
0,271.841,1742520314.8767152
1,259.67,1742520314.8767152
2,270.698,1742520314.8767152
3,286.914,1742520314.8767152
4,269.533,1742520314.8767152
5,276.686,1742520314.8767152
6,271.148,1742520314.8767152
7,301.514,1742520314.8767152
0,271.841,1742520314.9268837
1,259.67,1742520314.9268837
2,270.698,1742520314.9268837
3,256.921,1742520314.9268837
4,269.533,1742520314.9268837
5,276.686,1742520314.9268837
6,271.148,1742520314.9268837
7,275.206,1742520314.9268837
0,245.371,1742520314.9770088
1,234.865,1742520314.9770088
2,246.034,1742520314.9770088
3,256.921,1742520314.9770088
4,243.707,1742520314.9770088
5,249.889,1742520314.9770088
6,244.417,1742520314.9770088
7,275.206,1742520314.9770088
0,245.371,1742520315.027108
1,234.865,1742520315.027108
2,246.034,1742520315.027108
3,234.324,1742520315.027108
4,243.707,1742520315.027108
5,249.889,1742520315.027108
6,244.417,1742520315.027108
7,248.929,1742520315.027108
0,218.559,1742520315.0772169
1,211.111,1742520315.0772169
2,221.743,1742520315.0772169
3,234.324,1742520315.0772169
4,217.992,1742520315.0772169
5,222.744,1742520315.0772169
6,220.731,1742520315.0772169
7,248.929,1742520315.0772169
0,218.559,1742520315.1273441
1,211.111,1742520315.1273441
2,221.743,1742520315.1273441
3,208.406,1742520315.1273441
4,217.992,1742520315.1273441
5,222.744,1742520315.1273441
6,220.731,1742520315.1273441
7,218.336,1742520315.1273441
0,191.054,1742520315.177477
1,185.895,1742520315.177477
2,197.454,1742520315.177477
3,208.406,1742520315.177477
4,192.598,1742520315.177477
5,195.979,1742520315.177477
6,192.922,1742520315.177477
7,218.336,1742520315.177477
0,191.054,1742520315.2276037
1,185.895,1742520315.2276037
2,197.454,1742520315.2276037
3,181.678,1742520315.2276037
4,192.598,1742520315.2276037
5,195.979,1742520315.2276037
6,192.922,1742520315.2276037
7,194.213,1742520315.2276037
0,165.422,1742520315.2777371
1,160.442,1742520315.2777371
2,172.546,1742520315.2777371
3,181.678,1742520315.2777371
4,166.404,1742520315.2777371
5,170.087,1742520315.2777371
6,169.044,1742520315.2777371
7,194.213,1742520315.2777371
0,165.422,1742520315.3278697
1,160.442,1742520315.3278697
2,172.546,1742520315.3278697
3,157.052,1742520315.3278697
4,166.404,1742520315.3278697
5,170.087,1742520315.3278697
6,169.044,1742520315.3278697
7,168.949,1742520315.3278697
0,140.313,1742520315.3780055
1,134.951,1742520315.3780055
2,147.497,1742520315.3780055
3,157.052,1742520315.3780055
4,141.48,1742520315.3780055
5,144.26,1742520315.3780055
6,140.342,1742520315.3780055
7,168.949,1742520315.3780055
0,140.313,1742520315.4281445
1,134.951,1742520315.4281445
2,147.497,1742520315.4281445
3,132.004,1742520315.4281445
4,141.48,1742520315.4281445
5,144.26,1742520315.4281445
6,140.342,1742520315.4281445
7,138.725,1742520315.4281445
0,122.05,1742520315.4782789
1,118.645,1742520315.4782789
2,123.735,1742520315.4782789
3,132.004,1742520315.4782789
4,119.736,1742520315.4782789
5,122.954,1742520315.4782789
6,118.03,1742520315.4782789
7,138.725,1742520315.4782789
0,122.05,1742520315.528412
1,118.645,1742520315.528412
2,123.735,1742520315.528412
3,119.422,1742520315.528412
4,119.736,1742520315.528412
5,122.954,1742520315.528412
6,118.03,1742520315.528412
7,125.719,1742520315.528412
0,121.96,1742520315.5785463
1,118.405,1742520315.5785463
2,123.109,1742520315.5785463
3,119.422,1742520315.5785463
4,119.295,1742520315.5785463
5,121.812,1742520315.5785463
6,117.682,1742520315.5785463
7,125.719,1742520315.5785463
0,121.96,1742520315.6286807
1,118.405,1742520315.6286807
2,123.109,1742520315.6286807
3,119.404,1742520315.6286807
4,119.295,1742520315.6286807
5,121.812,1742520315.6286807
6,117.682,1742520315.6286807
7,125.547,1742520315.6286807
0,121.87,1742520315.6788125
1,118.354,1742520315.6788125
2,122.916,1742520315.6788125
3,119.404,1742520315.6788125
4,119.156,1742520315.6788125
5,121.687,1742520315.6788125
6,117.643,1742520315.6788125
7,125.547,1742520315.6788125
0,121.87,1742520315.7289433
1,118.354,1742520315.7289433
2,122.916,1742520315.7289433
3,119.283,1742520315.7289433
4,119.156,1742520315.7289433
5,121.687,1742520315.7289433
6,117.643,1742520315.7289433
7,125.42,1742520315.7289433
0,121.773,1742520315.7792187
1,118.286,1742520315.7792187
2,122.767,1742520315.7792187
3,119.283,1742520315.7792187
4,119.064,1742520315.7792187
5,121.672,1742520315.7792187
6,117.602,1742520315.7792187
7,125.42,1742520315.7792187
0,121.773,1742520315.829348
1,118.286,1742520315.829348
2,122.767,1742520315.829348
3,119.208,1742520315.829348
4,119.064,1742520315.829348
5,121.672,1742520315.829348
6,117.602,1742520315.829348
7,125.312,1742520315.829348
0,121.728,1742520315.8794806
1,118.183,1742520315.8794806
2,122.669,1742520315.8794806
3,119.208,1742520315.8794806
4,118.971,1742520315.8794806
5,121.639,1742520315.8794806
6,117.596,1742520315.8794806
7,125.312,1742520315.8794806
0,121.728,1742520315.9296012
1,118.183,1742520315.9296012
2,122.669,1742520315.9296012
3,119.147,1742520315.9296012
4,118.971,1742520315.9296012
5,121.639,1742520315.9296012
6,117.596,1742520315.9296012
7,125.242,1742520315.9296012
0,121.688,1742520315.9797328
1,118.209,1742520315.9797328
2,122.597,1742520315.9797328
3,119.147,1742520315.9797328
4,118.899,1742520315.9797328
5,121.606,1742520315.9797328
6,117.56,1742520315.9797328
7,125.242,1742520315.9797328
0,121.688,1742520316.029864
1,118.209,1742520316.029864
2,122.597,1742520316.029864
3,119.163,1742520316.029864
4,118.899,1742520316.029864
5,121.606,1742520316.029864
6,117.56,1742520316.029864
7,125.163,1742520316.029864
0,121.636,1742520316.0799665
1,118.055,1742520316.0799665
2,122.531,1742520316.0799665
3,119.163,1742520316.0799665
4,118.849,1742520316.0799665
5,121.513,1742520316.0799665
6,117.511,1742520316.0799665
7,125.163,1742520316.0799665
0,121.636,1742520316.130098
1,118.055,1742520316.130098
2,122.531,1742520316.130098
3,119.172,1742520316.130098
4,118.849,1742520316.130098
5,121.513,1742520316.130098
6,117.511,1742520316.130098
7,125.1,1742520316.130098
0,121.595,1742520316.1802304
1,118.148,1742520316.1802304
2,122.463,1742520316.1802304
3,119.172,1742520316.1802304
4,118.811,1742520316.1802304
5,121.465,1742520316.1802304
6,117.483,1742520316.1802304
7,125.1,1742520316.1802304
0,121.595,1742520316.2303643
1,118.148,1742520316.2303643
2,122.463,1742520316.2303643
3,119.198,1742520316.2303643
4,118.811,1742520316.2303643
5,121.465,1742520316.2303643
6,117.483,1742520316.2303643
7,125.041,1742520316.2303643
0,121.556,1742520316.2805
1,117.996,1742520316.2805
2,122.417,1742520316.2805
3,119.198,1742520316.2805
4,118.766,1742520316.2805
5,121.42,1742520316.2805
6,117.422,1742520316.2805
7,125.041,1742520316.2805
0,121.556,1742520316.3306344
1,117.996,1742520316.3306344
2,122.417,1742520316.3306344
3,119.227,1742520316.3306344
4,118.766,1742520316.3306344
5,121.42,1742520316.3306344
6,117.422,1742520316.3306344
7,124.994,1742520316.3306344
0,121.514,1742520316.3807669
1,118.065,1742520316.3807669
2,122.386,1742520316.3807669
3,119.227,1742520316.3807669
4,118.728,1742520316.3807669
5,121.405,1742520316.3807669
6,117.383,1742520316.3807669
7,124.994,1742520316.3807669
0,121.514,1742520316.430897
1,118.065,1742520316.430897
2,122.386,1742520316.430897
3,119.233,1742520316.430897
4,118.728,1742520316.430897
5,121.405,1742520316.430897
6,117.383,1742520316.430897
7,124.954,1742520316.430897
0,121.494,1742520316.4810183
1,117.961,1742520316.4810183
2,122.347,1742520316.4810183
3,119.233,1742520316.4810183
4,118.666,1742520316.4810183
5,121.34,1742520316.4810183
6,117.338,1742520316.4810183
7,124.954,1742520316.4810183
0,121.494,1742520316.5311399
1,117.961,1742520316.5311399
2,122.347,1742520316.5311399
3,119.255,1742520316.5311399
4,118.666,1742520316.5311399
5,121.34,1742520316.5311399
6,117.338,1742520316.5311399
7,124.927,1742520316.5311399
0,125.008,1742520316.5812669
1,122.8,1742520316.5812669
2,124.267,1742520316.5812669
3,119.255,1742520316.5812669
4,122.205,1742520316.5812669
5,122.889,1742520316.5812669
6,117.643,1742520316.5812669
7,124.927,1742520316.5812669
0,125.008,1742520316.6314018
1,122.8,1742520316.6314018
2,124.267,1742520316.6314018
3,133.321,1742520316.6314018
4,122.205,1742520316.6314018
5,122.889,1742520316.6314018
6,117.643,1742520316.6314018
7,138.18,1742520316.6314018
0,149.631,1742520316.6815271
1,147.471,1742520316.6815271
2,149.273,1742520316.6815271
3,133.321,1742520316.6815271
4,146.105,1742520316.6815271
5,150.539,1742520316.6815271
6,140.068,1742520316.6815271
7,138.18,1742520316.6815271
0,149.631,1742520316.7316604
1,147.471,1742520316.7316604
2,149.273,1742520316.7316604
3,158.081,1742520316.7316604
4,146.105,1742520316.7316604
5,150.539,1742520316.7316604
6,140.068,1742520316.7316604
7,163.083,1742520316.7316604
0,170.864,1742520316.781797
1,166.824,1742520316.781797
2,173.09,1742520316.781797
3,158.081,1742520316.781797
4,167.992,1742520316.781797
5,172.953,1742520316.781797
6,161.945,1742520316.781797
7,163.083,1742520316.781797
0,170.864,1742520316.8319306
1,166.824,1742520316.8319306
2,173.09,1742520316.8319306
3,170.547,1742520316.8319306
4,167.992,1742520316.8319306
5,172.953,1742520316.8319306
6,161.945,1742520316.8319306
7,174.658,1742520316.8319306
0,171.109,1742520316.8820622
1,168.057,1742520316.8820622
2,173.574,1742520316.8820622
3,170.547,1742520316.8820622
4,168.356,1742520316.8820622
5,173.081,1742520316.8820622
6,162.173,1742520316.8820622
7,174.658,1742520316.8820622
0,171.109,1742520316.9321942
1,168.057,1742520316.9321942
2,173.574,1742520316.9321942
3,169.57,1742520316.9321942
4,168.356,1742520316.9321942
5,173.081,1742520316.9321942
6,162.173,1742520316.9321942
7,175.66,1742520316.9321942
0,172.122,1742520316.9823263
1,167.994,1742520316.9823263
2,172.712,1742520316.9823263
3,169.57,1742520316.9823263
4,167.404,1742520316.9823263
5,173.016,1742520316.9823263
6,162.088,1742520316.9823263
7,175.66,1742520316.9823263
0,172.122,1742520317.0324576
1,167.994,1742520317.0324576
2,172.712,1742520317.0324576
3,169.55,1742520317.0324576
4,167.404,1742520317.0324576
5,173.016,1742520317.0324576
6,162.088,1742520317.0324576
7,174.71,1742520317.0324576
0,171.144,1742520317.0825934
1,167.153,1742520317.0825934
2,172.809,1742520317.0825934
3,169.55,1742520317.0825934
4,168.368,1742520317.0825934
5,171.992,1742520317.0825934
6,162.089,1742520317.0825934
7,174.71,1742520317.0825934
0,171.144,1742520317.1327288
1,167.153,1742520317.1327288
2,172.809,1742520317.1327288
3,169.496,1742520317.1327288
4,168.368,1742520317.1327288
5,171.992,1742520317.1327288
6,162.089,1742520317.1327288
7,175.705,1742520317.1327288
0,172.163,1742520317.1828637
1,167.024,1742520317.1828637
2,173.877,1742520317.1828637
3,169.496,1742520317.1828637
4,168.373,1742520317.1828637
5,172.939,1742520317.1828637
6,162.083,1742520317.1828637
7,175.705,1742520317.1828637
0,172.163,1742520317.2329895
1,167.024,1742520317.2329895
2,173.877,1742520317.2329895
3,169.47,1742520317.2329895
4,168.373,1742520317.2329895
5,172.939,1742520317.2329895
6,162.083,1742520317.2329895
7,174.708,1742520317.2329895
0,171.185,1742520317.2831597
1,168.12,1742520317.2831597
2,173.925,1742520317.2831597
3,169.47,1742520317.2831597
4,168.379,1742520317.2831597
5,171.934,1742520317.2831597
6,162.098,1742520317.2831597
7,174.708,1742520317.2831597
0,171.185,1742520317.3332908
1,168.12,1742520317.3332908
2,173.925,1742520317.3332908
3,169.449,1742520317.3332908
4,168.379,1742520317.3332908
5,171.934,1742520317.3332908
6,162.098,1742520317.3332908
7,175.716,1742520317.3332908
0,172.205,1742520317.3834252
1,167.059,1742520317.3834252
2,173.979,1742520317.3834252
3,169.449,1742520317.3834252
4,168.37,1742520317.3834252
5,172.901,1742520317.3834252
6,162.101,1742520317.3834252
7,175.716,1742520317.3834252
0,172.205,1742520317.433557
1,167.059,1742520317.433557
2,173.979,1742520317.433557
3,170.407,1742520317.433557
4,168.37,1742520317.433557
5,172.901,1742520317.433557
6,162.101,1742520317.433557
7,174.732,1742520317.433557
0,172.19,1742520317.4836895
1,168.09,1742520317.4836895
2,174.05,1742520317.4836895
3,170.407,1742520317.4836895
4,168.358,1742520317.4836895
5,171.919,1742520317.4836895
6,162.093,1742520317.4836895
7,174.732,1742520317.4836895
0,172.19,1742520317.533822
1,168.09,1742520317.533822
2,174.05,1742520317.533822
3,170.46,1742520317.533822
4,168.358,1742520317.533822
5,171.919,1742520317.533822
6,162.093,1742520317.533822
7,175.729,1742520317.533822
0,168.656,1742520317.583957
1,165.223,1742520317.583957
2,171.168,1742520317.583957
3,170.46,1742520317.583957
4,163.882,1742520317.583957
5,170.336,1742520317.583957
6,160.166,1742520317.583957
7,175.729,1742520317.583957
0,168.656,1742520317.6340938
1,165.223,1742520317.6340938
2,171.168,1742520317.6340938
3,155.696,1742520317.6340938
4,163.882,1742520317.6340938
5,170.336,1742520317.6340938
6,160.166,1742520317.6340938
7,166.819,1742520317.6340938
0,146.527,1742520317.6842275
1,141.769,1742520317.6842275
2,146.679,1742520317.6842275
3,155.696,1742520317.6842275
4,136.612,1742520317.6842275
5,146.334,1742520317.6842275
6,136.008,1742520317.6842275
7,166.819,1742520317.6842275
0,146.527,1742520317.734363
1,141.769,1742520317.734363
2,146.679,1742520317.734363
3,131.446,1742520317.734363
4,136.612,1742520317.734363
5,146.334,1742520317.734363
6,136.008,1742520317.734363
7,141.763,1742520317.734363
0,122.632,1742520317.7844977
1,118.805,1742520317.7844977
2,123.34,1742520317.7844977
3,131.446,1742520317.7844977
4,118.919,1742520317.7844977
5,121.938,1742520317.7844977
6,117.444,1742520317.7844977
7,141.763,1742520317.7844977
0,122.632,1742520317.8346329
1,118.805,1742520317.8346329
2,123.34,1742520317.8346329
3,119.269,1742520317.8346329
4,118.919,1742520317.8346329
5,121.938,1742520317.8346329
6,117.444,1742520317.8346329
7,124.849,1742520317.8346329
0,121.478,1742520317.8847685
1,118.805,1742520317.8847685
2,122.884,1742520317.8847685
3,119.269,1742520317.8847685
4,118.528,1742520317.8847685
5,121.059,1742520317.8847685
6,117.056,1742520317.8847685
7,124.849,1742520317.8847685
0,121.478,1742520317.9349036
1,117.897,1742520317.9349036
2,122.884,1742520317.9349036
3,119.269,1742520317.9349036
4,118.528,1742520317.9349036
5,121.059,1742520317.9349036
6,117.056,1742520317.9349036
7,124.799,1742520317.9349036
0,121.409,1742520317.9850748
1,117.897,1742520317.9850748
2,122.814,1742520317.9850748
3,119.269,1742520317.9850748
4,118.482,1742520317.9850748
5,121.039,1742520317.9850748
6,117.148,1742520317.9850748
7,124.799,1742520317.9850748
0,121.409,1742520318.0351899
1,117.959,1742520318.0351899
2,122.814,1742520318.0351899
3,119.268,1742520318.0351899
4,118.482,1742520318.0351899
5,121.039,1742520318.0351899
6,117.148,1742520318.0351899
7,124.751,1742520318.0351899
0,121.373,1742520318.0853224
1,117.959,1742520318.0853224
2,122.744,1742520318.0853224
3,119.268,1742520318.0853224
4,118.452,1742520318.0853224
5,121.06,1742520318.0853224
6,117.121,1742520318.0853224
7,124.751,1742520318.0853224
0,121.373,1742520318.1354384
1,117.798,1742520318.1354384
2,122.744,1742520318.1354384
3,119.301,1742520318.1354384
4,118.452,1742520318.1354384
5,121.06,1742520318.1354384
6,117.121,1742520318.1354384
7,124.718,1742520318.1354384
0,121.333,1742520318.1855593
1,117.873,1742520318.1855593
2,122.695,1742520318.1855593
3,119.301,1742520318.1855593
4,118.425,1742520318.1855593
5,121.053,1742520318.1855593
6,117.115,1742520318.1855593
7,124.718,1742520318.1855593
0,121.333,1742520318.2356787
1,117.873,1742520318.2356787
2,122.695,1742520318.2356787
3,119.316,1742520318.2356787
4,118.425,1742520318.2356787
5,121.053,1742520318.2356787
6,117.115,1742520318.2356787
7,124.698,1742520318.2356787
0,121.294,1742520318.2857976
1,117.785,1742520318.2857976
2,122.647,1742520318.2857976
3,119.316,1742520318.2857976
4,118.391,1742520318.2857976
5,121.056,1742520318.2857976
6,117.083,1742520318.2857976
7,124.698,1742520318.2857976
0,121.294,1742520318.335939
1,117.785,1742520318.335939
2,122.647,1742520318.335939
3,119.289,1742520318.335939
4,118.391,1742520318.335939
5,121.056,1742520318.335939
6,117.083,1742520318.335939
7,124.657,1742520318.335939
0,121.264,1742520318.3860714
1,117.818,1742520318.3860714
2,122.62,1742520318.3860714
3,119.289,1742520318.3860714
4,118.372,1742520318.3860714
5,121.021,1742520318.3860714
6,117.057,1742520318.3860714
7,124.657,1742520318.3860714
0,121.264,1742520318.4362063
1,117.818,1742520318.4362063
2,122.62,1742520318.4362063
3,119.27,1742520318.4362063
4,118.372,1742520318.4362063
5,121.021,1742520318.4362063
6,117.057,1742520318.4362063
7,124.602,1742520318.4362063
0,121.238,1742520318.4863763
1,117.818,1742520318.4863763
2,122.592,1742520318.4863763
3,119.27,1742520318.4863763
4,118.354,1742520318.4863763
5,121.013,1742520318.4863763
6,117.057,1742520318.4863763
7,124.602,1742520318.4863763
0,121.238,1742520318.5365214
1,117.743,1742520318.5365214
2,122.592,1742520318.5365214
3,119.248,1742520318.5365214
4,118.354,1742520318.5365214
5,121.013,1742520318.5365214
6,117.057,1742520318.5365214
7,124.557,1742520318.5365214
0,121.179,1742520318.586654
1,117.743,1742520318.586654
2,122.553,1742520318.586654
3,119.248,1742520318.586654
4,118.356,1742520318.586654
5,120.993,1742520318.586654
6,117.038,1742520318.586654
7,124.557,1742520318.586654
0,121.179,1742520318.636788
1,117.75,1742520318.636788
2,122.553,1742520318.636788
3,119.227,1742520318.636788
4,118.356,1742520318.636788
5,120.993,1742520318.636788
6,117.038,1742520318.636788
7,124.536,1742520318.636788
0,121.172,1742520318.686923
1,117.75,1742520318.686923
2,122.52,1742520318.686923
3,119.227,1742520318.686923
4,118.325,1742520318.686923
5,120.968,1742520318.686923
6,117.055,1742520318.686923
7,124.536,1742520318.686923
0,121.172,1742520318.7370603
1,117.745,1742520318.7370603
2,122.52,1742520318.7370603
3,119.2,1742520318.7370603
4,118.325,1742520318.7370603
5,120.968,1742520318.7370603
6,117.055,1742520318.7370603
7,124.515,1742520318.7370603
0,121.145,1742520318.7871983
1,117.745,1742520318.7871983
2,122.494,1742520318.7871983
3,119.2,1742520318.7871983
4,118.317,1742520318.7871983
5,120.961,1742520318.7871983
6,117.031,1742520318.7871983
7,124.515,1742520318.7871983
0,121.145,1742520318.83733
1,117.661,1742520318.83733
2,122.494,1742520318.83733
3,119.166,1742520318.83733
4,118.317,1742520318.83733
5,120.961,1742520318.83733
6,117.031,1742520318.83733
7,124.515,1742520318.83733
0,121.116,1742520318.8874636
1,117.661,1742520318.8874636
2,122.487,1742520318.8874636
3,119.166,1742520318.8874636
4,118.323,1742520318.8874636
5,120.92,1742520318.8874636
6,117.009,1742520318.8874636
7,124.515,1742520318.8874636
0,121.116,1742520318.9375832
1,117.745,1742520318.9375832
2,122.487,1742520318.9375832
3,119.154,1742520318.9375832
4,118.323,1742520318.9375832
5,120.92,1742520318.9375832
6,117.009,1742520318.9375832
7,124.495,1742520318.9375832
0,121.103,1742520318.9877148
1,117.745,1742520318.9877148
2,122.462,1742520318.9877148
3,119.154,1742520318.9877148
4,118.308,1742520318.9877148
5,120.927,1742520318.9877148
6,116.983,1742520318.9877148
7,124.495,1742520318.9877148
0,121.103,1742520319.0378358
1,117.616,1742520319.0378358
2,122.462,1742520319.0378358
3,119.145,1742520319.0378358
4,118.308,1742520319.0378358
5,120.927,1742520319.0378358
6,116.983,1742520319.0378358
7,124.457,1742520319.0378358
0,121.067,1742520319.087973
1,117.616,1742520319.087973
2,122.462,1742520319.087973
3,119.145,1742520319.087973
4,118.3,1742520319.087973
5,120.892,1742520319.087973
6,116.967,1742520319.087973
7,124.457,1742520319.087973
0,121.067,1742520319.1381059
1,117.738,1742520319.1381059
2,122.462,1742520319.1381059
3,119.136,1742520319.1381059
4,118.3,1742520319.1381059
5,120.892,1742520319.1381059
6,116.967,1742520319.1381059
7,124.455,1742520319.1381059
0,122.562,1742520319.1882725
1,117.738,1742520319.1882725
2,122.488,1742520319.1882725
3,119.136,1742520319.1882725
4,119.89,1742520319.1882725
5,120.907,1742520319.1882725
6,116.955,1742520319.1882725
7,124.455,1742520319.1882725
0,122.562,1742520319.238407
1,119.823,1742520319.238407
2,122.488,1742520319.238407
3,128.737,1742520319.238407
4,119.89,1742520319.238407
5,120.907,1742520319.238407
6,116.955,1742520319.238407
7,129.852,1742520319.238407
0,145.752,1742520319.2885299
1,119.823,1742520319.2885299
2,145.873,1742520319.2885299
3,128.737,1742520319.2885299
4,142.872,1742520319.2885299
5,142.749,1742520319.2885299
6,137.01,1742520319.2885299
7,129.852,1742520319.2885299
0,145.752,1742520319.3386679
1,143.922,1742520319.3386679
2,145.873,1742520319.3386679
3,152.318,1742520319.3386679
4,142.872,1742520319.3386679
5,142.749,1742520319.3386679
6,137.01,1742520319.3386679
7,157.349,1742520319.3386679
0,145.752,1742520319.3887641
1,143.922,1742520319.3887641
2,169.433,1742520319.3887641
3,152.318,1742520319.3887641
4,165.822,1742520319.3887641
5,167.383,1742520319.3887641
6,159.258,1742520319.3887641
7,157.349,1742520319.3887641
0,170.347,1742520319.4389024
1,167.48,1742520319.4389024
2,169.433,1742520319.4389024
3,152.318,1742520319.4389024
4,165.822,1742520319.4389024
5,167.383,1742520319.4389024
6,159.258,1742520319.4389024
7,183.551,1742520319.4389024
0,170.347,1742520319.4889917
1,167.48,1742520319.4889917
2,192.333,1742520319.4889917
3,176.915,1742520319.4889917
4,191.194,1742520319.4889917
5,190.406,1742520319.4889917
6,182.882,1742520319.4889917
7,183.551,1742520319.4889917
0,195.54,1742520319.539115
1,191.823,1742520319.539115
2,192.333,1742520319.539115
3,176.915,1742520319.539115
4,191.194,1742520319.539115
5,190.406,1742520319.539115
6,182.882,1742520319.539115
7,204.947,1742520319.539115
0,195.54,1742520319.5892203
1,191.823,1742520319.5892203
2,216.266,1742520319.5892203
3,201.573,1742520319.5892203
4,215.126,1742520319.5892203
5,213.261,1742520319.5892203
6,207.507,1742520319.5892203
7,204.947,1742520319.5892203
0,220.447,1742520319.639345
1,217.957,1742520319.639345
2,216.266,1742520319.639345
3,201.573,1742520319.639345
4,215.126,1742520319.639345
5,213.261,1742520319.639345
6,207.507,1742520319.639345
7,232.423,1742520319.639345
0,220.447,1742520319.689531
1,217.957,1742520319.689531
2,216.266,1742520319.689531
3,226.723,1742520319.689531
4,239.246,1742520319.689531
5,248.372,1742520319.689531
6,231.9,1742520319.689531
7,232.423,1742520319.689531
0,243.788,1742520319.7396634
1,240.378,1742520319.7396634
2,239.446,1742520319.7396634
3,226.723,1742520319.7396634
4,239.246,1742520319.7396634
5,248.372,1742520319.7396634
6,231.9,1742520319.7396634
7,257.944,1742520319.7396634
0,243.788,1742520319.789731
1,240.378,1742520319.789731
2,239.446,1742520319.789731
3,254.661,1742520319.789731
4,263.964,1742520319.789731
5,275.046,1742520319.789731
6,253.642,1742520319.789731
7,257.944,1742520319.789731
0,271.497,1742520319.8398542
1,265.263,1742520319.8398542
2,268.912,1742520319.8398542
3,254.661,1742520319.8398542
4,263.964,1742520319.8398542
5,275.046,1742520319.8398542
6,253.642,1742520319.8398542
7,283.413,1742520319.8398542
0,271.497,1742520319.889937
1,265.263,1742520319.889937
2,268.912,1742520319.889937
3,283.8,1742520319.889937
4,288.605,1742520319.889937
5,301.166,1742520319.889937
6,281.2,1742520319.889937
7,283.413,1742520319.889937
0,298.071,1742520319.9400713
1,290.14,1742520319.9400713
2,293.411,1742520319.9400713
3,283.8,1742520319.9400713
4,288.605,1742520319.9400713
5,301.166,1742520319.9400713
6,281.2,1742520319.9400713
7,310.008,1742520319.9400713
0,298.071,1742520319.9901805
1,290.14,1742520319.9901805
2,293.411,1742520319.9901805
3,309.842,1742520319.9901805
4,288.605,1742520319.9901805
5,328.099,1742520319.9901805
6,305.75,1742520319.9901805
7,310.008,1742520319.9901805
0,324.202,1742520320.0403216
1,318.251,1742520320.0403216
2,317.718,1742520320.0403216
3,309.842,1742520320.0403216
4,312.853,1742520320.0403216
5,328.099,1742520320.0403216
6,305.75,1742520320.0403216
7,336.065,1742520320.0403216
0,324.202,1742520320.090463
1,318.251,1742520320.090463
2,317.718,1742520320.090463
3,336.811,1742520320.090463
4,312.853,1742520320.090463
5,328.099,1742520320.090463
6,329.984,1742520320.090463
7,336.065,1742520320.090463
0,350.309,1742520320.14058
1,343.096,1742520320.14058
2,342.881,1742520320.14058
3,336.811,1742520320.14058
4,336.682,1742520320.14058
5,354.208,1742520320.14058
6,329.984,1742520320.14058
7,362.031,1742520320.14058
0,350.309,1742520320.1906645
1,343.096,1742520320.1906645
2,342.881,1742520320.1906645
3,358.093,1742520320.1906645
4,336.682,1742520320.1906645
5,354.208,1742520320.1906645
6,355.547,1742520320.1906645
7,362.031,1742520320.1906645
0,374.041,1742520320.2407844
1,366.206,1742520320.2407844
2,362.24,1742520320.2407844
3,358.093,1742520320.2407844
4,359.736,1742520320.2407844
5,379.304,1742520320.2407844
6,355.547,1742520320.2407844
7,378.659,1742520320.2407844
0,374.041,1742520320.290867
1,366.206,1742520320.290867
2,362.24,1742520320.290867
3,373.765,1742520320.290867
4,359.736,1742520320.290867
5,379.304,1742520320.290867
6,360.267,1742520320.290867
7,378.659,1742520320.290867
0,375.775,1742520320.3410008
1,366.615,1742520320.3410008
2,365.114,1742520320.3410008
3,373.765,1742520320.3410008
4,360.414,1742520320.3410008
5,380.83,1742520320.3410008
6,360.267,1742520320.3410008
7,380.992,1742520320.3410008
0,375.775,1742520320.3911052
1,366.615,1742520320.3911052
2,365.114,1742520320.3911052
3,375.787,1742520320.3911052
4,360.414,1742520320.3911052
5,380.83,1742520320.3911052
6,364.781,1742520320.3911052
7,380.992,1742520320.3911052
0,376.721,1742520320.4412398
1,368.849,1742520320.4412398
2,365.125,1742520320.4412398
3,375.787,1742520320.4412398
4,363.248,1742520320.4412398
5,381.987,1742520320.4412398
6,364.781,1742520320.4412398
7,381.862,1742520320.4412398
0,376.721,1742520320.4913683
1,368.849,1742520320.4913683
2,365.125,1742520320.4913683
3,378.034,1742520320.4913683
4,363.248,1742520320.4913683
5,381.987,1742520320.4913683
6,365.696,1742520320.4913683
7,381.862,1742520320.4913683
0,378.029,1742520320.5415087
1,370.369,1742520320.5415087
2,367.618,1742520320.5415087
3,378.034,1742520320.5415087
4,361.109,1742520320.5415087
5,383.909,1742520320.5415087
6,365.696,1742520320.5415087
7,384.924,1742520320.5415087
0,378.029,1742520320.5915952
1,370.369,1742520320.5915952
2,367.618,1742520320.5915952
3,379.881,1742520320.5915952
4,361.109,1742520320.5915952
5,383.909,1742520320.5915952
6,367.259,1742520320.5915952
7,384.924,1742520320.5915952
0,379.613,1742520320.6417239
1,371.423,1742520320.6417239
2,369.129,1742520320.6417239
3,379.881,1742520320.6417239
4,362.561,1742520320.6417239
5,387.106,1742520320.6417239
6,367.259,1742520320.6417239
7,384.924,1742520320.6417239
0,379.613,1742520320.6918123
1,371.423,1742520320.6918123
2,369.129,1742520320.6918123
3,381.388,1742520320.6918123
4,362.561,1742520320.6918123
5,387.106,1742520320.6918123
6,366.554,1742520320.6918123
7,386.546,1742520320.6918123
0,380.486,1742520320.7419329
1,371.28,1742520320.7419329
2,370.952,1742520320.7419329
3,381.388,1742520320.7419329
4,363.253,1742520320.7419329
5,385.714,1742520320.7419329
6,366.554,1742520320.7419329
7,386.546,1742520320.7419329
0,380.486,1742520320.7920592
1,371.28,1742520320.7920592
2,370.952,1742520320.7920592
3,381.529,1742520320.7920592
4,363.253,1742520320.7920592
5,385.714,1742520320.7920592
6,369.15,1742520320.7920592
7,388.141,1742520320.7920592
0,380.695,1742520320.8421922
1,371.046,1742520320.8421922
2,371.84,1742520320.8421922
3,381.529,1742520320.8421922
4,363.986,1742520320.8421922
5,387.644,1742520320.8421922
6,369.15,1742520320.8421922
7,388.141,1742520320.8421922
0,380.695,1742520320.8923244
1,371.046,1742520320.8923244
2,371.84,1742520320.8923244
3,381.581,1742520320.8923244
4,363.986,1742520320.8923244
5,387.644,1742520320.8923244
6,368.719,1742520320.8923244
7,388.913,1742520320.8923244
0,381.798,1742520320.9424603
1,370.691,1742520320.9424603
2,371.845,1742520320.9424603
3,381.581,1742520320.9424603
4,363.901,1742520320.9424603
5,385.947,1742520320.9424603
6,368.719,1742520320.9424603
7,388.913,1742520320.9424603
0,381.798,1742520320.9925516
1,370.691,1742520320.9925516
2,371.845,1742520320.9925516
3,381.119,1742520320.9925516
4,363.901,1742520320.9925516
5,385.947,1742520320.9925516
6,368.255,1742520320.9925516
7,388.211,1742520320.9925516
0,382.484,1742520321.0426745
1,371.368,1742520321.0426745
2,372.518,1742520321.0426745
3,381.119,1742520321.0426745
4,366.099,1742520321.0426745
5,388.562,1742520321.0426745
6,368.255,1742520321.0426745
7,388.211,1742520321.0426745
0,382.484,1742520321.0927598
1,371.368,1742520321.0927598
2,372.518,1742520321.0927598
3,380.8,1742520321.0927598
4,366.099,1742520321.0927598
5,388.562,1742520321.0927598
6,370.03,1742520321.0927598
7,389.045,1742520321.0927598
0,382.351,1742520321.142936
1,371.025,1742520321.142936
2,372.598,1742520321.142936
3,380.8,1742520321.142936
4,367.048,1742520321.142936
5,389.305,1742520321.142936
6,370.03,1742520321.142936
7,389.045,1742520321.142936
0,382.351,1742520321.193063
1,371.025,1742520321.193063
2,372.598,1742520321.193063
3,380.188,1742520321.193063
4,367.048,1742520321.193063
5,389.305,1742520321.193063
6,370.689,1742520321.193063
7,388.694,1742520321.193063
0,381.339,1742520321.2431946
1,369.406,1742520321.2431946
2,373.181,1742520321.2431946
3,380.188,1742520321.2431946
4,368.048,1742520321.2431946
5,387.425,1742520321.2431946
6,370.689,1742520321.2431946
7,388.694,1742520321.2431946
0,381.339,1742520321.2933395
1,369.406,1742520321.2933395
2,373.181,1742520321.2933395
3,379.108,1742520321.2933395
4,368.048,1742520321.2933395
5,387.425,1742520321.2933395
6,371.732,1742520321.2933395
7,387.877,1742520321.2933395
0,382.962,1742520321.3434715
1,370.843,1742520321.3434715
2,373.35,1742520321.3434715
3,379.108,1742520321.3434715
4,369.739,1742520321.3434715
5,384.16,1742520321.3434715
6,371.732,1742520321.3434715
7,387.877,1742520321.3434715
0,382.962,1742520321.3935676
1,370.843,1742520321.3935676
2,373.35,1742520321.3935676
3,380.248,1742520321.3935676
4,369.739,1742520321.3935676
5,384.16,1742520321.3935676
6,372.994,1742520321.3935676
7,388.31,1742520321.3935676
0,382.866,1742520321.4437053
1,369.392,1742520321.4437053
2,372.558,1742520321.4437053
3,380.248,1742520321.4437053
4,370.617,1742520321.4437053
5,385.106,1742520321.4437053
6,372.994,1742520321.4437053
7,388.31,1742520321.4437053
0,382.866,1742520321.4937966
1,369.392,1742520321.4937966
2,372.558,1742520321.4937966
3,380.537,1742520321.4937966
4,370.617,1742520321.4937966
5,385.106,1742520321.4937966
6,373.438,1742520321.4937966
7,387.954,1742520321.4937966
0,381.816,1742520321.5440376
1,368.12,1742520321.5440376
2,373.445,1742520321.5440376
3,380.537,1742520321.5440376
4,371.199,1742520321.5440376
5,383.942,1742520321.5440376
6,373.438,1742520321.5440376
7,387.954,1742520321.5440376
0,381.816,1742520321.594236
1,368.12,1742520321.594236
2,373.445,1742520321.594236
3,379.23,1742520321.594236
4,371.199,1742520321.594236
5,383.942,1742520321.594236
6,375.279,1742520321.594236
7,386.82,1742520321.594236
0,380.784,1742520321.644452
1,366.846,1742520321.644452
2,373.061,1742520321.644452
3,379.23,1742520321.644452
4,370.922,1742520321.644452
5,382.762,1742520321.644452
6,375.279,1742520321.644452
7,386.82,1742520321.644452
0,380.784,1742520321.6945765
1,366.846,1742520321.6945765
2,373.061,1742520321.6945765
3,376.734,1742520321.6945765
4,370.922,1742520321.6945765
5,382.762,1742520321.6945765
6,374.726,1742520321.6945765
7,384.74,1742520321.6945765
0,378.051,1742520321.7447042
1,368.66,1742520321.7447042
2,374.07,1742520321.7447042
3,376.734,1742520321.7447042
4,369.383,1742520321.7447042
5,381.729,1742520321.7447042
6,374.726,1742520321.7447042
7,384.74,1742520321.7447042
0,378.051,1742520321.7947984
1,368.66,1742520321.7947984
2,374.07,1742520321.7947984
3,375.755,1742520321.7947984
4,369.383,1742520321.7947984
5,381.729,1742520321.7947984
6,372.402,1742520321.7947984
7,383.212,1742520321.7947984
0,377.006,1742520321.8449206
1,366.721,1742520321.8449206
2,374.142,1742520321.8449206
3,375.755,1742520321.8449206
4,368.406,1742520321.8449206
5,380.504,1742520321.8449206
6,372.402,1742520321.8449206
7,383.212,1742520321.8449206
0,377.006,1742520321.8950114
1,366.721,1742520321.8950114
2,374.142,1742520321.8950114
3,373.569,1742520321.8950114
4,368.406,1742520321.8950114
5,380.504,1742520321.8950114
6,374.378,1742520321.8950114
7,382.464,1742520321.8950114
0,376.218,1742520321.9451454
1,365.84,1742520321.9451454
2,374.511,1742520321.9451454
3,373.569,1742520321.9451454
4,369.488,1742520321.9451454
5,380.05,1742520321.9451454
6,374.378,1742520321.9451454
7,382.464,1742520321.9451454
0,376.218,1742520321.9952846
1,365.84,1742520321.9952846
2,374.511,1742520321.9952846
3,373.115,1742520321.9952846
4,369.488,1742520321.9952846
5,380.05,1742520321.9952846
6,371.86,1742520321.9952846
7,382.399,1742520321.9952846
0,373.808,1742520322.0454178
1,367.147,1742520322.0454178
2,374.759,1742520322.0454178
3,373.115,1742520322.0454178
4,368.649,1742520322.0454178
5,376.195,1742520322.0454178
6,371.86,1742520322.0454178
7,382.399,1742520322.0454178
0,373.808,1742520322.0955546
1,367.147,1742520322.0955546
2,374.759,1742520322.0955546
3,374.934,1742520322.0955546
4,368.649,1742520322.0955546
5,376.195,1742520322.0955546
6,372.985,1742520322.0955546
7,382.12,1742520322.0955546
0,374.405,1742520322.1456752
1,368.215,1742520322.1456752
2,375.017,1742520322.1456752
3,374.934,1742520322.1456752
4,367.184,1742520322.1456752
5,375.962,1742520322.1456752
6,372.985,1742520322.1456752
7,382.12,1742520322.1456752
0,374.405,1742520322.1957648
1,368.215,1742520322.1957648
2,375.017,1742520322.1957648
3,374.538,1742520322.1957648
4,367.184,1742520322.1957648
5,375.962,1742520322.1957648
6,372.155,1742520322.1957648
7,382.32,1742520322.1957648
0,375.002,1742520322.2458894
1,369.144,1742520322.2458894
2,376.028,1742520322.2458894
3,374.538,1742520322.2458894
4,367.392,1742520322.2458894
5,377.087,1742520322.2458894
6,372.155,1742520322.2458894
7,382.32,1742520322.2458894
0,375.002,1742520322.2959795
1,369.144,1742520322.2959795
2,376.028,1742520322.2959795
3,376.618,1742520322.2959795
4,367.392,1742520322.2959795
5,377.087,1742520322.2959795
6,370.849,1742520322.2959795
7,384.024,1742520322.2959795
0,372.298,1742520322.346115
1,370.216,1742520322.346115
2,376.163,1742520322.346115
3,376.618,1742520322.346115
4,365.879,1742520322.346115
5,377.73,1742520322.346115
6,370.849,1742520322.346115
7,384.024,1742520322.346115
0,372.298,1742520322.3962467
1,370.216,1742520322.3962467
2,376.163,1742520322.3962467
3,371.988,1742520322.3962467
4,365.879,1742520322.3962467
5,377.73,1742520322.3962467
6,366.698,1742520322.3962467
7,380.957,1742520322.3962467
0,372.377,1742520322.4463806
1,369.065,1742520322.4463806
2,376.83,1742520322.4463806
3,371.988,1742520322.4463806
4,363.468,1742520322.4463806
5,377.273,1742520322.4463806
6,366.698,1742520322.4463806
7,380.957,1742520322.4463806
0,372.377,1742520322.4965668
1,369.065,1742520322.4965668
2,376.83,1742520322.4965668
3,371.966,1742520322.4965668
4,363.468,1742520322.4965668
5,377.273,1742520322.4965668
6,368.038,1742520322.4965668
7,380.096,1742520322.4965668
0,372.944,1742520322.5466995
1,368.213,1742520322.5466995
2,376.009,1742520322.5466995
3,371.966,1742520322.5466995
4,363.471,1742520322.5466995
5,377.871,1742520322.5466995
6,368.038,1742520322.5466995
7,380.096,1742520322.5466995
0,372.944,1742520322.5967946
1,368.213,1742520322.5967946
2,376.009,1742520322.5967946
3,372.813,1742520322.5967946
4,363.471,1742520322.5967946
5,377.871,1742520322.5967946
6,368.038,1742520322.5967946
7,379.956,1742520322.5967946
0,372.612,1742520322.6469285
1,369.223,1742520322.6469285
2,377.531,1742520322.6469285
3,372.813,1742520322.6469285
4,363.526,1742520322.6469285
5,378.678,1742520322.6469285
6,364.509,1742520322.6469285
7,379.956,1742520322.6469285
0,372.612,1742520322.6970189
1,369.223,1742520322.6970189
2,377.531,1742520322.6970189
3,374.149,1742520322.6970189
4,363.526,1742520322.6970189
5,378.678,1742520322.6970189
6,364.509,1742520322.6970189
7,381.138,1742520322.6970189
0,374.326,1742520322.7471526
1,368.853,1742520322.7471526
2,378.047,1742520322.7471526
3,374.149,1742520322.7471526
4,363.576,1742520322.7471526
5,379.38,1742520322.7471526
6,366.234,1742520322.7471526
7,381.138,1742520322.7471526
0,374.326,1742520322.7972784
1,368.853,1742520322.7972784
2,378.047,1742520322.7972784
3,374.837,1742520322.7972784
4,363.576,1742520322.7972784
5,379.38,1742520322.7972784
6,366.234,1742520322.7972784
7,381.623,1742520322.7972784
0,374.646,1742520322.8474112
1,371.335,1742520322.8474112
2,378.924,1742520322.8474112
3,374.837,1742520322.8474112
4,363.131,1742520322.8474112
5,379.232,1742520322.8474112
6,365.892,1742520322.8474112
7,381.623,1742520322.8474112
0,374.646,1742520322.8975441
1,371.335,1742520322.8975441
2,378.924,1742520322.8975441
3,375.487,1742520322.8975441
4,363.131,1742520322.8975441
5,379.232,1742520322.8975441
6,365.892,1742520322.8975441
7,383.063,1742520322.8975441
0,375.825,1742520322.9476738
1,372.765,1742520322.9476738
2,378.391,1742520322.9476738
3,375.487,1742520322.9476738
4,362.715,1742520322.9476738
5,379.177,1742520322.9476738
6,364.894,1742520322.9476738
7,383.063,1742520322.9476738
0,375.825,1742520322.9977212
1,372.765,1742520322.9977212
2,378.391,1742520322.9977212
3,375.477,1742520322.9977212
4,362.715,1742520322.9977212
5,379.177,1742520322.9977212
6,364.894,1742520322.9977212
7,381.84,1742520322.9977212
0,376.696,1742520323.0478404
1,373.763,1742520323.0478404
2,377.798,1742520323.0478404
3,375.477,1742520323.0478404
4,362.096,1742520323.0478404
5,380.798,1742520323.0478404
6,365.907,1742520323.0478404
7,381.84,1742520323.0478404
0,376.696,1742520323.0979524
1,373.763,1742520323.0979524
2,377.798,1742520323.0979524
3,376.681,1742520323.0979524
4,362.096,1742520323.0979524
5,380.798,1742520323.0979524
6,365.907,1742520323.0979524
7,382.339,1742520323.0979524
0,377.483,1742520323.148087
1,374.328,1742520323.148087
2,377.129,1742520323.148087
3,376.681,1742520323.148087
4,362.381,1742520323.148087
5,381.68,1742520323.148087
6,365.873,1742520323.148087
7,382.339,1742520323.148087
0,377.483,1742520323.1982281
1,374.328,1742520323.1982281
2,377.129,1742520323.1982281
3,376.956,1742520323.1982281
4,362.381,1742520323.1982281
5,381.68,1742520323.1982281
6,365.873,1742520323.1982281
7,385.909,1742520323.1982281
0,377.66,1742520323.2483323
1,373.26,1742520323.2483323
2,377.38,1742520323.2483323
3,376.956,1742520323.2483323
4,363.325,1742520323.2483323
5,382.094,1742520323.2483323
6,365.667,1742520323.2483323
7,385.909,1742520323.2483323
0,377.66,1742520323.2984993
1,373.26,1742520323.2984993
2,377.38,1742520323.2984993
3,378.853,1742520323.2984993
4,363.325,1742520323.2984993
5,382.094,1742520323.2984993
6,365.667,1742520323.2984993
7,380.15,1742520323.2984993
0,379.513,1742520323.3486185
1,373.31,1742520323.3486185
2,375.56,1742520323.3486185
3,378.853,1742520323.3486185
4,363.956,1742520323.3486185
5,383.648,1742520323.3486185
6,365.43,1742520323.3486185
7,380.15,1742520323.3486185
0,379.513,1742520323.398713
1,373.31,1742520323.398713
2,375.56,1742520323.398713
3,381.284,1742520323.398713
4,363.956,1742520323.398713
5,383.648,1742520323.398713
6,365.43,1742520323.398713
7,386.005,1742520323.398713
0,381.791,1742520323.448873
1,374.062,1742520323.448873
2,377.65,1742520323.448873
3,381.284,1742520323.448873
4,366.471,1742520323.448873
5,384.691,1742520323.448873
6,366.639,1742520323.448873
7,386.005,1742520323.448873
0,381.791,1742520323.4989827
1,374.062,1742520323.4989827
2,377.65,1742520323.4989827
3,381.763,1742520323.4989827
4,366.471,1742520323.4989827
5,384.691,1742520323.4989827
6,366.639,1742520323.4989827
7,387.247,1742520323.4989827
0,383.155,1742520323.5491078
1,374.676,1742520323.5491078
2,377.45,1742520323.5491078
3,381.763,1742520323.5491078
4,366.532,1742520323.5491078
5,385.761,1742520323.5491078
6,369.756,1742520323.5491078
7,387.247,1742520323.5491078
0,383.155,1742520323.5992386
1,374.676,1742520323.5992386
2,377.45,1742520323.5992386
3,381.166,1742520323.5992386
4,366.532,1742520323.5992386
5,385.761,1742520323.5992386
6,369.756,1742520323.5992386
7,387.898,1742520323.5992386
0,383.543,1742520323.6494653
1,375.687,1742520323.6494653
2,375.735,1742520323.6494653
3,381.166,1742520323.6494653
4,367.956,1742520323.6494653
5,385.619,1742520323.6494653
6,369.108,1742520323.6494653
7,387.898,1742520323.6494653
0,383.543,1742520323.6995912
1,375.687,1742520323.6995912
2,375.735,1742520323.6995912
3,380.465,1742520323.6995912
4,367.956,1742520323.6995912
5,385.619,1742520323.6995912
6,369.108,1742520323.6995912
7,387.599,1742520323.6995912
0,384.711,1742520323.7497268
1,375.329,1742520323.7497268
2,376.462,1742520323.7497268
3,380.465,1742520323.7497268
4,369.185,1742520323.7497268
5,386.367,1742520323.7497268
6,371.149,1742520323.7497268
7,387.599,1742520323.7497268
0,384.711,1742520323.7998521
1,375.329,1742520323.7998521
2,376.462,1742520323.7998521
3,380.417,1742520323.7998521
4,369.185,1742520323.7998521
5,386.367,1742520323.7998521
6,371.149,1742520323.7998521
7,388.236,1742520323.7998521
0,384.332,1742520323.8499768
1,375.048,1742520323.8499768
2,377.104,1742520323.8499768
3,380.417,1742520323.8499768
4,369.052,1742520323.8499768
5,386.152,1742520323.8499768
6,369.134,1742520323.8499768
7,388.236,1742520323.8499768
0,384.332,1742520323.900058
1,375.048,1742520323.900058
2,377.104,1742520323.900058
3,379.321,1742520323.900058
4,369.052,1742520323.900058
5,386.152,1742520323.900058
6,369.134,1742520323.900058
7,387.565,1742520323.900058
0,380.037,1742520323.9501927
1,372.838,1742520323.9501927
2,375.501,1742520323.9501927
3,379.321,1742520323.9501927
4,367.693,1742520323.9501927
5,383.037,1742520323.9501927
6,369.688,1742520323.9501927
7,387.565,1742520323.9501927
0,380.037,1742520324.0003312
1,372.838,1742520324.0003312
2,375.501,1742520324.0003312
3,376.478,1742520324.0003312
4,367.693,1742520324.0003312
5,383.037,1742520324.0003312
6,369.688,1742520324.0003312
7,386.426,1742520324.0003312
0,377.617,1742520324.0504658
1,369.506,1742520324.0504658
2,372.62,1742520324.0504658
3,376.478,1742520324.0504658
4,366.259,1742520324.0504658
5,381.578,1742520324.0504658
6,368.553,1742520324.0504658
7,386.426,1742520324.0504658
0,377.617,1742520324.1005967
1,369.506,1742520324.1005967
2,372.62,1742520324.1005967
3,373.391,1742520324.1005967
4,366.259,1742520324.1005967
5,381.578,1742520324.1005967
6,368.553,1742520324.1005967
7,383.211,1742520324.1005967
0,374.175,1742520324.1507692
1,367.116,1742520324.1507692
2,370.407,1742520324.1507692
3,373.391,1742520324.1507692
4,364.258,1742520324.1507692
5,378.784,1742520324.1507692
6,367.078,1742520324.1507692
7,383.211,1742520324.1507692
0,374.175,1742520324.2008605
1,367.116,1742520324.2008605
2,370.407,1742520324.2008605
3,370.803,1742520324.2008605
4,364.258,1742520324.2008605
5,378.784,1742520324.2008605
6,367.078,1742520324.2008605
7,379.066,1742520324.2008605
0,374.175,1742520324.250995
1,366.103,1742520324.250995
2,370.278,1742520324.250995
3,370.803,1742520324.250995
4,363.002,1742520324.250995
5,375.413,1742520324.250995
6,367.114,1742520324.250995
7,379.066,1742520324.250995
0,370.773,1742520324.3010848
1,366.103,1742520324.3010848
2,370.278,1742520324.3010848
3,368.4,1742520324.3010848
4,363.002,1742520324.3010848
5,375.413,1742520324.3010848
6,367.114,1742520324.3010848
7,376.804,1742520324.3010848
0,370.773,1742520324.3512187
1,366.134,1742520324.3512187
2,369.321,1742520324.3512187
3,368.4,1742520324.3512187
4,363.488,1742520324.3512187
5,373.995,1742520324.3512187
6,367.668,1742520324.3512187
7,376.804,1742520324.3512187
0,369.216,1742520324.4013472
1,366.134,1742520324.4013472
2,369.321,1742520324.4013472
3,366.906,1742520324.4013472
4,363.488,1742520324.4013472
5,373.995,1742520324.4013472
6,367.668,1742520324.4013472
7,377.635,1742520324.4013472
0,369.216,1742520324.451471
1,365.54,1742520324.451471
2,369.382,1742520324.451471
3,366.906,1742520324.451471
4,363.62,1742520324.451471
5,373.178,1742520324.451471
6,367.34,1742520324.451471
7,377.635,1742520324.451471
0,368.319,1742520324.5015936
1,365.54,1742520324.5015936
2,369.382,1742520324.5015936
3,366.541,1742520324.5015936
4,363.62,1742520324.5015936
5,373.178,1742520324.5015936
6,367.34,1742520324.5015936
7,374.889,1742520324.5015936
0,368.319,1742520324.5517287
1,365.178,1742520324.5517287
2,370.027,1742520324.5517287
3,366.541,1742520324.5517287
4,363.894,1742520324.5517287
5,371.938,1742520324.5517287
6,365.989,1742520324.5517287
7,374.889,1742520324.5517287
0,368.958,1742520324.6018248
1,365.178,1742520324.6018248
2,370.027,1742520324.6018248
3,364.738,1742520324.6018248
4,363.894,1742520324.6018248
5,371.938,1742520324.6018248
6,365.989,1742520324.6018248
7,374.692,1742520324.6018248
0,368.958,1742520324.651979
1,363.303,1742520324.651979
2,370.572,1742520324.651979
3,364.738,1742520324.651979
4,363.716,1742520324.651979
5,372.277,1742520324.651979
6,365.672,1742520324.651979
7,374.692,1742520324.651979
0,368.874,1742520324.7020676
1,363.303,1742520324.7020676
2,370.572,1742520324.7020676
3,365.365,1742520324.7020676
4,363.716,1742520324.7020676
5,372.277,1742520324.7020676
6,365.672,1742520324.7020676
7,375.134,1742520324.7020676
0,368.874,1742520324.7522037
1,361.021,1742520324.7522037
2,368.946,1742520324.7522037
3,365.365,1742520324.7522037
4,362.863,1742520324.7522037
5,372.277,1742520324.7522037
6,366.125,1742520324.7522037
7,375.134,1742520324.7522037
0,366.987,1742520324.8023407
1,361.021,1742520324.8023407
2,368.946,1742520324.8023407
3,365.659,1742520324.8023407
4,362.863,1742520324.8023407
5,370.793,1742520324.8023407
6,366.125,1742520324.8023407
7,374.794,1742520324.8023407
0,366.987,1742520324.8524754
1,361.021,1742520324.8524754
2,369.881,1742520324.8524754
3,365.659,1742520324.8524754
4,363.994,1742520324.8524754
5,370.793,1742520324.8524754
6,367.378,1742520324.8524754
7,374.794,1742520324.8524754
0,370.677,1742520324.9026086
1,362.13,1742520324.9026086
2,369.881,1742520324.9026086
3,366.916,1742520324.9026086
4,363.994,1742520324.9026086
5,371.55,1742520324.9026086
6,367.378,1742520324.9026086
7,375.721,1742520324.9026086
0,370.677,1742520324.9527438
1,362.13,1742520324.9527438
2,371.158,1742520324.9527438
3,366.916,1742520324.9527438
4,365.742,1742520324.9527438
5,371.55,1742520324.9527438
6,368.617,1742520324.9527438
7,375.721,1742520324.9527438
0,373.094,1742520325.0028534
1,364.602,1742520325.0028534
2,371.158,1742520325.0028534
3,368.891,1742520325.0028534
4,365.742,1742520325.0028534
5,374.659,1742520325.0028534
6,368.617,1742520325.0028534
7,377.314,1742520325.0028534
0,373.094,1742520325.052989
1,364.602,1742520325.052989
2,373.948,1742520325.052989
3,368.891,1742520325.052989
4,367.662,1742520325.052989
5,374.659,1742520325.052989
6,370.624,1742520325.052989
7,377.314,1742520325.052989
0,375.37,1742520325.1030807
1,369.801,1742520325.1030807
2,373.948,1742520325.1030807
3,372.32,1742520325.1030807
4,367.662,1742520325.1030807
5,377.15,1742520325.1030807
6,370.624,1742520325.1030807
7,380.023,1742520325.1030807
0,375.37,1742520325.1532009
1,369.801,1742520325.1532009
2,375.053,1742520325.1532009
3,372.32,1742520325.1532009
4,370.89,1742520325.1532009
5,377.15,1742520325.1532009
6,371.09,1742520325.1532009
7,380.023,1742520325.1532009
0,377.74,1742520325.2033238
1,371.989,1742520325.2033238
2,375.053,1742520325.2033238
3,372.32,1742520325.2033238
4,370.89,1742520325.2033238
5,380.625,1742520325.2033238
6,371.09,1742520325.2033238
7,383.219,1742520325.2033238
0,377.74,1742520325.253447
1,371.989,1742520325.253447
2,374.46,1742520325.253447
3,376.066,1742520325.253447
4,372.1,1742520325.253447
5,380.625,1742520325.253447
6,371.556,1742520325.253447
7,383.219,1742520325.253447
0,379.58,1742520325.3035843
1,373.203,1742520325.3035843
2,374.46,1742520325.3035843
3,376.066,1742520325.3035843
4,372.1,1742520325.3035843
5,383.223,1742520325.3035843
6,371.556,1742520325.3035843
7,386.776,1742520325.3035843
0,379.58,1742520325.3537219
1,373.203,1742520325.3537219
2,375.84,1742520325.3537219
3,377.913,1742520325.3537219
4,372.369,1742520325.3537219
5,383.223,1742520325.3537219
6,371.349,1742520325.3537219
7,386.776,1742520325.3537219
0,381.029,1742520325.4038265
1,373.746,1742520325.4038265
2,375.84,1742520325.4038265
3,378.28,1742520325.4038265
4,372.369,1742520325.4038265
5,386.53,1742520325.4038265
6,371.349,1742520325.4038265
7,388.539,1742520325.4038265
0,381.029,1742520325.4539573
1,373.746,1742520325.4539573
2,376.807,1742520325.4539573
3,378.28,1742520325.4539573
4,372.395,1742520325.4539573
5,386.53,1742520325.4539573
6,371.197,1742520325.4539573
7,388.539,1742520325.4539573
0,382.788,1742520325.5040824
1,374.245,1742520325.5040824
2,376.807,1742520325.5040824
3,378.28,1742520325.5040824
4,372.395,1742520325.5040824
5,387.743,1742520325.5040824
6,371.197,1742520325.5040824
7,388.006,1742520325.5040824
0,382.788,1742520325.5542152
1,374.245,1742520325.5542152
2,375.709,1742520325.5542152
3,379.188,1742520325.5542152
4,372.111,1742520325.5542152
5,387.743,1742520325.5542152
6,371.614,1742520325.5542152
7,388.006,1742520325.5542152
0,384.201,1742520325.6043506
1,374.695,1742520325.6043506
2,375.709,1742520325.6043506
3,379.188,1742520325.6043506
4,372.111,1742520325.6043506
5,387.317,1742520325.6043506
6,371.614,1742520325.6043506
7,387.571,1742520325.6043506
0,384.201,1742520325.6544988
1,374.695,1742520325.6544988
2,375.574,1742520325.6544988
3,380.349,1742520325.6544988
4,372.595,1742520325.6544988
5,387.317,1742520325.6544988
6,372.862,1742520325.6544988
7,387.571,1742520325.6544988
0,383.828,1742520325.7046306
1,375.267,1742520325.7046306
2,375.574,1742520325.7046306
3,380.349,1742520325.7046306
4,372.595,1742520325.7046306
5,387.881,1742520325.7046306
6,372.862,1742520325.7046306
7,387.852,1742520325.7046306
0,383.828,1742520325.7547626
1,375.267,1742520325.7547626
2,375.71,1742520325.7547626
3,381.571,1742520325.7547626
4,373.948,1742520325.7547626
5,387.881,1742520325.7547626
6,373.088,1742520325.7547626
7,387.852,1742520325.7547626
0,382.144,1742520325.8049073
1,373.168,1742520325.8049073
2,375.71,1742520325.8049073
3,381.571,1742520325.8049073
4,373.948,1742520325.8049073
5,385.921,1742520325.8049073
6,373.088,1742520325.8049073
7,388.691,1742520325.8049073
0,382.144,1742520325.8550024
1,373.168,1742520325.8550024
2,377.473,1742520325.8550024
3,381.507,1742520325.8550024
4,374.515,1742520325.8550024
5,385.921,1742520325.8550024
6,375.027,1742520325.8550024
7,388.691,1742520325.8550024
0,381.495,1742520325.905139
1,372.312,1742520325.905139
2,377.473,1742520325.905139
3,381.507,1742520325.905139
4,374.515,1742520325.905139
5,387.832,1742520325.905139
6,375.027,1742520325.905139
7,388.692,1742520325.905139
0,381.495,1742520325.9552464
1,372.312,1742520325.9552464
2,377.689,1742520325.9552464
3,380.741,1742520325.9552464
4,374.721,1742520325.9552464
5,387.832,1742520325.9552464
6,375.022,1742520325.9552464
7,388.692,1742520325.9552464
0,381.327,1742520326.0054004
1,371.75,1742520326.0054004
2,377.689,1742520326.0054004
3,380.741,1742520326.0054004
4,374.721,1742520326.0054004
5,385.799,1742520326.0054004
6,375.022,1742520326.0054004
7,387.636,1742520326.0054004
0,381.327,1742520326.0555212
1,371.75,1742520326.0555212
2,378.259,1742520326.0555212
3,382.106,1742520326.0555212
4,375.073,1742520326.0555212
5,385.799,1742520326.0555212
6,375.111,1742520326.0555212
7,387.636,1742520326.0555212
0,381.296,1742520326.1056473
1,370.817,1742520326.1056473
2,378.259,1742520326.1056473
3,382.106,1742520326.1056473
4,375.073,1742520326.1056473
5,385.94,1742520326.1056473
6,375.111,1742520326.1056473
7,387.554,1742520326.1056473
0,381.296,1742520326.155734
1,370.817,1742520326.155734
2,378.701,1742520326.155734
3,381.553,1742520326.155734
4,375.241,1742520326.155734
5,385.94,1742520326.155734
6,374.925,1742520326.155734
7,387.554,1742520326.155734
0,381.089,1742520326.205856
1,371.94,1742520326.205856
2,378.701,1742520326.205856
3,381.553,1742520326.205856
4,375.241,1742520326.205856
5,386.574,1742520326.205856
6,374.925,1742520326.205856
7,386.668,1742520326.205856
0,381.089,1742520326.255948
1,371.94,1742520326.255948
2,378.991,1742520326.255948
3,382.722,1742520326.255948
4,375.54,1742520326.255948
5,386.574,1742520326.255948
6,375.108,1742520326.255948
7,386.668,1742520326.255948
0,382.811,1742520326.3061163
1,373.686,1742520326.3061163
2,378.991,1742520326.3061163
3,382.722,1742520326.3061163
4,375.54,1742520326.3061163
5,385.709,1742520326.3061163
6,375.108,1742520326.3061163
7,386.302,1742520326.3061163
0,382.811,1742520326.356243
1,373.686,1742520326.356243
2,378.991,1742520326.356243
3,381.678,1742520326.356243
4,375.54,1742520326.356243
5,385.709,1742520326.356243
6,375.375,1742520326.356243
7,386.302,1742520326.356243
0,382.008,1742520326.4063687
1,374.328,1742520326.4063687
2,377.791,1742520326.4063687
3,381.678,1742520326.4063687
4,374.561,1742520326.4063687
5,385.386,1742520326.4063687
6,375.375,1742520326.4063687
7,387.604,1742520326.4063687
0,382.008,1742520326.4564915
1,374.328,1742520326.4564915
2,377.791,1742520326.4564915
3,382.27,1742520326.4564915
4,374.561,1742520326.4564915
5,385.386,1742520326.4564915
6,375.779,1742520326.4564915
7,387.604,1742520326.4564915
0,379.836,1742520326.5066793
1,373.625,1742520326.5066793
2,379.7,1742520326.5066793
3,382.27,1742520326.5066793
4,370.545,1742520326.5066793
5,384.123,1742520326.5066793
6,375.779,1742520326.5066793
7,389.113,1742520326.5066793
0,379.836,1742520326.5567713
1,373.625,1742520326.5567713
2,379.7,1742520326.5567713
3,382.809,1742520326.5567713
4,370.545,1742520326.5567713
5,384.123,1742520326.5567713
6,374.599,1742520326.5567713
7,389.113,1742520326.5567713
0,380.792,1742520326.6069071
1,373.844,1742520326.6069071
2,377.776,1742520326.6069071
3,382.809,1742520326.6069071
4,372.082,1742520326.6069071
5,384.497,1742520326.6069071
6,374.599,1742520326.6069071
7,390.402,1742520326.6069071
0,380.792,1742520326.6569998
1,373.844,1742520326.6569998
2,377.776,1742520326.6569998
3,383.01,1742520326.6569998
4,372.082,1742520326.6569998
5,384.497,1742520326.6569998
6,374.995,1742520326.6569998
7,390.402,1742520326.6569998
0,382.334,1742520326.7071197
1,373.738,1742520326.7071197
2,379.511,1742520326.7071197
3,383.01,1742520326.7071197
4,370.969,1742520326.7071197
5,384.141,1742520326.7071197
6,374.995,1742520326.7071197
7,391.618,1742520326.7071197
0,382.334,1742520326.7572439
1,373.738,1742520326.7572439
2,379.511,1742520326.7572439
3,384.725,1742520326.7572439
4,370.969,1742520326.7572439
5,384.141,1742520326.7572439
6,374.296,1742520326.7572439
7,391.618,1742520326.7572439
0,382.651,1742520326.8073802
1,373.459,1742520326.8073802
2,378.153,1742520326.8073802
3,384.725,1742520326.8073802
4,370.229,1742520326.8073802
5,383.849,1742520326.8073802
6,374.296,1742520326.8073802
7,390.056,1742520326.8073802
0,382.651,1742520326.8575397
1,373.459,1742520326.8575397
2,378.153,1742520326.8575397
3,384.645,1742520326.8575397
4,370.229,1742520326.8575397
5,383.849,1742520326.8575397
6,372.574,1742520326.8575397
7,390.056,1742520326.8575397
0,381.942,1742520326.9076777
1,372.845,1742520326.9076777
2,376.035,1742520326.9076777
3,384.645,1742520326.9076777
4,369.701,1742520326.9076777
5,383.163,1742520326.9076777
6,372.574,1742520326.9076777
7,390.793,1742520326.9076777
0,381.942,1742520326.9577227
1,372.845,1742520326.9577227
2,376.035,1742520326.9577227
3,384.527,1742520326.9577227
4,369.701,1742520326.9577227
5,383.163,1742520326.9577227
6,373.572,1742520326.9577227
7,390.793,1742520326.9577227
0,379.209,1742520327.0078464
1,369.067,1742520327.0078464
2,374.062,1742520327.0078464
3,384.527,1742520327.0078464
4,368.478,1742520327.0078464
5,380.434,1742520327.0078464
6,373.572,1742520327.0078464
7,378.527,1742520327.0078464
0,379.209,1742520327.0579786
1,369.067,1742520327.0579786
2,374.062,1742520327.0579786
3,372.349,1742520327.0579786
4,368.478,1742520327.0579786
5,380.434,1742520327.0579786
6,349.854,1742520327.0579786
7,378.527,1742520327.0579786
0,353.645,1742520327.1081145
1,343.9,1742520327.1081145
2,346.77,1742520327.1081145
3,372.349,1742520327.1081145
4,344.149,1742520327.1081145
5,354.635,1742520327.1081145
6,349.854,1742520327.1081145
7,352.944,1742520327.1081145
0,353.645,1742520327.1582522
1,343.9,1742520327.1582522
2,346.77,1742520327.1582522
3,346.708,1742520327.1582522
4,344.149,1742520327.1582522
5,354.635,1742520327.1582522
6,325.071,1742520327.1582522
7,352.944,1742520327.1582522
0,328.127,1742520327.208386
1,317.319,1742520327.208386
2,317.701,1742520327.208386
3,346.708,1742520327.208386
4,318.716,1742520327.208386
5,329.066,1742520327.208386
6,325.071,1742520327.208386
7,327.794,1742520327.208386
0,328.127,1742520327.2585187
1,317.319,1742520327.2585187
2,317.701,1742520327.2585187
3,306.094,1742520327.2585187
4,318.716,1742520327.2585187
5,329.066,1742520327.2585187
6,299.74,1742520327.2585187
7,327.794,1742520327.2585187
0,301.855,1742520327.3086555
1,291.721,1742520327.3086555
2,292.723,1742520327.3086555
3,306.094,1742520327.3086555
4,294.389,1742520327.3086555
5,303.232,1742520327.3086555
6,299.74,1742520327.3086555
7,327.794,1742520327.3086555
0,301.855,1742520327.3587897
1,291.721,1742520327.3587897
2,292.723,1742520327.3587897
3,290.334,1742520327.3587897
4,294.389,1742520327.3587897
5,303.232,1742520327.3587897
6,277.761,1742520327.3587897
7,301.261,1742520327.3587897
0,277.131,1742520327.4090323
1,266.848,1742520327.4090323
2,268.858,1742520327.4090323
3,290.334,1742520327.4090323
4,268.6,1742520327.4090323
5,276.146,1742520327.4090323
6,277.761,1742520327.4090323
7,301.261,1742520327.4090323
0,277.131,1742520327.459164
1,266.848,1742520327.459164
2,268.858,1742520327.459164
3,263.93,1742520327.459164
4,268.6,1742520327.459164
5,276.146,1742520327.459164
6,253.225,1742520327.459164
7,274.719,1742520327.459164
0,251.139,1742520327.5092983
1,242.345,1742520327.5092983
2,244.076,1742520327.5092983
3,263.93,1742520327.5092983
4,245.619,1742520327.5092983
5,249.232,1742520327.5092983
6,253.225,1742520327.5092983
7,274.719,1742520327.5092983
0,251.139,1742520327.5594304
1,242.345,1742520327.5594304
2,244.076,1742520327.5594304
3,237.427,1742520327.5594304
4,245.619,1742520327.5594304
5,249.232,1742520327.5594304
6,228.476,1742520327.5594304
7,248.321,1742520327.5594304
0,222.869,1742520327.609563
1,218.004,1742520327.609563
2,219.571,1742520327.609563
3,237.427,1742520327.609563
4,218.706,1742520327.609563
5,224.167,1742520327.609563
6,228.476,1742520327.609563
7,248.321,1742520327.609563
0,222.869,1742520327.6596959
1,218.004,1742520327.6596959
2,219.571,1742520327.6596959
3,211.599,1742520327.6596959
4,218.706,1742520327.6596959
5,224.167,1742520327.6596959
6,203.569,1742520327.6596959
7,221.368,1742520327.6596959
0,196.428,1742520327.7098298
1,191.218,1742520327.7098298
2,195.119,1742520327.7098298
3,211.599,1742520327.7098298
4,193.84,1742520327.7098298
5,198.537,1742520327.7098298
6,203.569,1742520327.7098298
7,221.368,1742520327.7098298
0,196.428,1742520327.7599587
1,191.218,1742520327.7599587
2,195.119,1742520327.7599587
3,184.789,1742520327.7599587
4,193.84,1742520327.7599587
5,198.537,1742520327.7599587
6,172.388,1742520327.7599587
7,191.584,1742520327.7599587
0,173.362,1742520327.8100913
1,165.58,1742520327.8100913
2,168.515,1742520327.8100913
3,184.789,1742520327.8100913
4,168.83,1742520327.8100913
5,173.561,1742520327.8100913
6,172.388,1742520327.8100913
7,191.584,1742520327.8100913
0,173.362,1742520327.8602252
1,165.58,1742520327.8602252
2,168.515,1742520327.8602252
3,158.473,1742520327.8602252
4,168.83,1742520327.8602252
5,173.561,1742520327.8602252
6,152.757,1742520327.8602252
7,169.57,1742520327.8602252
0,148.471,1742520327.9103606
1,144.364,1742520327.9103606
2,147.54,1742520327.9103606
3,158.473,1742520327.9103606
4,146.662,1742520327.9103606
5,149.348,1742520327.9103606
6,152.757,1742520327.9103606
7,169.57,1742520327.9103606
0,148.471,1742520327.9604964
1,144.364,1742520327.9604964
2,147.54,1742520327.9604964
3,133.751,1742520327.9604964
4,146.662,1742520327.9604964
5,149.348,1742520327.9604964
6,126.551,1742520327.9604964
7,133.684,1742520327.9604964
0,123.831,1742520328.0106308
1,119.767,1742520328.0106308
2,124.108,1742520328.0106308
3,133.751,1742520328.0106308
4,120.032,1742520328.0106308
5,122.057,1742520328.0106308
6,126.551,1742520328.0106308
7,133.684,1742520328.0106308
0,123.831,1742520328.0607667
1,119.767,1742520328.0607667
2,124.108,1742520328.0607667
3,119.627,1742520328.0607667
4,120.032,1742520328.0607667
5,122.057,1742520328.0607667
6,117.498,1742520328.0607667
7,126.0,1742520328.0607667
0,122.265,1742520328.110902
1,118.673,1742520328.110902
2,123.282,1742520328.110902
3,119.627,1742520328.110902
4,119.389,1742520328.110902
5,121.643,1742520328.110902
6,117.498,1742520328.110902
7,126.0,1742520328.110902
0,122.265,1742520328.1610339
1,118.673,1742520328.1610339
2,123.282,1742520328.1610339
3,119.51,1742520328.1610339
4,119.389,1742520328.1610339
5,121.643,1742520328.1610339
6,117.41,1742520328.1610339
7,125.815,1742520328.1610339
0,122.147,1742520328.2111769
1,118.546,1742520328.2111769
2,123.08,1742520328.2111769
3,119.51,1742520328.2111769
4,119.242,1742520328.2111769
5,121.596,1742520328.2111769
6,117.41,1742520328.2111769
7,125.815,1742520328.2111769
0,122.147,1742520328.2613046
1,118.546,1742520328.2613046
2,123.08,1742520328.2613046
3,119.421,1742520328.2613046
4,119.242,1742520328.2613046
5,121.596,1742520328.2613046
6,117.303,1742520328.2613046
7,125.655,1742520328.2613046
0,122.057,1742520328.3114247
1,118.418,1742520328.3114247
2,122.958,1742520328.3114247
3,119.421,1742520328.3114247
4,119.129,1742520328.3114247
5,121.55,1742520328.3114247
6,117.303,1742520328.3114247
7,125.655,1742520328.3114247
0,122.057,1742520328.3615596
1,118.418,1742520328.3615596
2,122.958,1742520328.3615596
3,119.29,1742520328.3615596
4,119.129,1742520328.3615596
5,121.55,1742520328.3615596
6,117.226,1742520328.3615596
7,125.56,1742520328.3615596
0,121.953,1742520328.4117389
1,118.395,1742520328.4117389
2,122.875,1742520328.4117389
3,119.29,1742520328.4117389
4,119.034,1742520328.4117389
5,121.558,1742520328.4117389
6,117.226,1742520328.4117389
7,125.56,1742520328.4117389
0,121.953,1742520328.4618707
1,118.395,1742520328.4618707
2,122.875,1742520328.4618707
3,119.224,1742520328.4618707
4,119.034,1742520328.4618707
5,121.558,1742520328.4618707
6,117.169,1742520328.4618707
7,125.497,1742520328.4618707
0,121.91,1742520328.5120056
1,118.279,1742520328.5120056
2,122.79,1742520328.5120056
3,119.224,1742520328.5120056
4,118.956,1742520328.5120056
5,121.531,1742520328.5120056
6,117.169,1742520328.5120056
7,125.497,1742520328.5120056
0,121.91,1742520328.5621407
1,118.279,1742520328.5621407
2,122.79,1742520328.5621407
3,119.165,1742520328.5621407
4,118.956,1742520328.5621407
5,121.531,1742520328.5621407
6,117.115,1742520328.5621407
7,125.417,1742520328.5621407
0,121.878,1742520328.6123111
1,118.316,1742520328.6123111
2,122.72,1742520328.6123111
3,119.165,1742520328.6123111
4,118.898,1742520328.6123111
5,121.53,1742520328.6123111
6,117.115,1742520328.6123111
7,125.417,1742520328.6123111
0,121.878,1742520328.6624415
1,118.316,1742520328.6624415
2,122.72,1742520328.6624415
3,119.127,1742520328.6624415
4,118.898,1742520328.6624415
5,121.53,1742520328.6624415
6,117.061,1742520328.6624415
7,125.382,1742520328.6624415
0,121.846,1742520328.7126536
1,118.168,1742520328.7126536
2,122.657,1742520328.7126536
3,119.127,1742520328.7126536
4,118.867,1742520328.7126536
5,121.544,1742520328.7126536
6,117.061,1742520328.7126536
7,125.382,1742520328.7126536
0,121.846,1742520328.7627847
1,118.168,1742520328.7627847
2,122.657,1742520328.7627847
3,119.096,1742520328.7627847
4,118.867,1742520328.7627847
5,121.544,1742520328.7627847
6,117.011,1742520328.7627847
7,125.321,1742520328.7627847
0,121.804,1742520328.8129196
1,118.247,1742520328.8129196
2,122.605,1742520328.8129196
3,119.096,1742520328.8129196
4,118.826,1742520328.8129196
5,121.559,1742520328.8129196
6,117.011,1742520328.8129196
7,125.321,1742520328.8129196
0,121.804,1742520328.8630538
1,118.247,1742520328.8630538
2,122.605,1742520328.8630538
3,119.072,1742520328.8630538
4,118.826,1742520328.8630538
5,121.559,1742520328.8630538
6,116.969,1742520328.8630538
7,125.253,1742520328.8630538
0,121.757,1742520328.9131851
1,118.091,1742520328.9131851
2,122.546,1742520328.9131851
3,119.072,1742520328.9131851
4,118.771,1742520328.9131851
5,121.504,1742520328.9131851
6,116.969,1742520328.9131851
7,125.253,1742520328.9131851
0,121.757,1742520328.9633174
1,118.091,1742520328.9633174
2,122.546,1742520328.9633174
3,119.046,1742520328.9633174
4,118.771,1742520328.9633174
5,121.504,1742520328.9633174
6,116.922,1742520328.9633174
7,125.217,1742520328.9633174
0,121.719,1742520329.013452
1,118.145,1742520329.013452
2,122.499,1742520329.013452
3,119.046,1742520329.013452
4,118.727,1742520329.013452
5,121.462,1742520329.013452
6,116.922,1742520329.013452
7,125.217,1742520329.013452
0,121.719,1742520329.0635858
1,118.145,1742520329.0635858
2,122.499,1742520329.0635858
3,119.005,1742520329.0635858
4,118.727,1742520329.0635858
5,121.462,1742520329.0635858
6,116.896,1742520329.0635858
7,125.154,1742520329.0635858
0,121.693,1742520329.1137288
1,118.051,1742520329.1137288
2,122.424,1742520329.1137288
3,119.005,1742520329.1137288
4,118.679,1742520329.1137288
5,121.438,1742520329.1137288
6,116.896,1742520329.1137288
7,125.154,1742520329.1137288
0,121.693,1742520329.1638606
1,118.051,1742520329.1638606
2,122.424,1742520329.1638606
3,118.965,1742520329.1638606
4,118.679,1742520329.1638606
5,121.438,1742520329.1638606
6,116.881,1742520329.1638606
7,125.114,1742520329.1638606
0,121.881,1742520329.2139955
1,119.294,1742520329.2139955
2,122.352,1742520329.2139955
3,118.965,1742520329.2139955
4,118.74,1742520329.2139955
5,122.053,1742520329.2139955
6,116.881,1742520329.2139955
7,125.114,1742520329.2139955
0,121.881,1742520329.2641284
1,119.294,1742520329.2641284
2,122.352,1742520329.2641284
3,131.572,1742520329.2641284
4,118.74,1742520329.2641284
5,122.053,1742520329.2641284
6,133.609,1742520329.2641284
7,132.649,1742520329.2641284
0,144.918,1742520329.3142233
1,142.7,1742520329.3142233
2,145.125,1742520329.3142233
3,131.572,1742520329.3142233
4,140.845,1742520329.3142233
5,145.851,1742520329.3142233
6,133.609,1742520329.3142233
7,132.649,1742520329.3142233
0,144.918,1742520329.3643572
1,142.7,1742520329.3643572
2,145.125,1742520329.3643572
3,156.775,1742520329.3643572
4,140.845,1742520329.3643572
5,145.851,1742520329.3643572
6,133.609,1742520329.3643572
7,158.945,1742520329.3643572
0,170.484,1742520329.414489
1,167.606,1742520329.414489
2,174.689,1742520329.414489
3,156.775,1742520329.414489
4,165.141,1742520329.414489
5,171.598,1742520329.414489
6,159.911,1742520329.414489
7,158.945,1742520329.414489
0,170.484,1742520329.4646149
1,167.606,1742520329.4646149
2,174.689,1742520329.4646149
3,182.82,1742520329.4646149
4,165.141,1742520329.4646149
5,171.598,1742520329.4646149
6,159.911,1742520329.4646149
7,184.565,1742520329.4646149
0,195.684,1742520329.514736
1,192.324,1742520329.514736
2,200.273,1742520329.514736
3,182.82,1742520329.514736
4,190.596,1742520329.514736
5,196.851,1742520329.514736
6,186.072,1742520329.514736
7,184.565,1742520329.514736
0,195.684,1742520329.5648942
1,192.324,1742520329.5648942
2,200.273,1742520329.5648942
3,205.879,1742520329.5648942
4,190.596,1742520329.5648942
5,196.851,1742520329.5648942
6,186.072,1742520329.5648942
7,208.638,1742520329.5648942
0,220.736,1742520329.6149943
1,219.397,1742520329.6149943
2,226.14,1742520329.6149943
3,205.879,1742520329.6149943
4,212.783,1742520329.6149943
5,222.546,1742520329.6149943
6,209.741,1742520329.6149943
7,208.638,1742520329.6149943
0,220.736,1742520329.6651134
1,219.397,1742520329.6651134
2,226.14,1742520329.6651134
3,233.73,1742520329.6651134
4,212.783,1742520329.6651134
5,222.546,1742520329.6651134
6,209.741,1742520329.6651134
7,235.91,1742520329.6651134
0,245.537,1742520329.7152126
1,245.786,1742520329.7152126
2,251.532,1742520329.7152126
3,233.73,1742520329.7152126
4,237.248,1742520329.7152126
5,248.542,1742520329.7152126
6,237.376,1742520329.7152126
7,235.91,1742520329.7152126
0,245.537,1742520329.7653346
1,245.786,1742520329.7653346
2,251.532,1742520329.7653346
3,256.746,1742520329.7653346
4,237.248,1742520329.7653346
5,248.542,1742520329.7653346
6,237.376,1742520329.7653346
7,259.362,1742520329.7653346
0,274.109,1742520329.8154607
1,269.085,1742520329.8154607
2,276.507,1742520329.8154607
3,256.746,1742520329.8154607
4,261.775,1742520329.8154607
5,274.908,1742520329.8154607
6,262.605,1742520329.8154607
7,259.362,1742520329.8154607
0,274.109,1742520329.8656132
1,269.085,1742520329.8656132
2,276.507,1742520329.8656132
3,285.604,1742520329.8656132
4,261.775,1742520329.8656132
5,274.908,1742520329.8656132
6,262.605,1742520329.8656132
7,288.753,1742520329.8656132
0,296.507,1742520329.915745
1,298.211,1742520329.915745
2,301.079,1742520329.915745
3,285.604,1742520329.915745
4,286.499,1742520329.915745
5,298.585,1742520329.915745
6,288.028,1742520329.915745
7,288.753,1742520329.915745
0,296.507,1742520329.9658349
1,298.211,1742520329.9658349
2,301.079,1742520329.9658349
3,308.209,1742520329.9658349
4,286.499,1742520329.9658349
5,298.585,1742520329.9658349
6,288.028,1742520329.9658349
7,315.615,1742520329.9658349
0,326.609,1742520330.0159578
1,323.469,1742520330.0159578
2,326.537,1742520330.0159578
3,308.209,1742520330.0159578
4,311.784,1742520330.0159578
5,328.794,1742520330.0159578
6,309.912,1742520330.0159578
7,315.615,1742520330.0159578
0,326.609,1742520330.0660386
1,323.469,1742520330.0660386
2,326.537,1742520330.0660386
3,338.719,1742520330.0660386
4,311.784,1742520330.0660386
5,328.794,1742520330.0660386
6,309.912,1742520330.0660386
7,342.729,1742520330.0660386
0,348.073,1742520330.1161575
1,343.653,1742520330.1161575
2,351.67,1742520330.1161575
3,338.719,1742520330.1161575
4,337.725,1742520330.1161575
5,349.87,1742520330.1161575
6,336.011,1742520330.1161575
7,342.729,1742520330.1161575
0,348.073,1742520330.166262
1,343.653,1742520330.166262
2,351.67,1742520330.166262
3,361.319,1742520330.166262
4,337.725,1742520330.166262
5,349.87,1742520330.166262
6,336.011,1742520330.166262
7,369.392,1742520330.166262
0,373.127,1742520330.216383
1,369.269,1742520330.216383
2,371.611,1742520330.216383
3,361.319,1742520330.216383
4,363.453,1742520330.216383
5,381.556,1742520330.216383
6,366.977,1742520330.216383
7,369.392,1742520330.216383
0,373.127,1742520330.2666342
1,369.269,1742520330.2666342
2,371.611,1742520330.2666342
3,379.332,1742520330.2666342
4,363.453,1742520330.2666342
5,381.556,1742520330.2666342
6,366.977,1742520330.2666342
7,389.442,1742520330.2666342
0,379.209,1742520330.3167675
1,373.86,1742520330.3167675
2,373.227,1742520330.3167675
3,379.332,1742520330.3167675
4,367.404,1742520330.3167675
5,380.904,1742520330.3167675
6,376.283,1742520330.3167675
7,389.442,1742520330.3167675
0,379.209,1742520330.366902
1,373.86,1742520330.366902
2,373.227,1742520330.366902
3,380.124,1742520330.366902
4,367.404,1742520330.366902
5,380.904,1742520330.366902
6,376.283,1742520330.366902
7,389.176,1742520330.366902
0,378.872,1742520330.4170036
1,374.838,1742520330.4170036
2,372.081,1742520330.4170036
3,380.124,1742520330.4170036
4,367.35,1742520330.4170036
5,381.484,1742520330.4170036
6,374.681,1742520330.4170036
7,389.176,1742520330.4170036
0,378.872,1742520330.467095
1,374.838,1742520330.467095
2,372.081,1742520330.467095
3,380.63,1742520330.467095
4,367.35,1742520330.467095
5,381.484,1742520330.467095
6,374.681,1742520330.467095
7,388.521,1742520330.467095
0,378.76,1742520330.5172284
1,374.033,1742520330.5172284
2,370.451,1742520330.5172284
3,380.63,1742520330.5172284
4,368.183,1742520330.5172284
5,382.367,1742520330.5172284
6,377.259,1742520330.5172284
7,388.521,1742520330.5172284
0,378.76,1742520330.5674286
1,374.033,1742520330.5674286
2,370.451,1742520330.5674286
3,378.929,1742520330.5674286
4,368.183,1742520330.5674286
5,382.367,1742520330.5674286
6,377.259,1742520330.5674286
7,388.825,1742520330.5674286
0,377.365,1742520330.6175616
1,374.422,1742520330.6175616
2,369.146,1742520330.6175616
3,378.929,1742520330.6175616
4,371.075,1742520330.6175616
5,382.457,1742520330.6175616
6,377.784,1742520330.6175616
7,388.825,1742520330.6175616
0,377.365,1742520330.667687
1,374.422,1742520330.667687
2,369.146,1742520330.667687
3,380.152,1742520330.667687
4,371.075,1742520330.667687
5,382.457,1742520330.667687
6,377.784,1742520330.667687
7,388.603,1742520330.667687
0,377.995,1742520330.7178173
1,374.399,1742520330.7178173
2,369.139,1742520330.7178173
3,380.152,1742520330.7178173
4,371.62,1742520330.7178173
5,382.833,1742520330.7178173
6,376.794,1742520330.7178173
7,388.603,1742520330.7178173
0,377.995,1742520330.7679524
1,374.399,1742520330.7679524
2,369.139,1742520330.7679524
3,377.544,1742520330.7679524
4,371.62,1742520330.7679524
5,382.833,1742520330.7679524
6,376.794,1742520330.7679524
7,388.052,1742520330.7679524
0,377.026,1742520330.818088
1,373.434,1742520330.818088
2,370.461,1742520330.818088
3,377.544,1742520330.818088
4,371.772,1742520330.818088
5,382.944,1742520330.818088
6,374.749,1742520330.818088
7,388.052,1742520330.818088
0,377.026,1742520330.8681803
1,373.434,1742520330.8681803
2,370.461,1742520330.8681803
3,378.529,1742520330.8681803
4,371.772,1742520330.8681803
5,382.944,1742520330.8681803
6,374.749,1742520330.8681803
7,385.276,1742520330.8681803
0,375.839,1742520330.9183009
1,372.291,1742520330.9183009
2,370.83,1742520330.9183009
3,378.529,1742520330.9183009
4,371.273,1742520330.9183009
5,381.975,1742520330.9183009
6,375.783,1742520330.9183009
7,385.276,1742520330.9183009
0,375.839,1742520330.9684267
1,372.291,1742520330.9684267
2,370.83,1742520330.9684267
3,377.777,1742520330.9684267
4,371.273,1742520330.9684267
5,381.975,1742520330.9684267
6,375.783,1742520330.9684267
7,384.013,1742520330.9684267
0,375.031,1742520331.018558
1,372.683,1742520331.018558
2,371.158,1742520331.018558
3,377.777,1742520331.018558
4,371.798,1742520331.018558
5,381.379,1742520331.018558
6,374.782,1742520331.018558
7,384.013,1742520331.018558
0,375.031,1742520331.0686922
1,372.683,1742520331.0686922
2,371.158,1742520331.0686922
3,376.75,1742520331.0686922
4,371.798,1742520331.0686922
5,381.379,1742520331.0686922
6,374.782,1742520331.0686922
7,382.288,1742520331.0686922
0,373.55,1742520331.11883
1,373.311,1742520331.11883
2,372.22,1742520331.11883
3,376.75,1742520331.11883
4,369.681,1742520331.11883
5,381.379,1742520331.11883
6,372.795,1742520331.11883
7,382.288,1742520331.11883
0,373.55,1742520331.168964
1,373.311,1742520331.168964
2,372.22,1742520331.168964
3,374.977,1742520331.168964
4,369.681,1742520331.168964
5,381.178,1742520331.168964
6,372.795,1742520331.168964
7,381.092,1742520331.168964
0,373.263,1742520331.2190983
1,372.465,1742520331.2190983
2,373.065,1742520331.2190983
3,374.977,1742520331.2190983
4,369.978,1742520331.2190983
5,381.178,1742520331.2190983
6,371.911,1742520331.2190983
7,381.092,1742520331.2190983
0,373.263,1742520331.2691913
1,372.465,1742520331.2691913
2,373.065,1742520331.2691913
3,374.359,1742520331.2691913
4,369.978,1742520331.2691913
5,382.086,1742520331.2691913
6,371.911,1742520331.2691913
7,379.843,1742520331.2691913
0,372.316,1742520331.3193111
1,371.512,1742520331.3193111
2,373.966,1742520331.3193111
3,374.359,1742520331.3193111
4,367.921,1742520331.3193111
5,381.783,1742520331.3193111
6,370.22,1742520331.3193111
7,379.843,1742520331.3193111
0,372.316,1742520331.3694386
1,371.512,1742520331.3694386
2,373.966,1742520331.3694386
3,374.032,1742520331.3694386
4,367.921,1742520331.3694386
5,381.783,1742520331.3694386
6,370.22,1742520331.3694386
7,378.767,1742520331.3694386
0,372.316,1742520331.419564
1,370.8,1742520331.419564
2,375.124,1742520331.419564
3,374.032,1742520331.419564
4,367.3,1742520331.419564
5,383.002,1742520331.419564
6,369.409,1742520331.419564
7,378.767,1742520331.419564
0,370.935,1742520331.4696884
1,370.8,1742520331.4696884
2,375.124,1742520331.4696884
3,374.032,1742520331.4696884
4,367.3,1742520331.4696884
5,383.002,1742520331.4696884
6,369.409,1742520331.4696884
7,378.469,1742520331.4696884
0,370.935,1742520331.5198207
1,370.207,1742520331.5198207
2,375.367,1742520331.5198207
3,372.519,1742520331.5198207
4,364.984,1742520331.5198207
5,383.002,1742520331.5198207
6,367.298,1742520331.5198207
7,378.469,1742520331.5198207
0,370.512,1742520331.569982
1,370.207,1742520331.569982
2,375.367,1742520331.569982
3,372.519,1742520331.569982
4,364.984,1742520331.569982
5,381.578,1742520331.569982
6,367.298,1742520331.569982
7,377.323,1742520331.569982
0,370.512,1742520331.620116
1,369.063,1742520331.620116
2,376.627,1742520331.620116
3,373.147,1742520331.620116
4,364.313,1742520331.620116
5,381.578,1742520331.620116
6,363.417,1742520331.620116
7,377.323,1742520331.620116
