GPU_ID,Power_Usage_W,Timestamp
0,120.589,1742511026.5882034
1,116.895,1742511026.5882034
2,121.1,1742511026.5882034
3,118.717,1742511026.5882034
4,117.665,1742511026.5882034
5,120.795,1742511026.5882034
6,117.466,1742511026.5882034
7,123.733,1742511026.5882034
0,120.576,1742511026.6382775
1,116.97,1742511026.6382775
2,121.1,1742511026.6382775
3,118.717,1742511026.6382775
4,117.68,1742511026.6382775
5,120.777,1742511026.6382775
6,117.466,1742511026.6382775
7,123.733,1742511026.6382775
0,120.576,1742511026.688413
1,116.97,1742511026.688413
2,121.109,1742511026.688413
3,118.71,1742511026.688413
4,117.68,1742511026.688413
5,120.777,1742511026.688413
6,117.446,1742511026.688413
7,123.741,1742511026.688413
0,120.597,1742511026.7385418
1,116.929,1742511026.7385418
2,121.109,1742511026.7385418
3,118.71,1742511026.7385418
4,117.666,1742511026.7385418
5,120.774,1742511026.7385418
6,117.446,1742511026.7385418
7,123.741,1742511026.7385418
0,120.597,1742511026.788682
1,116.929,1742511026.788682
2,121.096,1742511026.788682
3,118.703,1742511026.788682
4,117.666,1742511026.788682
5,120.774,1742511026.788682
6,117.437,1742511026.788682
7,123.721,1742511026.788682
0,120.583,1742511026.8388212
1,116.902,1742511026.8388212
2,121.096,1742511026.8388212
3,118.703,1742511026.8388212
4,117.679,1742511026.8388212
5,120.788,1742511026.8388212
6,117.437,1742511026.8388212
7,123.721,1742511026.8388212
0,120.583,1742511026.888948
1,116.902,1742511026.888948
2,121.096,1742511026.888948
3,118.702,1742511026.888948
4,117.679,1742511026.888948
5,120.788,1742511026.888948
6,117.458,1742511026.888948
7,123.681,1742511026.888948
0,120.54,1742511026.9390786
1,116.96,1742511026.9390786
2,121.096,1742511026.9390786
3,118.702,1742511026.9390786
4,117.7,1742511026.9390786
5,120.747,1742511026.9390786
6,117.458,1742511026.9390786
7,123.681,1742511026.9390786
0,120.54,1742511026.9892619
1,116.96,1742511026.9892619
2,121.088,1742511026.9892619
3,118.71,1742511026.9892619
4,117.7,1742511026.9892619
5,120.747,1742511026.9892619
6,117.459,1742511026.9892619
7,123.673,1742511026.9892619
0,120.541,1742511027.0394068
1,116.854,1742511027.0394068
2,121.088,1742511027.0394068
3,118.71,1742511027.0394068
4,117.66,1742511027.0394068
5,120.744,1742511027.0394068
6,117.459,1742511027.0394068
7,123.673,1742511027.0394068
0,120.541,1742511027.089553
1,116.854,1742511027.089553
2,121.075,1742511027.089553
3,118.69,1742511027.089553
4,117.66,1742511027.089553
5,120.744,1742511027.089553
6,117.458,1742511027.089553
7,123.659,1742511027.089553
0,120.53,1742511027.1396945
1,116.984,1742511027.1396945
2,121.075,1742511027.1396945
3,118.69,1742511027.1396945
4,117.666,1742511027.1396945
5,120.701,1742511027.1396945
6,117.458,1742511027.1396945
7,123.659,1742511027.1396945
0,120.53,1742511027.1898205
1,116.984,1742511027.1898205
2,121.074,1742511027.1898205
3,118.696,1742511027.1898205
4,117.666,1742511027.1898205
5,120.701,1742511027.1898205
6,117.453,1742511027.1898205
7,123.671,1742511027.1898205
0,120.524,1742511027.2399495
1,116.861,1742511027.2399495
2,121.074,1742511027.2399495
3,118.696,1742511027.2399495
4,117.646,1742511027.2399495
5,120.725,1742511027.2399495
6,117.453,1742511027.2399495
7,123.671,1742511027.2399495
0,120.524,1742511027.290093
1,116.861,1742511027.290093
2,121.066,1742511027.290093
3,118.684,1742511027.290093
4,117.646,1742511027.290093
5,120.725,1742511027.290093
6,117.426,1742511027.290093
7,123.678,1742511027.290093
0,120.563,1742511027.3402388
1,117.003,1742511027.3402388
2,121.066,1742511027.3402388
3,118.684,1742511027.3402388
4,117.653,1742511027.3402388
5,120.698,1742511027.3402388
6,117.426,1742511027.3402388
7,123.678,1742511027.3402388
0,120.563,1742511027.3903613
1,117.003,1742511027.3903613
2,121.059,1742511027.3903613
3,118.67,1742511027.3903613
4,117.653,1742511027.3903613
5,120.698,1742511027.3903613
6,117.425,1742511027.3903613
7,123.678,1742511027.3903613
0,120.559,1742511027.4405017
1,116.863,1742511027.4405017
2,121.059,1742511027.4405017
3,118.67,1742511027.4405017
4,117.646,1742511027.4405017
5,120.723,1742511027.4405017
6,117.425,1742511027.4405017
7,123.678,1742511027.4405017
0,120.559,1742511027.4906387
1,116.863,1742511027.4906387
2,121.031,1742511027.4906387
3,118.677,1742511027.4906387
4,117.646,1742511027.4906387
5,120.723,1742511027.4906387
6,117.42,1742511027.4906387
7,123.698,1742511027.4906387
0,120.534,1742511027.5407677
1,116.99,1742511027.5407677
2,121.031,1742511027.5407677
3,118.677,1742511027.5407677
4,117.652,1742511027.5407677
5,120.713,1742511027.5407677
6,117.42,1742511027.5407677
7,123.698,1742511027.5407677
0,120.534,1742511027.5909002
1,116.99,1742511027.5909002
2,121.033,1742511027.5909002
3,118.683,1742511027.5909002
4,117.652,1742511027.5909002
5,120.713,1742511027.5909002
6,117.411,1742511027.5909002
7,123.672,1742511027.5909002
0,120.55,1742511027.6410391
1,116.85,1742511027.6410391
2,121.033,1742511027.6410391
3,118.683,1742511027.6410391
4,117.663,1742511027.6410391
5,120.718,1742511027.6410391
6,117.411,1742511027.6410391
7,123.672,1742511027.6410391
0,120.55,1742511027.69118
1,116.85,1742511027.69118
2,121.019,1742511027.69118
3,118.67,1742511027.69118
4,117.663,1742511027.69118
5,120.718,1742511027.69118
6,117.423,1742511027.69118
7,123.644,1742511027.69118
0,120.53,1742511027.741307
1,116.949,1742511027.741307
2,121.019,1742511027.741307
3,118.67,1742511027.741307
4,117.636,1742511027.741307
5,120.725,1742511027.741307
6,117.423,1742511027.741307
7,123.644,1742511027.741307
0,120.53,1742511027.7914953
1,116.949,1742511027.7914953
2,121.008,1742511027.7914953
3,118.684,1742511027.7914953
4,117.636,1742511027.7914953
5,120.725,1742511027.7914953
6,117.405,1742511027.7914953
7,123.639,1742511027.7914953
0,120.502,1742511027.841619
1,116.877,1742511027.841619
2,121.008,1742511027.841619
3,118.684,1742511027.841619
4,117.63,1742511027.841619
5,120.71,1742511027.841619
6,117.405,1742511027.841619
7,123.639,1742511027.841619
0,120.502,1742511027.891744
1,116.877,1742511027.891744
2,121.001,1742511027.891744
3,118.709,1742511027.891744
4,117.63,1742511027.891744
5,120.71,1742511027.891744
6,117.4,1742511027.891744
7,123.639,1742511027.891744
0,120.483,1742511027.9418688
1,116.945,1742511027.9418688
2,121.001,1742511027.9418688
3,118.709,1742511027.9418688
4,117.608,1742511027.9418688
5,120.716,1742511027.9418688
6,117.4,1742511027.9418688
7,123.639,1742511027.9418688
0,120.483,1742511027.9920046
1,116.945,1742511027.9920046
2,121.002,1742511027.9920046
3,118.684,1742511027.9920046
4,117.608,1742511027.9920046
5,120.716,1742511027.9920046
6,117.376,1742511027.9920046
7,123.65,1742511027.9920046
0,120.441,1742511028.0421388
1,116.944,1742511028.0421388
2,121.002,1742511028.0421388
3,118.684,1742511028.0421388
4,117.615,1742511028.0421388
5,120.718,1742511028.0421388
6,117.376,1742511028.0421388
7,123.65,1742511028.0421388
0,120.441,1742511028.0922654
1,116.944,1742511028.0922654
2,120.987,1742511028.0922654
3,118.683,1742511028.0922654
4,117.615,1742511028.0922654
5,120.718,1742511028.0922654
6,117.371,1742511028.0922654
7,123.638,1742511028.0922654
0,120.447,1742511028.1423905
1,116.884,1742511028.1423905
2,120.987,1742511028.1423905
3,118.683,1742511028.1423905
4,117.592,1742511028.1423905
5,120.74,1742511028.1423905
6,117.371,1742511028.1423905
7,123.638,1742511028.1423905
0,120.447,1742511028.1925154
1,116.884,1742511028.1925154
2,120.983,1742511028.1925154
3,118.664,1742511028.1925154
4,117.592,1742511028.1925154
5,120.74,1742511028.1925154
6,117.397,1742511028.1925154
7,123.626,1742511028.1925154
0,120.416,1742511028.2426503
1,116.943,1742511028.2426503
2,120.983,1742511028.2426503
3,118.664,1742511028.2426503
4,117.58,1742511028.2426503
5,120.74,1742511028.2426503
6,117.397,1742511028.2426503
7,123.626,1742511028.2426503
0,120.416,1742511028.292785
1,116.943,1742511028.292785
2,120.984,1742511028.292785
3,118.651,1742511028.292785
4,117.58,1742511028.292785
5,120.701,1742511028.292785
6,117.401,1742511028.292785
7,123.598,1742511028.292785
0,120.37,1742511028.3429198
1,116.828,1742511028.3429198
2,120.984,1742511028.3429198
3,118.651,1742511028.3429198
4,117.587,1742511028.3429198
5,120.701,1742511028.3429198
6,117.401,1742511028.3429198
7,123.598,1742511028.3429198
0,120.37,1742511028.393046
1,116.828,1742511028.393046
2,120.983,1742511028.393046
3,118.657,1742511028.393046
4,117.587,1742511028.393046
5,120.736,1742511028.393046
6,117.385,1742511028.393046
7,123.594,1742511028.393046
0,120.329,1742511028.4431815
1,116.963,1742511028.4431815
2,120.983,1742511028.4431815
3,118.657,1742511028.4431815
4,117.567,1742511028.4431815
5,120.736,1742511028.4431815
6,117.385,1742511028.4431815
7,123.594,1742511028.4431815
0,120.329,1742511028.4933066
1,116.963,1742511028.4933066
2,120.986,1742511028.4933066
3,118.657,1742511028.4933066
4,117.567,1742511028.4933066
5,120.674,1742511028.4933066
6,117.377,1742511028.4933066
7,123.572,1742511028.4933066
0,120.285,1742511028.543472
1,116.828,1742511028.543472
2,120.986,1742511028.543472
3,118.657,1742511028.543472
4,117.547,1742511028.543472
5,120.674,1742511028.543472
6,117.377,1742511028.543472
7,123.572,1742511028.543472
0,120.285,1742511028.5935974
1,116.828,1742511028.5935974
2,120.992,1742511028.5935974
3,118.65,1742511028.5935974
4,117.547,1742511028.5935974
5,120.709,1742511028.5935974
6,117.361,1742511028.5935974
7,123.562,1742511028.5935974
0,120.258,1742511028.6437325
1,116.959,1742511028.6437325
2,120.992,1742511028.6437325
3,118.65,1742511028.6437325
4,117.524,1742511028.6437325
5,120.709,1742511028.6437325
6,117.361,1742511028.6437325
7,123.562,1742511028.6437325
0,120.258,1742511028.6938584
1,116.959,1742511028.6938584
2,120.992,1742511028.6938584
3,118.637,1742511028.6938584
4,117.524,1742511028.6938584
5,120.67,1742511028.6938584
6,117.352,1742511028.6938584
7,123.549,1742511028.6938584
0,120.225,1742511028.743993
1,116.817,1742511028.743993
2,120.992,1742511028.743993
3,118.637,1742511028.743993
4,117.514,1742511028.743993
5,120.67,1742511028.743993
6,117.352,1742511028.743993
7,123.549,1742511028.743993
0,120.225,1742511028.7941277
1,116.817,1742511028.7941277
2,121.005,1742511028.7941277
3,118.617,1742511028.7941277
4,117.514,1742511028.7941277
5,120.69,1742511028.7941277
6,117.344,1742511028.7941277
7,123.549,1742511028.7941277
0,121.503,1742511028.8442957
1,125.833,1742511028.8442957
2,121.005,1742511028.8442957
3,118.617,1742511028.8442957
4,119.483,1742511028.8442957
5,120.69,1742511028.8442957
6,117.344,1742511028.8442957
7,123.549,1742511028.8442957
0,121.503,1742511028.8944294
1,125.833,1742511028.8944294
2,137.195,1742511028.8944294
3,135.594,1742511028.8944294
4,119.483,1742511028.8944294
5,131.148,1742511028.8944294
6,141.859,1742511028.8944294
7,137.815,1742511028.8944294
0,144.27,1742511028.9445553
1,150.424,1742511028.9445553
2,137.195,1742511028.9445553
3,135.594,1742511028.9445553
4,144.477,1742511028.9445553
5,131.148,1742511028.9445553
6,141.859,1742511028.9445553
7,137.815,1742511028.9445553
0,144.27,1742511028.9946918
1,150.424,1742511028.9946918
2,161.647,1742511028.9946918
3,161.405,1742511028.9946918
4,144.477,1742511028.9946918
5,163.776,1742511028.9946918
6,167.548,1742511028.9946918
7,162.031,1742511028.9946918
0,169.956,1742511029.0448167
1,174.854,1742511029.0448167
2,161.647,1742511029.0448167
3,161.405,1742511029.0448167
4,169.537,1742511029.0448167
5,163.776,1742511029.0448167
6,167.548,1742511029.0448167
7,162.031,1742511029.0448167
0,169.956,1742511029.0949411
1,174.854,1742511029.0949411
2,192.777,1742511029.0949411
3,187.723,1742511029.0949411
4,169.537,1742511029.0949411
5,188.889,1742511029.0949411
6,192.447,1742511029.0949411
7,186.587,1742511029.0949411
0,195.516,1742511029.1450675
1,198.129,1742511029.1450675
2,192.777,1742511029.1450675
3,187.723,1742511029.1450675
4,193.499,1742511029.1450675
5,188.889,1742511029.1450675
6,192.447,1742511029.1450675
7,186.587,1742511029.1450675
0,195.516,1742511029.1951914
1,198.129,1742511029.1951914
2,217.574,1742511029.1951914
3,213.29,1742511029.1951914
4,193.499,1742511029.1951914
5,215.382,1742511029.1951914
6,218.001,1742511029.1951914
7,212.53,1742511029.1951914
0,220.289,1742511029.245319
1,224.362,1742511029.245319
2,217.574,1742511029.245319
3,213.29,1742511029.245319
4,218.312,1742511029.245319
5,215.382,1742511029.245319
6,218.001,1742511029.245319
7,212.53,1742511029.245319
0,220.289,1742511029.2954578
1,224.362,1742511029.2954578
2,242.641,1742511029.2954578
3,239.42,1742511029.2954578
4,218.312,1742511029.2954578
5,242.614,1742511029.2954578
6,243.504,1742511029.2954578
7,236.687,1742511029.2954578
0,249.483,1742511029.345595
1,224.362,1742511029.345595
2,242.641,1742511029.345595
3,239.42,1742511029.345595
4,251.457,1742511029.345595
5,242.614,1742511029.345595
6,243.504,1742511029.345595
7,236.687,1742511029.345595
0,249.483,1742511029.3957334
1,249.758,1742511029.3957334
2,267.542,1742511029.3957334
3,264.957,1742511029.3957334
4,251.457,1742511029.3957334
5,269.461,1742511029.3957334
6,271.192,1742511029.3957334
7,265.483,1742511029.3957334
0,274.108,1742511029.445858
1,249.758,1742511029.445858
2,267.542,1742511029.445858
3,264.957,1742511029.445858
4,272.347,1742511029.445858
5,269.461,1742511029.445858
6,271.192,1742511029.445858
7,265.483,1742511029.445858
0,274.108,1742511029.4959834
1,277.066,1742511029.4959834
2,267.542,1742511029.4959834
3,289.777,1742511029.4959834
4,272.347,1742511029.4959834
5,296.134,1742511029.4959834
6,271.192,1742511029.4959834
7,292.016,1742511029.4959834
0,300.004,1742511029.546123
1,277.066,1742511029.546123
2,292.456,1742511029.546123
3,289.777,1742511029.546123
4,300.787,1742511029.546123
5,296.134,1742511029.546123
6,292.737,1742511029.546123
7,292.016,1742511029.546123
0,300.004,1742511029.5962586
1,305.834,1742511029.5962586
2,292.456,1742511029.5962586
3,314.824,1742511029.5962586
4,300.787,1742511029.5962586
5,322.457,1742511029.5962586
6,292.737,1742511029.5962586
7,318.055,1742511029.5962586
0,325.191,1742511029.6463935
1,305.834,1742511029.6463935
2,316.994,1742511029.6463935
3,314.824,1742511029.6463935
4,325.626,1742511029.6463935
5,322.457,1742511029.6463935
6,322.207,1742511029.6463935
7,318.055,1742511029.6463935
0,325.191,1742511029.6965654
1,327.449,1742511029.6965654
2,316.994,1742511029.6965654
3,340.318,1742511029.6965654
4,325.626,1742511029.6965654
5,349.225,1742511029.6965654
6,322.207,1742511029.6965654
7,352.294,1742511029.6965654
0,350.678,1742511029.746689
1,327.449,1742511029.746689
2,342.02,1742511029.746689
3,340.318,1742511029.746689
4,354.778,1742511029.746689
5,349.225,1742511029.746689
6,346.396,1742511029.746689
7,352.294,1742511029.746689
0,350.678,1742511029.7968152
1,357.485,1742511029.7968152
2,342.02,1742511029.7968152
3,365.352,1742511029.7968152
4,354.778,1742511029.7968152
5,376.288,1742511029.7968152
6,346.396,1742511029.7968152
7,379.558,1742511029.7968152
0,372.209,1742511029.8469503
1,357.485,1742511029.8469503
2,366.381,1742511029.8469503
3,365.352,1742511029.8469503
4,368.948,1742511029.8469503
5,376.288,1742511029.8469503
6,371.865,1742511029.8469503
7,379.558,1742511029.8469503
0,372.209,1742511029.8970757
1,369.307,1742511029.8970757
2,366.381,1742511029.8970757
3,374.212,1742511029.8970757
4,368.948,1742511029.8970757
5,386.001,1742511029.8970757
6,371.865,1742511029.8970757
7,384.92,1742511029.8970757
0,373.66,1742511029.9472623
1,369.307,1742511029.9472623
2,368.835,1742511029.9472623
3,374.212,1742511029.9472623
4,368.526,1742511029.9472623
5,386.001,1742511029.9472623
6,370.348,1742511029.9472623
7,384.92,1742511029.9472623
0,373.66,1742511029.9974086
1,369.654,1742511029.9974086
2,368.835,1742511029.9974086
3,373.42,1742511029.9974086
4,368.526,1742511029.9974086
5,385.896,1742511029.9974086
6,370.348,1742511029.9974086
7,387.511,1742511029.9974086
0,373.767,1742511030.047533
1,369.654,1742511030.047533
2,370.302,1742511030.047533
3,373.42,1742511030.047533
4,367.674,1742511030.047533
5,385.896,1742511030.047533
6,370.932,1742511030.047533
7,387.511,1742511030.047533
0,373.767,1742511030.09766
1,371.744,1742511030.09766
2,370.302,1742511030.09766
3,372.537,1742511030.09766
4,367.674,1742511030.09766
5,384.594,1742511030.09766
6,370.932,1742511030.09766
7,390.557,1742511030.09766
0,374.249,1742511030.147799
1,371.744,1742511030.147799
2,370.858,1742511030.147799
3,372.537,1742511030.147799
4,366.861,1742511030.147799
5,384.594,1742511030.147799
6,369.337,1742511030.147799
7,390.557,1742511030.147799
0,374.249,1742511030.1980517
1,372.931,1742511030.1980517
2,370.858,1742511030.1980517
3,370.828,1742511030.1980517
4,366.861,1742511030.1980517
5,384.506,1742511030.1980517
6,369.337,1742511030.1980517
7,390.464,1742511030.1980517
0,373.677,1742511030.2481766
1,372.931,1742511030.2481766
2,370.353,1742511030.2481766
3,370.828,1742511030.2481766
4,365.841,1742511030.2481766
5,384.506,1742511030.2481766
6,367.927,1742511030.2481766
7,390.464,1742511030.2481766
0,373.677,1742511030.298313
1,374.395,1742511030.298313
2,370.353,1742511030.298313
3,368.546,1742511030.298313
4,365.841,1742511030.298313
5,383.036,1742511030.298313
6,367.927,1742511030.298313
7,391.031,1742511030.298313
0,373.695,1742511030.348437
1,374.395,1742511030.348437
2,370.085,1742511030.348437
3,368.546,1742511030.348437
4,364.33,1742511030.348437
5,383.036,1742511030.348437
6,367.468,1742511030.348437
7,391.031,1742511030.348437
0,373.695,1742511030.3985627
1,376.292,1742511030.3985627
2,370.085,1742511030.3985627
3,369.081,1742511030.3985627
4,364.33,1742511030.3985627
5,384.674,1742511030.3985627
6,367.468,1742511030.3985627
7,390.679,1742511030.3985627
0,374.55,1742511030.4487436
1,376.292,1742511030.4487436
2,370.007,1742511030.4487436
3,369.081,1742511030.4487436
4,361.789,1742511030.4487436
5,384.674,1742511030.4487436
6,366.564,1742511030.4487436
7,390.679,1742511030.4487436
0,374.55,1742511030.4988737
1,373.985,1742511030.4988737
2,370.007,1742511030.4988737
3,368.452,1742511030.4988737
4,361.789,1742511030.4988737
5,379.296,1742511030.4988737
6,366.564,1742511030.4988737
7,387.095,1742511030.4988737
0,372.037,1742511030.549
1,373.985,1742511030.549
2,368.808,1742511030.549
3,368.452,1742511030.549
4,359.612,1742511030.549
5,379.296,1742511030.549
6,364.959,1742511030.549
7,387.095,1742511030.549
0,372.037,1742511030.5991356
1,371.982,1742511030.5991356
2,368.808,1742511030.5991356
3,366.26,1742511030.5991356
4,359.612,1742511030.5991356
5,374.634,1742511030.5991356
6,364.959,1742511030.5991356
7,386.307,1742511030.5991356
0,370.211,1742511030.6493115
1,371.982,1742511030.6493115
2,368.051,1742511030.6493115
3,366.26,1742511030.6493115
4,357.921,1742511030.6493115
5,374.634,1742511030.6493115
6,362.968,1742511030.6493115
7,386.307,1742511030.6493115
0,370.211,1742511030.699437
1,369.32,1742511030.699437
2,368.051,1742511030.699437
3,362.545,1742511030.699437
4,357.921,1742511030.699437
5,369.366,1742511030.699437
6,362.968,1742511030.699437
7,380.819,1742511030.699437
0,368.477,1742511030.7495794
1,369.32,1742511030.7495794
2,366.828,1742511030.7495794
3,362.545,1742511030.7495794
4,357.871,1742511030.7495794
5,369.366,1742511030.7495794
6,362.491,1742511030.7495794
7,380.819,1742511030.7495794
0,368.477,1742511030.7997055
1,366.976,1742511030.7997055
2,366.828,1742511030.7997055
3,361.808,1742511030.7997055
4,357.871,1742511030.7997055
5,365.285,1742511030.7997055
6,362.491,1742511030.7997055
7,379.833,1742511030.7997055
0,366.984,1742511030.849837
1,366.976,1742511030.849837
2,365.071,1742511030.849837
3,361.808,1742511030.849837
4,356.977,1742511030.849837
5,365.285,1742511030.849837
6,363.637,1742511030.849837
7,379.833,1742511030.849837
0,366.984,1742511030.899973
1,365.166,1742511030.899973
2,365.071,1742511030.899973
3,360.685,1742511030.899973
4,356.977,1742511030.899973
5,365.248,1742511030.899973
6,363.637,1742511030.899973
7,377.158,1742511030.899973
0,367.39,1742511030.9501154
1,365.166,1742511030.9501154
2,364.809,1742511030.9501154
3,360.685,1742511030.9501154
4,355.926,1742511030.9501154
5,365.248,1742511030.9501154
6,363.019,1742511030.9501154
7,377.158,1742511030.9501154
0,367.39,1742511031.0002532
1,366.534,1742511031.0002532
2,364.809,1742511031.0002532
3,361.398,1742511031.0002532
4,355.926,1742511031.0002532
5,362.91,1742511031.0002532
6,363.019,1742511031.0002532
7,377.009,1742511031.0002532
0,367.833,1742511031.0504663
1,366.534,1742511031.0504663
2,364.076,1742511031.0504663
3,361.398,1742511031.0504663
4,355.926,1742511031.0504663
5,362.91,1742511031.0504663
6,364.089,1742511031.0504663
7,377.009,1742511031.0504663
0,367.833,1742511031.1006103
1,361.323,1742511031.1006103
2,364.076,1742511031.1006103
3,362.275,1742511031.1006103
4,355.323,1742511031.1006103
5,363.25,1742511031.1006103
6,364.089,1742511031.1006103
7,376.299,1742511031.1006103
0,368.377,1742511031.1507523
1,361.323,1742511031.1507523
2,363.84,1742511031.1507523
3,362.275,1742511031.1507523
4,355.323,1742511031.1507523
5,363.25,1742511031.1507523
6,362.593,1742511031.1507523
7,376.299,1742511031.1507523
0,368.377,1742511031.2008882
1,359.187,1742511031.2008882
2,363.84,1742511031.2008882
3,362.084,1742511031.2008882
4,355.332,1742511031.2008882
5,364.11,1742511031.2008882
6,362.593,1742511031.2008882
7,375.321,1742511031.2008882
0,369.639,1742511031.2510288
1,359.187,1742511031.2510288
2,364.819,1742511031.2510288
3,362.084,1742511031.2510288
4,355.332,1742511031.2510288
5,364.11,1742511031.2510288
6,363.137,1742511031.2510288
7,375.321,1742511031.2510288
0,369.639,1742511031.301168
1,358.11,1742511031.301168
2,364.819,1742511031.301168
3,362.084,1742511031.301168
4,355.787,1742511031.301168
5,363.299,1742511031.301168
6,363.137,1742511031.301168
7,375.321,1742511031.301168
0,370.826,1742511031.3513052
1,358.11,1742511031.3513052
2,365.08,1742511031.3513052
3,362.921,1742511031.3513052
4,355.787,1742511031.3513052
5,363.299,1742511031.3513052
6,362.442,1742511031.3513052
7,375.192,1742511031.3513052
0,370.826,1742511031.4014423
1,355.851,1742511031.4014423
2,365.08,1742511031.4014423
3,362.921,1742511031.4014423
4,355.629,1742511031.4014423
5,363.299,1742511031.4014423
6,362.442,1742511031.4014423
7,375.192,1742511031.4014423
0,372.02,1742511031.451568
1,355.851,1742511031.451568
2,366.248,1742511031.451568
3,366.589,1742511031.451568
4,355.629,1742511031.451568
5,364.026,1742511031.451568
6,364.693,1742511031.451568
7,375.848,1742511031.451568
0,372.02,1742511031.5017068
1,358.123,1742511031.5017068
2,366.248,1742511031.5017068
3,366.589,1742511031.5017068
4,356.943,1742511031.5017068
5,364.026,1742511031.5017068
6,364.693,1742511031.5017068
7,375.848,1742511031.5017068
0,373.885,1742511031.551844
1,358.123,1742511031.551844
2,368.643,1742511031.551844
3,367.555,1742511031.551844
4,356.943,1742511031.551844
5,366.9,1742511031.551844
6,365.076,1742511031.551844
7,377.239,1742511031.551844
0,373.885,1742511031.601982
1,361.587,1742511031.601982
2,368.643,1742511031.601982
3,367.555,1742511031.601982
4,358.439,1742511031.601982
5,366.9,1742511031.601982
6,365.076,1742511031.601982
7,377.239,1742511031.601982
0,374.807,1742511031.6521187
1,361.587,1742511031.6521187
2,369.888,1742511031.6521187
3,370.212,1742511031.6521187
4,358.439,1742511031.6521187
5,369.373,1742511031.6521187
6,367.642,1742511031.6521187
7,377.938,1742511031.6521187
0,374.807,1742511031.702257
1,363.613,1742511031.702257
2,369.888,1742511031.702257
3,370.212,1742511031.702257
4,361.59,1742511031.702257
5,369.373,1742511031.702257
6,367.642,1742511031.702257
7,377.938,1742511031.702257
0,376.661,1742511031.752394
1,363.613,1742511031.752394
2,372.503,1742511031.752394
3,371.675,1742511031.752394
4,361.59,1742511031.752394
5,372.447,1742511031.752394
6,368.517,1742511031.752394
7,380.581,1742511031.752394
0,376.661,1742511031.8025327
1,365.599,1742511031.8025327
2,372.503,1742511031.8025327
3,371.675,1742511031.8025327
4,362.389,1742511031.8025327
5,372.447,1742511031.8025327
6,368.517,1742511031.8025327
7,380.581,1742511031.8025327
0,378.346,1742511031.8526607
1,365.599,1742511031.8526607
2,375.431,1742511031.8526607
3,375.95,1742511031.8526607
4,362.389,1742511031.8526607
5,375.733,1742511031.8526607
6,369.919,1742511031.8526607
7,382.258,1742511031.8526607
0,378.346,1742511031.9028683
1,368.098,1742511031.9028683
2,375.431,1742511031.9028683
3,375.95,1742511031.9028683
4,363.935,1742511031.9028683
5,375.733,1742511031.9028683
6,369.919,1742511031.9028683
7,382.258,1742511031.9028683
0,378.652,1742511031.9530063
1,368.098,1742511031.9530063
2,376.214,1742511031.9530063
3,377.591,1742511031.9530063
4,363.935,1742511031.9530063
5,377.834,1742511031.9530063
6,370.407,1742511031.9530063
7,385.369,1742511031.9530063
0,378.652,1742511032.003241
1,367.582,1742511032.003241
2,376.214,1742511032.003241
3,377.591,1742511032.003241
4,364.933,1742511032.003241
5,377.834,1742511032.003241
6,370.407,1742511032.003241
7,385.369,1742511032.003241
0,378.722,1742511032.0533757
1,367.582,1742511032.0533757
2,376.311,1742511032.0533757
3,376.054,1742511032.0533757
4,364.933,1742511032.0533757
5,378.678,1742511032.0533757
6,370.407,1742511032.0533757
7,385.032,1742511032.0533757
0,378.722,1742511032.1035075
1,368.009,1742511032.1035075
2,376.311,1742511032.1035075
3,376.054,1742511032.1035075
4,366.141,1742511032.1035075
5,378.678,1742511032.1035075
6,371.744,1742511032.1035075
7,385.032,1742511032.1035075
0,376.991,1742511032.1536455
1,368.009,1742511032.1536455
2,376.324,1742511032.1536455
3,377.45,1742511032.1536455
4,366.141,1742511032.1536455
5,379.681,1742511032.1536455
6,371.744,1742511032.1536455
7,385.902,1742511032.1536455
0,376.991,1742511032.203792
1,368.73,1742511032.203792
2,376.324,1742511032.203792
3,377.45,1742511032.203792
4,367.318,1742511032.203792
5,379.681,1742511032.203792
6,375.122,1742511032.203792
7,385.902,1742511032.203792
0,375.965,1742511032.253936
1,368.73,1742511032.253936
2,375.696,1742511032.253936
3,378.649,1742511032.253936
4,367.318,1742511032.253936
5,380.675,1742511032.253936
6,375.122,1742511032.253936
7,386.114,1742511032.253936
0,375.965,1742511032.3040733
1,368.456,1742511032.3040733
2,375.696,1742511032.3040733
3,378.649,1742511032.3040733
4,367.564,1742511032.3040733
5,380.675,1742511032.3040733
6,376.545,1742511032.3040733
7,386.114,1742511032.3040733
0,375.021,1742511032.35432
1,368.456,1742511032.35432
2,376.103,1742511032.35432
3,382.026,1742511032.35432
4,367.564,1742511032.35432
5,381.385,1742511032.35432
6,376.545,1742511032.35432
7,383.588,1742511032.35432
0,375.021,1742511032.4044662
1,370.064,1742511032.4044662
2,376.103,1742511032.4044662
3,382.026,1742511032.4044662
4,368.84,1742511032.4044662
5,381.385,1742511032.4044662
6,378.308,1742511032.4044662
7,383.588,1742511032.4044662
0,375.491,1742511032.4545922
1,370.064,1742511032.4545922
2,374.494,1742511032.4545922
3,383.067,1742511032.4545922
4,368.84,1742511032.4545922
5,383.237,1742511032.4545922
6,378.308,1742511032.4545922
7,384.32,1742511032.4545922
0,375.491,1742511032.5047174
1,370.048,1742511032.5047174
2,374.494,1742511032.5047174
3,383.067,1742511032.5047174
4,369.352,1742511032.5047174
5,383.237,1742511032.5047174
6,378.874,1742511032.5047174
7,384.32,1742511032.5047174
0,374.516,1742511032.5548413
1,370.048,1742511032.5548413
2,370.561,1742511032.5548413
3,381.719,1742511032.5548413
4,369.352,1742511032.5548413
5,381.525,1742511032.5548413
6,378.874,1742511032.5548413
7,382.382,1742511032.5548413
0,374.516,1742511032.6049767
1,369.473,1742511032.6049767
2,370.561,1742511032.6049767
3,381.719,1742511032.6049767
4,369.486,1742511032.6049767
5,381.525,1742511032.6049767
6,379.342,1742511032.6049767
7,382.382,1742511032.6049767
0,374.15,1742511032.6551018
1,369.473,1742511032.6551018
2,369.427,1742511032.6551018
3,382.737,1742511032.6551018
4,369.486,1742511032.6551018
5,381.648,1742511032.6551018
6,379.342,1742511032.6551018
7,380.859,1742511032.6551018
0,374.15,1742511032.7052288
1,369.155,1742511032.7052288
2,369.427,1742511032.7052288
3,382.737,1742511032.7052288
4,369.565,1742511032.7052288
5,381.648,1742511032.7052288
6,379.75,1742511032.7052288
7,380.859,1742511032.7052288
0,374.565,1742511032.7553554
1,369.155,1742511032.7553554
2,368.456,1742511032.7553554
3,383.414,1742511032.7553554
4,369.565,1742511032.7553554
5,381.755,1742511032.7553554
6,379.75,1742511032.7553554
7,380.475,1742511032.7553554
0,374.565,1742511032.8055086
1,369.189,1742511032.8055086
2,368.456,1742511032.8055086
3,383.414,1742511032.8055086
4,369.383,1742511032.8055086
5,381.755,1742511032.8055086
6,379.521,1742511032.8055086
7,380.475,1742511032.8055086
0,374.565,1742511032.8557558
1,369.189,1742511032.8557558
2,368.167,1742511032.8557558
3,383.377,1742511032.8557558
4,369.383,1742511032.8557558
5,380.894,1742511032.8557558
6,379.521,1742511032.8557558
7,379.706,1742511032.8557558
0,374.211,1742511032.9058812
1,367.533,1742511032.9058812
2,368.167,1742511032.9058812
3,383.377,1742511032.9058812
4,369.45,1742511032.9058812
5,380.894,1742511032.9058812
6,376.99,1742511032.9058812
7,379.706,1742511032.9058812
0,374.211,1742511032.9560263
1,367.533,1742511032.9560263
2,367.159,1742511032.9560263
3,383.386,1742511032.9560263
4,369.45,1742511032.9560263
5,382.751,1742511032.9560263
6,376.99,1742511032.9560263
7,379.187,1742511032.9560263
0,374.443,1742511033.0061452
1,366.533,1742511033.0061452
2,367.159,1742511033.0061452
3,383.386,1742511033.0061452
4,370.342,1742511033.0061452
5,382.751,1742511033.0061452
6,378.276,1742511033.0061452
7,379.187,1742511033.0061452
0,374.443,1742511033.056279
1,366.533,1742511033.056279
2,365.839,1742511033.056279
3,383.418,1742511033.056279
4,370.342,1742511033.056279
5,380.088,1742511033.056279
6,378.276,1742511033.056279
7,377.866,1742511033.056279
0,374.374,1742511033.1064146
1,365.731,1742511033.1064146
2,365.839,1742511033.1064146
3,383.418,1742511033.1064146
4,369.602,1742511033.1064146
5,380.088,1742511033.1064146
6,377.124,1742511033.1064146
7,377.866,1742511033.1064146
0,374.374,1742511033.1565902
1,365.731,1742511033.1565902
2,365.831,1742511033.1565902
3,382.751,1742511033.1565902
4,369.602,1742511033.1565902
5,379.629,1742511033.1565902
6,377.124,1742511033.1565902
7,377.678,1742511033.1565902
0,375.218,1742511033.206734
1,365.064,1742511033.206734
2,365.831,1742511033.206734
3,382.751,1742511033.206734
4,370.362,1742511033.206734
5,379.629,1742511033.206734
6,375.9,1742511033.206734
7,377.678,1742511033.206734
0,375.218,1742511033.256859
1,365.064,1742511033.256859
2,366.484,1742511033.256859
3,384.943,1742511033.256859
4,370.362,1742511033.256859
5,380.728,1742511033.256859
6,375.9,1742511033.256859
7,378.344,1742511033.256859
0,374.472,1742511033.306987
1,365.798,1742511033.306987
2,366.484,1742511033.306987
3,384.943,1742511033.306987
4,369.612,1742511033.306987
5,380.728,1742511033.306987
6,375.754,1742511033.306987
7,378.344,1742511033.306987
0,374.472,1742511033.3571236
1,365.798,1742511033.3571236
2,367.08,1742511033.3571236
3,381.826,1742511033.3571236
4,369.612,1742511033.3571236
5,378.295,1742511033.3571236
6,375.754,1742511033.3571236
7,378.532,1742511033.3571236
0,374.002,1742511033.4072611
1,367.17,1742511033.4072611
2,367.08,1742511033.4072611
3,381.826,1742511033.4072611
4,370.297,1742511033.4072611
5,378.295,1742511033.4072611
6,375.85,1742511033.4072611
7,378.532,1742511033.4072611
0,374.002,1742511033.4573972
1,367.17,1742511033.4573972
2,368.037,1742511033.4573972
3,382.234,1742511033.4573972
4,370.297,1742511033.4573972
5,378.518,1742511033.4573972
6,375.85,1742511033.4573972
7,378.285,1742511033.4573972
0,373.436,1742511033.5075328
1,367.397,1742511033.5075328
2,368.037,1742511033.5075328
3,382.234,1742511033.5075328
4,370.624,1742511033.5075328
5,378.518,1742511033.5075328
6,375.476,1742511033.5075328
7,378.285,1742511033.5075328
0,373.436,1742511033.557662
1,367.397,1742511033.557662
2,366.772,1742511033.557662
3,381.711,1742511033.557662
4,370.624,1742511033.557662
5,378.704,1742511033.557662
6,375.476,1742511033.557662
7,378.406,1742511033.557662
0,373.678,1742511033.6078296
1,368.264,1742511033.6078296
2,366.772,1742511033.6078296
3,381.711,1742511033.6078296
4,370.899,1742511033.6078296
5,378.704,1742511033.6078296
6,375.198,1742511033.6078296
7,378.406,1742511033.6078296
0,373.678,1742511033.6579678
1,368.264,1742511033.6579678
2,366.649,1742511033.6579678
3,381.309,1742511033.6579678
4,370.899,1742511033.6579678
5,378.761,1742511033.6579678
6,375.198,1742511033.6579678
7,379.885,1742511033.6579678
0,372.436,1742511033.708219
1,368.027,1742511033.708219
2,366.649,1742511033.708219
3,381.309,1742511033.708219
4,370.112,1742511033.708219
5,378.761,1742511033.708219
6,375.98,1742511033.708219
7,379.885,1742511033.708219
0,372.436,1742511033.7583477
1,368.027,1742511033.7583477
2,367.122,1742511033.7583477
3,381.716,1742511033.7583477
4,370.112,1742511033.7583477
5,378.661,1742511033.7583477
6,375.98,1742511033.7583477
7,379.572,1742511033.7583477
0,372.201,1742511033.8084824
1,367.581,1742511033.8084824
2,367.122,1742511033.8084824
3,381.716,1742511033.8084824
4,369.98,1742511033.8084824
5,378.661,1742511033.8084824
6,376.719,1742511033.8084824
7,379.572,1742511033.8084824
0,372.201,1742511033.85861
1,367.581,1742511033.85861
2,368.583,1742511033.85861
3,380.419,1742511033.85861
4,369.98,1742511033.85861
5,378.66,1742511033.85861
6,376.719,1742511033.85861
7,379.648,1742511033.85861
0,371.028,1742511033.9087386
1,368.126,1742511033.9087386
2,368.583,1742511033.9087386
3,380.419,1742511033.9087386
4,369.221,1742511033.9087386
5,378.66,1742511033.9087386
6,377.564,1742511033.9087386
7,379.648,1742511033.9087386
0,371.028,1742511033.9588745
1,368.126,1742511033.9588745
2,370.301,1742511033.9588745
3,379.64,1742511033.9588745
4,369.221,1742511033.9588745
5,378.687,1742511033.9588745
6,377.564,1742511033.9588745
7,379.159,1742511033.9588745
0,370.316,1742511034.0090332
1,367.989,1742511034.0090332
2,370.301,1742511034.0090332
3,379.64,1742511034.0090332
4,369.268,1742511034.0090332
5,378.687,1742511034.0090332
6,375.734,1742511034.0090332
7,379.159,1742511034.0090332
0,370.316,1742511034.0591571
1,367.989,1742511034.0591571
2,369.403,1742511034.0591571
3,378.477,1742511034.0591571
4,369.268,1742511034.0591571
5,378.785,1742511034.0591571
6,375.734,1742511034.0591571
7,379.618,1742511034.0591571
0,371.144,1742511034.1092818
1,365.026,1742511034.1092818
2,369.403,1742511034.1092818
3,378.477,1742511034.1092818
4,368.155,1742511034.1092818
5,378.785,1742511034.1092818
6,374.759,1742511034.1092818
7,379.618,1742511034.1092818
0,371.144,1742511034.1594489
1,365.026,1742511034.1594489
2,372.143,1742511034.1594489
3,376.919,1742511034.1594489
4,368.155,1742511034.1594489
5,378.156,1742511034.1594489
6,374.759,1742511034.1594489
7,379.131,1742511034.1594489
0,371.473,1742511034.209574
1,364.673,1742511034.209574
2,372.143,1742511034.209574
3,376.919,1742511034.209574
4,366.27,1742511034.209574
5,378.156,1742511034.209574
6,373.656,1742511034.209574
7,379.131,1742511034.209574
0,371.473,1742511034.2596993
1,364.673,1742511034.2596993
2,370.687,1742511034.2596993
3,376.318,1742511034.2596993
4,366.27,1742511034.2596993
5,378.741,1742511034.2596993
6,373.656,1742511034.2596993
7,378.202,1742511034.2596993
0,372.468,1742511034.309835
1,366.0,1742511034.309835
2,370.687,1742511034.309835
3,376.318,1742511034.309835
4,365.52,1742511034.309835
5,378.741,1742511034.309835
6,373.501,1742511034.309835
7,378.202,1742511034.309835
0,372.468,1742511034.3599634
1,366.0,1742511034.3599634
2,371.582,1742511034.3599634
3,374.522,1742511034.3599634
4,365.52,1742511034.3599634
5,379.655,1742511034.3599634
6,373.501,1742511034.3599634
7,377.211,1742511034.3599634
0,373.163,1742511034.410217
1,366.0,1742511034.410217
2,371.582,1742511034.410217
3,374.522,1742511034.410217
4,364.106,1742511034.410217
5,379.655,1742511034.410217
6,372.395,1742511034.410217
7,377.211,1742511034.410217
0,373.163,1742511034.460343
1,363.813,1742511034.460343
2,372.72,1742511034.460343
3,373.331,1742511034.460343
4,364.106,1742511034.460343
5,379.149,1742511034.460343
6,372.395,1742511034.460343
7,375.313,1742511034.460343
0,374.096,1742511034.510468
1,363.813,1742511034.510468
2,372.72,1742511034.510468
3,373.331,1742511034.510468
4,363.752,1742511034.510468
5,379.149,1742511034.510468
6,372.081,1742511034.510468
7,375.313,1742511034.510468
0,374.096,1742511034.5606642
1,363.209,1742511034.5606642
2,373.559,1742511034.5606642
3,371.894,1742511034.5606642
4,363.752,1742511034.5606642
5,378.645,1742511034.5606642
6,372.081,1742511034.5606642
7,375.139,1742511034.5606642
0,375.081,1742511034.610789
1,363.209,1742511034.610789
2,373.559,1742511034.610789
3,371.894,1742511034.610789
4,362.348,1742511034.610789
5,378.645,1742511034.610789
6,370.612,1742511034.610789
7,375.139,1742511034.610789
0,375.081,1742511034.6609964
1,363.876,1742511034.6609964
2,374.275,1742511034.6609964
3,372.25,1742511034.6609964
4,362.348,1742511034.6609964
5,377.116,1742511034.6609964
6,370.612,1742511034.6609964
7,375.164,1742511034.6609964
0,378.362,1742511034.7111325
1,363.876,1742511034.7111325
2,374.275,1742511034.7111325
3,372.25,1742511034.7111325
4,362.301,1742511034.7111325
5,377.116,1742511034.7111325
6,370.029,1742511034.7111325
7,375.164,1742511034.7111325
0,378.362,1742511034.7612538
1,364.488,1742511034.7612538
2,374.302,1742511034.7612538
3,370.372,1742511034.7612538
4,362.301,1742511034.7612538
5,378.376,1742511034.7612538
6,370.029,1742511034.7612538
7,376.087,1742511034.7612538
0,379.61,1742511034.8114529
1,364.488,1742511034.8114529
2,374.302,1742511034.8114529
3,370.372,1742511034.8114529
4,360.767,1742511034.8114529
5,378.376,1742511034.8114529
6,369.156,1742511034.8114529
7,376.087,1742511034.8114529
0,379.61,1742511034.8615792
1,362.114,1742511034.8615792
2,374.859,1742511034.8615792
3,371.984,1742511034.8615792
4,360.767,1742511034.8615792
5,379.205,1742511034.8615792
6,369.156,1742511034.8615792
7,376.46,1742511034.8615792
0,379.889,1742511034.911715
1,364.144,1742511034.911715
2,374.859,1742511034.911715
3,371.984,1742511034.911715
4,361.368,1742511034.911715
5,379.205,1742511034.911715
6,368.149,1742511034.911715
7,376.46,1742511034.911715
0,379.889,1742511034.9618554
1,364.144,1742511034.9618554
2,375.506,1742511034.9618554
3,372.152,1742511034.9618554
4,361.368,1742511034.9618554
5,377.888,1742511034.9618554
6,368.149,1742511034.9618554
7,377.428,1742511034.9618554
0,380.75,1742511035.0119848
1,364.168,1742511035.0119848
2,375.506,1742511035.0119848
3,372.152,1742511035.0119848
4,361.243,1742511035.0119848
5,377.888,1742511035.0119848
6,370.239,1742511035.0119848
7,377.428,1742511035.0119848
0,380.75,1742511035.062113
1,364.168,1742511035.062113
2,376.119,1742511035.062113
3,373.288,1742511035.062113
4,361.243,1742511035.062113
5,379.944,1742511035.062113
6,370.239,1742511035.062113
7,378.161,1742511035.062113
0,380.459,1742511035.1122453
1,363.865,1742511035.1122453
2,376.119,1742511035.1122453
3,373.288,1742511035.1122453
4,362.248,1742511035.1122453
5,379.944,1742511035.1122453
6,371.659,1742511035.1122453
7,378.161,1742511035.1122453
0,380.459,1742511035.1623821
1,363.865,1742511035.1623821
2,376.365,1742511035.1623821
3,374.244,1742511035.1623821
4,362.248,1742511035.1623821
5,379.823,1742511035.1623821
6,371.659,1742511035.1623821
7,377.614,1742511035.1623821
0,380.393,1742511035.212522
1,366.746,1742511035.212522
2,376.365,1742511035.212522
3,374.244,1742511035.212522
4,362.563,1742511035.212522
5,379.823,1742511035.212522
6,372.143,1742511035.212522
7,377.614,1742511035.212522
0,380.393,1742511035.262672
1,366.746,1742511035.262672
2,376.577,1742511035.262672
3,374.181,1742511035.262672
4,362.563,1742511035.262672
5,379.348,1742511035.262672
6,372.143,1742511035.262672
7,378.101,1742511035.262672
0,380.321,1742511035.3128133
1,366.071,1742511035.3128133
2,376.577,1742511035.3128133
3,374.181,1742511035.3128133
4,362.203,1742511035.3128133
5,379.348,1742511035.3128133
6,371.912,1742511035.3128133
7,378.101,1742511035.3128133
0,380.321,1742511035.3629746
1,366.071,1742511035.3629746
2,375.892,1742511035.3629746
3,374.374,1742511035.3629746
4,362.203,1742511035.3629746
5,378.111,1742511035.3629746
6,371.912,1742511035.3629746
7,376.822,1742511035.3629746
0,378.506,1742511035.4131808
1,363.292,1742511035.4131808
2,375.892,1742511035.4131808
3,374.374,1742511035.4131808
4,361.472,1742511035.4131808
5,378.111,1742511035.4131808
6,371.054,1742511035.4131808
7,376.822,1742511035.4131808
0,378.506,1742511035.4633067
1,363.292,1742511035.4633067
2,376.788,1742511035.4633067
3,375.097,1742511035.4633067
4,361.472,1742511035.4633067
5,378.471,1742511035.4633067
6,371.054,1742511035.4633067
7,378.699,1742511035.4633067
0,378.012,1742511035.513436
1,363.403,1742511035.513436
2,376.788,1742511035.513436
3,375.097,1742511035.513436
4,361.896,1742511035.513436
5,378.471,1742511035.513436
6,371.414,1742511035.513436
7,378.699,1742511035.513436
0,378.012,1742511035.563576
1,363.403,1742511035.563576
2,376.618,1742511035.563576
3,376.173,1742511035.563576
4,361.896,1742511035.563576
5,379.177,1742511035.563576
6,371.414,1742511035.563576
7,377.476,1742511035.563576
0,377.147,1742511035.6137242
1,363.403,1742511035.6137242
2,376.618,1742511035.6137242
3,376.173,1742511035.6137242
4,363.09,1742511035.6137242
5,379.177,1742511035.6137242
6,370.427,1742511035.6137242
7,377.476,1742511035.6137242
0,377.147,1742511035.6638644
1,363.418,1742511035.6638644
2,376.259,1742511035.6638644
3,375.661,1742511035.6638644
4,363.09,1742511035.6638644
5,378.847,1742511035.6638644
6,370.427,1742511035.6638644
7,376.946,1742511035.6638644
0,376.1,1742511035.7140563
1,363.418,1742511035.7140563
2,376.259,1742511035.7140563
3,375.661,1742511035.7140563
4,362.726,1742511035.7140563
5,378.847,1742511035.7140563
6,370.555,1742511035.7140563
7,376.946,1742511035.7140563
0,376.1,1742511035.764196
1,363.383,1742511035.764196
2,375.628,1742511035.764196
3,375.952,1742511035.764196
4,362.726,1742511035.764196
5,377.997,1742511035.764196
6,370.555,1742511035.764196
7,376.758,1742511035.764196
0,376.676,1742511035.8143253
1,363.383,1742511035.8143253
2,375.628,1742511035.8143253
3,375.952,1742511035.8143253
4,360.646,1742511035.8143253
5,377.997,1742511035.8143253
6,370.401,1742511035.8143253
7,376.758,1742511035.8143253
0,376.676,1742511035.8644662
1,363.597,1742511035.8644662
2,375.778,1742511035.8644662
3,375.527,1742511035.8644662
4,360.646,1742511035.8644662
5,376.772,1742511035.8644662
6,370.401,1742511035.8644662
7,374.915,1742511035.8644662
0,377.719,1742511035.9146264
1,363.597,1742511035.9146264
2,375.778,1742511035.9146264
3,375.527,1742511035.9146264
4,361.371,1742511035.9146264
5,376.772,1742511035.9146264
6,369.739,1742511035.9146264
7,374.915,1742511035.9146264
0,377.719,1742511035.9647665
1,363.85,1742511035.9647665
2,374.829,1742511035.9647665
3,374.784,1742511035.9647665
4,361.371,1742511035.9647665
5,378.61,1742511035.9647665
6,369.739,1742511035.9647665
7,375.048,1742511035.9647665
0,378.076,1742511036.0148988
1,363.85,1742511036.0148988
2,374.829,1742511036.0148988
3,374.784,1742511036.0148988
4,363.06,1742511036.0148988
5,378.61,1742511036.0148988
6,368.8,1742511036.0148988
7,375.048,1742511036.0148988
0,378.076,1742511036.065103
1,364.017,1742511036.065103
2,374.268,1742511036.065103
3,375.525,1742511036.065103
4,363.06,1742511036.065103
5,377.387,1742511036.065103
6,368.8,1742511036.065103
7,375.263,1742511036.065103
0,378.151,1742511036.1152382
1,364.017,1742511036.1152382
2,374.268,1742511036.1152382
3,375.525,1742511036.1152382
4,363.019,1742511036.1152382
5,377.387,1742511036.1152382
6,367.487,1742511036.1152382
7,375.263,1742511036.1152382
0,378.151,1742511036.1654038
1,363.686,1742511036.1654038
2,374.268,1742511036.1654038
3,374.26,1742511036.1654038
4,363.019,1742511036.1654038
5,378.048,1742511036.1654038
6,367.487,1742511036.1654038
7,377.424,1742511036.1654038
0,379.577,1742511036.2155497
1,363.686,1742511036.2155497
2,373.247,1742511036.2155497
3,374.26,1742511036.2155497
4,362.353,1742511036.2155497
5,378.048,1742511036.2155497
6,366.843,1742511036.2155497
7,377.424,1742511036.2155497
0,379.577,1742511036.2656755
1,363.408,1742511036.2656755
2,373.247,1742511036.2656755
3,374.329,1742511036.2656755
4,362.353,1742511036.2656755
5,378.894,1742511036.2656755
6,366.843,1742511036.2656755
7,378.384,1742511036.2656755
0,379.73,1742511036.3158097
1,363.408,1742511036.3158097
2,371.69,1742511036.3158097
3,374.329,1742511036.3158097
4,362.626,1742511036.3158097
5,378.894,1742511036.3158097
6,366.263,1742511036.3158097
7,378.384,1742511036.3158097
0,379.73,1742511036.3660624
1,365.514,1742511036.3660624
2,371.69,1742511036.3660624
3,373.409,1742511036.3660624
4,362.626,1742511036.3660624
5,378.467,1742511036.3660624
6,366.263,1742511036.3660624
7,379.532,1742511036.3660624
0,381.285,1742511036.4162028
1,365.514,1742511036.4162028
2,370.485,1742511036.4162028
3,373.409,1742511036.4162028
4,362.637,1742511036.4162028
5,378.467,1742511036.4162028
6,366.908,1742511036.4162028
7,379.532,1742511036.4162028
0,381.285,1742511036.4663417
1,368.282,1742511036.4663417
2,370.485,1742511036.4663417
3,373.049,1742511036.4663417
4,362.637,1742511036.4663417
5,377.03,1742511036.4663417
6,366.908,1742511036.4663417
7,379.662,1742511036.4663417
0,380.296,1742511036.5164475
1,368.282,1742511036.5164475
2,368.799,1742511036.5164475
3,373.049,1742511036.5164475
4,361.64,1742511036.5164475
5,377.03,1742511036.5164475
6,364.92,1742511036.5164475
7,379.662,1742511036.5164475
0,380.296,1742511036.5665877
1,369.246,1742511036.5665877
2,368.799,1742511036.5665877
3,372.123,1742511036.5665877
4,361.64,1742511036.5665877
5,375.64,1742511036.5665877
6,364.92,1742511036.5665877
7,382.356,1742511036.5665877
0,378.289,1742511036.6167593
1,369.246,1742511036.6167593
2,367.833,1742511036.6167593
3,372.123,1742511036.6167593
4,361.498,1742511036.6167593
5,375.64,1742511036.6167593
6,365.796,1742511036.6167593
7,382.356,1742511036.6167593
0,378.289,1742511036.6668806
1,370.603,1742511036.6668806
2,367.833,1742511036.6668806
3,372.233,1742511036.6668806
4,361.498,1742511036.6668806
5,376.689,1742511036.6668806
6,365.796,1742511036.6668806
7,382.349,1742511036.6668806
0,377.372,1742511036.7170055
1,370.603,1742511036.7170055
2,368.413,1742511036.7170055
3,372.233,1742511036.7170055
4,360.166,1742511036.7170055
5,376.689,1742511036.7170055
6,364.691,1742511036.7170055
7,382.349,1742511036.7170055
0,377.372,1742511036.7671463
1,373.464,1742511036.7671463
2,368.413,1742511036.7671463
3,372.528,1742511036.7671463
4,360.166,1742511036.7671463
5,376.797,1742511036.7671463
6,364.691,1742511036.7671463
7,383.361,1742511036.7671463
0,377.057,1742511036.8172967
1,373.464,1742511036.8172967
2,368.098,1742511036.8172967
3,372.528,1742511036.8172967
4,360.074,1742511036.8172967
5,376.797,1742511036.8172967
6,364.792,1742511036.8172967
7,383.361,1742511036.8172967
0,377.057,1742511036.8674319
1,375.226,1742511036.8674319
2,368.098,1742511036.8674319
3,368.629,1742511036.8674319
4,360.074,1742511036.8674319
5,375.665,1742511036.8674319
6,364.792,1742511036.8674319
7,380.685,1742511036.8674319
0,362.61,1742511036.9175565
1,375.226,1742511036.9175565
2,360.602,1742511036.9175565
3,368.629,1742511036.9175565
4,344.038,1742511036.9175565
5,375.665,1742511036.9175565
6,357.134,1742511036.9175565
7,380.685,1742511036.9175565
0,362.61,1742511036.9676828
1,352.356,1742511036.9676828
2,360.602,1742511036.9676828
3,343.595,1742511036.9676828
4,344.038,1742511036.9676828
5,349.482,1742511036.9676828
6,357.134,1742511036.9676828
7,355.244,1742511036.9676828
0,337.011,1742511037.0178182
1,352.356,1742511037.0178182
2,335.618,1742511037.0178182
3,343.595,1742511037.0178182
4,317.539,1742511037.0178182
5,349.482,1742511037.0178182
6,332.606,1742511037.0178182
7,355.244,1742511037.0178182
0,337.011,1742511037.0679433
1,327.459,1742511037.0679433
2,335.618,1742511037.0679433
3,319.029,1742511037.0679433
4,317.539,1742511037.0679433
5,323.647,1742511037.0679433
6,332.606,1742511037.0679433
7,329.914,1742511037.0679433
0,312.205,1742511037.1180842
1,327.459,1742511037.1180842
2,311.202,1742511037.1180842
3,319.029,1742511037.1180842
4,296.093,1742511037.1180842
5,323.647,1742511037.1180842
6,308.199,1742511037.1180842
7,329.914,1742511037.1180842
0,312.205,1742511037.1682184
1,305.164,1742511037.1682184
2,311.202,1742511037.1682184
3,294.034,1742511037.1682184
4,296.093,1742511037.1682184
5,297.717,1742511037.1682184
6,308.199,1742511037.1682184
7,304.288,1742511037.1682184
0,287.282,1742511037.2183537
1,305.164,1742511037.2183537
2,287.427,1742511037.2183537
3,294.034,1742511037.2183537
4,272.669,1742511037.2183537
5,297.717,1742511037.2183537
6,284.086,1742511037.2183537
7,304.288,1742511037.2183537
0,287.282,1742511037.2684898
1,281.638,1742511037.2684898
2,287.427,1742511037.2684898
3,268.084,1742511037.2684898
4,272.669,1742511037.2684898
5,273.204,1742511037.2684898
6,284.086,1742511037.2684898
7,278.235,1742511037.2684898
0,261.73,1742511037.3186595
1,281.638,1742511037.3186595
2,263.959,1742511037.3186595
3,268.084,1742511037.3186595
4,245.023,1742511037.3186595
5,273.204,1742511037.3186595
6,260.114,1742511037.3186595
7,278.235,1742511037.3186595
0,261.73,1742511037.3687847
1,252.067,1742511037.3687847
2,263.959,1742511037.3687847
3,244.81,1742511037.3687847
4,245.023,1742511037.3687847
5,249.203,1742511037.3687847
6,260.114,1742511037.3687847
7,252.032,1742511037.3687847
0,236.563,1742511037.4189208
1,252.067,1742511037.4189208
2,239.94,1742511037.4189208
3,244.81,1742511037.4189208
4,225.846,1742511037.4189208
5,249.203,1742511037.4189208
6,235.689,1742511037.4189208
7,252.032,1742511037.4189208
0,236.563,1742511037.4690452
1,225.691,1742511037.4690452
2,239.94,1742511037.4690452
3,218.326,1742511037.4690452
4,225.846,1742511037.4690452
5,222.554,1742511037.4690452
6,235.689,1742511037.4690452
7,225.119,1742511037.4690452
0,207.851,1742511037.51917
1,225.691,1742511037.51917
2,214.46,1742511037.51917
3,218.326,1742511037.51917
4,225.846,1742511037.51917
5,222.554,1742511037.51917
6,211.978,1742511037.51917
7,225.119,1742511037.51917
0,207.851,1742511037.5693057
1,205.521,1742511037.5693057
2,214.46,1742511037.5693057
3,193.645,1742511037.5693057
4,192.194,1742511037.5693057
5,197.216,1742511037.5693057
6,211.978,1742511037.5693057
7,198.982,1742511037.5693057
0,187.395,1742511037.619431
1,205.521,1742511037.619431
2,192.393,1742511037.619431
3,193.645,1742511037.619431
4,192.194,1742511037.619431
5,197.216,1742511037.619431
6,180.441,1742511037.619431
7,198.982,1742511037.619431
0,187.395,1742511037.6695669
1,179.957,1742511037.6695669
2,192.393,1742511037.6695669
3,167.958,1742511037.6695669
4,173.234,1742511037.6695669
5,171.247,1742511037.6695669
6,180.441,1742511037.6695669
7,175.968,1742511037.6695669
0,162.761,1742511037.7197073
1,179.957,1742511037.7197073
2,167.718,1742511037.7197073
3,167.958,1742511037.7197073
4,173.234,1742511037.7197073
5,171.247,1742511037.7197073
6,160.422,1742511037.7197073
7,175.968,1742511037.7197073
0,162.761,1742511037.7698433
1,142.925,1742511037.7698433
2,167.718,1742511037.7698433
3,142.046,1742511037.7698433
4,144.105,1742511037.7698433
5,146.214,1742511037.7698433
6,160.422,1742511037.7698433
7,149.734,1742511037.7698433
0,137.558,1742511037.8199828
1,142.925,1742511037.8199828
2,143.335,1742511037.8199828
3,142.046,1742511037.8199828
4,144.105,1742511037.8199828
5,146.214,1742511037.8199828
6,130.885,1742511037.8199828
7,149.734,1742511037.8199828
0,137.558,1742511037.8701148
1,118.514,1742511037.8701148
2,143.335,1742511037.8701148
3,119.877,1742511037.8701148
4,120.699,1742511037.8701148
5,123.89,1742511037.8701148
6,130.885,1742511037.8701148
7,126.002,1742511037.8701148
0,121.921,1742511037.9202938
1,118.514,1742511037.9202938
2,123.264,1742511037.9202938
3,119.877,1742511037.9202938
4,120.699,1742511037.9202938
5,123.89,1742511037.9202938
6,118.65,1742511037.9202938
7,126.002,1742511037.9202938
0,121.921,1742511037.9704294
1,118.111,1742511037.9704294
2,123.264,1742511037.9704294
3,119.727,1742511037.9704294
4,119.099,1742511037.9704294
5,122.207,1742511037.9704294
6,118.65,1742511037.9704294
7,125.355,1742511037.9704294
0,121.806,1742511038.0205677
1,118.111,1742511038.0205677
2,122.872,1742511038.0205677
3,119.727,1742511038.0205677
4,119.099,1742511038.0205677
5,122.207,1742511038.0205677
6,118.562,1742511038.0205677
7,125.355,1742511038.0205677
0,121.806,1742511038.0707512
1,117.886,1742511038.0707512
2,122.872,1742511038.0707512
3,119.686,1742511038.0707512
4,118.984,1742511038.0707512
5,122.097,1742511038.0707512
6,118.562,1742511038.0707512
7,125.217,1742511038.0707512
0,121.721,1742511038.1208758
1,117.886,1742511038.1208758
2,122.686,1742511038.1208758
3,119.686,1742511038.1208758
4,118.984,1742511038.1208758
5,122.097,1742511038.1208758
6,118.468,1742511038.1208758
7,125.217,1742511038.1208758
0,121.721,1742511038.1710107
1,117.906,1742511038.1710107
2,122.686,1742511038.1710107
3,119.685,1742511038.1710107
4,118.889,1742511038.1710107
5,122.013,1742511038.1710107
6,118.468,1742511038.1710107
7,125.092,1742511038.1710107
0,121.654,1742511038.2211363
1,117.906,1742511038.2211363
2,122.545,1742511038.2211363
3,119.685,1742511038.2211363
4,118.889,1742511038.2211363
5,122.013,1742511038.2211363
6,118.395,1742511038.2211363
7,125.092,1742511038.2211363
0,121.654,1742511038.2712712
1,117.804,1742511038.2712712
2,122.545,1742511038.2712712
3,119.698,1742511038.2712712
4,118.813,1742511038.2712712
5,121.934,1742511038.2712712
6,118.395,1742511038.2712712
7,124.972,1742511038.2712712
0,121.587,1742511038.3213966
1,117.804,1742511038.3213966
2,122.403,1742511038.3213966
3,119.698,1742511038.3213966
4,118.813,1742511038.3213966
5,121.934,1742511038.3213966
6,118.33,1742511038.3213966
7,124.972,1742511038.3213966
0,121.587,1742511038.371532
1,117.734,1742511038.371532
2,122.403,1742511038.371532
3,119.65,1742511038.371532
4,118.74,1742511038.371532
5,121.862,1742511038.371532
6,118.33,1742511038.371532
7,124.911,1742511038.371532
0,121.548,1742511038.421657
1,117.734,1742511038.421657
2,122.28,1742511038.421657
3,119.65,1742511038.421657
4,118.74,1742511038.421657
5,121.862,1742511038.421657
6,118.297,1742511038.421657
7,124.911,1742511038.421657
0,121.548,1742511038.4717927
1,117.757,1742511038.4717927
2,122.28,1742511038.4717927
3,119.602,1742511038.4717927
4,118.699,1742511038.4717927
5,121.811,1742511038.4717927
6,118.297,1742511038.4717927
7,124.863,1742511038.4717927
0,121.507,1742511038.5219283
1,117.757,1742511038.5219283
2,122.195,1742511038.5219283
3,119.602,1742511038.5219283
4,118.699,1742511038.5219283
5,121.811,1742511038.5219283
6,118.231,1742511038.5219283
7,124.863,1742511038.5219283
0,121.507,1742511038.5720532
1,117.603,1742511038.5720532
2,122.195,1742511038.5720532
3,119.56,1742511038.5720532
4,118.645,1742511038.5720532
5,121.795,1742511038.5720532
6,118.231,1742511038.5720532
7,124.776,1742511038.5720532
0,121.477,1742511038.6221879
1,117.603,1742511038.6221879
2,122.121,1742511038.6221879
3,119.56,1742511038.6221879
4,118.645,1742511038.6221879
5,121.795,1742511038.6221879
6,118.205,1742511038.6221879
7,124.776,1742511038.6221879
0,121.477,1742511038.6723127
1,117.698,1742511038.6723127
2,122.121,1742511038.6723127
3,119.54,1742511038.6723127
4,118.598,1742511038.6723127
5,121.721,1742511038.6723127
6,118.205,1742511038.6723127
7,124.701,1742511038.6723127
0,121.427,1742511038.7224483
1,117.698,1742511038.7224483
2,122.075,1742511038.7224483
3,119.54,1742511038.7224483
4,118.598,1742511038.7224483
5,121.721,1742511038.7224483
6,118.151,1742511038.7224483
7,124.701,1742511038.7224483
0,121.427,1742511038.7725732
1,117.525,1742511038.7725732
2,122.075,1742511038.7725732
3,119.519,1742511038.7725732
4,118.531,1742511038.7725732
5,121.68,1742511038.7725732
6,118.151,1742511038.7725732
7,124.641,1742511038.7725732
0,121.366,1742511038.8226998
1,117.525,1742511038.8226998
2,122.016,1742511038.8226998
3,119.519,1742511038.8226998
4,118.531,1742511038.8226998
5,121.68,1742511038.8226998
6,118.124,1742511038.8226998
7,124.641,1742511038.8226998
0,121.366,1742511038.872824
1,117.631,1742511038.872824
2,122.016,1742511038.872824
3,119.488,1742511038.872824
4,118.514,1742511038.872824
5,121.621,1742511038.872824
6,118.124,1742511038.872824
7,124.592,1742511038.872824
0,121.326,1742511038.9229593
1,117.631,1742511038.9229593
2,121.983,1742511038.9229593
3,119.488,1742511038.9229593
4,118.514,1742511038.9229593
5,121.621,1742511038.9229593
6,118.096,1742511038.9229593
7,124.592,1742511038.9229593
0,121.326,1742511038.9730837
1,117.504,1742511038.9730837
2,121.983,1742511038.9730837
3,119.468,1742511038.9730837
4,118.468,1742511038.9730837
5,121.605,1742511038.9730837
6,118.096,1742511038.9730837
7,124.554,1742511038.9730837
0,121.305,1742511039.0232117
1,117.504,1742511039.0232117
2,121.953,1742511039.0232117
3,119.468,1742511039.0232117
4,118.468,1742511039.0232117
5,121.605,1742511039.0232117
6,118.083,1742511039.0232117
7,124.554,1742511039.0232117
0,121.305,1742511039.073358
1,119.76,1742511039.073358
2,121.953,1742511039.073358
3,126.921,1742511039.073358
4,118.473,1742511039.073358
5,127.009,1742511039.073358
6,118.083,1742511039.073358
7,130.315,1742511039.073358
0,143.197,1742511039.1234922
1,119.76,1742511039.1234922
2,135.377,1742511039.1234922
3,126.921,1742511039.1234922
4,118.473,1742511039.1234922
5,127.009,1742511039.1234922
6,130.46,1742511039.1234922
7,130.315,1742511039.1234922
0,143.197,1742511039.1736279
1,144.97,1742511039.1736279
2,135.377,1742511039.1736279
3,126.921,1742511039.1736279
4,139.959,1742511039.1736279
5,153.219,1742511039.1736279
6,130.46,1742511039.1736279
7,154.847,1742511039.1736279
0,166.676,1742511039.2238123
1,144.97,1742511039.2238123
2,159.253,1742511039.2238123
3,151.603,1742511039.2238123
4,139.959,1742511039.2238123
5,153.219,1742511039.2238123
6,154.943,1742511039.2238123
7,154.847,1742511039.2238123
0,166.676,1742511039.2739422
1,170.768,1742511039.2739422
2,159.253,1742511039.2739422
3,151.603,1742511039.2739422
4,165.257,1742511039.2739422
5,179.579,1742511039.2739422
6,154.943,1742511039.2739422
7,180.868,1742511039.2739422
0,191.445,1742511039.3240724
1,170.768,1742511039.3240724
2,183.293,1742511039.3240724
3,176.555,1742511039.3240724
4,165.257,1742511039.3240724
5,179.579,1742511039.3240724
6,178.711,1742511039.3240724
7,180.868,1742511039.3240724
0,191.445,1742511039.374198
1,193.883,1742511039.374198
2,183.293,1742511039.374198
3,176.555,1742511039.374198
4,194.428,1742511039.374198
5,205.097,1742511039.374198
6,178.711,1742511039.374198
7,204.332,1742511039.374198
0,216.621,1742511039.4244235
1,193.883,1742511039.4244235
2,205.802,1742511039.4244235
3,201.918,1742511039.4244235
4,194.428,1742511039.4244235
5,205.097,1742511039.4244235
6,203.669,1742511039.4244235
7,204.332,1742511039.4244235
0,216.621,1742511039.4745529
1,217.583,1742511039.4745529
2,205.802,1742511039.4745529
3,201.918,1742511039.4745529
4,218.92,1742511039.4745529
5,230.492,1742511039.4745529
6,203.669,1742511039.4745529
7,229.268,1742511039.4745529
0,242.283,1742511039.5246925
1,217.583,1742511039.5246925
2,230.478,1742511039.5246925
3,228.562,1742511039.5246925
4,218.92,1742511039.5246925
5,230.492,1742511039.5246925
6,229.398,1742511039.5246925
7,229.268,1742511039.5246925
0,242.283,1742511039.5749137
1,242.165,1742511039.5749137
2,230.478,1742511039.5749137
3,228.562,1742511039.5749137
4,244.095,1742511039.5749137
5,256.685,1742511039.5749137
6,229.398,1742511039.5749137
7,261.851,1742511039.5749137
0,267.756,1742511039.62505
1,242.165,1742511039.62505
2,254.358,1742511039.62505
3,255.66,1742511039.62505
4,244.095,1742511039.62505
5,256.685,1742511039.62505
6,255.359,1742511039.62505
7,261.851,1742511039.62505
0,267.756,1742511039.6751904
1,269.483,1742511039.6751904
2,254.358,1742511039.6751904
3,255.66,1742511039.6751904
4,269.16,1742511039.6751904
5,280.28,1742511039.6751904
6,255.359,1742511039.6751904
7,288.49,1742511039.6751904
0,293.568,1742511039.7253194
1,269.483,1742511039.7253194
2,288.899,1742511039.7253194
3,285.807,1742511039.7253194
4,269.16,1742511039.7253194
5,280.28,1742511039.7253194
6,278.149,1742511039.7253194
7,288.49,1742511039.7253194
0,293.568,1742511039.7754447
1,291.195,1742511039.7754447
2,288.899,1742511039.7754447
3,285.807,1742511039.7754447
4,294.338,1742511039.7754447
5,305.807,1742511039.7754447
6,278.149,1742511039.7754447
7,314.323,1742511039.7754447
0,318.615,1742511039.8255806
1,291.195,1742511039.8255806
2,313.014,1742511039.8255806
3,310.678,1742511039.8255806
4,294.338,1742511039.8255806
5,305.807,1742511039.8255806
6,306.567,1742511039.8255806
7,314.323,1742511039.8255806
0,318.615,1742511039.8757102
1,319.959,1742511039.8757102
2,313.014,1742511039.8757102
3,310.678,1742511039.8757102
4,319.111,1742511039.8757102
5,331.96,1742511039.8757102
6,306.567,1742511039.8757102
7,314.323,1742511039.8757102
0,339.616,1742511039.9258409
1,319.959,1742511039.9258409
2,333.341,1742511039.9258409
3,337.288,1742511039.9258409
4,319.111,1742511039.9258409
5,331.96,1742511039.9258409
6,331.567,1742511039.9258409
7,340.376,1742511039.9258409
0,339.616,1742511039.9759824
1,341.025,1742511039.9759824
2,333.341,1742511039.9759824
3,337.288,1742511039.9759824
4,344.142,1742511039.9759824
5,358.012,1742511039.9759824
6,331.567,1742511039.9759824
7,340.376,1742511039.9759824
0,369.345,1742511040.0261333
1,341.025,1742511040.0261333
2,361.369,1742511040.0261333
3,363.249,1742511040.0261333
4,344.142,1742511040.0261333
5,358.012,1742511040.0261333
6,356.396,1742511040.0261333
7,365.909,1742511040.0261333
0,369.345,1742511040.076263
1,367.449,1742511040.076263
2,361.369,1742511040.076263
3,363.249,1742511040.076263
4,367.244,1742511040.076263
5,383.641,1742511040.076263
6,356.396,1742511040.076263
7,365.909,1742511040.076263
0,375.037,1742511040.1264
1,367.449,1742511040.1264
2,368.468,1742511040.1264
3,377.143,1742511040.1264
4,367.244,1742511040.1264
5,383.641,1742511040.1264
6,369.23,1742511040.1264
7,381.951,1742511040.1264
0,375.037,1742511040.176527
1,366.85,1742511040.176527
2,368.468,1742511040.176527
3,377.143,1742511040.176527
4,369.899,1742511040.176527
5,383.17,1742511040.176527
6,369.23,1742511040.176527
7,381.951,1742511040.176527
0,374.657,1742511040.226652
1,366.85,1742511040.226652
2,367.199,1742511040.226652
3,377.989,1742511040.226652
4,369.899,1742511040.226652
5,383.17,1742511040.226652
6,369.474,1742511040.226652
7,382.077,1742511040.226652
0,374.657,1742511040.2767785
1,366.126,1742511040.2767785
2,367.199,1742511040.2767785
3,377.989,1742511040.2767785
4,370.066,1742511040.2767785
5,383.259,1742511040.2767785
6,369.474,1742511040.2767785
7,382.077,1742511040.2767785
0,374.657,1742511040.3270147
1,366.126,1742511040.3270147
2,366.587,1742511040.3270147
3,378.364,1742511040.3270147
4,370.066,1742511040.3270147
5,383.259,1742511040.3270147
6,371.302,1742511040.3270147
7,382.086,1742511040.3270147
0,374.829,1742511040.3771398
1,366.686,1742511040.3771398
2,366.587,1742511040.3771398
3,378.364,1742511040.3771398
4,369.179,1742511040.3771398
5,385.957,1742511040.3771398
6,371.302,1742511040.3771398
7,382.086,1742511040.3771398
0,374.829,1742511040.4272656
1,366.686,1742511040.4272656
2,369.694,1742511040.4272656
3,378.333,1742511040.4272656
4,369.179,1742511040.4272656
5,385.957,1742511040.4272656
6,371.855,1742511040.4272656
7,382.95,1742511040.4272656
0,376.075,1742511040.477406
1,368.642,1742511040.477406
2,369.694,1742511040.477406
3,378.333,1742511040.477406
4,369.216,1742511040.477406
5,388.177,1742511040.477406
6,371.855,1742511040.477406
7,382.95,1742511040.477406
0,376.075,1742511040.5275419
1,368.642,1742511040.5275419
2,369.669,1742511040.5275419
3,376.959,1742511040.5275419
4,369.216,1742511040.5275419
5,388.177,1742511040.5275419
6,371.238,1742511040.5275419
7,383.188,1742511040.5275419
0,376.064,1742511040.5776794
1,369.019,1742511040.5776794
2,369.669,1742511040.5776794
3,376.959,1742511040.5776794
4,368.418,1742511040.5776794
5,389.163,1742511040.5776794
6,371.238,1742511040.5776794
7,383.188,1742511040.5776794
0,376.064,1742511040.627868
1,369.019,1742511040.627868
2,371.852,1742511040.627868
3,374.941,1742511040.627868
4,368.418,1742511040.627868
5,389.163,1742511040.627868
6,370.388,1742511040.627868
7,384.052,1742511040.627868
0,376.063,1742511040.6779923
1,371.058,1742511040.6779923
2,371.852,1742511040.6779923
3,374.941,1742511040.6779923
4,367.774,1742511040.6779923
5,388.123,1742511040.6779923
6,370.388,1742511040.6779923
7,384.052,1742511040.6779923
0,376.063,1742511040.7281182
1,371.058,1742511040.7281182
2,371.103,1742511040.7281182
3,375.97,1742511040.7281182
4,367.774,1742511040.7281182
5,388.123,1742511040.7281182
6,369.6,1742511040.7281182
7,383.91,1742511040.7281182
0,376.184,1742511040.7782428
1,371.506,1742511040.7782428
2,371.103,1742511040.7782428
3,375.97,1742511040.7782428
4,365.986,1742511040.7782428
5,388.111,1742511040.7782428
6,369.6,1742511040.7782428
7,383.91,1742511040.7782428
0,376.184,1742511040.828369
1,371.506,1742511040.828369
2,370.742,1742511040.828369
3,378.513,1742511040.828369
4,365.986,1742511040.828369
5,388.111,1742511040.828369
6,370.273,1742511040.828369
7,384.265,1742511040.828369
0,376.59,1742511040.8784943
1,372.332,1742511040.8784943
2,370.742,1742511040.8784943
3,378.513,1742511040.8784943
4,367.455,1742511040.8784943
5,388.947,1742511040.8784943
6,370.273,1742511040.8784943
7,384.265,1742511040.8784943
0,376.59,1742511040.9286337
1,372.332,1742511040.9286337
2,371.718,1742511040.9286337
3,376.432,1742511040.9286337
4,367.455,1742511040.9286337
5,388.947,1742511040.9286337
6,369.991,1742511040.9286337
7,386.159,1742511040.9286337
0,377.537,1742511040.978769
1,372.332,1742511040.978769
2,371.718,1742511040.978769
3,376.432,1742511040.978769
4,366.607,1742511040.978769
5,389.296,1742511040.978769
6,369.991,1742511040.978769
7,386.159,1742511040.978769
0,377.537,1742511041.0289698
1,372.332,1742511041.0289698
2,373.838,1742511041.0289698
3,375.928,1742511041.0289698
4,366.607,1742511041.0289698
5,389.296,1742511041.0289698
6,370.482,1742511041.0289698
7,387.543,1742511041.0289698
0,378.605,1742511041.0791073
1,374.764,1742511041.0791073
2,373.838,1742511041.0791073
3,375.928,1742511041.0791073
4,365.829,1742511041.0791073
5,388.115,1742511041.0791073
6,370.482,1742511041.0791073
7,387.543,1742511041.0791073
0,378.605,1742511041.1292324
1,374.764,1742511041.1292324
2,373.597,1742511041.1292324
3,376.056,1742511041.1292324
4,365.829,1742511041.1292324
5,388.115,1742511041.1292324
6,372.027,1742511041.1292324
7,386.958,1742511041.1292324
0,379.215,1742511041.1793573
1,375.203,1742511041.1793573
2,373.597,1742511041.1793573
3,376.056,1742511041.1793573
4,364.08,1742511041.1793573
5,388.115,1742511041.1793573
6,372.027,1742511041.1793573
7,386.958,1742511041.1793573
0,379.215,1742511041.2294824
1,375.203,1742511041.2294824
2,372.937,1742511041.2294824
3,375.74,1742511041.2294824
4,364.08,1742511041.2294824
5,387.45,1742511041.2294824
6,372.854,1742511041.2294824
7,387.082,1742511041.2294824
0,380.456,1742511041.279607
1,375.291,1742511041.279607
2,372.937,1742511041.279607
3,375.74,1742511041.279607
4,363.442,1742511041.279607
5,387.45,1742511041.279607
6,372.854,1742511041.279607
7,387.082,1742511041.279607
0,380.456,1742511041.329734
1,375.291,1742511041.329734
2,374.651,1742511041.329734
3,375.677,1742511041.329734
4,363.442,1742511041.329734
5,386.815,1742511041.329734
6,372.911,1742511041.329734
7,387.298,1742511041.329734
0,381.377,1742511041.3798757
1,373.415,1742511041.3798757
2,374.651,1742511041.3798757
3,375.677,1742511041.3798757
4,363.801,1742511041.3798757
5,386.815,1742511041.3798757
6,372.911,1742511041.3798757
7,387.298,1742511041.3798757
0,381.377,1742511041.4301054
1,373.415,1742511041.4301054
2,375.22,1742511041.4301054
3,375.929,1742511041.4301054
4,363.801,1742511041.4301054
5,386.101,1742511041.4301054
6,373.422,1742511041.4301054
7,387.24,1742511041.4301054
0,382.037,1742511041.4802308
1,371.697,1742511041.4802308
2,375.22,1742511041.4802308
3,375.929,1742511041.4802308
4,364.153,1742511041.4802308
5,386.101,1742511041.4802308
6,373.422,1742511041.4802308
7,387.24,1742511041.4802308
0,382.037,1742511041.5303717
1,371.697,1742511041.5303717
2,375.22,1742511041.5303717
3,377.239,1742511041.5303717
4,364.153,1742511041.5303717
5,384.008,1742511041.5303717
6,373.276,1742511041.5303717
7,385.021,1742511041.5303717
0,382.012,1742511041.5805092
1,371.213,1742511041.5805092
2,376.303,1742511041.5805092
3,377.239,1742511041.5805092
4,365.658,1742511041.5805092
5,384.008,1742511041.5805092
6,373.276,1742511041.5805092
7,385.021,1742511041.5805092
0,382.012,1742511041.6306381
1,371.213,1742511041.6306381
2,376.303,1742511041.6306381
3,377.716,1742511041.6306381
4,365.658,1742511041.6306381
5,381.923,1742511041.6306381
6,374.111,1742511041.6306381
7,384.473,1742511041.6306381
0,380.893,1742511041.6807766
1,369.168,1742511041.6807766
2,376.94,1742511041.6807766
3,377.716,1742511041.6807766
4,366.644,1742511041.6807766
5,381.923,1742511041.6807766
6,374.111,1742511041.6807766
7,384.473,1742511041.6807766
0,380.893,1742511041.730907
1,369.168,1742511041.730907
2,376.94,1742511041.730907
3,378.084,1742511041.730907
4,366.644,1742511041.730907
5,381.379,1742511041.730907
6,374.366,1742511041.730907
7,384.326,1742511041.730907
0,381.746,1742511041.781047
1,369.105,1742511041.781047
2,379.091,1742511041.781047
3,378.084,1742511041.781047
4,367.177,1742511041.781047
5,381.379,1742511041.781047
6,374.366,1742511041.781047
7,384.326,1742511041.781047
0,381.746,1742511041.8311775
1,369.105,1742511041.8311775
2,379.091,1742511041.8311775
3,379.473,1742511041.8311775
4,367.177,1742511041.8311775
5,381.39,1742511041.8311775
6,377.102,1742511041.8311775
7,384.147,1742511041.8311775
0,377.047,1742511041.8813193
1,359.789,1742511041.8813193
2,377.037,1742511041.8813193
3,379.473,1742511041.8813193
4,357.536,1742511041.8813193
5,381.39,1742511041.8813193
6,377.102,1742511041.8813193
7,384.147,1742511041.8813193
0,377.047,1742511041.9314783
1,359.789,1742511041.9314783
2,377.037,1742511041.9314783
3,356.684,1742511041.9314783
4,357.536,1742511041.9314783
5,365.533,1742511041.9314783
6,347.551,1742511041.9314783
7,360.855,1742511041.9314783
0,352.198,1742511041.9816453
1,334.108,1742511041.9816453
2,351.823,1742511041.9816453
3,356.684,1742511041.9816453
4,332.26,1742511041.9816453
5,365.533,1742511041.9816453
6,347.551,1742511041.9816453
7,360.855,1742511041.9816453
0,352.198,1742511042.0317702
1,334.108,1742511042.0317702
2,351.823,1742511042.0317702
3,331.968,1742511042.0317702
4,332.26,1742511042.0317702
5,340.254,1742511042.0317702
6,323.93,1742511042.0317702
7,336.478,1742511042.0317702
0,326.228,1742511042.0819054
1,309.436,1742511042.0819054
2,326.448,1742511042.0819054
3,331.968,1742511042.0819054
4,308.368,1742511042.0819054
5,340.254,1742511042.0819054
6,323.93,1742511042.0819054
7,336.478,1742511042.0819054
0,326.228,1742511042.132045
1,309.436,1742511042.132045
2,326.448,1742511042.132045
3,307.639,1742511042.132045
4,308.368,1742511042.132045
5,313.829,1742511042.132045
6,297.846,1742511042.132045
7,308.648,1742511042.132045
0,299.823,1742511042.182175
1,284.659,1742511042.182175
2,301.597,1742511042.182175
3,307.639,1742511042.182175
4,284.466,1742511042.182175
5,313.829,1742511042.182175
6,297.846,1742511042.182175
7,308.648,1742511042.182175
0,299.823,1742511042.232312
1,284.659,1742511042.232312
2,301.597,1742511042.232312
3,278.378,1742511042.232312
4,284.466,1742511042.232312
5,290.032,1742511042.232312
6,272.693,1742511042.232312
7,283.265,1742511042.232312
0,272.559,1742511042.2824368
1,260.076,1742511042.2824368
2,277.132,1742511042.2824368
3,278.378,1742511042.2824368
4,259.619,1742511042.2824368
5,290.032,1742511042.2824368
6,272.693,1742511042.2824368
7,283.265,1742511042.2824368
0,272.559,1742511042.332576
1,260.076,1742511042.332576
2,277.132,1742511042.332576
3,257.048,1742511042.332576
4,259.619,1742511042.332576
5,264.593,1742511042.332576
6,246.94,1742511042.332576
7,257.741,1742511042.332576
0,247.176,1742511042.3827121
1,228.97,1742511042.3827121
2,251.851,1742511042.3827121
3,257.048,1742511042.3827121
4,236.831,1742511042.3827121
5,264.593,1742511042.3827121
6,246.94,1742511042.3827121
7,257.741,1742511042.3827121
0,247.176,1742511042.4328494
1,228.97,1742511042.4328494
2,251.851,1742511042.4328494
3,231.612,1742511042.4328494
4,236.831,1742511042.4328494
5,235.731,1742511042.4328494
6,221.765,1742511042.4328494
7,231.925,1742511042.4328494
0,222.035,1742511042.4829845
1,204.413,1742511042.4829845
2,226.735,1742511042.4829845
3,231.612,1742511042.4829845
4,212.332,1742511042.4829845
5,235.731,1742511042.4829845
6,221.765,1742511042.4829845
7,231.925,1742511042.4829845
0,222.035,1742511042.5331192
1,204.413,1742511042.5331192
2,226.735,1742511042.5331192
3,231.612,1742511042.5331192
4,212.332,1742511042.5331192
5,210.392,1742511042.5331192
6,196.644,1742511042.5331192
7,206.904,1742511042.5331192
0,195.126,1742511042.583247
1,179.093,1742511042.583247
2,194.511,1742511042.583247
3,196.411,1742511042.583247
4,187.311,1742511042.583247
5,210.392,1742511042.583247
6,196.644,1742511042.583247
7,206.904,1742511042.583247
0,195.126,1742511042.633373
1,179.093,1742511042.633373
2,194.511,1742511042.633373
3,196.411,1742511042.633373
4,187.311,1742511042.633373
5,184.997,1742511042.633373
6,170.748,1742511042.633373
7,186.651,1742511042.633373
0,172.445,1742511042.683498
1,154.64,1742511042.683498
2,168.603,1742511042.683498
3,171.561,1742511042.683498
4,162.802,1742511042.683498
5,184.997,1742511042.683498
6,170.748,1742511042.683498
7,186.651,1742511042.683498
0,172.445,1742511042.7336352
1,154.64,1742511042.7336352
2,168.603,1742511042.7336352
3,171.561,1742511042.7336352
4,162.802,1742511042.7336352
5,164.099,1742511042.7336352
6,143.606,1742511042.7336352
7,161.548,1742511042.7336352
0,147.749,1742511042.783774
1,128.939,1742511042.783774
2,141.672,1742511042.783774
3,145.262,1742511042.783774
4,138.721,1742511042.783774
5,164.099,1742511042.783774
6,143.606,1742511042.783774
7,161.548,1742511042.783774
0,147.749,1742511042.8339097
1,128.939,1742511042.8339097
2,141.672,1742511042.8339097
3,145.262,1742511042.8339097
4,138.721,1742511042.8339097
5,132.399,1742511042.8339097
6,119.077,1742511042.8339097
7,136.435,1742511042.8339097
0,121.971,1742511042.8840685
1,118.187,1742511042.8840685
2,123.028,1742511042.8840685
3,119.806,1742511042.8840685
4,119.302,1742511042.8840685
5,132.399,1742511042.8840685
6,119.077,1742511042.8840685
7,136.435,1742511042.8840685
0,121.971,1742511042.9342046
1,118.187,1742511042.9342046
2,123.028,1742511042.9342046
3,119.806,1742511042.9342046
4,119.302,1742511042.9342046
5,122.319,1742511042.9342046
6,118.585,1742511042.9342046
7,125.388,1742511042.9342046
0,121.827,1742511042.984322
1,117.934,1742511042.984322
2,122.755,1742511042.984322
3,119.703,1742511042.984322
4,119.027,1742511042.984322
5,122.319,1742511042.984322
6,118.585,1742511042.984322
7,125.388,1742511042.984322
0,121.827,1742511043.0344615
1,117.934,1742511043.0344615
2,122.755,1742511043.0344615
3,119.703,1742511043.0344615
4,119.027,1742511043.0344615
5,122.214,1742511043.0344615
6,118.476,1742511043.0344615
7,125.237,1742511043.0344615
0,121.667,1742511043.0845964
1,117.988,1742511043.0845964
2,122.572,1742511043.0845964
3,119.668,1742511043.0845964
4,118.906,1742511043.0845964
5,122.214,1742511043.0845964
6,118.476,1742511043.0845964
7,125.237,1742511043.0845964
0,121.667,1742511043.134732
1,117.988,1742511043.134732
2,122.572,1742511043.134732
3,119.668,1742511043.134732
4,118.906,1742511043.134732
5,122.086,1742511043.134732
6,118.438,1742511043.134732
7,125.121,1742511043.134732
0,121.6,1742511043.1848676
1,117.802,1742511043.1848676
2,122.447,1742511043.1848676
3,119.639,1742511043.1848676
4,118.791,1742511043.1848676
5,122.086,1742511043.1848676
6,118.438,1742511043.1848676
7,125.121,1742511043.1848676
0,121.6,1742511043.2350047
1,117.802,1742511043.2350047
2,122.447,1742511043.2350047
3,119.639,1742511043.2350047
4,118.791,1742511043.2350047
5,121.979,1742511043.2350047
6,118.372,1742511043.2350047
7,125.068,1742511043.2350047
0,121.546,1742511043.2851412
1,117.871,1742511043.2851412
2,122.387,1742511043.2851412
3,119.641,1742511043.2851412
4,118.704,1742511043.2851412
5,121.979,1742511043.2851412
6,118.372,1742511043.2851412
7,125.068,1742511043.2851412
0,121.546,1742511043.335278
1,117.871,1742511043.335278
2,122.387,1742511043.335278
3,119.641,1742511043.335278
4,118.704,1742511043.335278
5,121.933,1742511043.335278
6,118.299,1742511043.335278
7,124.993,1742511043.335278
0,121.526,1742511043.3853867
1,117.776,1742511043.3853867
2,122.329,1742511043.3853867
3,119.628,1742511043.3853867
4,118.643,1742511043.3853867
5,121.933,1742511043.3853867
6,118.299,1742511043.3853867
7,124.993,1742511043.3853867
0,121.526,1742511043.435524
1,117.776,1742511043.435524
2,122.329,1742511043.435524
3,119.628,1742511043.435524
4,118.643,1742511043.435524
5,121.847,1742511043.435524
6,118.24,1742511043.435524
7,124.911,1742511043.435524
0,121.479,1742511043.4856603
1,117.742,1742511043.4856603
2,122.27,1742511043.4856603
3,119.602,1742511043.4856603
4,118.596,1742511043.4856603
5,121.847,1742511043.4856603
6,118.24,1742511043.4856603
7,124.911,1742511043.4856603
0,121.479,1742511043.535805
1,117.742,1742511043.535805
2,122.27,1742511043.535805
3,119.602,1742511043.535805
4,118.596,1742511043.535805
5,121.834,1742511043.535805
6,118.22,1742511043.535805
7,124.847,1742511043.535805
0,121.437,1742511043.5859404
1,117.723,1742511043.5859404
2,122.217,1742511043.5859404
3,119.541,1742511043.5859404
4,118.535,1742511043.5859404
5,121.834,1742511043.5859404
6,118.22,1742511043.5859404
7,124.847,1742511043.5859404
0,121.437,1742511043.6360786
1,117.723,1742511043.6360786
2,122.217,1742511043.6360786
3,119.541,1742511043.6360786
4,118.535,1742511043.6360786
5,121.773,1742511043.6360786
6,118.194,1742511043.6360786
7,124.788,1742511043.6360786
0,121.366,1742511043.6862051
1,117.623,1742511043.6862051
2,122.159,1742511043.6862051
3,119.513,1742511043.6862051
4,118.501,1742511043.6862051
5,121.773,1742511043.6862051
6,118.194,1742511043.6862051
7,124.788,1742511043.6862051
0,121.366,1742511043.7363427
1,117.623,1742511043.7363427
2,122.159,1742511043.7363427
3,119.513,1742511043.7363427
4,118.501,1742511043.7363427
5,121.76,1742511043.7363427
6,118.162,1742511043.7363427
7,124.74,1742511043.7363427
0,121.32,1742511043.7864816
1,117.716,1742511043.7864816
2,122.114,1742511043.7864816
3,119.486,1742511043.7864816
4,118.461,1742511043.7864816
5,121.76,1742511043.7864816
6,118.162,1742511043.7864816
7,124.74,1742511043.7864816
0,121.32,1742511043.8368266
1,117.716,1742511043.8368266
2,122.114,1742511043.8368266
3,119.486,1742511043.8368266
4,118.461,1742511043.8368266
5,121.691,1742511043.8368266
6,118.156,1742511043.8368266
7,124.711,1742511043.8368266
0,121.295,1742511043.8869507
1,117.563,1742511043.8869507
2,122.082,1742511043.8869507
3,119.473,1742511043.8869507
4,118.421,1742511043.8869507
5,121.691,1742511043.8869507
6,118.156,1742511043.8869507
7,124.711,1742511043.8869507
0,121.295,1742511043.9370768
1,117.563,1742511043.9370768
2,122.082,1742511043.9370768
3,119.473,1742511043.9370768
4,118.421,1742511043.9370768
5,121.658,1742511043.9370768
6,118.121,1742511043.9370768
7,124.704,1742511043.9370768
0,121.285,1742511043.9872017
1,117.69,1742511043.9872017
2,122.048,1742511043.9872017
3,119.473,1742511043.9872017
4,118.387,1742511043.9872017
5,121.658,1742511043.9872017
6,118.121,1742511043.9872017
7,124.704,1742511043.9872017
0,121.285,1742511044.037326
1,117.69,1742511044.037326
2,122.048,1742511044.037326
3,119.473,1742511044.037326
4,118.387,1742511044.037326
5,121.595,1742511044.037326
6,118.086,1742511044.037326
7,124.682,1742511044.037326
0,121.283,1742511044.0874515
1,117.537,1742511044.0874515
2,122.011,1742511044.0874515
3,119.434,1742511044.0874515
4,118.373,1742511044.0874515
5,121.595,1742511044.0874515
6,118.086,1742511044.0874515
7,124.682,1742511044.0874515
0,121.283,1742511044.1375918
1,117.537,1742511044.1375918
2,122.011,1742511044.1375918
3,119.434,1742511044.1375918
4,118.373,1742511044.1375918
5,121.608,1742511044.1375918
6,118.057,1742511044.1375918
7,124.69,1742511044.1375918
0,121.256,1742511044.1877294
1,117.641,1742511044.1877294
2,121.995,1742511044.1877294
3,119.406,1742511044.1877294
4,118.36,1742511044.1877294
5,121.608,1742511044.1877294
6,118.057,1742511044.1877294
7,124.69,1742511044.1877294
0,121.256,1742511044.2378578
1,117.641,1742511044.2378578
2,121.995,1742511044.2378578
3,119.406,1742511044.2378578
4,118.36,1742511044.2378578
5,121.561,1742511044.2378578
6,118.038,1742511044.2378578
7,124.627,1742511044.2378578
0,121.256,1742511044.2879834
1,117.523,1742511044.2879834
2,121.978,1742511044.2879834
3,119.392,1742511044.2879834
4,118.312,1742511044.2879834
5,121.561,1742511044.2879834
6,118.038,1742511044.2879834
7,124.627,1742511044.2879834
0,121.256,1742511044.3381238
1,117.523,1742511044.3381238
2,121.978,1742511044.3381238
3,119.392,1742511044.3381238
4,118.312,1742511044.3381238
5,121.554,1742511044.3381238
6,118.033,1742511044.3381238
7,124.615,1742511044.3381238
0,121.232,1742511044.3882613
1,117.565,1742511044.3882613
2,121.952,1742511044.3882613
3,119.39,1742511044.3882613
4,118.301,1742511044.3882613
5,121.554,1742511044.3882613
6,118.033,1742511044.3882613
7,124.615,1742511044.3882613
0,121.232,1742511044.4384139
1,117.565,1742511044.4384139
2,121.952,1742511044.4384139
3,119.39,1742511044.4384139
4,118.301,1742511044.4384139
5,121.526,1742511044.4384139
6,118.049,1742511044.4384139
7,124.568,1742511044.4384139
0,123.791,1742511044.4885569
1,117.565,1742511044.4885569
2,123.908,1742511044.4885569
3,121.478,1742511044.4885569
4,127.919,1742511044.4885569
5,121.526,1742511044.4885569
6,118.049,1742511044.4885569
7,124.568,1742511044.4885569
0,123.791,1742511044.5386877
1,125.581,1742511044.5386877
2,123.908,1742511044.5386877
3,121.478,1742511044.5386877
4,127.919,1742511044.5386877
5,136.591,1742511044.5386877
6,141.674,1742511044.5386877
7,139.79,1742511044.5386877
0,148.027,1742511044.5888176
1,125.581,1742511044.5888176
2,148.339,1742511044.5888176
3,146.546,1742511044.5888176
4,152.204,1742511044.5888176
5,136.591,1742511044.5888176
6,141.674,1742511044.5888176
7,139.79,1742511044.5888176
0,148.027,1742511044.6389523
1,149.764,1742511044.6389523
2,148.339,1742511044.6389523
3,146.546,1742511044.6389523
4,152.204,1742511044.6389523
5,162.544,1742511044.6389523
6,167.14,1742511044.6389523
7,164.98,1742511044.6389523
0,173.479,1742511044.6890917
1,149.764,1742511044.6890917
2,173.403,1742511044.6890917
3,172.216,1742511044.6890917
4,178.085,1742511044.6890917
5,162.544,1742511044.6890917
6,167.14,1742511044.6890917
7,164.98,1742511044.6890917
0,173.479,1742511044.739224
1,175.318,1742511044.739224
2,173.403,1742511044.739224
3,172.216,1742511044.739224
4,178.085,1742511044.739224
5,188.178,1742511044.739224
6,191.841,1742511044.739224
7,197.439,1742511044.739224
0,197.008,1742511044.7893634
1,175.318,1742511044.7893634
2,198.884,1742511044.7893634
3,197.128,1742511044.7893634
4,202.998,1742511044.7893634
5,188.178,1742511044.7893634
6,191.841,1742511044.7893634
7,197.439,1742511044.7893634
0,197.008,1742511044.839493
1,200.837,1742511044.839493
2,198.884,1742511044.839493
3,197.128,1742511044.839493
4,202.998,1742511044.839493
5,214.722,1742511044.839493
6,220.26,1742511044.839493
7,223.089,1742511044.839493
0,221.383,1742511044.8896332
1,200.837,1742511044.8896332
2,223.807,1742511044.8896332
3,224.842,1742511044.8896332
4,228.87,1742511044.8896332
5,214.722,1742511044.8896332
6,220.26,1742511044.8896332
7,223.089,1742511044.8896332
0,221.383,1742511044.9397626
1,225.411,1742511044.9397626
2,223.807,1742511044.9397626
3,224.842,1742511044.9397626
4,228.87,1742511044.9397626
5,241.649,1742511044.9397626
6,246.365,1742511044.9397626
7,249.565,1742511044.9397626
0,246.583,1742511044.9898877
1,225.411,1742511044.9898877
2,249.155,1742511044.9898877
3,251.821,1742511044.9898877
4,228.87,1742511044.9898877
5,241.649,1742511044.9898877
6,246.365,1742511044.9898877
7,249.565,1742511044.9898877
0,246.583,1742511045.0401263
1,256.368,1742511045.0401263
2,249.155,1742511045.0401263
3,251.821,1742511045.0401263
4,252.38,1742511045.0401263
5,268.03,1742511045.0401263
6,246.365,1742511045.0401263
7,275.465,1742511045.0401263
0,274.805,1742511045.0903642
1,256.368,1742511045.0903642
2,272.014,1742511045.0903642
3,276.899,1742511045.0903642
4,252.38,1742511045.0903642
5,268.03,1742511045.0903642
6,276.064,1742511045.0903642
7,275.465,1742511045.0903642
0,274.805,1742511045.140506
1,281.617,1742511045.140506
2,272.014,1742511045.140506
3,276.899,1742511045.140506
4,281.138,1742511045.140506
5,302.421,1742511045.140506
6,276.064,1742511045.140506
7,301.104,1742511045.140506
0,297.199,1742511045.1906435
1,281.617,1742511045.1906435
2,296.201,1742511045.1906435
3,302.177,1742511045.1906435
4,281.138,1742511045.1906435
5,302.421,1742511045.1906435
6,301.415,1742511045.1906435
7,301.104,1742511045.1906435
0,297.199,1742511045.2407715
1,307.423,1742511045.2407715
2,296.201,1742511045.2407715
3,302.177,1742511045.2407715
4,306.457,1742511045.2407715
5,328.607,1742511045.2407715
6,301.415,1742511045.2407715
7,333.062,1742511045.2407715
0,326.573,1742511045.2909112
1,307.423,1742511045.2909112
2,324.462,1742511045.2909112
3,328.432,1742511045.2909112
4,306.457,1742511045.2909112
5,328.607,1742511045.2909112
6,326.563,1742511045.2909112
7,333.062,1742511045.2909112
0,326.573,1742511045.3410401
1,334.106,1742511045.3410401
2,324.462,1742511045.3410401
3,328.432,1742511045.3410401
4,327.323,1742511045.3410401
5,354.146,1742511045.3410401
6,326.563,1742511045.3410401
7,360.312,1742511045.3410401
0,347.661,1742511045.3911815
1,334.106,1742511045.3911815
2,349.226,1742511045.3911815
3,357.914,1742511045.3911815
4,327.323,1742511045.3911815
5,354.146,1742511045.3911815
6,351.131,1742511045.3911815
7,360.312,1742511045.3911815
0,347.661,1742511045.4413133
1,360.382,1742511045.4413133
2,349.226,1742511045.4413133
3,357.914,1742511045.4413133
4,356.301,1742511045.4413133
5,380.343,1742511045.4413133
6,351.131,1742511045.4413133
7,382.146,1742511045.4413133
0,372.655,1742511045.4914522
1,360.382,1742511045.4914522
2,372.592,1742511045.4914522
3,378.018,1742511045.4914522
4,356.301,1742511045.4914522
5,380.343,1742511045.4914522
6,374.335,1742511045.4914522
7,382.146,1742511045.4914522
0,372.655,1742511045.5416634
1,373.206,1742511045.5416634
2,372.592,1742511045.5416634
3,378.018,1742511045.5416634
4,371.733,1742511045.5416634
5,383.434,1742511045.5416634
6,374.335,1742511045.5416634
7,386.858,1742511045.5416634
0,376.544,1742511045.5918047
1,373.206,1742511045.5918047
2,373.594,1742511045.5918047
3,377.276,1742511045.5918047
4,371.733,1742511045.5918047
5,383.434,1742511045.5918047
6,373.481,1742511045.5918047
7,386.858,1742511045.5918047
0,376.544,1742511045.6420057
1,373.727,1742511045.6420057
2,373.594,1742511045.6420057
3,377.276,1742511045.6420057
4,372.406,1742511045.6420057
5,384.029,1742511045.6420057
6,373.481,1742511045.6420057
7,386.749,1742511045.6420057
0,378.717,1742511045.692131
1,373.727,1742511045.692131
2,373.957,1742511045.692131
3,378.422,1742511045.692131
4,372.406,1742511045.692131
5,384.029,1742511045.692131
6,375.087,1742511045.692131
7,386.749,1742511045.692131
0,378.717,1742511045.7422726
1,374.64,1742511045.7422726
2,373.957,1742511045.7422726
3,378.422,1742511045.7422726
4,371.866,1742511045.7422726
5,385.526,1742511045.7422726
6,375.087,1742511045.7422726
7,386.953,1742511045.7422726
0,379.851,1742511045.7924094
1,374.64,1742511045.7924094
2,374.494,1742511045.7924094
3,377.549,1742511045.7924094
4,371.866,1742511045.7924094
5,385.526,1742511045.7924094
6,374.673,1742511045.7924094
7,386.953,1742511045.7924094
0,379.851,1742511045.842536
1,374.259,1742511045.842536
2,374.494,1742511045.842536
3,377.549,1742511045.842536
4,371.753,1742511045.842536
5,382.558,1742511045.842536
6,374.673,1742511045.842536
7,385.998,1742511045.842536
0,380.67,1742511045.892662
1,374.259,1742511045.892662
2,375.652,1742511045.892662
3,377.434,1742511045.892662
4,371.753,1742511045.892662
5,382.558,1742511045.892662
6,373.8,1742511045.892662
7,385.998,1742511045.892662
0,380.67,1742511045.9427881
1,375.178,1742511045.9427881
2,375.652,1742511045.9427881
3,377.434,1742511045.9427881
4,372.229,1742511045.9427881
5,382.145,1742511045.9427881
6,373.8,1742511045.9427881
7,386.252,1742511045.9427881
0,380.186,1742511045.9929755
1,375.178,1742511045.9929755
2,377.159,1742511045.9929755
3,376.959,1742511045.9929755
4,372.229,1742511045.9929755
5,382.145,1742511045.9929755
6,373.284,1742511045.9929755
7,386.252,1742511045.9929755
0,380.186,1742511046.0431154
1,375.761,1742511046.0431154
2,377.159,1742511046.0431154
3,376.959,1742511046.0431154
4,371.694,1742511046.0431154
5,380.759,1742511046.0431154
6,373.284,1742511046.0431154
7,387.252,1742511046.0431154
0,379.352,1742511046.0932448
1,375.761,1742511046.0932448
2,376.144,1742511046.0932448
3,378.088,1742511046.0932448
4,371.694,1742511046.0932448
5,380.759,1742511046.0932448
6,374.194,1742511046.0932448
7,387.252,1742511046.0932448
0,379.352,1742511046.1433861
1,374.902,1742511046.1433861
2,376.144,1742511046.1433861
3,378.088,1742511046.1433861
4,371.049,1742511046.1433861
5,381.64,1742511046.1433861
6,374.194,1742511046.1433861
7,387.146,1742511046.1433861
0,378.271,1742511046.1935253
1,374.902,1742511046.1935253
2,375.79,1742511046.1935253
3,379.05,1742511046.1935253
4,371.049,1742511046.1935253
5,381.64,1742511046.1935253
6,374.812,1742511046.1935253
7,387.146,1742511046.1935253
0,378.271,1742511046.2436512
1,374.541,1742511046.2436512
2,375.79,1742511046.2436512
3,379.05,1742511046.2436512
4,370.724,1742511046.2436512
5,380.795,1742511046.2436512
6,374.812,1742511046.2436512
7,384.941,1742511046.2436512
0,378.335,1742511046.2937763
1,374.541,1742511046.2937763
2,375.927,1742511046.2937763
3,379.215,1742511046.2937763
4,370.724,1742511046.2937763
5,380.795,1742511046.2937763
6,374.976,1742511046.2937763
7,384.941,1742511046.2937763
0,378.335,1742511046.343916
1,373.511,1742511046.343916
2,375.927,1742511046.343916
3,379.215,1742511046.343916
4,372.794,1742511046.343916
5,380.089,1742511046.343916
6,374.976,1742511046.343916
7,383.392,1742511046.343916
0,378.622,1742511046.394189
1,373.511,1742511046.394189
2,376.578,1742511046.394189
3,379.895,1742511046.394189
4,372.794,1742511046.394189
5,380.089,1742511046.394189
6,376.827,1742511046.394189
7,383.392,1742511046.394189
0,378.622,1742511046.444318
1,371.507,1742511046.444318
2,376.578,1742511046.444318
3,379.895,1742511046.444318
4,372.462,1742511046.444318
5,381.237,1742511046.444318
6,376.827,1742511046.444318
7,381.195,1742511046.444318
0,377.582,1742511046.4944801
1,371.507,1742511046.4944801
2,376.439,1742511046.4944801
3,379.599,1742511046.4944801
4,372.462,1742511046.4944801
5,381.237,1742511046.4944801
6,376.808,1742511046.4944801
7,381.195,1742511046.4944801
0,377.582,1742511046.5446048
1,371.622,1742511046.5446048
2,376.439,1742511046.5446048
3,379.599,1742511046.5446048
4,372.573,1742511046.5446048
5,382.608,1742511046.5446048
6,376.808,1742511046.5446048
7,380.743,1742511046.5446048
0,375.63,1742511046.5947301
1,371.622,1742511046.5947301
2,376.281,1742511046.5947301
3,378.984,1742511046.5947301
4,372.573,1742511046.5947301
5,382.608,1742511046.5947301
6,376.52,1742511046.5947301
7,380.743,1742511046.5947301
0,375.63,1742511046.6448848
1,369.57,1742511046.6448848
2,376.281,1742511046.6448848
3,378.984,1742511046.6448848
4,374.387,1742511046.6448848
5,382.039,1742511046.6448848
6,376.52,1742511046.6448848
7,380.743,1742511046.6448848
0,374.645,1742511046.6950505
1,369.57,1742511046.6950505
2,374.71,1742511046.6950505
3,378.722,1742511046.6950505
4,374.387,1742511046.6950505
5,382.039,1742511046.6950505
6,377.284,1742511046.6950505
7,382.075,1742511046.6950505
0,374.645,1742511046.745187
1,371.382,1742511046.745187
2,374.71,1742511046.745187
3,378.722,1742511046.745187
4,374.361,1742511046.745187
5,384.574,1742511046.745187
6,377.284,1742511046.745187
7,382.075,1742511046.745187
0,374.004,1742511046.7953107
1,371.382,1742511046.7953107
2,373.485,1742511046.7953107
3,377.666,1742511046.7953107
4,374.361,1742511046.7953107
5,384.574,1742511046.7953107
6,377.045,1742511046.7953107
7,383.172,1742511046.7953107
0,374.004,1742511046.845439
1,370.092,1742511046.845439
2,373.485,1742511046.845439
3,377.666,1742511046.845439
4,373.106,1742511046.845439
5,385.524,1742511046.845439
6,377.045,1742511046.845439
7,383.172,1742511046.845439
0,374.965,1742511046.8956141
1,370.092,1742511046.8956141
2,372.822,1742511046.8956141
3,377.35,1742511046.8956141
4,373.106,1742511046.8956141
5,385.524,1742511046.8956141
6,376.009,1742511046.8956141
7,384.66,1742511046.8956141
0,374.965,1742511046.9457545
1,370.748,1742511046.9457545
2,372.822,1742511046.9457545
3,377.35,1742511046.9457545
4,373.589,1742511046.9457545
5,385.524,1742511046.9457545
6,376.009,1742511046.9457545
7,384.66,1742511046.9457545
0,375.093,1742511046.995884
1,370.748,1742511046.995884
2,370.503,1742511046.995884
3,376.799,1742511046.995884
4,373.589,1742511046.995884
5,385.367,1742511046.995884
6,375.428,1742511046.995884
7,385.542,1742511046.995884
0,375.093,1742511047.0460086
1,371.458,1742511047.0460086
2,370.503,1742511047.0460086
3,376.799,1742511047.0460086
4,370.699,1742511047.0460086
5,385.367,1742511047.0460086
6,375.428,1742511047.0460086
7,385.542,1742511047.0460086
0,359.906,1742511047.096144
1,371.458,1742511047.096144
2,357.254,1742511047.096144
3,357.355,1742511047.096144
4,370.699,1742511047.096144
5,379.169,1742511047.096144
6,366.641,1742511047.096144
7,379.334,1742511047.096144
0,359.906,1742511047.1462681
1,351.069,1742511047.1462681
2,357.254,1742511047.1462681
3,357.355,1742511047.1462681
4,348.986,1742511047.1462681
5,379.169,1742511047.1462681
6,366.641,1742511047.1462681
7,379.334,1742511047.1462681
0,335.202,1742511047.196403
1,351.069,1742511047.196403
2,333.345,1742511047.196403
3,330.913,1742511047.196403
4,348.986,1742511047.196403
5,348.746,1742511047.196403
6,340.022,1742511047.196403
7,353.359,1742511047.196403
0,335.202,1742511047.2465289
1,324.436,1742511047.2465289
2,333.345,1742511047.2465289
3,330.913,1742511047.2465289
4,324.566,1742511047.2465289
5,348.746,1742511047.2465289
6,340.022,1742511047.2465289
7,353.359,1742511047.2465289
0,309.396,1742511047.2966547
1,324.436,1742511047.2966547
2,308.395,1742511047.2966547
3,304.726,1742511047.2966547
4,324.566,1742511047.2966547
5,322.868,1742511047.2966547
6,309.341,1742511047.2966547
7,328.39,1742511047.2966547
0,309.396,1742511047.3467786
1,299.244,1742511047.3467786
2,308.395,1742511047.3467786
3,304.726,1742511047.3467786
4,291.864,1742511047.3467786
5,322.868,1742511047.3467786
6,309.341,1742511047.3467786
7,328.39,1742511047.3467786
0,283.589,1742511047.3969033
1,299.244,1742511047.3969033
2,283.079,1742511047.3969033
3,281.941,1742511047.3969033
4,291.864,1742511047.3969033
5,297.295,1742511047.3969033
6,283.146,1742511047.3969033
7,303.363,1742511047.3969033
0,283.589,1742511047.4470391
1,269.669,1742511047.4470391
2,283.079,1742511047.4470391
3,281.941,1742511047.4470391
4,266.726,1742511047.4470391
5,297.295,1742511047.4470391
6,283.146,1742511047.4470391
7,303.363,1742511047.4470391
0,258.729,1742511047.4971745
1,269.669,1742511047.4971745
2,260.936,1742511047.4971745
3,253.152,1742511047.4971745
4,266.726,1742511047.4971745
5,271.176,1742511047.4971745
6,258.207,1742511047.4971745
7,277.5,1742511047.4971745
0,258.729,1742511047.5473008
1,244.78,1742511047.5473008
2,260.936,1742511047.5473008
3,253.152,1742511047.5473008
4,240.663,1742511047.5473008
5,271.176,1742511047.5473008
6,258.207,1742511047.5473008
7,277.5,1742511047.5473008
0,234.02,1742511047.597425
1,244.78,1742511047.597425
2,233.754,1742511047.597425
3,228.139,1742511047.597425
4,240.663,1742511047.597425
5,242.212,1742511047.597425
6,232.926,1742511047.597425
7,253.166,1742511047.597425
0,234.02,1742511047.64756
1,219.637,1742511047.64756
2,233.754,1742511047.64756
3,228.139,1742511047.64756
4,215.657,1742511047.64756
5,242.212,1742511047.64756
6,232.926,1742511047.64756
7,253.166,1742511047.64756
0,208.636,1742511047.697708
1,219.637,1742511047.697708
2,208.946,1742511047.697708
3,202.387,1742511047.697708
4,215.657,1742511047.697708
5,218.864,1742511047.697708
6,207.015,1742511047.697708
7,227.988,1742511047.697708
0,208.636,1742511047.747831
1,194.279,1742511047.747831
2,208.946,1742511047.747831
3,202.387,1742511047.747831
4,192.752,1742511047.747831
5,218.864,1742511047.747831
6,207.015,1742511047.747831
7,227.988,1742511047.747831
0,176.449,1742511047.7979558
1,194.279,1742511047.7979558
2,184.151,1742511047.7979558
3,176.886,1742511047.7979558
4,192.752,1742511047.7979558
5,192.642,1742511047.7979558
6,184.95,1742511047.7979558
7,199.477,1742511047.7979558
0,176.449,1742511047.8480809
1,168.805,1742511047.8480809
2,184.151,1742511047.8480809
3,176.886,1742511047.8480809
4,165.854,1742511047.8480809
5,192.642,1742511047.8480809
6,184.95,1742511047.8480809
7,199.477,1742511047.8480809
0,150.359,1742511047.8982158
1,168.805,1742511047.8982158
2,163.532,1742511047.8982158
3,157.186,1742511047.8982158
4,165.854,1742511047.8982158
5,166.622,1742511047.8982158
6,156.153,1742511047.8982158
7,168.324,1742511047.8982158
0,150.359,1742511047.9483507
1,142.765,1742511047.9483507
2,163.532,1742511047.9483507
3,157.186,1742511047.9483507
4,143.932,1742511047.9483507
5,166.622,1742511047.9483507
6,156.153,1742511047.9483507
7,168.324,1742511047.9483507
0,131.723,1742511047.9984875
1,142.765,1742511047.9984875
2,134.111,1742511047.9984875
3,132.556,1742511047.9984875
4,143.932,1742511047.9984875
5,141.271,1742511047.9984875
6,136.114,1742511047.9984875
7,141.387,1742511047.9984875
0,131.723,1742511048.0486133
1,118.645,1742511048.0486133
2,134.111,1742511048.0486133
3,132.556,1742511048.0486133
4,120.675,1742511048.0486133
5,141.271,1742511048.0486133
6,136.114,1742511048.0486133
7,141.387,1742511048.0486133
0,121.822,1742511048.0987377
1,118.645,1742511048.0987377
2,122.816,1742511048.0987377
3,119.504,1742511048.0987377
4,120.675,1742511048.0987377
5,122.37,1742511048.0987377
6,118.538,1742511048.0987377
7,125.456,1742511048.0987377
0,121.822,1742511048.148863
1,117.98,1742511048.148863
2,122.816,1742511048.148863
3,119.504,1742511048.148863
4,119.037,1742511048.148863
5,122.37,1742511048.148863
6,118.538,1742511048.148863
7,125.456,1742511048.148863
0,121.727,1742511048.1989875
1,117.98,1742511048.1989875
2,122.62,1742511048.1989875
3,119.47,1742511048.1989875
4,119.037,1742511048.1989875
5,122.194,1742511048.1989875
6,118.464,1742511048.1989875
7,125.295,1742511048.1989875
0,121.727,1742511048.2491233
1,118.034,1742511048.2491233
2,122.62,1742511048.2491233
3,119.47,1742511048.2491233
4,118.873,1742511048.2491233
5,122.194,1742511048.2491233
6,118.464,1742511048.2491233
7,125.295,1742511048.2491233
0,121.629,1742511048.2992594
1,118.034,1742511048.2992594
2,122.483,1742511048.2992594
3,119.463,1742511048.2992594
4,118.873,1742511048.2992594
5,122.1,1742511048.2992594
6,118.393,1742511048.2992594
7,125.144,1742511048.2992594
0,121.629,1742511048.3493836
1,117.829,1742511048.3493836
2,122.483,1742511048.3493836
3,119.463,1742511048.3493836
4,118.783,1742511048.3493836
5,122.1,1742511048.3493836
6,118.393,1742511048.3493836
7,125.144,1742511048.3493836
0,121.578,1742511048.3995085
1,117.829,1742511048.3995085
2,122.373,1742511048.3995085
3,119.469,1742511048.3995085
4,118.783,1742511048.3995085
5,121.96,1742511048.3995085
6,118.322,1742511048.3995085
7,125.056,1742511048.3995085
0,121.578,1742511048.449644
1,117.89,1742511048.449644
2,122.373,1742511048.449644
3,119.469,1742511048.449644
4,118.7,1742511048.449644
5,121.96,1742511048.449644
6,118.322,1742511048.449644
7,125.056,1742511048.449644
0,121.527,1742511048.49978
1,117.89,1742511048.49978
2,122.3,1742511048.49978
3,119.473,1742511048.49978
4,118.7,1742511048.49978
5,121.912,1742511048.49978
6,118.277,1742511048.49978
7,124.963,1742511048.49978
0,121.527,1742511048.5499153
1,117.749,1742511048.5499153
2,122.3,1742511048.5499153
3,119.473,1742511048.5499153
4,118.626,1742511048.5499153
5,121.912,1742511048.5499153
6,118.277,1742511048.5499153
7,124.963,1742511048.5499153
0,121.472,1742511048.6000395
1,117.749,1742511048.6000395
2,122.239,1742511048.6000395
3,119.484,1742511048.6000395
4,118.626,1742511048.6000395
5,121.839,1742511048.6000395
6,118.193,1742511048.6000395
7,124.896,1742511048.6000395
0,121.472,1742511048.6501734
1,117.756,1742511048.6501734
2,122.239,1742511048.6501734
3,119.484,1742511048.6501734
4,118.575,1742511048.6501734
5,121.839,1742511048.6501734
6,118.193,1742511048.6501734
7,124.896,1742511048.6501734
0,121.422,1742511048.7003
1,117.756,1742511048.7003
2,122.185,1742511048.7003
3,119.512,1742511048.7003
4,118.575,1742511048.7003
5,121.806,1742511048.7003
6,118.154,1742511048.7003
7,124.841,1742511048.7003
0,121.422,1742511048.750436
1,117.73,1742511048.750436
2,122.185,1742511048.750436
3,119.512,1742511048.750436
4,118.522,1742511048.750436
5,121.806,1742511048.750436
6,118.154,1742511048.750436
7,124.841,1742511048.750436
0,121.382,1742511048.8005605
1,117.73,1742511048.8005605
2,122.114,1742511048.8005605
3,119.527,1742511048.8005605
4,118.522,1742511048.8005605
5,121.72,1742511048.8005605
6,118.122,1742511048.8005605
7,124.801,1742511048.8005605
0,121.382,1742511048.8506956
1,117.667,1742511048.8506956
2,122.114,1742511048.8506956
3,119.527,1742511048.8506956
4,118.482,1742511048.8506956
5,121.72,1742511048.8506956
6,118.122,1742511048.8506956
7,124.801,1742511048.8506956
0,121.358,1742511048.9008317
1,117.667,1742511048.9008317
2,122.069,1742511048.9008317
3,119.502,1742511048.9008317
4,118.482,1742511048.9008317
5,121.726,1742511048.9008317
6,118.116,1742511048.9008317
7,124.78,1742511048.9008317
0,121.358,1742511048.9509668
1,117.701,1742511048.9509668
2,122.069,1742511048.9509668
3,119.502,1742511048.9509668
4,118.456,1742511048.9509668
5,121.726,1742511048.9509668
6,118.116,1742511048.9509668
7,124.78,1742511048.9509668
0,121.354,1742511049.0010898
1,117.701,1742511049.0010898
2,122.043,1742511049.0010898
3,119.46,1742511049.0010898
4,118.456,1742511049.0010898
5,121.681,1742511049.0010898
6,118.103,1742511049.0010898
7,124.747,1742511049.0010898
0,121.354,1742511049.0512245
1,117.576,1742511049.0512245
2,122.043,1742511049.0512245
3,119.46,1742511049.0512245
4,118.436,1742511049.0512245
5,121.681,1742511049.0512245
6,118.103,1742511049.0512245
7,124.747,1742511049.0512245
0,121.327,1742511049.1013603
1,117.576,1742511049.1013603
2,122.017,1742511049.1013603
3,119.426,1742511049.1013603
4,118.436,1742511049.1013603
5,121.653,1742511049.1013603
6,118.066,1742511049.1013603
7,124.726,1742511049.1013603
0,121.327,1742511049.151496
1,117.682,1742511049.151496
2,122.017,1742511049.151496
3,119.426,1742511049.151496
4,118.416,1742511049.151496
5,121.653,1742511049.151496
6,118.066,1742511049.151496
7,124.726,1742511049.151496
0,121.305,1742511049.2016308
1,117.682,1742511049.2016308
2,121.978,1742511049.2016308
3,119.405,1742511049.2016308
4,118.416,1742511049.2016308
5,121.599,1742511049.2016308
6,118.025,1742511049.2016308
7,124.677,1742511049.2016308
0,121.305,1742511049.2517846
1,117.502,1742511049.2517846
2,121.978,1742511049.2517846
3,119.405,1742511049.2517846
4,118.395,1742511049.2517846
5,121.599,1742511049.2517846
6,118.025,1742511049.2517846
7,124.677,1742511049.2517846
0,121.303,1742511049.30192
1,117.502,1742511049.30192
2,121.946,1742511049.30192
3,119.393,1742511049.30192
4,118.395,1742511049.30192
5,121.586,1742511049.30192
6,117.983,1742511049.30192
7,124.644,1742511049.30192
0,121.303,1742511049.3520546
1,117.633,1742511049.3520546
2,121.946,1742511049.3520546
3,119.393,1742511049.3520546
4,118.382,1742511049.3520546
5,121.586,1742511049.3520546
6,117.983,1742511049.3520546
7,124.644,1742511049.3520546
0,121.252,1742511049.4021904
1,117.633,1742511049.4021904
2,121.914,1742511049.4021904
3,119.372,1742511049.4021904
4,118.382,1742511049.4021904
5,121.56,1742511049.4021904
6,117.962,1742511049.4021904
7,124.618,1742511049.4021904
0,121.252,1742511049.4523253
1,117.497,1742511049.4523253
2,121.914,1742511049.4523253
3,119.372,1742511049.4523253
4,118.354,1742511049.4523253
5,121.56,1742511049.4523253
6,117.962,1742511049.4523253
7,124.618,1742511049.4523253
0,121.242,1742511049.5024605
1,117.497,1742511049.5024605
2,121.881,1742511049.5024605
3,119.351,1742511049.5024605
4,118.354,1742511049.5024605
5,121.536,1742511049.5024605
6,117.935,1742511049.5024605
7,124.59,1742511049.5024605
0,121.242,1742511049.5526028
1,117.557,1742511049.5526028
2,121.881,1742511049.5526028
3,119.351,1742511049.5526028
4,119.199,1742511049.5526028
5,121.536,1742511049.5526028
6,117.935,1742511049.5526028
7,124.59,1742511049.5526028
0,137.303,1742511049.6027458
1,117.557,1742511049.6027458
2,121.881,1742511049.6027458
3,119.351,1742511049.6027458
4,119.199,1742511049.6027458
5,128.512,1742511049.6027458
6,125.364,1742511049.6027458
7,130.407,1742511049.6027458
0,137.303,1742511049.652873
1,141.515,1742511049.652873
2,135.807,1742511049.652873
3,140.185,1742511049.652873
4,141.865,1742511049.652873
5,128.512,1742511049.652873
6,125.364,1742511049.652873
7,130.407,1742511049.652873
0,162.16,1742511049.7030084
1,141.515,1742511049.7030084
2,135.807,1742511049.7030084
3,140.185,1742511049.7030084
4,141.865,1742511049.7030084
5,153.833,1742511049.7030084
6,150.089,1742511049.7030084
7,156.785,1742511049.7030084
0,162.16,1742511049.7531428
1,167.133,1742511049.7531428
2,166.657,1742511049.7531428
3,163.861,1742511049.7531428
4,165.554,1742511049.7531428
5,153.833,1742511049.7531428
6,150.089,1742511049.7531428
7,156.785,1742511049.7531428
0,186.278,1742511049.803283
1,167.133,1742511049.803283
2,166.657,1742511049.803283
3,163.861,1742511049.803283
4,165.554,1742511049.803283
5,179.178,1742511049.803283
6,174.536,1742511049.803283
7,183.241,1742511049.803283
0,186.278,1742511049.8534117
1,192.698,1742511049.8534117
2,189.226,1742511049.8534117
3,187.078,1742511049.8534117
4,188.091,1742511049.8534117
5,179.178,1742511049.8534117
6,174.536,1742511049.8534117
7,183.241,1742511049.8534117
0,186.278,1742511049.9035478
1,192.698,1742511049.9035478
2,189.226,1742511049.9035478
3,187.078,1742511049.9035478
4,188.091,1742511049.9035478
5,210.414,1742511049.9035478
6,204.487,1742511049.9035478
7,209.04,1742511049.9035478
0,209.813,1742511049.953712
1,218.009,1742511049.953712
2,215.487,1742511049.953712
3,214.763,1742511049.953712
4,211.977,1742511049.953712
5,210.414,1742511049.953712
6,204.487,1742511049.953712
7,209.04,1742511049.953712
0,209.813,1742511050.003819
1,218.009,1742511050.003819
2,215.487,1742511050.003819
3,214.763,1742511050.003819
4,211.977,1742511050.003819
5,236.461,1742511050.003819
6,230.633,1742511050.003819
7,233.223,1742511050.003819
0,236.976,1742511050.0539455
1,244.302,1742511050.0539455
2,238.677,1742511050.0539455
3,237.315,1742511050.0539455
4,236.508,1742511050.0539455
5,236.461,1742511050.0539455
6,230.633,1742511050.0539455
7,233.223,1742511050.0539455
0,236.976,1742511050.1040847
1,244.302,1742511050.1040847
2,238.677,1742511050.1040847
3,237.315,1742511050.1040847
4,236.508,1742511050.1040847
5,261.987,1742511050.1040847
6,256.159,1742511050.1040847
7,262.503,1742511050.1040847
0,262.784,1742511050.1542196
1,271.34,1742511050.1542196
2,266.544,1742511050.1542196
3,262.961,1742511050.1542196
4,266.597,1742511050.1542196
5,261.987,1742511050.1542196
6,256.159,1742511050.1542196
7,262.503,1742511050.1542196
0,262.784,1742511050.204356
1,271.34,1742511050.204356
2,266.544,1742511050.204356
3,262.961,1742511050.204356
4,266.597,1742511050.204356
5,287.453,1742511050.204356
6,281.745,1742511050.204356
7,285.969,1742511050.204356
0,285.584,1742511050.2544935
1,297.518,1742511050.2544935
2,292.573,1742511050.2544935
3,290.74,1742511050.2544935
4,290.455,1742511050.2544935
5,287.453,1742511050.2544935
6,281.745,1742511050.2544935
7,285.969,1742511050.2544935
0,285.584,1742511050.3046165
1,297.518,1742511050.3046165
2,292.573,1742511050.3046165
3,290.74,1742511050.3046165
4,290.455,1742511050.3046165
5,313.332,1742511050.3046165
6,307.302,1742511050.3046165
7,316.003,1742511050.3046165
0,315.139,1742511050.3547523
1,322.138,1742511050.3547523
2,322.416,1742511050.3547523
3,313.359,1742511050.3547523
4,314.703,1742511050.3547523
5,313.332,1742511050.3547523
6,307.302,1742511050.3547523
7,316.003,1742511050.3547523
0,315.139,1742511050.4048862
1,322.138,1742511050.4048862
2,322.416,1742511050.4048862
3,313.359,1742511050.4048862
4,314.703,1742511050.4048862
5,338.707,1742511050.4048862
6,332.795,1742511050.4048862
7,347.059,1742511050.4048862
0,341.225,1742511050.4550223
1,351.116,1742511050.4550223
2,347.162,1742511050.4550223
3,337.418,1742511050.4550223
4,337.509,1742511050.4550223
5,338.707,1742511050.4550223
6,332.795,1742511050.4550223
7,347.059,1742511050.4550223
0,341.225,1742511050.505158
1,351.116,1742511050.505158
2,347.162,1742511050.505158
3,337.418,1742511050.505158
4,337.509,1742511050.505158
5,364.028,1742511050.505158
6,358.242,1742511050.505158
7,372.469,1742511050.505158
0,367.502,1742511050.555299
1,374.37,1742511050.555299
2,370.496,1742511050.555299
3,367.181,1742511050.555299
4,359.205,1742511050.555299
5,364.028,1742511050.555299
6,358.242,1742511050.555299
7,372.469,1742511050.555299
0,367.502,1742511050.605439
1,374.37,1742511050.605439
2,370.496,1742511050.605439
3,367.181,1742511050.605439
4,359.205,1742511050.605439
5,377.739,1742511050.605439
6,371.065,1742511050.605439
7,388.316,1742511050.605439
0,378.543,1742511050.655573
1,373.995,1742511050.655573
2,372.524,1742511050.655573
3,372.06,1742511050.655573
4,360.307,1742511050.655573
5,377.739,1742511050.655573
6,371.065,1742511050.655573
7,388.316,1742511050.655573
0,378.543,1742511050.7057257
1,373.995,1742511050.7057257
2,372.524,1742511050.7057257
3,372.06,1742511050.7057257
4,360.307,1742511050.7057257
5,378.163,1742511050.7057257
6,372.066,1742511050.7057257
7,387.637,1742511050.7057257
0,379.793,1742511050.7558613
1,373.27,1742511050.7558613
2,373.492,1742511050.7558613
3,373.081,1742511050.7558613
4,360.388,1742511050.7558613
5,378.163,1742511050.7558613
6,372.066,1742511050.7558613
7,387.637,1742511050.7558613
0,379.793,1742511050.8060653
1,373.27,1742511050.8060653
2,373.492,1742511050.8060653
3,373.081,1742511050.8060653
4,360.388,1742511050.8060653
5,377.837,1742511050.8060653
6,372.997,1742511050.8060653
7,387.079,1742511050.8060653
0,381.764,1742511050.8561928
1,371.954,1742511050.8561928
2,375.782,1742511050.8561928
3,376.403,1742511050.8561928
4,360.819,1742511050.8561928
5,377.837,1742511050.8561928
6,372.997,1742511050.8561928
7,387.079,1742511050.8561928
0,381.764,1742511050.906377
1,371.954,1742511050.906377
2,375.782,1742511050.906377
3,376.403,1742511050.906377
4,360.819,1742511050.906377
5,376.645,1742511050.906377
6,372.652,1742511050.906377
7,386.382,1742511050.906377
0,383.223,1742511050.9565022
1,373.591,1742511050.9565022
2,376.727,1742511050.9565022
3,374.692,1742511050.9565022
4,361.1,1742511050.9565022
5,376.645,1742511050.9565022
6,372.652,1742511050.9565022
7,386.382,1742511050.9565022
0,383.223,1742511051.0066261
1,373.591,1742511051.0066261
2,376.727,1742511051.0066261
3,374.692,1742511051.0066261
4,361.1,1742511051.0066261
5,376.01,1742511051.0066261
6,371.814,1742511051.0066261
7,385.683,1742511051.0066261
0,382.691,1742511051.0567532
1,371.58,1742511051.0567532
2,377.32,1742511051.0567532
3,377.715,1742511051.0567532
4,360.236,1742511051.0567532
5,376.01,1742511051.0567532
6,371.814,1742511051.0567532
7,385.683,1742511051.0567532
0,382.691,1742511051.106908
1,371.58,1742511051.106908
2,377.32,1742511051.106908
3,377.715,1742511051.106908
4,360.236,1742511051.106908
5,375.287,1742511051.106908
6,371.587,1742511051.106908
7,384.736,1742511051.106908
0,381.383,1742511051.1570754
1,369.483,1742511051.1570754
2,377.898,1742511051.1570754
3,375.584,1742511051.1570754
4,361.261,1742511051.1570754
5,375.287,1742511051.1570754
6,371.587,1742511051.1570754
7,384.736,1742511051.1570754
0,381.383,1742511051.2072704
1,369.483,1742511051.2072704
2,377.898,1742511051.2072704
3,375.584,1742511051.2072704
4,361.261,1742511051.2072704
5,375.461,1742511051.2072704
6,371.319,1742511051.2072704
7,384.062,1742511051.2072704
0,379.701,1742511051.2574072
1,368.471,1742511051.2574072
2,377.121,1742511051.2574072
3,377.339,1742511051.2574072
4,361.086,1742511051.2574072
5,375.461,1742511051.2574072
6,371.319,1742511051.2574072
7,384.062,1742511051.2574072
0,379.701,1742511051.3075314
1,368.471,1742511051.3075314
2,377.121,1742511051.3075314
3,377.339,1742511051.3075314
4,361.086,1742511051.3075314
5,376.072,1742511051.3075314
6,371.459,1742511051.3075314
7,382.736,1742511051.3075314
0,378.034,1742511051.3576577
1,369.475,1742511051.3576577
2,378.108,1742511051.3576577
3,374.56,1742511051.3576577
4,361.304,1742511051.3576577
5,376.072,1742511051.3576577
6,371.459,1742511051.3576577
7,382.736,1742511051.3576577
0,378.034,1742511051.4077837
1,369.475,1742511051.4077837
2,378.108,1742511051.4077837
3,374.56,1742511051.4077837
4,361.304,1742511051.4077837
5,376.765,1742511051.4077837
6,371.117,1742511051.4077837
7,382.031,1742511051.4077837
0,377.253,1742511051.457924
1,368.903,1742511051.457924
2,379.269,1742511051.457924
3,375.918,1742511051.457924
4,362.829,1742511051.457924
5,376.765,1742511051.457924
6,371.117,1742511051.457924
7,382.031,1742511051.457924
0,377.253,1742511051.508059
1,368.903,1742511051.508059
2,379.269,1742511051.508059
3,375.918,1742511051.508059
4,362.829,1742511051.508059
5,379.39,1742511051.508059
6,371.325,1742511051.508059
7,381.799,1742511051.508059
0,376.108,1742511051.5581954
1,369.299,1742511051.5581954
2,381.255,1742511051.5581954
3,376.187,1742511051.5581954
4,363.987,1742511051.5581954
5,379.39,1742511051.5581954
6,371.325,1742511051.5581954
7,381.799,1742511051.5581954
0,376.108,1742511051.6083846
1,369.299,1742511051.6083846
2,381.255,1742511051.6083846
3,376.187,1742511051.6083846
4,363.987,1742511051.6083846
5,378.363,1742511051.6083846
6,372.409,1742511051.6083846
7,381.568,1742511051.6083846
0,374.552,1742511051.6585217
1,368.957,1742511051.6585217
2,381.613,1742511051.6585217
3,376.776,1742511051.6585217
4,366.233,1742511051.6585217
5,378.363,1742511051.6585217
6,372.409,1742511051.6585217
7,381.568,1742511051.6585217
0,374.552,1742511051.7086613
1,368.957,1742511051.7086613
2,381.613,1742511051.7086613
3,376.776,1742511051.7086613
4,366.233,1742511051.7086613
5,379.296,1742511051.7086613
6,372.953,1742511051.7086613
7,381.952,1742511051.7086613
0,375.282,1742511051.758798
1,368.174,1742511051.758798
2,380.516,1742511051.758798
3,378.399,1742511051.758798
4,365.403,1742511051.758798
5,379.296,1742511051.758798
6,372.953,1742511051.758798
7,381.952,1742511051.758798
0,375.282,1742511051.808934
1,368.174,1742511051.808934
2,380.516,1742511051.808934
3,378.399,1742511051.808934
4,365.403,1742511051.808934
5,380.192,1742511051.808934
6,374.462,1742511051.808934
7,382.651,1742511051.808934
0,374.13,1742511051.8590708
1,367.925,1742511051.8590708
2,379.403,1742511051.8590708
3,379.82,1742511051.8590708
4,365.741,1742511051.8590708
5,380.192,1742511051.8590708
6,374.462,1742511051.8590708
7,382.651,1742511051.8590708
0,374.13,1742511051.9092102
1,367.925,1742511051.9092102
2,379.403,1742511051.9092102
3,379.82,1742511051.9092102
4,365.741,1742511051.9092102
5,381.679,1742511051.9092102
6,375.692,1742511051.9092102
7,383.382,1742511051.9092102
0,371.522,1742511051.9593515
1,368.144,1742511051.9593515
2,376.914,1742511051.9593515
3,380.107,1742511051.9593515
4,366.733,1742511051.9593515
5,381.679,1742511051.9593515
6,375.692,1742511051.9593515
7,383.382,1742511051.9593515
0,371.522,1742511052.0094774
1,368.144,1742511052.0094774
2,376.914,1742511052.0094774
3,380.107,1742511052.0094774
4,366.733,1742511052.0094774
5,383.099,1742511052.0094774
6,375.641,1742511052.0094774
7,383.913,1742511052.0094774
0,370.907,1742511052.0596137
1,362.227,1742511052.0596137
2,368.833,1742511052.0596137
3,377.066,1742511052.0596137
4,361.506,1742511052.0596137
5,383.099,1742511052.0596137
6,375.641,1742511052.0596137
7,383.913,1742511052.0596137
0,370.907,1742511052.109755
1,362.227,1742511052.109755
2,368.833,1742511052.109755
3,377.066,1742511052.109755
4,361.506,1742511052.109755
5,360.969,1742511052.109755
6,359.988,1742511052.109755
7,368.915,1742511052.109755
0,347.9,1742511052.159891
1,338.738,1742511052.159891
2,342.877,1742511052.159891
3,352.16,1742511052.159891
4,338.51,1742511052.159891
5,360.969,1742511052.159891
6,359.988,1742511052.159891
7,368.915,1742511052.159891
0,347.9,1742511052.2100272
1,338.738,1742511052.2100272
2,342.877,1742511052.2100272
3,352.16,1742511052.2100272
4,338.51,1742511052.2100272
5,338.223,1742511052.2100272
6,326.913,1742511052.2100272
7,343.545,1742511052.2100272
0,321.773,1742511052.2601495
1,314.468,1742511052.2601495
2,318.028,1742511052.2601495
3,327.017,1742511052.2601495
4,313.484,1742511052.2601495
5,338.223,1742511052.2601495
6,326.913,1742511052.2601495
7,343.545,1742511052.2601495
0,321.773,1742511052.3102858
1,314.468,1742511052.3102858
2,318.028,1742511052.3102858
3,327.017,1742511052.3102858
4,313.484,1742511052.3102858
5,312.614,1742511052.3102858
6,301.186,1742511052.3102858
7,318.745,1742511052.3102858
0,297.159,1742511052.3604224
1,289.523,1742511052.3604224
2,293.053,1742511052.3604224
3,299.514,1742511052.3604224
4,289.169,1742511052.3604224
5,312.614,1742511052.3604224
6,301.186,1742511052.3604224
7,318.745,1742511052.3604224
0,297.159,1742511052.4105487
1,289.523,1742511052.4105487
2,293.053,1742511052.4105487
3,299.514,1742511052.4105487
4,289.169,1742511052.4105487
5,287.303,1742511052.4105487
6,279.886,1742511052.4105487
7,293.603,1742511052.4105487
0,271.983,1742511052.4606843
1,264.999,1742511052.4606843
2,266.451,1742511052.4606843
3,276.889,1742511052.4606843
4,265.736,1742511052.4606843
5,287.303,1742511052.4606843
6,279.886,1742511052.4606843
7,293.603,1742511052.4606843
0,271.983,1742511052.5108204
1,264.999,1742511052.5108204
2,266.451,1742511052.5108204
3,276.889,1742511052.5108204
4,265.736,1742511052.5108204
5,257.179,1742511052.5108204
6,254.801,1742511052.5108204
7,268.587,1742511052.5108204
0,249.967,1742511052.5609562
1,238.926,1742511052.5609562
2,241.621,1742511052.5609562
3,251.203,1742511052.5609562
4,237.207,1742511052.5609562
5,257.179,1742511052.5609562
6,254.801,1742511052.5609562
7,268.587,1742511052.5609562
0,249.967,1742511052.6110785
1,238.926,1742511052.6110785
2,241.621,1742511052.6110785
3,251.203,1742511052.6110785
4,237.207,1742511052.6110785
5,236.036,1742511052.6110785
6,254.801,1742511052.6110785
7,240.441,1742511052.6110785
0,221.234,1742511052.6612148
1,214.102,1742511052.6612148
2,216.254,1742511052.6612148
3,218.913,1742511052.6612148
4,212.115,1742511052.6612148
5,236.036,1742511052.6612148
6,229.397,1742511052.6612148
7,240.441,1742511052.6612148
0,221.234,1742511052.7113423
1,214.102,1742511052.7113423
2,216.254,1742511052.7113423
3,218.913,1742511052.7113423
4,212.115,1742511052.7113423
5,236.036,1742511052.7113423
6,229.397,1742511052.7113423
7,214.709,1742511052.7113423
0,200.086,1742511052.7614772
1,191.195,1742511052.7614772
2,191.79,1742511052.7614772
3,191.628,1742511052.7614772
4,185.188,1742511052.7614772
5,204.518,1742511052.7614772
6,203.502,1742511052.7614772
7,214.709,1742511052.7614772
0,200.086,1742511052.8116014
1,191.195,1742511052.8116014
2,191.79,1742511052.8116014
3,191.628,1742511052.8116014
4,185.188,1742511052.8116014
5,178.576,1742511052.8116014
6,203.502,1742511052.8116014
7,187.223,1742511052.8116014
0,175.833,1742511052.8617384
1,166.592,1742511052.8617384
2,164.204,1742511052.8617384
3,165.381,1742511052.8617384
4,159.82,1742511052.8617384
5,178.576,1742511052.8617384
6,171.575,1742511052.8617384
7,187.223,1742511052.8617384
0,175.833,1742511052.911903
1,166.592,1742511052.911903
2,164.204,1742511052.911903
3,165.381,1742511052.911903
4,159.82,1742511052.911903
5,158.252,1742511052.911903
6,171.575,1742511052.911903
7,155.48,1742511052.911903
0,147.494,1742511052.9620273
1,141.929,1742511052.9620273
2,140.795,1742511052.9620273
3,138.773,1742511052.9620273
4,134.289,1742511052.9620273
5,158.252,1742511052.9620273
6,151.706,1742511052.9620273
7,155.48,1742511052.9620273
0,147.494,1742511053.012162
1,141.929,1742511053.012162
2,140.795,1742511053.012162
3,138.773,1742511053.012162
4,134.289,1742511053.012162
5,132.161,1742511053.012162
6,151.706,1742511053.012162
7,129.132,1742511053.012162
0,122.815,1742511053.0622976
1,118.32,1742511053.0622976
2,122.925,1742511053.0622976
3,119.922,1742511053.0622976
4,134.289,1742511053.0622976
5,132.161,1742511053.0622976
6,126.985,1742511053.0622976
7,129.132,1742511053.0622976
0,122.815,1742511053.1124232
1,118.32,1742511053.1124232
2,122.925,1742511053.1124232
3,119.922,1742511053.1124232
4,119.078,1742511053.1124232
5,122.297,1742511053.1124232
6,126.985,1742511053.1124232
7,125.435,1742511053.1124232
0,121.8,1742511053.1625488
1,118.211,1742511053.1625488
2,122.741,1742511053.1625488
3,119.491,1742511053.1625488
4,119.078,1742511053.1625488
5,122.297,1742511053.1625488
6,118.591,1742511053.1625488
7,125.435,1742511053.1625488
0,121.8,1742511053.212673
1,118.211,1742511053.212673
2,122.741,1742511053.212673
3,119.491,1742511053.212673
4,118.949,1742511053.212673
5,122.18,1742511053.212673
6,118.486,1742511053.212673
7,125.258,1742511053.212673
0,121.741,1742511053.262808
1,117.958,1742511053.262808
2,122.543,1742511053.262808
3,119.45,1742511053.262808
4,118.949,1742511053.262808
5,122.18,1742511053.262808
6,118.486,1742511053.262808
7,125.258,1742511053.262808
0,121.741,1742511053.3129432
1,117.958,1742511053.3129432
2,122.543,1742511053.3129432
3,119.45,1742511053.3129432
4,118.792,1742511053.3129432
5,122.18,1742511053.3129432
6,118.486,1742511053.3129432
7,125.136,1742511053.3129432
0,121.654,1742511053.3631408
1,118.022,1742511053.3631408
2,122.387,1742511053.3631408
3,119.448,1742511053.3631408
4,118.792,1742511053.3631408
5,122.032,1742511053.3631408
6,118.408,1742511053.3631408
7,125.136,1742511053.3631408
0,121.654,1742511053.4132752
1,118.022,1742511053.4132752
2,122.387,1742511053.4132752
3,119.448,1742511053.4132752
4,118.71,1742511053.4132752
5,122.032,1742511053.4132752
6,118.408,1742511053.4132752
7,125.026,1742511053.4132752
0,121.594,1742511053.46341
1,117.774,1742511053.46341
2,122.294,1742511053.46341
3,119.468,1742511053.46341
4,118.71,1742511053.46341
5,121.992,1742511053.46341
6,118.342,1742511053.46341
7,125.026,1742511053.46341
0,121.594,1742511053.5135467
1,117.774,1742511053.5135467
2,122.294,1742511053.5135467
3,119.468,1742511053.5135467
4,118.643,1742511053.5135467
5,121.992,1742511053.5135467
6,118.342,1742511053.5135467
7,124.95,1742511053.5135467
0,121.568,1742511053.563682
1,117.877,1742511053.563682
2,122.23,1742511053.563682
3,119.464,1742511053.563682
4,118.643,1742511053.563682
5,121.907,1742511053.563682
6,118.299,1742511053.563682
7,124.95,1742511053.563682
0,121.568,1742511053.6138268
1,117.877,1742511053.6138268
2,122.23,1742511053.6138268
3,119.464,1742511053.6138268
4,118.577,1742511053.6138268
5,121.907,1742511053.6138268
6,118.299,1742511053.6138268
7,124.907,1742511053.6138268
0,121.513,1742511053.6639616
1,117.877,1742511053.6639616
2,122.186,1742511053.6639616
3,119.465,1742511053.6639616
4,118.544,1742511053.6639616
5,121.854,1742511053.6639616
6,118.244,1742511053.6639616
7,124.907,1742511053.6639616
0,121.513,1742511053.7140996
1,117.713,1742511053.7140996
2,122.186,1742511053.7140996
3,119.465,1742511053.7140996
4,118.544,1742511053.7140996
5,121.854,1742511053.7140996
6,118.244,1742511053.7140996
7,124.872,1742511053.7140996
0,121.482,1742511053.764235
1,117.713,1742511053.764235
2,122.16,1742511053.764235
3,119.48,1742511053.764235
4,118.544,1742511053.764235
5,121.79,1742511053.764235
6,118.21,1742511053.764235
7,124.872,1742511053.764235
0,121.482,1742511053.8144104
1,117.801,1742511053.8144104
2,122.16,1742511053.8144104
3,119.48,1742511053.8144104
4,118.5,1742511053.8144104
5,121.79,1742511053.8144104
6,118.21,1742511053.8144104
7,124.846,1742511053.8144104
0,121.45,1742511053.8645406
1,117.801,1742511053.8645406
2,122.134,1742511053.8645406
3,119.447,1742511053.8645406
4,118.5,1742511053.8645406
5,121.741,1742511053.8645406
6,118.165,1742511053.8645406
7,124.846,1742511053.8645406
0,121.45,1742511053.914676
1,117.736,1742511053.914676
2,122.134,1742511053.914676
3,119.447,1742511053.914676
4,118.467,1742511053.914676
5,121.741,1742511053.914676
6,118.165,1742511053.914676
7,124.793,1742511053.914676
0,121.408,1742511053.964812
1,117.736,1742511053.964812
2,122.082,1742511053.964812
3,119.399,1742511053.964812
4,118.467,1742511053.964812
5,121.7,1742511053.964812
6,118.133,1742511053.964812
7,124.793,1742511053.964812
0,121.408,1742511054.0149505
1,117.676,1742511054.0149505
2,122.082,1742511054.0149505
3,119.399,1742511054.0149505
4,118.428,1742511054.0149505
5,121.7,1742511054.0149505
6,118.099,1742511054.0149505
7,124.746,1742511054.0149505
0,121.368,1742511054.065077
1,117.676,1742511054.065077
2,122.043,1742511054.065077
3,119.372,1742511054.065077
4,118.428,1742511054.065077
5,121.673,1742511054.065077
6,118.099,1742511054.065077
7,124.746,1742511054.065077
0,121.368,1742511054.115201
1,117.71,1742511054.115201
2,122.043,1742511054.115201
3,119.372,1742511054.115201
4,118.421,1742511054.115201
5,121.673,1742511054.115201
6,118.074,1742511054.115201
7,124.691,1742511054.115201
0,121.333,1742511054.165337
1,117.554,1742511054.165337
2,121.998,1742511054.165337
3,119.372,1742511054.165337
4,118.421,1742511054.165337
5,121.651,1742511054.165337
6,118.074,1742511054.165337
7,124.691,1742511054.165337
0,121.333,1742511054.2154622
1,117.554,1742511054.2154622
2,121.998,1742511054.2154622
3,119.372,1742511054.2154622
4,118.415,1742511054.2154622
5,121.651,1742511054.2154622
6,118.077,1742511054.2154622
7,124.642,1742511054.2154622
0,121.307,1742511054.2655976
1,117.554,1742511054.2655976
2,121.946,1742511054.2655976
3,119.352,1742511054.2655976
4,118.415,1742511054.2655976
5,121.605,1742511054.2655976
6,118.077,1742511054.2655976
7,124.642,1742511054.2655976
0,121.307,1742511054.3157737
1,117.661,1742511054.3157737
2,121.946,1742511054.3157737
3,119.352,1742511054.3157737
4,118.408,1742511054.3157737
5,121.605,1742511054.3157737
6,118.057,1742511054.3157737
7,124.623,1742511054.3157737
0,121.265,1742511054.3659096
1,117.661,1742511054.3659096
2,121.916,1742511054.3659096
3,119.339,1742511054.3659096
4,118.408,1742511054.3659096
5,121.596,1742511054.3659096
6,118.057,1742511054.3659096
7,124.623,1742511054.3659096
0,121.265,1742511054.4160445
1,117.507,1742511054.4160445
2,121.916,1742511054.4160445
3,119.339,1742511054.4160445
4,118.381,1742511054.4160445
5,121.596,1742511054.4160445
6,118.029,1742511054.4160445
7,124.589,1742511054.4160445
0,121.235,1742511054.4661698
1,117.648,1742511054.4661698
2,121.916,1742511054.4661698
3,119.332,1742511054.4661698
4,118.381,1742511054.4661698
5,121.555,1742511054.4661698
6,118.029,1742511054.4661698
7,124.589,1742511054.4661698
0,121.235,1742511054.5162947
1,117.648,1742511054.5162947
2,121.908,1742511054.5162947
3,119.332,1742511054.5162947
4,118.355,1742511054.5162947
5,121.555,1742511054.5162947
6,118.016,1742511054.5162947
7,124.576,1742511054.5162947
0,121.211,1742511054.56642
1,117.508,1742511054.56642
2,121.908,1742511054.56642
3,119.325,1742511054.56642
4,118.355,1742511054.56642
5,121.547,1742511054.56642
6,118.016,1742511054.56642
7,124.576,1742511054.56642
0,121.211,1742511054.6165445
1,117.508,1742511054.6165445
2,121.882,1742511054.6165445
3,119.325,1742511054.6165445
4,118.356,1742511054.6165445
5,121.547,1742511054.6165445
6,117.999,1742511054.6165445
7,124.543,1742511054.6165445
0,121.271,1742511054.6666815
1,117.508,1742511054.6666815
2,121.882,1742511054.6666815
3,121.217,1742511054.6666815
4,118.356,1742511054.6666815
5,121.507,1742511054.6666815
6,117.999,1742511054.6666815
7,124.543,1742511054.6666815
0,121.271,1742511054.7168245
1,121.739,1742511054.7168245
2,126.971,1742511054.7168245
3,121.217,1742511054.7168245
4,123.436,1742511054.7168245
5,121.507,1742511054.7168245
6,117.999,1742511054.7168245
7,136.96,1742511054.7168245
0,145.056,1742511054.7669652
1,121.739,1742511054.7669652
2,126.971,1742511054.7669652
3,146.318,1742511054.7669652
4,123.436,1742511054.7669652
5,142.847,1742511054.7669652
6,133.302,1742511054.7669652
7,136.96,1742511054.7669652
0,145.056,1742511054.8171024
1,146.092,1742511054.8171024
2,152.32,1742511054.8171024
3,146.318,1742511054.8171024
4,147.584,1742511054.8171024
5,142.847,1742511054.8171024
6,133.302,1742511054.8171024
7,161.408,1742511054.8171024
0,169.937,1742511054.8672326
1,146.092,1742511054.8672326
2,152.32,1742511054.8672326
3,170.899,1742511054.8672326
4,147.584,1742511054.8672326
5,166.926,1742511054.8672326
6,159.085,1742511054.8672326
7,161.408,1742511054.8672326
0,169.937,1742511054.917367
1,170.111,1742511054.917367
2,177.594,1742511054.917367
3,170.899,1742511054.917367
4,170.802,1742511054.917367
5,166.926,1742511054.917367
6,159.085,1742511054.917367
7,186.21,1742511054.917367
0,195.001,1742511054.9674933
1,170.111,1742511054.9674933
2,177.594,1742511054.9674933
3,198.816,1742511054.9674933
4,170.802,1742511054.9674933
5,192.701,1742511054.9674933
6,184.323,1742511054.9674933
7,186.21,1742511054.9674933
0,195.001,1742511055.0176182
1,196.382,1742511055.0176182
2,203.729,1742511055.0176182
3,198.816,1742511055.0176182
4,195.351,1742511055.0176182
5,192.701,1742511055.0176182
6,210.486,1742511055.0176182
7,212.272,1742511055.0176182
0,220.196,1742511055.0677443
1,217.432,1742511055.0677443
2,203.729,1742511055.0677443
3,221.088,1742511055.0677443
4,195.351,1742511055.0677443
5,217.003,1742511055.0677443
6,210.486,1742511055.0677443
7,212.272,1742511055.0677443
0,220.196,1742511055.1178832
1,217.432,1742511055.1178832
2,223.308,1742511055.1178832
3,221.088,1742511055.1178832
4,216.554,1742511055.1178832
5,217.003,1742511055.1178832
6,220.126,1742511055.1178832
7,222.309,1742511055.1178832
0,219.529,1742511055.1680193
1,217.432,1742511055.1680193
2,223.308,1742511055.1680193
3,223.696,1742511055.1680193
4,216.554,1742511055.1680193
5,220.775,1742511055.1680193
6,220.126,1742511055.1680193
7,222.309,1742511055.1680193
0,219.529,1742511055.2181551
1,217.675,1742511055.2181551
2,223.507,1742511055.2181551
3,223.696,1742511055.2181551
4,214.857,1742511055.2181551
5,220.775,1742511055.2181551
6,220.108,1742511055.2181551
7,222.309,1742511055.2181551
0,221.472,1742511055.268292
1,215.798,1742511055.268292
2,223.507,1742511055.268292
3,221.646,1742511055.268292
4,214.857,1742511055.268292
5,222.7,1742511055.268292
6,220.108,1742511055.268292
7,224.39,1742511055.268292
0,221.472,1742511055.3184278
1,215.798,1742511055.3184278
2,225.71,1742511055.3184278
3,221.646,1742511055.3184278
4,214.921,1742511055.3184278
5,222.7,1742511055.3184278
6,218.108,1742511055.3184278
7,224.39,1742511055.3184278
0,219.592,1742511055.3685544
1,215.968,1742511055.3685544
2,225.71,1742511055.3685544
3,223.663,1742511055.3685544
4,214.921,1742511055.3685544
5,220.786,1742511055.3685544
6,218.108,1742511055.3685544
7,224.453,1742511055.3685544
0,219.592,1742511055.4186804
1,215.968,1742511055.4186804
2,223.844,1742511055.4186804
3,223.663,1742511055.4186804
4,216.902,1742511055.4186804
5,220.786,1742511055.4186804
6,220.129,1742511055.4186804
7,224.453,1742511055.4186804
0,219.635,1742511055.4688067
1,215.968,1742511055.4688067
2,223.844,1742511055.4688067
3,221.596,1742511055.4688067
4,216.902,1742511055.4688067
5,222.789,1742511055.4688067
6,220.129,1742511055.4688067
7,224.507,1742511055.4688067
0,219.635,1742511055.5189464
1,217.767,1742511055.5189464
2,223.904,1742511055.5189464
3,221.596,1742511055.5189464
4,216.918,1742511055.5189464
5,222.789,1742511055.5189464
6,218.147,1742511055.5189464
7,224.507,1742511055.5189464
0,221.614,1742511055.569084
1,217.767,1742511055.569084
2,223.904,1742511055.569084
3,221.605,1742511055.569084
4,216.918,1742511055.569084
5,222.822,1742511055.569084
6,218.147,1742511055.569084
7,224.519,1742511055.569084
0,221.614,1742511055.6192257
1,217.938,1742511055.6192257
2,223.98,1742511055.6192257
3,221.605,1742511055.6192257
4,214.994,1742511055.6192257
5,222.822,1742511055.6192257
6,218.147,1742511055.6192257
7,224.519,1742511055.6192257
0,221.545,1742511055.6693633
1,217.938,1742511055.6693633
2,223.98,1742511055.6693633
3,221.749,1742511055.6693633
4,214.994,1742511055.6693633
5,220.868,1742511055.6693633
6,220.14,1742511055.6693633
7,224.535,1742511055.6693633
0,221.545,1742511055.719502
1,209.218,1742511055.719502
2,222.435,1742511055.719502
3,221.749,1742511055.719502
4,213.096,1742511055.719502
5,220.868,1742511055.719502
6,220.14,1742511055.719502
7,224.535,1742511055.719502
0,202.117,1742511055.7696402
1,209.218,1742511055.7696402
2,222.435,1742511055.7696402
3,196.659,1742511055.7696402
4,213.096,1742511055.7696402
5,199.984,1742511055.7696402
6,197.694,1742511055.7696402
7,205.177,1742511055.7696402
0,202.117,1742511055.8197792
1,184.639,1742511055.8197792
2,197.686,1742511055.8197792
3,196.659,1742511055.8197792
4,183.608,1742511055.8197792
5,199.984,1742511055.8197792
6,197.694,1742511055.8197792
7,205.177,1742511055.8197792
0,178.029,1742511055.8699152
1,184.639,1742511055.8699152
2,197.686,1742511055.8699152
3,171.046,1742511055.8699152
4,183.608,1742511055.8699152
5,172.103,1742511055.8699152
6,172.234,1742511055.8699152
7,186.417,1742511055.8699152
0,178.029,1742511055.9200542
1,163.333,1742511055.9200542
2,172.312,1742511055.9200542
3,171.046,1742511055.9200542
4,159.229,1742511055.9200542
5,172.103,1742511055.9200542
6,172.234,1742511055.9200542
7,186.417,1742511055.9200542
0,153.364,1742511055.970189
1,163.333,1742511055.970189
2,172.312,1742511055.970189
3,147.495,1742511055.970189
4,159.229,1742511055.970189
5,151.077,1742511055.970189
6,146.911,1742511055.970189
7,155.988,1742511055.970189
0,153.364,1742511056.0203145
1,134.962,1742511056.0203145
2,146.655,1742511056.0203145
3,147.495,1742511056.0203145
4,134.199,1742511056.0203145
5,151.077,1742511056.0203145
6,146.911,1742511056.0203145
7,155.988,1742511056.0203145
0,127.638,1742511056.0704508
1,134.962,1742511056.0704508
2,146.655,1742511056.0704508
3,119.371,1742511056.0704508
4,134.199,1742511056.0704508
5,125.386,1742511056.0704508
6,120.578,1742511056.0704508
7,130.079,1742511056.0704508
0,127.638,1742511056.120592
1,117.748,1742511056.120592
2,122.821,1742511056.120592
3,119.371,1742511056.120592
4,118.702,1742511056.120592
5,125.386,1742511056.120592
6,120.578,1742511056.120592
7,130.079,1742511056.120592
0,121.265,1742511056.170728
1,117.748,1742511056.170728
2,122.821,1742511056.170728
3,119.255,1742511056.170728
4,118.702,1742511056.170728
5,121.618,1742511056.170728
6,118.0,1742511056.170728
7,124.79,1742511056.170728
0,121.265,1742511056.2208643
1,117.583,1742511056.2208643
2,122.693,1742511056.2208643
3,119.255,1742511056.2208643
4,118.457,1742511056.2208643
5,121.618,1742511056.2208643
6,118.0,1742511056.2208643
7,124.79,1742511056.2208643
0,121.284,1742511056.2709727
1,117.583,1742511056.2709727
2,122.693,1742511056.2709727
3,119.269,1742511056.2709727
4,118.457,1742511056.2709727
5,121.667,1742511056.2709727
6,117.997,1742511056.2709727
7,124.661,1742511056.2709727
0,121.284,1742511056.3211045
1,117.614,1742511056.3211045
2,122.54,1742511056.3211045
3,119.269,1742511056.3211045
4,118.369,1742511056.3211045
5,121.667,1742511056.3211045
6,117.997,1742511056.3211045
7,124.661,1742511056.3211045
0,121.21,1742511056.3712392
1,117.614,1742511056.3712392
2,122.54,1742511056.3712392
3,119.29,1742511056.3712392
4,118.369,1742511056.3712392
5,121.579,1742511056.3712392
6,117.99,1742511056.3712392
7,124.585,1742511056.3712392
0,121.21,1742511056.4213624
1,117.456,1742511056.4213624
2,122.464,1742511056.4213624
3,119.29,1742511056.4213624
4,118.296,1742511056.4213624
5,121.579,1742511056.4213624
6,117.99,1742511056.4213624
7,124.585,1742511056.4213624
0,121.171,1742511056.471486
1,117.456,1742511056.471486
2,122.464,1742511056.471486
3,119.298,1742511056.471486
4,118.296,1742511056.471486
5,121.546,1742511056.471486
6,118.011,1742511056.471486
7,124.53,1742511056.471486
0,121.171,1742511056.5216355
1,117.571,1742511056.5216355
2,122.411,1742511056.5216355
3,119.298,1742511056.5216355
4,118.255,1742511056.5216355
5,121.546,1742511056.5216355
6,118.011,1742511056.5216355
7,124.53,1742511056.5216355
0,121.151,1742511056.5717664
1,117.571,1742511056.5717664
2,122.411,1742511056.5717664
3,119.255,1742511056.5717664
4,118.255,1742511056.5717664
5,121.492,1742511056.5717664
6,117.988,1742511056.5717664
7,124.495,1742511056.5717664
0,121.151,1742511056.6219027
1,117.409,1742511056.6219027
2,122.365,1742511056.6219027
3,119.255,1742511056.6219027
4,118.215,1742511056.6219027
5,121.492,1742511056.6219027
6,117.988,1742511056.6219027
7,124.495,1742511056.6219027
0,121.126,1742511056.6720397
1,117.409,1742511056.6720397
2,122.365,1742511056.6720397
3,119.24,1742511056.6720397
4,118.215,1742511056.6720397
5,121.456,1742511056.6720397
6,117.947,1742511056.6720397
7,124.461,1742511056.6720397
0,121.126,1742511056.7221625
1,117.506,1742511056.7221625
2,122.33,1742511056.7221625
3,119.24,1742511056.7221625
4,118.212,1742511056.7221625
5,121.456,1742511056.7221625
6,117.947,1742511056.7221625
7,124.461,1742511056.7221625
0,121.101,1742511056.7722924
1,117.506,1742511056.7722924
2,122.33,1742511056.7722924
3,119.219,1742511056.7722924
4,118.212,1742511056.7722924
5,121.4,1742511056.7722924
6,117.925,1742511056.7722924
7,124.448,1742511056.7722924
0,121.101,1742511056.822416
1,117.393,1742511056.822416
2,122.304,1742511056.822416
3,119.219,1742511056.822416
4,118.198,1742511056.822416
5,121.4,1742511056.822416
6,117.925,1742511056.822416
7,124.448,1742511056.822416
0,121.074,1742511056.8725517
1,117.393,1742511056.8725517
2,122.304,1742511056.8725517
3,119.202,1742511056.8725517
4,118.198,1742511056.8725517
5,121.41,1742511056.8725517
6,117.889,1742511056.8725517
7,124.434,1742511056.8725517
0,121.074,1742511056.922686
1,117.419,1742511056.922686
2,122.262,1742511056.922686
3,119.202,1742511056.922686
4,118.172,1742511056.922686
5,121.41,1742511056.922686
6,117.889,1742511056.922686
7,124.434,1742511056.922686
0,121.055,1742511056.972814
1,117.419,1742511056.972814
2,122.262,1742511056.972814
3,119.195,1742511056.972814
4,118.172,1742511056.972814
5,121.372,1742511056.972814
6,117.881,1742511056.972814
7,124.4,1742511056.972814
0,121.055,1742511057.0229387
1,117.407,1742511057.0229387
2,122.225,1742511057.0229387
3,119.195,1742511057.0229387
4,118.132,1742511057.0229387
5,121.372,1742511057.0229387
6,117.881,1742511057.0229387
7,124.4,1742511057.0229387
0,121.043,1742511057.0730636
1,117.407,1742511057.0730636
2,122.225,1742511057.0730636
3,119.174,1742511057.0730636
4,118.132,1742511057.0730636
5,121.369,1742511057.0730636
6,117.867,1742511057.0730636
7,124.367,1742511057.0730636
0,121.043,1742511057.1231976
1,117.359,1742511057.1231976
2,122.217,1742511057.1231976
3,119.174,1742511057.1231976
4,118.098,1742511057.1231976
5,121.369,1742511057.1231976
6,117.867,1742511057.1231976
7,124.367,1742511057.1231976
0,121.023,1742511057.1733327
1,117.359,1742511057.1733327
2,122.217,1742511057.1733327
3,119.155,1742511057.1733327
4,118.098,1742511057.1733327
5,121.315,1742511057.1733327
6,117.868,1742511057.1733327
7,124.358,1742511057.1733327
0,121.023,1742511057.2235103
1,117.418,1742511057.2235103
2,122.186,1742511057.2235103
3,119.155,1742511057.2235103
4,118.077,1742511057.2235103
5,121.315,1742511057.2235103
6,117.868,1742511057.2235103
7,124.358,1742511057.2235103
0,121.014,1742511057.2736366
1,117.418,1742511057.2736366
2,122.186,1742511057.2736366
3,119.128,1742511057.2736366
4,118.077,1742511057.2736366
5,121.294,1742511057.2736366
6,117.844,1742511057.2736366
7,124.359,1742511057.2736366
0,121.014,1742511057.323776
1,117.287,1742511057.323776
2,122.179,1742511057.323776
3,119.128,1742511057.323776
4,118.051,1742511057.323776
5,121.294,1742511057.323776
6,117.844,1742511057.323776
7,124.359,1742511057.323776
0,121.0,1742511057.3739123
1,117.287,1742511057.3739123
2,122.179,1742511057.3739123
3,119.124,1742511057.3739123
4,118.051,1742511057.3739123
5,121.299,1742511057.3739123
6,117.816,1742511057.3739123
7,124.311,1742511057.3739123
0,121.0,1742511057.424133
1,117.406,1742511057.424133
2,122.153,1742511057.424133
3,119.124,1742511057.424133
4,118.056,1742511057.424133
5,121.299,1742511057.424133
6,117.816,1742511057.424133
7,124.311,1742511057.424133
0,120.976,1742511057.4742594
1,117.406,1742511057.4742594
2,122.153,1742511057.4742594
3,119.121,1742511057.4742594
4,118.056,1742511057.4742594
5,121.278,1742511057.4742594
6,117.774,1742511057.4742594
7,124.291,1742511057.4742594
0,120.976,1742511057.5243835
1,117.247,1742511057.5243835
2,122.147,1742511057.5243835
3,119.121,1742511057.5243835
4,118.042,1742511057.5243835
5,121.278,1742511057.5243835
6,117.774,1742511057.5243835
7,124.291,1742511057.5243835
0,120.958,1742511057.5745192
1,117.247,1742511057.5745192
2,122.147,1742511057.5745192
3,119.125,1742511057.5745192
4,118.042,1742511057.5745192
5,121.271,1742511057.5745192
6,117.754,1742511057.5745192
7,124.277,1742511057.5745192
0,120.958,1742511057.6246428
1,117.36,1742511057.6246428
2,122.147,1742511057.6246428
3,119.125,1742511057.6246428
4,118.041,1742511057.6246428
5,121.271,1742511057.6246428
6,117.754,1742511057.6246428
7,124.277,1742511057.6246428
0,120.944,1742511057.6747792
1,117.36,1742511057.6747792
2,122.147,1742511057.6747792
3,119.111,1742511057.6747792
4,118.041,1742511057.6747792
5,121.242,1742511057.6747792
6,117.746,1742511057.6747792
7,124.258,1742511057.6747792
0,120.944,1742511057.7249243
1,117.266,1742511057.7249243
2,122.114,1742511057.7249243
3,119.111,1742511057.7249243
4,118.01,1742511057.7249243
5,121.242,1742511057.7249243
6,117.746,1742511057.7249243
7,124.258,1742511057.7249243
0,120.924,1742511057.7750504
1,117.266,1742511057.7750504
2,122.114,1742511057.7750504
3,119.082,1742511057.7750504
4,118.01,1742511057.7750504
5,121.248,1742511057.7750504
6,117.753,1742511057.7750504
7,124.237,1742511057.7750504
0,120.924,1742511057.825175
1,117.343,1742511057.825175
2,122.107,1742511057.825175
3,119.082,1742511057.825175
4,117.981,1742511057.825175
5,121.248,1742511057.825175
6,117.753,1742511057.825175
7,124.237,1742511057.825175
0,120.915,1742511057.8753006
1,117.343,1742511057.8753006
2,122.107,1742511057.8753006
3,119.068,1742511057.8753006
4,117.981,1742511057.8753006
5,121.207,1742511057.8753006
6,117.783,1742511057.8753006
7,124.228,1742511057.8753006
0,120.915,1742511057.9254243
1,117.275,1742511057.9254243
2,122.081,1742511057.9254243
3,119.068,1742511057.9254243
4,117.975,1742511057.9254243
5,121.207,1742511057.9254243
6,117.783,1742511057.9254243
7,124.228,1742511057.9254243
0,122.222,1742511057.975556
1,117.275,1742511057.975556
2,122.081,1742511057.975556
3,121.038,1742511057.975556
4,117.975,1742511057.975556
5,121.208,1742511057.975556
6,117.763,1742511057.975556
7,124.215,1742511057.975556
0,122.222,1742511058.0257077
1,122.66,1742511058.0257077
2,129.485,1742511058.0257077
3,121.038,1742511058.0257077
4,123.952,1742511058.0257077
5,121.208,1742511058.0257077
6,117.763,1742511058.0257077
7,124.215,1742511058.0257077
0,145.866,1742511058.0758479
1,122.66,1742511058.0758479
2,129.485,1742511058.0758479
3,145.88,1742511058.0758479
4,123.952,1742511058.0758479
5,144.506,1742511058.0758479
6,135.306,1742511058.0758479
7,146.175,1742511058.0758479
0,145.866,1742511058.1259842
1,147.937,1742511058.1259842
2,153.186,1742511058.1259842
3,145.88,1742511058.1259842
4,148.355,1742511058.1259842
5,144.506,1742511058.1259842
6,135.306,1742511058.1259842
7,146.175,1742511058.1259842
0,171.457,1742511058.1761224
1,147.937,1742511058.1761224
2,153.186,1742511058.1761224
3,170.983,1742511058.1761224
4,148.355,1742511058.1761224
5,170.99,1742511058.1761224
6,166.723,1742511058.1761224
7,171.368,1742511058.1761224
0,171.457,1742511058.22629
1,177.314,1742511058.22629
2,177.301,1742511058.22629
3,170.983,1742511058.22629
4,174.622,1742511058.22629
5,170.99,1742511058.22629
6,166.723,1742511058.22629
7,171.368,1742511058.22629
0,195.8,1742511058.2764144
1,177.314,1742511058.2764144
2,177.301,1742511058.2764144
3,170.983,1742511058.2764144
4,174.622,1742511058.2764144
5,196.698,1742511058.2764144
6,191.746,1742511058.2764144
7,200.318,1742511058.2764144
0,195.8,1742511058.3265388
1,203.016,1742511058.3265388
2,202.903,1742511058.3265388
3,196.806,1742511058.3265388
4,198.431,1742511058.3265388
5,196.698,1742511058.3265388
6,191.746,1742511058.3265388
7,200.318,1742511058.3265388
0,222.489,1742511058.3766644
1,203.016,1742511058.3766644
2,202.903,1742511058.3766644
3,196.806,1742511058.3766644
4,198.431,1742511058.3766644
5,223.202,1742511058.3766644
6,218.017,1742511058.3766644
7,225.954,1742511058.3766644
0,222.489,1742511058.4267888
1,228.617,1742511058.4267888
2,227.561,1742511058.4267888
3,219.908,1742511058.4267888
4,225.474,1742511058.4267888
5,223.202,1742511058.4267888
6,218.017,1742511058.4267888
7,225.954,1742511058.4267888
0,245.474,1742511058.4769247
1,228.617,1742511058.4769247
2,227.561,1742511058.4769247
3,219.908,1742511058.4769247
4,225.474,1742511058.4769247
5,250.137,1742511058.4769247
6,242.168,1742511058.4769247
7,254.355,1742511058.4769247
0,245.474,1742511058.5270605
1,254.606,1742511058.5270605
2,250.125,1742511058.5270605
3,251.608,1742511058.5270605
4,252.901,1742511058.5270605
5,250.137,1742511058.5270605
6,242.168,1742511058.5270605
7,254.355,1742511058.5270605
0,273.938,1742511058.577185
1,254.606,1742511058.577185
2,250.125,1742511058.577185
3,251.608,1742511058.577185
4,252.901,1742511058.577185
5,276.993,1742511058.577185
6,264.309,1742511058.577185
7,277.398,1742511058.577185
0,273.938,1742511058.6273096
1,280.626,1742511058.6273096
2,277.437,1742511058.6273096
3,276.875,1742511058.6273096
4,281.147,1742511058.6273096
5,276.993,1742511058.6273096
6,264.309,1742511058.6273096
7,277.398,1742511058.6273096
0,299.305,1742511058.6774445
1,280.626,1742511058.6774445
2,277.437,1742511058.6774445
3,276.875,1742511058.6774445
4,281.147,1742511058.6774445
5,306.911,1742511058.6774445
6,292.469,1742511058.6774445
7,307.539,1742511058.6774445
0,299.305,1742511058.7275786
1,306.714,1742511058.7275786
2,302.098,1742511058.7275786
3,302.057,1742511058.7275786
4,304.929,1742511058.7275786
5,306.911,1742511058.7275786
6,292.469,1742511058.7275786
7,307.539,1742511058.7275786
0,320.874,1742511058.7777264
1,306.714,1742511058.7777264
2,302.098,1742511058.7777264
3,302.057,1742511058.7777264
4,304.929,1742511058.7777264
5,332.604,1742511058.7777264
6,317.488,1742511058.7777264
7,330.74,1742511058.7777264
0,320.874,1742511058.8278508
1,332.769,1742511058.8278508
2,332.435,1742511058.8278508
3,327.928,1742511058.8278508
4,325.332,1742511058.8278508
5,332.604,1742511058.8278508
6,317.488,1742511058.8278508
7,330.74,1742511058.8278508
0,345.727,1742511058.8779767
1,332.769,1742511058.8779767
2,332.435,1742511058.8779767
3,327.928,1742511058.8779767
4,325.332,1742511058.8779767
5,358.761,1742511058.8779767
6,342.368,1742511058.8779767
7,361.156,1742511058.8779767
0,345.727,1742511058.928101
1,358.719,1742511058.928101
2,357.699,1742511058.928101
3,353.575,1742511058.928101
4,354.355,1742511058.928101
5,358.761,1742511058.928101
6,342.368,1742511058.928101
7,361.156,1742511058.928101
0,370.517,1742511058.9782255
1,358.719,1742511058.9782255
2,357.699,1742511058.9782255
3,353.575,1742511058.9782255
4,354.355,1742511058.9782255
5,382.236,1742511058.9782255
6,362.49,1742511058.9782255
7,383.376,1742511058.9782255
0,370.517,1742511059.0283628
1,375.806,1742511059.0283628
2,370.669,1742511059.0283628
3,373.238,1742511059.0283628
4,368.257,1742511059.0283628
5,382.236,1742511059.0283628
6,362.49,1742511059.0283628
7,383.376,1742511059.0283628
0,376.376,1742511059.0784876
1,375.806,1742511059.0784876
2,370.669,1742511059.0784876
3,373.238,1742511059.0784876
4,368.257,1742511059.0784876
5,381.809,1742511059.0784876
6,369.219,1742511059.0784876
7,387.693,1742511059.0784876
0,376.376,1742511059.128704
1,377.261,1742511059.128704
2,371.461,1742511059.128704
3,373.432,1742511059.128704
4,367.309,1742511059.128704
5,381.809,1742511059.128704
6,369.219,1742511059.128704
7,387.693,1742511059.128704
0,376.325,1742511059.1788287
1,377.261,1742511059.1788287
2,371.461,1742511059.1788287
3,373.432,1742511059.1788287
4,367.309,1742511059.1788287
5,380.058,1742511059.1788287
6,371.138,1742511059.1788287
7,388.557,1742511059.1788287
0,376.325,1742511059.2289538
1,378.134,1742511059.2289538
2,372.876,1742511059.2289538
3,374.109,1742511059.2289538
4,366.857,1742511059.2289538
5,380.058,1742511059.2289538
6,371.138,1742511059.2289538
7,388.557,1742511059.2289538
0,377.81,1742511059.2790897
1,378.134,1742511059.2790897
2,372.876,1742511059.2790897
3,374.109,1742511059.2790897
4,366.857,1742511059.2790897
5,381.217,1742511059.2790897
6,370.546,1742511059.2790897
7,389.23,1742511059.2790897
0,377.81,1742511059.3293579
1,377.135,1742511059.3293579
2,372.55,1742511059.3293579
3,372.733,1742511059.3293579
4,365.861,1742511059.3293579
5,381.217,1742511059.3293579
6,370.546,1742511059.3293579
7,389.23,1742511059.3293579
0,378.413,1742511059.3794909
1,377.135,1742511059.3794909
2,372.55,1742511059.3794909
3,372.733,1742511059.3794909
4,365.861,1742511059.3794909
5,380.867,1742511059.3794909
6,370.818,1742511059.3794909
7,389.167,1742511059.3794909
0,378.413,1742511059.4297051
1,377.279,1742511059.4297051
2,372.188,1742511059.4297051
3,372.653,1742511059.4297051
4,364.257,1742511059.4297051
5,380.867,1742511059.4297051
6,370.818,1742511059.4297051
7,389.167,1742511059.4297051
0,378.688,1742511059.479842
1,377.279,1742511059.479842
2,372.188,1742511059.479842
3,372.653,1742511059.479842
4,364.257,1742511059.479842
5,378.789,1742511059.479842
6,370.685,1742511059.479842
7,387.884,1742511059.479842
0,378.688,1742511059.5300114
1,376.562,1742511059.5300114
2,371.942,1742511059.5300114
3,373.01,1742511059.5300114
4,364.2,1742511059.5300114
5,378.789,1742511059.5300114
6,370.685,1742511059.5300114
7,387.884,1742511059.5300114
0,379.336,1742511059.580147
1,376.562,1742511059.580147
2,371.942,1742511059.580147
3,373.01,1742511059.580147
4,364.2,1742511059.580147
5,377.29,1742511059.580147
6,370.711,1742511059.580147
7,387.956,1742511059.580147
0,379.336,1742511059.6302729
1,375.959,1742511059.6302729
2,372.173,1742511059.6302729
3,373.935,1742511059.6302729
4,363.634,1742511059.6302729
5,377.29,1742511059.6302729
6,370.711,1742511059.6302729
7,387.956,1742511059.6302729
0,380.801,1742511059.6804001
1,375.959,1742511059.6804001
2,372.173,1742511059.6804001
3,373.935,1742511059.6804001
4,363.634,1742511059.6804001
5,375.902,1742511059.6804001
6,370.21,1742511059.6804001
7,387.67,1742511059.6804001
0,380.801,1742511059.7305393
1,374.499,1742511059.7305393
2,373.53,1742511059.7305393
3,373.291,1742511059.7305393
4,364.027,1742511059.7305393
5,375.902,1742511059.7305393
6,370.21,1742511059.7305393
7,387.67,1742511059.7305393
0,382.014,1742511059.7806754
1,374.499,1742511059.7806754
2,373.53,1742511059.7806754
3,373.291,1742511059.7806754
4,364.027,1742511059.7806754
5,375.882,1742511059.7806754
6,370.608,1742511059.7806754
7,385.418,1742511059.7806754
0,382.014,1742511059.8307934
1,373.401,1742511059.8307934
2,374.177,1742511059.8307934
3,374.201,1742511059.8307934
4,363.524,1742511059.8307934
5,375.882,1742511059.8307934
6,370.608,1742511059.8307934
7,385.418,1742511059.8307934
0,382.014,1742511059.880921
1,373.401,1742511059.880921
2,374.177,1742511059.880921
3,374.201,1742511059.880921
4,363.524,1742511059.880921
5,376.361,1742511059.880921
6,370.585,1742511059.880921
7,383.758,1742511059.880921
0,383.095,1742511059.9310608
1,371.672,1742511059.9310608
2,377.131,1742511059.9310608
3,373.909,1742511059.9310608
4,362.971,1742511059.9310608
5,376.361,1742511059.9310608
6,370.585,1742511059.9310608
7,383.758,1742511059.9310608
0,383.316,1742511059.9811664
1,371.672,1742511059.9811664
2,377.131,1742511059.9811664
3,373.909,1742511059.9811664
4,362.971,1742511059.9811664
5,376.329,1742511059.9811664
6,370.482,1742511059.9811664
7,382.764,1742511059.9811664
0,383.316,1742511060.0313022
1,370.944,1742511060.0313022
2,376.558,1742511060.0313022
3,374.389,1742511060.0313022
4,363.909,1742511060.0313022
5,376.329,1742511060.0313022
6,370.482,1742511060.0313022
7,382.764,1742511060.0313022
0,381.251,1742511060.081441
1,370.944,1742511060.081441
2,376.558,1742511060.081441
3,374.389,1742511060.081441
4,363.909,1742511060.081441
5,377.192,1742511060.081441
6,371.094,1742511060.081441
7,380.406,1742511060.081441
0,381.251,1742511060.131581
1,369.956,1742511060.131581
2,377.613,1742511060.131581
3,374.953,1742511060.131581
4,364.451,1742511060.131581
5,377.192,1742511060.131581
6,371.094,1742511060.131581
7,380.406,1742511060.131581
0,374.115,1742511060.181728
1,369.956,1742511060.181728
2,377.613,1742511060.181728
3,374.953,1742511060.181728
4,364.451,1742511060.181728
5,372.606,1742511060.181728
6,365.561,1742511060.181728
7,377.12,1742511060.181728
0,374.115,1742511060.2318552
1,349.332,1742511060.2318552
2,354.279,1742511060.2318552
3,360.088,1742511060.2318552
4,343.324,1742511060.2318552
5,372.606,1742511060.2318552
6,365.561,1742511060.2318552
7,377.12,1742511060.2318552
0,348.601,1742511060.2819922
1,349.332,1742511060.2819922
2,354.279,1742511060.2819922
3,360.088,1742511060.2819922
4,343.324,1742511060.2819922
5,346.997,1742511060.2819922
6,340.463,1742511060.2819922
7,348.664,1742511060.2819922
0,348.601,1742511060.3321671
1,324.196,1742511060.3321671
2,328.996,1742511060.3321671
3,334.206,1742511060.3321671
4,318.552,1742511060.3321671
5,346.997,1742511060.3321671
6,340.463,1742511060.3321671
7,348.664,1742511060.3321671
0,323.358,1742511060.3822923
1,324.196,1742511060.3822923
2,328.996,1742511060.3822923
3,334.206,1742511060.3822923
4,318.552,1742511060.3822923
5,346.997,1742511060.3822923
6,315.221,1742511060.3822923
7,348.664,1742511060.3822923
0,323.358,1742511060.4324167
1,299.462,1742511060.4324167
2,304.912,1742511060.4324167
3,309.134,1742511060.4324167
4,294.474,1742511060.4324167
5,316.999,1742511060.4324167
6,315.221,1742511060.4324167
7,322.977,1742511060.4324167
0,298.078,1742511060.482552
1,299.462,1742511060.482552
2,304.912,1742511060.482552
3,309.134,1742511060.482552
4,294.474,1742511060.482552
5,316.999,1742511060.482552
6,290.896,1742511060.482552
7,322.977,1742511060.482552
0,298.078,1742511060.532677
1,277.865,1742511060.532677
2,304.912,1742511060.532677
3,283.65,1742511060.532677
4,269.793,1742511060.532677
5,291.541,1742511060.532677
6,290.896,1742511060.532677
7,297.102,1742511060.532677
0,271.328,1742511060.5828135
1,277.865,1742511060.5828135
2,280.155,1742511060.5828135
3,283.65,1742511060.5828135
4,269.793,1742511060.5828135
5,291.541,1742511060.5828135
6,265.457,1742511060.5828135
7,297.102,1742511060.5828135
0,271.328,1742511060.6329489
1,253.039,1742511060.6329489
2,280.155,1742511060.6329489
3,260.671,1742511060.6329489
4,244.785,1742511060.6329489
5,266.563,1742511060.6329489
6,265.457,1742511060.6329489
7,270.668,1742511060.6329489
0,246.407,1742511060.6830735
1,253.039,1742511060.6830735
2,259.001,1742511060.6830735
3,260.671,1742511060.6830735
4,244.785,1742511060.6830735
5,266.563,1742511060.6830735
6,240.495,1742511060.6830735
7,270.668,1742511060.6830735
0,246.407,1742511060.7332087
1,229.178,1742511060.7332087
2,259.001,1742511060.7332087
3,232.548,1742511060.7332087
4,220.618,1742511060.7332087
5,240.737,1742511060.7332087
6,240.495,1742511060.7332087
7,247.048,1742511060.7332087
0,220.049,1742511060.7833443
1,229.178,1742511060.7833443
2,233.918,1742511060.7833443
3,232.548,1742511060.7833443
4,220.618,1742511060.7833443
5,240.737,1742511060.7833443
6,217.305,1742511060.7833443
7,220.221,1742511060.7833443
0,220.049,1742511060.8334801
1,199.715,1742511060.8334801
2,233.918,1742511060.8334801
3,210.456,1742511060.8334801
4,196.465,1742511060.8334801
5,215.46,1742511060.8334801
6,217.305,1742511060.8334801
7,220.221,1742511060.8334801
0,194.287,1742511060.8836052
1,199.715,1742511060.8836052
2,208.496,1742511060.8836052
3,210.456,1742511060.8836052
4,196.465,1742511060.8836052
5,215.46,1742511060.8836052
6,192.932,1742511060.8836052
7,220.221,1742511060.8836052
0,194.287,1742511060.933729
1,175.65,1742511060.933729
2,208.496,1742511060.933729
3,185.626,1742511060.933729
4,177.86,1742511060.933729
5,193.178,1742511060.933729
6,192.932,1742511060.933729
7,195.661,1742511060.933729
0,169.279,1742511060.983855
1,175.65,1742511060.983855
2,182.632,1742511060.983855
3,185.626,1742511060.983855
4,177.86,1742511060.983855
5,193.178,1742511060.983855
6,168.862,1742511060.983855
7,195.661,1742511060.983855
0,169.279,1742511061.0339904
1,149.808,1742511061.0339904
2,182.632,1742511061.0339904
3,160.245,1742511061.0339904
4,147.681,1742511061.0339904
5,165.084,1742511061.0339904
6,168.862,1742511061.0339904
7,170.25,1742511061.0339904
0,140.56,1742511061.0841274
1,149.808,1742511061.0841274
2,156.932,1742511061.0841274
3,160.245,1742511061.0841274
4,147.681,1742511061.0841274
5,165.084,1742511061.0841274
6,134.446,1742511061.0841274
7,170.25,1742511061.0841274
0,140.56,1742511061.1342657
1,130.741,1742511061.1342657
2,156.932,1742511061.1342657
3,135.387,1742511061.1342657
4,129.021,1742511061.1342657
5,138.717,1742511061.1342657
6,134.446,1742511061.1342657
7,144.795,1742511061.1342657
0,121.883,1742511061.1843963
1,130.741,1742511061.1843963
2,131.769,1742511061.1843963
3,135.387,1742511061.1843963
4,129.021,1742511061.1843963
5,138.717,1742511061.1843963
6,118.482,1742511061.1843963
7,144.795,1742511061.1843963
0,121.883,1742511061.234531
1,118.704,1742511061.234531
2,131.769,1742511061.234531
3,119.514,1742511061.234531
4,118.755,1742511061.234531
5,122.124,1742511061.234531
6,118.482,1742511061.234531
7,126.715,1742511061.234531
0,121.555,1742511061.2846563
1,118.704,1742511061.2846563
2,122.62,1742511061.2846563
3,119.514,1742511061.2846563
4,118.755,1742511061.2846563
5,122.124,1742511061.2846563
6,118.36,1742511061.2846563
7,126.715,1742511061.2846563
0,121.555,1742511061.3347907
1,118.608,1742511061.3347907
2,122.62,1742511061.3347907
3,119.455,1742511061.3347907
4,118.633,1742511061.3347907
5,121.982,1742511061.3347907
6,118.36,1742511061.3347907
7,126.376,1742511061.3347907
0,121.52,1742511061.3849247
1,118.608,1742511061.3849247
2,122.401,1742511061.3849247
3,119.455,1742511061.3849247
4,118.633,1742511061.3849247
5,121.982,1742511061.3849247
6,118.244,1742511061.3849247
7,126.376,1742511061.3849247
0,121.52,1742511061.4350603
1,118.559,1742511061.4350603
2,122.401,1742511061.4350603
3,119.43,1742511061.4350603
4,118.535,1742511061.4350603
5,121.902,1742511061.4350603
6,118.244,1742511061.4350603
7,126.316,1742511061.4350603
0,121.428,1742511061.4851978
1,118.559,1742511061.4851978
2,122.232,1742511061.4851978
3,119.43,1742511061.4851978
4,118.535,1742511061.4851978
5,121.902,1742511061.4851978
6,118.172,1742511061.4851978
7,126.316,1742511061.4851978
0,121.428,1742511061.5353744
1,118.456,1742511061.5353744
2,122.232,1742511061.5353744
3,119.435,1742511061.5353744
4,118.466,1742511061.5353744
5,121.76,1742511061.5353744
6,118.172,1742511061.5353744
7,126.254,1742511061.5353744
0,121.38,1742511061.5855086
1,118.456,1742511061.5855086
2,122.1,1742511061.5855086
3,119.435,1742511061.5855086
4,118.466,1742511061.5855086
5,121.76,1742511061.5855086
6,118.137,1742511061.5855086
7,126.254,1742511061.5855086
0,121.38,1742511061.6356757
1,118.461,1742511061.6356757
2,122.1,1742511061.6356757
3,119.408,1742511061.6356757
4,118.431,1742511061.6356757
5,121.706,1742511061.6356757
6,118.137,1742511061.6356757
7,126.254,1742511061.6356757
0,121.342,1742511061.685799
1,118.461,1742511061.685799
2,122.021,1742511061.685799
3,119.408,1742511061.685799
4,118.431,1742511061.685799
5,121.706,1742511061.685799
6,118.104,1742511061.685799
7,126.22,1742511061.685799
0,121.342,1742511061.735977
1,118.317,1742511061.735977
2,122.021,1742511061.735977
3,119.381,1742511061.735977
4,118.372,1742511061.735977
5,121.631,1742511061.735977
6,118.104,1742511061.735977
7,126.22,1742511061.735977
0,121.302,1742511061.7861128
1,118.317,1742511061.7861128
2,121.985,1742511061.7861128
3,119.381,1742511061.7861128
4,118.372,1742511061.7861128
5,121.631,1742511061.7861128
6,118.09,1742511061.7861128
7,126.178,1742511061.7861128
0,121.302,1742511061.8362613
1,120.968,1742511061.8362613
2,121.985,1742511061.8362613
3,119.346,1742511061.8362613
4,118.312,1742511061.8362613
5,121.584,1742511061.8362613
6,118.09,1742511061.8362613
7,126.178,1742511061.8362613
0,121.302,1742511061.886399
1,120.968,1742511061.886399
2,123.136,1742511061.886399
3,119.346,1742511061.886399
4,118.312,1742511061.886399
5,121.584,1742511061.886399
6,118.09,1742511061.886399
7,126.178,1742511061.886399
0,135.354,1742511061.9365351
1,145.448,1742511061.9365351
2,123.136,1742511061.9365351
3,136.366,1742511061.9365351
4,141.491,1742511061.9365351
5,139.056,1742511061.9365351
6,130.015,1742511061.9365351
7,136.145,1742511061.9365351
0,135.354,1742511061.9866521
1,145.448,1742511061.9866521
2,145.946,1742511061.9866521
3,136.366,1742511061.9866521
4,141.491,1742511061.9866521
5,139.056,1742511061.9866521
6,130.015,1742511061.9866521
7,136.145,1742511061.9866521
0,159.28,1742511062.0367827
1,169.923,1742511062.0367827
2,145.946,1742511062.0367827
3,161.118,1742511062.0367827
4,141.491,1742511062.0367827
5,165.246,1742511062.0367827
6,155.131,1742511062.0367827
7,161.344,1742511062.0367827
0,159.28,1742511062.0869215
1,169.923,1742511062.0869215
2,170.361,1742511062.0869215
3,161.118,1742511062.0869215
4,171.018,1742511062.0869215
5,165.246,1742511062.0869215
6,155.131,1742511062.0869215
7,161.344,1742511062.0869215
0,184.584,1742511062.1370695
1,169.923,1742511062.1370695
2,170.361,1742511062.1370695
3,187.877,1742511062.1370695
4,171.018,1742511062.1370695
5,191.333,1742511062.1370695
6,180.3,1742511062.1370695
7,185.898,1742511062.1370695
0,184.584,1742511062.1871967
1,194.449,1742511062.1871967
2,194.239,1742511062.1871967
3,187.877,1742511062.1871967
4,196.313,1742511062.1871967
5,191.333,1742511062.1871967
6,180.3,1742511062.1871967
7,185.898,1742511062.1871967
0,209.981,1742511062.2373366
1,218.136,1742511062.2373366
2,194.239,1742511062.2373366
3,213.875,1742511062.2373366
4,196.313,1742511062.2373366
5,218.55,1742511062.2373366
6,205.407,1742511062.2373366
7,210.544,1742511062.2373366
0,209.981,1742511062.2874727
1,218.136,1742511062.2874727
2,219.233,1742511062.2874727
3,213.875,1742511062.2874727
4,219.724,1742511062.2874727
5,218.55,1742511062.2874727
6,205.407,1742511062.2874727
7,210.544,1742511062.2874727
0,221.913,1742511062.3376513
1,216.926,1742511062.3376513
2,219.233,1742511062.3376513
3,223.225,1742511062.3376513
4,220.33,1742511062.3376513
5,228.616,1742511062.3376513
6,220.195,1742511062.3376513
7,226.724,1742511062.3376513
0,221.913,1742511062.387788
1,216.926,1742511062.387788
2,219.605,1742511062.387788
3,223.225,1742511062.387788
4,220.33,1742511062.387788
5,228.616,1742511062.387788
6,220.195,1742511062.387788
7,226.724,1742511062.387788
0,221.871,1742511062.4379117
1,216.926,1742511062.4379117
2,219.605,1742511062.4379117
3,222.95,1742511062.4379117
4,220.433,1742511062.4379117
5,228.551,1742511062.4379117
6,222.246,1742511062.4379117
7,228.581,1742511062.4379117
0,221.871,1742511062.4880373
1,218.951,1742511062.4880373
2,219.79,1742511062.4880373
3,222.95,1742511062.4880373
4,220.433,1742511062.4880373
5,228.551,1742511062.4880373
6,222.246,1742511062.4880373
7,228.581,1742511062.4880373
0,221.841,1742511062.538162
1,218.951,1742511062.538162
2,219.79,1742511062.538162
3,223.18,1742511062.538162
4,220.478,1742511062.538162
5,228.631,1742511062.538162
6,220.269,1742511062.538162
7,228.797,1742511062.538162
0,221.841,1742511062.5882971
1,219.016,1742511062.5882971
2,219.941,1742511062.5882971
3,223.18,1742511062.5882971
4,220.478,1742511062.5882971
5,228.631,1742511062.5882971
6,220.269,1742511062.5882971
7,228.797,1742511062.5882971
0,221.825,1742511062.6384325
1,219.016,1742511062.6384325
2,219.941,1742511062.6384325
3,223.202,1742511062.6384325
4,220.49,1742511062.6384325
5,226.554,1742511062.6384325
6,220.284,1742511062.6384325
7,228.764,1742511062.6384325
0,221.825,1742511062.688559
1,217.009,1742511062.688559
2,218.119,1742511062.688559
3,223.202,1742511062.688559
4,220.49,1742511062.688559
5,226.554,1742511062.688559
6,220.284,1742511062.688559
7,228.764,1742511062.688559
0,221.795,1742511062.7386832
1,217.009,1742511062.7386832
2,218.119,1742511062.7386832
3,223.205,1742511062.7386832
4,220.507,1742511062.7386832
5,226.591,1742511062.7386832
6,220.302,1742511062.7386832
7,228.735,1742511062.7386832
0,221.795,1742511062.7888093
1,217.147,1742511062.7888093
2,220.115,1742511062.7888093
3,223.205,1742511062.7888093
4,220.507,1742511062.7888093
5,226.591,1742511062.7888093
6,220.302,1742511062.7888093
7,228.735,1742511062.7888093
0,221.763,1742511062.8391383
1,217.147,1742511062.8391383
2,220.115,1742511062.8391383
3,223.104,1742511062.8391383
4,218.39,1742511062.8391383
5,228.694,1742511062.8391383
6,222.347,1742511062.8391383
7,228.712,1742511062.8391383
0,221.763,1742511062.8892636
1,217.036,1742511062.8892636
2,216.474,1742511062.8892636
3,223.104,1742511062.8892636
4,218.39,1742511062.8892636
5,228.694,1742511062.8892636
6,222.347,1742511062.8892636
7,228.712,1742511062.8892636
0,207.637,1742511062.9393888
1,217.036,1742511062.9393888
2,216.474,1742511062.9393888
3,199.604,1742511062.9393888
4,193.033,1742511062.9393888
5,215.551,1742511062.9393888
6,208.608,1742511062.9393888
7,212.903,1742511062.9393888
0,207.637,1742511062.9895651
1,191.919,1742511062.9895651
2,192.804,1742511062.9895651
3,199.604,1742511062.9895651
4,193.033,1742511062.9895651
5,215.551,1742511062.9895651
6,208.608,1742511062.9895651
7,212.903,1742511062.9895651
0,187.551,1742511063.039693
1,191.919,1742511063.039693
2,192.804,1742511063.039693
3,180.207,1742511063.039693
4,193.033,1742511063.039693
5,189.69,1742511063.039693
6,184.009,1742511063.039693
7,188.02,1742511063.039693
0,187.551,1742511063.0898314
1,171.081,1742511063.0898314
2,168.829,1742511063.0898314
3,180.207,1742511063.0898314
4,171.081,1742511063.0898314
5,189.69,1742511063.0898314
6,184.009,1742511063.0898314
7,188.02,1742511063.0898314
0,158.256,1742511063.1399648
1,171.081,1742511063.1399648
2,168.829,1742511063.1399648
3,147.4,1742511063.1399648
4,171.081,1742511063.1399648
5,164.429,1742511063.1399648
6,158.06,1742511063.1399648
7,162.091,1742511063.1399648
0,158.256,1742511063.1900892
1,144.866,1742511063.1900892
2,149.749,1742511063.1900892
3,147.4,1742511063.1900892
4,144.359,1742511063.1900892
5,164.429,1742511063.1900892
6,158.06,1742511063.1900892
7,162.091,1742511063.1900892
0,145.973,1742511063.240221
1,144.866,1742511063.240221
2,149.749,1742511063.240221
3,145.291,1742511063.240221
4,144.359,1742511063.240221
5,148.147,1742511063.240221
6,149.387,1742511063.240221
7,156.401,1742511063.240221
0,145.973,1742511063.2903576
1,147.578,1742511063.2903576
2,149.692,1742511063.2903576
3,145.291,1742511063.2903576
4,147.043,1742511063.2903576
5,148.147,1742511063.2903576
6,149.387,1742511063.2903576
7,156.401,1742511063.2903576
0,158.276,1742511063.3404822
1,147.578,1742511063.3404822
2,149.692,1742511063.3404822
3,168.596,1742511063.3404822
4,147.043,1742511063.3404822
5,169.69,1742511063.3404822
6,160.018,1742511063.3404822
7,172.378,1742511063.3404822
0,158.276,1742511063.390605
1,168.832,1742511063.390605
2,173.764,1742511063.390605
3,168.596,1742511063.390605
4,168.576,1742511063.390605
5,169.69,1742511063.390605
6,160.018,1742511063.390605
7,172.378,1742511063.390605
0,183.583,1742511063.4407632
1,168.832,1742511063.4407632
2,173.764,1742511063.4407632
3,193.32,1742511063.4407632
4,168.576,1742511063.4407632
5,196.158,1742511063.4407632
6,185.358,1742511063.4407632
7,197.769,1742511063.4407632
0,183.583,1742511063.4909
1,193.392,1742511063.4909
2,198.312,1742511063.4909
3,193.32,1742511063.4909
4,192.848,1742511063.4909
5,196.158,1742511063.4909
6,185.358,1742511063.4909
7,197.769,1742511063.4909
0,208.584,1742511063.5410402
1,193.392,1742511063.5410402
2,198.312,1742511063.5410402
3,220.602,1742511063.5410402
4,192.848,1742511063.5410402
5,221.827,1742511063.5410402
6,210.448,1742511063.5410402
7,222.936,1742511063.5410402
0,208.584,1742511063.591179
1,218.326,1742511063.591179
2,220.656,1742511063.591179
3,220.602,1742511063.591179
4,219.134,1742511063.591179
5,221.827,1742511063.591179
6,210.448,1742511063.591179
7,222.936,1742511063.591179
0,234.017,1742511063.641305
1,218.326,1742511063.641305
2,220.656,1742511063.641305
3,246.862,1742511063.641305
4,219.134,1742511063.641305
5,247.664,1742511063.641305
6,237.807,1742511063.641305
7,248.999,1742511063.641305
0,234.017,1742511063.6914527
1,242.556,1742511063.6914527
2,246.921,1742511063.6914527
3,246.862,1742511063.6914527
4,241.483,1742511063.6914527
5,247.664,1742511063.6914527
6,237.807,1742511063.6914527
7,248.999,1742511063.6914527
0,255.895,1742511063.7415915
1,242.556,1742511063.7415915
2,246.921,1742511063.7415915
3,269.984,1742511063.7415915
4,241.483,1742511063.7415915
5,273.696,1742511063.7415915
6,263.846,1742511063.7415915
7,274.632,1742511063.7415915
0,255.895,1742511063.791728
1,264.475,1742511063.791728
2,268.949,1742511063.791728
3,269.984,1742511063.791728
4,266.41,1742511063.791728
5,273.696,1742511063.791728
6,263.846,1742511063.791728
7,274.632,1742511063.791728
0,283.121,1742511063.841857
1,264.475,1742511063.841857
2,268.949,1742511063.841857
3,299.272,1742511063.841857
4,266.41,1742511063.841857
5,298.891,1742511063.841857
6,286.168,1742511063.841857
7,300.083,1742511063.841857
0,283.121,1742511063.8919973
1,289.458,1742511063.8919973
2,296.713,1742511063.8919973
3,299.272,1742511063.8919973
4,293.691,1742511063.8919973
5,298.891,1742511063.8919973
6,286.168,1742511063.8919973
7,300.083,1742511063.8919973
0,314.264,1742511063.9421344
1,289.458,1742511063.9421344
2,296.713,1742511063.9421344
3,324.217,1742511063.9421344
4,293.691,1742511063.9421344
5,324.336,1742511063.9421344
6,314.961,1742511063.9421344
7,326.1,1742511063.9421344
0,314.264,1742511063.9923148
1,313.843,1742511063.9923148
2,317.902,1742511063.9923148
3,324.217,1742511063.9923148
4,318.21,1742511063.9923148
5,324.336,1742511063.9923148
6,314.961,1742511063.9923148
7,326.1,1742511063.9923148
0,338.869,1742511064.0424566
1,313.843,1742511064.0424566
2,317.902,1742511064.0424566
3,350.218,1742511064.0424566
4,318.21,1742511064.0424566
5,349.989,1742511064.0424566
6,341.04,1742511064.0424566
7,351.903,1742511064.0424566
0,338.869,1742511064.0925987
1,338.811,1742511064.0925987
2,347.446,1742511064.0925987
3,350.218,1742511064.0925987
4,338.506,1742511064.0925987
5,349.989,1742511064.0925987
6,341.04,1742511064.0925987
7,351.903,1742511064.0925987
0,362.793,1742511064.1427352
1,338.811,1742511064.1427352
2,347.446,1742511064.1427352
3,374.861,1742511064.1427352
4,338.506,1742511064.1427352
5,374.965,1742511064.1427352
6,361.323,1742511064.1427352
7,377.413,1742511064.1427352
0,362.793,1742511064.1928759
1,365.912,1742511064.1928759
2,367.532,1742511064.1928759
3,374.861,1742511064.1928759
4,362.262,1742511064.1928759
5,374.965,1742511064.1928759
6,361.323,1742511064.1928759
7,377.413,1742511064.1928759
0,367.723,1742511064.2430315
1,365.912,1742511064.2430315
2,367.532,1742511064.2430315
3,376.881,1742511064.2430315
4,362.262,1742511064.2430315
5,377.199,1742511064.2430315
6,375.312,1742511064.2430315
7,381.424,1742511064.2430315
0,367.723,1742511064.2931736
1,365.309,1742511064.2931736
2,372.724,1742511064.2931736
3,376.881,1742511064.2931736
4,363.991,1742511064.2931736
5,377.199,1742511064.2931736
6,375.312,1742511064.2931736
7,381.424,1742511064.2931736
0,368.094,1742511064.3433425
1,365.309,1742511064.3433425
2,372.724,1742511064.3433425
3,377.828,1742511064.3433425
4,363.991,1742511064.3433425
5,378.83,1742511064.3433425
6,373.824,1742511064.3433425
7,383.001,1742511064.3433425
0,368.094,1742511064.3934693
1,365.717,1742511064.3934693
2,373.287,1742511064.3934693
3,377.828,1742511064.3934693
4,365.402,1742511064.3934693
5,378.83,1742511064.3934693
6,373.824,1742511064.3934693
7,383.001,1742511064.3934693
0,368.764,1742511064.4436102
1,365.717,1742511064.4436102
2,373.287,1742511064.4436102
3,377.01,1742511064.4436102
4,365.402,1742511064.4436102
5,378.495,1742511064.4436102
6,372.674,1742511064.4436102
7,382.726,1742511064.4436102
0,368.764,1742511064.4937434
1,365.366,1742511064.4937434
2,373.486,1742511064.4937434
3,377.01,1742511064.4937434
4,365.03,1742511064.4937434
5,378.495,1742511064.4937434
6,372.674,1742511064.4937434
7,382.726,1742511064.4937434
0,370.398,1742511064.5438812
1,365.366,1742511064.5438812
2,373.486,1742511064.5438812
3,373.69,1742511064.5438812
4,365.03,1742511064.5438812
5,375.879,1742511064.5438812
6,371.409,1742511064.5438812
7,382.164,1742511064.5438812
0,370.398,1742511064.5940192
1,365.021,1742511064.5940192
2,372.958,1742511064.5940192
3,373.69,1742511064.5940192
4,363.646,1742511064.5940192
5,375.879,1742511064.5940192
6,371.409,1742511064.5940192
7,382.164,1742511064.5940192
0,371.268,1742511064.6441462
1,365.021,1742511064.6441462
2,372.958,1742511064.6441462
3,372.846,1742511064.6441462
4,363.646,1742511064.6441462
5,376.327,1742511064.6441462
6,371.288,1742511064.6441462
7,383.721,1742511064.6441462
0,371.268,1742511064.69429
1,365.234,1742511064.69429
2,373.55,1742511064.69429
3,372.846,1742511064.69429
4,364.019,1742511064.69429
5,376.327,1742511064.69429
6,371.288,1742511064.69429
7,383.721,1742511064.69429
0,372.54,1742511064.74442
1,365.234,1742511064.74442
2,373.55,1742511064.74442
3,371.698,1742511064.74442
4,364.019,1742511064.74442
5,375.42,1742511064.74442
6,369.628,1742511064.74442
7,383.218,1742511064.74442
0,372.54,1742511064.7945592
1,365.975,1742511064.7945592
2,373.578,1742511064.7945592
3,371.698,1742511064.7945592
4,363.113,1742511064.7945592
5,375.42,1742511064.7945592
6,369.628,1742511064.7945592
7,383.218,1742511064.7945592
0,375.013,1742511064.8446856
1,365.975,1742511064.8446856
2,373.578,1742511064.8446856
3,371.446,1742511064.8446856
4,363.113,1742511064.8446856
5,378.112,1742511064.8446856
6,368.2,1742511064.8446856
7,384.326,1742511064.8446856
0,375.013,1742511064.8948226
1,365.741,1742511064.8948226
2,373.976,1742511064.8948226
3,371.446,1742511064.8948226
4,362.694,1742511064.8948226
5,378.112,1742511064.8948226
6,368.2,1742511064.8948226
7,384.326,1742511064.8948226
0,378.219,1742511064.9449627
1,365.741,1742511064.9449627
2,373.976,1742511064.9449627
3,371.592,1742511064.9449627
4,362.694,1742511064.9449627
5,376.103,1742511064.9449627
6,368.755,1742511064.9449627
7,381.767,1742511064.9449627
0,378.219,1742511064.995101
1,365.046,1742511064.995101
2,373.774,1742511064.995101
3,371.592,1742511064.995101
4,363.011,1742511064.995101
5,376.103,1742511064.995101
6,368.755,1742511064.995101
7,381.767,1742511064.995101
0,380.32,1742511065.0452266
1,365.046,1742511065.0452266
2,373.774,1742511065.0452266
3,372.277,1742511065.0452266
4,363.011,1742511065.0452266
5,375.821,1742511065.0452266
6,366.749,1742511065.0452266
7,381.919,1742511065.0452266
0,380.32,1742511065.0953648
1,364.941,1742511065.0953648
2,373.275,1742511065.0953648
3,372.277,1742511065.0953648
4,362.866,1742511065.0953648
5,375.821,1742511065.0953648
6,366.749,1742511065.0953648
7,381.919,1742511065.0953648
0,382.369,1742511065.1455379
1,364.941,1742511065.1455379
2,373.275,1742511065.1455379
3,372.577,1742511065.1455379
4,362.866,1742511065.1455379
5,376.514,1742511065.1455379
6,367.108,1742511065.1455379
7,382.763,1742511065.1455379
0,382.369,1742511065.1956692
1,364.457,1742511065.1956692
2,373.101,1742511065.1956692
3,372.577,1742511065.1956692
4,363.567,1742511065.1956692
5,376.514,1742511065.1956692
6,367.108,1742511065.1956692
7,382.763,1742511065.1956692
0,383.143,1742511065.2458005
1,364.457,1742511065.2458005
2,373.101,1742511065.2458005
3,372.602,1742511065.2458005
4,363.567,1742511065.2458005
5,376.514,1742511065.2458005
6,366.377,1742511065.2458005
7,380.253,1742511065.2458005
0,383.143,1742511065.295938
1,365.836,1742511065.295938
2,372.282,1742511065.295938
3,372.602,1742511065.295938
4,362.717,1742511065.295938
5,376.883,1742511065.295938
6,366.377,1742511065.295938
7,380.253,1742511065.295938
0,383.188,1742511065.3460908
1,365.836,1742511065.3460908
2,372.282,1742511065.3460908
3,373.415,1742511065.3460908
4,362.717,1742511065.3460908
5,376.883,1742511065.3460908
6,366.997,1742511065.3460908
7,382.616,1742511065.3460908
0,383.188,1742511065.3962178
1,366.404,1742511065.3962178
2,371.615,1742511065.3962178
3,373.415,1742511065.3962178
4,362.133,1742511065.3962178
5,376.507,1742511065.3962178
6,366.997,1742511065.3962178
7,382.616,1742511065.3962178
0,384.922,1742511065.4465263
1,366.404,1742511065.4465263
2,371.615,1742511065.4465263
3,374.116,1742511065.4465263
4,362.133,1742511065.4465263
5,376.507,1742511065.4465263
6,366.559,1742511065.4465263
7,381.364,1742511065.4465263
0,384.922,1742511065.4966679
1,365.402,1742511065.4966679
2,371.312,1742511065.4966679
3,374.116,1742511065.4966679
4,361.766,1742511065.4966679
5,377.261,1742511065.4966679
6,366.559,1742511065.4966679
7,381.364,1742511065.4966679
0,384.774,1742511065.5467966
1,365.402,1742511065.5467966
2,371.312,1742511065.5467966
3,374.671,1742511065.5467966
4,361.766,1742511065.5467966
5,377.261,1742511065.5467966
6,366.908,1742511065.5467966
7,382.124,1742511065.5467966
0,384.774,1742511065.5969365
1,367.045,1742511065.5969365
2,372.236,1742511065.5969365
3,374.671,1742511065.5969365
4,362.291,1742511065.5969365
5,376.709,1742511065.5969365
6,366.908,1742511065.5969365
7,382.124,1742511065.5969365
0,385.331,1742511065.6471288
1,367.045,1742511065.6471288
2,372.236,1742511065.6471288
3,374.116,1742511065.6471288
4,362.291,1742511065.6471288
5,376.709,1742511065.6471288
6,366.691,1742511065.6471288
7,379.51,1742511065.6471288
0,385.331,1742511065.6972706
1,367.723,1742511065.6972706
2,371.803,1742511065.6972706
3,374.116,1742511065.6972706
4,361.872,1742511065.6972706
5,376.698,1742511065.6972706
6,366.691,1742511065.6972706
7,379.51,1742511065.6972706
0,386.019,1742511065.7474613
1,367.723,1742511065.7474613
2,371.803,1742511065.7474613
3,373.895,1742511065.7474613
4,361.872,1742511065.7474613
5,376.698,1742511065.7474613
6,366.723,1742511065.7474613
7,381.395,1742511065.7474613
0,386.019,1742511065.797602
1,367.365,1742511065.797602
2,371.655,1742511065.797602
3,373.895,1742511065.797602
4,361.418,1742511065.797602
5,376.761,1742511065.797602
6,366.723,1742511065.797602
7,381.395,1742511065.797602
0,384.547,1742511065.8477812
1,367.365,1742511065.8477812
2,371.655,1742511065.8477812
3,372.898,1742511065.8477812
4,361.418,1742511065.8477812
5,376.761,1742511065.8477812
6,366.729,1742511065.8477812
7,381.77,1742511065.8477812
0,384.547,1742511065.8979068
1,367.469,1742511065.8979068
2,371.317,1742511065.8979068
3,372.898,1742511065.8979068
4,360.99,1742511065.8979068
5,376.049,1742511065.8979068
6,366.729,1742511065.8979068
7,381.77,1742511065.8979068
0,383.858,1742511065.9480348
1,367.469,1742511065.9480348
2,371.317,1742511065.9480348
3,372.391,1742511065.9480348
4,360.99,1742511065.9480348
5,376.049,1742511065.9480348
6,365.172,1742511065.9480348
7,382.519,1742511065.9480348
0,383.858,1742511065.9981742
1,370.464,1742511065.9981742
2,370.731,1742511065.9981742
3,372.391,1742511065.9981742
4,360.67,1742511065.9981742
5,376.36,1742511065.9981742
6,365.172,1742511065.9981742
7,382.519,1742511065.9981742
0,380.798,1742511066.0483031
1,370.464,1742511066.0483031
2,370.731,1742511066.0483031
3,371.199,1742511066.0483031
4,360.67,1742511066.0483031
5,376.36,1742511066.0483031
6,363.694,1742511066.0483031
7,383.043,1742511066.0483031
0,380.798,1742511066.0984306
1,369.126,1742511066.0984306
2,370.841,1742511066.0984306
3,371.199,1742511066.0984306
4,359.304,1742511066.0984306
5,376.366,1742511066.0984306
6,363.694,1742511066.0984306
7,383.043,1742511066.0984306
0,381.209,1742511066.1485703
1,369.126,1742511066.1485703
2,370.841,1742511066.1485703
3,371.997,1742511066.1485703
4,359.304,1742511066.1485703
5,376.366,1742511066.1485703
6,362.336,1742511066.1485703
7,384.169,1742511066.1485703
0,381.209,1742511066.1987104
1,369.525,1742511066.1987104
2,369.715,1742511066.1987104
3,371.997,1742511066.1987104
4,359.675,1742511066.1987104
5,377.459,1742511066.1987104
6,362.336,1742511066.1987104
7,384.169,1742511066.1987104
0,379.15,1742511066.2488503
1,369.525,1742511066.2488503
2,369.715,1742511066.2488503
3,371.997,1742511066.2488503
4,359.675,1742511066.2488503
5,377.459,1742511066.2488503
6,363.33,1742511066.2488503
7,385.138,1742511066.2488503
0,379.15,1742511066.2990103
1,372.044,1742511066.2990103
2,369.61,1742511066.2990103
3,371.823,1742511066.2990103
4,360.562,1742511066.2990103
5,379.31,1742511066.2990103
6,363.33,1742511066.2990103
7,385.138,1742511066.2990103
0,378.987,1742511066.3491514
1,372.044,1742511066.3491514
2,369.61,1742511066.3491514
3,371.823,1742511066.3491514
4,360.562,1742511066.3491514
5,379.31,1742511066.3491514
6,364.362,1742511066.3491514
7,385.455,1742511066.3491514
0,378.987,1742511066.3992898
1,372.019,1742511066.3992898
2,369.649,1742511066.3992898
3,371.506,1742511066.3992898
4,361.596,1742511066.3992898
5,381.503,1742511066.3992898
6,364.362,1742511066.3992898
7,385.455,1742511066.3992898
0,377.936,1742511066.449416
1,372.019,1742511066.449416
2,369.649,1742511066.449416
3,371.506,1742511066.449416
4,361.596,1742511066.449416
5,381.503,1742511066.449416
6,363.808,1742511066.449416
7,386.061,1742511066.449416
0,377.936,1742511066.4995592
1,373.932,1742511066.4995592
2,369.179,1742511066.4995592
3,371.472,1742511066.4995592
4,360.087,1742511066.4995592
5,381.76,1742511066.4995592
6,363.808,1742511066.4995592
7,386.061,1742511066.4995592
0,376.552,1742511066.5496864
1,373.932,1742511066.5496864
2,369.179,1742511066.5496864
3,371.472,1742511066.5496864
4,360.087,1742511066.5496864
5,382.89,1742511066.5496864
6,364.343,1742511066.5496864
7,387.353,1742511066.5496864
0,376.552,1742511066.5998335
1,373.14,1742511066.5998335
2,367.607,1742511066.5998335
3,370.701,1742511066.5998335
4,359.903,1742511066.5998335
5,382.89,1742511066.5998335
6,364.343,1742511066.5998335
7,387.353,1742511066.5998335
0,374.839,1742511066.6499746
1,373.14,1742511066.6499746
2,367.607,1742511066.6499746
3,370.701,1742511066.6499746
4,359.903,1742511066.6499746
5,382.89,1742511066.6499746
6,364.114,1742511066.6499746
7,389.634,1742511066.6499746
0,374.839,1742511066.7001038
1,373.902,1742511066.7001038
2,367.744,1742511066.7001038
3,369.327,1742511066.7001038
4,361.832,1742511066.7001038
5,383.701,1742511066.7001038
6,364.114,1742511066.7001038
7,389.634,1742511066.7001038
0,372.832,1742511066.7502391
1,373.902,1742511066.7502391
2,367.744,1742511066.7502391
3,369.327,1742511066.7502391
4,361.832,1742511066.7502391
5,383.701,1742511066.7502391
6,363.91,1742511066.7502391
7,389.116,1742511066.7502391
0,372.832,1742511066.8003776
1,374.527,1742511066.8003776
2,367.784,1742511066.8003776
3,370.549,1742511066.8003776
4,363.173,1742511066.8003776
5,384.359,1742511066.8003776
6,363.91,1742511066.8003776
7,389.116,1742511066.8003776
0,372.419,1742511066.8505144
1,374.527,1742511066.8505144
2,367.784,1742511066.8505144
3,370.549,1742511066.8505144
4,363.173,1742511066.8505144
5,384.359,1742511066.8505144
6,364.963,1742511066.8505144
7,387.974,1742511066.8505144
0,372.419,1742511066.9006546
1,372.554,1742511066.9006546
2,366.641,1742511066.9006546
3,371.859,1742511066.9006546
4,364.029,1742511066.9006546
5,385.45,1742511066.9006546
6,364.963,1742511066.9006546
7,387.974,1742511066.9006546
0,370.278,1742511066.950796
1,372.554,1742511066.950796
2,366.641,1742511066.950796
3,371.859,1742511066.950796
4,364.029,1742511066.950796
5,385.45,1742511066.950796
6,364.632,1742511066.950796
7,384.313,1742511066.950796
0,370.278,1742511067.0009463
1,370.577,1742511067.0009463
2,368.033,1742511067.0009463
3,371.47,1742511067.0009463
4,364.079,1742511067.0009463
5,384.947,1742511067.0009463
6,364.632,1742511067.0009463
7,384.313,1742511067.0009463
0,370.683,1742511067.05108
1,370.577,1742511067.05108
2,368.033,1742511067.05108
3,371.47,1742511067.05108
4,364.079,1742511067.05108
5,384.947,1742511067.05108
6,365.655,1742511067.05108
7,383.209,1742511067.05108
0,370.683,1742511067.1012123
1,370.829,1742511067.1012123
2,369.358,1742511067.1012123
3,371.591,1742511067.1012123
4,364.617,1742511067.1012123
5,385.49,1742511067.1012123
6,365.655,1742511067.1012123
7,383.209,1742511067.1012123
0,373.277,1742511067.1513822
1,370.829,1742511067.1513822
2,369.358,1742511067.1513822
3,371.591,1742511067.1513822
4,364.617,1742511067.1513822
5,385.49,1742511067.1513822
6,365.278,1742511067.1513822
7,382.478,1742511067.1513822
0,373.277,1742511067.2015905
1,369.449,1742511067.2015905
2,369.875,1742511067.2015905
3,370.511,1742511067.2015905
4,362.312,1742511067.2015905
5,382.534,1742511067.2015905
6,365.278,1742511067.2015905
7,382.478,1742511067.2015905
0,372.805,1742511067.2517242
1,369.449,1742511067.2517242
2,369.875,1742511067.2517242
3,370.511,1742511067.2517242
4,362.312,1742511067.2517242
5,382.534,1742511067.2517242
6,365.144,1742511067.2517242
7,383.386,1742511067.2517242
0,372.805,1742511067.3018527
1,368.202,1742511067.3018527
2,370.371,1742511067.3018527
3,370.583,1742511067.3018527
4,363.477,1742511067.3018527
5,382.879,1742511067.3018527
6,365.144,1742511067.3018527
7,383.386,1742511067.3018527
0,374.867,1742511067.3519862
1,368.202,1742511067.3519862
2,370.371,1742511067.3519862
3,370.583,1742511067.3519862
4,363.477,1742511067.3519862
5,382.879,1742511067.3519862
6,365.615,1742511067.3519862
7,380.594,1742511067.3519862
0,374.867,1742511067.4022043
1,365.789,1742511067.4022043
2,370.357,1742511067.4022043
3,371.214,1742511067.4022043
4,361.856,1742511067.4022043
5,381.661,1742511067.4022043
6,365.615,1742511067.4022043
7,380.594,1742511067.4022043
0,375.459,1742511067.4523423
1,365.789,1742511067.4523423
2,370.357,1742511067.4523423
3,371.214,1742511067.4523423
4,361.856,1742511067.4523423
5,381.661,1742511067.4523423
6,364.043,1742511067.4523423
7,378.898,1742511067.4523423
0,375.459,1742511067.5024803
1,364.062,1742511067.5024803
2,370.713,1742511067.5024803
3,371.244,1742511067.5024803
4,360.927,1742511067.5024803
5,380.893,1742511067.5024803
6,364.043,1742511067.5024803
7,378.898,1742511067.5024803
0,375.349,1742511067.5526078
1,364.062,1742511067.5526078
2,370.713,1742511067.5526078
3,371.244,1742511067.5526078
4,360.927,1742511067.5526078
5,380.893,1742511067.5526078
6,363.802,1742511067.5526078
7,377.308,1742511067.5526078
0,375.349,1742511067.6027334
1,363.622,1742511067.6027334
2,371.558,1742511067.6027334
3,370.715,1742511067.6027334
4,363.137,1742511067.6027334
5,377.508,1742511067.6027334
6,363.802,1742511067.6027334
7,377.308,1742511067.6027334
0,375.241,1742511067.652858
1,363.622,1742511067.652858
2,371.558,1742511067.652858
3,370.715,1742511067.652858
4,363.137,1742511067.652858
5,377.508,1742511067.652858
6,365.696,1742511067.652858
7,377.308,1742511067.652858
0,375.241,1742511067.702985
1,363.919,1742511067.702985
2,371.121,1742511067.702985
3,372.161,1742511067.702985
4,360.872,1742511067.702985
5,378.582,1742511067.702985
6,365.696,1742511067.702985
7,380.16,1742511067.702985
0,372.806,1742511067.753123
1,363.919,1742511067.753123
2,371.121,1742511067.753123
3,372.161,1742511067.753123
4,360.872,1742511067.753123
5,378.582,1742511067.753123
6,363.733,1742511067.753123
7,380.16,1742511067.753123
0,372.806,1742511067.8032613
1,361.17,1742511067.8032613
2,370.555,1742511067.8032613
3,372.632,1742511067.8032613
4,360.926,1742511067.8032613
5,376.982,1742511067.8032613
6,363.733,1742511067.8032613
7,378.439,1742511067.8032613
0,374.706,1742511067.8533967
1,361.17,1742511067.8533967
2,370.555,1742511067.8533967
3,372.632,1742511067.8533967
4,360.926,1742511067.8533967
5,376.982,1742511067.8533967
6,366.276,1742511067.8533967
7,378.439,1742511067.8533967
0,374.706,1742511067.903534
1,362.027,1742511067.903534
2,370.814,1742511067.903534
3,373.239,1742511067.903534
4,361.474,1742511067.903534
5,377.111,1742511067.903534
6,366.276,1742511067.903534
7,377.404,1742511067.903534
0,374.143,1742511067.953679
1,362.027,1742511067.953679
2,370.814,1742511067.953679
3,373.239,1742511067.953679
4,361.474,1742511067.953679
5,377.111,1742511067.953679
6,367.553,1742511067.953679
7,377.404,1742511067.953679
0,374.143,1742511068.0039349
1,364.962,1742511068.0039349
2,370.814,1742511068.0039349
3,373.713,1742511068.0039349
4,362.318,1742511068.0039349
5,377.392,1742511068.0039349
6,367.553,1742511068.0039349
7,377.959,1742511068.0039349
0,375.635,1742511068.0540755
1,364.962,1742511068.0540755
2,369.632,1742511068.0540755
3,373.713,1742511068.0540755
4,362.318,1742511068.0540755
5,377.392,1742511068.0540755
6,367.617,1742511068.0540755
7,377.959,1742511068.0540755
0,375.635,1742511068.1042175
1,364.774,1742511068.1042175
2,369.632,1742511068.1042175
3,374.319,1742511068.1042175
4,362.486,1742511068.1042175
5,377.392,1742511068.1042175
6,367.617,1742511068.1042175
7,378.485,1742511068.1042175
0,372.475,1742511068.1543555
1,364.774,1742511068.1543555
2,369.993,1742511068.1543555
3,374.319,1742511068.1543555
4,362.486,1742511068.1543555
5,377.392,1742511068.1543555
6,368.884,1742511068.1543555
7,378.485,1742511068.1543555
0,372.475,1742511068.204496
1,365.858,1742511068.204496
2,369.993,1742511068.204496
3,374.512,1742511068.204496
4,363.869,1742511068.204496
5,377.322,1742511068.204496
6,368.884,1742511068.204496
7,378.761,1742511068.204496
0,371.692,1742511068.2546265
1,365.858,1742511068.2546265
2,370.434,1742511068.2546265
3,374.512,1742511068.2546265
4,363.869,1742511068.2546265
5,377.322,1742511068.2546265
6,369.908,1742511068.2546265
7,378.761,1742511068.2546265
0,371.692,1742511068.3047664
1,367.526,1742511068.3047664
2,370.434,1742511068.3047664
3,375.772,1742511068.3047664
4,363.272,1742511068.3047664
5,377.107,1742511068.3047664
6,369.908,1742511068.3047664
7,380.661,1742511068.3047664
0,370.638,1742511068.354905
1,367.526,1742511068.354905
2,369.155,1742511068.354905
3,375.772,1742511068.354905
4,363.272,1742511068.354905
5,377.107,1742511068.354905
6,369.862,1742511068.354905
7,380.661,1742511068.354905
0,370.638,1742511068.4050336
1,368.198,1742511068.4050336
2,369.155,1742511068.4050336
3,376.594,1742511068.4050336
4,365.368,1742511068.4050336
5,377.846,1742511068.4050336
6,369.862,1742511068.4050336
7,382.837,1742511068.4050336
0,369.886,1742511068.4551716
1,368.198,1742511068.4551716
2,370.112,1742511068.4551716
3,376.594,1742511068.4551716
4,365.368,1742511068.4551716
5,377.846,1742511068.4551716
6,370.557,1742511068.4551716
7,382.837,1742511068.4551716
0,369.886,1742511068.505309
1,368.617,1742511068.505309
2,370.112,1742511068.505309
3,377.788,1742511068.505309
4,364.987,1742511068.505309
5,378.255,1742511068.505309
6,370.557,1742511068.505309
7,381.656,1742511068.505309
0,369.886,1742511068.5554364
1,368.617,1742511068.5554364
2,371.951,1742511068.5554364
3,377.788,1742511068.5554364
4,364.987,1742511068.5554364
5,378.255,1742511068.5554364
6,373.218,1742511068.5554364
7,381.656,1742511068.5554364
0,367.365,1742511068.6055648
1,368.682,1742511068.6055648
2,371.951,1742511068.6055648
3,377.47,1742511068.6055648
4,364.331,1742511068.6055648
5,378.91,1742511068.6055648
6,373.218,1742511068.6055648
7,382.542,1742511068.6055648
0,367.365,1742511068.655703
1,368.682,1742511068.655703
2,372.937,1742511068.655703
3,377.47,1742511068.655703
4,364.331,1742511068.655703
5,378.91,1742511068.655703
6,372.966,1742511068.655703
7,382.542,1742511068.655703
0,368.031,1742511068.7058425
1,367.869,1742511068.7058425
2,372.937,1742511068.7058425
3,378.068,1742511068.7058425
4,365.573,1742511068.7058425
5,381.085,1742511068.7058425
6,372.966,1742511068.7058425
7,382.021,1742511068.7058425
0,368.031,1742511068.7559886
1,367.869,1742511068.7559886
2,374.016,1742511068.7559886
3,378.068,1742511068.7559886
4,365.573,1742511068.7559886
5,381.085,1742511068.7559886
6,376.888,1742511068.7559886
7,382.021,1742511068.7559886
0,373.411,1742511068.8061287
1,368.419,1742511068.8061287
2,374.016,1742511068.8061287
3,381.905,1742511068.8061287
4,365.501,1742511068.8061287
5,382.799,1742511068.8061287
6,376.888,1742511068.8061287
7,383.477,1742511068.8061287
0,373.411,1742511068.8562603
1,368.419,1742511068.8562603
2,375.225,1742511068.8562603
3,381.905,1742511068.8562603
4,365.501,1742511068.8562603
5,382.799,1742511068.8562603
6,376.176,1742511068.8562603
7,383.477,1742511068.8562603
0,371.803,1742511068.9063911
1,368.578,1742511068.9063911
2,375.225,1742511068.9063911
3,381.514,1742511068.9063911
4,364.439,1742511068.9063911
5,383.374,1742511068.9063911
6,376.176,1742511068.9063911
7,382.268,1742511068.9063911
0,371.803,1742511068.9565701
1,368.578,1742511068.9565701
2,376.507,1742511068.9565701
3,381.514,1742511068.9565701
4,364.439,1742511068.9565701
5,383.374,1742511068.9565701
6,377.098,1742511068.9565701
7,382.268,1742511068.9565701
0,373.198,1742511069.0066972
1,368.51,1742511069.0066972
2,376.507,1742511069.0066972
3,383.181,1742511069.0066972
4,365.294,1742511069.0066972
5,382.621,1742511069.0066972
6,377.098,1742511069.0066972
7,381.928,1742511069.0066972
0,373.198,1742511069.0568364
1,368.51,1742511069.0568364
2,375.567,1742511069.0568364
3,383.181,1742511069.0568364
4,365.294,1742511069.0568364
5,382.621,1742511069.0568364
6,377.392,1742511069.0568364
7,381.928,1742511069.0568364
0,373.878,1742511069.106974
1,368.053,1742511069.106974
2,375.567,1742511069.106974
3,383.768,1742511069.106974
4,366.576,1742511069.106974
5,382.067,1742511069.106974
6,377.392,1742511069.106974
7,382.874,1742511069.106974
0,373.878,1742511069.1571267
1,368.053,1742511069.1571267
2,375.121,1742511069.1571267
3,383.768,1742511069.1571267
4,366.576,1742511069.1571267
5,382.067,1742511069.1571267
6,377.808,1742511069.1571267
7,382.874,1742511069.1571267
0,373.536,1742511069.207274
1,367.898,1742511069.207274
2,375.121,1742511069.207274
3,384.6,1742511069.207274
4,366.102,1742511069.207274
5,383.386,1742511069.207274
6,377.808,1742511069.207274
7,380.488,1742511069.207274
0,373.536,1742511069.2574067
1,367.898,1742511069.2574067
2,373.439,1742511069.2574067
3,384.6,1742511069.2574067
4,366.102,1742511069.2574067
5,383.386,1742511069.2574067
6,377.036,1742511069.2574067
7,380.488,1742511069.2574067
0,373.913,1742511069.3075461
1,366.364,1742511069.3075461
2,373.439,1742511069.3075461
3,384.444,1742511069.3075461
4,364.676,1742511069.3075461
5,383.015,1742511069.3075461
6,377.036,1742511069.3075461
7,380.454,1742511069.3075461
0,373.913,1742511069.3577187
1,366.364,1742511069.3577187
2,374.062,1742511069.3577187
3,384.444,1742511069.3577187
4,364.676,1742511069.3577187
5,383.015,1742511069.3577187
6,377.165,1742511069.3577187
7,380.454,1742511069.3577187
0,374.27,1742511069.4078631
1,366.364,1742511069.4078631
2,374.062,1742511069.4078631
3,382.841,1742511069.4078631
4,365.392,1742511069.4078631
5,382.581,1742511069.4078631
6,377.165,1742511069.4078631
7,380.887,1742511069.4078631
0,374.27,1742511069.4580035
1,366.471,1742511069.4580035
2,374.182,1742511069.4580035
3,382.841,1742511069.4580035
4,365.392,1742511069.4580035
5,382.581,1742511069.4580035
6,377.545,1742511069.4580035
7,380.887,1742511069.4580035
0,374.082,1742511069.508143
1,366.471,1742511069.508143
2,374.182,1742511069.508143
3,382.12,1742511069.508143
4,365.008,1742511069.508143
5,381.412,1742511069.508143
6,377.545,1742511069.508143
7,380.699,1742511069.508143
0,374.082,1742511069.558277
1,366.973,1742511069.558277
2,373.777,1742511069.558277
3,382.12,1742511069.558277
4,365.008,1742511069.558277
5,381.412,1742511069.558277
6,377.545,1742511069.558277
7,380.699,1742511069.558277
0,374.414,1742511069.6084068
1,366.973,1742511069.6084068
2,373.777,1742511069.6084068
3,381.428,1742511069.6084068
4,364.777,1742511069.6084068
5,381.203,1742511069.6084068
6,377.589,1742511069.6084068
7,381.882,1742511069.6084068
0,374.414,1742511069.6585445
1,367.846,1742511069.6585445
2,374.453,1742511069.6585445
3,381.428,1742511069.6585445
4,364.777,1742511069.6585445
5,381.203,1742511069.6585445
6,377.589,1742511069.6585445
7,381.882,1742511069.6585445
0,372.672,1742511069.7086594
1,367.846,1742511069.7086594
2,374.453,1742511069.7086594
3,382.903,1742511069.7086594
4,365.801,1742511069.7086594
5,379.474,1742511069.7086594
6,377.156,1742511069.7086594
7,382.418,1742511069.7086594
0,372.672,1742511069.7587867
1,367.479,1742511069.7587867
2,373.583,1742511069.7587867
3,382.903,1742511069.7587867
4,365.801,1742511069.7587867
5,379.474,1742511069.7587867
6,377.156,1742511069.7587867
7,382.418,1742511069.7587867
0,371.862,1742511069.8089287
1,367.479,1742511069.8089287
2,373.583,1742511069.8089287
3,378.931,1742511069.8089287
4,365.997,1742511069.8089287
5,379.503,1742511069.8089287
6,375.499,1742511069.8089287
7,381.313,1742511069.8089287
0,371.862,1742511069.8590684
1,367.934,1742511069.8590684
2,374.076,1742511069.8590684
3,378.931,1742511069.8590684
4,365.997,1742511069.8590684
5,379.503,1742511069.8590684
6,375.499,1742511069.8590684
7,381.313,1742511069.8590684
0,373.973,1742511069.909201
1,367.934,1742511069.909201
2,374.076,1742511069.909201
3,377.885,1742511069.909201
4,365.775,1742511069.909201
5,377.819,1742511069.909201
6,375.152,1742511069.909201
7,381.068,1742511069.909201
0,373.973,1742511069.9593425
1,366.801,1742511069.9593425
2,374.111,1742511069.9593425
3,377.885,1742511069.9593425
4,365.775,1742511069.9593425
5,377.819,1742511069.9593425
6,375.152,1742511069.9593425
7,381.068,1742511069.9593425
0,372.819,1742511070.0095003
1,366.801,1742511070.0095003
2,374.111,1742511070.0095003
3,376.498,1742511070.0095003
4,363.676,1742511070.0095003
5,377.769,1742511070.0095003
6,373.312,1742511070.0095003
7,380.587,1742511070.0095003
0,372.819,1742511070.059645
1,367.656,1742511070.059645
2,373.8,1742511070.059645
3,376.498,1742511070.059645
4,363.676,1742511070.059645
5,377.769,1742511070.059645
6,373.312,1742511070.059645
7,380.587,1742511070.059645
0,375.478,1742511070.109831
1,367.656,1742511070.109831
2,373.8,1742511070.109831
3,375.8,1742511070.109831
4,363.748,1742511070.109831
5,376.36,1742511070.109831
6,372.346,1742511070.109831
7,381.241,1742511070.109831
0,375.478,1742511070.1599696
1,366.611,1742511070.1599696
2,373.632,1742511070.1599696
3,375.8,1742511070.1599696
4,363.748,1742511070.1599696
5,376.36,1742511070.1599696
6,372.346,1742511070.1599696
7,381.241,1742511070.1599696
0,376.229,1742511070.2101119
1,366.611,1742511070.2101119
2,373.632,1742511070.2101119
3,375.593,1742511070.2101119
4,364.023,1742511070.2101119
5,376.161,1742511070.2101119
6,371.145,1742511070.2101119
7,381.429,1742511070.2101119
0,376.229,1742511070.2602396
1,367.154,1742511070.2602396
2,375.361,1742511070.2602396
3,375.593,1742511070.2602396
4,364.023,1742511070.2602396
5,376.161,1742511070.2602396
6,371.145,1742511070.2602396
7,381.429,1742511070.2602396
0,376.324,1742511070.3103728
1,367.154,1742511070.3103728
2,375.361,1742511070.3103728
3,374.494,1742511070.3103728
4,362.813,1742511070.3103728
5,376.716,1742511070.3103728
6,371.306,1742511070.3103728
7,383.164,1742511070.3103728
0,376.324,1742511070.3605256
1,367.799,1742511070.3605256
2,374.962,1742511070.3605256
3,374.494,1742511070.3605256
4,362.813,1742511070.3605256
5,376.716,1742511070.3605256
6,371.306,1742511070.3605256
7,383.164,1742511070.3605256
0,377.523,1742511070.4106774
1,367.799,1742511070.4106774
2,374.962,1742511070.4106774
3,374.013,1742511070.4106774
4,362.557,1742511070.4106774
5,376.143,1742511070.4106774
6,371.126,1742511070.4106774
7,380.256,1742511070.4106774
0,377.523,1742511070.4608164
1,369.094,1742511070.4608164
2,373.519,1742511070.4608164
3,374.013,1742511070.4608164
4,362.557,1742511070.4608164
5,376.143,1742511070.4608164
6,371.126,1742511070.4608164
7,380.256,1742511070.4608164
0,378.28,1742511070.5109527
1,369.094,1742511070.5109527
2,373.519,1742511070.5109527
3,373.568,1742511070.5109527
4,362.557,1742511070.5109527
5,374.652,1742511070.5109527
6,370.366,1742511070.5109527
7,381.708,1742511070.5109527
0,378.28,1742511070.5610893
1,368.288,1742511070.5610893
2,370.868,1742511070.5610893
3,373.568,1742511070.5610893
4,362.362,1742511070.5610893
5,374.652,1742511070.5610893
6,370.366,1742511070.5610893
7,381.708,1742511070.5610893
0,378.919,1742511070.6112251
1,368.288,1742511070.6112251
2,370.868,1742511070.6112251
3,372.639,1742511070.6112251
4,362.362,1742511070.6112251
5,373.845,1742511070.6112251
6,369.3,1742511070.6112251
7,382.567,1742511070.6112251
0,378.919,1742511070.6613677
1,370.255,1742511070.6613677
2,369.238,1742511070.6613677
3,372.639,1742511070.6613677
4,360.281,1742511070.6613677
5,373.845,1742511070.6613677
6,369.3,1742511070.6613677
7,382.567,1742511070.6613677
0,379.057,1742511070.7115135
1,370.255,1742511070.7115135
2,369.238,1742511070.7115135
3,371.607,1742511070.7115135
4,360.281,1742511070.7115135
5,373.845,1742511070.7115135
6,368.281,1742511070.7115135
7,383.324,1742511070.7115135
0,379.057,1742511070.7616563
1,371.721,1742511070.7616563
2,369.887,1742511070.7616563
3,371.607,1742511070.7616563
4,361.131,1742511070.7616563
5,375.361,1742511070.7616563
6,368.281,1742511070.7616563
7,383.324,1742511070.7616563
0,380.443,1742511070.8118403
1,371.721,1742511070.8118403
2,369.887,1742511070.8118403
3,371.682,1742511070.8118403
4,361.262,1742511070.8118403
5,375.361,1742511070.8118403
6,368.427,1742511070.8118403
7,385.433,1742511070.8118403
0,380.443,1742511070.8619728
1,372.662,1742511070.8619728
2,369.447,1742511070.8619728
3,371.682,1742511070.8619728
4,361.262,1742511070.8619728
5,376.569,1742511070.8619728
6,368.427,1742511070.8619728
7,385.433,1742511070.8619728
0,379.776,1742511070.9121308
1,372.662,1742511070.9121308
2,369.447,1742511070.9121308
3,371.921,1742511070.9121308
4,360.033,1742511070.9121308
5,376.569,1742511070.9121308
6,367.625,1742511070.9121308
7,386.443,1742511070.9121308
0,379.776,1742511070.9622614
1,373.881,1742511070.9622614
2,368.641,1742511070.9622614
3,371.921,1742511070.9622614
4,360.033,1742511070.9622614
5,376.127,1742511070.9622614
6,367.625,1742511070.9622614
7,386.443,1742511070.9622614
0,377.655,1742511071.0124042
1,373.881,1742511071.0124042
2,368.641,1742511071.0124042
3,370.906,1742511071.0124042
4,360.033,1742511071.0124042
5,376.127,1742511071.0124042
6,367.127,1742511071.0124042
7,386.553,1742511071.0124042
0,377.655,1742511071.0625331
1,373.686,1742511071.0625331
2,368.556,1742511071.0625331
3,370.906,1742511071.0625331
4,361.581,1742511071.0625331
5,376.371,1742511071.0625331
6,367.127,1742511071.0625331
7,386.553,1742511071.0625331
0,375.51,1742511071.1126795
1,373.686,1742511071.1126795
2,368.556,1742511071.1126795
3,369.939,1742511071.1126795
4,360.9,1742511071.1126795
5,376.371,1742511071.1126795
6,366.875,1742511071.1126795
7,386.281,1742511071.1126795
0,375.51,1742511071.1628182
1,375.338,1742511071.1628182
2,369.136,1742511071.1628182
3,369.939,1742511071.1628182
4,360.9,1742511071.1628182
5,378.601,1742511071.1628182
6,366.875,1742511071.1628182
7,386.281,1742511071.1628182
0,376.757,1742511071.2129529
1,375.338,1742511071.2129529
2,369.136,1742511071.2129529
3,370.284,1742511071.2129529
4,362.178,1742511071.2129529
5,378.601,1742511071.2129529
6,365.101,1742511071.2129529
7,385.207,1742511071.2129529
0,376.757,1742511071.2630935
1,374.884,1742511071.2630935
2,367.782,1742511071.2630935
3,370.284,1742511071.2630935
4,362.178,1742511071.2630935
5,379.301,1742511071.2630935
6,365.101,1742511071.2630935
7,385.207,1742511071.2630935
0,373.41,1742511071.3132384
1,374.884,1742511071.3132384
2,367.782,1742511071.3132384
3,370.963,1742511071.3132384
4,361.985,1742511071.3132384
5,379.301,1742511071.3132384
6,365.214,1742511071.3132384
7,384.272,1742511071.3132384
0,373.41,1742511071.3634498
1,373.699,1742511071.3634498
2,367.611,1742511071.3634498
3,370.963,1742511071.3634498
4,361.985,1742511071.3634498
5,381.167,1742511071.3634498
6,365.214,1742511071.3634498
7,384.272,1742511071.3634498
0,374.415,1742511071.4135854
1,373.699,1742511071.4135854
2,367.611,1742511071.4135854
3,371.885,1742511071.4135854
4,364.78,1742511071.4135854
5,381.167,1742511071.4135854
6,365.369,1742511071.4135854
7,384.507,1742511071.4135854
0,374.415,1742511071.4637246
1,373.599,1742511071.4637246
2,367.169,1742511071.4637246
3,371.885,1742511071.4637246
4,364.78,1742511071.4637246
5,380.492,1742511071.4637246
6,365.369,1742511071.4637246
7,384.507,1742511071.4637246
0,373.867,1742511071.5138583
1,373.599,1742511071.5138583
2,367.169,1742511071.5138583
3,372.592,1742511071.5138583
4,366.28,1742511071.5138583
5,380.492,1742511071.5138583
6,364.851,1742511071.5138583
7,382.471,1742511071.5138583
0,373.867,1742511071.5640225
1,373.576,1742511071.5640225
2,367.169,1742511071.5640225
3,372.592,1742511071.5640225
4,366.28,1742511071.5640225
5,382.881,1742511071.5640225
6,364.851,1742511071.5640225
7,382.471,1742511071.5640225
0,371.502,1742511071.6141562
1,373.576,1742511071.6141562
2,369.04,1742511071.6141562
3,374.818,1742511071.6141562
4,368.593,1742511071.6141562
5,382.881,1742511071.6141562
6,368.398,1742511071.6141562
7,382.766,1742511071.6141562
0,371.502,1742511071.6643014
1,371.978,1742511071.6643014
2,369.04,1742511071.6643014
3,374.818,1742511071.6643014
4,368.593,1742511071.6643014
5,383.495,1742511071.6643014
6,368.398,1742511071.6643014
7,382.766,1742511071.6643014
0,371.109,1742511071.7144446
1,371.978,1742511071.7144446
2,368.655,1742511071.7144446
3,375.801,1742511071.7144446
4,368.068,1742511071.7144446
5,383.495,1742511071.7144446
6,368.1,1742511071.7144446
7,380.141,1742511071.7144446
0,371.109,1742511071.764592
1,371.153,1742511071.764592
2,368.655,1742511071.764592
3,375.801,1742511071.764592
4,368.068,1742511071.764592
5,382.826,1742511071.764592
6,368.1,1742511071.764592
7,380.141,1742511071.764592
0,371.527,1742511071.814723
1,371.153,1742511071.814723
2,367.917,1742511071.814723
3,376.736,1742511071.814723
4,368.598,1742511071.814723
5,382.826,1742511071.814723
6,369.004,1742511071.814723
7,380.608,1742511071.814723
0,371.527,1742511071.8648522
1,371.039,1742511071.8648522
2,367.917,1742511071.8648522
3,376.736,1742511071.8648522
4,368.598,1742511071.8648522
5,383.199,1742511071.8648522
6,369.004,1742511071.8648522
7,380.608,1742511071.8648522
0,371.359,1742511071.9149897
1,371.039,1742511071.9149897
2,369.115,1742511071.9149897
3,377.761,1742511071.9149897
4,368.661,1742511071.9149897
5,383.199,1742511071.9149897
6,369.652,1742511071.9149897
7,380.608,1742511071.9149897
0,371.359,1742511071.9651227
1,370.452,1742511071.9651227
2,369.115,1742511071.9651227
3,377.761,1742511071.9651227
4,368.661,1742511071.9651227
5,383.282,1742511071.9651227
6,369.652,1742511071.9651227
7,380.411,1742511071.9651227
0,371.909,1742511072.0152652
1,370.452,1742511072.0152652
2,369.477,1742511072.0152652
3,378.933,1742511072.0152652
4,368.661,1742511072.0152652
5,383.282,1742511072.0152652
6,370.612,1742511072.0152652
7,380.411,1742511072.0152652
0,371.909,1742511072.0654125
1,370.245,1742511072.0654125
2,369.477,1742511072.0654125
3,378.933,1742511072.0654125
4,366.998,1742511072.0654125
5,382.704,1742511072.0654125
6,370.612,1742511072.0654125
7,380.078,1742511072.0654125
0,369.475,1742511072.115561
1,370.245,1742511072.115561
2,370.254,1742511072.115561
3,378.714,1742511072.115561
4,366.998,1742511072.115561
5,382.704,1742511072.115561
6,371.331,1742511072.115561
7,380.078,1742511072.115561
0,369.475,1742511072.1657214
1,369.101,1742511072.1657214
2,370.254,1742511072.1657214
3,378.714,1742511072.1657214
4,367.85,1742511072.1657214
5,381.389,1742511072.1657214
6,371.331,1742511072.1657214
7,379.108,1742511072.1657214
0,372.078,1742511072.2158659
1,369.101,1742511072.2158659
2,369.919,1742511072.2158659
3,377.766,1742511072.2158659
4,367.85,1742511072.2158659
5,381.389,1742511072.2158659
6,371.627,1742511072.2158659
7,379.108,1742511072.2158659
0,372.078,1742511072.2661068
1,363.047,1742511072.2661068
2,361.607,1742511072.2661068
3,377.766,1742511072.2661068
4,365.994,1742511072.2661068
5,377.045,1742511072.2661068
6,371.627,1742511072.2661068
7,376.868,1742511072.2661068
0,355.272,1742511072.3162954
1,363.047,1742511072.3162954
2,361.607,1742511072.3162954
3,356.07,1742511072.3162954
4,365.994,1742511072.3162954
5,377.045,1742511072.3162954
6,357.44,1742511072.3162954
7,376.868,1742511072.3162954
0,355.272,1742511072.3664289
1,338.363,1742511072.3664289
2,337.386,1742511072.3664289
3,356.07,1742511072.3664289
4,342.985,1742511072.3664289
5,350.665,1742511072.3664289
6,357.44,1742511072.3664289
7,351.938,1742511072.3664289
0,330.283,1742511072.4165688
1,338.363,1742511072.4165688
2,337.386,1742511072.4165688
3,333.562,1742511072.4165688
4,342.985,1742511072.4165688
5,350.665,1742511072.4165688
6,332.932,1742511072.4165688
7,351.938,1742511072.4165688
0,330.283,1742511072.466698
1,313.193,1742511072.466698
2,306.219,1742511072.466698
3,333.562,1742511072.466698
4,318.154,1742511072.466698
5,324.498,1742511072.466698
6,332.932,1742511072.466698
7,327.171,1742511072.466698
0,304.967,1742511072.5168223
1,313.193,1742511072.5168223
2,306.219,1742511072.5168223
3,301.078,1742511072.5168223
4,292.622,1742511072.5168223
5,324.498,1742511072.5168223
6,307.961,1742511072.5168223
7,327.171,1742511072.5168223
0,304.967,1742511072.5669482
1,288.516,1742511072.5669482
2,281.008,1742511072.5669482
3,301.078,1742511072.5669482
4,292.622,1742511072.5669482
5,299.238,1742511072.5669482
6,307.961,1742511072.5669482
7,301.83,1742511072.5669482
0,280.213,1742511072.617074
1,288.516,1742511072.617074
2,281.008,1742511072.617074
3,274.416,1742511072.617074
4,266.958,1742511072.617074
5,299.238,1742511072.617074
6,282.021,1742511072.617074
7,301.83,1742511072.617074
0,280.213,1742511072.6672184
1,264.698,1742511072.6672184
2,260.727,1742511072.6672184
3,274.416,1742511072.6672184
4,266.958,1742511072.6672184
5,273.503,1742511072.6672184
6,282.021,1742511072.6672184
7,277.425,1742511072.6672184
0,259.471,1742511072.7173836
1,264.698,1742511072.7173836
2,260.727,1742511072.7173836
3,248.355,1742511072.7173836
4,243.504,1742511072.7173836
5,273.503,1742511072.7173836
6,256.735,1742511072.7173836
7,277.425,1742511072.7173836
0,259.471,1742511072.7675247
1,238.597,1742511072.7675247
2,237.036,1742511072.7675247
3,248.355,1742511072.7675247
4,243.504,1742511072.7675247
5,249.448,1742511072.7675247
6,256.735,1742511072.7675247
7,252.748,1742511072.7675247
0,235.483,1742511072.8176615
1,238.597,1742511072.8176615
2,237.036,1742511072.8176615
3,224.375,1742511072.8176615
4,243.504,1742511072.8176615
5,249.448,1742511072.8176615
6,220.998,1742511072.8176615
7,252.748,1742511072.8176615
0,235.483,1742511072.8678014
1,213.409,1742511072.8678014
2,212.385,1742511072.8678014
3,224.375,1742511072.8678014
4,213.508,1742511072.8678014
5,223.846,1742511072.8678014
6,220.998,1742511072.8678014
7,228.0,1742511072.8678014
0,206.031,1742511072.917939
1,213.409,1742511072.917939
2,212.385,1742511072.917939
3,224.375,1742511072.917939
4,213.508,1742511072.917939
5,223.846,1742511072.917939
6,195.64,1742511072.917939
7,228.0,1742511072.917939
0,206.031,1742511072.9680784
1,188.545,1742511072.9680784
2,187.529,1742511072.9680784
3,191.636,1742511072.9680784
4,189.024,1742511072.9680784
5,198.734,1742511072.9680784
6,195.64,1742511072.9680784
7,202.723,1742511072.9680784
0,186.701,1742511073.018207
1,188.545,1742511073.018207
2,187.529,1742511073.018207
3,191.636,1742511073.018207
4,189.024,1742511073.018207
5,198.734,1742511073.018207
6,170.791,1742511073.018207
7,202.723,1742511073.018207
0,186.701,1742511073.068333
1,166.532,1742511073.068333
2,162.804,1742511073.068333
3,166.801,1742511073.068333
4,165.266,1742511073.068333
5,173.879,1742511073.068333
6,170.791,1742511073.068333
7,177.794,1742511073.068333
0,163.182,1742511073.118473
1,166.532,1742511073.118473
2,162.804,1742511073.118473
3,166.801,1742511073.118473
4,165.266,1742511073.118473
5,173.879,1742511073.118473
6,146.976,1742511073.118473
7,177.794,1742511073.118473
0,163.182,1742511073.1686096
1,139.263,1742511073.1686096
2,138.662,1742511073.1686096
3,141.682,1742511073.1686096
4,140.61,1742511073.1686096
5,144.911,1742511073.1686096
6,146.976,1742511073.1686096
7,153.328,1742511073.1686096
0,137.723,1742511073.2187452
1,139.263,1742511073.2187452
2,138.662,1742511073.2187452
3,141.682,1742511073.2187452
4,140.61,1742511073.2187452
5,144.911,1742511073.2187452
6,123.124,1742511073.2187452
7,153.328,1742511073.2187452
0,137.723,1742511073.2689126
1,119.981,1742511073.2689126
2,123.317,1742511073.2689126
3,121.148,1742511073.2689126
4,119.795,1742511073.2689126
5,122.918,1742511073.2689126
6,123.124,1742511073.2689126
7,128.845,1742511073.2689126
0,122.409,1742511073.3190393
1,119.981,1742511073.3190393
2,123.317,1742511073.3190393
3,121.148,1742511073.3190393
4,119.795,1742511073.3190393
5,122.918,1742511073.3190393
6,118.999,1742511073.3190393
7,128.845,1742511073.3190393
0,122.409,1742511073.369164
1,119.695,1742511073.369164
2,123.081,1742511073.369164
3,120.164,1742511073.369164
4,119.433,1742511073.369164
5,122.635,1742511073.369164
6,118.999,1742511073.369164
7,126.941,1742511073.369164
0,122.317,1742511073.4193292
1,119.695,1742511073.4193292
2,123.081,1742511073.4193292
3,120.164,1742511073.4193292
4,119.433,1742511073.4193292
5,122.635,1742511073.4193292
6,118.897,1742511073.4193292
7,126.941,1742511073.4193292
0,122.317,1742511073.4694648
1,119.611,1742511073.4694648
2,123.081,1742511073.4694648
3,120.12,1742511073.4694648
4,119.297,1742511073.4694648
5,122.542,1742511073.4694648
6,118.897,1742511073.4694648
7,126.796,1742511073.4694648
0,122.186,1742511073.5196002
1,119.611,1742511073.5196002
2,122.908,1742511073.5196002
3,120.12,1742511073.5196002
4,119.297,1742511073.5196002
5,122.542,1742511073.5196002
6,118.779,1742511073.5196002
7,126.796,1742511073.5196002
0,122.186,1742511073.569725
1,119.237,1742511073.569725
2,122.908,1742511073.569725
3,120.099,1742511073.569725
4,119.202,1742511073.569725
5,122.434,1742511073.569725
6,118.779,1742511073.569725
7,126.646,1742511073.569725
0,122.103,1742511073.6198554
1,119.237,1742511073.6198554
2,122.767,1742511073.6198554
3,120.099,1742511073.6198554
4,119.202,1742511073.6198554
5,122.434,1742511073.6198554
6,118.701,1742511073.6198554
7,126.646,1742511073.6198554
0,122.103,1742511073.670016
1,119.156,1742511073.670016
2,122.767,1742511073.670016
3,120.052,1742511073.670016
4,119.102,1742511073.670016
5,122.367,1742511073.670016
6,118.701,1742511073.670016
7,126.509,1742511073.670016
0,122.016,1742511073.7202742
1,119.156,1742511073.7202742
2,122.665,1742511073.7202742
3,120.052,1742511073.7202742
4,119.102,1742511073.7202742
5,122.367,1742511073.7202742
6,118.666,1742511073.7202742
7,126.509,1742511073.7202742
0,122.016,1742511073.7704504
1,118.876,1742511073.7704504
2,122.665,1742511073.7704504
3,120.018,1742511073.7704504
4,119.022,1742511073.7704504
5,122.288,1742511073.7704504
6,118.666,1742511073.7704504
7,126.386,1742511073.7704504
0,121.956,1742511073.8205843
1,118.876,1742511073.8205843
2,122.571,1742511073.8205843
3,120.018,1742511073.8205843
4,119.022,1742511073.8205843
5,122.288,1742511073.8205843
6,118.632,1742511073.8205843
7,126.386,1742511073.8205843
0,121.956,1742511073.8707209
1,118.761,1742511073.8707209
2,122.571,1742511073.8707209
3,119.99,1742511073.8707209
4,118.957,1742511073.8707209
5,122.219,1742511073.8707209
6,118.632,1742511073.8707209
7,126.299,1742511073.8707209
0,121.923,1742511073.9208467
1,118.761,1742511073.9208467
2,122.542,1742511073.9208467
3,119.99,1742511073.9208467
4,118.957,1742511073.9208467
5,122.219,1742511073.9208467
6,118.592,1742511073.9208467
7,126.299,1742511073.9208467
0,121.923,1742511073.970982
1,118.634,1742511073.970982
2,122.542,1742511073.970982
3,119.927,1742511073.970982
4,118.889,1742511073.970982
5,122.191,1742511073.970982
6,118.592,1742511073.970982
7,126.224,1742511073.970982
0,121.897,1742511074.021107
1,118.634,1742511074.021107
2,122.509,1742511074.021107
3,119.927,1742511074.021107
4,118.889,1742511074.021107
5,122.191,1742511074.021107
6,118.548,1742511074.021107
7,126.224,1742511074.021107
0,121.897,1742511074.0712428
1,118.376,1742511074.0712428
2,122.509,1742511074.0712428
3,119.883,1742511074.0712428
4,118.838,1742511074.0712428
5,122.138,1742511074.0712428
6,118.548,1742511074.0712428
7,126.177,1742511074.0712428
0,121.871,1742511074.1213672
1,118.376,1742511074.1213672
2,122.469,1742511074.1213672
3,119.883,1742511074.1213672
4,118.838,1742511074.1213672
5,122.138,1742511074.1213672
6,118.489,1742511074.1213672
7,126.177,1742511074.1213672
0,121.871,1742511074.171493
1,118.32,1742511074.171493
2,122.469,1742511074.171493
3,119.859,1742511074.171493
4,118.792,1742511074.171493
5,122.102,1742511074.171493
6,118.489,1742511074.171493
7,126.116,1742511074.171493
0,121.819,1742511074.2216213
1,118.32,1742511074.2216213
2,122.415,1742511074.2216213
3,119.859,1742511074.2216213
4,118.792,1742511074.2216213
5,122.102,1742511074.2216213
6,118.469,1742511074.2216213
7,126.116,1742511074.2216213
0,121.819,1742511074.2717927
1,123.629,1742511074.2717927
2,122.415,1742511074.2717927
3,120.058,1742511074.2717927
4,118.798,1742511074.2717927
5,122.076,1742511074.2717927
6,118.469,1742511074.2717927
7,126.089,1742511074.2717927
0,130.269,1742511074.3219743
1,123.629,1742511074.3219743
2,130.135,1742511074.3219743
3,120.058,1742511074.3219743
4,118.798,1742511074.3219743
5,122.076,1742511074.3219743
6,128.891,1742511074.3219743
7,126.089,1742511074.3219743
0,130.269,1742511074.372117
1,148.823,1742511074.372117
2,130.135,1742511074.372117
3,143.654,1742511074.372117
4,142.182,1742511074.372117
5,147.019,1742511074.372117
6,128.891,1742511074.372117
7,154.115,1742511074.372117
0,155.19,1742511074.422305
1,148.823,1742511074.422305
2,153.614,1742511074.422305
3,143.654,1742511074.422305
4,142.182,1742511074.422305
5,147.019,1742511074.422305
6,154.596,1742511074.422305
7,154.115,1742511074.422305
0,155.19,1742511074.4724944
1,173.827,1742511074.4724944
2,153.614,1742511074.4724944
3,173.179,1742511074.4724944
4,167.454,1742511074.4724944
5,173.381,1742511074.4724944
6,154.596,1742511074.4724944
7,180.079,1742511074.4724944
0,185.904,1742511074.5226374
1,173.827,1742511074.5226374
2,177.696,1742511074.5226374
3,173.179,1742511074.5226374
4,167.454,1742511074.5226374
5,173.381,1742511074.5226374
6,178.2,1742511074.5226374
7,180.079,1742511074.5226374
0,185.904,1742511074.572778
1,198.923,1742511074.572778
2,177.696,1742511074.572778
3,198.009,1742511074.572778
4,193.461,1742511074.572778
5,199.617,1742511074.572778
6,178.2,1742511074.572778
7,204.912,1742511074.572778
0,210.13,1742511074.622907
1,198.923,1742511074.622907
2,203.187,1742511074.622907
3,198.009,1742511074.622907
4,193.461,1742511074.622907
5,199.617,1742511074.622907
6,203.985,1742511074.622907
7,204.912,1742511074.622907
0,210.13,1742511074.6730385
1,221.23,1742511074.6730385
2,203.187,1742511074.6730385
3,224.363,1742511074.6730385
4,217.051,1742511074.6730385
5,224.443,1742511074.6730385
6,203.985,1742511074.6730385
7,229.846,1742511074.6730385
0,235.376,1742511074.7231817
1,221.23,1742511074.7231817
2,225.224,1742511074.7231817
3,224.363,1742511074.7231817
4,217.051,1742511074.7231817
5,224.443,1742511074.7231817
6,229.782,1742511074.7231817
7,229.846,1742511074.7231817
0,235.376,1742511074.7733288
1,244.852,1742511074.7733288
2,225.224,1742511074.7733288
3,250.294,1742511074.7733288
4,241.859,1742511074.7733288
5,251.78,1742511074.7733288
6,229.782,1742511074.7733288
7,255.141,1742511074.7733288
0,259.945,1742511074.8234658
1,244.852,1742511074.8234658
2,249.553,1742511074.8234658
3,250.294,1742511074.8234658
4,241.859,1742511074.8234658
5,251.78,1742511074.8234658
6,255.355,1742511074.8234658
7,255.141,1742511074.8234658
0,259.945,1742511074.8736043
1,271.863,1742511074.8736043
2,249.553,1742511074.8736043
3,276.081,1742511074.8736043
4,263.343,1742511074.8736043
5,276.691,1742511074.8736043
6,255.355,1742511074.8736043
7,280.362,1742511074.8736043
0,285.159,1742511074.923736
1,271.863,1742511074.923736
2,273.576,1742511074.923736
3,276.081,1742511074.923736
4,263.343,1742511074.923736
5,276.691,1742511074.923736
6,280.848,1742511074.923736
7,280.362,1742511074.923736
0,285.159,1742511074.9738681
1,292.743,1742511074.9738681
2,273.576,1742511074.9738681
3,302.429,1742511074.9738681
4,290.491,1742511074.9738681
5,300.813,1742511074.9738681
6,280.848,1742511074.9738681
7,305.976,1742511074.9738681
0,308.731,1742511075.024043
1,292.743,1742511075.024043
2,297.971,1742511075.024043
3,302.429,1742511075.024043
4,290.491,1742511075.024043
5,300.813,1742511075.024043
6,302.683,1742511075.024043
7,305.976,1742511075.024043
0,308.731,1742511075.0741816
1,316.604,1742511075.0741816
2,297.971,1742511075.0741816
3,331.799,1742511075.0741816
4,314.93,1742511075.0741816
5,325.759,1742511075.0741816
6,302.683,1742511075.0741816
7,332.0,1742511075.0741816
0,334.688,1742511075.1244154
1,316.604,1742511075.1244154
2,323.169,1742511075.1244154
3,331.799,1742511075.1244154
4,314.93,1742511075.1244154
5,325.759,1742511075.1244154
6,331.829,1742511075.1244154
7,332.0,1742511075.1244154
0,334.688,1742511075.174557
1,340.927,1742511075.174557
2,323.169,1742511075.174557
3,357.737,1742511075.174557
4,339.537,1742511075.174557
5,350.38,1742511075.174557
6,331.829,1742511075.174557
7,358.878,1742511075.174557
0,360.038,1742511075.2247562
1,340.927,1742511075.2247562
2,349.03,1742511075.2247562
3,357.737,1742511075.2247562
4,339.537,1742511075.2247562
5,350.38,1742511075.2247562
6,357.164,1742511075.2247562
7,358.878,1742511075.2247562
0,360.038,1742511075.274897
1,364.4,1742511075.274897
2,349.03,1742511075.274897
3,376.113,1742511075.274897
4,364.661,1742511075.274897
5,375.623,1742511075.274897
6,357.164,1742511075.274897
7,382.173,1742511075.274897
0,370.439,1742511075.3250268
1,364.4,1742511075.3250268
2,371.521,1742511075.3250268
3,376.113,1742511075.3250268
4,364.661,1742511075.3250268
5,375.623,1742511075.3250268
6,370.688,1742511075.3250268
7,382.173,1742511075.3250268
0,370.439,1742511075.3751643
1,363.027,1742511075.3751643
2,371.521,1742511075.3751643
3,374.871,1742511075.3751643
4,365.426,1742511075.3751643
5,375.917,1742511075.3751643
6,370.688,1742511075.3751643
7,380.414,1742511075.3751643
0,371.025,1742511075.4253042
1,363.027,1742511075.4253042
2,372.542,1742511075.4253042
3,374.871,1742511075.4253042
4,365.426,1742511075.4253042
5,375.917,1742511075.4253042
6,371.704,1742511075.4253042
7,380.414,1742511075.4253042
0,371.025,1742511075.4754455
1,362.762,1742511075.4754455
2,372.542,1742511075.4754455
3,376.448,1742511075.4754455
4,366.671,1742511075.4754455
5,375.169,1742511075.4754455
6,371.704,1742511075.4754455
7,380.217,1742511075.4754455
0,371.951,1742511075.525611
1,362.762,1742511075.525611
2,373.371,1742511075.525611
3,376.448,1742511075.525611
4,366.671,1742511075.525611
5,375.169,1742511075.525611
6,372.071,1742511075.525611
7,380.217,1742511075.525611
0,371.951,1742511075.575758
1,361.876,1742511075.575758
2,373.371,1742511075.575758
3,376.603,1742511075.575758
4,365.117,1742511075.575758
5,374.957,1742511075.575758
6,372.071,1742511075.575758
7,380.338,1742511075.575758
0,373.115,1742511075.6258955
1,361.876,1742511075.6258955
2,374.719,1742511075.6258955
3,376.603,1742511075.6258955
4,365.117,1742511075.6258955
5,374.957,1742511075.6258955
6,372.442,1742511075.6258955
7,380.338,1742511075.6258955
0,373.115,1742511075.6760266
1,362.889,1742511075.6760266
2,374.719,1742511075.6760266
3,375.877,1742511075.6760266
4,363.883,1742511075.6760266
5,376.312,1742511075.6760266
6,372.442,1742511075.6760266
7,379.933,1742511075.6760266
0,373.408,1742511075.726168
1,362.889,1742511075.726168
2,376.065,1742511075.726168
3,375.877,1742511075.726168
4,363.883,1742511075.726168
5,376.312,1742511075.726168
6,372.509,1742511075.726168
7,379.933,1742511075.726168
0,373.408,1742511075.776275
1,363.111,1742511075.776275
2,376.065,1742511075.776275
3,375.201,1742511075.776275
4,362.952,1742511075.776275
5,376.118,1742511075.776275
6,372.509,1742511075.776275
7,380.377,1742511075.776275
0,373.822,1742511075.826413
1,363.111,1742511075.826413
2,377.006,1742511075.826413
3,375.201,1742511075.826413
4,362.952,1742511075.826413
5,376.118,1742511075.826413
6,370.882,1742511075.826413
7,380.377,1742511075.826413
0,373.822,1742511075.8765566
1,363.625,1742511075.8765566
2,377.006,1742511075.8765566
3,373.474,1742511075.8765566
4,362.126,1742511075.8765566
5,375.783,1742511075.8765566
6,370.882,1742511075.8765566
7,378.043,1742511075.8765566
0,374.772,1742511075.9267027
1,363.625,1742511075.9267027
2,377.109,1742511075.9267027
3,373.474,1742511075.9267027
4,362.126,1742511075.9267027
5,375.783,1742511075.9267027
6,370.382,1742511075.9267027
7,378.043,1742511075.9267027
0,374.772,1742511075.9768474
1,364.224,1742511075.9768474
2,377.109,1742511075.9768474
3,372.838,1742511075.9768474
4,361.949,1742511075.9768474
5,376.402,1742511075.9768474
6,370.382,1742511075.9768474
7,379.744,1742511075.9768474
0,378.398,1742511076.02699
1,364.224,1742511076.02699
2,376.387,1742511076.02699
3,372.838,1742511076.02699
4,361.949,1742511076.02699
5,376.402,1742511076.02699
6,369.948,1742511076.02699
7,379.744,1742511076.02699
0,378.398,1742511076.0771346
1,365.107,1742511076.0771346
2,376.387,1742511076.0771346
3,372.234,1742511076.0771346
4,361.994,1742511076.0771346
5,376.076,1742511076.0771346
6,369.948,1742511076.0771346
7,379.823,1742511076.0771346
0,376.674,1742511076.1272647
1,365.107,1742511076.1272647
2,374.828,1742511076.1272647
3,372.234,1742511076.1272647
4,361.994,1742511076.1272647
5,376.076,1742511076.1272647
6,369.052,1742511076.1272647
7,379.823,1742511076.1272647
0,376.674,1742511076.177408
1,365.731,1742511076.177408
2,374.828,1742511076.177408
3,370.506,1742511076.177408
4,362.716,1742511076.177408
5,377.358,1742511076.177408
6,369.052,1742511076.177408
7,378.419,1742511076.177408
0,375.605,1742511076.227557
1,365.731,1742511076.227557
2,372.289,1742511076.227557
3,370.506,1742511076.227557
4,362.716,1742511076.227557
5,377.358,1742511076.227557
6,367.642,1742511076.227557
7,378.419,1742511076.227557
0,375.605,1742511076.2777138
1,366.531,1742511076.2777138
2,372.289,1742511076.2777138
3,369.007,1742511076.2777138
4,360.571,1742511076.2777138
5,376.87,1742511076.2777138
6,367.642,1742511076.2777138
7,378.419,1742511076.2777138
0,376.248,1742511076.3279614
1,366.531,1742511076.3279614
2,372.035,1742511076.3279614
3,369.007,1742511076.3279614
4,360.571,1742511076.3279614
5,376.87,1742511076.3279614
6,367.69,1742511076.3279614
7,380.966,1742511076.3279614
0,376.248,1742511076.3780918
1,366.531,1742511076.3780918
2,372.035,1742511076.3780918
3,369.786,1742511076.3780918
4,361.063,1742511076.3780918
5,376.249,1742511076.3780918
6,367.69,1742511076.3780918
7,382.534,1742511076.3780918
0,375.668,1742511076.4282215
1,367.512,1742511076.4282215
2,371.973,1742511076.4282215
3,369.786,1742511076.4282215
4,361.063,1742511076.4282215
5,376.249,1742511076.4282215
6,366.428,1742511076.4282215
7,382.534,1742511076.4282215
0,375.668,1742511076.4783893
1,367.512,1742511076.4783893
2,371.973,1742511076.4783893
3,369.694,1742511076.4783893
4,362.072,1742511076.4783893
5,376.249,1742511076.4783893
6,366.428,1742511076.4783893
7,382.077,1742511076.4783893
0,374.598,1742511076.5285218
1,369.697,1742511076.5285218
2,371.541,1742511076.5285218
3,369.694,1742511076.5285218
4,362.072,1742511076.5285218
5,377.118,1742511076.5285218
6,366.095,1742511076.5285218
7,382.077,1742511076.5285218
0,374.598,1742511076.5786579
1,369.697,1742511076.5786579
2,371.541,1742511076.5786579
3,369.215,1742511076.5786579
4,364.119,1742511076.5786579
5,377.118,1742511076.5786579
6,366.095,1742511076.5786579
7,382.529,1742511076.5786579
0,374.7,1742511076.6287916
1,368.967,1742511076.6287916
2,370.045,1742511076.6287916
3,369.215,1742511076.6287916
4,364.119,1742511076.6287916
5,377.345,1742511076.6287916
6,364.002,1742511076.6287916
7,382.529,1742511076.6287916
0,374.7,1742511076.678981
1,368.967,1742511076.678981
2,370.045,1742511076.678981
3,369.939,1742511076.678981
4,364.409,1742511076.678981
5,377.345,1742511076.678981
6,364.002,1742511076.678981
7,383.638,1742511076.678981
0,373.619,1742511076.7291207
1,370.349,1742511076.7291207
2,368.427,1742511076.7291207
3,369.939,1742511076.7291207
4,364.409,1742511076.7291207
5,377.469,1742511076.7291207
6,364.559,1742511076.7291207
7,383.638,1742511076.7291207
0,373.619,1742511076.7792513
1,370.349,1742511076.7792513
2,368.427,1742511076.7792513
3,370.398,1742511076.7792513
4,365.53,1742511076.7792513
5,377.469,1742511076.7792513
6,364.559,1742511076.7792513
7,384.163,1742511076.7792513
0,372.783,1742511076.8293939
1,368.971,1742511076.8293939
2,367.247,1742511076.8293939
3,370.398,1742511076.8293939
4,365.53,1742511076.8293939
5,377.151,1742511076.8293939
6,366.869,1742511076.8293939
7,384.163,1742511076.8293939
0,372.783,1742511076.8795474
1,368.971,1742511076.8795474
2,367.247,1742511076.8795474
3,373.831,1742511076.8795474
4,367.858,1742511076.8795474
5,377.151,1742511076.8795474
6,366.869,1742511076.8795474
7,384.163,1742511076.8795474
0,370.829,1742511076.9297085
1,368.765,1742511076.9297085
2,366.682,1742511076.9297085
3,373.831,1742511076.9297085
4,367.858,1742511076.9297085
5,378.016,1742511076.9297085
6,368.633,1742511076.9297085
7,385.05,1742511076.9297085
0,370.829,1742511076.9798546
1,368.765,1742511076.9798546
2,366.682,1742511076.9798546
3,373.136,1742511076.9798546
4,368.612,1742511076.9798546
5,378.016,1742511076.9798546
6,368.633,1742511076.9798546
7,385.05,1742511076.9798546
0,370.76,1742511077.029998
1,369.859,1742511077.029998
2,368.092,1742511077.029998
3,373.136,1742511077.029998
4,368.612,1742511077.029998
5,378.677,1742511077.029998
6,369.582,1742511077.029998
7,383.387,1742511077.029998
0,370.76,1742511077.0801418
1,369.859,1742511077.0801418
2,368.092,1742511077.0801418
3,374.922,1742511077.0801418
4,368.917,1742511077.0801418
5,378.677,1742511077.0801418
6,369.582,1742511077.0801418
7,383.387,1742511077.0801418
0,369.578,1742511077.130282
1,368.135,1742511077.130282
2,368.116,1742511077.130282
3,374.922,1742511077.130282
4,368.917,1742511077.130282
5,379.239,1742511077.130282
6,371.806,1742511077.130282
7,381.322,1742511077.130282
0,369.578,1742511077.180433
1,368.135,1742511077.180433
2,368.116,1742511077.180433
3,376.864,1742511077.180433
4,367.937,1742511077.180433
5,379.239,1742511077.180433
6,371.806,1742511077.180433
7,381.322,1742511077.180433
0,368.934,1742511077.2305913
1,367.967,1742511077.2305913
2,369.43,1742511077.2305913
3,376.864,1742511077.2305913
4,367.937,1742511077.2305913
5,381.007,1742511077.2305913
6,373.983,1742511077.2305913
7,381.406,1742511077.2305913
0,368.934,1742511077.2807286
1,367.967,1742511077.2807286
2,369.43,1742511077.2807286
3,376.851,1742511077.2807286
4,368.884,1742511077.2807286
5,381.007,1742511077.2807286
6,373.983,1742511077.2807286
7,376.458,1742511077.2807286
0,358.742,1742511077.3308625
1,360.701,1742511077.3308625
2,359.551,1742511077.3308625
3,376.851,1742511077.3308625
4,368.884,1742511077.3308625
5,376.039,1742511077.3308625
6,365.217,1742511077.3308625
7,376.458,1742511077.3308625
0,358.742,1742511077.3809996
1,360.701,1742511077.3809996
2,359.551,1742511077.3809996
3,349.977,1742511077.3809996
4,348.9,1742511077.3809996
5,376.039,1742511077.3809996
6,365.217,1742511077.3809996
7,351.037,1742511077.3809996
0,334.478,1742511077.4311244
1,335.131,1742511077.4311244
2,334.863,1742511077.4311244
3,349.977,1742511077.4311244
4,348.9,1742511077.4311244
5,346.47,1742511077.4311244
6,341.629,1742511077.4311244
7,351.037,1742511077.4311244
0,334.478,1742511077.4812949
1,335.131,1742511077.4812949
2,334.863,1742511077.4812949
3,324.823,1742511077.4812949
4,324.908,1742511077.4812949
5,346.47,1742511077.4812949
6,341.629,1742511077.4812949
7,325.851,1742511077.4812949
0,308.4,1742511077.5314217
1,309.216,1742511077.5314217
2,311.387,1742511077.5314217
3,324.823,1742511077.5314217
4,324.908,1742511077.5314217
5,320.329,1742511077.5314217
6,316.27,1742511077.5314217
7,325.851,1742511077.5314217
0,308.4,1742511077.5815623
1,309.216,1742511077.5815623
2,311.387,1742511077.5815623
3,300.168,1742511077.5815623
4,299.854,1742511077.5815623
5,320.329,1742511077.5815623
6,316.27,1742511077.5815623
7,300.542,1742511077.5815623
0,285.531,1742511077.6317039
1,285.433,1742511077.6317039
2,311.387,1742511077.6317039
3,300.168,1742511077.6317039
4,299.854,1742511077.6317039
5,295.728,1742511077.6317039
6,292.55,1742511077.6317039
7,300.542,1742511077.6317039
0,285.531,1742511077.6818974
1,285.433,1742511077.6818974
2,279.567,1742511077.6818974
3,300.168,1742511077.6818974
4,275.288,1742511077.6818974
5,295.728,1742511077.6818974
6,292.55,1742511077.6818974
7,274.764,1742511077.6818974
0,258.692,1742511077.7320247
1,259.473,1742511077.7320247
2,259.91,1742511077.7320247
3,273.244,1742511077.7320247
4,275.288,1742511077.7320247
5,268.601,1742511077.7320247
6,268.094,1742511077.7320247
7,274.764,1742511077.7320247
0,258.692,1742511077.7821627
1,259.473,1742511077.7821627
2,259.91,1742511077.7821627
3,273.244,1742511077.7821627
4,246.241,1742511077.7821627
5,268.601,1742511077.7821627
6,268.094,1742511077.7821627
7,250.025,1742511077.7821627
0,227.511,1742511077.8322985
1,235.554,1742511077.8322985
2,236.71,1742511077.8322985
3,246.832,1742511077.8322985
4,246.241,1742511077.8322985
5,242.574,1742511077.8322985
6,242.73,1742511077.8322985
7,250.025,1742511077.8322985
0,227.511,1742511077.882435
1,235.554,1742511077.882435
2,236.71,1742511077.882435
3,246.832,1742511077.882435
4,216.886,1742511077.882435
5,242.574,1742511077.882435
6,242.73,1742511077.882435
7,226.219,1742511077.882435
0,207.531,1742511077.9325712
1,211.024,1742511077.9325712
2,212.342,1742511077.9325712
3,219.989,1742511077.9325712
4,216.886,1742511077.9325712
5,216.863,1742511077.9325712
6,216.304,1742511077.9325712
7,226.219,1742511077.9325712
0,207.531,1742511077.9826746
1,211.024,1742511077.9826746
2,212.342,1742511077.9826746
3,219.989,1742511077.9826746
4,191.801,1742511077.9826746
5,216.863,1742511077.9826746
6,216.304,1742511077.9826746
7,201.91,1742511077.9826746
0,177.988,1742511078.0328102
1,185.941,1742511078.0328102
2,187.865,1742511078.0328102
3,194.102,1742511078.0328102
4,191.801,1742511078.0328102
5,190.736,1742511078.0328102
6,187.842,1742511078.0328102
7,201.91,1742511078.0328102
0,177.988,1742511078.082947
1,185.941,1742511078.082947
2,187.865,1742511078.082947
3,194.102,1742511078.082947
4,166.829,1742511078.082947
5,190.736,1742511078.082947
6,187.842,1742511078.082947
7,201.91,1742511078.082947
0,159.346,1742511078.1330523
1,161.665,1742511078.1330523
2,163.03,1742511078.1330523
3,167.388,1742511078.1330523
4,166.829,1742511078.1330523
5,165.093,1742511078.1330523
6,160.978,1742511078.1330523
7,177.324,1742511078.1330523
0,159.346,1742511078.183177
1,161.665,1742511078.183177
2,163.03,1742511078.183177
3,167.388,1742511078.183177
4,142.82,1742511078.183177
5,165.093,1742511078.183177
6,160.978,1742511078.183177
7,177.324,1742511078.183177
0,135.113,1742511078.233303
1,136.501,1742511078.233303
2,138.412,1742511078.233303
3,140.749,1742511078.233303
4,142.82,1742511078.233303
5,139.216,1742511078.233303
6,128.579,1742511078.233303
7,149.331,1742511078.233303
0,135.113,1742511078.2834275
1,136.501,1742511078.2834275
2,138.412,1742511078.2834275
3,140.749,1742511078.2834275
4,120.093,1742511078.2834275
5,139.216,1742511078.2834275
6,128.579,1742511078.2834275
7,149.331,1742511078.2834275
0,121.839,1742511078.3335528
1,119.129,1742511078.3335528
2,123.287,1742511078.3335528
3,119.842,1742511078.3335528
4,120.093,1742511078.3335528
5,122.763,1742511078.3335528
6,118.97,1742511078.3335528
7,127.349,1742511078.3335528
0,121.839,1742511078.3836772
1,119.129,1742511078.3836772
2,123.287,1742511078.3836772
3,119.842,1742511078.3836772
4,119.282,1742511078.3836772
5,122.763,1742511078.3836772
6,118.97,1742511078.3836772
7,127.349,1742511078.3836772
0,121.765,1742511078.4338436
1,119.077,1742511078.4338436
2,123.035,1742511078.4338436
3,119.61,1742511078.4338436
4,119.282,1742511078.4338436
5,122.62,1742511078.4338436
6,118.853,1742511078.4338436
7,127.053,1742511078.4338436
0,121.765,1742511078.4839792
1,119.077,1742511078.4839792
2,123.035,1742511078.4839792
3,119.61,1742511078.4839792
4,119.178,1742511078.4839792
5,122.62,1742511078.4839792
6,118.853,1742511078.4839792
7,127.053,1742511078.4839792
0,121.68,1742511078.5341048
1,118.796,1742511078.5341048
2,123.035,1742511078.5341048
3,119.514,1742511078.5341048
4,119.178,1742511078.5341048
5,122.498,1742511078.5341048
6,118.743,1742511078.5341048
7,127.021,1742511078.5341048
0,121.68,1742511078.584245
1,118.796,1742511078.584245
2,122.885,1742511078.584245
3,119.514,1742511078.584245
4,119.088,1742511078.584245
5,122.498,1742511078.584245
6,118.743,1742511078.584245
7,127.021,1742511078.584245
0,121.682,1742511078.6343892
1,118.753,1742511078.6343892
2,122.885,1742511078.6343892
3,119.445,1742511078.6343892
4,119.088,1742511078.6343892
5,122.39,1742511078.6343892
6,118.661,1742511078.6343892
7,126.978,1742511078.6343892
0,121.682,1742511078.68453
1,118.753,1742511078.68453
2,122.801,1742511078.68453
3,119.445,1742511078.68453
4,119.035,1742511078.68453
5,122.39,1742511078.68453
6,118.661,1742511078.68453
7,126.978,1742511078.68453
0,121.69,1742511078.734676
1,118.561,1742511078.734676
2,122.801,1742511078.734676
3,119.363,1742511078.734676
4,119.035,1742511078.734676
5,122.308,1742511078.734676
6,118.614,1742511078.734676
7,126.986,1742511078.734676
0,121.69,1742511078.7848637
1,118.561,1742511078.7848637
2,122.703,1742511078.7848637
3,119.363,1742511078.7848637
4,118.986,1742511078.7848637
5,122.308,1742511078.7848637
6,118.614,1742511078.7848637
7,126.986,1742511078.7848637
0,121.674,1742511078.8350053
1,118.493,1742511078.8350053
2,122.703,1742511078.8350053
3,119.307,1742511078.8350053
4,118.986,1742511078.8350053
5,122.238,1742511078.8350053
6,118.581,1742511078.8350053
7,126.998,1742511078.8350053
0,121.674,1742511078.8853378
1,118.493,1742511078.8853378
2,122.627,1742511078.8853378
3,119.307,1742511078.8853378
4,118.928,1742511078.8853378
5,122.238,1742511078.8853378
6,118.581,1742511078.8853378
7,126.998,1742511078.8853378
0,121.674,1742511078.9356475
1,118.446,1742511078.9356475
2,122.627,1742511078.9356475
3,119.245,1742511078.9356475
4,118.928,1742511078.9356475
5,122.211,1742511078.9356475
6,118.542,1742511078.9356475
7,126.92,1742511078.9356475
0,121.671,1742511078.985794
1,118.446,1742511078.985794
2,122.558,1742511078.985794
3,119.245,1742511078.985794
4,118.896,1742511078.985794
5,122.211,1742511078.985794
6,118.542,1742511078.985794
7,126.92,1742511078.985794
0,121.671,1742511079.0359492
1,118.244,1742511079.0359492
2,122.558,1742511079.0359492
3,119.218,1742511079.0359492
4,118.896,1742511079.0359492
5,122.139,1742511079.0359492
6,118.482,1742511079.0359492
7,126.878,1742511079.0359492
0,121.689,1742511079.0860734
1,118.244,1742511079.0860734
2,122.542,1742511079.0860734
3,119.218,1742511079.0860734
4,118.859,1742511079.0860734
5,122.139,1742511079.0860734
6,118.482,1742511079.0860734
7,126.878,1742511079.0860734
0,121.689,1742511079.1362016
1,118.245,1742511079.1362016
2,122.542,1742511079.1362016
3,119.245,1742511079.1362016
4,118.859,1742511079.1362016
5,122.106,1742511079.1362016
6,118.438,1742511079.1362016
7,126.824,1742511079.1362016
0,121.689,1742511079.1863358
1,118.245,1742511079.1863358
2,122.49,1742511079.1863358
3,119.245,1742511079.1863358
4,118.825,1742511079.1863358
5,122.106,1742511079.1863358
6,118.438,1742511079.1863358
7,126.824,1742511079.1863358
0,121.689,1742511079.2364655
1,118.018,1742511079.2364655
2,122.49,1742511079.2364655
3,119.278,1742511079.2364655
4,118.825,1742511079.2364655
5,122.064,1742511079.2364655
6,118.38,1742511079.2364655
7,126.77,1742511079.2364655
0,121.679,1742511079.2865987
1,118.018,1742511079.2865987
2,122.449,1742511079.2865987
3,119.278,1742511079.2865987
4,118.791,1742511079.2865987
5,122.064,1742511079.2865987
6,118.38,1742511079.2865987
7,126.77,1742511079.2865987
0,121.679,1742511079.3367376
1,118.07,1742511079.3367376
2,122.449,1742511079.3367376
3,119.299,1742511079.3367376
4,118.791,1742511079.3367376
5,122.033,1742511079.3367376
6,118.361,1742511079.3367376
7,126.728,1742511079.3367376
0,121.687,1742511079.3868437
1,118.07,1742511079.3868437
2,122.416,1742511079.3868437
3,119.299,1742511079.3868437
4,118.764,1742511079.3868437
5,122.033,1742511079.3868437
6,118.361,1742511079.3868437
7,126.728,1742511079.3868437
0,121.687,1742511079.436973
1,117.908,1742511079.436973
2,122.416,1742511079.436973
3,119.326,1742511079.436973
4,118.764,1742511079.436973
5,121.986,1742511079.436973
6,118.322,1742511079.436973
7,126.707,1742511079.436973
0,121.706,1742511079.4871106
1,117.908,1742511079.4871106
2,122.371,1742511079.4871106
3,119.326,1742511079.4871106
4,118.746,1742511079.4871106
5,121.986,1742511079.4871106
6,118.322,1742511079.4871106
7,126.707,1742511079.4871106
0,121.706,1742511079.5372465
1,118.039,1742511079.5372465
2,122.371,1742511079.5372465
3,119.388,1742511079.5372465
4,118.746,1742511079.5372465
5,121.947,1742511079.5372465
6,118.322,1742511079.5372465
7,126.685,1742511079.5372465
0,121.74,1742511079.587396
1,118.039,1742511079.587396
2,122.33,1742511079.587396
3,119.388,1742511079.587396
4,118.713,1742511079.587396
5,121.947,1742511079.587396
6,118.322,1742511079.587396
7,126.685,1742511079.587396
0,121.74,1742511079.6375544
1,124.451,1742511079.6375544
2,122.33,1742511079.6375544
3,120.57,1742511079.6375544
4,118.713,1742511079.6375544
5,128.657,1742511079.6375544
6,126.285,1742511079.6375544
7,129.016,1742511079.6375544
0,131.729,1742511079.687701
1,124.451,1742511079.687701
2,132.174,1742511079.687701
3,120.57,1742511079.687701
4,137.042,1742511079.687701
5,128.657,1742511079.687701
6,126.285,1742511079.687701
7,129.016,1742511079.687701
0,131.729,1742511079.7378314
1,150.104,1742511079.7378314
2,132.174,1742511079.7378314
3,144.434,1742511079.7378314
4,137.042,1742511079.7378314
5,153.9,1742511079.7378314
6,151.341,1742511079.7378314
7,155.145,1742511079.7378314
0,158.328,1742511079.7880754
1,150.104,1742511079.7880754
2,156.879,1742511079.7880754
3,144.434,1742511079.7880754
4,160.932,1742511079.7880754
5,153.9,1742511079.7880754
6,151.341,1742511079.7880754
7,155.145,1742511079.7880754
0,158.328,1742511079.8382232
1,175.628,1742511079.8382232
2,156.879,1742511079.8382232
3,168.7,1742511079.8382232
4,160.932,1742511079.8382232
5,180.493,1742511079.8382232
6,175.537,1742511079.8382232
7,181.54,1742511079.8382232
0,184.092,1742511079.8883748
1,175.628,1742511079.8883748
2,182.027,1742511079.8883748
3,168.7,1742511079.8883748
4,184.438,1742511079.8883748
5,180.493,1742511079.8883748
6,175.537,1742511079.8883748
7,181.54,1742511079.8883748
0,184.092,1742511079.938524
1,200.885,1742511079.938524
2,182.027,1742511079.938524
3,193.401,1742511079.938524
4,184.438,1742511079.938524
5,204.522,1742511079.938524
6,201.502,1742511079.938524
7,208.061,1742511079.938524
0,215.93,1742511079.9886646
1,200.885,1742511079.9886646
2,206.6,1742511079.9886646
3,193.401,1742511079.9886646
4,208.812,1742511079.9886646
5,204.522,1742511079.9886646
6,201.502,1742511079.9886646
7,208.061,1742511079.9886646
0,215.93,1742511080.0388052
1,225.695,1742511080.0388052
2,206.6,1742511080.0388052
3,217.973,1742511080.0388052
4,208.812,1742511080.0388052
5,204.522,1742511080.0388052
6,226.556,1742511080.0388052
7,231.734,1742511080.0388052
0,242.492,1742511080.0889513
1,225.695,1742511080.0889513
2,237.786,1742511080.0889513
3,217.973,1742511080.0889513
4,230.874,1742511080.0889513
5,244.594,1742511080.0889513
6,226.556,1742511080.0889513
7,231.734,1742511080.0889513
0,242.492,1742511080.139085
1,250.944,1742511080.139085
2,237.786,1742511080.139085
3,242.347,1742511080.139085
4,230.874,1742511080.139085
5,244.594,1742511080.139085
6,251.68,1742511080.139085
7,256.428,1742511080.139085
0,268.453,1742511080.1892183
1,250.944,1742511080.1892183
2,263.317,1742511080.1892183
3,242.347,1742511080.1892183
4,257.343,1742511080.1892183
5,267.349,1742511080.1892183
6,251.68,1742511080.1892183
7,256.428,1742511080.1892183
0,268.453,1742511080.2393625
1,275.782,1742511080.2393625
2,263.317,1742511080.2393625
3,269.873,1742511080.2393625
4,257.343,1742511080.2393625
5,267.349,1742511080.2393625
6,276.797,1742511080.2393625
7,283.944,1742511080.2393625
0,294.364,1742511080.2895086
1,275.782,1742511080.2895086
2,289.184,1742511080.2895086
3,269.873,1742511080.2895086
4,282.123,1742511080.2895086
5,292.463,1742511080.2895086
6,276.797,1742511080.2895086
7,283.944,1742511080.2895086
0,294.364,1742511080.339648
1,300.726,1742511080.339648
2,289.184,1742511080.339648
3,299.933,1742511080.339648
4,282.123,1742511080.339648
5,292.463,1742511080.339648
6,302.002,1742511080.339648
7,308.871,1742511080.339648
0,320.34,1742511080.3898213
1,300.726,1742511080.3898213
2,315.263,1742511080.3898213
3,299.933,1742511080.3898213
4,306.458,1742511080.3898213
5,318.109,1742511080.3898213
6,302.002,1742511080.3898213
7,308.871,1742511080.3898213
0,320.34,1742511080.4399557
1,326.098,1742511080.4399557
2,315.263,1742511080.4399557
3,326.203,1742511080.4399557
4,306.458,1742511080.4399557
5,318.109,1742511080.4399557
6,327.633,1742511080.4399557
7,329.799,1742511080.4399557
0,345.553,1742511080.4901237
1,326.098,1742511080.4901237
2,341.131,1742511080.4901237
3,326.203,1742511080.4901237
4,335.658,1742511080.4901237
5,343.455,1742511080.4901237
6,327.633,1742511080.4901237
7,329.799,1742511080.4901237
0,345.553,1742511080.5402594
1,350.686,1742511080.5402594
2,341.131,1742511080.5402594
3,351.687,1742511080.5402594
4,335.658,1742511080.5402594
5,343.455,1742511080.5402594
6,352.685,1742511080.5402594
7,359.046,1742511080.5402594
0,370.544,1742511080.5904276
1,350.686,1742511080.5904276
2,366.531,1742511080.5904276
3,351.687,1742511080.5904276
4,358.941,1742511080.5904276
5,373.022,1742511080.5904276
6,352.685,1742511080.5904276
7,359.046,1742511080.5904276
0,370.544,1742511080.6405594
1,367.507,1742511080.6405594
2,366.531,1742511080.6405594
3,371.145,1742511080.6405594
4,358.941,1742511080.6405594
5,373.022,1742511080.6405594
6,369.977,1742511080.6405594
7,381.878,1742511080.6405594
0,379.67,1742511080.690743
1,367.507,1742511080.690743
2,377.61,1742511080.690743
3,371.145,1742511080.690743
4,361.255,1742511080.690743
5,380.06,1742511080.690743
6,369.977,1742511080.690743
7,381.878,1742511080.690743
0,379.67,1742511080.7408838
1,367.917,1742511080.7408838
2,377.61,1742511080.7408838
3,374.269,1742511080.7408838
4,361.255,1742511080.7408838
5,380.06,1742511080.7408838
6,370.028,1742511080.7408838
7,379.754,1742511080.7408838
0,378.073,1742511080.791012
1,367.917,1742511080.791012
2,378.864,1742511080.791012
3,374.269,1742511080.791012
4,361.405,1742511080.791012
5,379.144,1742511080.791012
6,370.028,1742511080.791012
7,379.754,1742511080.791012
0,378.073,1742511080.8411522
1,366.906,1742511080.8411522
2,378.864,1742511080.8411522
3,373.281,1742511080.8411522
4,361.405,1742511080.8411522
5,379.144,1742511080.8411522
6,370.575,1742511080.8411522
7,379.114,1742511080.8411522
0,378.652,1742511080.8912847
1,366.906,1742511080.8912847
2,380.158,1742511080.8912847
3,373.281,1742511080.8912847
4,362.957,1742511080.8912847
5,380.47,1742511080.8912847
6,370.575,1742511080.8912847
7,379.114,1742511080.8912847
0,378.652,1742511080.9414253
1,366.738,1742511080.9414253
2,380.158,1742511080.9414253
3,373.636,1742511080.9414253
4,362.957,1742511080.9414253
5,380.47,1742511080.9414253
6,370.575,1742511080.9414253
7,378.346,1742511080.9414253
0,377.574,1742511080.9915607
1,366.738,1742511080.9915607
2,382.959,1742511080.9915607
3,373.636,1742511080.9915607
4,363.114,1742511080.9915607
5,379.349,1742511080.9915607
6,372.009,1742511080.9915607
7,378.346,1742511080.9915607
0,377.574,1742511081.041704
1,366.736,1742511081.041704
2,382.959,1742511081.041704
3,374.669,1742511081.041704
4,363.114,1742511081.041704
5,379.349,1742511081.041704
6,372.009,1742511081.041704
7,379.188,1742511081.041704
0,376.028,1742511081.0918424
1,366.736,1742511081.0918424
2,380.562,1742511081.0918424
3,374.669,1742511081.0918424
4,364.647,1742511081.0918424
5,381.771,1742511081.0918424
6,372.997,1742511081.0918424
7,379.188,1742511081.0918424
0,376.028,1742511081.141995
1,367.598,1742511081.141995
2,380.562,1742511081.141995
3,376.322,1742511081.141995
4,364.647,1742511081.141995
5,381.771,1742511081.141995
6,372.997,1742511081.141995
7,379.568,1742511081.141995
0,375.784,1742511081.192173
1,367.598,1742511081.192173
2,380.533,1742511081.192173
3,376.322,1742511081.192173
4,364.223,1742511081.192173
5,379.214,1742511081.192173
6,373.603,1742511081.192173
7,379.568,1742511081.192173
0,375.784,1742511081.242319
1,367.275,1742511081.242319
2,380.533,1742511081.242319
3,376.734,1742511081.242319
4,364.223,1742511081.242319
5,379.214,1742511081.242319
6,373.603,1742511081.242319
7,379.745,1742511081.242319
0,373.878,1742511081.2924821
1,367.275,1742511081.2924821
2,379.971,1742511081.2924821
3,376.734,1742511081.2924821
4,364.314,1742511081.2924821
5,378.831,1742511081.2924821
6,374.142,1742511081.2924821
7,379.745,1742511081.2924821
0,373.878,1742511081.342665
1,367.327,1742511081.342665
2,379.971,1742511081.342665
3,375.976,1742511081.342665
4,364.314,1742511081.342665
5,378.831,1742511081.342665
6,374.142,1742511081.342665
7,379.905,1742511081.342665
0,372.707,1742511081.392802
1,367.327,1742511081.392802
2,380.699,1742511081.392802
3,375.976,1742511081.392802
4,363.811,1742511081.392802
5,378.61,1742511081.392802
6,374.311,1742511081.392802
7,379.905,1742511081.392802
0,372.707,1742511081.4429438
1,367.086,1742511081.4429438
2,380.699,1742511081.4429438
3,375.396,1742511081.4429438
4,363.811,1742511081.4429438
5,378.61,1742511081.4429438
6,374.311,1742511081.4429438
7,379.984,1742511081.4429438
0,371.802,1742511081.4930809
1,367.086,1742511081.4930809
2,378.229,1742511081.4930809
3,375.396,1742511081.4930809
4,363.961,1742511081.4930809
5,378.472,1742511081.4930809
6,374.54,1742511081.4930809
7,379.984,1742511081.4930809
0,371.802,1742511081.5432084
1,367.672,1742511081.5432084
2,378.229,1742511081.5432084
3,375.454,1742511081.5432084
4,363.961,1742511081.5432084
5,378.472,1742511081.5432084
6,374.54,1742511081.5432084
7,380.084,1742511081.5432084
0,374.422,1742511081.5933514
1,367.672,1742511081.5933514
2,380.713,1742511081.5933514
3,375.454,1742511081.5933514
4,363.848,1742511081.5933514
5,379.108,1742511081.5933514
6,375.47,1742511081.5933514
7,380.084,1742511081.5933514
0,374.422,1742511081.6435034
1,368.304,1742511081.6435034
2,380.713,1742511081.6435034
3,376.532,1742511081.6435034
4,363.848,1742511081.6435034
5,379.108,1742511081.6435034
6,375.47,1742511081.6435034
7,380.224,1742511081.6435034
0,373.85,1742511081.6936445
1,368.304,1742511081.6936445
2,379.981,1742511081.6936445
3,376.532,1742511081.6936445
4,363.565,1742511081.6936445
5,378.708,1742511081.6936445
6,375.381,1742511081.6936445
7,380.224,1742511081.6936445
0,373.85,1742511081.7437768
1,367.954,1742511081.7437768
2,379.981,1742511081.7437768
3,374.797,1742511081.7437768
4,363.565,1742511081.7437768
5,378.708,1742511081.7437768
6,375.381,1742511081.7437768
7,379.713,1742511081.7437768
0,374.185,1742511081.7939186
1,367.954,1742511081.7939186
2,380.07,1742511081.7939186
3,374.797,1742511081.7939186
4,363.601,1742511081.7939186
5,378.979,1742511081.7939186
6,375.176,1742511081.7939186
7,379.713,1742511081.7939186
0,374.185,1742511081.844063
1,367.289,1742511081.844063
2,380.07,1742511081.844063
3,374.523,1742511081.844063
4,363.601,1742511081.844063
5,378.979,1742511081.844063
6,375.176,1742511081.844063
7,379.271,1742511081.844063
0,374.109,1742511081.8941925
1,367.289,1742511081.8941925
2,379.513,1742511081.8941925
3,374.523,1742511081.8941925
4,362.805,1742511081.8941925
5,378.52,1742511081.8941925
6,374.281,1742511081.8941925
7,379.271,1742511081.8941925
0,374.109,1742511081.9443343
1,367.382,1742511081.9443343
2,379.513,1742511081.9443343
3,375.303,1742511081.9443343
4,362.805,1742511081.9443343
5,378.52,1742511081.9443343
6,374.281,1742511081.9443343
7,378.42,1742511081.9443343
0,372.269,1742511081.9944725
1,367.382,1742511081.9944725
2,380.19,1742511081.9944725
3,375.303,1742511081.9944725
4,362.023,1742511081.9944725
5,378.18,1742511081.9944725
6,374.396,1742511081.9944725
7,378.42,1742511081.9944725
0,372.269,1742511082.0446036
1,367.299,1742511082.0446036
2,380.19,1742511082.0446036
3,373.574,1742511082.0446036
4,362.023,1742511082.0446036
5,378.18,1742511082.0446036
6,374.396,1742511082.0446036
7,376.614,1742511082.0446036
0,374.295,1742511082.0947528
1,367.299,1742511082.0947528
2,379.916,1742511082.0947528
3,373.574,1742511082.0947528
4,361.908,1742511082.0947528
5,375.771,1742511082.0947528
6,373.317,1742511082.0947528
7,376.614,1742511082.0947528
0,374.295,1742511082.1449008
1,367.299,1742511082.1449008
2,379.916,1742511082.1449008
3,372.965,1742511082.1449008
4,361.908,1742511082.1449008
5,375.771,1742511082.1449008
6,373.317,1742511082.1449008
7,375.549,1742511082.1449008
0,375.238,1742511082.1950333
1,365.453,1742511082.1950333
2,378.14,1742511082.1950333
3,372.965,1742511082.1950333
4,362.211,1742511082.1950333
5,375.94,1742511082.1950333
6,372.517,1742511082.1950333
7,375.549,1742511082.1950333
0,375.238,1742511082.2451808
1,365.453,1742511082.2451808
2,378.14,1742511082.2451808
3,371.069,1742511082.2451808
4,362.211,1742511082.2451808
5,375.94,1742511082.2451808
6,372.517,1742511082.2451808
7,376.08,1742511082.2451808
0,376.7,1742511082.2953327
1,364.788,1742511082.2953327
2,379.822,1742511082.2953327
3,371.069,1742511082.2953327
4,362.398,1742511082.2953327
5,376.489,1742511082.2953327
6,370.37,1742511082.2953327
7,376.08,1742511082.2953327
0,376.7,1742511082.345475
1,364.788,1742511082.345475
2,379.822,1742511082.345475
3,372.484,1742511082.345475
4,362.398,1742511082.345475
5,376.489,1742511082.345475
6,370.37,1742511082.345475
7,376.133,1742511082.345475
0,376.986,1742511082.3956075
1,365.511,1742511082.3956075
2,379.388,1742511082.3956075
3,372.484,1742511082.3956075
4,361.046,1742511082.3956075
5,375.575,1742511082.3956075
6,369.673,1742511082.3956075
7,376.133,1742511082.3956075
0,376.986,1742511082.445747
1,365.511,1742511082.445747
2,379.388,1742511082.445747
3,364.146,1742511082.445747
4,361.046,1742511082.445747
5,375.575,1742511082.445747
6,369.673,1742511082.445747
7,370.713,1742511082.445747
0,354.24,1742511082.495875
1,349.823,1742511082.495875
2,357.975,1742511082.495875
3,364.146,1742511082.495875
4,338.615,1742511082.495875
5,351.399,1742511082.495875
6,356.374,1742511082.495875
7,370.713,1742511082.495875
0,354.24,1742511082.546038
1,349.823,1742511082.546038
2,357.975,1742511082.546038
3,338.296,1742511082.546038
4,338.615,1742511082.546038
5,351.399,1742511082.546038
6,356.374,1742511082.546038
7,346.047,1742511082.546038
0,328.338,1742511082.5961637
1,322.949,1742511082.5961637
2,329.806,1742511082.5961637
3,338.296,1742511082.5961637
4,314.324,1742511082.5961637
5,325.984,1742511082.5961637
6,331.714,1742511082.5961637
7,346.047,1742511082.5961637
0,328.338,1742511082.6463044
1,322.949,1742511082.6463044
2,329.806,1742511082.6463044
3,313.041,1742511082.6463044
4,314.324,1742511082.6463044
5,325.984,1742511082.6463044
6,331.714,1742511082.6463044
7,321.362,1742511082.6463044
0,303.444,1742511082.6964402
1,297.983,1742511082.6964402
2,304.438,1742511082.6964402
3,313.041,1742511082.6964402
4,291.107,1742511082.6964402
5,301.262,1742511082.6964402
6,306.804,1742511082.6964402
7,321.362,1742511082.6964402
0,303.444,1742511082.7465765
1,297.983,1742511082.7465765
2,304.438,1742511082.7465765
3,287.609,1742511082.7465765
4,291.107,1742511082.7465765
5,301.262,1742511082.7465765
6,306.804,1742511082.7465765
7,296.401,1742511082.7465765
0,281.53,1742511082.7967033
1,276.991,1742511082.7967033
2,274.086,1742511082.7967033
3,287.609,1742511082.7967033
4,291.107,1742511082.7967033
5,276.18,1742511082.7967033
6,282.294,1742511082.7967033
7,296.401,1742511082.7967033
0,281.53,1742511082.8468294
1,276.991,1742511082.8468294
2,274.086,1742511082.8468294
3,262.683,1742511082.8468294
4,258.115,1742511082.8468294
5,276.18,1742511082.8468294
6,282.294,1742511082.8468294
7,272.902,1742511082.8468294
0,256.8,1742511082.8969538
1,249.517,1742511082.8969538
2,247.958,1742511082.8969538
3,262.683,1742511082.8969538
4,258.115,1742511082.8969538
5,252.324,1742511082.8969538
6,255.15,1742511082.8969538
7,272.902,1742511082.8969538
0,256.8,1742511082.9470794
1,249.517,1742511082.9470794
2,247.958,1742511082.9470794
3,237.903,1742511082.9470794
4,236.055,1742511082.9470794
5,252.324,1742511082.9470794
6,255.15,1742511082.9470794
7,246.288,1742511082.9470794
0,232.041,1742511082.9972088
1,228.838,1742511082.9972088
2,222.525,1742511082.9972088
3,237.903,1742511082.9972088
4,236.055,1742511082.9972088
5,227.697,1742511082.9972088
6,233.128,1742511082.9972088
7,246.288,1742511082.9972088
0,232.041,1742511083.0473456
1,228.838,1742511083.0473456
2,222.525,1742511083.0473456
3,212.455,1742511083.0473456
4,212.355,1742511083.0473456
5,227.697,1742511083.0473456
6,233.128,1742511083.0473456
7,223.993,1742511083.0473456
0,207.459,1742511083.0974808
1,204.559,1742511083.0974808
2,197.222,1742511083.0974808
3,212.455,1742511083.0974808
4,212.355,1742511083.0974808
5,202.861,1742511083.0974808
6,208.464,1742511083.0974808
7,223.993,1742511083.0974808
0,207.459,1742511083.1476104
1,204.559,1742511083.1476104
2,197.222,1742511083.1476104
3,187.429,1742511083.1476104
4,188.53,1742511083.1476104
5,202.861,1742511083.1476104
6,208.464,1742511083.1476104
7,199.944,1742511083.1476104
0,181.914,1742511083.197745
1,175.939,1742511083.197745
2,171.92,1742511083.197745
3,187.429,1742511083.197745
4,188.53,1742511083.197745
5,174.512,1742511083.197745
6,179.547,1742511083.197745
7,199.944,1742511083.197745
0,181.914,1742511083.2478702
1,175.939,1742511083.2478702
2,171.92,1742511083.2478702
3,165.928,1742511083.2478702
4,164.384,1742511083.2478702
5,174.512,1742511083.2478702
6,179.547,1742511083.2478702
7,172.271,1742511083.2478702
0,156.74,1742511083.2980568
1,151.369,1742511083.2980568
2,146.869,1742511083.2980568
3,165.928,1742511083.2980568
4,164.384,1742511083.2980568
5,144.778,1742511083.2980568
6,159.683,1742511083.2980568
7,172.271,1742511083.2980568
0,156.74,1742511083.3481936
1,151.369,1742511083.3481936
2,146.869,1742511083.3481936
3,136.816,1742511083.3481936
4,136.337,1742511083.3481936
5,144.778,1742511083.3481936
6,159.683,1742511083.3481936
7,150.287,1742511083.3481936
0,131.483,1742511083.3983183
1,127.111,1742511083.3983183
2,123.89,1742511083.3983183
3,136.816,1742511083.3983183
4,136.337,1742511083.3983183
5,122.976,1742511083.3983183
6,130.01,1742511083.3983183
7,150.287,1742511083.3983183
0,131.483,1742511083.448465
1,127.111,1742511083.448465
2,123.89,1742511083.448465
3,119.721,1742511083.448465
4,119.737,1742511083.448465
5,122.976,1742511083.448465
6,130.01,1742511083.448465
7,127.136,1742511083.448465
0,122.224,1742511083.4986017
1,119.0,1742511083.4986017
2,123.067,1742511083.4986017
3,119.721,1742511083.4986017
4,119.737,1742511083.4986017
5,122.609,1742511083.4986017
6,118.908,1742511083.4986017
7,127.136,1742511083.4986017
0,122.224,1742511083.548741
1,119.0,1742511083.548741
2,123.067,1742511083.548741
3,119.613,1742511083.548741
4,119.362,1742511083.548741
5,122.609,1742511083.548741
6,118.908,1742511083.548741
7,126.607,1742511083.548741
0,122.148,1742511083.5988717
1,118.97,1742511083.5988717
2,122.913,1742511083.5988717
3,119.613,1742511083.5988717
4,119.362,1742511083.5988717
5,122.46,1742511083.5988717
6,118.789,1742511083.5988717
7,126.607,1742511083.5988717
0,122.148,1742511083.6490114
1,118.97,1742511083.6490114
2,122.913,1742511083.6490114
3,119.592,1742511083.6490114
4,119.17,1742511083.6490114
5,122.46,1742511083.6490114
6,118.789,1742511083.6490114
7,126.551,1742511083.6490114
0,122.086,1742511083.699147
1,118.762,1742511083.699147
2,122.76,1742511083.699147
3,119.592,1742511083.699147
4,119.17,1742511083.699147
5,122.46,1742511083.699147
6,118.712,1742511083.699147
7,126.551,1742511083.699147
0,122.086,1742511083.7492876
1,118.762,1742511083.7492876
2,122.76,1742511083.7492876
3,119.57,1742511083.7492876
4,119.058,1742511083.7492876
5,122.36,1742511083.7492876
6,118.712,1742511083.7492876
7,126.543,1742511083.7492876
0,122.025,1742511083.7994273
1,118.671,1742511083.7994273
2,122.626,1742511083.7994273
3,119.57,1742511083.7994273
4,119.058,1742511083.7994273
5,122.36,1742511083.7994273
6,118.638,1742511083.7994273
7,126.543,1742511083.7994273
0,122.025,1742511083.849565
1,118.671,1742511083.849565
2,122.626,1742511083.849565
3,119.568,1742511083.849565
4,118.987,1742511083.849565
5,122.272,1742511083.849565
6,118.638,1742511083.849565
7,126.545,1742511083.849565
0,121.97,1742511083.8997025
1,118.575,1742511083.8997025
2,122.559,1742511083.8997025
3,119.568,1742511083.8997025
4,118.987,1742511083.8997025
5,122.272,1742511083.8997025
6,118.561,1742511083.8997025
7,126.545,1742511083.8997025
0,121.97,1742511083.9498281
1,118.575,1742511083.9498281
2,122.559,1742511083.9498281
3,119.575,1742511083.9498281
4,118.935,1742511083.9498281
5,122.233,1742511083.9498281
6,118.561,1742511083.9498281
7,126.558,1742511083.9498281
0,121.921,1742511083.9999537
1,118.383,1742511083.9999537
2,122.506,1742511083.9999537
3,119.575,1742511083.9999537
4,118.935,1742511083.9999537
5,122.233,1742511083.9999537
6,118.522,1742511083.9999537
7,126.558,1742511083.9999537
0,121.921,1742511084.050094
1,118.383,1742511084.050094
2,122.506,1742511084.050094
3,119.587,1742511084.050094
4,118.858,1742511084.050094
5,122.159,1742511084.050094
6,118.522,1742511084.050094
7,126.566,1742511084.050094
0,121.878,1742511084.1003158
1,118.366,1742511084.1003158
2,122.44,1742511084.1003158
3,119.587,1742511084.1003158
4,118.858,1742511084.1003158
5,122.159,1742511084.1003158
6,118.471,1742511084.1003158
7,126.566,1742511084.1003158
0,121.878,1742511084.1504407
1,118.366,1742511084.1504407
2,122.44,1742511084.1504407
3,119.593,1742511084.1504407
4,118.804,1742511084.1504407
5,122.105,1742511084.1504407
6,118.471,1742511084.1504407
7,126.557,1742511084.1504407
0,121.835,1742511084.2005816
1,118.154,1742511084.2005816
2,122.393,1742511084.2005816
3,119.593,1742511084.2005816
4,118.804,1742511084.2005816
5,122.105,1742511084.2005816
6,118.439,1742511084.2005816
7,126.557,1742511084.2005816
0,121.835,1742511084.2507195
1,118.154,1742511084.2507195
2,122.393,1742511084.2507195
3,119.629,1742511084.2507195
4,118.77,1742511084.2507195
5,122.038,1742511084.2507195
6,118.439,1742511084.2507195
7,126.578,1742511084.2507195
0,121.832,1742511084.3008482
1,118.199,1742511084.3008482
2,122.361,1742511084.3008482
3,119.629,1742511084.3008482
4,118.77,1742511084.3008482
5,122.038,1742511084.3008482
6,118.397,1742511084.3008482
7,126.578,1742511084.3008482
0,121.832,1742511084.3509917
1,118.199,1742511084.3509917
2,122.361,1742511084.3509917
3,119.669,1742511084.3509917
4,118.716,1742511084.3509917
5,122.044,1742511084.3509917
6,118.397,1742511084.3509917
7,126.6,1742511084.3509917
0,121.99,1742511084.4011402
1,117.968,1742511084.4011402
2,124.349,1742511084.4011402
3,119.669,1742511084.4011402
4,118.716,1742511084.4011402
5,122.044,1742511084.4011402
6,118.391,1742511084.4011402
7,126.6,1742511084.4011402
0,121.99,1742511084.4512973
1,117.968,1742511084.4512973
2,124.349,1742511084.4512973
3,130.286,1742511084.4512973
4,127.54,1742511084.4512973
5,127.119,1742511084.4512973
6,118.391,1742511084.4512973
7,140.227,1742511084.4512973
0,144.989,1742511084.5014486
1,138.497,1742511084.5014486
2,149.19,1742511084.5014486
3,130.286,1742511084.5014486
4,127.54,1742511084.5014486
5,127.119,1742511084.5014486
6,141.682,1742511084.5014486
7,140.227,1742511084.5014486
0,144.989,1742511084.5515985
1,138.497,1742511084.5515985
2,149.19,1742511084.5515985
3,156.138,1742511084.5515985
4,151.023,1742511084.5515985
5,152.322,1742511084.5515985
6,141.682,1742511084.5515985
7,164.574,1742511084.5515985
0,168.633,1742511084.601747
1,162.491,1742511084.601747
2,175.233,1742511084.601747
3,156.138,1742511084.601747
4,151.023,1742511084.601747
5,152.322,1742511084.601747
6,166.761,1742511084.601747
7,164.574,1742511084.601747
0,168.633,1742511084.6518955
1,162.491,1742511084.6518955
2,175.233,1742511084.6518955
3,181.719,1742511084.6518955
4,175.078,1742511084.6518955
5,176.178,1742511084.6518955
6,166.761,1742511084.6518955
7,189.794,1742511084.6518955
0,192.764,1742511084.7020478
1,187.507,1742511084.7020478
2,199.822,1742511084.7020478
3,181.719,1742511084.7020478
4,175.078,1742511084.7020478
5,176.178,1742511084.7020478
6,191.837,1742511084.7020478
7,189.794,1742511084.7020478
0,192.764,1742511084.752198
1,187.507,1742511084.752198
2,199.822,1742511084.752198
3,206.144,1742511084.752198
4,197.926,1742511084.752198
5,201.4,1742511084.752198
6,191.837,1742511084.752198
7,215.294,1742511084.752198
0,216.93,1742511084.802349
1,211.333,1742511084.802349
2,226.944,1742511084.802349
3,206.144,1742511084.802349
4,197.926,1742511084.802349
5,201.4,1742511084.802349
6,217.02,1742511084.802349
7,215.294,1742511084.802349
0,216.93,1742511084.8524866
1,211.333,1742511084.8524866
2,226.944,1742511084.8524866
3,228.583,1742511084.8524866
4,221.557,1742511084.8524866
5,228.51,1742511084.8524866
6,217.02,1742511084.8524866
7,240.626,1742511084.8524866
0,243.757,1742511084.90262
1,237.239,1742511084.90262
2,253.499,1742511084.90262
3,228.583,1742511084.90262
4,221.557,1742511084.90262
5,228.51,1742511084.90262
6,242.413,1742511084.90262
7,240.626,1742511084.90262
0,243.757,1742511084.9527576
1,237.239,1742511084.9527576
2,253.499,1742511084.9527576
3,262.392,1742511084.9527576
4,245.957,1742511084.9527576
5,253.529,1742511084.9527576
6,242.413,1742511084.9527576
7,263.072,1742511084.9527576
0,268.956,1742511085.0028944
1,259.06,1742511085.0028944
2,279.38,1742511085.0028944
3,262.392,1742511085.0028944
4,245.957,1742511085.0028944
5,253.529,1742511085.0028944
6,267.934,1742511085.0028944
7,263.072,1742511085.0028944
0,268.956,1742511085.0530398
1,259.06,1742511085.0530398
2,279.38,1742511085.0530398
3,287.93,1742511085.0530398
4,273.115,1742511085.0530398
5,279.924,1742511085.0530398
6,267.934,1742511085.0530398
7,287.696,1742511085.0530398
0,290.726,1742511085.1031876
1,286.525,1742511085.1031876
2,300.974,1742511085.1031876
3,287.93,1742511085.1031876
4,273.115,1742511085.1031876
5,279.924,1742511085.1031876
6,293.534,1742511085.1031876
7,287.696,1742511085.1031876
0,290.726,1742511085.15333
1,286.525,1742511085.15333
2,300.974,1742511085.15333
3,314.216,1742511085.15333
4,297.423,1742511085.15333
5,305.32,1742511085.15333
6,293.534,1742511085.15333
7,312.898,1742511085.15333
0,314.941,1742511085.2034657
1,311.909,1742511085.2034657
2,329.994,1742511085.2034657
3,314.216,1742511085.2034657
4,297.423,1742511085.2034657
5,305.32,1742511085.2034657
6,315.128,1742511085.2034657
7,312.898,1742511085.2034657
0,314.941,1742511085.2536097
1,311.909,1742511085.2536097
2,329.994,1742511085.2536097
3,339.836,1742511085.2536097
4,317.793,1742511085.2536097
5,335.303,1742511085.2536097
6,315.128,1742511085.2536097
7,338.501,1742511085.2536097
0,344.273,1742511085.303746
1,336.932,1742511085.303746
2,355.564,1742511085.303746
3,339.836,1742511085.303746
4,317.793,1742511085.303746
5,335.303,1742511085.303746
6,339.863,1742511085.303746
7,338.501,1742511085.303746
0,344.273,1742511085.3539069
1,336.932,1742511085.3539069
2,355.564,1742511085.3539069
3,339.836,1742511085.3539069
4,345.33,1742511085.3539069
5,360.118,1742511085.3539069
6,339.863,1742511085.3539069
7,368.242,1742511085.3539069
0,364.392,1742511085.4040654
1,360.924,1742511085.4040654
2,378.873,1742511085.4040654
3,364.695,1742511085.4040654
4,345.33,1742511085.4040654
5,360.118,1742511085.4040654
6,368.941,1742511085.4040654
7,368.242,1742511085.4040654
0,364.392,1742511085.4541996
1,360.924,1742511085.4541996
2,378.873,1742511085.4541996
3,364.695,1742511085.4541996
4,361.138,1742511085.4541996
5,375.789,1742511085.4541996
6,368.941,1742511085.4541996
7,380.004,1742511085.4541996
0,371.639,1742511085.5043445
1,364.429,1742511085.5043445
2,378.873,1742511085.5043445
3,373.771,1742511085.5043445
4,361.138,1742511085.5043445
5,375.789,1742511085.5043445
6,370.086,1742511085.5043445
7,380.004,1742511085.5043445
0,371.639,1742511085.5544896
1,364.429,1742511085.5544896
2,378.624,1742511085.5544896
3,373.771,1742511085.5544896
4,360.415,1742511085.5544896
5,374.908,1742511085.5544896
6,370.086,1742511085.5544896
7,379.815,1742511085.5544896
0,372.632,1742511085.6046321
1,364.801,1742511085.6046321
2,378.624,1742511085.6046321
3,372.301,1742511085.6046321
4,360.415,1742511085.6046321
5,374.908,1742511085.6046321
6,371.577,1742511085.6046321
7,379.815,1742511085.6046321
0,372.632,1742511085.6547763
1,364.801,1742511085.6547763
2,377.568,1742511085.6547763
3,372.301,1742511085.6547763
4,361.481,1742511085.6547763
5,374.875,1742511085.6547763
6,371.577,1742511085.6547763
7,379.817,1742511085.6547763
0,375.135,1742511085.7049065
1,364.002,1742511085.7049065
2,377.568,1742511085.7049065
3,372.609,1742511085.7049065
4,361.481,1742511085.7049065
5,374.875,1742511085.7049065
6,371.442,1742511085.7049065
7,379.817,1742511085.7049065
0,375.135,1742511085.7550466
1,364.002,1742511085.7550466
2,375.312,1742511085.7550466
3,372.609,1742511085.7550466
4,359.899,1742511085.7550466
5,374.135,1742511085.7550466
6,371.442,1742511085.7550466
7,379.596,1742511085.7550466
0,374.952,1742511085.8051968
1,364.942,1742511085.8051968
2,375.312,1742511085.8051968
3,372.004,1742511085.8051968
4,359.899,1742511085.8051968
5,374.135,1742511085.8051968
6,367.764,1742511085.8051968
7,379.596,1742511085.8051968
0,374.952,1742511085.855335
1,364.942,1742511085.855335
2,373.268,1742511085.855335
3,372.004,1742511085.855335
4,360.11,1742511085.855335
5,374.14,1742511085.855335
6,367.764,1742511085.855335
7,381.021,1742511085.855335
0,375.647,1742511085.905468
1,365.626,1742511085.905468
2,373.268,1742511085.905468
3,372.856,1742511085.905468
4,360.11,1742511085.905468
5,374.14,1742511085.905468
6,367.569,1742511085.905468
7,381.021,1742511085.905468
0,375.647,1742511085.9556036
1,365.626,1742511085.9556036
2,370.955,1742511085.9556036
3,372.856,1742511085.9556036
4,358.979,1742511085.9556036
5,374.601,1742511085.9556036
6,367.569,1742511085.9556036
7,382.134,1742511085.9556036
0,375.891,1742511086.0057464
1,366.046,1742511086.0057464
2,370.955,1742511086.0057464
3,373.578,1742511086.0057464
4,358.979,1742511086.0057464
5,374.601,1742511086.0057464
6,366.72,1742511086.0057464
7,382.134,1742511086.0057464
0,375.891,1742511086.0558853
1,366.046,1742511086.0558853
2,370.353,1742511086.0558853
3,373.578,1742511086.0558853
4,357.674,1742511086.0558853
5,374.729,1742511086.0558853
6,366.72,1742511086.0558853
7,384.162,1742511086.0558853
0,376.319,1742511086.106031
1,367.674,1742511086.106031
2,370.353,1742511086.106031
3,373.741,1742511086.106031
4,357.674,1742511086.106031
5,374.729,1742511086.106031
6,366.289,1742511086.106031
7,384.162,1742511086.106031
0,376.319,1742511086.156173
1,367.674,1742511086.156173
2,369.209,1742511086.156173
3,373.741,1742511086.156173
4,357.212,1742511086.156173
5,375.039,1742511086.156173
6,366.289,1742511086.156173
7,384.527,1742511086.156173
0,376.049,1742511086.2063148
1,368.803,1742511086.2063148
2,369.209,1742511086.2063148
3,370.557,1742511086.2063148
4,357.212,1742511086.2063148
5,375.039,1742511086.2063148
6,365.766,1742511086.2063148
7,384.527,1742511086.2063148
0,376.049,1742511086.2564526
1,368.803,1742511086.2564526
2,368.037,1742511086.2564526
3,370.557,1742511086.2564526
4,358.416,1742511086.2564526
5,375.168,1742511086.2564526
6,365.766,1742511086.2564526
7,384.267,1742511086.2564526
0,375.524,1742511086.3065975
1,369.56,1742511086.3065975
2,368.037,1742511086.3065975
3,371.201,1742511086.3065975
4,358.416,1742511086.3065975
5,375.168,1742511086.3065975
6,365.021,1742511086.3065975
7,384.267,1742511086.3065975
0,375.524,1742511086.3567376
1,369.56,1742511086.3567376
2,366.644,1742511086.3567376
3,371.201,1742511086.3567376
4,360.496,1742511086.3567376
5,376.873,1742511086.3567376
6,365.021,1742511086.3567376
7,383.994,1742511086.3567376
0,375.021,1742511086.4068754
1,370.769,1742511086.4068754
2,366.644,1742511086.4068754
3,371.605,1742511086.4068754
4,360.496,1742511086.4068754
5,376.873,1742511086.4068754
6,365.207,1742511086.4068754
7,383.994,1742511086.4068754
0,375.021,1742511086.457016
1,370.769,1742511086.457016
2,365.61,1742511086.457016
3,371.605,1742511086.457016
4,360.81,1742511086.457016
5,377.941,1742511086.457016
6,365.207,1742511086.457016
7,384.798,1742511086.457016
0,374.843,1742511086.5071573
1,371.453,1742511086.5071573
2,365.61,1742511086.5071573
3,371.441,1742511086.5071573
4,360.81,1742511086.5071573
5,377.941,1742511086.5071573
6,364.69,1742511086.5071573
7,384.798,1742511086.5071573
0,374.843,1742511086.5572667
1,371.453,1742511086.5572667
2,364.353,1742511086.5572667
3,371.441,1742511086.5572667
4,362.244,1742511086.5572667
5,380.171,1742511086.5572667
6,364.69,1742511086.5572667
7,385.149,1742511086.5572667
